participante,video,condicion,frame,tiempo_s,deteccion_rostro,ear,ear_ojo1,ear_ojo2,mar,perclos,cobertura_perclos,p_cerrado_ojo1,p_cerrado_ojo2,p_cerrado,p_bostezo,d_ear,d_mar,score_ojo_o2,score_bostezo_o2,cond_o1_cierre,cond_o1_bostezo,cond_o2_cierre,cond_o2_bostezo
P01,V1_video2_pocaluz,poca_luz,0,0.0,1,0.27338332072174953,0.2848340475675368,0.26193259387596224,0.15863489087417149,0.0,1.0,0.1432614289423354,0.3337269323369667,0.23849418063965105,0.26141596325955313,0,0,0.11924709031982553,0.13070798162977657,0,0,0,0
P01,V1_video2_pocaluz,poca_luz,1,0.04167907921462424,1,0.27373076829672094,0.2851438799562259,0.262317656637216,0.1580867230436478,0.0,1.0,0.05597450655831937,0.14892039964364312,0.10244745310098125,0.3220879666376009,0,0,0.05122372655049062,0.16104398331880046,0,0,0,0
P01,V1_video2_pocaluz,poca_luz,2,0.08335815842924849,1,0.2732066464644824,0.28543096923177375,0.26098232369719104,0.15910486960874592,0.0,1.0,0.09119897501833552,0.07029608988008407,0.08074753244920979,0.19931370514543706,0,0,0.040373766224604896,0.09965685257271853,0,0,0,0
P01,V1_video2_pocaluz,poca_luz,3,0.12503723764387273,1,0.2747126978400256,0.28717303159653207,0.26225236408351915,0.15863817958105356,0.0,1.0,0.11554990881967142,0.03824926096718284,0.07689958489342713,0.1387574716272164,0,0,0.038449792446713565,0.0693787358136082,0,0,0,0
P01,V1_video2_pocaluz,poca_luz,4,0.16671631685849697,1,0.2738236335552796,0.28435445182406527,0.263292815286494,0.15800050108682062,0.0,1.0,0.032630743623766945,0.17646754942959997,0.10454914652668346,0.24803298097826848,0,0,0.05227457326334173,0.12401649048913424,0,0,0,0
P01,V1_video2_pocaluz,poca_luz,5,0.20839539607312121,1,0.27346038172339193,0.2843964982768804,0.2625242651699034,0.1581864280868548,0.0,1.0,0.04401018287714764,0.13966581289346203,0.09183799788530483,0.22492527637228502,0,0,0.04591899894265242,0.11246263818614251,0,0,0,0
P01,V1_video2_pocaluz,poca_luz,6,0.25007447528774546,1,0.2742348816850146,0.2853496778467695,0.26312008552325966,0.15836626568236264,0.0,1.0,0.10116638361342822,0.02718714027765634,0.06417676194554228,0.22231362418629166,0,0,0.03208838097277114,0.11115681209314583,0,0,0,0
P01,V1_video2_pocaluz,poca_luz,7,0.29175355450236967,1,0.2719505204103838,0.2835754403926973,0.2603256004280704,0.15817942778102756,0.0,1.0,0.08198719807245669,0.19257820248312252,0.1372827002777896,0.14693712001654188,0,0,0.0686413501388948,0.07346856000827094,0,0,0,0
P01,V1_video2_pocaluz,poca_luz,8,0.33343263371699394,1,0.27428794729666695,0.28682006819820033,0.26175582639513356,0.1583672093429939,0.0,1.0,0.10776813457636547,0.18234865721634685,0.14505839589635616,0.2588623082675983,0,0,0.07252919794817808,0.12943115413379916,0,0,0,0
P01,V1_video2_pocaluz,poca_luz,9,0.37511171293161816,1,0.2767989402825394,0.28963256225687795,0.26396531830820086,0.15963567089813022,0.0,1.0,0.0938910472868858,0.04154530072025153,0.06771817400356867,0.22920245543804185,0,0,0.03385908700178433,0.11460122771902093,0,0,0,0
P01,V1_video2_pocaluz,poca_luz,10,0.41679079214624243,1,0.2738265784181217,0.2865254793069917,0.2611276775292517,0.1586994058259197,0.0,1.0,0.16370222427289305,0.15677585215097245,0.16023903821193275,0.19625130403567675,0,0,0.08011951910596637,0.09812565201783838,0,0,0,0
P01,V1_video2_pocaluz,poca_luz,11,0.45846987136086664,1,0.27524766949524265,0.28757647009076553,0.26291886889971977,0.15899071360630013,0.0,1.0,0.43261231540480793,0.054254732140254336,0.24343352377253114,0.20537074288215137,0,0,0.12171676188626557,0.10268537144107569,0,0,0,0
P01,V1_video2_pocaluz,poca_luz,12,0.5001489505754909,1,0.2743710306878375,0.2865090241767293,0.2622330371989457,0.15969918435278058,0.0,1.0,0.12026621970241502,0.05354749099824829,0.08690685535033166,0.36918478143994077,0,0,0.04345342767516583,0.18459239071997038,0,0,0,0
P01,V1_video2_pocaluz,poca_luz,13,0.5418280297901151,1,0.2755808671945206,0.2877818275655134,0.2633799068235277,0.15989693468244923,0.0,1.0,0.018531723763427266,0.10178719931446689,0.06015946153894708,0.3149282709418216,0,0,0.03007973076947354,0.1574641354709108,0,0,0,0
P01,V1_video2_pocaluz,poca_luz,14,0.5835071090047393,1,0.27224780002138044,0.28416772565755805,0.26032787438520283,0.160019102041817,0.0,1.0,0.23969277682213053,0.29223944945883285,0.2659661131404817,0.4073782163857355,0,0,0.13298305657024084,0.20368910819286776,0,0,0,0
P01,V1_video2_pocaluz,poca_luz,15,0.6251861882193636,1,0.26862188966139283,0.27991438107685485,0.2573293982459308,0.1591754509249435,0.0,1.0,0.14006340741653545,0.17693209496561413,0.1584977511910748,0.4206186920993401,0,0,0.0792488755955374,0.21030934604967005,0,0,0,0
P01,V1_video2_pocaluz,poca_luz,16,0.6668652674339879,1,0.270295714297186,0.28281022434154984,0.25778120425282225,0.15877846244071794,0.0,1.0,0.10407610246783627,0.16831676696265285,0.13619643471524456,0.3621259253832159,0,0,0.06809821735762228,0.18106296269160796,0,0,0,0
P01,V1_video2_pocaluz,poca_luz,17,0.7085443466486121,1,0.27296546013099204,0.2838763187475086,0.26205460151447546,0.15905396384475445,0.0,1.0,0.02492940832823931,0.2182890526476925,0.1216092304879659,0.44122092449884753,0,0,0.06080461524398295,0.22061046224942377,0,0,0,0
P01,V1_video2_pocaluz,poca_luz,18,0.7502234258632363,1,0.27210686018792635,0.28291246529681474,0.26130125507903795,0.15900315309184984,0.0,1.0,0.031520385600430245,0.12021150432813732,0.07586594496428378,0.5784194297293874,0,0,0.03793297248214189,0.2892097148646937,0,0,0,0
P01,V1_video2_pocaluz,poca_luz,19,0.7919025050778605,1,0.27272717696799104,0.2848216403588365,0.26063271357714557,0.15877578933662528,0.0,1.0,0.1364403016259791,0.23920678515583693,0.187823543390908,0.3446462664431942,0,0,0.093911771695454,0.1723231332215971,0,0,0,0
P01,V1_video2_pocaluz,poca_luz,20,0.8335815842924849,1,0.2719736457880332,0.2845885775072868,0.25935871406877964,0.15866533976832156,0.0,1.0,0.08989656789254274,0.10262755490124464,0.0962620613968937,0.4832521954924946,0,0,0.04813103069844685,0.2416260977462473,0,0,0,0
P01,V1_video2_pocaluz,poca_luz,21,0.8752606635071091,1,0.266936624699937,0.27997703166176596,0.25389621773810805,0.15795571893083127,0.0,1.0,0.5004933847375703,0.13057283740157843,0.3155331110695744,0.43157240800166485,0,0,0.1577665555347872,0.21578620400083243,0,0,0,0
P01,V1_video2_pocaluz,poca_luz,22,0.9169397427217333,1,0.2677474698445901,0.2800547259666199,0.2554402137225602,0.15804180389198494,0.0,1.0,0.07979127353889581,0.04980112783202151,0.06479620068545866,0.4097009423848891,0,0,0.03239810034272933,0.20485047119244454,0,0,0,0
P01,V1_video2_pocaluz,poca_luz,23,0.9586188219363575,1,0.2693817078237964,0.28100637337027023,0.25775704227732255,0.15818034537605904,0.0,1.0,0.08497138411332783,0.04555701143725788,0.06526419777529285,0.5131662963287746,0,0,0.03263209888764643,0.2565831481643873,0,0,0,0
P01,V1_video2_pocaluz,poca_luz,24,1.0002979011509818,1,0.27437818723806034,0.28612194417636244,0.26263443029975825,0.1573297002342809,0.0,1.0,0.13161960698515063,0.21403506725962618,0.1728273371223884,0.08122722220543485,0,0,0.0864136685611942,0.040613611102717426,0,0,0,0
P01,V1_video2_pocaluz,poca_luz,25,1.041976980365606,1,0.2732277453669,0.2829109694580489,0.263544521275751,0.15768823084849742,0.0,1.0,0.08550879671887002,0.031096981267931034,0.058302888993400526,0.0717212036924907,0,0,0.029151444496700263,0.03586060184624535,0,0,0,0
P01,V1_video2_pocaluz,poca_luz,26,1.0836560595802303,1,0.27366103139191056,0.2841738181166654,0.26314824466715575,0.15798116065254875,0.0,1.0,0.02053719566560641,0.0651119435116414,0.042824569588623906,0.05982673814771795,0,0,0.021412284794311953,0.029913369073858977,0,0,0,0
P01,V1_video2_pocaluz,poca_luz,27,1.1253351387948545,1,0.27086344467519524,0.28240504261727395,0.25932184673311653,0.1576687741421222,0.0,1.0,0.01109424132961323,0.12050171937399956,0.0657979803518064,0.049274704317719305,0,0,0.0328989901759032,0.024637352158859652,0,0,0,0
P01,V1_video2_pocaluz,poca_luz,28,1.1670142180094787,1,0.2694614663392403,0.28046244412535415,0.2584604885531264,0.15831784072819965,0.0,1.0,0.01094996749018251,0.10947826289215568,0.06021411519116909,0.1004181660463093,0,0,0.030107057595584547,0.05020908302315465,0,0,0,0
P01,V1_video2_pocaluz,poca_luz,29,1.208693297224103,1,0.26994501113495006,0.28175545966021215,0.25813456260968803,0.15746713288999936,0.0,1.0,0.017349062159724205,0.11742985443487186,0.06738945829729803,0.06797272134284366,0,0,0.033694729148649016,0.03398636067142183,0,0,0,0
P01,V1_video2_pocaluz,poca_luz,30,1.2503723764387271,1,0.26852050557510043,0.2804294523123412,0.2566115588378597,0.1574860719628937,0.0,1.0,0.0007915266439471047,0.0557054112635621,0.028248468953754602,0.08876911471574753,0,0,0.014124234476877301,0.04438455735787376,0,0,0,0
P01,V1_video2_pocaluz,poca_luz,31,1.2920514556533516,1,0.26689900180251847,0.2798224693891123,0.25397553421592456,0.1583446826159602,0.0,1.0,0.05030772057887689,0.1917546737461352,0.12103119716250604,0.15714882164412633,0,0,0.06051559858125302,0.07857441082206316,0,0,0,0
P01,V1_video2_pocaluz,poca_luz,32,1.3337305348679758,1,0.2729348779091502,0.2827383687384058,0.26313138707989464,0.1583529463770069,0.0,1.0,0.0071974873831675,0.08669847770817474,0.04694798254567112,0.11103182728248875,0,0,0.02347399127283556,0.05551591364124438,0,0,0,0
P01,V1_video2_pocaluz,poca_luz,33,1.3754096140826,1,0.2765871899768106,0.28674961115604963,0.26642476879757154,0.15838200195386065,0.0,1.0,0.0036899419003653122,0.20860861916784235,0.10614928053410383,0.13168071410550122,0,0,0.053074640267051915,0.06584035705275061,0,0,0,0
P01,V1_video2_pocaluz,poca_luz,34,1.4170886932972242,1,0.2766072847286549,0.2872928184189192,0.2659217510383907,0.15883594895537514,0.0,1.0,0.016588159950009285,0.41017476552393517,0.21338146273697223,0.2265936557365909,0,0,0.10669073136848611,0.11329682786829545,0,0,0,0
P01,V1_video2_pocaluz,poca_luz,35,1.4587677725118484,1,0.2770606729828103,0.2873926897368748,0.26672865622874575,0.15874444094873122,0.0,1.0,0.044992639970502624,0.13725185277196428,0.09112224637123345,0.1332811985479769,0,0,0.045561123185616725,0.06664059927398845,0,0,0,0
P01,V1_video2_pocaluz,poca_luz,36,1.5004468517264726,1,0.2738140301059935,0.28456059240073356,0.26306746781125345,0.1576695338710223,0.0,1.0,0.042797809100844963,0.4032676998668182,0.22303275448383159,0.058186027702481935,0,0,0.11151637724191579,0.029093013851240968,0,0,0,0
P01,V1_video2_pocaluz,poca_luz,37,1.5421259309410968,1,0.27631402909251324,0.288683340483295,0.26394471770173145,0.15791311046203793,0.0,1.0,0.005172265758378258,0.11764269802816318,0.06140748189327072,0.07638413155230278,0,0,0.03070374094663536,0.03819206577615139,0,0,0,0
P01,V1_video2_pocaluz,poca_luz,38,1.583805010155721,1,0.2748903609455978,0.28647284281674323,0.2633078790744524,0.15866913552530393,0.0,1.0,0.05161242922970699,0.1729268635477934,0.1122696463887502,0.045467691522959645,0,0,0.0561348231943751,0.022733845761479823,0,0,0,0
P01,V1_video2_pocaluz,poca_luz,39,1.6254840893703455,1,0.2784272695844922,0.2886530421141282,0.26820149705485624,0.15790973030800548,0.0,1.0,0.003602897701746488,0.00943706530507371,0.006519981503410099,0.07047994252905457,0,0,0.0032599907517050497,0.035239971264527284,0,0,0,0
P01,V1_video2_pocaluz,poca_luz,40,1.6671631685849697,1,0.28216068008528655,0.289916241693433,0.2744051184771401,0.1588168128224339,0.0,1.0,0.015579683020487622,0.09267181989101347,0.05412575145575055,0.11462649759573144,0,0,0.027062875727875274,0.05731324879786572,0,0,0,0
P01,V1_video2_pocaluz,poca_luz,41,1.708842247799594,1,0.2814444747498528,0.2926142130919486,0.2702747364077569,0.158578629377532,0.0,1.0,0.00819365844220532,0.0888443182462112,0.04851898834420826,0.08059653243315412,0,0,0.02425949417210413,0.04029826621657706,0,0,0,0
P01,V1_video2_pocaluz,poca_luz,42,1.7505213270142181,1,0.28463038032939214,0.29652703914617934,0.2727337215126049,0.1577026172018473,0.0,1.0,0.023656414069311404,0.07996810320139836,0.05181225863535488,0.0739079047879887,0,0,0.02590612931767744,0.03695395239399435,0,0,0,0
P01,V1_video2_pocaluz,poca_luz,43,1.7922004062288424,1,0.2850279662983842,0.29508398093633553,0.2749719516604329,0.15950902179555246,0.0,1.0,0.0063262386800906345,0.10836459719607072,0.05734541793808068,0.14945510997869318,0,0,0.02867270896904034,0.07472755498934659,0,0,0,0
P01,V1_video2_pocaluz,poca_luz,44,1.8338794854434666,1,0.2897482794151722,0.30054262803965826,0.27895393079068626,0.15793343727708278,0.0,1.0,0.002314937840718123,0.03469546144875768,0.018505199644737902,0.0904646403468027,0,0,0.009252599822368951,0.04523232017340135,0,0,0,0
P01,V1_video2_pocaluz,poca_luz,45,1.8755585646580908,1,0.2860306058200889,0.2957303579503604,0.2763308536898173,0.15745238509512094,0.0,1.0,0.0023388358840721324,0.055077199112954944,0.02870801749851354,0.1100029350903171,0,0,0.01435400874925677,0.05500146754515855,0,0,0,0
P01,V1_video2_pocaluz,poca_luz,46,1.917237643872715,1,0.28642724404903663,0.2965562059861953,0.2762982821118779,0.15738619662790185,0.0,1.0,0.0025735153944764777,0.06170490090379288,0.03213920814913468,0.11119395416274043,0,0,0.01606960407456734,0.055596977081370215,0,0,0,0
P01,V1_video2_pocaluz,poca_luz,47,1.9589167230873392,1,0.2875751000325957,0.297618047688301,0.27753215237689033,0.15794148416905301,0.0,1.0,0.004441469147085875,0.19693083476810425,0.10068615195759506,0.10604579827060938,0,0,0.05034307597879753,0.05302289913530469,0,0,0,0
P01,V1_video2_pocaluz,poca_luz,48,2.0005958023019637,1,0.2878321006513097,0.2960641371725518,0.27960006413006755,0.1578524508680555,0.0,1.0,0.0011288577936472421,0.033199485083135416,0.01716417143839133,0.07220248807008289,0,0,0.008582085719195665,0.036101244035041447,0,0,0,0
P01,V1_video2_pocaluz,poca_luz,49,2.0422748815165876,1,0.29037877825048863,0.30202200473352525,0.278735551767452,0.1585563617851874,0.0,1.0,0.1322526508293731,0.08144864634146665,0.10685064858541987,0.22236645242359832,0,0,0.053425324292709936,0.11118322621179916,0,0,0,0
P01,V1_video2_pocaluz,poca_luz,50,2.083953960731212,1,0.2936761430340282,0.3053481172349084,0.282004168833148,0.15905992501019972,0.0,1.0,0.019889305398599788,0.015558138290821644,0.017723721844710716,0.30427306047273567,0,0,0.008861860922355358,0.15213653023636783,0,0,0,0
P01,V1_video2_pocaluz,poca_luz,51,2.125633039945836,1,0.29774462113462496,0.3099788367750566,0.2855104054941934,0.15890722028674337,0.0,1.0,0.004071415558302038,0.023686813594804734,0.013879114576553386,0.22708372201028845,0,0,0.006939557288276693,0.11354186100514423,0,0,0,0
P01,V1_video2_pocaluz,poca_luz,52,2.1673121191604605,1,0.2819757761882081,0.29100543468501366,0.27294611769140265,0.1574144744134722,0.0,1.0,0.021600090702789898,0.006672365625368215,0.014136228164079057,0.3608991101676458,0,0,0.007068114082039528,0.1804495550838229,0,0,0,0
P01,V1_video2_pocaluz,poca_luz,53,2.208991198375085,1,0.28719286498191116,0.2973372630805239,0.2770484668832984,0.15706184675497023,0.0,1.0,0.013037425995151786,0.1805217206149925,0.09677957330507214,0.1370025709027866,0,0,0.04838978665253607,0.0685012854513933,0,0,0,0
P01,V1_video2_pocaluz,poca_luz,54,2.250670277589709,1,0.28788890951057644,0.2983104468468754,0.27746737217427747,0.15717920446153455,0.0,1.0,0.004240443375358671,0.02693812762393899,0.01558928549964883,0.10770588625426826,0,0,0.007794642749824415,0.05385294312713413,0,0,0,0
P01,V1_video2_pocaluz,poca_luz,55,2.2923493568043334,1,0.2867936938973249,0.29705975812401675,0.2765276296706331,0.15789513698986213,0.0,1.0,0.00462315255368928,0.048220924821344546,0.026422038687516913,0.16785827193406777,0,0,0.013211019343758457,0.08392913596703389,0,0,0,0
P01,V1_video2_pocaluz,poca_luz,56,2.3340284360189574,1,0.2882341620662272,0.29728619865313805,0.27918212547931637,0.15830587655433306,0.0,1.0,0.002164420777276077,0.010609774407985717,0.006387097592630897,0.17103384308308053,0,0,0.0031935487963154485,0.08551692154154027,0,0,0,0
P01,V1_video2_pocaluz,poca_luz,57,2.375707515233582,1,0.2883125217597684,0.296880921847984,0.27974412167155277,0.15988267587866004,0.0,1.0,0.0021875790398175887,0.08811852167439371,0.04515305035710565,0.10562365549661554,0,0,0.022576525178552825,0.05281182774830777,0,0,0,0
P01,V1_video2_pocaluz,poca_luz,58,2.417386594448206,1,0.2862299669759163,0.2944257062368884,0.27803422771494424,0.1601121798030567,0.0,1.0,0.015393256421504242,0.050917725528123126,0.033155490974813684,0.10657823476167765,0,0,0.016577745487406842,0.05328911738083882,0,0,0,0
P01,V1_video2_pocaluz,poca_luz,59,2.4590656736628302,1,0.2874472112519532,0.2959033054202796,0.27899111708362684,0.1597465639980559,0.0,1.0,0.033735792143328114,0.02686694947992041,0.030301370811624262,0.12079960344856018,0,0,0.015150685405812131,0.06039980172428009,0,0,0,0
P01,V1_video2_pocaluz,poca_luz,60,2.5007447528774542,1,0.2795647833339236,0.28662756525598665,0.27250200141186054,0.15829235655138224,0.0,1.0,0.001115154521584727,0.028152420160977187,0.014633787341280957,0.28888076387141765,0,0,0.007316893670640479,0.14444038193570882,0,0,0,0
P01,V1_video2_pocaluz,poca_luz,61,2.5424238320920787,1,0.28603488543509104,0.2946708191353687,0.27739895173481344,0.15824246593999683,0.0,1.0,0.018660156758057878,0.006586332616308477,0.012623244687183177,0.22572219325322884,0,0,0.006311622343591589,0.11286109662661442,0,0,0,0
P01,V1_video2_pocaluz,poca_luz,62,2.584102911306703,1,0.28654728384208417,0.2939189605901364,0.279175607094032,0.15844507734861743,0.0,1.0,0.029524940034454605,0.014665329027117813,0.02209513453078621,0.30905163543406056,0,0,0.011047567265393105,0.15452581771703028,0,0,0,0
P01,V1_video2_pocaluz,poca_luz,63,2.625781990521327,1,0.28738945896185747,0.29614735492953465,0.2786315629941803,0.1584233358385316,0.0,1.0,0.025538096775108543,0.04825270048445762,0.03689539862978308,0.1979837897352486,0,0,0.01844769931489154,0.0989918948676243,0,0,0,0
P01,V1_video2_pocaluz,poca_luz,64,2.6674610697359515,1,0.2868957374974158,0.29642523554082917,0.2773662394540024,0.1580529735213288,0.0,1.0,0.024867847768661022,0.011466921136755959,0.01816738445270849,0.21883115628227293,0,0,0.009083692226354245,0.10941557814113646,0,0,0,0
P01,V1_video2_pocaluz,poca_luz,65,2.7091401489505755,1,0.2881843028959701,0.29747903471063236,0.27888957108130774,0.1586519751504239,0.0,1.0,0.001177830278389247,0.010360453539546177,0.005769141908967712,0.18941653996166175,0,0,0.002884570954483856,0.09470826998083087,0,0,0,0
P01,V1_video2_pocaluz,poca_luz,66,2.7508192281652,1,0.2874962028197309,0.2980341080360582,0.27695829760340357,0.15831178278547667,0.0,1.0,0.04138263801643505,0.02449411984124006,0.03293837892883755,0.09538301250236583,0,0,0.016469189464418776,0.047691506251182916,0,0,0,0
P01,V1_video2_pocaluz,poca_luz,67,2.792498307379824,1,0.28925803525804117,0.2991852931711228,0.2793307773449596,0.15886764528433336,0.0,1.0,0.07621457045085867,0.05176395563505376,0.06398926304295621,0.10177052521482195,0,0,0.031994631521478106,0.050885262607410976,0,0,0,0
P01,V1_video2_pocaluz,poca_luz,68,2.8341773865944484,1,0.28716441406031656,0.2974210100753441,0.27690781804528897,0.15847583666039022,0.0,1.0,0.010914783162397246,0.07467074567551557,0.04279276441895641,0.09966618228195909,0,0,0.021396382209478204,0.049833091140979544,0,0,0,0
P01,V1_video2_pocaluz,poca_luz,69,2.8758564658090724,1,0.289583222460462,0.2998463332441872,0.27932011167673676,0.15862140979347147,0.0,1.0,0.002066193654436388,0.04314998062204478,0.022608087138240585,0.16322642734589896,0,0,0.011304043569120292,0.08161321367294948,0,0,0,0
P01,V1_video2_pocaluz,poca_luz,70,2.917535545023697,1,0.2907301058053654,0.30063688703630514,0.2808233245744256,0.15839365563735602,0.0,1.0,0.0012336404999470085,0.16113236414797671,0.08118300232396186,0.20316114847601785,0,0,0.04059150116198093,0.10158057423800892,0,0,0,0
P01,V1_video2_pocaluz,poca_luz,71,2.9592146242383213,1,0.2886577064537395,0.29747093336135877,0.27984447954612024,0.1593246515514608,0.0,1.0,0.006507549045668415,0.07765731760395467,0.04208243332481154,0.2533966117680155,0,0,0.02104121666240577,0.12669830588400774,0,0,0,0
P01,V1_video2_pocaluz,poca_luz,72,3.0008937034529453,1,0.2894407524506508,0.2987481638499932,0.2801333410513084,0.15705657420801228,0.0,1.0,0.11933929095126494,0.25606495212036606,0.1877021215358155,0.3514590832650368,0,0,0.09385106076790775,0.1757295416325184,0,0,0,0
P01,V1_video2_pocaluz,poca_luz,73,3.0425727826675697,1,0.28936911733329795,0.2983249672520961,0.28041326741449984,0.1573418736516457,0.0,1.0,0.02897509509963725,0.26009010656406983,0.14453260083185354,0.3007410664619626,0,0,0.07226630041592677,0.1503705332309813,0,0,0,0
P01,V1_video2_pocaluz,poca_luz,74,3.0842518618821937,1,0.287748613205475,0.2973534187732916,0.27814380763765845,0.15719425185329514,0.0,1.0,0.046886226093304395,0.3947740332806533,0.22083012968697885,0.29497351193880866,0,0,0.11041506484348942,0.14748675596940433,0,0,0,0
P01,V1_video2_pocaluz,poca_luz,75,3.125930941096818,1,0.28462372910657563,0.29486175443348667,0.27438570377966465,0.15724357381446483,0.0,1.0,0.08626550118609322,0.21561276257152617,0.1509391318788097,0.3036495478201406,0,0,0.07546956593940485,0.1518247739100703,0,0,0,0
P01,V1_video2_pocaluz,poca_luz,76,3.167610020311442,1,0.2843777094487796,0.29548995793552446,0.2732654609620348,0.15738591742513042,0.0,1.0,0.005329535343342018,0.16799107527530022,0.08666030530932112,0.16006358939954893,0,0,0.04333015265466056,0.08003179469977446,0,0,0,0
P01,V1_video2_pocaluz,poca_luz,77,3.2092890995260666,1,0.2812491883352354,0.2916033270617514,0.2708950496087194,0.1568415595430317,0.0,1.0,0.03576359790294925,0.14356773287758695,0.0896656653902681,0.17159935181645486,0,0,0.04483283269513405,0.08579967590822743,0,0,0,0
P01,V1_video2_pocaluz,poca_luz,78,3.250968178740691,1,0.2910725097684628,0.30108777865661857,0.28105724088030704,0.15787665404052006,0.0,1.0,0.00476414470023967,0.19493662306080028,0.09985038388051998,0.12607675370514285,0,0,0.04992519194025999,0.06303837685257142,0,0,0,0
P01,V1_video2_pocaluz,poca_luz,79,3.292647257955315,1,0.28455221202344994,0.2948530964904996,0.2742513275564002,0.15753778297971696,0.0,1.0,0.08227336646810735,0.13716178917431565,0.1097175778212115,0.15825803909552943,0,0,0.05485878891060575,0.07912901954776472,0,0,0,0
P01,V1_video2_pocaluz,poca_luz,80,3.3343263371699394,1,0.28363648857958657,0.2947621099236919,0.2725108672354812,0.15740767756380508,0.0,1.0,0.019786666446925283,0.22178431227251805,0.12078548935972167,0.14432822220035696,0,0,0.06039274467986083,0.07216411110017848,0,0,0,0
P01,V1_video2_pocaluz,poca_luz,81,3.3760054163845634,1,0.2848194715805342,0.2953910961767595,0.27424784698430893,0.15830140410777505,0.0,1.0,0.021848490411891075,0.1320273969957808,0.07693794370383594,0.2595923433800417,0,0,0.03846897185191797,0.12979617169002086,0,0,0,0
P01,V1_video2_pocaluz,poca_luz,82,3.417684495599188,1,0.2886561283923394,0.2988966391663413,0.2784156176183375,0.158475383811498,0.0,1.0,0.009695263929773157,0.03770511846824398,0.02370019119900857,0.2501087085528424,0,0,0.011850095599504284,0.1250543542764212,0,0,0,0
P01,V1_video2_pocaluz,poca_luz,83,3.459363574813812,1,0.2908978721625459,0.3012158894226166,0.28057985490247517,0.15825419786140502,0.0,1.0,0.002994746017093597,0.36811091792503225,0.18555283197106293,0.17403850336209187,0,0,0.09277641598553146,0.08701925168104593,0,0,0,0
P01,V1_video2_pocaluz,poca_luz,84,3.5010426540284363,1,0.28914166046400813,0.29859098755794095,0.2796923333700753,0.1579402198560372,0.0,1.0,0.028799393933452988,0.02554624440850306,0.027172819170978024,0.11135055516223204,0,0,0.013586409585489012,0.05567527758111602,0,0,0,0
P01,V1_video2_pocaluz,poca_luz,85,3.5427217332430603,1,0.28965625232369285,0.2996757672180426,0.2796367374293431,0.15777677764170397,0.0,1.0,0.005160455429091604,0.01736576733819095,0.011263111383641278,0.13399981914698259,0,0,0.005631555691820639,0.06699990957349129,0,0,0,0
P01,V1_video2_pocaluz,poca_luz,86,3.5844008124576847,1,0.29007844418383033,0.2996217929854657,0.2805350953821949,0.15783619658987616,0.0,1.0,0.005360602961499206,0.09423586644796444,0.049798234704731825,0.12083961750703724,0,0,0.024899117352365913,0.06041980875351862,0,0,0,0
P01,V1_video2_pocaluz,poca_luz,87,3.626079891672309,1,0.2884796128335558,0.29777779759592465,0.2791814280711869,0.15875679403910137,0.0,1.0,0.008762505883271432,0.02525772911819546,0.017010117500733446,0.20312444539336083,0,0,0.008505058750366723,0.10156222269668042,0,0,0,0
P01,V1_video2_pocaluz,poca_luz,88,3.667758970886933,1,0.2882759220328973,0.2980589595096828,0.2784928845561118,0.1588533327947462,0.0,1.0,0.01364221115387354,0.047550994354638165,0.030596602754255853,0.27098461552699804,0,0,0.015298301377127926,0.13549230776349902,0,0,0,0
P01,V1_video2_pocaluz,poca_luz,89,3.7094380501015576,1,0.2883254365183726,0.2990706682510979,0.2775802047856473,0.15849884612919118,0.0,1.0,0.002119144109441695,0.1248072415038104,0.06346319280662605,0.17592107969438409,0,0,0.03173159640331302,0.08796053984719204,0,0,0,0
P01,V1_video2_pocaluz,poca_luz,90,3.7511171293161816,1,0.2865022942302722,0.2968896368653821,0.2761149515951622,0.15836091216595088,0.0,1.0,0.0034839456325787,0.2715657972046942,0.13752487141863645,0.23959196692309426,0,0,0.06876243570931823,0.11979598346154713,0,0,0,0
P01,V1_video2_pocaluz,poca_luz,91,3.792796208530806,1,0.2902722602331277,0.29991467170542657,0.28062984876082886,0.15829435983956844,0.0,1.0,0.0013771094832404351,0.1837704023205049,0.09257375590187267,0.35684556795570826,0,0,0.046286877950936334,0.17842278397785413,0,0,0,0
P01,V1_video2_pocaluz,poca_luz,92,3.83447528774543,1,0.28970040744053016,0.2998673521581615,0.27953346272289875,0.1588547124112685,0.0,1.0,0.00479175952551969,0.07174433447149675,0.03826804699850822,0.36016620610682065,0,0,0.01913402349925411,0.18008310305341033,0,0,0,0
P01,V1_video2_pocaluz,poca_luz,93,3.8761543669600544,1,0.2875273472994333,0.2973417854740169,0.27771290912484975,0.15838196390434595,0.0,1.0,0.008952720829556227,0.1827880456849853,0.09587038325727076,0.3705077056379789,0,0,0.04793519162863538,0.18525385281898946,0,0,0,0
P01,V1_video2_pocaluz,poca_luz,94,3.9178334461746784,1,0.28473867386209306,0.2940404104350429,0.27543693728914326,0.15914633037866163,0.0,1.0,0.028620258970218027,0.08642949877706085,0.05752487887363944,0.23842460007435323,0,0,0.02876243943681972,0.11921230003717662,0,0,0,0
P01,V1_video2_pocaluz,poca_luz,95,3.959512525389303,1,0.2852336991602096,0.2945446759754648,0.27592272234495435,0.15881732764059037,0.0,1.0,0.012778193999039567,0.1336614398197108,0.07321981690937518,0.36792293732667714,0,0,0.03660990845468759,0.18396146866333857,0,0,0,0
P01,V1_video2_pocaluz,poca_luz,96,4.001191604603927,1,0.28381455842612296,0.2930429912796212,0.27458612557262474,0.1590163012529936,0.0,1.0,0.052894728648852696,0.29516422973359535,0.17402947919122402,0.3076533601923202,0,0,0.08701473959561201,0.1538266800961601,0,0,0,0
P01,V1_video2_pocaluz,poca_luz,97,4.042870683818552,1,0.28512754963163334,0.2946446130086592,0.2756104862546075,0.15933077948281765,0.0,1.0,0.043849635039259205,0.1645549066792571,0.10420227085925815,0.14138586812541598,0,0,0.052101135429629075,0.07069293406270799,0,0,0,0
P01,V1_video2_pocaluz,poca_luz,98,4.084549763033175,1,0.29019595166500245,0.30016745057967403,0.28022445275033087,0.1590904339331754,0.0,1.0,0.0095533741006536,0.12890443055697187,0.06922890232881274,0.10158616017083054,0,0,0.03461445116440637,0.05079308008541527,0,0,0,0
P01,V1_video2_pocaluz,poca_luz,99,4.1262288422478,1,0.2884932520749509,0.29799558477357535,0.2789909193763265,0.15919801852303261,0.0,1.0,0.023502918152648156,0.21606154495748753,0.11978223155506784,0.11989557508536784,0,0,0.05989111577753392,0.05994778754268392,0,0,0,0
P01,V1_video2_pocaluz,poca_luz,100,4.167907921462424,1,0.2912427727084591,0.30138564926008965,0.28109989615682857,0.1590869631688081,0.0,1.0,0.07274825784156236,0.08983003474101514,0.08128914629128875,0.16743756357212328,0,0,0.040644573145644375,0.08371878178606164,0,0,0,0
P01,V1_video2_pocaluz,poca_luz,101,4.209587000677049,1,0.2919915548528189,0.3022832018811656,0.2816999078244722,0.1596312363602512,0.0,1.0,0.08080227404491291,0.11832459288574271,0.09956343346532781,0.07842476404010944,0,0,0.049781716732663905,0.03921238202005472,0,0,0,0
P01,V1_video2_pocaluz,poca_luz,102,4.251266079891672,1,0.2907383538281638,0.2997496504801779,0.2817270571761498,0.15955012791426834,0.0,1.0,0.0006981581647754753,0.05955708833596107,0.030127623250368274,0.1639322732015412,0,0,0.015063811625184137,0.0819661366007706,0,0,0,0
P01,V1_video2_pocaluz,poca_luz,103,4.292945159106297,1,0.286798421425232,0.2975147478899901,0.27608209496047387,0.15851189741982094,0.0,1.0,0.05145322290624876,0.0676234663457218,0.059538344625985284,0.10549700946746833,0,0,0.029769172312992642,0.052748504733734165,0,0,0,0
P01,V1_video2_pocaluz,poca_luz,104,4.334624238320921,1,0.28253612660138283,0.2921734866759285,0.2728987665268372,0.15862646885074802,0.0,1.0,0.12477663169890507,0.027845855967682742,0.0763112438332939,0.15135474447808286,0,0,0.03815562191664695,0.07567737223904143,0,0,0,0
P01,V1_video2_pocaluz,poca_luz,105,4.3763033175355455,1,0.2773724629202836,0.2877439971664207,0.26700092867414654,0.1583808835420739,0.0,1.0,0.009965855431966708,0.0989367017007231,0.05445127856634491,0.3521685328700748,0,0,0.027225639283172454,0.1760842664350374,0,0,0,0
P01,V1_video2_pocaluz,poca_luz,106,4.41798239675017,1,0.27599804609894707,0.2869328956045505,0.2650631965933436,0.15814192988990003,0.0,1.0,0.010464384361646983,0.2176654484843349,0.11406491642299094,0.30971389036691577,0,0,0.05703245821149547,0.15485694518345788,0,0,0,0
P01,V1_video2_pocaluz,poca_luz,107,4.4596614759647935,1,0.2801613874688632,0.2916404416560345,0.2686823332816919,0.15931305190224057,0.0,1.0,0.002241360736936926,0.03966763827259745,0.020954499504767188,0.11147806242387365,0,0,0.010477249752383594,0.055739031211936824,0,0,0,0
P01,V1_video2_pocaluz,poca_luz,108,4.501340555179418,1,0.28192825924743475,0.29393764674242856,0.26991887175244095,0.15974558206507602,0.0,1.0,0.0018570174813526963,0.060205305432806666,0.03103116145707968,0.2250239657152362,0,0,0.01551558072853984,0.1125119828576181,0,0,0,0
P01,V1_video2_pocaluz,poca_luz,109,4.543019634394042,1,0.2850398762911002,0.295497116664974,0.2745826359172264,0.15935404934872405,0.0,1.0,0.003993658765218289,0.04017038670097617,0.02208202273309723,0.06610576150559856,0,0,0.011041011366548614,0.03305288075279928,0,0,0,0
P01,V1_video2_pocaluz,poca_luz,110,4.584698713608667,1,0.27691991346887485,0.2861841107123099,0.26765571622543977,0.1585510579358182,0.0,1.0,0.03310514357387595,0.116497496529263,0.07480132005156948,0.2264425427855216,0,0,0.03740066002578474,0.1132212713927608,0,0,0,0
P01,V1_video2_pocaluz,poca_luz,111,4.62637779282329,1,0.2759725307877252,0.2869948725081089,0.26495018906734147,0.15904567769501174,0.0,1.0,0.021252752556820798,0.006615963017405968,0.013934357787113383,0.2117739686322708,0,0,0.006967178893556691,0.1058869843161354,0,0,0,0
P01,V1_video2_pocaluz,poca_luz,112,4.668056872037915,1,0.27569558422643925,0.28610109585270754,0.2652900726001709,0.15882828393185042,0.0,1.0,0.008007477695607612,0.015877590992829482,0.011942534344218547,0.09307386397544211,0,0,0.005971267172109274,0.046536931987721054,0,0,0,0
P01,V1_video2_pocaluz,poca_luz,113,4.709735951252539,1,0.27583343968831175,0.2867310731918747,0.2649358061847489,0.158873224328655,0.0,1.0,0.0032853414059491604,0.03204868602162103,0.017667013713785096,0.2768279127757569,0,0,0.008833506856892548,0.13841395638787846,0,0,0,0
P01,V1_video2_pocaluz,poca_luz,114,4.751415030467164,1,0.27845715791336595,0.2896822196303745,0.2672320961963574,0.158458446579075,0.0,1.0,0.026887839536121838,0.04988017389382626,0.03838400671497405,0.2400403709122204,0,0,0.019192003357487025,0.1200201854561102,0,0,0,0
P01,V1_video2_pocaluz,poca_luz,115,4.793094109681788,1,0.27556593421056036,0.28624536702858977,0.26488650139253095,0.15901135701775615,0.0,1.0,0.004984059518576722,0.04894479269779484,0.02696442610818578,0.22955956380596704,0,0,0.01348221305409289,0.11477978190298352,0,0,0,0
P01,V1_video2_pocaluz,poca_luz,116,4.834773188896412,1,0.27697454637652813,0.28800975819810865,0.2659393345549476,0.1589285905207761,0.0,1.0,0.01453756024623587,0.3040564820835009,0.15929702116486838,0.2525648882261536,0,0,0.07964851058243419,0.1262824441130768,0,0,0,0
P01,V1_video2_pocaluz,poca_luz,117,4.876452268111036,1,0.2798111407367636,0.2907873279301532,0.268834953543374,0.15945681739422773,0.0,1.0,0.1317737974115133,0.06747829269119932,0.0996260450513563,0.2044110434943632,0,0,0.04981302252567815,0.1022055217471816,0,0,0,0
P01,V1_video2_pocaluz,poca_luz,118,4.9181313473256605,1,0.2817460223427348,0.2935020495119122,0.26998999517355743,0.1589323576221692,0.0,1.0,0.13818327592950064,0.1663567008743615,0.15226998840193107,0.0954077634537306,0,0,0.07613499420096553,0.0477038817268653,0,0,0,0
P01,V1_video2_pocaluz,poca_luz,119,4.959810426540285,1,0.28405217914964087,0.2956608918757919,0.2724434664234899,0.15819870794007562,0.0,1.0,0.17811480281191228,0.1933870717207895,0.1857509372663509,0.12650004646652122,0,0,0.09287546863317545,0.06325002323326061,0,0,0,0
P01,V1_video2_pocaluz,poca_luz,120,5.0014895057549085,1,0.2812185625937509,0.29114043959766533,0.2712966855898365,0.15880762014050592,0.0,1.0,0.17766933099812532,0.4617592603973726,0.31971429569774895,0.12880855182471151,0,0,0.15985714784887448,0.06440427591235576,0,0,0,0
P01,V1_video2_pocaluz,poca_luz,121,5.043168584969533,1,0.27818498523970003,0.2899455206523903,0.2664244498270097,0.15874318721115352,0.0,1.0,0.013057732274467493,0.21726154998831848,0.11515964113139299,0.12809411970855955,0,0,0.05757982056569649,0.06404705985427978,0,0,0,0
P01,V1_video2_pocaluz,poca_luz,122,5.084847664184157,1,0.27688756310465223,0.2876301014217286,0.2661450247875759,0.15826649136857351,0.0,1.0,0.010621944571791664,0.26986448132773333,0.1402432129497625,0.14952008544292447,0,0,0.07012160647488125,0.07476004272146224,0,0,0,0
P01,V1_video2_pocaluz,poca_luz,123,5.126526743398782,1,0.2794772935620159,0.29163305030432385,0.267321536819708,0.15840431303758007,0.0,1.0,0.004430182150978679,0.0993547985899107,0.05189249037044469,0.2522883713708154,0,0,0.025946245185222344,0.1261441856854077,0,0,0,0
P01,V1_video2_pocaluz,poca_luz,124,5.168205822613406,1,0.27632949312409816,0.2872432185759781,0.26541576767221825,0.1580792193839627,0.0,1.0,0.008971910804217331,0.18999972404103638,0.09948581742262685,0.2105466371683017,0,0,0.04974290871131343,0.10527331858415084,0,0,0,0
P01,V1_video2_pocaluz,poca_luz,125,5.20988490182803,1,0.27718863648540026,0.28879679631282296,0.2655804766579776,0.15851165416193008,0.0,1.0,0.053885381181430825,0.17741647535635785,0.11565092826889434,0.11491404708524858,0,0,0.05782546413444717,0.05745702354262429,0,0,0,0
P01,V1_video2_pocaluz,poca_luz,126,5.251563981042654,1,0.27656500583372984,0.2876389056339699,0.2654911060334898,0.1581132704128143,0.0,1.0,0.10314712503400836,0.15571669175372527,0.1294319083938668,0.05889076437572848,0,0,0.0647159541969334,0.02944538218786424,0,0,0,0
P01,V1_video2_pocaluz,poca_luz,127,5.293243060257279,1,0.27901162451128303,0.2892689182648266,0.2687543307577395,0.1586220611170305,0.0,1.0,0.038214851521027104,0.12033915229420133,0.07927700190761422,0.12508586360111162,0,0,0.03963850095380711,0.06254293180055581,0,0,0,0
P01,V1_video2_pocaluz,poca_luz,128,5.334922139471903,1,0.27919398832675724,0.2894098659804733,0.2689781106730412,0.15846109154394536,0.0,1.0,0.05980119634930858,0.11674899107685632,0.08827509371308245,0.07106029076132372,0,0,0.04413754685654123,0.03553014538066186,0,0,0,0
P01,V1_video2_pocaluz,poca_luz,129,5.376601218686527,1,0.27907377489553037,0.29062815281217796,0.2675193969788828,0.1590398857883927,0.0,1.0,0.020667963409437662,0.1915873956512888,0.10612767953036323,0.062458714965152644,0,0,0.053063839765181614,0.031229357482576322,0,0,0,0
P01,V1_video2_pocaluz,poca_luz,130,5.418280297901151,1,0.2788851321865078,0.28969499562399476,0.2680752687490208,0.15921759431916097,0.0,1.0,0.009955923941021516,0.2203259822388942,0.11514095308995786,0.04647552423157497,0,0,0.05757047654497893,0.023237762115787486,0,0,0,0
P01,V1_video2_pocaluz,poca_luz,131,5.4599593771157755,1,0.28044367652708446,0.2918942276214457,0.2689931254327233,0.15887935270198797,0.0,1.0,0.08403631707032322,0.2767876781726005,0.18041199762146187,0.05649261347757259,0,0,0.09020599881073094,0.028246306738786295,0,0,0,0
P01,V1_video2_pocaluz,poca_luz,132,5.5016384563304,1,0.2808894596236813,0.2923137098073547,0.2694652094400079,0.15914274911676365,0.0,1.0,0.11128463287160884,0.09323781235845008,0.10226122261502946,0.05649261347757259,0,0,0.05113061130751473,0.028246306738786295,0,0,0,0
P01,V1_video2_pocaluz,poca_luz,133,5.543317535545024,1,0.28185711773950145,0.292631889406257,0.2710823460727459,0.1592397776664297,0.0,1.0,0.24211774794183705,0.07982527640788839,0.16097151217486272,0.060197643641497475,0,0,0.08048575608743136,0.030098821820748738,0,0,0,0
P01,V1_video2_pocaluz,poca_luz,134,5.584996614759648,1,0.2868253368547904,0.29921669581636823,0.2744339778932125,0.1594143590826922,0.0,1.0,0.05595266500790175,0.06217674958079911,0.05906470729435043,0.06682777224921556,0,0,0.029532353647175213,0.03341388612460778,0,0,0,0
P01,V1_video2_pocaluz,poca_luz,135,5.626675693974272,1,0.2865019574707599,0.2978956017251311,0.2751083132163888,0.15927775815532227,0.0,1.0,0.023828694717845544,0.06714593933470936,0.04548731702627745,0.11341083431848613,0,0,0.022743658513138726,0.056705417159243064,0,0,0,0
P01,V1_video2_pocaluz,poca_luz,136,5.668354773188897,1,0.2869505698084771,0.29689461459504274,0.2770065250219115,0.1591540781569381,0.0,1.0,0.010262124848215315,0.05867399710618837,0.03446806097720184,0.12009752735172032,0,0,0.01723403048860092,0.06004876367586016,0,0,0,0
P01,V1_video2_pocaluz,poca_luz,137,5.710033852403521,1,0.2821394676602316,0.29058694712468547,0.2736919881957778,0.15882245146274077,0.0,1.0,0.0019355254217847673,0.03662914549427099,0.019282335458027877,0.2588474197766588,0,0,0.009641167729013939,0.1294237098883294,0,0,0,0
P01,V1_video2_pocaluz,poca_luz,138,5.751712931618145,1,0.28288197738777243,0.2905875569504589,0.27517639782508596,0.15826008913489353,0.0,1.0,0.008225592100803203,0.1700707340340658,0.0891481630674345,0.16194972401604246,0,0,0.04457408153371725,0.08097486200802123,0,0,0,0
P01,V1_video2_pocaluz,poca_luz,139,5.793392010832769,1,0.2846357201769495,0.2923299195884023,0.2769415207654967,0.15792339360455346,0.0,1.0,0.04162841167695586,0.05871318471343068,0.05017079819519327,0.25565447848369177,0,0,0.025085399097596633,0.12782723924184589,0,0,0,0
P01,V1_video2_pocaluz,poca_luz,140,5.835071090047394,1,0.28701707458496906,0.29541228559286153,0.2786218635770766,0.1582869959594363,0.0,1.0,0.031084599228116017,0.09011817065320415,0.060601384940660086,0.24357588071182426,0,0,0.030300692470330043,0.12178794035591213,0,0,0,0
P01,V1_video2_pocaluz,poca_luz,141,5.876750169262018,1,0.28531612430355624,0.2946555410081732,0.2759767075989393,0.15859057478061378,0.0,1.0,0.0670721288213676,0.020471174057837938,0.043771651439602766,0.3458867026580363,0,0,0.021885825719801383,0.17294335132901814,0,0,0,0
P01,V1_video2_pocaluz,poca_luz,142,5.9184292484766425,1,0.28697605144043464,0.29708369298581044,0.27686840989505884,0.15828088749208294,0.0,1.0,0.008138015269325893,0.07408041507627605,0.04110921517280097,0.2524214307496458,0,0,0.020554607586400486,0.1262107153748229,0,0,0,0
P01,V1_video2_pocaluz,poca_luz,143,5.960108327691266,1,0.29204965963534624,0.3040238271132232,0.28007549215746935,0.16027149621614892,0.0,1.0,0.004770692213833194,0.03881118443166376,0.021790938322748477,0.1305941399213797,0,0,0.010895469161374238,0.06529706996068985,0,0,0,0
P01,V1_video2_pocaluz,poca_luz,144,6.0017874069058905,1,0.2833236859657856,0.2939580073111748,0.27268936462039645,0.15798870541784404,0.0,1.0,0.029269570876074846,0.3783806827951718,0.20382512683562332,0.154608240162788,0,0,0.10191256341781166,0.077304120081394,0,0,0,0
P01,V1_video2_pocaluz,poca_luz,145,6.043466486120515,1,0.2837007363561929,0.2926080323527988,0.274793440359587,0.15797528517218287,0.0,1.0,0.17933718456220415,0.10500630496087049,0.14217174476153732,0.09118727745220855,0,0,0.07108587238076866,0.04559363872610427,0,0,0,0
P01,V1_video2_pocaluz,poca_luz,146,6.085145565335139,1,0.28423814532659497,0.2943163931914428,0.2741598974617472,0.158426418042414,0.0,1.0,0.13669654406278686,0.42699350750398035,0.2818450257833836,0.1334844065698807,0,0,0.1409225128916918,0.06674220328494035,0,0,0,0
P01,V1_video2_pocaluz,poca_luz,147,6.126824644549763,1,0.28478733662432776,0.29432043776122424,0.2752542354874313,0.1584126872475936,0.0,1.0,0.2153385363499355,0.3784651822144388,0.29690185928218715,0.07674500074642648,0,0,0.14845092964109358,0.03837250037321324,0,0,0,0
P01,V1_video2_pocaluz,poca_luz,148,6.168503723764387,1,0.28607107975751755,0.2980903024434898,0.2740518570715454,0.1593565928671053,0.0,1.0,0.1518933952155247,0.6528312352402912,0.40236231522790794,0.047999203323981575,0,0,0.20118115761395397,0.023999601661990787,0,0,0,0
P01,V1_video2_pocaluz,poca_luz,149,6.210182802979012,1,0.28726231641543915,0.29876570660360996,0.27575892622726833,0.15902656402022955,0.0,1.0,0.2687786289598988,0.21536210405446976,0.24207036650718428,0.1598981330235806,0,0,0.12103518325359214,0.0799490665117903,0,0,0,0
P01,V1_video2_pocaluz,poca_luz,150,6.251861882193636,1,0.2829287661563624,0.2926454287128924,0.27321210359983245,0.15795562671355948,0.0,1.0,0.041712215345193204,0.37428401010581047,0.20799811272550184,0.26611114829159177,0,0,0.10399905636275092,0.13305557414579589,0,0,0,0
P01,V1_video2_pocaluz,poca_luz,151,6.293540961408261,1,0.28415098423009,0.29247500050923275,0.27582696795094724,0.1595651716581389,0.0,1.0,0.11448782823436054,0.2487684560463943,0.18162814214037742,0.10784936161075895,0,0,0.09081407107018871,0.053924680805379474,0,0,0,0
P01,V1_video2_pocaluz,poca_luz,152,6.335220040622884,1,0.28318629322361133,0.2924717373358683,0.27390084911135437,0.1587453864833837,0.0,1.0,0.08232513607908476,0.26326161916131796,0.17279337762020136,0.02833190854281144,0,0,0.08639668881010068,0.01416595427140572,0,0,0,0
P01,V1_video2_pocaluz,poca_luz,153,6.376899119837509,1,0.28987042728777473,0.3021944219702388,0.27754643260531064,0.15823531013947467,0.0,1.0,0.0336716319345951,0.2768581507634742,0.15526489134903465,0.11820202521865542,0,0,0.07763244567451733,0.05910101260932771,0,0,0,0
P01,V1_video2_pocaluz,poca_luz,154,6.418578199052133,1,0.2857496688569796,0.2967357020836699,0.2747636356302893,0.15910413540195123,0.0,1.0,0.04442476170598586,0.045781219850473676,0.04510299077822977,0.06227202114997584,0,0,0.022551495389114884,0.03113601057498792,0,0,0,0
P01,V1_video2_pocaluz,poca_luz,155,6.4602572782667576,1,0.28571148362483345,0.2965611867494259,0.27486178050024096,0.15849803882002875,0.0,1.0,0.016570022136112805,0.13537016863098217,0.07597009538354749,0.10924731438949489,0,0,0.03798504769177374,0.054623657194747446,0,0,0,0
P01,V1_video2_pocaluz,poca_luz,156,6.501936357481382,1,0.28643493933374703,0.2977535134439735,0.27511636522352056,0.15909335999831833,0.0,1.0,0.06732128139796689,0.14154020483651053,0.10443074311723871,0.09472038029108791,0,0,0.052215371558619356,0.047360190145543955,0,0,0,0
P01,V1_video2_pocaluz,poca_luz,157,6.5436154366960055,1,0.28322178817458876,0.29284242448105824,0.27360115186811923,0.1584049617439063,0.0,1.0,0.07955023681195061,0.02226628170149536,0.05090825925672299,0.15503111800235003,0,0,0.025454129628361494,0.07751555900117502,0,0,0,0
P01,V1_video2_pocaluz,poca_luz,158,6.58529451591063,1,0.28364862010338143,0.29371399410318555,0.27358324610357726,0.1581555851160657,0.0,1.0,0.044769665218085675,0.18113973539329586,0.11295470030569077,0.12845881976591422,0,0,0.056477350152845385,0.06422940988295711,0,0,0,0
P01,V1_video2_pocaluz,poca_luz,159,6.626973595125254,1,0.286619707624835,0.29571183004726315,0.2775275852024069,0.1585298079340537,0.0,1.0,0.00559365818705837,0.040576132845651314,0.023084895516354842,0.1443743672661752,0,0,0.011542447758177421,0.0721871836330876,0,0,0,0
P01,V1_video2_pocaluz,poca_luz,160,6.668652674339879,1,0.2844787511465632,0.2944232633279891,0.2745342389651373,0.15822564854085927,0.0,1.0,0.062455350394399534,0.031190431113752304,0.04682289075407592,0.11712190193216959,0,0,0.02341144537703796,0.058560950966084796,0,0,0,0
P01,V1_video2_pocaluz,poca_luz,161,6.710331753554502,1,0.2846261882051384,0.2945267937516515,0.27472558265862534,0.1597412474307512,0.0,1.0,0.0471701817674377,0.050454866452322444,0.04881252410988007,0.19495791395215462,0,0,0.024406262054940037,0.09747895697607731,0,0,0,0
P01,V1_video2_pocaluz,poca_luz,162,6.752010832769127,1,0.2822982611868058,0.29171220164149514,0.2728843207321165,0.15988415027553887,0.0,1.0,0.028330924038094785,0.0985282820372706,0.06342960303768269,0.1825770730155741,0,0,0.031714801518841346,0.09128853650778705,0,0,0,0
P01,V1_video2_pocaluz,poca_luz,163,6.793689911983751,1,0.28089031855221847,0.2902293015624695,0.2715513355419675,0.15970472687839052,0.0,1.0,0.08952805555035703,0.22486092037355487,0.15719448796195595,0.32311345358531873,0,0,0.07859724398097798,0.16155672679265937,0,0,0,0
P01,V1_video2_pocaluz,poca_luz,164,6.835368991198376,1,0.2808599810327487,0.29039056650473205,0.2713293955607653,0.15827368441294337,0.0,1.0,0.06266822324441734,0.21427402589648414,0.13847112457045074,0.4109514175560961,0,0,0.06923556228522537,0.20547570877804805,0,0,0,0
P01,V1_video2_pocaluz,poca_luz,165,6.877048070413,1,0.27843268949669336,0.28955837321749595,0.2673070057758908,0.15985963069176395,0.0,1.0,0.13330129133582924,0.20930600380003095,0.1713036475679301,0.27259906852174837,0,0,0.08565182378396505,0.13629953426087418,0,0,0,0
P01,V1_video2_pocaluz,poca_luz,166,6.918727149627624,1,0.2840378621433633,0.2966342771742572,0.27144144711246937,0.16021410923552448,0.0,1.0,0.09167147988516999,0.16383901721349803,0.127755248549334,0.2586716130818167,0,0,0.063877624274667,0.12933580654090834,0,0,0,0
P01,V1_video2_pocaluz,poca_luz,167,6.960406228842248,1,0.28220200467140977,0.29469804043842773,0.26970596890439175,0.16039171714705036,0.0,1.0,0.016615040987788543,0.1793906844958001,0.09800286274179432,0.14196487713707862,0,0,0.04900143137089716,0.07098243856853931,0,0,0,0
P01,V1_video2_pocaluz,poca_luz,168,7.002085308056873,1,0.2794084488202855,0.2906141269567728,0.2682027706837981,0.1592503161710533,0.0,1.0,0.09171973310544401,0.1490105319544921,0.12036513252996806,0.20799346948101832,0,0,0.06018256626498403,0.10399673474050916,0,0,0,0
P01,V1_video2_pocaluz,poca_luz,169,7.043764387271497,1,0.27992947104651333,0.2906834953605751,0.26917544673245153,0.15888294371456152,0.0,1.0,0.01942160924297287,0.397031878573175,0.20822674390807394,0.15316572088699293,0,0,0.10411337195403697,0.07658286044349646,0,0,0,0
P01,V1_video2_pocaluz,poca_luz,170,7.085443466486121,1,0.27674058368881616,0.28645868292618526,0.2670224844514471,0.15888043980466676,0.0,1.0,0.023982519164295613,0.40771985396629107,0.21585118656529334,0.13024470032668975,0,0,0.10792559328264667,0.06512235016334487,0,0,0,0
P01,V1_video2_pocaluz,poca_luz,171,7.127122545700745,1,0.28129824674750464,0.2921130364049191,0.2704834570900902,0.15896057023859572,0.0,1.0,0.006701094898359017,0.1639139910780849,0.08530754298822196,0.18385216951069167,0,0,0.04265377149411098,0.09192608475534583,0,0,0,0
P01,V1_video2_pocaluz,poca_luz,172,7.168801624915369,1,0.2850643845876004,0.29515503963075684,0.27497372954444405,0.15867459734209208,0.0,1.0,0.026573704554956112,0.2688058777576896,0.14768979115632286,0.17557449662441652,0,0,0.07384489557816143,0.08778724831220826,0,0,0,0
P01,V1_video2_pocaluz,poca_luz,173,7.210480704129994,1,0.28362677851854334,0.2937048532973589,0.2735487037397277,0.15882875046461178,0.0,1.0,0.005501003602622512,0.2437229372405726,0.12461197042159755,0.1280285492141076,0,0,0.062305985210798775,0.0640142746070538,0,0,0,0
P01,V1_video2_pocaluz,poca_luz,174,7.252159783344618,1,0.280301057759645,0.28902593279489835,0.2715761827243916,0.15835074638839955,0.0,1.0,0.015971130331605687,0.10057771982569064,0.05827442507864816,0.11872510739500425,0,0,0.02913721253932408,0.059362553697502124,0,0,0,0
P01,V1_video2_pocaluz,poca_luz,175,7.293838862559242,1,0.28180479953032445,0.2926062273641208,0.27100337169652816,0.1588349187542056,0.0,1.0,0.00042442351607896445,0.0730035813827653,0.036714002449422134,0.25198443909564744,0,0,0.018357001224711067,0.12599221954782372,0,0,0,0
P01,V1_video2_pocaluz,poca_luz,176,7.335517941773866,1,0.2810695783024444,0.29270248519344194,0.26943667141144684,0.15918801185995343,0.0,1.0,0.001398097578732549,0.14956203554898506,0.0754800665638588,0.1266621157142034,0,0,0.0377400332819294,0.0633310578571017,0,0,0,0
P01,V1_video2_pocaluz,poca_luz,177,7.377197020988491,1,0.27961876595037627,0.2884569789987698,0.27078055290198266,0.15759351520901702,0.0,1.0,0.018671909051791946,0.07062440243690904,0.04464815574435049,0.24142000222633184,0,0,0.022324077872175246,0.12071000111316592,0,0,0,0
P01,V1_video2_pocaluz,poca_luz,178,7.418876100203115,1,0.2794409036212666,0.28965299001082856,0.26922881723170466,0.15882350460980788,0.0,1.0,0.03423631421443918,0.1579946225441442,0.09611546837929169,0.24421540101344616,0,0,0.048057734189645845,0.12210770050672308,0,0,0,0
P01,V1_video2_pocaluz,poca_luz,179,7.460555179417739,1,0.28119609677607943,0.2914080016793768,0.27098419187278205,0.15853562133602522,0.0,1.0,0.01864646146389326,0.08273706837196904,0.05069176491793115,0.2617312990413084,0,0,0.025345882458965574,0.1308656495206542,0,0,0,0
P01,V1_video2_pocaluz,poca_luz,180,7.502234258632363,1,0.28201128922990326,0.29359625677356804,0.27042632168623854,0.15940183103747863,0.0,1.0,0.002089438247814046,0.13629750519946526,0.06919347172363965,0.23161929624702385,0,0,0.03459673586181983,0.11580964812351192,0,0,0,0
P01,V1_video2_pocaluz,poca_luz,181,7.543913337846988,1,0.2810960923228143,0.29241468917911306,0.2697774954665155,0.1590330077336705,0.0,1.0,0.002523821514218705,0.09035797907408638,0.04644090029415254,0.12153205578569819,0,0,0.02322045014707627,0.060766027892849094,0,0,0,0
P01,V1_video2_pocaluz,poca_luz,182,7.585592417061612,1,0.2804870890434972,0.2902729872743222,0.2707011908126721,0.1585732849007912,0.0,1.0,0.001481594031458866,0.17718293170826505,0.08933226286986196,0.28864511430134815,0,0,0.04466613143493098,0.14432255715067407,0,0,0,0
P01,V1_video2_pocaluz,poca_luz,183,7.6272714962762365,1,0.28034411016573946,0.291249229179404,0.26943899115207487,0.15907068908810945,0.0,1.0,0.05973571927585419,0.11793697962212424,0.08883634944898922,0.19768942273659434,0,0,0.04441817472449461,0.09884471136829717,0,0,0,0
P01,V1_video2_pocaluz,poca_luz,184,7.66895057549086,1,0.27079968976925484,0.2819412929207845,0.2596580866177252,0.1591415500480457,0.0,1.0,0.02391293102071612,0.3936933017634373,0.20880311639207672,0.11105425603288407,0,0,0.10440155819603836,0.05552712801644204,0,0,0,0
P01,V1_video2_pocaluz,poca_luz,185,7.7106296547054844,1,0.05195122471458471,0.03188446074991853,0.07201798867925088,0.15988454675723227,0.005376344086021506,1.0,0.09664000071312973,0.2702017711175623,0.183420885915346,0.243065144040417,1,0,0.5917104429576729,0.1215325720202085,1,0,1,0
P01,V1_video2_pocaluz,poca_luz,186,7.752308733920109,1,0.020544463095181376,0.01606478069072611,0.025024145499636646,0.16003530419898057,0.0106951871657754,1.0,0.32485651774406876,0.15789882794939047,0.24137767284672962,0.118673803876999,1,0,0.6206888364233648,0.0593369019384995,1,0,1,0
P01,V1_video2_pocaluz,poca_luz,187,7.793987813134733,1,0.03299104103130024,0.0216361029211372,0.04434597914146328,0.16018914384102834,0.015957446808510637,1.0,0.33005114395258917,0.33117704856117847,0.3306140962568838,0.21160274772318924,1,0,0.6653070481284419,0.10580137386159462,1,0,1,0
P01,V1_video2_pocaluz,poca_luz,188,7.835666892349357,1,0.10626586575109821,0.10433485034041241,0.10819688116178401,0.15984491880479557,0.021164021164021163,1.0,0.09482029647398549,0.20805977383290175,0.15144003515344362,0.30292844846277567,1,0,0.5757200175767219,0.15146422423138783,1,0,0,0
P01,V1_video2_pocaluz,poca_luz,189,7.877345971563981,1,0.21157378473127486,0.21670698780217176,0.206440581660378,0.15935111675249503,0.021052631578947368,1.0,0.11845650696015941,0.5239154382860609,0.32118597262311016,0.21415812348473315,0,0,0.16059298631155508,0.10707906174236657,0,0,0,0
P01,V1_video2_pocaluz,poca_luz,190,7.919025050778606,1,0.237253577940003,0.24779699186519438,0.22671016401481167,0.15897665963156027,0.020942408376963352,1.0,0.11347816710125869,0.3560026058789906,0.23474038649012463,0.2798508349453435,0,0,0.11737019324506232,0.13992541747267176,0,0,0,0
P01,V1_video2_pocaluz,poca_luz,191,7.96070412999323,1,0.25423434047674875,0.26446001656577794,0.24400866438771954,0.15940152376515113,0.020833333333333332,1.0,0.10162293981270476,0.23125026048673025,0.1664366001497175,0.20174801747076468,0,0,0.08321830007485875,0.10087400873538234,0,0,0,0
P01,V1_video2_pocaluz,poca_luz,192,8.002383209207855,1,0.2622388874968766,0.27373809447302144,0.2507396805207318,0.15799995497195055,0.02072538860103627,1.0,0.045907296433296274,0.2786918870056847,0.1622995917194905,0.2512689421057555,0,0,0.08114979585974524,0.12563447105287776,0,0,0,0
P01,V1_video2_pocaluz,poca_luz,193,8.044062288422479,1,0.2653662398549326,0.2764718534558564,0.2542606262540087,0.15799546066354234,0.020618556701030927,1.0,0.04591739557180463,0.191831507153979,0.11887445136289182,0.22667581087610547,0,0,0.05943722568144591,0.11333790543805274,0,0,0,0
P01,V1_video2_pocaluz,poca_luz,194,8.085741367637103,1,0.269866535128608,0.2823771179736854,0.25735595228353053,0.15879782771148396,0.020512820512820513,1.0,0.009439053547300347,0.2061620801657451,0.10780056685652273,0.1724256497968208,0,0,0.053900283428261364,0.0862128248984104,0,0,0,0
P01,V1_video2_pocaluz,poca_luz,195,8.127420446851726,1,0.27050559357683523,0.28351790659751275,0.2574932805561578,0.15912605386494116,0.02040816326530612,1.0,0.010886393767371771,0.32720357972824654,0.16904498674780916,0.09248312860409136,0,0,0.08452249337390458,0.04624156430204568,0,0,0,0
P01,V1_video2_pocaluz,poca_luz,196,8.16909952606635,1,0.2699945094189257,0.2822980572255871,0.25769096161226435,0.1584114479816582,0.02030456852791878,1.0,0.04334425172702494,0.5572551460248436,0.3002996988759343,0.076422305638338,0,0,0.15014984943796714,0.038211152819169,0,0,0,0
P01,V1_video2_pocaluz,poca_luz,197,8.210778605280975,1,0.2709781998361866,0.2826477807005858,0.25930861897178736,0.1579317705932203,0.020202020202020204,1.0,0.012080537078598685,0.10913532681842608,0.060607931948512384,0.06083249125394451,0,0,0.030303965974256192,0.030416245626972253,0,0,0,0
P01,V1_video2_pocaluz,poca_luz,198,8.2524576844956,1,0.27173588120246883,0.2837705981282331,0.2597011642767046,0.1577158338982993,0.020100502512562814,1.0,0.013041635741491198,0.6322039407538707,0.3226227882476809,0.06342275591754451,0,0,0.16131139412384046,0.031711377958772255,0,0,0,0
P01,V1_video2_pocaluz,poca_luz,199,8.294136763710224,1,0.2766397309189188,0.28882376873763127,0.2644556931002064,0.15841554763844992,0.02,1.0,0.018244990955043394,0.4230953593791721,0.22067017516710774,0.08126530741793725,0,0,0.11033508758355387,0.040632653708968625,0,0,0,0
P01,V1_video2_pocaluz,poca_luz,200,8.335815842924848,1,0.2766424562580908,0.28798472049176793,0.26530019202441374,0.15833040343667681,0.01990049751243781,1.0,0.08075043982074903,0.3897826816054334,0.2352665607130912,0.06871784908258234,0,0,0.1176332803565456,0.03435892454129117,0,0,0,0
P01,V1_video2_pocaluz,poca_luz,201,8.377494922139473,1,0.2785947109954812,0.29148426787408305,0.2657051541168794,0.15874557189340582,0.019801980198019802,1.0,0.04074108952138311,0.29936121275371486,0.17005115113754898,0.08503437663488637,0,0,0.08502557556877449,0.04251718831744319,0,0,0,0
P01,V1_video2_pocaluz,poca_luz,202,8.419174001354097,1,0.27798084899480846,0.2900723044917709,0.26588939349784607,0.15857779449622725,0.019704433497536946,1.0,0.018682886158455703,0.41408455519149356,0.21638372067497463,0.05719981026107968,0,0,0.10819186033748732,0.02859990513053984,0,0,0,0
P01,V1_video2_pocaluz,poca_luz,203,8.460853080568722,1,0.2786951441819082,0.29016534146671114,0.26722494689710535,0.15799078053557872,0.0196078431372549,1.0,0.003626475618804692,0.11542740467532475,0.05952694014706472,0.08884987686755744,0,0,0.02976347007353236,0.04442493843377872,0,0,0,0
P01,V1_video2_pocaluz,poca_luz,204,8.502532159783344,1,0.27865519073941986,0.29046018213295965,0.26685019934588006,0.15845327149148192,0.01951219512195122,1.0,0.009587163988681313,0.12133343785383421,0.06546030092125776,0.07324123076538824,0,0,0.03273015046062888,0.03662061538269412,0,0,0,0
P01,V1_video2_pocaluz,poca_luz,205,8.544211238997969,1,0.2781185779546418,0.28974969612276247,0.26648745978652105,0.15834392573647302,0.019417475728155338,1.0,0.004525107675942053,0.21430232617495293,0.10941371692544749,0.08600377360139155,0,0,0.054706858462723745,0.04300188680069578,0,0,0,0
P01,V1_video2_pocaluz,poca_luz,206,8.585890318212593,1,0.2794314837698174,0.2903826760089178,0.26848029153071706,0.15808278234296758,0.01932367149758454,1.0,0.033804773502337904,0.060761916718819475,0.04728334511057869,0.09574571504908012,0,0,0.023641672555289345,0.04787285752454006,0,0,0,0
P01,V1_video2_pocaluz,poca_luz,207,8.627569397427218,1,0.2801377237811783,0.2933568756490025,0.26691857191335416,0.15786882223692006,0.019230769230769232,1.0,0.015076592983579884,0.06559948847673303,0.040338040730156455,0.12817942016479622,0,0,0.020169020365078227,0.06408971008239811,0,0,0,0
P01,V1_video2_pocaluz,poca_luz,208,8.669248476641842,1,0.28786779546453023,0.30188549216485694,0.2738500987642036,0.15840208747862247,0.019138755980861243,1.0,0.0025476629319375332,0.10144002891380077,0.05199384592286915,0.10909219594618112,0,0,0.025996922961434576,0.05454609797309056,0,0,0,0
P01,V1_video2_pocaluz,poca_luz,209,8.710927555856466,1,0.2869848869411167,0.30046231835024234,0.27350745553199096,0.15820066410160555,0.01904761904761905,1.0,0.007731432729912613,0.13375762750253295,0.07074453011622278,0.1496361655459944,0,0,0.03537226505811139,0.0748180827729972,0,0,0,0
P01,V1_video2_pocaluz,poca_luz,210,8.752606635071091,1,0.28207772869060777,0.29436132772069173,0.26979412966052374,0.15773744478361273,0.018957345971563982,1.0,0.017583586993431988,0.034280960711078334,0.02593227385225516,0.18501300968862777,0,0,0.01296613692612758,0.09250650484431389,0,0,0,0
P01,V1_video2_pocaluz,poca_luz,211,8.794285714285715,1,0.2830137896649816,0.2950249333326173,0.2710026459973458,0.1570974664875682,0.018867924528301886,1.0,0.008522883746176158,0.16237859362725648,0.08545073868671632,0.21722694663599676,0,0,0.04272536934335816,0.10861347331799838,0,0,0,0
P01,V1_video2_pocaluz,poca_luz,212,8.83596479350034,1,0.2903179887599114,0.3033436135171072,0.27729236400271556,0.15756028527329993,0.018779342723004695,1.0,0.0038370319413426612,0.11498875595870928,0.05941289395002597,0.2298748098622131,0,0,0.029706446975012984,0.11493740493110655,0,0,0,0
P01,V1_video2_pocaluz,poca_luz,213,8.877643872714962,1,0.28842409497737165,0.29997382637365155,0.2768743635810917,0.15767698101179653,0.018691588785046728,1.0,0.004336366244161449,0.10104252911288047,0.05268944767852096,0.13930513606535183,0,0,0.02634472383926048,0.06965256803267592,0,0,0,0
P01,V1_video2_pocaluz,poca_luz,214,8.919322951929587,1,0.28462709702089395,0.29613791259418976,0.2731162814475981,0.15821069675911503,0.018604651162790697,1.0,0.0057013911745666945,0.29524100571787915,0.15047119844622292,0.21528437800900505,0,0,0.07523559922311146,0.10764218900450252,0,0,0,0
P01,V1_video2_pocaluz,poca_luz,215,8.961002031144211,1,0.28395142428372866,0.29622426777227034,0.2716785807951869,0.15716504426029976,0.018518518518518517,1.0,0.0010516914986146153,0.3741775079663143,0.18761459973246447,0.19515210154729115,0,0,0.09380729986623224,0.09757605077364558,0,0,0,0
P01,V1_video2_pocaluz,poca_luz,216,9.002681110358836,1,0.29024760376639774,0.3011966001957958,0.2792986073369997,0.1573644505667578,0.018433179723502304,1.0,0.0071000040769023665,0.32125947673965016,0.16417974040827626,0.17707801915310586,0,0,0.08208987020413813,0.08853900957655293,0,0,0,0
P01,V1_video2_pocaluz,poca_luz,217,9.04436018957346,1,0.28601906579004477,0.29939090617614245,0.27264722540394704,0.15730969552063004,0.01834862385321101,1.0,0.0022328172836740823,0.021549168682134856,0.01189099298290447,0.25116319029331924,0,0,0.005945496491452235,0.12558159514665962,0,0,0,0
P01,V1_video2_pocaluz,poca_luz,218,9.086039268788085,1,0.28452693176649807,0.29717162603030467,0.27188223750269147,0.15777786008531022,0.0182648401826484,1.0,0.004922333117859612,0.04155291530164129,0.02323762420975045,0.15426360245356274,0,0,0.011618812104875226,0.07713180122678137,0,0,0,0
P01,V1_video2_pocaluz,poca_luz,219,9.127718348002709,1,0.28606717629642553,0.29954415843779014,0.27259019415506097,0.1576885080839807,0.01818181818181818,1.0,0.001683414496325808,0.09087567578578248,0.046279545141054146,0.16096946012376603,0,0,0.023139772570527073,0.08048473006188302,0,0,0,0
P01,V1_video2_pocaluz,poca_luz,220,9.169397427217334,1,0.28512919834967276,0.2969037472275345,0.27335464947181104,0.15746947177016804,0.01809954751131222,1.0,0.012856175132817449,0.0501323858758137,0.031494280504315575,0.20225688236366388,0,0,0.015747140252157787,0.10112844118183194,0,0,0,0
P01,V1_video2_pocaluz,poca_luz,221,9.211076506431958,1,0.2876137187186554,0.3004814936239014,0.2747459438134093,0.15748193562641885,0.018018018018018018,1.0,0.005902282814850945,0.06076017510684406,0.0333312289608475,0.13755475270468612,0,0,0.01666561448042375,0.06877737635234306,0,0,0,0
P01,V1_video2_pocaluz,poca_luz,222,9.25275558564658,1,0.2895736108371607,0.303135602445405,0.2760116192289164,0.15820669524051761,0.017937219730941704,1.0,0.0045012250045517455,0.12478416962844585,0.0646426973164988,0.12863540170103022,0,0,0.0323213486582494,0.06431770085051511,0,0,0,0
P01,V1_video2_pocaluz,poca_luz,223,9.294434664861205,1,0.2883602706867003,0.30259454224083093,0.27412599913256963,0.1579090518230409,0.017857142857142856,1.0,0.0009981237564897771,0.09332938554569892,0.04716375465109435,0.11600870495699507,0,0,0.023581877325547174,0.058004352478497535,0,0,0,0
P01,V1_video2_pocaluz,poca_luz,224,9.33611374407583,1,0.28574882249521694,0.2987185592512928,0.2727790857391411,0.15843802260503148,0.017777777777777778,1.0,0.00047181190596035094,0.10952534104645495,0.05499857647620765,0.08740137547965679,0,0,0.027499288238103825,0.043700687739828395,0,0,0,0
P01,V1_video2_pocaluz,poca_luz,225,9.377792823290454,1,0.28875085172407616,0.3025137650235731,0.27498793842457925,0.15833825894483333,0.017699115044247787,1.0,0.0024111140721007063,0.09577573260205541,0.04909342333707806,0.14415005899826056,0,0,0.02454671166853903,0.07207502949913028,0,0,0,0
P01,V1_video2_pocaluz,poca_luz,226,9.419471902505078,1,0.29015121175697306,0.3033359474489793,0.2769664760649668,0.15814927375593973,0.01762114537444934,1.0,0.0008184700221736119,0.0611822149775908,0.031000342499882205,0.1535318205749844,0,0,0.015500171249941103,0.0767659102874922,0,0,0,0
P01,V1_video2_pocaluz,poca_luz,227,9.461150981719703,1,0.29436195995223224,0.30813027115763514,0.2805936487468293,0.15828413847750394,0.017543859649122806,1.0,0.0012641178898430416,0.10402024879941119,0.052642183344627114,0.1424786192896238,0,0,0.026321091672313557,0.0712393096448119,0,0,0,0
P01,V1_video2_pocaluz,poca_luz,228,9.502830060934327,1,0.2934148445830773,0.3068759925794001,0.27995369658675445,0.1597287181706418,0.017467248908296942,1.0,0.02906306611807352,0.08288980108325006,0.05597643360066179,0.16436009109163513,0,0,0.027988216800330895,0.08218004554581756,0,0,0,0
P01,V1_video2_pocaluz,poca_luz,229,9.544509140148952,1,0.2875386265092858,0.3004079921182685,0.2746692609003031,0.15861144980347577,0.017391304347826087,1.0,0.013917932515157161,0.20703069562834542,0.11047431407175129,0.3078165653362341,0,0,0.055237157035875645,0.15390828266811704,0,0,0,0
P01,V1_video2_pocaluz,poca_luz,230,9.586188219363576,1,0.29271032128070024,0.30521516112907493,0.28020548143232554,0.15990907665885587,0.017316017316017316,1.0,0.01383472030459354,0.10248555699193906,0.0581601386482663,0.13105496301323638,0,0,0.02908006932413315,0.06552748150661819,0,0,0,0
P01,V1_video2_pocaluz,poca_luz,231,9.627867298578199,1,0.28918479016646237,0.3008951882235891,0.27747439210933555,0.1593075406877939,0.017241379310344827,1.0,0.04102602391931509,0.16029133420453656,0.10065867906192583,0.1198866442550884,0,0,0.05032933953096291,0.0599433221275442,0,0,0,0
P01,V1_video2_pocaluz,poca_luz,232,9.669546377792823,1,0.2869138794443801,0.29743775787847393,0.2763900010102863,0.15903736319765238,0.017167381974248927,1.0,0.027620318750390283,0.08070572886367933,0.054163023807034805,0.1585749149469846,0,0,0.027081511903517402,0.0792874574734923,0,0,0,0
P01,V1_video2_pocaluz,poca_luz,233,9.711225457007448,1,0.28678135504958785,0.29709571901702436,0.27646699108215134,0.1581649864619232,0.017094017094017096,1.0,0.02005817490862294,0.0108631538007814,0.01546066435470217,0.13264765966034156,0,0,0.007730332177351085,0.06632382983017078,0,0,0,0
P01,V1_video2_pocaluz,poca_luz,234,9.752904536222072,1,0.2848140002937488,0.29609155151392513,0.27353644907357244,0.15782024063372774,0.01702127659574468,1.0,0.023439413861273017,0.09062209409378708,0.057030753977530046,0.04940457335917986,0,0,0.028515376988765023,0.02470228667958993,0,0,0,0
P01,V1_video2_pocaluz,poca_luz,235,9.794583615436697,1,0.2838495755200734,0.2946799849326895,0.27301916610745725,0.15812729260044253,0.01694915254237288,1.0,0.10495406430554921,0.22386009302915777,0.1644070786673535,0.05436519670048098,0,0,0.08220353933367675,0.02718259835024049,0,0,0,0
P01,V1_video2_pocaluz,poca_luz,236,9.836262694651321,1,0.2882080349068181,0.3008156805783808,0.27560038923525537,0.15854829616563626,0.016877637130801686,1.0,0.022021396486391787,0.14038083851712846,0.08120111750176012,0.25464232459795993,0,0,0.04060055875088006,0.12732116229897997,0,0,0,0
P01,V1_video2_pocaluz,poca_luz,237,9.877941773865945,1,0.291812597150543,0.3043029208897917,0.2793222734112942,0.15925887058127677,0.01680672268907563,1.0,0.00481172507065919,0.11174732721555136,0.058279526143105276,0.12723298711477865,0,0,0.029139763071552638,0.06361649355738933,0,0,0,0
P01,V1_video2_pocaluz,poca_luz,238,9.91962085308057,1,0.2918568081120842,0.3039604247434157,0.27975319148075267,0.15868915145373555,0.016736401673640166,1.0,0.014740568964168865,0.11017316489463314,0.062456866929401,0.317139713764214,0,0,0.0312284334647005,0.158569856882107,0,0,0,0
P01,V1_video2_pocaluz,poca_luz,239,9.961299932295194,1,0.29548785253493476,0.30826974228675463,0.2827059627831149,0.15884705436483765,0.016666666666666666,1.0,0.034870021129654094,0.02454873747871955,0.029709379304186823,0.3144610887582928,0,0,0.014854689652093411,0.1572305443791464,0,0,0,0
P01,V1_video2_pocaluz,poca_luz,240,10.002979011509817,1,0.2894179327714007,0.2990297886578122,0.27980607688498926,0.15829814773135834,0.016597510373443983,1.0,0.016290522525059248,0.26850225672320394,0.1423963896241316,0.11592420809336831,0,0,0.0711981948120658,0.05796210404668416,0,0,0,0
P01,V1_video2_pocaluz,poca_luz,241,10.044658090724441,1,0.2890995650046071,0.2985276949666234,0.27967143504259073,0.1586993125403936,0.01652892561983471,1.0,0.034003097213992084,0.09801918993603931,0.0660111435750157,0.11788071512468892,0,0,0.03300557178750785,0.05894035756234446,0,0,0,0
P01,V1_video2_pocaluz,poca_luz,242,10.086337169939066,1,0.2856242236815754,0.29659978286989813,0.2746486644932527,0.15851211690764935,0.01646090534979424,1.0,0.015764024826126266,0.09936651185039713,0.0575652683382617,0.08768476045290981,0,0,0.02878263416913085,0.043842380226454904,0,0,0,0
P01,V1_video2_pocaluz,poca_luz,243,10.12801624915369,1,0.28394903708282215,0.2937030758191632,0.27419499834648114,0.1586512008982807,0.01639344262295082,1.0,0.017485243797497163,0.1016105988177749,0.05954792130763603,0.12965983472765866,0,0,0.029773960653818016,0.06482991736382933,0,0,0,0
P01,V1_video2_pocaluz,poca_luz,244,10.169695328368315,1,0.28426331399569066,0.29492898889844177,0.27359763909293955,0.158141991828169,0.0163265306122449,1.0,0.019237367049856013,0.3354992851625713,0.17736832610621367,0.18697268939519943,0,0,0.08868416305310683,0.09348634469759971,0,0,0,0
P01,V1_video2_pocaluz,poca_luz,245,10.21137440758294,1,0.2842155395668494,0.2926824311585006,0.2757486479751982,0.1579772447465596,0.016260162601626018,1.0,0.014899258337386034,0.09112590711964963,0.05301258272851783,0.2274017656373647,0,0,0.026506291364258916,0.11370088281868235,0,0,0,0
P01,V1_video2_pocaluz,poca_luz,246,10.253053486797564,1,0.28702661950111596,0.297493181512579,0.276560057489653,0.1583341839014076,0.016194331983805668,1.0,0.006121699047058837,0.03577302123570447,0.020947360141381655,0.08893916660443704,0,0,0.010473680070690827,0.04446958330221852,0,0,0,0
P01,V1_video2_pocaluz,poca_luz,247,10.294732566012188,1,0.28579227486078707,0.293598769909366,0.27798577981220807,0.1578745544539499,0.016129032258064516,1.0,0.05527601756350742,0.02942108126704457,0.04234854941527599,0.12181693200020224,0,0,0.021174274707637997,0.06090846600010112,0,0,0,0
P01,V1_video2_pocaluz,poca_luz,248,10.336411645226812,1,0.28466887776262406,0.2946001994451211,0.274737556080127,0.15751366470918182,0.01606425702811245,1.0,0.006789520228797197,0.06667787850673212,0.03673369936776466,0.22679646998444258,0,0,0.01836684968388233,0.11339823499222129,0,0,0,0
P01,V1_video2_pocaluz,poca_luz,249,10.378090724441435,1,0.28549949059694324,0.29572363302560656,0.27527534816828,0.1578511449898065,0.016,1.0,0.002729534781719223,0.06419516059210839,0.03346234768691381,0.2502023340954225,0,0,0.016731173843456904,0.12510116704771124,0,0,0,0
P01,V1_video2_pocaluz,poca_luz,250,10.41976980365606,1,0.28533257418032,0.29528428606386997,0.27538086229677,0.15757599814185466,0.01593625498007968,1.0,0.010604094717179824,0.09401405825854003,0.05230907648785993,0.19020807849221238,0,0,0.026154538243929965,0.09510403924610619,0,0,0,0
P01,V1_video2_pocaluz,poca_luz,251,10.461448882870684,1,0.2861205552336368,0.29541402425420615,0.2768270862130674,0.15747652298876796,0.015873015873015872,1.0,0.005492219422948752,0.08776001182650961,0.04662611562472918,0.14995137351052876,0,0,0.02331305781236459,0.07497568675526438,0,0,0,0
P01,V1_video2_pocaluz,poca_luz,252,10.503127962085308,1,0.28469427860271174,0.2942507539897201,0.27513780321570336,0.15798444288845392,0.015810276679841896,1.0,0.013163708894957549,0.028707629932431145,0.020935669413694347,0.21126025225839953,0,0,0.010467834706847173,0.10563012612919977,0,0,0,0
P01,V1_video2_pocaluz,poca_luz,253,10.544807041299933,1,0.2855238410636409,0.29507951061804977,0.2759681715092321,0.15857973752370377,0.015748031496062992,1.0,0.013695750008758667,0.02137150050777281,0.01753362525826574,0.27323388747541405,0,0,0.00876681262913287,0.13661694373770703,0,0,0,0
P01,V1_video2_pocaluz,poca_luz,254,10.586486120514557,1,0.2851864683926901,0.2954777194061985,0.27489521737918166,0.15848426428259366,0.01568627450980392,1.0,0.0076173486691649694,0.12787207324633576,0.06774471095775036,0.08790027150528472,0,0,0.03387235547887518,0.04395013575264236,0,0,0,0
P01,V1_video2_pocaluz,poca_luz,255,10.628165199729182,1,0.27828693682884376,0.2869696012466925,0.26960427241099505,0.15763905657256735,0.015625,1.0,0.011470278223404962,0.01897107785221197,0.015220678037808466,0.16704519730052922,0,0,0.007610339018904233,0.08352259865026461,0,0,0,0
P01,V1_video2_pocaluz,poca_luz,256,10.669844278943806,1,0.2806366125826731,0.28957586765464655,0.2716973575106996,0.1578109666387144,0.01556420233463035,1.0,0.02985509112119289,0.029575637460623527,0.02971536429090821,0.19707326912342918,0,0,0.014857682145454104,0.09853663456171459,0,0,0,0
P01,V1_video2_pocaluz,poca_luz,257,10.71152335815843,1,0.28406776634267034,0.29462155933106354,0.27351397335427713,0.15856290564632836,0.015503875968992248,1.0,0.009319922377822865,0.18875370395668,0.09903681316725144,0.2052980715532692,0,0,0.04951840658362572,0.1026490357766346,0,0,0,0
P01,V1_video2_pocaluz,poca_luz,258,10.753202437373053,1,0.29054899990131106,0.30256581014653705,0.27853218965608506,0.1581183759477049,0.015444015444015444,1.0,0.010342184390329412,0.026119878950853437,0.018231031670591424,0.182193578566927,0,0,0.009115515835295712,0.0910967892834635,0,0,0,0
P01,V1_video2_pocaluz,poca_luz,259,10.794881516587678,1,0.29163703112460676,0.3043447765966794,0.2789292856525341,0.15849118454085961,0.015384615384615385,1.0,0.007583073895938486,0.3469571907331692,0.17727013231455385,0.12068729596696523,0,0,0.08863506615727693,0.060343647983482615,0,0,0,0
P01,V1_video2_pocaluz,poca_luz,260,10.836560595802302,1,0.2929418826083799,0.30583695904637254,0.28004680617038724,0.15878362506918933,0.01532567049808429,1.0,0.022771057974803055,0.16062396005899826,0.09169750901690066,0.10843206625087555,0,0,0.04584875450845033,0.054216033125437775,0,0,0,0
P01,V1_video2_pocaluz,poca_luz,261,10.878239675016927,1,0.29025051639689836,0.30406357448284976,0.27643745831094696,0.15895571822618418,0.015267175572519083,1.0,0.012115020993383685,0.04910000081116428,0.030607510902273982,0.08903389361487836,0,0,0.015303755451136991,0.04451694680743918,0,0,0,0
P01,V1_video2_pocaluz,poca_luz,262,10.919918754231551,1,0.28965032107730976,0.30338314528921756,0.27591749686540196,0.1590707129179744,0.015209125475285171,1.0,0.02172933014815326,0.0469476658005461,0.03433849797434968,0.19492053445253935,0,0,0.01716924898717484,0.09746026722626967,0,0,0,0
P01,V1_video2_pocaluz,poca_luz,263,10.961597833446175,1,0.2858846332555358,0.29812160542607247,0.2736476610849992,0.15851915587581197,0.015151515151515152,1.0,0.056044985706782735,0.23773273311735865,0.1468888594120707,0.05752943789455496,0,0,0.07344442970603535,0.02876471894727748,0,0,0,0
P01,V1_video2_pocaluz,poca_luz,264,11.0032769126608,1,0.2803639180699623,0.2909999172771085,0.2697279188628161,0.15744066799986403,0.01509433962264151,1.0,0.0793294182861991,0.28847477106846486,0.18390209467733198,0.11612746242392374,0,0,0.09195104733866599,0.05806373121196187,0,0,0,0
P01,V1_video2_pocaluz,poca_luz,265,11.044955991875424,1,0.2856596978399206,0.2979623686686249,0.2733570270112163,0.15809627945368726,0.015037593984962405,1.0,0.028270539033615094,0.6085455017764143,0.3184080204050147,0.1448678418801604,0,0,0.15920401020250735,0.0724339209400802,0,0,0,0
P01,V1_video2_pocaluz,poca_luz,266,11.086635071090049,1,0.2889626465239552,0.3018003968944547,0.2761248961534557,0.1578720613322376,0.0149812734082397,1.0,0.038211968614872194,0.2753168314262501,0.15676440002056113,0.11725906977423363,0,0,0.07838220001028057,0.058629534887116815,0,0,0,0
P01,V1_video2_pocaluz,poca_luz,267,11.128314150304671,1,0.2872329755287189,0.300609644919656,0.2738563061377818,0.1581908019263842,0.014925373134328358,1.0,0.01642756902015241,0.13266815165610224,0.07454786033812733,0.1423890983128415,0,0,0.03727393016906366,0.07119454915642075,0,0,0,0
P01,V1_video2_pocaluz,poca_luz,268,11.169993229519296,1,0.28793678893679847,0.30022947397301647,0.2756441039005805,0.15859349066741482,0.01486988847583643,1.0,0.030043501417901353,0.2250601193098456,0.12755181036387347,0.2334392813727538,0,0,0.06377590518193674,0.1167196406863769,0,0,0,0
P01,V1_video2_pocaluz,poca_luz,269,11.21167230873392,1,0.2906188987079183,0.3020448435811853,0.2791929538346513,0.15963367431989056,0.014814814814814815,1.0,0.03773751120079294,0.10125678091388024,0.06949714605733659,0.04506364630724072,0,0,0.034748573028668295,0.02253182315362036,0,0,0,0
P01,V1_video2_pocaluz,poca_luz,270,11.253351387948545,1,0.2890446644535315,0.29999974042259786,0.27808958848446513,0.16014524009878986,0.014760147601476014,1.0,0.021068843907782298,0.23866285075584093,0.1298658473318116,0.05643860336695352,0,0,0.0649329236659058,0.02821930168347676,0,0,0,0
P01,V1_video2_pocaluz,poca_luz,271,11.29503046716317,1,0.281597378321178,0.2921420178586894,0.2710527387836666,0.15978064980238188,0.014705882352941176,1.0,0.02060092894431409,0.052907259333337175,0.03675409413882563,0.11555232106886044,0,0,0.018377047069412816,0.05777616053443022,0,0,0,0
P01,V1_video2_pocaluz,poca_luz,272,11.336709546377794,1,0.2829885099989118,0.2918771031011332,0.27409991689669044,0.15954771202295728,0.014652014652014652,1.0,0.04095254718353736,0.09790163240810168,0.06942708979581952,0.08660339654951855,0,0,0.03471354489790976,0.04330169827475928,0,0,0,0
P01,V1_video2_pocaluz,poca_luz,273,11.378388625592418,1,0.28315178218878767,0.29336984463190696,0.2729337197456684,0.16022494534355586,0.014598540145985401,1.0,0.022043147260616958,0.12205353956716214,0.07204834341388955,0.14219754608626484,0,0,0.036024171706944774,0.07109877304313242,0,0,0,0
P01,V1_video2_pocaluz,poca_luz,274,11.420067704807042,1,0.28061034903544213,0.2905039631838223,0.2707167348870619,0.1600262287960908,0.014545454545454545,1.0,0.10129391053269254,0.09206635602776858,0.09668013328023056,0.030870189482645867,0,0,0.04834006664011528,0.015435094741322933,0,0,0,0
P01,V1_video2_pocaluz,poca_luz,275,11.461746784021667,1,0.28358600166140285,0.2919872021846512,0.2751848011381545,0.15989965248902863,0.014492753623188406,1.0,0.0800107738375716,0.0910726456181008,0.0855417097278362,0.03423083587096815,0,0,0.0427708548639181,0.017115417935484076,0,0,0,0
P01,V1_video2_pocaluz,poca_luz,276,11.50342586323629,1,0.29260129997954104,0.30426890127285133,0.28093369868623075,0.16007871348034644,0.01444043321299639,1.0,0.038123069235779794,0.16629433424216333,0.10220870173897156,0.06566844248897845,0,0,0.05110435086948578,0.032834221244489224,0,0,0,0
P01,V1_video2_pocaluz,poca_luz,277,11.545104942450914,1,0.29403447443250486,0.3059762254916352,0.28209272337337443,0.15966027231818364,0.014388489208633094,1.0,0.02139863375037665,0.12949655453840292,0.07544759414438978,0.04244890765224973,0,0,0.03772379707219489,0.021224453826124864,0,0,0,0
P01,V1_video2_pocaluz,poca_luz,278,11.586784021665538,1,0.2881071757530858,0.29930843950703717,0.27690591199913445,0.15895111353604957,0.014336917562724014,1.0,0.02768032338957782,0.09150431925892133,0.059592321324249575,0.04655790001173237,0,0,0.029796160662124788,0.023278950005866186,0,0,0,0
P01,V1_video2_pocaluz,poca_luz,279,11.628463100880163,1,0.2867935752459314,0.2985209727455343,0.2750661777463286,0.15883385159514654,0.014285714285714285,1.0,0.027579814669494884,0.06349255438716384,0.04553618452832936,0.04768953991128027,0,0,0.02276809226416468,0.023844769955640135,0,0,0,0
P01,V1_video2_pocaluz,poca_luz,280,11.670142180094787,1,0.28660692730564463,0.2971523289404741,0.2760615256708151,0.1586856365249977,0.014234875444839857,1.0,0.01880878234901273,0.04311394685305259,0.03096136460103266,0.04462314247379366,0,0,0.01548068230051633,0.02231157123689683,0,0,0,0
P01,V1_video2_pocaluz,poca_luz,281,11.711821259309412,1,0.289034254903849,0.3010709845023347,0.27699752530536326,0.15820602919206606,0.014184397163120567,1.0,0.012673813260586142,0.16067805058279427,0.08667593192169021,0.02832771478333829,0,0,0.043337965960845104,0.014163857391669145,0,0,0,0
P01,V1_video2_pocaluz,poca_luz,282,11.753500338524036,1,0.2865920902093195,0.2999668524912761,0.273217327927363,0.15861343034938383,0.014134275618374558,1.0,0.049163333624328454,0.11243925129723464,0.08080129246078155,0.04694150025410652,0,0,0.040400646230390774,0.02347075012705326,0,0,0,0
P01,V1_video2_pocaluz,poca_luz,283,11.79517941773866,1,0.2893439796804804,0.30243500001040585,0.276252959350555,0.1592577263125069,0.014084507042253521,1.0,0.0026699086831085683,0.09182191458963684,0.047245911636372706,0.06182235144985627,0,0,0.023622955818186353,0.030911175724928134,0,0,0,0
P01,V1_video2_pocaluz,poca_luz,284,11.836858496953285,1,0.28834787966170006,0.3016668521445589,0.2750289071788412,0.15848008777257458,0.014035087719298246,1.0,0.0027768167657304943,0.33225312832796094,0.16751497254684572,0.037290699079129075,0,0,0.08375748627342286,0.018645349539564537,0,0,0,0
P01,V1_video2_pocaluz,poca_luz,285,11.878537576167908,1,0.2862337877086064,0.2974006216716578,0.27506695374555495,0.15871163661913915,0.013986013986013986,1.0,0.050586764374130566,0.3690052327506147,0.20979599856237263,0.08248800273611809,0,0,0.10489799928118632,0.041244001368059044,0,0,0,0
P01,V1_video2_pocaluz,poca_luz,286,11.920216655382532,1,0.287551754908338,0.299593385850267,0.275510123966409,0.159997505447098,0.013937282229965157,1.0,0.12607378530479818,0.08653963435566692,0.10630670983023255,0.03232530206219824,0,0,0.053153354915116274,0.01616265103109912,0,0,0,0
P01,V1_video2_pocaluz,poca_luz,287,11.961895734597157,1,0.2815941894255053,0.29214861087243293,0.2710397679785777,0.1593516741173474,0.013888888888888888,1.0,0.14447077550041532,0.1419436923392562,0.14320723391983575,0.0322219326604052,0,0,0.07160361695991788,0.0161109663302026,0,0,0,0
P01,V1_video2_pocaluz,poca_luz,288,12.003574813811781,1,0.29068517064335836,0.3036368623616436,0.2777334789250731,0.16034107132471112,0.01384083044982699,1.0,0.012715187613460133,0.510377406739719,0.26154629717658956,0.1529727754782116,0,0,0.13077314858829478,0.0764863877391058,0,0,0,0
P01,V1_video2_pocaluz,poca_luz,289,12.045253893026405,1,0.29174587301928956,0.304507076054009,0.2789846699845701,0.16001303922504684,0.013793103448275862,1.0,0.001756226244320258,0.31793238784648237,0.1598443070454013,0.2558479158147424,0,0,0.07992215352270066,0.1279239579073712,0,0,0,0
P01,V1_video2_pocaluz,poca_luz,290,12.08693297224103,1,0.2884250548174723,0.30037362270627876,0.2764764869286659,0.1600007898509154,0.013745704467353952,1.0,0.003548052258830481,0.1188846773581268,0.06121636480847864,0.2058931907632018,0,0,0.03060818240423932,0.1029465953816009,0,0,0,0
P01,V1_video2_pocaluz,poca_luz,291,12.128612051455654,1,0.2887716590436509,0.30170910125629374,0.275834216831008,0.15999471095458795,0.0136986301369863,1.0,0.007146743296145064,0.037146965194308934,0.022146854245227,0.09301380771027477,0,0,0.0110734271226135,0.04650690385513739,0,0,0,0
P01,V1_video2_pocaluz,poca_luz,292,12.170291130670279,1,0.28785221440737613,0.30064999145676863,0.2750544373579836,0.15951330454309143,0.013651877133105802,1.0,0.007098259666849738,0.05865435326245205,0.032876306464650895,0.06763926712942825,0,0,0.016438153232325448,0.033819633564714124,0,0,0,0
P01,V1_video2_pocaluz,poca_luz,293,12.211970209884903,1,0.2911590602324291,0.3029378101892253,0.27938031027563287,0.15987066326106805,0.013605442176870748,1.0,0.012171391678700183,0.20146092754794298,0.10681615961332158,0.14223753808592918,0,0,0.05340807980666079,0.07111876904296459,0,0,0,0
P01,V1_video2_pocaluz,poca_luz,294,12.253649289099526,1,0.2920699909327135,0.304610329917519,0.279529651947908,0.1600272777521044,0.013559322033898305,1.0,0.00502714724651121,0.0032860831668106716,0.004156615206660941,0.08177546738997361,0,0,0.0020783076033304704,0.04088773369498681,0,0,0,0
P01,V1_video2_pocaluz,poca_luz,295,12.29532836831415,1,0.291062751896215,0.3050998345541007,0.2770256692383293,0.16020074763733785,0.013513513513513514,1.0,0.0063852646402910995,0.04959913695200835,0.027992200796149724,0.07074734572433782,0,0,0.013996100398074862,0.03537367286216891,0,0,0,0
P01,V1_video2_pocaluz,poca_luz,296,12.337007447528775,1,0.29006921553967047,0.30247543427600254,0.2776629968033384,0.15955106034266522,0.013468013468013467,1.0,0.0003786536118701722,0.016409388374209355,0.008394020993039764,0.08425781608662661,0,0,0.004197010496519882,0.042128908043313304,0,0,0,0
P01,V1_video2_pocaluz,poca_luz,297,12.3786865267434,1,0.29206157427140167,0.3056785517917305,0.2784445967510728,0.16013761236414734,0.013422818791946308,1.0,0.010679183481304033,0.003935154904955218,0.007307169193129626,0.05430134853425125,0,0,0.003653584596564813,0.027150674267125623,0,0,0,0
P01,V1_video2_pocaluz,poca_luz,298,12.420365605958024,1,0.29350508186754487,0.30708665165776394,0.27992351207732585,0.16016603532530313,0.013377926421404682,1.0,0.001537398855705141,0.005177975900131138,0.0033576873779181393,0.07772575617306633,0,0,0.0016788436889590697,0.038862878086533166,0,0,0,0
P01,V1_video2_pocaluz,poca_luz,299,12.462044685172648,1,0.29106588655003307,0.30476100579222987,0.2773707673078362,0.15968573511446554,0.013333333333333334,1.0,0.019376509507248563,0.025738249777244593,0.022557379642246578,0.0501856595766163,0,0,0.011278689821123289,0.02509282978830815,0,0,0,0
P01,V1_video2_pocaluz,poca_luz,300,12.503723764387273,1,0.29397770684445557,0.30886005227769675,0.2790953614112144,0.15870590264970214,0.013289036544850499,1.0,0.008458170749346183,0.028998528746910113,0.018728349748128148,0.11677011159776875,0,0,0.009364174874064074,0.058385055798884374,0,0,0,0
P01,V1_video2_pocaluz,poca_luz,301,12.545402843601897,1,0.29216388421456996,0.3047863245134404,0.2795414439156996,0.1586465433112712,0.013245033112582781,1.0,0.008780756353413244,0.03737673778820649,0.02307874707080987,0.047207057675784335,0,0,0.011539373535404934,0.023603528837892167,0,0,0,0
P01,V1_video2_pocaluz,poca_luz,302,12.587081922816521,1,0.2943284883214693,0.30633227456309275,0.2823247020798459,0.15833377216678707,0.013201320132013201,1.0,0.005077218024525099,0.0966043103988321,0.0508407642116786,0.03400885369545452,0,0,0.0254203821058393,0.01700442684772726,0,0,0,0
P01,V1_video2_pocaluz,poca_luz,303,12.628761002031146,1,0.29383552687867587,0.30638600298627056,0.2812850507710811,0.15822304037532706,0.013157894736842105,1.0,0.0007717637851049064,0.07995112494718226,0.040361444366143584,0.11313180419543324,0,0,0.020180722183071792,0.05656590209771662,0,0,0,0
P01,V1_video2_pocaluz,poca_luz,304,12.670440081245768,1,0.29267191281413163,0.3058909095159653,0.279452916112298,0.15832193804095757,0.013114754098360656,1.0,0.010111374629496184,0.1795886847251179,0.09485002967730705,0.13294987940560354,0,0,0.04742501483865352,0.06647493970280177,0,0,0,0
P01,V1_video2_pocaluz,poca_luz,305,12.712119160460393,1,0.29111121150566444,0.30507804044825104,0.2771443825630778,0.15800187332166837,0.013071895424836602,1.0,0.03337648428996376,0.060409230587855745,0.04689285743890975,0.1538727462117127,0,0,0.023446428719454876,0.07693637310585635,0,0,0,0
P01,V1_video2_pocaluz,poca_luz,306,12.753798239675017,1,0.2920208679270957,0.3058395298793906,0.2782022059748008,0.15797155637068294,0.013029315960912053,1.0,0.006698914768446418,0.03304695638212307,0.019872935575284745,0.049981251455390834,0,0,0.009936467787642372,0.024990625727695417,0,0,0,0
P01,V1_video2_pocaluz,poca_luz,307,12.795477318889642,1,0.2943499178496093,0.3086582606461365,0.28004157505308214,0.1579750826670958,0.012987012987012988,1.0,0.005602441644544043,0.07921835834219915,0.042410399993371595,0.04896839285367785,0,0,0.021205199996685797,0.024484196426838925,0,0,0,0
P01,V1_video2_pocaluz,poca_luz,308,12.837156398104266,1,0.293903437116125,0.30672688547098614,0.2810799887612638,0.15796037559401244,0.012944983818770227,1.0,0.012007299636520474,0.16586531775808355,0.08893630869730201,0.05814418016845749,0,0,0.04446815434865101,0.029072090084228744,0,0,0,0
P01,V1_video2_pocaluz,poca_luz,309,12.87883547731889,1,0.2935424382362073,0.3060819923402091,0.2810028841322055,0.15839017380241696,0.012903225806451613,1.0,0.018731143237285863,0.07237925211216789,0.04555519767472688,0.056601225084477805,0,0,0.02277759883736344,0.028300612542238902,0,0,0,0
P01,V1_video2_pocaluz,poca_luz,310,12.920514556533515,1,0.290790151710758,0.30407760545020535,0.27750269797131066,0.15903811167566234,0.012861736334405145,1.0,0.010793890828678654,0.05846741410409184,0.03463065246638525,0.04705238415064907,0,0,0.017315326233192624,0.023526192075324536,0,0,0,0
P01,V1_video2_pocaluz,poca_luz,311,12.96219363574814,1,0.2927527516963955,0.30628154864735446,0.27922395474543654,0.15978483175165725,0.01282051282051282,1.0,0.03004218137740744,0.024994103602349438,0.02751814248987844,0.08346951356442664,0,0,0.01375907124493922,0.04173475678221332,0,0,0,0
P01,V1_video2_pocaluz,poca_luz,312,13.003872714962764,1,0.2907128589658937,0.30320719615162944,0.27821852178015793,0.15909258638831014,0.012779552715654952,1.0,0.07107585739913835,0.2618274797986405,0.16645166859888944,0.16065689485332574,0,0,0.08322583429944472,0.08032844742666287,0,0,0,0
P01,V1_video2_pocaluz,poca_luz,313,13.045551794177387,1,0.29298162765391966,0.30539955859373463,0.28056369671410464,0.1589657218026384,0.012738853503184714,1.0,0.030928303539855095,0.09025019782379207,0.06058925068182358,0.17496440839764674,0,0,0.03029462534091179,0.08748220419882337,0,0,0,0
P01,V1_video2_pocaluz,poca_luz,314,13.087230873392011,1,0.29388893456054044,0.3088296111367783,0.27894825798430256,0.15789554557060737,0.012698412698412698,1.0,0.009453858030014861,0.05791722885330619,0.033685543441660526,0.15801254368783232,0,0,0.016842771720830263,0.07900627184391616,0,0,0,0
P01,V1_video2_pocaluz,poca_luz,315,13.128909952606636,1,0.29522685854951836,0.30720024194451573,0.28325347515452093,0.15840032249222583,0.012658227848101266,1.0,0.03671807557245865,0.24015375256601967,0.13843591406923916,0.27369270615028074,0,0,0.06921795703461958,0.13684635307514037,0,0,0,0
P01,V1_video2_pocaluz,poca_luz,316,13.17058903182126,1,0.29312215481519066,0.3057156047555239,0.28052870487485737,0.1582538090201511,0.012618296529968454,1.0,0.02290566148149975,0.15417195651623095,0.08853880899886535,0.1551185252284814,0,0,0.044269404499432674,0.0775592626142407,0,0,0,0
P01,V1_video2_pocaluz,poca_luz,317,13.212268111035884,1,0.2855167959290049,0.29593448091804747,0.2750991109399624,0.158473044579271,0.012578616352201259,1.0,0.023381950776618976,0.06756378202214597,0.04547286639938247,0.165117737315192,0,0,0.022736433199691236,0.082558868657596,0,0,0,0
P01,V1_video2_pocaluz,poca_luz,318,13.253947190250509,1,0.28607667159005773,0.2962872302267248,0.27586611295339064,0.158835804400926,0.012539184952978056,1.0,0.019718206388682047,0.13001497814158713,0.07486659226513459,0.09112051652379037,0,0,0.037433296132567295,0.045560258261895185,0,0,0,0
P01,V1_video2_pocaluz,poca_luz,319,13.295626269465133,1,0.28678650066648603,0.29740367448067645,0.27616932685229556,0.15814089732654538,0.0125,1.0,0.003699632919425655,0.46746173274240854,0.2355806828309171,0.23843509845647665,0,0,0.11779034141545855,0.11921754922823832,0,0,0,0
P01,V1_video2_pocaluz,poca_luz,320,13.337305348679758,1,0.2861569868349436,0.2964151008923587,0.2758988727775286,0.15816838725355553,0.012461059190031152,1.0,0.013179166470709713,0.16188186322327647,0.08753051484699309,0.21203370858345164,0,0,0.043765257423496545,0.10601685429172582,0,0,0,0
P01,V1_video2_pocaluz,poca_luz,321,13.378984427894382,1,0.28850891606561724,0.3002433997061803,0.2767744324250541,0.15738895802022357,0.012422360248447204,1.0,0.00780396878748324,0.16198504658862145,0.08489450768805235,0.2772322368212917,0,0,0.04244725384402617,0.13861611841064586,0,0,0,0
P01,V1_video2_pocaluz,poca_luz,322,13.420663507109005,1,0.2905774103864889,0.30289503826459435,0.27825978250838346,0.1571049268738617,0.01238390092879257,1.0,0.002407973507713934,0.1734831508182867,0.08794556216300031,0.17744504367154096,0,0,0.043972781081500156,0.08872252183577048,0,0,0,0
P01,V1_video2_pocaluz,poca_luz,323,13.46234258632363,1,0.2878293179011122,0.29843196646671105,0.2772266693355133,0.1573690263819096,0.012345679012345678,1.0,0.022029243660424247,0.1335599304618068,0.07779458706111553,0.2988220170320757,0,0,0.038897293530557764,0.14941100851603786,0,0,0,0
P01,V1_video2_pocaluz,poca_luz,324,13.504021665538254,1,0.2898791394939423,0.3028355075571581,0.2769227714307264,0.1576174205738674,0.012307692307692308,1.0,0.0075254853114683495,0.3238295809473458,0.16567753312940708,0.14753996407333347,0,0,0.08283876656470354,0.07376998203666674,0,0,0,0
P01,V1_video2_pocaluz,poca_luz,325,13.545700744752878,1,0.2914586575117183,0.30434162019126215,0.27857569483217437,0.15760784709324224,0.012269938650306749,1.0,0.004921200482576049,0.15304331614388267,0.07898225831322936,0.2077475960708468,0,0,0.03949112915661468,0.1038737980354234,0,0,0,0
P01,V1_video2_pocaluz,poca_luz,326,13.587379823967503,1,0.29040327593553117,0.30361977039399113,0.27718678147707126,0.15733818611272452,0.012232415902140673,1.0,0.01872608246466878,0.0669561844837937,0.04284113347423124,0.22706897147730268,0,0,0.02142056673711562,0.11353448573865134,0,0,0,0
P01,V1_video2_pocaluz,poca_luz,327,13.629058903182127,1,0.28809877179716753,0.3023343072757546,0.27386323631858045,0.15770584450258812,0.012195121951219513,1.0,0.0017492189813032022,0.13962977734855841,0.07068949816493081,0.18059070161909896,0,0,0.035344749082465404,0.09029535080954948,0,0,0,0
P01,V1_video2_pocaluz,poca_luz,328,13.670737982396751,1,0.2866574173922237,0.2992853524444815,0.2740294823399659,0.15822340621847786,0.0121580547112462,1.0,0.0043385944074746385,0.28697802422272745,0.14565830931510104,0.15779290956923575,0,0,0.07282915465755052,0.07889645478461788,0,0,0,0
P01,V1_video2_pocaluz,poca_luz,329,13.712417061611376,1,0.2876156223582107,0.29969671048176577,0.2755345342346557,0.15915933994735654,0.012121212121212121,1.0,0.004591125776934546,0.02781149557755458,0.016201310677244563,0.2379600241496868,0,0,0.008100655338622281,0.1189800120748434,0,0,0,0
P01,V1_video2_pocaluz,poca_luz,330,13.754096140826,1,0.2856062968081318,0.2963155301647839,0.27489706345147974,0.15971507311083094,0.012084592145015106,1.0,0.010279332278160136,0.0032594335246890482,0.006769382901424592,0.17318613829998764,0,0,0.003384691450712296,0.08659306914999382,0,0,0,0
P01,V1_video2_pocaluz,poca_luz,331,13.795775220040623,1,0.285744792598257,0.29569755736185127,0.2757920278346627,0.15987400682771558,0.012048192771084338,1.0,0.01653934195170237,0.0046374352190505785,0.010588388585376474,0.2268400170554681,0,0,0.005294194292688237,0.11342000852773405,0,0,0,0
P01,V1_video2_pocaluz,poca_luz,332,13.837454299255247,1,0.2840267391641215,0.2967443940856865,0.27130908424255656,0.15977977644506022,0.012012012012012012,1.0,0.01347367454487658,0.020650400044691875,0.017062037294784227,0.19872050569871774,0,0,0.008531018647392113,0.09936025284935887,0,0,0,0
P01,V1_video2_pocaluz,poca_luz,333,13.879133378469872,1,0.28436573485156,0.2957869910492038,0.27294447865391624,0.15934165969148292,0.011976047904191617,1.0,0.012098915277198863,0.002478282054771741,0.007288598665985302,0.2120994419361224,0,0,0.003644299332992651,0.1060497209680612,0,0,0,0
P01,V1_video2_pocaluz,poca_luz,334,13.920812457684496,1,0.28531461055866725,0.2972328186676825,0.273396402449652,0.15943860676774374,0.011940298507462687,1.0,0.08258728326547649,0.06526097739129744,0.07392413032838696,0.20454754010687728,0,0,0.03696206516419348,0.10227377005343864,0,0,0,0
P01,V1_video2_pocaluz,poca_luz,335,13.96249153689912,1,0.28591085847850267,0.29821615447729916,0.2736055624797062,0.15971122503902016,0.011904761904761904,1.0,0.09459617408007936,0.05153488885367441,0.07306553146687689,0.17436380011330008,0,0,0.036532765733438444,0.08718190005665004,0,0,0,0
P01,V1_video2_pocaluz,poca_luz,336,14.004170616113745,1,0.28567542019056646,0.29679374622229476,0.27455709415883817,0.15945407773237752,0.011869436201780416,1.0,0.04560544896302454,0.2947380496917642,0.17017174932739437,0.2024541249548046,0,0,0.08508587466369719,0.1012270624774023,0,0,0,0
P01,V1_video2_pocaluz,poca_luz,337,14.04584969532837,1,0.2876378736005253,0.2998853208084933,0.2753904263925573,0.15911783677145433,0.011834319526627219,1.0,0.03091670083477105,0.6216143052086148,0.32626550302169294,0.16434766443687251,0,0,0.16313275151084647,0.08217383221843626,0,0,0,0
P01,V1_video2_pocaluz,poca_luz,338,14.087528774542994,1,0.2864265710714777,0.29958421594122336,0.273268926201732,0.15907555462529208,0.011799410029498525,1.0,0.022598093637651084,0.2340906859903914,0.12834438981402124,0.09031658034668702,0,0,0.06417219490701062,0.04515829017334351,0,0,0,0
P01,V1_video2_pocaluz,poca_luz,339,14.129207853757618,1,0.2826116293376347,0.2951853981900995,0.27003786048516987,0.15861117277842815,0.011764705882352941,1.0,0.049046741397073546,0.16818736048832528,0.10861705094269941,0.16012159919469332,0,0,0.054308525471349706,0.08006079959734666,0,0,0,0
P01,V1_video2_pocaluz,poca_luz,340,14.170886932972241,1,0.282152231564972,0.2944066910404954,0.2698977720894486,0.1584123390323567,0.011730205278592375,1.0,0.06215192456150331,0.13611433305712894,0.09913312880931613,0.16308387946705571,0,0,0.049566564404658064,0.08154193973352786,0,0,0,0
P01,V1_video2_pocaluz,poca_luz,341,14.212566012186866,1,0.28476583664893707,0.29632737353044525,0.2732042997674288,0.15833722423669883,0.011695906432748537,1.0,0.01880115863409182,0.07791786993912886,0.04835951428661034,0.13558364970768677,0,0,0.02417975714330517,0.06779182485384339,0,0,0,0
P01,V1_video2_pocaluz,poca_luz,342,14.25424509140149,1,0.2835560269057418,0.29569502356243355,0.27141703024905,0.15819409194251338,0.011661807580174927,1.0,0.009134942495094833,0.09012423120692503,0.04962958685100993,0.10306215383061039,0,0,0.024814793425504966,0.051531076915305195,0,0,0,0
P01,V1_video2_pocaluz,poca_luz,343,14.295924170616114,1,0.282631117713744,0.2939428806127557,0.2713193548147323,0.15814571602279887,0.011627906976744186,1.0,0.000612109029216712,0.05967619576444905,0.03014415239683288,0.11018010697851778,0,0,0.01507207619841644,0.05509005348925889,0,0,0,0
P01,V1_video2_pocaluz,poca_luz,344,14.337603249830739,1,0.2832434318634197,0.2944830575134424,0.2720038062133971,0.1584917065896598,0.011594202898550725,1.0,0.00365605966356386,0.1018489472609283,0.05275250346224608,0.07440746498939767,0,0,0.02637625173112304,0.037203732494698834,0,0,0,0
P01,V1_video2_pocaluz,poca_luz,345,14.379282329045363,1,0.28689752918166067,0.2990975784414943,0.2746974799218271,0.15908285003756614,0.011560693641618497,1.0,0.023460745403154237,0.01575188868919475,0.019606317046174493,0.16211248924333074,0,0,0.009803158523087246,0.08105624462166537,0,0,0,0
P01,V1_video2_pocaluz,poca_luz,346,14.420961408259988,1,0.28857854970213986,0.30166640806042033,0.2754906913438594,0.15861031113128635,0.011527377521613832,1.0,0.026952686623413546,0.0650370524463566,0.045994869534885074,0.2782464274565104,0,0,0.022997434767442537,0.1391232137282552,0,0,0,0
P01,V1_video2_pocaluz,poca_luz,347,14.462640487474612,1,0.28805174074636264,0.3008307496861853,0.27527273180653994,0.15879536315465212,0.011494252873563218,1.0,0.010491986894230254,0.013550652356634219,0.012021319625432236,0.17486427993745646,0,0,0.006010659812716118,0.08743213996872823,0,0,0,0
P01,V1_video2_pocaluz,poca_luz,348,14.504319566689237,1,0.2878586578437139,0.301074635491621,0.27464268019580673,0.15840831041676495,0.011461318051575931,1.0,0.026002346446744595,0.04250714024105262,0.03425474334389861,0.13066689390681321,0,0,0.017127371671949304,0.06533344695340661,0,0,0,0
P01,V1_video2_pocaluz,poca_luz,349,14.54599864590386,1,0.2820168792133235,0.29478036185132295,0.26925339657532404,0.1586856180847805,0.011428571428571429,1.0,0.028483853343894472,0.07530719258774543,0.05189552296581995,0.28213155206504775,0,0,0.025947761482909976,0.14106577603252388,0,0,0,0
P01,V1_video2_pocaluz,poca_luz,350,14.587677725118484,1,0.2820886297208126,0.29463503202779945,0.2695422274138257,0.15885809699469733,0.011396011396011397,1.0,0.026536602609244175,0.11508900008888323,0.0708128013490637,0.21251530097639917,0,0,0.03540640067453185,0.10625765048819959,0,0,0,0
P01,V1_video2_pocaluz,poca_luz,351,14.629356804333108,1,0.28099494127263636,0.2932231985077908,0.26876668403748194,0.15916866210163338,0.011363636363636364,1.0,0.015040672347495176,0.08927259238060148,0.05215663236404833,0.2621444731557241,0,0,0.026078316182024164,0.13107223657786204,0,0,0,0
P01,V1_video2_pocaluz,poca_luz,352,14.671035883547733,1,0.2824419203225521,0.2951326539894183,0.269751186655686,0.15912471454923938,0.0113314447592068,1.0,0.03090224621899995,0.109941864659298,0.07042205543914898,0.26685872027109564,0,0,0.03521102771957449,0.13342936013554782,0,0,0,0
P01,V1_video2_pocaluz,poca_luz,353,14.712714962762357,1,0.2905819580009945,0.3036646751120416,0.2774992408899474,0.15821145085851093,0.011299435028248588,1.0,0.025415701257509804,0.023082445762856896,0.02424907351018335,0.11974415580231441,0,0,0.012124536755091675,0.05987207790115721,0,0,0,0
P01,V1_video2_pocaluz,poca_luz,354,14.754394041976981,1,0.2902230364000348,0.30214167645095685,0.27830439634911264,0.15833703920011308,0.011267605633802818,1.0,0.00281409907265584,0.09978881540269768,0.05130145723767676,0.12351705710674463,0,0,0.02565072861883838,0.06175852855337231,0,0,0,0
P01,V1_video2_pocaluz,poca_luz,355,14.796073121191606,1,0.28811092305840247,0.3014267329041877,0.2747951132126172,0.1585796886588396,0.011235955056179775,1.0,0.017080890080558353,0.013525822992596859,0.015303356536577606,0.28747174396491804,0,0,0.007651678268288803,0.14373587198245902,0,0,0,0
P01,V1_video2_pocaluz,poca_luz,356,14.83775220040623,1,0.2861822555699138,0.300175813411381,0.27218869772844656,0.1586518634701019,0.011204481792717087,1.0,0.05739011414255801,0.028470113669689656,0.042930113906123835,0.23568828025448116,0,0,0.021465056953061917,0.11784414012724058,0,0,0,0
P01,V1_video2_pocaluz,poca_luz,357,14.879431279620855,1,0.28526543871262033,0.2984849724457152,0.2720459049795254,0.1587310330609307,0.0111731843575419,1.0,0.02001840798387411,0.13897768976751823,0.07949804887569617,0.15108032815850728,0,0,0.039749024437848085,0.07554016407925364,0,0,0,0
P01,V1_video2_pocaluz,poca_luz,358,14.921110358835477,1,0.2850871670808419,0.29825426869924676,0.271920065462437,0.15818250570084577,0.011142061281337047,1.0,0.007289243203141393,0.029191559107976328,0.01824040115555886,0.2729323952140188,0,0,0.00912020057777943,0.1364661976070094,0,0,0,0
P01,V1_video2_pocaluz,poca_luz,359,14.962789438050102,1,0.2808625392456392,0.2911987037837007,0.2705263747075776,0.15867392612343126,0.011111111111111112,1.0,0.03768438834523713,0.05819742180993048,0.047940905077583806,0.1469724326072913,0,0,0.023970452538791903,0.07348621630364564,0,0,0,0
P01,V1_video2_pocaluz,poca_luz,360,15.004468517264726,1,0.2847216077058472,0.29746388767864895,0.2719793277330454,0.1578643011838852,0.011111111111111112,1.0,0.009927181739353141,0.36684810384117383,0.1883876427902635,0.26020138595431896,0,0,0.09419382139513174,0.13010069297715948,0,0,0,0
P01,V1_video2_pocaluz,poca_luz,361,15.04614759647935,1,0.28625632062860423,0.29962804485746836,0.2728845963997401,0.15749741892272212,0.011111111111111112,1.0,0.050433956074223185,0.3724874810222577,0.21146071854824045,0.125314468184195,0,0,0.10573035927412022,0.0626572340920975,0,0,0,0
P01,V1_video2_pocaluz,poca_luz,362,15.087826675693975,1,0.28490344820724706,0.29737383478591245,0.27243306162858166,0.15733048396155055,0.011111111111111112,1.0,0.01998302743480107,0.3126129117005081,0.16629796956765458,0.22412998544934673,0,0,0.08314898478382729,0.11206499272467337,0,0,0,0
P01,V1_video2_pocaluz,poca_luz,363,15.1295057549086,1,0.2807208325442929,0.29143531495813885,0.27000635013044705,0.15731516294587636,0.011111111111111112,1.0,0.004371587343672267,0.344633100123932,0.17450234373380213,0.29836874596614504,0,0,0.08725117186690107,0.14918437298307252,0,0,0,0
P01,V1_video2_pocaluz,poca_luz,364,15.171184834123224,1,0.2811073920599976,0.2916281539383193,0.2705866301816759,0.1576398764118751,0.011111111111111112,1.0,0.07636598438916653,0.3410340454593138,0.20870001492424017,0.13158594293873604,0,0,0.10435000746212009,0.06579297146936802,0,0,0,0
P01,V1_video2_pocaluz,poca_luz,365,15.212863913337848,1,0.28012201141462756,0.2907977450897672,0.2694462777394879,0.1571878878966388,0.011111111111111112,1.0,0.004613336868181883,0.4673884111946658,0.23600087403142384,0.17034471872868692,0,0,0.11800043701571192,0.08517235936434346,0,0,0,0
P01,V1_video2_pocaluz,poca_luz,366,15.254542992552473,1,0.2814821809663237,0.29145326690265994,0.27151109502998755,0.15728315252064215,0.011111111111111112,1.0,0.003993950870687102,0.4054652163038682,0.20472958358727766,0.13727979077180344,0,0,0.10236479179363883,0.06863989538590172,0,0,0,0
P01,V1_video2_pocaluz,poca_luz,367,15.296222071767096,1,0.2853228577133806,0.2961508514061459,0.27449486402061535,0.1575731646857475,0.011111111111111112,1.0,0.01048593913515583,0.13425673544505656,0.0723713372901062,0.08317498000685565,0,0,0.0361856686450531,0.041587490003427825,0,0,0,0
P01,V1_video2_pocaluz,poca_luz,368,15.33790115098172,1,0.28713513719871453,0.2972665972148289,0.27700367718260016,0.1577002384214169,0.011111111111111112,1.0,0.01053413464221331,0.3241107558168478,0.16732244522953055,0.21453266299479523,0,0,0.08366122261476527,0.10726633149739762,0,0,0,0
P01,V1_video2_pocaluz,poca_luz,369,15.379580230196344,1,0.28441569500020647,0.29538897206405224,0.27344241793636076,0.15754656578534645,0.011111111111111112,1.0,0.010988497165966726,0.20012398678911492,0.10555624197754082,0.3036499259160788,0,0,0.05277812098877041,0.1518249629580394,0,0,0,0
P01,V1_video2_pocaluz,poca_luz,370,15.421259309410969,1,0.2852610421984165,0.2967413895519301,0.273780694844903,0.15727672619681649,0.011111111111111112,1.0,0.009297223238892816,0.39963546383790916,0.20446634353840099,0.22414806251641686,0,0,0.10223317176920049,0.11207403125820843,0,0,0,0
P01,V1_video2_pocaluz,poca_luz,371,15.462938388625593,1,0.28324089455827306,0.29497450036214423,0.27150728875440194,0.15705985585234586,0.011111111111111112,1.0,0.012469942612704177,0.13840365322870152,0.07543679792070285,0.16581643802925092,0,0,0.037718398960351424,0.08290821901462546,0,0,0,0
P01,V1_video2_pocaluz,poca_luz,372,15.504617467840218,1,0.2817341139182997,0.2932974838416878,0.2701707439949117,0.15703252888834837,0.011111111111111112,1.0,0.007344853069446322,0.27211117264311047,0.1397280128562784,0.15810382439894888,0,0,0.0698640064281392,0.07905191219947444,0,0,0,0
P01,V1_video2_pocaluz,poca_luz,373,15.546296547054842,1,0.28101173756363007,0.2918009422663346,0.2702225328609255,0.15708346754477123,0.011111111111111112,1.0,0.009309216785034047,0.2039561436823668,0.10663268023370043,0.18598973027115415,0,0,0.053316340116850214,0.09299486513557707,0,0,0,0
P01,V1_video2_pocaluz,poca_luz,374,15.587975626269467,1,0.28428312204313094,0.2945416009277196,0.2740246431585423,0.1589599647720877,0.011111111111111112,1.0,0.02563936488983043,0.2600039493408042,0.1428216571153173,0.081572379582482,0,0,0.07141082855765865,0.040786189791241,0,0,0,0
P01,V1_video2_pocaluz,poca_luz,375,15.629654705484091,1,0.28552841889056235,0.2958345812097071,0.27522225657141763,0.15853821223908976,0.011111111111111112,1.0,0.013211266704242997,0.18350153139862102,0.09835639905143201,0.07936682990247958,0,0,0.049178199525716004,0.03968341495123979,0,0,0,0
P01,V1_video2_pocaluz,poca_luz,376,15.671333784698714,1,0.28786200790051897,0.2965181947477237,0.2792058210533143,0.1581050646714565,0.011111111111111112,1.0,0.025897006211709206,0.13186390695380612,0.07888045658275766,0.12386241379720744,0,0,0.03944022829137883,0.06193120689860372,0,0,0,0
P01,V1_video2_pocaluz,poca_luz,377,15.713012863913338,1,0.28618721449356943,0.2945694724308302,0.2778049565563086,0.15720982092869457,0.011111111111111112,1.0,0.033495190226702776,0.15093544373651013,0.09221531698160645,0.2768595946962765,0,0,0.04610765849080323,0.13842979734813826,0,0,0,0
P01,V1_video2_pocaluz,poca_luz,378,15.754691943127963,1,0.2851431944573728,0.29542171203895207,0.2748646768757936,0.15678228150089615,0.011111111111111112,1.0,0.07247687872671282,0.22958954604516169,0.15103321238593725,0.22401725521769683,0,0,0.07551660619296863,0.11200862760884842,0,0,0,0
P01,V1_video2_pocaluz,poca_luz,379,15.796371022342587,1,0.2825526150948684,0.2916654906727425,0.27343973951699435,0.1567462777777256,0.011111111111111112,1.0,0.018500825992087466,0.05367381507231839,0.03608732053220293,0.11945398768934017,0,0,0.018043660266101463,0.05972699384467008,0,0,0,0
P01,V1_video2_pocaluz,poca_luz,380,15.838050101557211,1,0.24334175531430335,0.25172823496001034,0.2349552756685964,0.15712683657794746,0.011111111111111112,1.0,0.24013406637911194,0.32789852885501514,0.28401629761706354,0.13952218973187575,0,0,0.14200814880853177,0.06976109486593787,0,0,0,0
P01,V1_video2_pocaluz,poca_luz,381,15.879729180771836,1,0.01619967007283409,0.01527074488283973,0.01712859526282845,0.15915258777775218,0.013888888888888888,1.0,0.11598552837931853,0.24263777838952305,0.1793116533844208,0.1747529186062065,1,0,0.5896558266922104,0.08737645930310325,1,0,1,0
P01,V1_video2_pocaluz,poca_luz,382,15.92140825998646,1,0.01497745454363464,0.009347717191682956,0.020607191895586324,0.15924071750181187,0.016666666666666666,1.0,0.47183945439596453,0.21601428029673153,0.34392686734634803,0.12634862868787392,1,0,0.671963433673174,0.06317431434393696,1,0,1,0
P01,V1_video2_pocaluz,poca_luz,383,15.963087339201085,1,0.017232774961215894,0.011176654621411167,0.023288895301020622,0.15942067226346657,0.019444444444444445,1.0,0.18827833679645978,0.17477293063480437,0.18152563371563207,0.2746299252002765,1,0,0.5907628168578161,0.13731496260013826,1,0,1,0
P01,V1_video2_pocaluz,poca_luz,384,16.00476641841571,1,0.02554057320054045,0.015649640276056392,0.035431506125024506,0.15904838456214807,0.022222222222222223,1.0,0.2507636593042003,0.37791951523645806,0.3143415872703292,0.2761209094087044,1,0,0.6571707936351646,0.1380604547043522,1,0,1,0
P01,V1_video2_pocaluz,poca_luz,385,16.046445497630334,1,0.021651696003217105,0.018633902549251243,0.02466948945718297,0.15945318828901853,0.025,1.0,0.16950119375993455,0.38325079188264755,0.27637599282129105,0.32785749413023385,1,0,0.6381879964106455,0.16392874706511693,1,0,1,0
P01,V1_video2_pocaluz,poca_luz,386,16.088124576844958,1,0.10415618065745316,0.11174498945695072,0.09656737185795561,0.15859876685216434,0.027777777777777776,1.0,0.2968012009906452,0.1251956233217948,0.21099841215622,0.22900679847182911,1,0,0.60549920607811,0.11450339923591456,1,0,1,0
P01,V1_video2_pocaluz,poca_luz,387,16.129803656059583,1,0.15244280248297812,0.172026425982369,0.13285917898358723,0.15793172369442618,0.027777777777777776,1.0,0.09137335350947595,0.3300322841850921,0.21070281884728403,0.13739468467797966,0,0,0.10535140942364202,0.06869734233898983,0,0,0,0
P01,V1_video2_pocaluz,poca_luz,388,16.171482735274207,1,0.2013888681716525,0.21152975126021364,0.19124798508309135,0.15802225250159174,0.027777777777777776,1.0,0.17541068306091834,0.4732088316128902,0.32430975733690426,0.21572294344559353,0,0,0.16215487866845213,0.10786147172279677,0,0,0,0
P01,V1_video2_pocaluz,poca_luz,389,16.213161814488828,1,0.2288763537802931,0.24300277738622852,0.2147499301743577,0.1576795133540772,0.027777777777777776,1.0,0.043295262634770904,0.18347386636495888,0.11338456449986489,0.1341589012298579,0,0,0.056692282249932446,0.06707945061492895,0,0,0,0
P01,V1_video2_pocaluz,poca_luz,390,16.254840893703452,1,0.24580729883140495,0.26092055881792486,0.230694038844885,0.1568576337601006,0.027777777777777776,1.0,0.016317717581298186,0.1222329878766727,0.06927535272898544,0.14047031120837225,0,0,0.03463767636449272,0.07023515560418613,0,0,0,0
P01,V1_video2_pocaluz,poca_luz,391,16.296519972918077,1,0.25749829870446644,0.2697629572346079,0.245233640174325,0.15695152102696677,0.027777777777777776,1.0,0.11886062891214266,0.20708880637361338,0.16297471764287802,0.1291151756820824,0,0,0.08148735882143901,0.0645575878410412,0,0,0,0
P01,V1_video2_pocaluz,poca_luz,392,16.3381990521327,1,0.2649303229958339,0.2776498901569334,0.2522107558347344,0.15730839595592874,0.027777777777777776,1.0,0.020680127884129207,0.20469570939111825,0.11268791863762373,0.15320626706067111,0,0,0.056343959318811865,0.07660313353033556,0,0,0,0
P01,V1_video2_pocaluz,poca_luz,393,16.379878131347326,1,0.26814750022678974,0.28159941175445957,0.2546955886991199,0.15730184019206778,0.027777777777777776,1.0,0.47074804124038383,0.26358542111671546,0.36716673117854964,0.110122104441523,0,0,0.18358336558927482,0.0550610522207615,0,0,0,0
P01,V1_video2_pocaluz,poca_luz,394,16.42155721056195,1,0.26969254892789984,0.28225165696944,0.25713344088635975,0.1572861461303427,0.027777777777777776,1.0,0.025467053375500148,0.2304045654698702,0.12793580942268518,0.10956962232980037,0,0,0.06396790471134259,0.054784811164900186,0,0,0,0
P01,V1_video2_pocaluz,poca_luz,395,16.463236289776574,1,0.27139871885763583,0.28268032664902887,0.2601171110662428,0.15720751760543905,0.027777777777777776,1.0,0.04198398128925107,0.3111067194445357,0.1765453503668934,0.08393983545707553,0,0,0.0882726751834467,0.04196991772853777,0,0,0,0
P01,V1_video2_pocaluz,poca_luz,396,16.5049153689912,1,0.27558716527550375,0.28679772676733456,0.26437660378367295,0.1570956785818054,0.027777777777777776,1.0,0.012872591056980909,0.19222026507706147,0.10254642806702119,0.19094352050448488,0,0,0.051273214033510595,0.09547176025224244,0,0,0,0
P01,V1_video2_pocaluz,poca_luz,397,16.546594448205823,1,0.2789214287214833,0.2891020488025953,0.2687408086403713,0.15742289628366327,0.027777777777777776,1.0,0.003452801445705589,0.07742109495448823,0.04043694820009691,0.13544826783842637,0,0,0.020218474100048456,0.06772413391921318,0,0,0,0
P01,V1_video2_pocaluz,poca_luz,398,16.588273527420448,1,0.2827020445348883,0.2945118711568306,0.270892217912946,0.1575751176888742,0.027777777777777776,1.0,0.0015743993668836387,0.21773445545321934,0.10965442741005149,0.13475181463382402,0,0,0.054827213705025746,0.06737590731691201,0,0,0,0
P01,V1_video2_pocaluz,poca_luz,399,16.629952606635072,1,0.28329911961949716,0.2956555316084208,0.2709427076305735,0.15783301311227146,0.027777777777777776,1.0,0.0035354325577227064,0.14986318716715485,0.07669930986243878,0.14308070835478923,0,0,0.03834965493121939,0.07154035417739461,0,0,0,0
P01,V1_video2_pocaluz,poca_luz,400,16.671631685849697,1,0.2865322517556211,0.29840576651784484,0.2746587369933973,0.15728326625669795,0.027777777777777776,1.0,0.005266332437407262,0.37485611930924523,0.19006122587332624,0.0812503739395342,0,0,0.09503061293666312,0.0406251869697671,0,0,0,0
P01,V1_video2_pocaluz,poca_luz,401,16.71331076506432,1,0.2808158365891487,0.29049224027492054,0.2711394329033769,0.15763554311346545,0.027777777777777776,1.0,0.01373529074555635,0.2384993294925536,0.12611731011905497,0.1486460635308776,0,0,0.06305865505952749,0.0743230317654388,0,0,0,0
P01,V1_video2_pocaluz,poca_luz,402,16.754989844278946,1,0.28475962893617873,0.2952002380262186,0.2743190198461389,0.15713375318470238,0.027777777777777776,1.0,0.011358013623960272,0.14365762143519845,0.07750781752957936,0.0694031833223052,0,0,0.03875390876478968,0.0347015916611526,0,0,0,0
P01,V1_video2_pocaluz,poca_luz,403,16.79666892349357,1,0.2860835757005234,0.29733395067028473,0.27483320073076206,0.15723365219774968,0.027777777777777776,1.0,0.0032107670544694322,0.21242039445756689,0.10781558075601816,0.11341071445501097,0,0,0.05390779037800908,0.056705357227505485,0,0,0,0
P01,V1_video2_pocaluz,poca_luz,404,16.838348002708194,1,0.28302632584471654,0.29592372270752987,0.27012892898190327,0.15684892144663665,0.027777777777777776,1.0,0.0024053793212406305,0.155645897311379,0.07902563831630982,0.057302730899170436,0,0,0.03951281915815491,0.028651365449585218,0,0,0,0
P01,V1_video2_pocaluz,poca_luz,405,16.88002708192282,1,0.28585660263081275,0.2982712708789586,0.2734419343826669,0.15671791105596128,0.027777777777777776,1.0,0.008573848859912081,0.24926958377079977,0.12892171631535593,0.05937708024539909,0,0,0.06446085815767796,0.029688540122699544,0,0,0,0
P01,V1_video2_pocaluz,poca_luz,406,16.921706161137443,1,0.2846960890443717,0.29666040091542323,0.27273177717332014,0.15722882364838486,0.027777777777777776,1.0,0.005068534779299139,0.15858592218527756,0.08182722848228835,0.054588472331261434,0,0,0.040913614241144175,0.027294236165630717,0,0,0,0
P01,V1_video2_pocaluz,poca_luz,407,16.963385240352068,1,0.2816504683377062,0.29302397492524723,0.27027696175016513,0.15708118136330085,0.027777777777777776,1.0,0.010755356236533786,0.05419971978365956,0.032477538010096674,0.07696273263311254,0,0,0.016238769005048337,0.03848136631655627,0,0,0,0
P01,V1_video2_pocaluz,poca_luz,408,17.00506431956669,1,0.2909119593202766,0.3053710247702785,0.2764528938702746,0.15709549556941502,0.027777777777777776,1.0,0.024193253176611917,0.5737139764077928,0.29895361479220234,0.20808646887571303,0,0,0.14947680739610117,0.10404323443785651,0,0,0,0
P01,V1_video2_pocaluz,poca_luz,409,17.046743398781313,1,0.2919919412227423,0.3052792356553225,0.27870464679016205,0.15739131174020438,0.027777777777777776,1.0,0.0062956300637943,0.6380916927865066,0.32219366142515043,0.2521571118912429,0,0,0.16109683071257522,0.12607855594562145,0,0,0,0
P01,V1_video2_pocaluz,poca_luz,410,17.088422477995937,1,0.2932259658601985,0.306990075219791,0.279461856500606,0.15741935840141869,0.027777777777777776,1.0,0.029944633417011146,0.3164291108132108,0.17318687211511097,0.2192030192630454,0,0,0.08659343605755548,0.1096015096315227,0,0,0,0
P01,V1_video2_pocaluz,poca_luz,411,17.130101557210562,1,0.29202480235687195,0.3050878113461146,0.2789617933676293,0.15768621598450205,0.027777777777777776,1.0,0.08783648680233269,0.12360631459023053,0.10572140069628161,0.1339123878361932,0,0,0.052860700348140804,0.0669561939180966,0,0,0,0
P01,V1_video2_pocaluz,poca_luz,412,17.171780636425186,1,0.29453994051144994,0.3087232149548991,0.28035666606800075,0.157512160801634,0.027777777777777776,1.0,0.011459853348272597,0.21720882555527365,0.11433433945177313,0.1273819974500623,0,0,0.05716716972588656,0.06369099872503114,0,0,0,0
P01,V1_video2_pocaluz,poca_luz,413,17.21345971563981,1,0.29337872768788986,0.3026517146178792,0.2841057407579005,0.1571737325307583,0.027777777777777776,1.0,0.006152056165249942,0.15914908694795105,0.0826505715566005,0.17959643053112617,0,0,0.04132528577830025,0.08979821526556309,0,0,0,0
P01,V1_video2_pocaluz,poca_luz,414,17.255138794854435,1,0.29594083775114133,0.3056177684468839,0.28626390705539884,0.15716238522100098,0.027777777777777776,1.0,0.007848411123946408,0.09351200600116727,0.05068020856255684,0.11050482549448865,0,0,0.02534010428127842,0.05525241274724432,0,0,0,0
P01,V1_video2_pocaluz,poca_luz,415,17.29681787406906,1,0.29401394805788916,0.3032970299909902,0.2847308661247882,0.15742759872440956,0.027777777777777776,1.0,0.019667084963145065,0.22232904094305062,0.12099806295309784,0.1548679073459647,0,0,0.06049903147654892,0.07743395367298235,0,0,0,0
P01,V1_video2_pocaluz,poca_luz,416,17.338496953283684,1,0.29478213267138403,0.30337634935524754,0.2861879159875205,0.15795975761241549,0.027777777777777776,1.0,0.023109670651430436,0.23039315115403125,0.12675141090273084,0.11046688993539015,0,0,0.06337570545136542,0.055233444967695076,0,0,0,0
P01,V1_video2_pocaluz,poca_luz,417,17.38017603249831,1,0.2929306917155006,0.30169702125854325,0.284164362172458,0.15827241627820932,0.027777777777777776,1.0,0.0531663230094358,0.24244413403820686,0.14780522852382133,0.1228627883124594,0,0,0.07390261426191067,0.0614313941562297,0,0,0,0
P01,V1_video2_pocaluz,poca_luz,418,17.421855111712933,1,0.2945635508851776,0.30392003427772396,0.2852070674926313,0.15784369090599248,0.027777777777777776,1.0,0.004862477151472144,0.330114975999116,0.16748872657529407,0.11136313026705882,0,0,0.08374436328764703,0.05568156513352941,0,0,0,0
P01,V1_video2_pocaluz,poca_luz,419,17.463534190927557,1,0.2931957516753723,0.3023768300335541,0.28401467331719055,0.15769521554923913,0.027777777777777776,1.0,0.003868459289682824,0.41166457483390184,0.20776651706179233,0.12568233707151918,0,0,0.10388325853089617,0.06284116853575959,0,0,0,0
P01,V1_video2_pocaluz,poca_luz,420,17.505213270142182,1,0.2932717209663722,0.30142126318574286,0.2851221787470016,0.15717566538215877,0.027777777777777776,1.0,0.005300672847541432,0.7606678847443947,0.3829842787959681,0.09046997638564336,0,0,0.19149213939798404,0.04523498819282168,0,0,0,0
P01,V1_video2_pocaluz,poca_luz,421,17.546892349356806,1,0.2904229378805516,0.2997167741361571,0.2811291016249462,0.15687506767934342,0.027777777777777776,1.0,0.0037350280318805273,0.38455456017757006,0.1941447941047253,0.1615598740776289,0,0,0.09707239705236265,0.08077993703881445,0,0,0,0
P01,V1_video2_pocaluz,poca_luz,422,17.58857142857143,1,0.2896758498334518,0.29836302718776964,0.28098867247913395,0.15671674690196138,0.027777777777777776,1.0,0.03738200518002288,0.054390880850910706,0.045886443015466793,0.15098733223446478,0,0,0.022943221507733397,0.07549366611723239,0,0,0,0
P01,V1_video2_pocaluz,poca_luz,423,17.630250507786055,1,0.28941534384531564,0.2981397509288007,0.28069093676183066,0.15687829170127915,0.027777777777777776,1.0,0.014537013754449601,0.11315591905846867,0.06384646640645913,0.11602384035768311,0,0,0.03192323320322957,0.058011920178841554,0,0,0,0
P01,V1_video2_pocaluz,poca_luz,424,17.67192958700068,1,0.2911294582918518,0.2997231782160767,0.28253573836762685,0.1574239714181306,0.027777777777777776,1.0,0.039368517115340285,0.0661626877647763,0.05276560244005829,0.10526549479864714,0,0,0.026382801220029145,0.05263274739932357,0,0,0,0
P01,V1_video2_pocaluz,poca_luz,425,17.713608666215304,1,0.29147607895289224,0.30004934422939,0.28290281367639447,0.15785702429107495,0.027777777777777776,1.0,0.006841233810888636,0.09732607520925052,0.05208365451006958,0.09193604063743702,0,0,0.02604182725503479,0.04596802031871851,0,0,0,0
P01,V1_video2_pocaluz,poca_luz,426,17.755287745429925,1,0.29255135586197756,0.3017101413887033,0.28339257033525184,0.15750501333776806,0.027777777777777776,1.0,0.009675428221527449,0.09451917787179442,0.05209730304666094,0.0914081978511259,0,0,0.02604865152333047,0.04570409892556295,0,0,0,0
P01,V1_video2_pocaluz,poca_luz,427,17.79696682464455,1,0.2915431862376371,0.3007227868839179,0.28236358559135627,0.15799376897289205,0.027777777777777776,1.0,0.01220214811565501,0.10456995521769552,0.058386051666675265,0.0845249787144154,0,0,0.029193025833337632,0.0422624893572077,0,0,0,0
P01,V1_video2_pocaluz,poca_luz,428,17.838645903859174,1,0.2935449173008795,0.30312783948519095,0.2839619951165681,0.15792488150047362,0.027777777777777776,1.0,0.0013463020486038646,0.0390602825407359,0.020203292294669883,0.08579621497102836,0,0,0.010101646147334942,0.04289810748551418,0,0,0,0
P01,V1_video2_pocaluz,poca_luz,429,17.8803249830738,1,0.2951552711801031,0.30741479197644656,0.28289575038375964,0.15824467213142407,0.027777777777777776,1.0,0.0007379224057827427,0.048820609315373686,0.024779265860578215,0.07390619134432498,0,0,0.012389632930289107,0.03695309567216249,0,0,0,0
P01,V1_video2_pocaluz,poca_luz,430,17.922004062288423,1,0.2963242893460777,0.30811448204391984,0.28453409664823553,0.1582568443332123,0.027777777777777776,1.0,0.005050278063233549,0.10191099027121153,0.05348063416722254,0.10602446377803326,0,0,0.02674031708361127,0.05301223188901663,0,0,0,0
P01,V1_video2_pocaluz,poca_luz,431,17.963683141503047,1,0.29464890840900954,0.3067845339625008,0.28251328285551824,0.15829824927785935,0.027777777777777776,1.0,0.08062195889171431,0.07543602965086993,0.07802899427129212,0.08845655140092692,0,0,0.03901449713564606,0.04422827570046346,0,0,0,0
P01,V1_video2_pocaluz,poca_luz,432,18.00536222071767,1,0.29609697324277284,0.3060065281787636,0.2861874183067821,0.15734577997178142,0.027777777777777776,1.0,0.0023594990448697617,0.517659602186343,0.2600095506156064,0.11510747951552577,0,0,0.1300047753078032,0.05755373975776289,0,0,0,0
P01,V1_video2_pocaluz,poca_luz,433,18.047041299932296,1,0.2973625501543521,0.3072017530220197,0.28752334728668455,0.1573937050365399,0.027777777777777776,1.0,0.0040769471679963365,0.15367669959693964,0.07887682338246799,0.10475040628783784,0,0,0.03943841169123399,0.05237520314391892,0,0,0,0
P01,V1_video2_pocaluz,poca_luz,434,18.08872037914692,1,0.29594549345206583,0.3052541150204667,0.286636871883665,0.15708953624812816,0.027777777777777776,1.0,0.006271643803101967,0.20495158922900947,0.10561161651605572,0.08134143759995234,0,0,0.05280580825802786,0.04067071879997617,0,0,0,0
P01,V1_video2_pocaluz,poca_luz,435,18.130399458361545,1,0.29677014572409366,0.30717324539052093,0.28636704605766633,0.15799747265732786,0.027777777777777776,1.0,0.0039198007173884,0.12935938624954113,0.06663959348346477,0.12083127185968669,0,0,0.03331979674173238,0.06041563592984334,0,0,0,0
P01,V1_video2_pocaluz,poca_luz,436,18.17207853757617,1,0.2949014960589674,0.30680587528325054,0.28299711683468437,0.15688124718149893,0.027777777777777776,1.0,0.0007522226230166629,0.11169792341995566,0.05622507302148616,0.14510841235348101,0,0,0.02811253651074308,0.07255420617674051,0,0,0,0
P01,V1_video2_pocaluz,poca_luz,437,18.213757616790794,1,0.2953410934820453,0.3071686421695777,0.2835135447945129,0.15730123020905507,0.027777777777777776,1.0,0.026715698193392035,0.03757439187305145,0.03214504503322174,0.08657443246002315,0,0,0.01607252251661087,0.043287216230011576,0,0,0,0
P01,V1_video2_pocaluz,poca_luz,438,18.255436696005418,1,0.29610760014790605,0.30702918940396007,0.285186010891852,0.15772214079611674,0.027777777777777776,1.0,0.01037045156101346,0.05158308643496923,0.030976768997991344,0.20572137349414144,0,0,0.015488384498995672,0.10286068674707072,0,0,0,0
P01,V1_video2_pocaluz,poca_luz,439,18.297115775220043,1,0.29742735934686076,0.3061734402797133,0.2886812784140082,0.15729701534876142,0.027777777777777776,1.0,0.01213980254802538,0.054292154444069096,0.03321597849604724,0.147059944838241,0,0,0.01660798924802362,0.0735299724191205,0,0,0,0
P01,V1_video2_pocaluz,poca_luz,440,18.338794854434667,1,0.2922989735365946,0.29964542277637735,0.28495252429681195,0.15742910134627555,0.027777777777777776,1.0,0.0023492397906451634,0.07219440691268642,0.03727182335166579,0.10539850470386124,0,0,0.018635911675832895,0.05269925235193062,0,0,0,0
P01,V1_video2_pocaluz,poca_luz,441,18.38047393364929,1,0.29029682407904633,0.29680594879748545,0.28378769936060716,0.1572869943023204,0.027777777777777776,1.0,0.012107935064980757,0.12395376254351431,0.06803084880424753,0.15500869475606305,0,0,0.03401542440212377,0.07750434737803152,0,0,0,0
P01,V1_video2_pocaluz,poca_luz,442,18.422153012863916,1,0.28869382008082245,0.29473328458314474,0.2826543555785001,0.15731047578519394,0.027777777777777776,1.0,0.06713902526434301,0.11647828353106415,0.09180865439770358,0.11206163435861169,0,0,0.04590432719885179,0.056030817179305845,0,0,0,0
P01,V1_video2_pocaluz,poca_luz,443,18.46383209207854,1,0.2924432611236458,0.29878883413550017,0.28609768811179154,0.15726687475739037,0.027777777777777776,1.0,0.07309981903050333,0.06741619393358633,0.07025800648204483,0.120218501754005,0,0,0.035129003241022416,0.0601092508770025,0,0,0,0
P01,V1_video2_pocaluz,poca_luz,444,18.50551117129316,1,0.29437655578650296,0.3042992623193238,0.2844538492536821,0.15772332353586133,0.027777777777777776,1.0,0.004560142296025083,0.1520955543654734,0.07832784833074924,0.11737500995989658,0,0,0.03916392416537462,0.05868750497994829,0,0,0,0
P01,V1_video2_pocaluz,poca_luz,445,18.547190250507786,1,0.2941414511394672,0.3047756858343399,0.28350721644459453,0.15702706743672729,0.027777777777777776,1.0,0.038298019829946295,0.09631410646540395,0.06730606314767512,0.1536452438437035,0,0,0.03365303157383756,0.07682262192185176,0,0,0,0
P01,V1_video2_pocaluz,poca_luz,446,18.58886932972241,1,0.2917434040323624,0.30162583352306893,0.2818609745416558,0.15761180064474026,0.027777777777777776,1.0,0.03495678163670435,0.04846089813541443,0.04170883988605939,0.265851970494515,0,0,0.020854419943029695,0.1329259852472575,0,0,0,0
P01,V1_video2_pocaluz,poca_luz,447,18.630548408937035,1,0.29374741551304784,0.30400859498095084,0.2834862360451449,0.15726577274426407,0.027777777777777776,1.0,0.017432484839114637,0.21479729723660268,0.11611489103785866,0.13385301682529643,0,0,0.05805744551892933,0.06692650841264822,0,0,0,0
P01,V1_video2_pocaluz,poca_luz,448,18.67222748815166,1,0.291817768337018,0.30162051633224135,0.2820150203417946,0.1573655559513702,0.027777777777777776,1.0,0.009245544317110888,0.08979647302363214,0.049521008670371514,0.12820681181560853,0,0,0.024760504335185757,0.06410340590780426,0,0,0,0
P01,V1_video2_pocaluz,poca_luz,449,18.713906567366283,1,0.29338202534402635,0.30297842868361896,0.28378562200443375,0.15756498426821935,0.027777777777777776,1.0,0.010121101302681623,0.0415899913608776,0.02585554633177961,0.16953262718448386,0,0,0.012927773165889805,0.08476631359224193,0,0,0,0
P01,V1_video2_pocaluz,poca_luz,450,18.755585646580908,1,0.29446012178297276,0.3022474583096318,0.2866727852563137,0.15749582644627,0.027777777777777776,1.0,0.01206122618111316,0.09407544517953781,0.053068335680325485,0.22703627164493106,0,0,0.026534167840162742,0.11351813582246553,0,0,0,0
P01,V1_video2_pocaluz,poca_luz,451,18.797264725795532,1,0.293663049129832,0.3014009367164317,0.2859251615432322,0.15752083893464028,0.027777777777777776,1.0,0.003210313835455225,0.05393402185442531,0.028572167844940266,0.21985659522031803,0,0,0.014286083922470133,0.10992829761015901,0,0,0,0
P01,V1_video2_pocaluz,poca_luz,452,18.838943805010157,1,0.29454625235569964,0.3018695266161013,0.28722297809529795,0.15741412023087037,0.027777777777777776,1.0,0.007598487553056477,0.23197266528092608,0.11978557641699128,0.1743627017802643,0,0,0.05989278820849564,0.08718135089013215,0,0,0,0
P01,V1_video2_pocaluz,poca_luz,453,18.88062288422478,1,0.294142880343916,0.3011463950109103,0.2871393656769218,0.15727197422118827,0.027777777777777776,1.0,0.031103439921300824,0.3869632478078666,0.20903334386458372,0.16500565876779247,0,0,0.10451667193229186,0.08250282938389623,0,0,0,0
P01,V1_video2_pocaluz,poca_luz,454,18.922301963439406,1,0.2955014843101736,0.302572416042957,0.2884305525773902,0.15742969268150958,0.027777777777777776,1.0,0.014013149899648969,0.09977127593819313,0.05689221291892105,0.2665726714268699,0,0,0.028446106459460524,0.13328633571343496,0,0,0,0
P01,V1_video2_pocaluz,poca_luz,455,18.96398104265403,1,0.296787565548702,0.3047177549469677,0.2888573761504363,0.15736414397294288,0.027777777777777776,1.0,0.003372914061293697,0.03274559579905101,0.018059254930172353,0.17037155853751854,0,0,0.009029627465086176,0.08518577926875927,0,0,0,0
P01,V1_video2_pocaluz,poca_luz,456,19.005660121868654,1,0.29493960888752535,0.30363345335640624,0.28624576441864447,0.15707411384212372,0.027777777777777776,1.0,0.051317667365337716,0.18096451886597464,0.11614109311565618,0.2943439699358841,0,0,0.05807054655782809,0.14717198496794204,0,0,0,0
P01,V1_video2_pocaluz,poca_luz,457,19.04733920108328,1,0.2932270018003091,0.3014092832963115,0.28504472030430666,0.1570391036429772,0.027777777777777776,1.0,0.07210001821555212,0.12603886512102747,0.09906944166828979,0.11350553699760972,0,0,0.049534720834144896,0.05675276849880486,0,0,0,0
P01,V1_video2_pocaluz,poca_luz,458,19.089018280297903,1,0.29341200883959784,0.3011936177529279,0.2856303999262677,0.15765052329953538,0.027777777777777776,1.0,0.07399230037779503,0.35374450678597447,0.21386840358188475,0.13476888359170897,0,0,0.10693420179094237,0.06738444179585448,0,0,0,0
P01,V1_video2_pocaluz,poca_luz,459,19.130697359512528,1,0.2967907803435479,0.3074784027841593,0.28610315790293644,0.1569947457448769,0.027777777777777776,1.0,0.012563369150513926,0.13393558935632366,0.07324947925341879,0.19121554289460374,0,0,0.036624739626709396,0.09560777144730187,0,0,0,0
P01,V1_video2_pocaluz,poca_luz,460,19.172376438727152,1,0.2874070658135295,0.29892031478400943,0.2758938168430495,0.15772014619147065,0.027777777777777776,1.0,0.050566752287811934,0.39034065872850054,0.22045370550815624,0.23996268006889687,0,0,0.11022685275407812,0.11998134003444844,0,0,0,0
P01,V1_video2_pocaluz,poca_luz,461,19.214055517941777,1,0.2860651567363079,0.29700266425448174,0.27512764921813404,0.15769070288368672,0.027777777777777776,1.0,0.01063755558299151,0.45205877782030357,0.23134816670164754,0.21167447032974407,0,0,0.11567408335082377,0.10583723516487203,0,0,0,0
P01,V1_video2_pocaluz,poca_luz,462,19.255734597156398,1,0.28848817908021884,0.29805114520304155,0.2789252129573962,0.15762628810441306,0.027777777777777776,1.0,0.05058729110922078,0.1793327984366302,0.11496004477292548,0.16884244743149251,0,0,0.05748002238646274,0.08442122371574626,0,0,0,0
P01,V1_video2_pocaluz,poca_luz,463,19.297413676371022,1,0.28935500066604936,0.29972917296990187,0.2789808283621969,0.15789409644334657,0.027777777777777776,1.0,0.020488502052356083,0.09591941298607398,0.05820395751921503,0.15063842178022063,0,0,0.029101978759607516,0.07531921089011032,0,0,0,0
P01,V1_video2_pocaluz,poca_luz,464,19.339092755585646,1,0.28748047267256743,0.2996656644897621,0.27529528085537275,0.1572778570547035,0.027777777777777776,1.0,0.04697754439987378,0.33895673549514704,0.1929671399475104,0.15087422317246887,0,0,0.0964835699737552,0.07543711158623444,0,0,0,0
P01,V1_video2_pocaluz,poca_luz,465,19.38077183480027,1,0.2887050486859233,0.30091996454992664,0.2764901328219199,0.15787179304312107,0.027777777777777776,1.0,0.033895026750579205,0.18596464486418485,0.10992983580738203,0.1981683723513063,0,0,0.05496491790369101,0.09908418617565315,0,0,0,0
P01,V1_video2_pocaluz,poca_luz,466,19.422450914014895,1,0.28813617788031876,0.30145815135954035,0.27481420440109716,0.1571670375869826,0.027777777777777776,1.0,0.030283013648444213,0.31586484085305355,0.17307392725074888,0.13942608538202506,0,0,0.08653696362537444,0.06971304269101253,0,0,0,0
P01,V1_video2_pocaluz,poca_luz,467,19.46412999322952,1,0.29010116622870363,0.30306391572004177,0.27713841673736545,0.15733319163734272,0.027777777777777776,1.0,0.04472782906695383,0.09719105742196699,0.07095944324446041,0.13499691792599008,0,0,0.035479721622230204,0.06749845896299504,0,0,0,0
P01,V1_video2_pocaluz,poca_luz,468,19.505809072444144,1,0.2927906701341399,0.3056117171560748,0.27996962311220497,0.15791212332482515,0.027777777777777776,1.0,0.0078109464122864125,0.22913239451702472,0.11847167046465557,0.1960131330883392,0,0,0.05923583523232778,0.0980065665441696,0,0,0,0
P01,V1_video2_pocaluz,poca_luz,469,19.54748815165877,1,0.2908095847827372,0.30304396488463475,0.2785752046808397,0.15774360441397214,0.027777777777777776,1.0,0.022557659413692033,0.06726591318591524,0.044911786299803635,0.1978555027775237,0,0,0.022455893149901818,0.09892775138876185,0,0,0,0
P01,V1_video2_pocaluz,poca_luz,470,19.589167230873393,1,0.2937505856863292,0.3064440338185357,0.28105713755412276,0.1573441130429062,0.027777777777777776,1.0,0.02289450646619018,0.1982038532547412,0.1105491798604657,0.24322765804304305,0,0,0.05527458993023285,0.12161382902152153,0,0,0,0
P01,V1_video2_pocaluz,poca_luz,471,19.630846310088018,1,0.2932133187528578,0.3053476511879911,0.28107898631772443,0.15685813392208606,0.027777777777777776,1.0,0.05422152768006672,0.062112787672119474,0.058167157676093095,0.285262144309706,0,0,0.029083578838046548,0.142631072154853,0,0,0,0
P01,V1_video2_pocaluz,poca_luz,472,19.672525389302642,1,0.29278973009039655,0.3012852826174719,0.2842941775633212,0.1568455518525254,0.027777777777777776,1.0,0.007148448770982863,0.04916619801638111,0.028157323393681988,0.20880429007951706,0,0,0.014078661696840994,0.10440214503975853,0,0,0,0
P01,V1_video2_pocaluz,poca_luz,473,19.714204468517266,1,0.2907832992641875,0.29832278508722826,0.28324381344114674,0.15710442138730818,0.027777777777777776,1.0,0.007923107791256934,0.13265182916642315,0.07028746847884004,0.21414341821660068,0,0,0.03514373423942002,0.10707170910830034,0,0,0,0
P01,V1_video2_pocaluz,poca_luz,474,19.75588354773189,1,0.28140859880213653,0.2901881370925618,0.2726290605117112,0.15680742260939784,0.027777777777777776,1.0,0.00569589293217021,0.21073093224924844,0.10821341259070932,0.18973560474566717,0,0,0.05410670629535466,0.09486780237283358,0,0,0,0
P01,V1_video2_pocaluz,poca_luz,475,19.797562626946515,1,0.06706582284930399,0.053291965579778756,0.08083968011882922,0.1589171899953236,0.030555555555555555,1.0,0.16623828141207686,0.08932624284474067,0.12778226212840876,0.2791785041266862,1,0,0.5638911310642044,0.1395892520633431,1,0,0,0
P01,V1_video2_pocaluz,poca_luz,476,19.83924170616114,1,0.04023449315421496,0.019929424336052676,0.060539561972377254,0.15924799186533636,0.03333333333333333,1.0,0.10422645881484383,0.11462035184106478,0.1094234053279543,0.14441551650656634,1,0,0.5547117026639772,0.07220775825328317,1,0,0,0
P01,V1_video2_pocaluz,poca_luz,477,19.880920785375764,1,0.10682563636525741,0.10089263484550332,0.1127586378850115,0.15893942662007057,0.03611111111111111,1.0,0.2734910434452311,0.1344527511944762,0.20397189731985366,0.15037207985298423,1,0,0.6019859486599268,0.07518603992649212,1,0,1,0
P01,V1_video2_pocaluz,poca_luz,478,19.92259986459039,1,0.20351594070222648,0.21110654677192783,0.19592533463252512,0.15805762546654153,0.03611111111111111,1.0,0.05156615296703482,0.775238175174313,0.4134021640706739,0.11608417894197745,0,0,0.20670108203533696,0.058042089470988725,0,0,0,0
P01,V1_video2_pocaluz,poca_luz,479,19.964278943805013,1,0.24583890794176272,0.25555736446370464,0.23612045141982077,0.15702425374047094,0.03611111111111111,1.0,0.07333140568034446,0.2453803294254514,0.15935586755289793,0.18505126302936656,0,0,0.07967793377644897,0.09252563151468328,0,0,0,0
P01,V1_video2_pocaluz,poca_luz,480,20.005958023019634,1,0.26595058009926353,0.2770480687872771,0.25485309141125,0.15647654531936683,0.03611111111111111,1.0,0.03320307433411873,0.3928290407628168,0.21301605754846775,0.07757673480707569,0,0,0.10650802877423388,0.038788367403537846,0,0,0,0
P01,V1_video2_pocaluz,poca_luz,481,20.04763710223426,1,0.26849649315771795,0.27778332394421534,0.25920966237122056,0.15643243884822086,0.03611111111111111,1.0,0.09070199495256193,0.3094012018048028,0.20005159837868236,0.17733458328120288,0,0,0.10002579918934118,0.08866729164060144,0,0,0,0
P01,V1_video2_pocaluz,poca_luz,482,20.089316181448883,1,0.26927244940645256,0.27825810588973265,0.26028679292317247,0.1561837193351279,0.03611111111111111,1.0,0.08767839042475034,0.4808490950856672,0.28426374275520877,0.19687173781016748,0,0,0.14213187137760439,0.09843586890508374,0,0,0,0
P01,V1_video2_pocaluz,poca_luz,483,20.130995260663507,1,0.2734697352479901,0.28166178506544876,0.26527768543053143,0.15646935463064296,0.03611111111111111,1.0,0.010766685950478472,0.38293740148398736,0.19685204371723292,0.18527401951986816,0,0,0.09842602185861646,0.09263700975993408,0,0,0,0
P01,V1_video2_pocaluz,poca_luz,484,20.17267433987813,1,0.27397914260284967,0.2826228557298119,0.26533542947588745,0.1566397854070525,0.03611111111111111,1.0,0.033725247273210246,0.23721910290295034,0.1354721750880803,0.15043136547219846,0,0,0.06773608754404015,0.07521568273609923,0,0,0,0
P01,V1_video2_pocaluz,poca_luz,485,20.214353419092756,1,0.27512787249827403,0.28422760817050274,0.2660281368260453,0.15667052494308248,0.03611111111111111,1.0,0.021754837335196342,0.34472460962657947,0.1832397234808879,0.11050128685929612,0,0,0.09161986174044395,0.05525064342964806,0,0,0,0
P01,V1_video2_pocaluz,poca_luz,486,20.25603249830738,1,0.2759647366618281,0.2845916200996683,0.2673378532239879,0.15671361044723242,0.03611111111111111,1.0,0.03950445149719284,0.0748799649752716,0.05719220823623222,0.1104748088320139,0,0,0.02859610411811611,0.05523740441600695,0,0,0,0
P01,V1_video2_pocaluz,poca_luz,487,20.297711577522005,1,0.27780387294736864,0.2867163739242183,0.268891371970519,0.15703117225156746,0.03611111111111111,1.0,0.0063935804876065205,0.21833850747190797,0.11236604397975725,0.1157906182266903,0,0,0.05618302198987862,0.05789530911334515,0,0,0,0
P01,V1_video2_pocaluz,poca_luz,488,20.33939065673663,1,0.27783140117192395,0.28653981945999407,0.2691229828838538,0.15718776065476173,0.03611111111111111,1.0,0.023163912404047915,0.12778839560725141,0.07547615400564966,0.08055264086793525,0,0,0.03773807700282483,0.04027632043396762,0,0,0,0
P01,V1_video2_pocaluz,poca_luz,489,20.381069735951254,1,0.2763762002218942,0.28476369694847187,0.2679887034953165,0.1561486898930761,0.03611111111111111,1.0,0.03309056271438704,0.16897580434507276,0.1010331835297299,0.14513595005074867,0,0,0.05051659176486495,0.07256797502537433,0,0,0,0
P01,V1_video2_pocaluz,poca_luz,490,20.42274881516588,1,0.2760674204185425,0.2833882336105679,0.2687466072265171,0.15662556506075434,0.03611111111111111,1.0,0.010725332829833123,0.011458286914199478,0.0110918098720163,0.07016957803127251,0,0,0.00554590493600815,0.035084789015636254,0,0,0,0
P01,V1_video2_pocaluz,poca_luz,491,20.464427894380503,1,0.2778490529680582,0.2856863127898317,0.2700117931462847,0.15654436555398057,0.03611111111111111,1.0,0.042431031356431115,0.019432200614892148,0.03093161598566163,0.06276648358813473,0,0,0.015465807992830816,0.03138324179406737,0,0,0,0
P01,V1_video2_pocaluz,poca_luz,492,20.506106973595127,1,0.28040609551256046,0.287427819654026,0.27338437137109495,0.15630815493147054,0.03611111111111111,1.0,0.003382916520461965,0.06172710117209812,0.03255500884628004,0.07339532993911504,0,0,0.01627750442314002,0.03669766496955752,0,0,0,0
P01,V1_video2_pocaluz,poca_luz,493,20.54778605280975,1,0.2808191898036755,0.28625505965075676,0.27538331995659426,0.15616616035174713,0.03611111111111111,1.0,0.0563720848144621,0.03315213290049013,0.04476210885747611,0.09972160637638988,0,0,0.022381054428738056,0.04986080318819494,0,0,0,0
P01,V1_video2_pocaluz,poca_luz,494,20.589465132024376,1,0.2809728325894838,0.28798913375552104,0.2739565314234465,0.15623209365552926,0.03611111111111111,1.0,0.06270763065813845,0.07820730264465137,0.0704574666513949,0.09088599780139077,0,0,0.03522873332569745,0.045442998900695385,0,0,0,0
P01,V1_video2_pocaluz,poca_luz,495,20.631144211239,1,0.2826211376868152,0.2884105871151253,0.27683168825850507,0.15695040676423894,0.03611111111111111,1.0,0.04253118281021406,0.11929428306880574,0.0809127329395099,0.23778765133243449,0,0,0.04045636646975495,0.11889382566621724,0,0,0,0
P01,V1_video2_pocaluz,poca_luz,496,20.672823290453625,1,0.2822095276947052,0.2886792683580599,0.2757397870313505,0.15775110748159513,0.03611111111111111,1.0,0.028918914548569208,0.09724634216067307,0.06308262835462114,0.09456993762352862,0,0,0.03154131417731057,0.04728496881176431,0,0,0,0
P01,V1_video2_pocaluz,poca_luz,497,20.71450236966825,1,0.28365572446948595,0.29012295261807736,0.2771884963208946,0.15879358359457948,0.03611111111111111,1.0,0.0430610209272716,0.05557183358451523,0.049316427255893414,0.07866857449060179,0,0,0.024658213627946707,0.03933428724530089,0,0,0,0
P01,V1_video2_pocaluz,poca_luz,498,20.75618144888287,1,0.28110452348031495,0.2872641428049648,0.2749449041556651,0.15823429535780864,0.03611111111111111,1.0,0.021098058137923537,0.07339327072684054,0.04724566443238204,0.0860519887182077,0,0,0.02362283221619102,0.04302599435910385,0,0,0,0
P01,V1_video2_pocaluz,poca_luz,499,20.797860528097495,1,0.2804912630711397,0.2870561561967279,0.2739263699455514,0.15825707010811538,0.03611111111111111,1.0,0.12577260703847304,0.21459773444242247,0.17018517074044776,0.1687458583432957,0,0,0.08509258537022388,0.08437292917164785,0,0,0,0
P01,V1_video2_pocaluz,poca_luz,500,20.83953960731212,1,0.27831463304584386,0.2845955169052257,0.272033749186462,0.15782750657207442,0.03611111111111111,1.0,0.016221976357300383,0.11811174858269924,0.06716686246999981,0.15361146849692026,0,0,0.033583431234999905,0.07680573424846013,0,0,0,0
P01,V1_video2_pocaluz,poca_luz,501,20.881218686526744,1,0.27891948420082346,0.28410136087966265,0.27373760752198434,0.15787402078149695,0.03611111111111111,1.0,0.02120884711619797,0.08224505428326456,0.05172695069973127,0.1858269923247016,0,0,0.025863475349865633,0.0929134961623508,0,0,0,0
P01,V1_video2_pocaluz,poca_luz,502,20.922897765741368,1,0.28053667425022344,0.28668304259134486,0.2743903059091021,0.15759761039931763,0.03611111111111111,1.0,0.05148991259577118,0.1333418290017293,0.09241587079875024,0.13994233948770657,0,0,0.04620793539937512,0.06997116974385328,0,0,0,0
P01,V1_video2_pocaluz,poca_luz,503,20.964576844955992,1,0.2790907090303114,0.2862651379488389,0.27191628011178387,0.15814292367471808,0.03611111111111111,1.0,0.036413455842385645,0.0707622062622234,0.053587831052304524,0.17010561716641817,0,0,0.026793915526152262,0.08505280858320909,0,0,0,0
P01,V1_video2_pocaluz,poca_luz,504,21.006255924170617,1,0.28283428788358056,0.2889158724504377,0.27675270331672347,0.15821919832063067,0.03611111111111111,1.0,0.01964123095531012,0.7790200317985363,0.3993306313769232,0.06498814025462048,0,0,0.1996653156884616,0.03249407012731024,0,0,0,0
P01,V1_video2_pocaluz,poca_luz,505,21.04793500338524,1,0.2835375679264768,0.28903256005845274,0.2780425757945008,0.15782401408329746,0.03611111111111111,1.0,0.03684137673441101,0.6670464125898115,0.35194389466211123,0.07020896000730599,0,0,0.17597194733105562,0.035104480003652995,0,0,0,0
P01,V1_video2_pocaluz,poca_luz,506,21.089614082599866,1,0.28352525524300815,0.2896904436683141,0.2773600668177022,0.15827239363305606,0.03611111111111111,1.0,0.02109364172437056,0.669042958222518,0.3450682999734443,0.07429458976544609,0,0,0.17253414998672215,0.037147294882723045,0,0,0,0
P01,V1_video2_pocaluz,poca_luz,507,21.13129316181449,1,0.2820906580901392,0.2878834779115013,0.27629783826877713,0.15743168189713627,0.03611111111111111,1.0,0.02636901166256167,0.47291001695674506,0.24963951430965337,0.07512592774638589,0,0,0.12481975715482668,0.037562963873192946,0,0,0,0
P01,V1_video2_pocaluz,poca_luz,508,21.172972241029115,1,0.2848713516339799,0.29169506923788385,0.27804763403007593,0.15760340240619125,0.03611111111111111,1.0,0.10154673854643159,0.0903193227532183,0.09593303064982495,0.11173147238406,0,0,0.04796651532491247,0.05586573619203,0,0,0,0
P01,V1_video2_pocaluz,poca_luz,509,21.21465132024374,1,0.28535717505077396,0.29167054672367043,0.2790438033778775,0.15731673288718862,0.03611111111111111,1.0,0.02222161465800543,0.412847894110395,0.21753475438420022,0.09395518332314486,0,0,0.10876737719210011,0.04697759166157243,0,0,0,0
P01,V1_video2_pocaluz,poca_luz,510,21.256330399458363,1,0.2867022698408924,0.2930067706392833,0.28039776904250147,0.15737081465424302,0.03611111111111111,1.0,0.004212544504752391,0.08102329876593728,0.042617921635344835,0.18650175312567097,0,0,0.021308960817672418,0.09325087656283548,0,0,0,0
P01,V1_video2_pocaluz,poca_luz,511,21.298009478672988,1,0.28661451526271287,0.29258563135881915,0.2806433991666065,0.15770212394479616,0.03611111111111111,1.0,0.014594403181453774,0.10912093274699775,0.06185766796422576,0.1443306219126474,0,0,0.03092883398211288,0.0721653109563237,0,0,0,0
P01,V1_video2_pocaluz,poca_luz,512,21.339688557887612,1,0.28638292030059165,0.29223728932085563,0.28052855128032766,0.15789420399694584,0.03611111111111111,1.0,0.02557973382151235,0.0868912123630744,0.056235473092293375,0.19778418575289408,0,0,0.028117736546146688,0.09889209287644704,0,0,0,0
P01,V1_video2_pocaluz,poca_luz,513,21.381367637102237,1,0.2843454178564997,0.2915952154460646,0.27709562026693474,0.15798007240496725,0.03611111111111111,1.0,0.034125186824142784,0.025099978464836026,0.029612582644489405,0.11209893321833402,0,0,0.014806291322244702,0.05604946660916701,0,0,0,0
P01,V1_video2_pocaluz,poca_luz,514,21.42304671631686,1,0.2809344919590868,0.2884760669098664,0.2733929170083073,0.158150800410646,0.03611111111111111,1.0,0.1604804544877475,0.25143700389642176,0.20595872919208463,0.06552190079802804,0,0,0.10297936459604232,0.03276095039901402,0,0,0,0
P01,V1_video2_pocaluz,poca_luz,515,21.464725795531486,1,0.2814246229103474,0.2887699091644907,0.27407933665620415,0.15830578290270247,0.03611111111111111,1.0,0.06358567362059708,0.1857426896861364,0.12466418165336673,0.06479149003963332,0,0,0.06233209082668337,0.03239574501981666,0,0,0,0
P01,V1_video2_pocaluz,poca_luz,516,21.506404874746107,1,0.28146725716058535,0.2884399839079752,0.2744945304131955,0.1582156568962734,0.03611111111111111,1.0,0.15344763819671647,0.05270231911557777,0.10307497865614712,0.06999459052872334,0,0,0.05153748932807356,0.03499729526436167,0,0,0,0
P01,V1_video2_pocaluz,poca_luz,517,21.54808395396073,1,0.2859942665272091,0.29199850978981834,0.2799900232645999,0.15751510509684283,0.03611111111111111,1.0,0.01594286512295029,0.21753683598581464,0.11673985055438246,0.12589117306163444,0,0,0.05836992527719123,0.06294558653081722,0,0,0,0
P01,V1_video2_pocaluz,poca_luz,518,21.589763033175355,1,0.2826881908947212,0.28904417712695624,0.2763322046624862,0.15797963679150084,0.03611111111111111,1.0,0.007014481805326267,0.10538838894910019,0.05620143537721323,0.13451563607510686,0,0,0.028100717688606613,0.06725781803755343,0,0,0,0
P01,V1_video2_pocaluz,poca_luz,519,21.63144211238998,1,0.27980970973835734,0.2879373908096702,0.2716820286670445,0.15814291061737756,0.03611111111111111,1.0,0.004695209178032678,0.5175480415422717,0.2611216253601522,0.16120498419985704,0,0,0.1305608126800761,0.08060249209992852,0,0,0,0
P01,V1_video2_pocaluz,poca_luz,520,21.673121191604604,1,0.27968942321235946,0.2879503406307816,0.2714285057939373,0.15905523013411638,0.03611111111111111,1.0,0.030413356417945514,0.14936199938008066,0.08988767789901309,0.17318371438759556,0,0,0.04494383894950654,0.08659185719379778,0,0,0,0
P01,V1_video2_pocaluz,poca_luz,521,21.71480027081923,1,0.28317337747145416,0.2908051341376668,0.2755416208052415,0.1586758611157433,0.03611111111111111,1.0,0.061496351537230876,0.16965679510189757,0.11557657331956422,0.11915774590530902,0,0,0.05778828665978211,0.05957887295265451,0,0,0,0
P01,V1_video2_pocaluz,poca_luz,522,21.756479350033853,1,0.2794276431653906,0.2877132885590891,0.27114199777169207,0.1585423122272764,0.03611111111111111,1.0,0.007311144727295771,0.03431529618856921,0.02081322045793249,0.12913194554233545,0,0,0.010406610228966245,0.06456597277116773,0,0,0,0
P01,V1_video2_pocaluz,poca_luz,523,21.798158429248478,1,0.2771396501897503,0.28409692065129494,0.2701823797282056,0.15793322973531854,0.03611111111111111,1.0,0.00835401654186374,0.0649775362615842,0.03666577640172397,0.16947332208393723,0,0,0.018332888200861985,0.08473666104196861,0,0,0,0
P01,V1_video2_pocaluz,poca_luz,524,21.839837508463102,1,0.28043918942506996,0.28739072784959724,0.2734876510005426,0.15788776826773168,0.03611111111111111,1.0,0.035615876128542334,0.0673687221584569,0.05149229914349962,0.0963471270061029,0,0,0.02574614957174981,0.04817356350305145,0,0,0,0
P01,V1_video2_pocaluz,poca_luz,525,21.881516587677726,1,0.28164917721484783,0.28807624487879147,0.27522210955090415,0.15795554234108553,0.03611111111111111,1.0,0.01614180516597219,0.4135663975254078,0.21485410134569,0.07898944886477653,0,0,0.107427050672845,0.039494724432388266,0,0,0,0
P01,V1_video2_pocaluz,poca_luz,526,21.92319566689235,1,0.28160810755459353,0.288052295057538,0.27516392005164914,0.1577913571235822,0.03611111111111111,1.0,0.07685643480818938,0.20706214713594195,0.14195929097206567,0.17570158370694247,0,0,0.07097964548603283,0.08785079185347124,0,0,0,0
P01,V1_video2_pocaluz,poca_luz,527,21.964874746106975,1,0.27984283200702786,0.28660819608272564,0.2730774679313301,0.15743138659854392,0.03611111111111111,1.0,0.02686024929980546,0.2050730204723229,0.11596663488606418,0.2015713371492512,0,0,0.05798331744303209,0.1007856685746256,0,0,0,0
P01,V1_video2_pocaluz,poca_luz,528,22.0065538253216,1,0.28528009327674886,0.292421935121317,0.2781382514321808,0.15737599297606003,0.03611111111111111,1.0,0.023911717891078488,0.19408505231488948,0.10899838510298399,0.12757135229490363,0,0,0.05449919255149199,0.06378567614745181,0,0,0,0
P01,V1_video2_pocaluz,poca_luz,529,22.048232904536224,1,0.28323913917206656,0.29073787898103265,0.2757403993631004,0.15710404985719906,0.03611111111111111,1.0,0.013951498393334538,0.389440231638285,0.20169586501580977,0.26024342776679665,0,0,0.10084793250790489,0.13012171388339833,0,0,0,0
P01,V1_video2_pocaluz,poca_luz,530,22.08991198375085,1,0.2874309304137782,0.2963063714487174,0.27855548937883895,0.1571568450437366,0.03611111111111111,1.0,0.04368584103800044,0.15542611313787347,0.09955597708793695,0.15374120889831913,0,0,0.04977798854396848,0.07687060444915957,0,0,0,0
P01,V1_video2_pocaluz,poca_luz,531,22.131591062965473,1,0.2872891214145419,0.2975749548025123,0.2770032880265715,0.15677095783650546,0.03611111111111111,1.0,0.011328703557462738,0.19438205422831367,0.1028553788928882,0.22986543986260893,0,0,0.0514276894464441,0.11493271993130447,0,0,0,0
P01,V1_video2_pocaluz,poca_luz,532,22.173270142180098,1,0.2856164178667754,0.2950704126730973,0.2761624230604535,0.1569759777387746,0.03611111111111111,1.0,0.01759546880064755,0.2984836429291713,0.15803955586490942,0.10293582590454814,0,0,0.07901977793245471,0.05146791295227407,0,0,0,0
P01,V1_video2_pocaluz,poca_luz,533,22.214949221394722,1,0.2846546291920612,0.2934507775561834,0.27585848082793907,0.1572733332587144,0.03611111111111111,1.0,0.028479189180502296,0.3343424857738907,0.1814108374771965,0.1752765067484608,0,0,0.09070541873859825,0.0876382533742304,0,0,0,0
P01,V1_video2_pocaluz,poca_luz,534,22.256628300609343,1,0.28680738198908695,0.2962906512774737,0.2773241127007001,0.15709354215847088,0.03611111111111111,1.0,0.03257124353443852,0.23031095864382967,0.1314411010891341,0.14007289848254484,0,0,0.06572055054456705,0.07003644924127242,0,0,0,0
P01,V1_video2_pocaluz,poca_luz,535,22.298307379823967,1,0.28795965943971835,0.2973030846417113,0.2786162342377254,0.15717051764322199,0.03611111111111111,1.0,0.08915170920445459,0.3957939736394719,0.24247284142196324,0.19636294669271406,0,0,0.12123642071098162,0.09818147334635703,0,0,0,0
P01,V1_video2_pocaluz,poca_luz,536,22.33998645903859,1,0.28535936059885386,0.2940776377637313,0.2766410834339764,0.1573187410171215,0.03611111111111111,1.0,0.00513049798205889,0.2457904275204239,0.1254604627512414,0.2725260336253407,0,0,0.0627302313756207,0.13626301681267036,0,0,0,0
P01,V1_video2_pocaluz,poca_luz,537,22.381665538253216,1,0.28353552548828637,0.2920733905905055,0.2749976603860672,0.157549513794327,0.03611111111111111,1.0,0.04663527329521722,0.2909322213088922,0.1687837473020547,0.2626560832117722,0,0,0.08439187365102735,0.1313280416058861,0,0,0,0
P01,V1_video2_pocaluz,poca_luz,538,22.42334461746784,1,0.2822513639167639,0.29268170590314035,0.2718210219303875,0.1573134397009923,0.03611111111111111,1.0,0.0188810962389917,0.2788521370668945,0.1488666166529431,0.26386939456491476,0,0,0.07443330832647155,0.13193469728245738,0,0,0,0
P01,V1_video2_pocaluz,poca_luz,539,22.465023696682465,1,0.2818334917942543,0.29222978321092513,0.27143720037758345,0.157022596838705,0.03611111111111111,1.0,0.0779004509367458,0.14685676261463743,0.11237860677569161,0.11466824308638718,0,0,0.05618930338784581,0.05733412154319359,0,0,0,0
P01,V1_video2_pocaluz,poca_luz,540,22.50670277589709,1,0.2840956731807973,0.29337915424781197,0.2748121921137827,0.1574450025616425,0.03611111111111111,1.0,0.006959997773103632,0.24295157281796076,0.1249557852955322,0.13243977786616432,0,0,0.0624778926477661,0.06621988893308216,0,0,0,0
P01,V1_video2_pocaluz,poca_luz,541,22.548381855111714,1,0.2793930894706312,0.28970705197470836,0.269079126966554,0.15722803063163135,0.03611111111111111,1.0,0.02745693576839514,0.152658694467961,0.09005781511817806,0.12555651826212,0,0,0.04502890755908903,0.06277825913106,0,0,0,0
P01,V1_video2_pocaluz,poca_luz,542,22.59006093432634,1,0.2799995809096082,0.28936443874178813,0.2706347230774283,0.15724586018599127,0.03611111111111111,1.0,0.019824967688248263,0.20724826665359564,0.11353661717092195,0.1419751002176787,0,0,0.056768308585460975,0.07098755010883935,0,0,0,0
P01,V1_video2_pocaluz,poca_luz,543,22.631740013540963,1,0.281927627766521,0.2915907333107859,0.2722645222222562,0.15700532028947484,0.03611111111111111,1.0,0.0037177079423543757,0.3301806730006832,0.1669491904715188,0.14930019951775372,0,0,0.0834745952357594,0.07465009975887686,0,0,0,0
P01,V1_video2_pocaluz,poca_luz,544,22.673419092755587,1,0.2820600745427435,0.29219260303129235,0.2719275460541947,0.1572255889126986,0.03611111111111111,1.0,0.007987050068893886,0.1286243383947513,0.06830569423182259,0.12585772571457515,0,0,0.034152847115911295,0.06292886285728758,0,0,0,0
P01,V1_video2_pocaluz,poca_luz,545,22.71509817197021,1,0.2779007351527725,0.28720095400974965,0.2686005162957954,0.15791394033382566,0.03333333333333333,1.0,0.022927795157803188,0.18021454548894433,0.10157117032337376,0.1816819685554666,0,0,0.05078558516168688,0.0908409842777333,0,0,0,0
P01,V1_video2_pocaluz,poca_luz,546,22.756777251184836,1,0.27679566152472784,0.2860141537248896,0.2675771693245661,0.15786228380558126,0.030555555555555555,1.0,0.019294294642717036,0.16343007115887698,0.091362182900797,0.0698046634200242,0,0,0.0456810914503985,0.0349023317100121,0,0,0,0
P01,V1_video2_pocaluz,poca_luz,547,22.79845633039946,1,0.2757291604789043,0.28428135504030305,0.26717696591750545,0.15751323507007875,0.027777777777777776,1.0,0.06374737336059044,0.5375649736820903,0.3006561735213404,0.10291634374720049,0,0,0.1503280867606702,0.051458171873600245,0,0,0,0
P01,V1_video2_pocaluz,poca_luz,548,22.840135409614085,1,0.2733915909456292,0.28233711934356637,0.26444606254769204,0.15722379366417322,0.025,1.0,0.03498811462107143,0.33001409708657437,0.1825011058538229,0.12242430471909527,0,0,0.09125055292691145,0.061212152359547634,0,0,0,0
P01,V1_video2_pocaluz,poca_luz,549,22.88181448882871,1,0.2731066045345668,0.2812075526318336,0.26500565643729995,0.1576042540756848,0.025,1.0,0.026188814976866204,0.33691347954658135,0.18155114726172378,0.06793833669747126,0,0,0.09077557363086189,0.03396916834873563,0,0,0,0
P01,V1_video2_pocaluz,poca_luz,550,22.923493568043334,1,0.2726519456723073,0.28050648320770327,0.26479740813691144,0.15768591185620798,0.025,1.0,0.16891062987616912,0.26989416035093616,0.21940239511355264,0.09917211144960619,0,0,0.10970119755677632,0.049586055724803096,0,0,0,0
P01,V1_video2_pocaluz,poca_luz,551,22.96517264725796,1,0.27013208397426514,0.2782970720620805,0.26196709588644973,0.1579727619677851,0.025,1.0,0.058278442992987234,0.5331240953260311,0.2957012691595092,0.07333915036188185,0,0,0.1478506345797546,0.036669575180940925,0,0,0,0
P01,V1_video2_pocaluz,poca_luz,552,23.00685172647258,1,0.26815542973515816,0.2763232172386778,0.25998764223163856,0.15781320857960707,0.025,1.0,0.01789961570655807,0.35612364814389164,0.18701163192522485,0.16281577149600374,0,0,0.09350581596261243,0.08140788574800187,0,0,0,0
P01,V1_video2_pocaluz,poca_luz,553,23.048530805687204,1,0.2697080915996057,0.27890632081295874,0.2605098623862526,0.15799913214959133,0.025,1.0,0.08730973880053838,0.4175447320133371,0.25242723540693773,0.16647346752756964,0,0,0.12621361770346887,0.08323673376378482,0,0,0,0
P01,V1_video2_pocaluz,poca_luz,554,23.090209884901828,1,0.2665580781556568,0.2756827095921559,0.25743344671915774,0.1569974392815486,0.025,1.0,0.0846922578006215,0.13372305892813818,0.10920765836437984,0.1308957367108953,0,0,0.05460382918218992,0.06544786835544765,0,0,0,0
P01,V1_video2_pocaluz,poca_luz,555,23.131888964116452,1,0.2649280406100237,0.2744082636090809,0.25544781761096647,0.1572526030357101,0.025,1.0,0.01380400829969175,0.366948578473298,0.19037629338649487,0.1391914162064599,0,0,0.09518814669324743,0.06959570810322994,0,0,0,0
P01,V1_video2_pocaluz,poca_luz,556,23.173568043331077,1,0.2601167632915864,0.2694330830731903,0.25080044350998254,0.15715864408824723,0.025,1.0,0.04650060295431868,0.29825462293758453,0.1723776129459516,0.18642133673286976,0,0,0.0861888064729758,0.09321066836643488,0,0,0,0
P01,V1_video2_pocaluz,poca_luz,557,23.2152471225457,1,0.2577704815032347,0.26654477107899494,0.24899619192747455,0.1570193831752593,0.025,1.0,0.03220572137367317,0.45447283843196473,0.24333927990281895,0.11107539399226758,0,0,0.12166963995140948,0.05553769699613379,0,0,0,0
P01,V1_video2_pocaluz,poca_luz,558,23.256926201760326,1,0.25659873805951283,0.2651915062345211,0.2480059698845046,0.15718053486914335,0.025,1.0,0.04424220072389873,0.2184703721993544,0.13135628646162656,0.04872132759989312,0,0,0.06567814323081328,0.02436066379994656,0,0,0,0
P01,V1_video2_pocaluz,poca_luz,559,23.29860528097495,1,0.2567480163640438,0.2657600815823226,0.24773595114576502,0.15691827987105056,0.025,1.0,0.11323532882633291,0.5106227280743977,0.3119290284503653,0.08411188508395957,0,0,0.15596451422518265,0.042055942541979786,0,0,0,0
P01,V1_video2_pocaluz,poca_luz,560,23.340284360189575,1,0.2588589001749084,0.26846155531089,0.24925624503892685,0.15764255010827757,0.025,1.0,0.08107658937752837,0.2745915034423998,0.17783404640996409,0.13033023247097542,0,0,0.08891702320498204,0.06516511623548771,0,0,0,0
P01,V1_video2_pocaluz,poca_luz,561,23.3819634394042,1,0.25550117965132263,0.265311505565071,0.24569085373757424,0.15772423104660196,0.025,1.0,0.043379677737751976,0.251431125409353,0.14740540157355247,0.15458720671949344,0,0,0.07370270078677624,0.07729360335974672,0,0,0,0
P01,V1_video2_pocaluz,poca_luz,562,23.423642518618824,1,0.2561338298162464,0.2667145987329301,0.24555306089956266,0.15801668705900593,0.025,1.0,0.12162275225010477,0.33987709670555455,0.23074992447782966,0.12546041668463798,0,0,0.11537496223891483,0.06273020834231899,0,0,0,0
P01,V1_video2_pocaluz,poca_luz,563,23.465321597833448,1,0.25289129703201974,0.26420156906455505,0.24158102499948442,0.15796535375338705,0.025,1.0,0.08635622081979077,0.36828328255176845,0.22731975168577961,0.13832038576952396,0,0,0.11365987584288981,0.06916019288476198,0,0,0,0
P01,V1_video2_pocaluz,poca_luz,564,23.507000677048072,1,0.23733149978209864,0.24835741407080766,0.2263055854933896,0.15871602580426658,0.025,1.0,0.131736104698718,0.2638389693751414,0.1977875370369297,0.34124347958548074,0,0,0.09889376851846485,0.17062173979274037,0,0,0,0
P01,V1_video2_pocaluz,poca_luz,565,23.548679756262697,1,0.20988440439560657,0.22070543157699346,0.1990633772142197,0.15907068097458343,0.025,1.0,0.32571520196816495,0.2661379456953421,0.2959265738317535,0.22944929414716914,0,0,0.14796328691587676,0.11472464707358457,0,0,0,0
P01,V1_video2_pocaluz,poca_luz,566,23.59035883547732,1,0.2046107167516797,0.21540960294046052,0.19381183056289886,0.1595058704482832,0.025,1.0,0.0664019180825538,0.03694235356921882,0.05167213582588631,0.14998319488566988,0,0,0.025836067912943156,0.07499159744283494,0,0,0,0
P01,V1_video2_pocaluz,poca_luz,567,23.632037914691946,1,0.20157619882629235,0.210578674672359,0.19257372298022568,0.15817448945200463,0.025,1.0,0.31878677023605406,0.19283008472598728,0.2558084274810207,0.14601998414546788,0,0,0.12790421374051034,0.07300999207273394,0,0,0,0
P01,V1_video2_pocaluz,poca_luz,568,23.67371699390657,1,0.20121203148491446,0.21019871480640312,0.1922253481634258,0.15804583713517525,0.025,1.0,0.20332289769824763,0.06803475111333201,0.13567882440578982,0.12403418536185397,0,0,0.06783941220289491,0.062017092680926984,0,0,0,0
P01,V1_video2_pocaluz,poca_luz,569,23.715396073121195,1,0.1962248729350214,0.20621942027894483,0.18623032559109795,0.1577300251574688,0.025,1.0,0.047930287507014,0.11354366294616391,0.08073697522658896,0.07963139954162424,0,0,0.04036848761329448,0.03981569977081212,0,0,0,0
P01,V1_video2_pocaluz,poca_luz,570,23.757075152335815,1,0.1910857249530039,0.20201587491361667,0.18015557499239113,0.15701659357730183,0.025,1.0,0.1394629638905739,0.12311125736670736,0.13128711062864062,0.17494856031861605,0,0,0.06564355531432031,0.08747428015930803,0,0,0,0
P01,V1_video2_pocaluz,poca_luz,571,23.79875423155044,1,0.14559720645399082,0.15137954972047488,0.1398148631875068,0.1587871473100019,0.025,1.0,0.05644205693418203,0.0652649771069318,0.06085351702055691,0.20842773546389043,0,0,0.030426758510278457,0.10421386773194521,0,0,0,0
P01,V1_video2_pocaluz,poca_luz,572,23.840433310765064,1,0.09402284099777883,0.09530204746040613,0.09274363453515153,0.15892980245012286,0.027777777777777776,1.0,0.12303794729861217,0.10825190850802624,0.1156449279033192,0.13034186647667376,1,0,0.5578224639516596,0.06517093323833688,1,0,0,0
P01,V1_video2_pocaluz,poca_luz,573,23.88211238997969,1,0.08525070303580276,0.0838793803821318,0.08662202568947373,0.15867742331832108,0.030555555555555555,1.0,0.06728605035221913,0.18953290213328877,0.12840947624275395,0.17051862212186458,1,0,0.564204738121377,0.08525931106093229,1,0,0,0
P01,V1_video2_pocaluz,poca_luz,574,23.923791469194313,1,0.08391292529256947,0.08244323886564292,0.085382611719496,0.15844231165718212,0.03333333333333333,1.0,0.05955503187870048,0.11313546419849829,0.08634524803859939,0.10546897907451408,1,0,0.5431726240192997,0.05273448953725704,1,0,0,0
P01,V1_video2_pocaluz,poca_luz,575,23.965470548408938,1,0.07774676520346993,0.07631945531668118,0.07917407509025867,0.1584279300736705,0.03611111111111111,1.0,0.07635041361031336,0.11407941884674122,0.09521491622852729,0.08148213309355565,1,0,0.5476074581142636,0.040741066546777824,1,0,0,0
P01,V1_video2_pocaluz,poca_luz,576,24.007149627623562,1,0.05045588671968852,0.04948650516460954,0.0514252682747675,0.15855357791816388,0.03888888888888889,1.0,0.08147628048168887,0.11078074568321505,0.09612851308245196,0.10047482357401699,1,0,0.5480642565412259,0.050237411787008496,1,0,0,0
P01,V1_video2_pocaluz,poca_luz,577,24.048828706838187,1,0.048815614401289294,0.04447083195991616,0.053160396842662425,0.15861778866092172,0.041666666666666664,1.0,0.07571675008448309,0.06784860796247583,0.07178267902347946,0.1005746572417974,1,0,0.5358913395117397,0.0502873286208987,1,0,0,0
P01,V1_video2_pocaluz,poca_luz,578,24.09050778605281,1,0.04169248423574895,0.035017212137357326,0.048367756334140574,0.15895147456227252,0.044444444444444446,1.0,0.07569177579291853,0.04748071667625953,0.061586246234589026,0.09778653537036286,1,0,0.5307931231172945,0.04889326768518143,1,0,0,0
P01,V1_video2_pocaluz,poca_luz,579,24.132186865267435,1,0.04314915052970624,0.03616946273939426,0.05012883832001822,0.15889657473052457,0.04722222222222222,1.0,0.13728303804505337,0.04680453176630872,0.09204378490568105,0.0580148980047492,1,0,0.5460218924528405,0.0290074490023746,1,0,0,0
P01,V1_video2_pocaluz,poca_luz,580,24.17386594448206,1,0.03709694636770642,0.03260378296056323,0.04159010977484961,0.15878522234469733,0.05,1.0,0.1188836783773175,0.05567929335322752,0.08728148586527251,0.0868062585832352,1,0,0.5436407429326362,0.0434031292916176,1,0,0,0
P01,V1_video2_pocaluz,poca_luz,581,24.215545023696684,1,0.03758759626712105,0.03283451564629159,0.04234067688795051,0.15871553869183766,0.05277777777777778,1.0,0.03816123213359757,0.11825402224312287,0.07820762718836022,0.19151469757151893,1,0,0.5391038135941801,0.09575734878575946,1,0,0,0
P01,V1_video2_pocaluz,poca_luz,582,24.25722410291131,1,0.03381276460882761,0.022851005359846417,0.04477452385780879,0.15881147353019018,0.05555555555555555,1.0,0.09404874903498606,0.04062999084984531,0.06733936994241568,0.23000808700647027,1,0,0.5336696849712078,0.11500404350323513,1,0,0,0
P01,V1_video2_pocaluz,poca_luz,583,24.298903182125933,1,0.03394648942299937,0.023712908376440564,0.044180070469558165,0.1581315129781924,0.058333333333333334,1.0,0.08644397660557657,0.0445590703327603,0.06550152346916843,0.15075999331596296,1,0,0.5327507617345842,0.07537999665798148,1,0,0,0
P01,V1_video2_pocaluz,poca_luz,584,24.340582261340558,1,0.0308586539634117,0.018839131956853876,0.042878175969969526,0.15812624715857865,0.06111111111111111,1.0,0.1449126087770899,0.04376138400920582,0.09433699639314785,0.14075693579037551,1,0,0.5471684981965739,0.07037846789518776,1,0,0,0
P01,V1_video2_pocaluz,poca_luz,585,24.382261340555182,1,0.0276098927804811,0.018101361937175015,0.037118423623787186,0.15850778738135798,0.06388888888888888,1.0,0.10721670484370394,0.1184888267652473,0.11285276580447562,0.12569572533654672,1,0,0.5564263829022378,0.06284786266827336,1,0,0,0
P01,V1_video2_pocaluz,poca_luz,586,24.423940419769806,1,0.029447216097454716,0.019799016640716184,0.03909541555419325,0.1585408658149889,0.06666666666666667,1.0,0.04316520176249161,0.13223348536959134,0.08769934356604148,0.07753815185062812,1,0,0.5438496717830208,0.03876907592531406,1,0,0,0
P01,V1_video2_pocaluz,poca_luz,587,24.46561949898443,1,0.027559559517668322,0.020120113571556648,0.03499900546377999,0.15819426348941726,0.06944444444444445,1.0,0.16399472906244972,0.08333992166662108,0.1236673253645354,0.037877679184365964,1,0,0.5618336626822678,0.018938839592182982,1,0,0,0
P01,V1_video2_pocaluz,poca_luz,588,24.50729857819905,1,0.03209984757009335,0.023262211793735096,0.0409374833464516,0.15806383498063364,0.07222222222222222,1.0,0.08702521495316928,0.12511188002631757,0.10606854748974343,0.1079585593121131,1,0,0.5530342737448717,0.05397927965605655,1,0,0,0
P01,V1_video2_pocaluz,poca_luz,589,24.548977657413676,1,0.02935076308705983,0.021535757481629482,0.03716576869249018,0.15812264001439424,0.075,1.0,0.25187345571110353,0.21261249354279388,0.2322429746269487,0.14090253095866648,1,0,0.6161214873134744,0.07045126547933324,1,0,1,0
P01,V1_video2_pocaluz,poca_luz,590,24.5906567366283,1,0.02655203180154469,0.02020723182968991,0.03289683177339947,0.15789966606445502,0.07777777777777778,1.0,0.1168684061817945,0.1306363882768753,0.1237523972293349,0.12757573067518868,1,0,0.5618761986146674,0.06378786533759434,1,0,0,0
P01,V1_video2_pocaluz,poca_luz,591,24.632335815842925,1,0.025402939590396714,0.017611690866945244,0.03319418831384818,0.1580967466959,0.08055555555555556,1.0,0.1624084617869913,0.11035993984795811,0.1363842008174747,0.12449124616082785,1,0,0.5681921004087374,0.062245623080413925,1,0,0,0
P01,V1_video2_pocaluz,poca_luz,592,24.67401489505755,1,0.023021332256810627,0.015855840214548358,0.030186824299072892,0.15738839695285994,0.08333333333333333,1.0,0.15591635178833563,0.15572686336456687,0.15582160757645125,0.20391310246150826,1,0,0.5779108037882257,0.10195655123075413,1,0,0,0
P01,V1_video2_pocaluz,poca_luz,593,24.715693974272174,1,0.02610115937083221,0.018436310696084132,0.03376600804558029,0.15821522985604206,0.08611111111111111,1.0,0.10730316139902818,0.08496674989245134,0.09613495564573976,0.2226587050928507,1,0,0.5480674778228699,0.11132935254642536,1,0,0,0
P01,V1_video2_pocaluz,poca_luz,594,24.7573730534868,1,0.02455879959497942,0.016909510819070005,0.032208088370888836,0.15847658852010288,0.08888888888888889,1.0,0.1158377867812388,0.09099207623634187,0.10341493150879033,0.12559539547588588,1,0,0.5517074657543952,0.06279769773794294,1,0,0,0
P01,V1_video2_pocaluz,poca_luz,595,24.799052132701423,1,0.021914362482207635,0.01635053033062218,0.02747819463379309,0.15908289907444476,0.09166666666666666,1.0,0.13410509940805349,0.15747091416692793,0.1457880067874907,0.20758198906803715,1,0,0.5728940033937453,0.10379099453401858,1,0,0,0
P01,V1_video2_pocaluz,poca_luz,596,24.840731211916047,1,0.022785008863157978,0.01526610346477289,0.030303914261543066,0.15921019214169266,0.09444444444444444,1.0,0.06854559087006284,0.20998724292012716,0.139266416895095,0.1554239849585579,1,0,0.5696332084475475,0.07771199247927894,1,0,0,0
P01,V1_video2_pocaluz,poca_luz,597,24.88241029113067,1,0.025560806018823025,0.014252913749161551,0.0368686982884845,0.1599608252684401,0.09722222222222222,1.0,0.06539715399503732,0.2543612324310699,0.1598791932130536,0.19743642901139047,1,0,0.5799395966065268,0.09871821450569523,1,0,0,0
P01,V1_video2_pocaluz,poca_luz,598,24.924089370345296,1,0.0275318296614316,0.015891296254287895,0.03917236306857531,0.15994704218128625,0.1,1.0,0.17486200950649278,0.261326277315136,0.2180941434108144,0.18053394203607248,1,0,0.6090470717054072,0.09026697101803624,1,0,1,0
P01,V1_video2_pocaluz,poca_luz,599,24.96576844955992,1,0.028426878155425116,0.015204093218386984,0.04164966309246325,0.16009966594187597,0.10277777777777777,1.0,0.13827343403005554,0.2258890997243086,0.18208126687718207,0.10835354021431345,1,0,0.591040633438591,0.05417677010715673,1,0,1,0
P01,V1_video2_pocaluz,poca_luz,600,25.007447528774545,1,0.02707892157801716,0.016580174186255816,0.0375776689697785,0.15975372222286163,0.10555555555555556,1.0,0.2164458151589601,0.3694414534756346,0.29294363431729736,0.06833144917320376,1,0,0.6464718171586487,0.03416572458660188,1,0,1,0
P01,V1_video2_pocaluz,poca_luz,601,25.04912660798917,1,0.027530504909741293,0.01727588351201804,0.03778512630746454,0.1595248559666097,0.10833333333333334,1.0,0.2164458151589601,0.3123573552794955,0.2644015852192278,0.08854948661522614,1,0,0.6322007926096139,0.04427474330761307,1,0,1,0
P01,V1_video2_pocaluz,poca_luz,602,25.090805687203794,1,0.029319095902169995,0.018586438737068552,0.040051753067271434,0.1594253739904172,0.1111111111111111,1.0,0.3118003085574108,0.33390584913628873,0.3228530788468498,0.09950086474060739,1,0,0.6614265394234249,0.049750432370303695,1,0,1,0
P01,V1_video2_pocaluz,poca_luz,603,25.13248476641842,1,0.0277069802939007,0.016384481451278157,0.03902947913652324,0.15944847206191107,0.11388888888888889,1.0,0.20448772845681973,0.3595330563289386,0.2820103923928792,0.11266832331444579,1,0,0.6410051961964396,0.056334161657222895,1,0,1,0
P01,V1_video2_pocaluz,poca_luz,604,25.174163845633043,1,0.027077347130782865,0.01680928692077803,0.0373454073407877,0.15919087755726935,0.11666666666666667,1.0,0.25624393890764896,0.4331358986695981,0.34468991878862354,0.12000946207819026,1,0,0.6723449593943118,0.06000473103909513,1,0,1,0
P01,V1_video2_pocaluz,poca_luz,605,25.215842924847667,1,0.027125899643578623,0.016230201521918994,0.03802159776523825,0.15940077601335575,0.11944444444444445,1.0,0.17139851682820328,0.2434493030144661,0.2074239099213347,0.11688075957515011,1,0,0.6037119549606673,0.058440379787575054,1,0,1,0
P01,V1_video2_pocaluz,poca_luz,606,25.25752200406229,1,0.030293556420792137,0.020625345181989534,0.039961767659594735,0.15942083422783454,0.12222222222222222,1.0,0.16930673866673074,0.22484165975431258,0.19707419921052166,0.09899114804866933,1,0,0.5985370996052608,0.04949557402433467,1,0,1,0
P01,V1_video2_pocaluz,poca_luz,607,25.299201083276913,1,0.027618038891884716,0.019131149125772625,0.036104928657996804,0.1595119659972359,0.125,1.0,0.20372682973588208,0.34861993224593857,0.2761733809909103,0.05919893637377852,1,0,0.6380866904954552,0.02959946818688926,1,0,1,0
P01,V1_video2_pocaluz,poca_luz,608,25.340880162491537,1,0.02769398348796971,0.018587502090748824,0.0368004648851906,0.15921932749213502,0.12777777777777777,1.0,0.17073661318207212,0.41421894220670474,0.29247777769438843,0.07939336569018154,1,0,0.6462388888471942,0.03969668284509077,1,0,1,0
P01,V1_video2_pocaluz,poca_luz,609,25.38255924170616,1,0.025303090335521673,0.016993905554159153,0.033612275116884194,0.1594023973033722,0.13055555555555556,1.0,0.06949640269478563,0.38154111203014807,0.22551875736246685,0.09614753926382957,1,0,0.6127593786812334,0.04807376963191479,1,0,1,0
P01,V1_video2_pocaluz,poca_luz,610,25.424238320920786,1,0.02838245748297285,0.016735540032945827,0.04002937493299987,0.15979487978804724,0.13333333333333333,1.0,0.3004152672447341,0.4123109208015808,0.35636309402315747,0.07224319400679868,1,0,0.6781815470115787,0.03612159700339934,1,0,1,0
P01,V1_video2_pocaluz,poca_luz,611,25.46591740013541,1,0.027028958394775204,0.016267781431248438,0.037790135358301974,0.15996476787677705,0.1361111111111111,1.0,0.27055303019957944,0.2578309041346205,0.2641919671671,0.08704686900088872,1,0,0.63209598358355,0.04352343450044436,1,0,1,0
P01,V1_video2_pocaluz,poca_luz,612,25.507596479350035,1,0.026865483197986158,0.016836813510078742,0.03689415288589357,0.1596535629734419,0.1388888888888889,1.0,0.3015418445939767,0.35425141484740286,0.3278966297206898,0.05784916539766559,1,0,0.6639483148603449,0.028924582698832794,1,0,1,0
P01,V1_video2_pocaluz,poca_luz,613,25.54927555856466,1,0.026757142583704797,0.016983515435920027,0.03653076973148957,0.16007400387982246,0.14166666666666666,1.0,0.31163568645002626,0.22762931766207484,0.26963250205605055,0.1322014797870948,1,0,0.6348162510280253,0.0661007398935474,1,0,1,0
P01,V1_video2_pocaluz,poca_luz,614,25.590954637779284,1,0.025318331664548097,0.016457566298749723,0.03417909703034647,0.15963061675579893,0.14444444444444443,1.0,0.20769729364875145,0.3846470765579788,0.2961721851033651,0.09023416686928265,1,0,0.6480860925516826,0.045117083434641325,1,0,1,0
P01,V1_video2_pocaluz,poca_luz,615,25.632633716993908,1,0.02691998092512475,0.017644014847390147,0.03619594700285936,0.15973770827351222,0.14722222222222223,1.0,0.3666894752371296,0.20058023443318762,0.2836348548351586,0.09287234536025729,1,0,0.6418174274175793,0.046436172680128646,1,0,1,0
P01,V1_video2_pocaluz,poca_luz,616,25.674312796208532,1,0.02843089216644177,0.018527356077047093,0.038334428255836446,0.15970616392658146,0.15,1.0,0.516144586495198,0.33590717041571894,0.4260258784554585,0.1204237392973304,1,0,0.7130129392277292,0.0602118696486652,1,0,1,0
P01,V1_video2_pocaluz,poca_luz,617,25.715991875423157,1,0.03033217372933216,0.015856793876105463,0.044807553582558855,0.16022487077122,0.1527777777777778,1.0,0.137546069619072,0.3421599668555618,0.23985301823731692,0.10798609209186383,1,0,0.6199265091186584,0.053993046045931914,1,0,1,0
P01,V1_video2_pocaluz,poca_luz,618,25.75767095463778,1,0.03308961143345436,0.021462513889473872,0.04471670897743484,0.16040029187186577,0.15555555555555556,1.0,0.26113942071872054,0.32781099829365246,0.2944752095061865,0.13011126995959466,1,0,0.6472376047530932,0.06505563497979733,1,0,1,0
P01,V1_video2_pocaluz,poca_luz,619,25.799350033852406,1,0.03173016933290865,0.021348434160296047,0.042111904505521255,0.16025530124740545,0.15833333333333333,1.0,0.4331483381899637,0.2097015048206008,0.32142492150528224,0.038893298654358505,1,0,0.6607124607526411,0.019446649327179252,1,0,1,0
P01,V1_video2_pocaluz,poca_luz,620,25.84102911306703,1,0.035213763277619436,0.02656359398125977,0.043863932573979095,0.15952482319313485,0.16111111111111112,1.0,0.1871313040274155,0.23764218681845295,0.21238674542293423,0.09105920635367339,1,0,0.6061933727114671,0.04552960317683669,1,0,1,0
P01,V1_video2_pocaluz,poca_luz,621,25.882708192281655,1,0.0285504713794999,0.01840848754833841,0.03869245521066139,0.15949098006553297,0.1638888888888889,1.0,0.14711453100094052,0.3009241035107866,0.22401931725586355,0.07832157481246714,1,0,0.6120096586279318,0.03916078740623357,1,0,1,0
P01,V1_video2_pocaluz,poca_luz,622,25.92438727149628,1,0.029508651823736076,0.017574724645916768,0.04144257900155538,0.16002348840011324,0.16666666666666666,1.0,0.1404017275180608,0.23566186791407007,0.18803179771606543,0.10364698027427748,1,0,0.5940158988580327,0.05182349013713874,1,0,1,0
P01,V1_video2_pocaluz,poca_luz,623,25.966066350710904,1,0.030202875694546414,0.016772479456010604,0.043633271933082224,0.16012943310422384,0.16944444444444445,1.0,0.1710312233441562,0.23566186791407007,0.20334654562911314,0.10783254764820173,1,0,0.6016732728145566,0.053916273824100865,1,0,1,0
P01,V1_video2_pocaluz,poca_luz,624,26.007745429925528,1,0.024496653129126654,0.016527625585252902,0.0324656806730004,0.1595368100891289,0.17222222222222222,1.0,0.09001855652847579,0.1907619685009142,0.140390262514695,0.13986028993886984,1,0,0.5701951312573474,0.06993014496943492,1,0,0,0
P01,V1_video2_pocaluz,poca_luz,625,26.04942450914015,1,0.02966168561111845,0.02079611513684762,0.03852725608538928,0.1597157892501099,0.175,1.0,0.09832676018955433,0.22545183577514627,0.1618892979823503,0.11804543308698051,1,0,0.5809446489911751,0.059022716543490256,1,0,1,0
P01,V1_video2_pocaluz,poca_luz,626,26.091103588354773,1,0.025841098401187118,0.01685880487891559,0.034823391923458645,0.15976595797088372,0.17777777777777778,1.0,0.22890841434331266,0.3781486383110467,0.3035285263271797,0.13879918907934513,1,0,0.6517642631635898,0.06939959453967257,1,0,1,0
P01,V1_video2_pocaluz,poca_luz,627,26.132782667569398,1,0.028855584463727255,0.017120946789406764,0.04059022213804775,0.15999491972991922,0.18055555555555555,1.0,0.11998992476782033,0.14812419773965646,0.1340570612537384,0.18114626017646313,1,0,0.5670285306268692,0.09057313008823156,1,0,0,0
P01,V1_video2_pocaluz,poca_luz,628,26.174461746784022,1,0.025923312798254203,0.015773539370460162,0.03607308622604824,0.16000413183667578,0.18333333333333332,1.0,0.2231652833552633,0.15870155154126642,0.19093341744826486,0.08965013820220141,1,0,0.5954667087241324,0.044825069101100706,1,0,1,0
P01,V1_video2_pocaluz,poca_luz,629,26.216140825998647,1,0.027745702334459936,0.01454686260532444,0.04094454206359543,0.1596168261991445,0.18611111111111112,1.0,0.1520492550844198,0.23828724123796252,0.19516824816119116,0.2394799610387978,1,0,0.5975841240805956,0.1197399805193989,1,0,1,0
P01,V1_video2_pocaluz,poca_luz,630,26.25781990521327,1,0.025423097620524776,0.013325097756794314,0.037521097484255236,0.15977795774446185,0.18888888888888888,1.0,0.2644186384376037,0.2616831135723773,0.2630508760049905,0.25318992578376126,1,0,0.6315254380024953,0.12659496289188063,1,0,1,0
P01,V1_video2_pocaluz,poca_luz,631,26.299498984427895,1,0.02706546803780313,0.01449870694903998,0.03963222912656628,0.15980063855917415,0.19166666666666668,1.0,0.24841972152650893,0.249618713173679,0.24901921735009397,0.18073755085353296,1,0,0.624509608675047,0.09036877542676648,1,0,1,0
P01,V1_video2_pocaluz,poca_luz,632,26.34117806364252,1,0.02521207414731922,0.013724616042649495,0.036699532251988944,0.15995824604581094,0.19444444444444445,1.0,0.1611011711077207,0.21290226824889746,0.1870017196783091,0.15939829797393562,1,0,0.5935008598391546,0.07969914898696781,1,0,1,0
P01,V1_video2_pocaluz,poca_luz,633,26.382857142857144,1,0.029640504685683966,0.016350000162608815,0.04293100920875911,0.16010488837299827,0.19722222222222222,1.0,0.1413409978922594,0.27777970182355227,0.20956034985790584,0.20482902697701375,1,0,0.604780174928953,0.10241451348850687,1,0,1,0
P01,V1_video2_pocaluz,poca_luz,634,26.42453622207177,1,0.03486210601144333,0.024093348125786885,0.04563086389709977,0.16020255325507438,0.2,1.0,0.21350353927145693,0.21978228034897007,0.2166429098102135,0.1368564910521762,1,0,0.6083214549051068,0.0684282455260881,1,0,1,0
P01,V1_video2_pocaluz,poca_luz,635,26.466215301286393,1,0.0360812433720999,0.02155901624416903,0.050603470500030764,0.16033090771044978,0.20277777777777778,1.0,0.23208087174565617,0.25315534996710354,0.24261811085637985,0.17035465900682115,1,0,0.6213090554281899,0.08517732950341057,1,0,1,0
P01,V1_video2_pocaluz,poca_luz,636,26.507894380501018,1,0.03578466664360364,0.0211624539184143,0.050406879368792984,0.16038933168265723,0.20555555555555555,1.0,0.20351745570987334,0.2670886986137734,0.23530307716182336,0.1445190070484749,1,0,0.6176515385809117,0.07225950352423745,1,0,1,0
P01,V1_video2_pocaluz,poca_luz,637,26.549573459715642,1,0.0399619768483456,0.025334218283524057,0.05458973541316714,0.16044672543887817,0.20833333333333334,1.0,0.24617937328785156,0.25585281823081063,0.2510160957593311,0.21958360996360085,1,0,0.6255080478796655,0.10979180498180043,1,0,1,0
P01,V1_video2_pocaluz,poca_luz,638,26.591252538930267,1,0.04086227709580134,0.027833129097603524,0.053891425093999155,0.16037013189927493,0.2111111111111111,1.0,0.24891208875664173,0.33494228580871854,0.29192718728268013,0.1645794581027276,1,0,0.64596359364134,0.0822897290513638,1,0,1,0
P01,V1_video2_pocaluz,poca_luz,639,26.63293161814489,1,0.04501431564342081,0.031328571497954406,0.05870005978888721,0.16022614922716757,0.21388888888888888,1.0,0.11173994382546615,0.2704771405994182,0.19110854221244217,0.15382288525163723,1,0,0.5955542711062211,0.07691144262581862,1,0,1,0
P01,V1_video2_pocaluz,poca_luz,640,26.674610697359515,1,0.04404373386713035,0.029201448879908175,0.05888601885435252,0.1603264828393629,0.21666666666666667,1.0,0.11399465301408673,0.20402848130924545,0.1590115671616661,0.08766612834470301,1,0,0.579505783580833,0.043833064172351506,1,0,0,0
P01,V1_video2_pocaluz,poca_luz,641,26.71628977657414,1,0.0389940486137772,0.02454469845224176,0.05344339877531264,0.16046688920823823,0.21944444444444444,1.0,0.15494027026389,0.24217453871845906,0.19855740449117454,0.050570220665004946,1,0,0.5992787022455872,0.025285110332502473,1,0,1,0
P01,V1_video2_pocaluz,poca_luz,642,26.757968855788764,1,0.03802461302156611,0.02491965873129488,0.051129567311837334,0.16051620083647072,0.2222222222222222,1.0,0.15900154836889413,0.2973749099997446,0.22818822918431936,0.11162721081413103,1,0,0.6140941145921597,0.055813605407065515,1,0,1,0
P01,V1_video2_pocaluz,poca_luz,643,26.799647935003385,1,0.03266643409683144,0.022943708044433166,0.04238916014922971,0.16065815336629652,0.225,1.0,0.07349621535661399,0.4694566325538,0.271476423955207,0.08309058611080973,1,0,0.6357382119776035,0.041545293055404865,1,0,1,0
P01,V1_video2_pocaluz,poca_luz,644,26.84132701421801,1,0.03746669539827883,0.02845925539991279,0.04647413539664487,0.15982557689215587,0.22777777777777777,1.0,0.1599364569745202,0.328839000754822,0.24438772886467108,0.1302099580899704,1,0,0.6221938644323355,0.0651049790449852,1,0,1,0
P01,V1_video2_pocaluz,poca_luz,645,26.883006093432634,1,0.03603749198173801,0.027304222080860995,0.04477076188261502,0.1594741468246578,0.23055555555555557,1.0,0.1393655925784133,0.29543741949618796,0.21740150603730063,0.12391011912515025,1,0,0.6087007530186503,0.061955059562575125,1,0,1,0
P01,V1_video2_pocaluz,poca_luz,646,26.92468517264726,1,0.03644531591259241,0.027388884710634116,0.04550174711455071,0.15947526672516008,0.23333333333333334,1.0,0.0949663005133069,0.3770220903743272,0.23599419544381706,0.07082975770445124,1,0,0.6179970977219085,0.03541487885222562,1,0,1,0
P01,V1_video2_pocaluz,poca_luz,647,26.966364251861883,1,0.02956600950739025,0.02006143991827449,0.039070579096506006,0.1599250434936926,0.2361111111111111,1.0,0.0769569572705564,0.16878321762559978,0.12287008744807809,0.10993498238988547,1,0,0.5614350437240391,0.054967491194942736,1,0,0,0
P01,V1_video2_pocaluz,poca_luz,648,27.008043331076507,1,0.03456589204884573,0.021198134524175877,0.04793364957351558,0.1607373419531364,0.2388888888888889,1.0,0.13427703566150462,0.1370164827250313,0.13564675919326796,0.10851375590711945,1,0,0.567823379596634,0.054256877953559726,1,0,0,0
P01,V1_video2_pocaluz,poca_luz,649,27.049722410291132,1,0.042220789839402466,0.024516018365652648,0.059925561313152284,0.1605509553216873,0.24166666666666667,1.0,0.14107484299937978,0.2879229036617289,0.21449887333055434,0.09232618614640124,1,0,0.6072494366652772,0.04616309307320062,1,0,1,0
P01,V1_video2_pocaluz,poca_luz,650,27.091401489505756,1,0.04511184968517988,0.029443082270578434,0.06078061709978133,0.16036723117517415,0.24444444444444444,1.0,0.048321014764308945,0.10831114127216457,0.07831607801823676,0.1480519794720367,1,0,0.5391580390091184,0.07402598973601834,1,0,0,0
P01,V1_video2_pocaluz,poca_luz,651,27.13308056872038,1,0.05010618605585848,0.04306831291505591,0.057144059196661046,0.16073158163782014,0.24722222222222223,1.0,0.06310602308175839,0.08126409698325598,0.07218506003250719,0.1267638735511035,1,0,0.5360925300162536,0.06338193677555175,1,0,0,0
P01,V1_video2_pocaluz,poca_luz,652,27.174759647935005,1,0.08176545657157637,0.07908897257421703,0.08444194056893571,0.1603054263476126,0.25,1.0,0.10576982722732142,0.11989898404676391,0.11283440563704267,0.07685944585410434,1,0,0.5564172028185214,0.03842972292705217,1,0,0,0
P01,V1_video2_pocaluz,poca_luz,653,27.21643872714963,1,0.13730544209101508,0.1405146649505752,0.13409621923145496,0.15857939909623825,0.25277777777777777,1.0,0.10623976745370678,0.07988615390957132,0.09306296068163905,0.08428640788185258,1,0,0.5465314803408196,0.04214320394092629,1,0,0,0
P01,V1_video2_pocaluz,poca_luz,654,27.258117806364254,1,0.17705939719593572,0.1851551202707692,0.16896367412110222,0.15875082715324265,0.25277777777777777,1.0,0.11799068691462944,0.02234592329750007,0.07016830510606475,0.05894622067649443,0,0,0.03508415255303238,0.029473110338247215,0,0,0,0
P01,V1_video2_pocaluz,poca_luz,655,27.29979688557888,1,0.20912661387437664,0.21612020582393437,0.20213302192481888,0.15899868047139373,0.25277777777777777,1.0,0.03998064925797129,0.1855644801012556,0.11277256467961344,0.09242857450530333,0,0,0.05638628233980672,0.04621428725265166,0,0,0,0
P01,V1_video2_pocaluz,poca_luz,656,27.341475964793503,1,0.22454052279651307,0.23390318536024282,0.21517786023278332,0.15793710295255936,0.25277777777777777,1.0,0.11466497557071975,0.1407236774460323,0.12769432650837603,0.20592640517297534,0,0,0.06384716325418802,0.10296320258648767,0,0,0,0
P01,V1_video2_pocaluz,poca_luz,657,27.383155044008127,1,0.2420783658564688,0.25248871657949457,0.23166801513344304,0.15743944336116678,0.25277777777777777,1.0,0.3149930869794435,0.22479971430386547,0.2698964006416545,0.16503407513634918,0,0,0.13494820032082724,0.08251703756817459,0,0,0,0
P01,V1_video2_pocaluz,poca_luz,658,27.42483412322275,1,0.257970695028177,0.2681499689032405,0.24779142115311345,0.1570027751165074,0.25277777777777777,1.0,0.06909210132369936,0.18350894381938565,0.1263005225715425,0.22411858416270244,0,0,0.06315026128577125,0.11205929208135122,0,0,0,0
P01,V1_video2_pocaluz,poca_luz,659,27.466513202437376,1,0.26391176571169006,0.2717569104379568,0.25606662098542327,0.15692120809721677,0.25277777777777777,1.0,0.053626424248147786,0.3309967555448772,0.19231158989651248,0.08708535816673486,0,0,0.09615579494825624,0.04354267908336743,0,0,0,0
P01,V1_video2_pocaluz,poca_luz,660,27.508192281652,1,0.2656490715881782,0.272803958096434,0.25849418507992233,0.15724171264749365,0.25277777777777777,1.0,0.07202980338941745,0.03617920500435534,0.054104504196886394,0.20651998129980698,0,0,0.027052252098443197,0.10325999064990349,0,0,0,0
P01,V1_video2_pocaluz,poca_luz,661,27.54987136086662,1,0.2707850761595459,0.27830446331635256,0.2632656890027392,0.15733614418185105,0.25277777777777777,1.0,0.0944112899425048,0.08727108398048689,0.09084118696149585,0.13135559976680916,0,0,0.04542059348074792,0.06567779988340458,0,0,0,0
P01,V1_video2_pocaluz,poca_luz,662,27.591550440081246,1,0.27462361282929965,0.28223630768090313,0.26701091797769616,0.1569061458917948,0.25277777777777777,1.0,0.053452392253209524,0.09645302277922851,0.07495270751621902,0.12152637964721902,0,0,0.03747635375810951,0.06076318982360951,0,0,0,0
P01,V1_video2_pocaluz,poca_luz,663,27.63322951929587,1,0.2741557830907333,0.28049945984668856,0.26781210633477803,0.15750005030423672,0.25277777777777777,1.0,0.06909647184043965,0.07552569011392607,0.07231108097718286,0.08897597582234318,0,0,0.03615554048859143,0.04448798791117159,0,0,0,0
P01,V1_video2_pocaluz,poca_luz,664,27.674908598510495,1,0.2761672792181546,0.2826498174439111,0.2696847409923981,0.1572138605711744,0.25277777777777777,1.0,0.024604498020152632,0.06167288381053071,0.04313869091534167,0.1907385615455767,0,0,0.021569345457670835,0.09536928077278835,0,0,0,0
P01,V1_video2_pocaluz,poca_luz,665,27.71658767772512,1,0.2792523071176035,0.2859697746139845,0.2725348396212225,0.1571427225642373,0.25277777777777777,1.0,0.005916086473648385,0.1699451480382297,0.08793061725593904,0.3114624837151489,0,0,0.04396530862796952,0.15573124185757445,0,0,0,0
P01,V1_video2_pocaluz,poca_luz,666,27.758266756939744,1,0.27944241326637687,0.2840329704194323,0.2748518561133214,0.1573612780834546,0.25277777777777777,1.0,0.017995384071666565,0.32538819062099145,0.171691787346329,0.23975663159347316,0,0,0.0858458936731645,0.11987831579673658,0,0,0,0
P01,V1_video2_pocaluz,poca_luz,667,27.799945836154368,1,0.2784690546802233,0.283381450945692,0.27355665841475457,0.15798900468199384,0.25277777777777777,1.0,0.016944069923289784,0.18355888993822278,0.10025147993075628,0.20750011405693855,0,0,0.05012573996537814,0.10375005702846928,0,0,0,0
P01,V1_video2_pocaluz,poca_luz,668,27.841624915368993,1,0.2804122646122019,0.2865456113416645,0.2742789178827394,0.15797631088116967,0.25277777777777777,1.0,0.028200365401218064,0.07036684828978479,0.049283606845501426,0.15378425326447204,0,0,0.024641803422750713,0.07689212663223602,0,0,0,0
P01,V1_video2_pocaluz,poca_luz,669,27.883303994583617,1,0.2851451310103893,0.2913303764710141,0.27895988554976453,0.15806486738787603,0.25277777777777777,1.0,0.030223390747285528,0.08939476844841965,0.05980907959785259,0.23269185468147738,0,0,0.029904539798926294,0.11634592734073869,0,0,0,0
P01,V1_video2_pocaluz,poca_luz,670,27.92498307379824,1,0.28440700668403995,0.2904909170183186,0.27832309634976127,0.1577554679360018,0.25277777777777777,1.0,0.03263889517410534,0.1670203184144058,0.09982960679425557,0.35170367058497254,0,0,0.04991480339712778,0.17585183529248627,0,0,0,0
P01,V1_video2_pocaluz,poca_luz,671,27.966662153012866,1,0.2865878845818717,0.292321546377398,0.2808542227863453,0.158144957670961,0.25277777777777777,1.0,0.008069186528246175,0.04824578104539945,0.028157483786822812,0.44348681729690465,0,0,0.014078741893411406,0.22174340864845232,0,0,0,0
P01,V1_video2_pocaluz,poca_luz,672,28.00834123222749,1,0.28801085276601224,0.2940918154855082,0.2819298900465162,0.15787896911674762,0.25277777777777777,1.0,0.20219951250981372,0.44433271885473036,0.32326611568227204,0.09244429560351444,0,0,0.16163305784113602,0.04622214780175722,0,0,0,0
P01,V1_video2_pocaluz,poca_luz,673,28.050020311442115,1,0.28872238609826806,0.29520868978231785,0.28223608241421827,0.15745587349315937,0.25277777777777777,1.0,0.09915931112430765,0.4308319754921155,0.26499564330821157,0.12941397278351938,0,0,0.13249782165410579,0.06470698639175969,0,0,0,0
P01,V1_video2_pocaluz,poca_luz,674,28.09169939065674,1,0.2881720647212428,0.29575382745362366,0.2805903019888619,0.15688868337713907,0.25277777777777777,1.0,0.2700004438621194,0.4778159377999728,0.3739081908310461,0.12649078658559282,0,0,0.18695409541552305,0.06324539329279641,0,0,0,0
P01,V1_video2_pocaluz,poca_luz,675,28.133378469871364,1,0.2871188675331936,0.2947891836220538,0.27944855144433334,0.15746601211060351,0.25277777777777777,1.0,0.03629166630464309,0.5120183991641196,0.27415503273438135,0.13066216804912054,0,0,0.13707751636719068,0.06533108402456027,0,0,0,0
P01,V1_video2_pocaluz,poca_luz,676,28.175057549085988,1,0.2946645476395822,0.29897821741075614,0.2903508778684083,0.15724678563214714,0.25277777777777777,1.0,0.019798702109708577,0.18699418240902588,0.10339644225936723,0.17139230352301166,0,0,0.051698221129683614,0.08569615176150583,0,0,0,0
P01,V1_video2_pocaluz,poca_luz,677,28.216736628300612,1,0.2957238145398804,0.30155048107384663,0.2898971480059141,0.15886893851816006,0.25277777777777777,1.0,0.011787214715816896,0.13336396865041378,0.07257559168311534,0.32128885044445,0,0,0.03628779584155767,0.160644425222225,0,0,0,0
P01,V1_video2_pocaluz,poca_luz,678,28.258415707515237,1,0.2935589743072415,0.30083171061859193,0.28628623799589104,0.15871264272244454,0.25277777777777777,1.0,0.013251958776414496,0.08691788819054813,0.050084923483481314,0.3101175151694704,0,0,0.025042461741740657,0.1550587575847352,0,0,0,0
P01,V1_video2_pocaluz,poca_luz,679,28.300094786729858,1,0.29709766643943436,0.3018970763401096,0.2922982565387591,0.15819441032290968,0.25277777777777777,1.0,0.02427892125694231,0.30887393129578,0.16657642627636116,0.3550650679133111,0,0,0.08328821313818058,0.17753253395665555,0,0,0,0
P01,V1_video2_pocaluz,poca_luz,680,28.341773865944482,1,0.3005465216168264,0.3057237716316414,0.29536927160201143,0.15670619745983416,0.25277777777777777,1.0,0.009259536311963745,0.031979811069687725,0.020619673690825735,0.21258273971404293,0,0,0.010309836845412867,0.10629136985702146,0,0,0,0
P01,V1_video2_pocaluz,poca_luz,681,28.383452945159107,1,0.29796930899875684,0.30287622416531956,0.29306239383219407,0.1582764838757764,0.25277777777777777,1.0,0.004735712759392774,0.16752446069448168,0.08613008672693723,0.2803972434893415,0,0,0.043065043363468614,0.14019862174467074,0,0,0,0
P01,V1_video2_pocaluz,poca_luz,682,28.42513202437373,1,0.2982710377252753,0.3021420640357879,0.29440001141476263,0.15815330388247545,0.25277777777777777,1.0,0.014344538954942143,0.15387116312088578,0.08410785103791396,0.26822447332906163,0,0,0.04205392551895698,0.13411223666453082,0,0,0,0
P01,V1_video2_pocaluz,poca_luz,683,28.466811103588356,1,0.30092805389450905,0.3053997350622276,0.2964563727267905,0.1581367910114466,0.25277777777777777,1.0,0.028691426682011634,0.014309402236860946,0.02150041445943629,0.17681376483670203,0,0,0.010750207229718145,0.08840688241835101,0,0,0,0
P01,V1_video2_pocaluz,poca_luz,684,28.50849018280298,1,0.30101043842448877,0.30646017778179613,0.2955606990671814,0.15785202146332178,0.25277777777777777,1.0,0.00463000601285013,0.04772804763864369,0.02617902682574691,0.34803480126457037,0,0,0.013089513412873455,0.17401740063228519,0,0,0,0
P01,V1_video2_pocaluz,poca_luz,685,28.550169262017604,1,0.3006025778370487,0.30727962403822456,0.29392553163587287,0.15844401814907502,0.25277777777777777,1.0,0.05582840665151778,0.11590260973010935,0.08586550819081357,0.24233853027033234,0,0,0.04293275409540678,0.12116926513516617,0,0,0,0
P01,V1_video2_pocaluz,poca_luz,686,28.59184834123223,1,0.2924195565211837,0.2999406875756996,0.28489842546666777,0.15901454818000973,0.25277777777777777,1.0,0.004752675359025349,0.03810713442361091,0.02142990489131813,0.2318372338118845,0,0,0.010714952445659065,0.11591861690594225,0,0,0,0
P01,V1_video2_pocaluz,poca_luz,687,28.633527420446853,1,0.291949390097404,0.3007972515723823,0.2831015286224257,0.15848615401760865,0.25277777777777777,1.0,0.0056878698404804195,0.07715208271303842,0.04141997627675942,0.2291506295446216,0,0,0.02070998813837971,0.1145753147723108,0,0,0,0
P01,V1_video2_pocaluz,poca_luz,688,28.675206499661478,1,0.29102130625100253,0.2983995187047441,0.2836430937972609,0.15785576275238125,0.25277777777777777,1.0,0.0044318817938668875,0.0309235161988326,0.017677698996349744,0.29250519649225765,0,0,0.008838849498174872,0.14625259824612882,0,0,0,0
P01,V1_video2_pocaluz,poca_luz,689,28.716885578876102,1,0.2923178126914515,0.29976699812535657,0.2848686272575464,0.15778525126930032,0.25277777777777777,1.0,0.0030163730735977,0.17647657557076202,0.08974647432217986,0.21013211857222328,0,0,0.04487323716108993,0.10506605928611164,0,0,0,0
P01,V1_video2_pocaluz,poca_luz,690,28.758564658090727,1,0.2907136648331925,0.2978081760915752,0.2836191535748097,0.1575906095042292,0.25277777777777777,1.0,0.004467998229987669,0.1456990553375389,0.07508352678376329,0.21359523420844126,0,0,0.037541763391881644,0.10679761710422063,0,0,0,0
P01,V1_video2_pocaluz,poca_luz,691,28.80024373730535,1,0.2888286229316155,0.29571718851949386,0.28194005734373717,0.15702701588348106,0.25277777777777777,1.0,0.010508226984107694,0.3454096466339396,0.17795893680902364,0.4050391183647255,0,0,0.08897946840451182,0.20251955918236275,0,0,0,0
P01,V1_video2_pocaluz,poca_luz,692,28.841922816519975,1,0.2903321029743211,0.29683597612000734,0.28382822982863487,0.15786971017834567,0.25277777777777777,1.0,0.013561211586594513,0.03475169606446493,0.024156453825529722,0.1763897248418629,0,0,0.012078226912764861,0.08819486242093146,0,0,0,0
P01,V1_video2_pocaluz,poca_luz,693,28.8836018957346,1,0.2911839422128879,0.2982151925598556,0.2841526918659202,0.15784774872717497,0.25277777777777777,1.0,0.011734874774344761,0.3253637111989073,0.16854929298662602,0.16621762896563513,0,0,0.08427464649331301,0.08310881448281757,0,0,0,0
P01,V1_video2_pocaluz,poca_luz,694,28.925280974949224,1,0.28997548773574633,0.29601578994719324,0.2839351855242994,0.15782134454571942,0.25277777777777777,1.0,0.007030758309055973,0.1795130846110906,0.09327192146007329,0.2676602929475561,0,0,0.046635960730036646,0.13383014647377806,0,0,0,0
P01,V1_video2_pocaluz,poca_luz,695,28.96696005416385,1,0.28671614594727163,0.2936833954364793,0.27974889645806394,0.15829682450768612,0.25277777777777777,1.0,0.01399483948783986,0.1672282974461622,0.09061156846700102,0.1596845168828988,0,0,0.04530578423350051,0.0798422584414494,0,0,0,0
P01,V1_video2_pocaluz,poca_luz,696,29.008639133378473,1,0.2882781525346786,0.2967705644582883,0.2797857406110689,0.1581176336979302,0.25277777777777777,1.0,0.02026619551177644,0.08633560625182823,0.05330090088180234,0.1564883368087765,0,0,0.02665045044090117,0.07824416840438825,0,0,0,0
P01,V1_video2_pocaluz,poca_luz,697,29.050318212593094,1,0.28973426780546707,0.29839008246626486,0.2810784531446692,0.1575420792585055,0.25277777777777777,1.0,0.011863596963326062,0.03669088094988515,0.024277238956605607,0.19363903226270493,0,0,0.012138619478302803,0.09681951613135246,0,0,0,0
P01,V1_video2_pocaluz,poca_luz,698,29.09199729180772,1,0.29117085478291527,0.29986937949965325,0.2824723300661773,0.1575731497402621,0.25277777777777777,1.0,0.027440947636066748,0.11132597477376005,0.0693834612049134,0.12932071083805427,0,0,0.0346917306024567,0.06466035541902714,0,0,0,0
P01,V1_video2_pocaluz,poca_luz,699,29.133676371022343,1,0.28999355344339794,0.3002509754621097,0.2797361314246862,0.15740852092319627,0.25277777777777777,1.0,0.014049465099851832,0.04199144256309595,0.02802045383147389,0.2086806979176421,0,0,0.014010226915736945,0.10434034895882105,0,0,0,0
P01,V1_video2_pocaluz,poca_luz,700,29.175355450236967,1,0.28985497294233464,0.2984212505523087,0.28128869533236056,0.15750072789192018,0.25277777777777777,1.0,0.00883437702634371,0.19380800749553106,0.10132119226093739,0.19289737236943483,0,0,0.050660596130468694,0.09644868618471741,0,0,0,0
P01,V1_video2_pocaluz,poca_luz,701,29.217034529451592,1,0.28827870460905713,0.2963459277202981,0.2802114814978162,0.15781015492155248,0.25277777777777777,1.0,0.055558220937559466,0.18123778556577486,0.11839800325166716,0.14233064670233336,0,0,0.05919900162583358,0.07116532335116668,0,0,0,0
P01,V1_video2_pocaluz,poca_luz,702,29.258713608666216,1,0.2902785189502173,0.2978877598317807,0.28266927806865394,0.15776561509057005,0.25277777777777777,1.0,0.0013280685073544518,0.06316473092080688,0.032246399714080665,0.07697630037000018,0,0,0.016123199857040332,0.03848815018500009,0,0,0,0
P01,V1_video2_pocaluz,poca_luz,703,29.30039268788084,1,0.28980965737518405,0.2955593762027313,0.28405993854763684,0.15801506410289964,0.25277777777777777,1.0,0.0023324735823312404,0.052169188654150433,0.027250831118240837,0.14064215239622646,0,0,0.013625415559120418,0.07032107619811323,0,0,0,0
P01,V1_video2_pocaluz,poca_luz,704,29.342071767095465,1,0.28849184990404764,0.29434490133324526,0.28263879847485,0.15791373420575122,0.25277777777777777,1.0,0.0007781082620883506,0.11169610190181312,0.05623710508195073,0.15903255542905362,0,0,0.028118552540975367,0.07951627771452681,0,0,0,0
P01,V1_video2_pocaluz,poca_luz,705,29.38375084631009,1,0.2883592952228442,0.2946856302685519,0.28203296017713647,0.157807136347455,0.25277777777777777,1.0,0.002799181460682698,0.05937865155542388,0.031088916508053288,0.10868508057060955,0,0,0.015544458254026644,0.054342540285304775,0,0,0,0
P01,V1_video2_pocaluz,poca_luz,706,29.425429925524714,1,0.2920558422988694,0.296783626776241,0.2873280578214978,0.15768290638286717,0.25277777777777777,1.0,0.0022118167831932656,0.23091741294861967,0.11656461486590647,0.14808452071237016,0,0,0.058282307432953234,0.07404226035618508,0,0,0,0
P01,V1_video2_pocaluz,poca_luz,707,29.46710900473934,1,0.2927066144706124,0.29751653802053446,0.28789669092069037,0.15758698656702566,0.25277777777777777,1.0,0.009844374879207751,0.030292130785860127,0.02006825283253394,0.14011302249127436,0,0,0.01003412641626697,0.07005651124563718,0,0,0,0
P01,V1_video2_pocaluz,poca_luz,708,29.508788083953963,1,0.29186919813337436,0.2966709879826872,0.2870674082840615,0.15761517779003986,0.25277777777777777,1.0,0.0071152479340589325,0.034907005498907684,0.021011126716483308,0.1452873073069779,0,0,0.010505563358241654,0.07264365365348895,0,0,0,0
P01,V1_video2_pocaluz,poca_luz,709,29.550467163168587,1,0.29418531464474934,0.2986941609549094,0.28967646833458927,0.1574670613938522,0.25277777777777777,1.0,0.008077835812988599,0.013427787283965653,0.010752811548477126,0.12594252626192542,0,0,0.005376405774238563,0.06297126313096271,0,0,0,0
P01,V1_video2_pocaluz,poca_luz,710,29.592146242383212,1,0.28724098078952054,0.2938729907713427,0.28060897080769837,0.15781564404987203,0.25277777777777777,1.0,0.018427461319672767,0.033908465669251875,0.02616796349446232,0.08636824177148204,0,0,0.01308398174723116,0.04318412088574102,0,0,0,0
P01,V1_video2_pocaluz,poca_luz,711,29.633825321597836,1,0.28155752812074153,0.2881619987035072,0.2749530575379758,0.1580336710181549,0.25277777777777777,1.0,0.020132070567581484,0.09489951915540618,0.05751579486149383,0.06504225726933237,0,0,0.028757897430746915,0.032521128634666184,0,0,0,0
P01,V1_video2_pocaluz,poca_luz,712,29.67550440081246,1,0.28336033793297105,0.28956682146862245,0.27715385439731965,0.1577243677654767,0.25277777777777777,1.0,0.004947110257969123,0.022676812545973646,0.013811961401971384,0.05719024508060317,0,0,0.006905980700985692,0.028595122540301585,0,0,0,0
P01,V1_video2_pocaluz,poca_luz,713,29.717183480027085,1,0.2811462107590763,0.28763951358389434,0.2746529079342583,0.15745510068082383,0.25277777777777777,1.0,0.0007110006005900393,0.08081968284369245,0.040765341722141246,0.03763251163938367,0,0,0.020382670861070623,0.018816255819691836,0,0,0,0
P01,V1_video2_pocaluz,poca_luz,714,29.75886255924171,1,0.28002371858848524,0.28675313356015103,0.27329430361681945,0.157172592918746,0.25277777777777777,1.0,0.0009798332254720155,0.08054995686037625,0.04076489504292413,0.128656020630367,0,0,0.020382447521462066,0.0643280103151835,0,0,0,0
P01,V1_video2_pocaluz,poca_luz,715,29.80054163845633,1,0.280029502098313,0.28736229753022746,0.2726967066663985,0.15775832461087172,0.25277777777777777,1.0,0.003073110517420652,0.04124895630594205,0.022161033411681352,0.08928197475142295,0,0,0.011080516705840676,0.044640987375711476,0,0,0,0
P01,V1_video2_pocaluz,poca_luz,716,29.842220717670955,1,0.28395032302797363,0.2906483968406304,0.27725224921531694,0.1573978260100508,0.25277777777777777,1.0,0.012692550590740037,0.045223425390679695,0.028957987990709866,0.03963592580008119,0,0,0.014478993995354933,0.019817962900040596,0,0,0,0
P01,V1_video2_pocaluz,poca_luz,717,29.88389979688558,1,0.2849696486672627,0.29182580830872135,0.2781134890258041,0.15760549917356345,0.25277777777777777,1.0,0.006448515014709111,0.06291242179845336,0.03468046840658123,0.10759466981475853,0,0,0.017340234203290616,0.053797334907379264,0,0,0,0
P01,V1_video2_pocaluz,poca_luz,718,29.925578876100204,1,0.28553150851264186,0.2932047567678179,0.2778582602574658,0.15807951476924148,0.25277777777777777,1.0,0.04602202029549818,0.12041049433945406,0.08321625731747612,0.0648559084493672,0,0,0.04160812865873806,0.0324279542246836,0,0,0,0
P01,V1_video2_pocaluz,poca_luz,719,29.967257955314828,1,0.2843026836598777,0.2915935709036632,0.2770117964160922,0.15801193641901734,0.25277777777777777,1.0,0.03690315113165332,0.11018108871828103,0.07354211992496718,0.10573253492483098,0,0,0.03677105996248359,0.05286626746241549,0,0,0,0
P01,V1_video2_pocaluz,poca_luz,720,30.008937034529453,1,0.28989038613275164,0.2968009401854949,0.2829798320800084,0.15789414689696488,0.25277777777777777,1.0,0.009974770138227673,0.3541830655665634,0.18207891785239555,0.09471443124889461,0,0,0.09103945892619777,0.04735721562444731,0,0,0,0
P01,V1_video2_pocaluz,poca_luz,721,30.050616113744077,1,0.29097326252990857,0.2978676495383722,0.28407887552144495,0.15768841962696825,0.25277777777777777,1.0,0.007564415129301394,0.16881292245619484,0.08818866879274811,0.10994991389411284,0,0,0.04409433439637406,0.05497495694705642,0,0,0,0
P01,V1_video2_pocaluz,poca_luz,722,30.0922951929587,1,0.2877759240018767,0.2962301263380106,0.2793217216657428,0.15790948585356032,0.25277777777777777,1.0,0.01440673054737307,0.1512224196705002,0.08281457510893664,0.12507474866880441,0,0,0.04140728755446832,0.06253737433440221,0,0,0,0
P01,V1_video2_pocaluz,poca_luz,723,30.133974272173326,1,0.29266954291686637,0.3023544687004848,0.2829846171332479,0.15776336259404591,0.25277777777777777,1.0,0.019478775231541512,0.4137387871154107,0.2166087811734761,0.141012481378316,0,0,0.10830439058673805,0.070506240689158,0,0,0,0
P01,V1_video2_pocaluz,poca_luz,724,30.17565335138795,1,0.28776378148083764,0.2961193996878882,0.2794081632737871,0.15752435713929377,0.25277777777777777,1.0,0.037510057067909885,0.22030570962559193,0.1289078833467509,0.17843345489302168,0,0,0.06445394167337545,0.08921672744651084,0,0,0,0
P01,V1_video2_pocaluz,poca_luz,725,30.217332430602575,1,0.29245904410201984,0.3016494898250106,0.28326859837902907,0.1570257001302718,0.25277777777777777,1.0,0.007979655939590491,0.19096418404208537,0.09947191999083793,0.10517902804499565,0,0,0.049735959995418966,0.05258951402249783,0,0,0,0
P01,V1_video2_pocaluz,poca_luz,726,30.2590115098172,1,0.29099855425464594,0.30089088833780836,0.2811062201714835,0.15779723956569372,0.25277777777777777,1.0,0.007059659202703905,0.1919273508233872,0.09949350501304555,0.2407439579444565,0,0,0.04974675250652277,0.12037197897222825,0,0,0,0
P01,V1_video2_pocaluz,poca_luz,727,30.300690589031824,1,0.2952344312114019,0.30199584007073654,0.28847302235206723,0.15804240891960764,0.25277777777777777,1.0,0.01671662849903166,0.02591512182777378,0.02131587516340272,0.13899044310407915,0,0,0.01065793758170136,0.06949522155203958,0,0,0,0
P01,V1_video2_pocaluz,poca_luz,728,30.342369668246448,1,0.28642711310926233,0.2948218694283776,0.27803235679014704,0.15862380471792753,0.25277777777777777,1.0,0.002594681286640532,0.02469790198674726,0.013646291636693897,0.20097605307294983,0,0,0.0068231458183469484,0.10048802653647491,0,0,0,0
P01,V1_video2_pocaluz,poca_luz,729,30.384048747461073,1,0.2942371471852594,0.3039712570877581,0.28450303728276066,0.15742024872627577,0.25277777777777777,1.0,0.025261004680204646,0.04394667990270196,0.0346038422914533,0.16560699947926819,0,0,0.01730192114572665,0.08280349973963409,0,0,0,0
P01,V1_video2_pocaluz,poca_luz,730,30.425727826675697,1,0.28828178409823557,0.29651787332522755,0.28004569487124364,0.15748850675957837,0.25277777777777777,1.0,0.04476196782949371,0.10669379794921141,0.07572788288935256,0.1119650209859647,0,0,0.03786394144467628,0.05598251049298235,0,0,0,0
P01,V1_video2_pocaluz,poca_luz,731,30.46740690589032,1,0.28960126810496634,0.2975970178084892,0.28160551840144354,0.15745065993540167,0.25277777777777777,1.0,0.05120056113422322,0.17517794283524202,0.11318925198473262,0.12664004266989304,0,0,0.05659462599236631,0.06332002133494652,0,0,0,0
P01,V1_video2_pocaluz,poca_luz,732,30.509085985104946,1,0.29053529946614937,0.3003654728542602,0.28070512607803855,0.15751206691452058,0.25277777777777777,1.0,0.002865490462059417,0.03313414059610398,0.017999815529081697,0.11229488270311384,0,0,0.008999907764540849,0.05614744135155692,0,0,0,0
P01,V1_video2_pocaluz,poca_luz,733,30.550765064319567,1,0.289283637624602,0.29872679781968486,0.2798404774295192,0.15798809891581508,0.25277777777777777,1.0,0.011978343193065233,0.17251904085727576,0.0922486920251705,0.07985160182111509,0,0,0.04612434601258525,0.03992580091055754,0,0,0,0
P01,V1_video2_pocaluz,poca_luz,734,30.59244414353419,1,0.2887374979936268,0.2984829888638038,0.27899200712344974,0.15751853850395808,0.25277777777777777,1.0,0.013467204791901555,0.1451694388957807,0.07931832184384113,0.05502700473922569,0,0,0.039659160921920567,0.027513502369612846,0,0,0,0
P01,V1_video2_pocaluz,poca_luz,735,30.634123222748816,1,0.29059934732434245,0.29841227450296565,0.2827864201457193,0.1573831521305896,0.25277777777777777,1.0,0.02814306754547513,0.015717571314989742,0.021930319430232437,0.09858579103617977,0,0,0.010965159715116218,0.04929289551808989,0,0,0,0
P01,V1_video2_pocaluz,poca_luz,736,30.67580230196344,1,0.2898141652865348,0.29909450172568824,0.2805338288473813,0.15760257772881991,0.25277777777777777,1.0,0.003071445575370646,0.04465517078571801,0.02386330818054433,0.08479466772464718,0,0,0.011931654090272165,0.04239733386232359,0,0,0,0
P01,V1_video2_pocaluz,poca_luz,737,30.717481381178064,1,0.29020872163589206,0.298879860824277,0.2815375824475071,0.15748974543901428,0.25277777777777777,1.0,0.007976991489414775,0.07430795460101003,0.0411424730452124,0.19046777476192273,0,0,0.0205712365226062,0.09523388738096136,0,0,0,0
P01,V1_video2_pocaluz,poca_luz,738,30.75916046039269,1,0.29269752853598163,0.301311157987628,0.2840838990843353,0.15724842139721598,0.25277777777777777,1.0,0.004233569050398622,0.07924389197456483,0.041738730512481725,0.12127928210157414,0,0,0.020869365256240863,0.06063964105078707,0,0,0,0
P01,V1_video2_pocaluz,poca_luz,739,30.800839539607313,1,0.2934668323849707,0.3010999406489982,0.28583372412094316,0.15776855909426737,0.25277777777777777,1.0,0.028806823644645374,0.03735162883180965,0.03307922623822751,0.138533733492466,0,0,0.016539613119113755,0.069266866746233,0,0,0,0
P01,V1_video2_pocaluz,poca_luz,740,30.842518618821938,1,0.2938079029322431,0.3021006151676053,0.285515190696881,0.15723642119951806,0.25277777777777777,1.0,0.001974393345173131,0.04308172581546332,0.022528059580318227,0.06514438782120634,0,0,0.011264029790159114,0.03257219391060317,0,0,0,0
P01,V1_video2_pocaluz,poca_luz,741,30.884197698036562,1,0.28948795589601967,0.2982606762309155,0.2807152355611238,0.15716342700895933,0.25,1.0,0.04979122299412586,0.31292183917763106,0.18135653108587846,0.15861279072162277,0,0,0.09067826554293923,0.07930639536081138,0,0,0,0
P01,V1_video2_pocaluz,poca_luz,742,30.925876777251187,1,0.29057806843314193,0.2990447128722976,0.2821114239939863,0.1578334078890626,0.24722222222222223,1.0,0.027549343548320948,0.11316737997483484,0.07035836176157789,0.09435149947919538,0,0,0.035179180880788946,0.04717574973959769,0,0,0,0
P01,V1_video2_pocaluz,poca_luz,743,30.96755585646581,1,0.29064871191734376,0.29935489873228416,0.2819425251024034,0.15794938381530788,0.24444444444444444,1.0,0.004912754773758077,0.3658225200053259,0.18536763738954198,0.27645970763798355,0,0,0.09268381869477099,0.13822985381899178,0,0,0,0
P01,V1_video2_pocaluz,poca_luz,744,31.009234935680436,1,0.2888480973174878,0.29526609267074033,0.28243010196423524,0.1566852717175069,0.24166666666666667,1.0,0.07335224350278191,0.17637193965732645,0.12486209158005418,0.05705588735160454,0,0,0.06243104579002709,0.02852794367580227,0,0,0,0
P01,V1_video2_pocaluz,poca_luz,745,31.05091401489506,1,0.29011389773836516,0.29609079950146927,0.2841369959752611,0.1567273101863974,0.2388888888888889,1.0,0.07475773955757581,0.22012900552666326,0.14744337254211953,0.12033730990111074,0,0,0.07372168627105977,0.06016865495055537,0,0,0,0
P01,V1_video2_pocaluz,poca_luz,746,31.092593094109684,1,0.2893597195916138,0.29617475241519997,0.2825446867680276,0.1570517648482342,0.2361111111111111,1.0,0.04297113823944254,0.33980813586316083,0.1913896370513017,0.039989444323663054,0,0,0.09569481852565084,0.019994722161831527,0,0,0,0
P01,V1_video2_pocaluz,poca_luz,747,31.13427217332431,1,0.29115674076311093,0.29729050231213455,0.28502297921408737,0.15634754443320611,0.2361111111111111,1.0,0.028918064242841046,0.043561484032413444,0.036239774137627245,0.06846457633385523,0,0,0.018119887068813623,0.03423228816692762,0,0,0,0
P01,V1_video2_pocaluz,poca_luz,748,31.175951252538933,1,0.2896693622162095,0.29724214705780805,0.2820965773746109,0.15689274381294463,0.2361111111111111,1.0,0.006563157865410285,0.16025749748388618,0.08341032767464823,0.10713334276447307,0,0,0.041705163837324116,0.05356667138223654,0,0,0,0
P01,V1_video2_pocaluz,poca_luz,749,31.217630331753558,1,0.2893844072442787,0.29732529314486605,0.2814435213436914,0.15682286631153444,0.2361111111111111,1.0,0.01154650810482194,0.24079152834273532,0.12616901822377863,0.1485006179819021,0,0,0.06308450911188931,0.07425030899095104,0,0,0,0
P01,V1_video2_pocaluz,poca_luz,750,31.259309410968182,1,0.2883649344030569,0.2960922082051414,0.28063766060097234,0.15710324237808548,0.2361111111111111,1.0,0.0015400376408226668,0.08662286172326916,0.044081449682045915,0.18811385885265375,0,0,0.022040724841022957,0.09405692942632687,0,0,0,0
P01,V1_video2_pocaluz,poca_luz,751,31.300988490182803,1,0.28650938000549986,0.2943033574831322,0.2787154025278676,0.15675049167213456,0.2361111111111111,1.0,0.0025167597449248236,0.1009958694387425,0.05175631459183366,0.17657146728189474,0,0,0.02587815729591683,0.08828573364094737,0,0,0,0
P01,V1_video2_pocaluz,poca_luz,752,31.342667569397427,1,0.2885540049879878,0.2967567408849646,0.2803512690910109,0.15719589294266173,0.2361111111111111,1.0,0.011236658881056405,0.07575111252065647,0.04349388570085644,0.22365248008281366,0,0,0.02174694285042822,0.11182624004140683,0,0,0,0
P01,V1_video2_pocaluz,poca_luz,753,31.384346648612052,1,0.28944831729539855,0.29883918990196245,0.2800574446888346,0.15655688434803697,0.2361111111111111,1.0,0.0047562651786028365,0.05211491421280601,0.028435589695704422,0.10934825673005089,0,0,0.014217794847852211,0.05467412836502544,0,0,0,0
P01,V1_video2_pocaluz,poca_luz,754,31.426025727826676,1,0.2883821173494035,0.297080516848484,0.279683717850323,0.15706015511198979,0.2361111111111111,1.0,0.02155378395925389,0.22883782758217597,0.12519580577071493,0.08911169922192085,0,0,0.06259790288535746,0.04455584961096042,0,0,0,0
P01,V1_video2_pocaluz,poca_luz,755,31.4677048070413,1,0.28919653668532463,0.2978562495977073,0.28053682377294203,0.15740033662324882,0.2361111111111111,1.0,0.004414384305670427,0.07631812109844849,0.04036625270205946,0.09137642170749295,0,0,0.02018312635102973,0.045688210853746476,0,0,0,0
P01,V1_video2_pocaluz,poca_luz,756,31.509383886255925,1,0.2898352147480808,0.29612034389557973,0.2835500856005819,0.15779029903313113,0.2361111111111111,1.0,0.09721710597076438,0.05665965033418818,0.07693837815247628,0.1373799635760781,0,0,0.03846918907623814,0.06868998178803905,0,0,0,0
P01,V1_video2_pocaluz,poca_luz,757,31.55106296547055,1,0.2858210325885641,0.2924537796882214,0.27918828548890684,0.1572012367141006,0.2361111111111111,1.0,0.05458688507996523,0.10428746574262748,0.07943717541129636,0.14802347314903955,0,0,0.03971858770564818,0.07401173657451977,0,0,0,0
P01,V1_video2_pocaluz,poca_luz,758,31.592742044685174,1,0.2859148870496157,0.29206325760365515,0.27976651649557627,0.15729220493602297,0.2361111111111111,1.0,0.03779344566281995,0.13613433725234214,0.08696389145758104,0.11301253987976795,0,0,0.04348194572879052,0.056506269939883974,0,0,0,0
P01,V1_video2_pocaluz,poca_luz,759,31.6344211238998,1,0.28587520832994323,0.2920070740417908,0.27974334261809564,0.15747715928282152,0.2361111111111111,1.0,0.037175244311677846,0.21542242172751747,0.12629883301959766,0.0828791445818383,0,0,0.06314941650979883,0.04143957229091915,0,0,0,0
P01,V1_video2_pocaluz,poca_luz,760,31.676100203114423,1,0.28797006623190524,0.2954880816746633,0.2804520507891472,0.15805630537849438,0.2361111111111111,1.0,0.03233100778348397,0.20930876584261138,0.12081988681304767,0.11691694037104242,0,0,0.060409943406523836,0.05845847018552121,0,0,0,0
P01,V1_video2_pocaluz,poca_luz,761,31.717779282329047,1,0.2791445858142343,0.286515676412649,0.27177349521581956,0.15774133386899794,0.2361111111111111,1.0,0.023329122753545373,0.29593104595984876,0.15963008435669707,0.0783098722720247,0,0,0.07981504217834853,0.03915493613601235,0,0,0,0
P01,V1_video2_pocaluz,poca_luz,762,31.759458361543672,1,0.2788029300086905,0.28582282756938104,0.2717830324479999,0.1574327182063831,0.2361111111111111,1.0,0.02427796111439151,0.2670116752029692,0.14564481815868036,0.1338140334471392,0,0,0.07282240907934018,0.0669070167235696,0,0,0,0
P01,V1_video2_pocaluz,poca_luz,763,31.801137440758296,1,0.27934560607243264,0.2878015126931385,0.2708896994517268,0.15733797041903558,0.2361111111111111,1.0,0.0376153411052883,0.05867871149298998,0.04814702629913914,0.1087710746157612,0,0,0.02407351314956957,0.0543855373078806,0,0,0,0
P01,V1_video2_pocaluz,poca_luz,764,31.84281651997292,1,0.2765331080895366,0.2846238607184439,0.2684423554606293,0.1576073815948396,0.2361111111111111,1.0,0.028980562648745378,0.016636971380958654,0.022808767014852016,0.123150256424192,0,0,0.011404383507426008,0.061575128212096,0,0,0,0
P01,V1_video2_pocaluz,poca_luz,765,31.884495599187545,1,0.27413181121216335,0.2836604958298235,0.26460312659450325,0.15791570988065978,0.2361111111111111,1.0,0.010090720083124616,0.10672293327328675,0.05840682667820568,0.10452703328911588,0,0,0.02920341333910284,0.05226351664455794,0,0,0,0
P01,V1_video2_pocaluz,poca_luz,766,31.92617467840217,1,0.27472390134046154,0.28429391027450834,0.26515389240641474,0.1578734088137006,0.2361111111111111,1.0,0.020481364413212133,0.09798148620056835,0.05923142530689024,0.11348768954112945,0,0,0.02961571265344512,0.056743844770564725,0,0,0,0
P01,V1_video2_pocaluz,poca_luz,767,31.967853757616794,1,0.268665358551726,0.27850311406090367,0.25882760304254837,0.15761184197609063,0.2361111111111111,1.0,0.007959584869917657,0.15170613764935126,0.07983286125963446,0.09161803086083503,0,0,0.03991643062981723,0.045809015430417516,0,0,0,0
P01,V1_video2_pocaluz,poca_luz,768,32.00953283683142,1,0.2640026648037724,0.27391172401333025,0.2540936055942145,0.15747211381826715,0.2361111111111111,1.0,0.19709862239939124,0.5340994930203071,0.3655990577098492,0.080095685610174,0,0,0.1827995288549246,0.040047842805087,0,0,0,0
P01,V1_video2_pocaluz,poca_luz,769,32.05121191604604,1,0.25239719636874935,0.26329006164965135,0.2415043310878473,0.15778267377507801,0.2361111111111111,1.0,0.035924945827349175,0.3993759546726352,0.2176504502499922,0.045925323884715236,0,0,0.1088252251249961,0.022962661942357618,0,0,0,0
P01,V1_video2_pocaluz,poca_luz,770,32.09289099526067,1,0.2118103624140682,0.223124364380049,0.20049636044808739,0.15786787842651465,0.2361111111111111,1.0,0.12227364099176175,0.20004257481012477,0.16115810790094326,0.07890983742332935,0,0,0.08057905395047163,0.03945491871166468,0,0,0,0
P01,V1_video2_pocaluz,poca_luz,771,32.13457007447529,1,0.16030967565519358,0.1761172267128879,0.14450212459749925,0.15859490816410535,0.2361111111111111,1.0,0.05185784443464292,0.18283928221486878,0.11734856332475585,0.142216493853382,0,0,0.058674281662377925,0.071108246926691,0,0,0,0
P01,V1_video2_pocaluz,poca_luz,772,32.176249153689916,1,0.13591874572655666,0.1331996478084546,0.1386378436446587,0.15889777442780442,0.2388888888888889,1.0,0.07826495282365331,0.2551868822654182,0.16672591754453575,0.06150162191293254,1,0,0.5833629587722678,0.03075081095646627,1,0,1,0
P01,V1_video2_pocaluz,poca_luz,773,32.21792823290454,1,0.09548765978367063,0.09488180924128004,0.09609351032606124,0.15970641799379626,0.24166666666666667,1.0,0.08101655314972622,0.09359346449399975,0.08730500882186298,0.1759862946034872,1,0,0.5436525044109315,0.0879931473017436,1,0,0,0
P01,V1_video2_pocaluz,poca_luz,774,32.259607312119165,1,0.09201934202887227,0.08798877907974431,0.09604990497800021,0.1593787179563806,0.24444444444444444,1.0,0.07990373305415377,0.144232569897491,0.11206815147582239,0.07158501947565125,1,0,0.5560340757379112,0.03579250973782563,1,0,0,0
P01,V1_video2_pocaluz,poca_luz,775,32.30128639133379,1,0.08852611568225632,0.08880694722568633,0.0882452841388263,0.15934569859646092,0.24722222222222223,1.0,0.04095725753165236,0.08427667390738192,0.06261696571951714,0.072460308094118,1,0,0.5313084828597585,0.036230154047059,1,0,0,0
P01,V1_video2_pocaluz,poca_luz,776,32.342965470548414,1,0.07928771751919644,0.07069688348666103,0.08787855155173184,0.15903326685285396,0.25,1.0,0.04185024867279419,0.13908161380762907,0.09046593124021163,0.07042971146338263,1,0,0.5452329656201058,0.035214855731691315,1,0,0,0
P01,V1_video2_pocaluz,poca_luz,777,32.38464454976304,1,0.0843391585292189,0.07765951740403612,0.09101879965440168,0.1593415463378232,0.25277777777777777,1.0,0.06772718857198867,0.2029193310729086,0.13532325982244864,0.06641894691494304,1,0,0.5676616299112243,0.03320947345747152,1,0,0,0
P01,V1_video2_pocaluz,poca_luz,778,32.426323628977656,1,0.08278571034508111,0.0780221570204171,0.08754926366974515,0.16009652828185497,0.25555555555555554,1.0,0.03636254412990625,0.10124020560411118,0.06880137486700871,0.07486335161387178,1,0,0.5344006874335043,0.03743167580693589,1,0,0,0
P01,V1_video2_pocaluz,poca_luz,779,32.46800270819228,1,0.08244665871327234,0.07871079777495547,0.08618251965158921,0.1598866862016017,0.25833333333333336,1.0,0.06893568289476237,0.17266375776547815,0.12079972033012026,0.10604340247164759,1,0,0.5603998601650602,0.053021701235823795,1,0,0,0
P01,V1_video2_pocaluz,poca_luz,780,32.509681787406905,1,0.07991438200341106,0.07474877637663636,0.08507998763018573,0.16014742935489923,0.2611111111111111,1.0,0.042628757736185685,0.10926490204213546,0.07594682988916057,0.11379344890274463,1,0,0.5379734149445803,0.05689672445137232,1,0,0,0
P01,V1_video2_pocaluz,poca_luz,781,32.55136086662153,1,0.0564305806948014,0.04432900699135686,0.06853215439824593,0.1601109015402509,0.2638888888888889,1.0,0.11124990473812746,0.06279414739187061,0.08702202606499904,0.132775785493535,1,0,0.5435110130324995,0.0663878927467675,1,0,0,0
P01,V1_video2_pocaluz,poca_luz,782,32.59303994583615,1,0.04155059829515615,0.03296046533961636,0.050140731250695944,0.1600908771053172,0.26666666666666666,1.0,0.23462492810578994,0.2169868803238172,0.22580590421480357,0.1552112245613409,1,0,0.6129029521074018,0.07760561228067045,1,0,1,0
P01,V1_video2_pocaluz,poca_luz,783,32.63471902505078,1,0.042408858477363094,0.034709608628535275,0.05010810832619091,0.15942130561288628,0.26944444444444443,1.0,0.44529952351508584,0.16340013324978797,0.3043498283824369,0.09626269674739721,1,0,0.6521749141912184,0.048131348373698604,1,0,1,0
P01,V1_video2_pocaluz,poca_luz,784,32.6763981042654,1,0.0416992383922284,0.035420943313477025,0.047977533470979786,0.1593807937484923,0.2722222222222222,1.0,0.23768017794974916,0.10681877469562284,0.172249476322686,0.0899369345051725,1,0,0.586124738161343,0.04496846725258625,1,0,1,0
P01,V1_video2_pocaluz,poca_luz,785,32.71807718348003,1,0.03680791053576418,0.025865153725198643,0.047750667346329725,0.159488831234134,0.275,1.0,0.2780049826549992,0.08900500779466758,0.18350499522483338,0.07403378774939004,1,0,0.5917524976124167,0.03701689387469502,1,0,1,0
P01,V1_video2_pocaluz,poca_luz,786,32.75975626269465,1,0.04149979341067248,0.035971954764089174,0.04702763205725579,0.1598174743960574,0.2777777777777778,1.0,0.24984839272561532,0.08550445285362795,0.16767642278962164,0.0607423806856126,1,0,0.5838382113948108,0.0303711903428063,1,0,1,0
P01,V1_video2_pocaluz,poca_luz,787,32.801435341909276,1,0.036276343015582586,0.03113815528072377,0.0414145307504414,0.16000346493536846,0.28055555555555556,1.0,0.284910868345563,0.14530905467482336,0.21510996151019318,0.14776261666212562,1,0,0.6075549807550966,0.07388130833106281,1,0,1,0
P01,V1_video2_pocaluz,poca_luz,788,32.8431144211239,1,0.03612728822892752,0.029163368494301702,0.04309120796355334,0.15987234503274836,0.2833333333333333,1.0,0.2866633627030385,0.09586314932562356,0.19126325601433103,0.18109452668049406,1,0,0.5956316280071655,0.09054726334024703,1,0,1,0
P01,V1_video2_pocaluz,poca_luz,789,32.884793500338525,1,0.03717456298050867,0.029972817558754677,0.04437630840226266,0.1589830726572521,0.2861111111111111,1.0,0.21437897135433615,0.2856529884416217,0.2500159798979789,0.08893605632398326,1,0,0.6250079899489894,0.04446802816199163,1,0,1,0
P01,V1_video2_pocaluz,poca_luz,790,32.92647257955315,1,0.044615421923575274,0.03936555237143207,0.04986529147571847,0.15817001379156184,0.28888888888888886,1.0,0.18948205560059495,0.28952556955569386,0.2395038125781444,0.09860986260349665,1,0,0.6197519062890722,0.049304931301748324,1,0,1,0
P01,V1_video2_pocaluz,poca_luz,791,32.96815165876777,1,0.04260288627586749,0.03614028421782044,0.04906548833391454,0.1579015777792956,0.2916666666666667,1.0,0.22261756568462454,0.21440928964117145,0.218513427662898,0.08324907964988201,1,0,0.609256713831449,0.041624539824941006,1,0,1,0
P01,V1_video2_pocaluz,poca_luz,792,33.0098307379824,1,0.0425548541058823,0.03221228043872899,0.05289742777303561,0.15909867330853567,0.29444444444444445,1.0,0.15104868224996704,0.12360595300766408,0.13732731762881556,0.09740389623568467,1,0,0.5686636588144078,0.048701948117842335,1,0,0,0
P01,V1_video2_pocaluz,poca_luz,793,33.05150981719702,1,0.036513505340667364,0.02594360045990868,0.04708341022142605,0.15882272879399573,0.2972222222222222,1.0,0.15970076963392676,0.16682477409518826,0.1632627718645575,0.08295409273702646,1,0,0.5816313859322788,0.04147704636851323,1,0,1,0
P01,V1_video2_pocaluz,poca_luz,794,33.09318889641165,1,0.04075113746029926,0.02916348923299593,0.052338785687602585,0.15893772133476827,0.3,1.0,0.23436968014851312,0.1713946906300311,0.2028821853892721,0.13946057469384895,1,0,0.6014410926946361,0.06973028734692448,1,0,1,0
P01,V1_video2_pocaluz,poca_luz,795,33.13486797562627,1,0.03836657329280661,0.028538678966823546,0.048194467618789684,0.15927593225022543,0.30277777777777776,1.0,0.2994907966492092,0.1563218948900048,0.227906345769607,0.11332530387132544,1,0,0.6139531728848036,0.05666265193566272,1,0,1,0
P01,V1_video2_pocaluz,poca_luz,796,33.176547054840896,1,0.03284614842666157,0.020805745833357148,0.044886551019966,0.15952530737331014,0.3055555555555556,1.0,0.20139835789611027,0.13331400386111125,0.16735618087861076,0.1121300238871091,1,0,0.5836780904393054,0.05606501194355455,1,0,1,0
P01,V1_video2_pocaluz,poca_luz,797,33.21822613405552,1,0.026053436615312474,0.016507361308627195,0.035599511921997756,0.15899068903785996,0.30833333333333335,1.0,0.33160968708359206,0.06386442721051666,0.19773705714705436,0.03599109718936434,1,0,0.5988685285735271,0.01799554859468217,1,0,1,0
P01,V1_video2_pocaluz,poca_luz,798,33.259905213270144,1,0.02715342100458263,0.0185655839156901,0.03574125809347516,0.15968387880137022,0.3111111111111111,1.0,0.2609182815409331,0.11819243328524753,0.18955535741309032,0.057532204336736004,1,0,0.5947776787065452,0.028766102168368002,1,0,1,0
P01,V1_video2_pocaluz,poca_luz,799,33.30158429248477,1,0.026579033616681,0.017646441162296887,0.03551162607106512,0.15970471858160917,0.3138888888888889,1.0,0.34940710869996816,0.08974704757738605,0.2195770781386771,0.07184843663367936,1,0,0.6097885390693385,0.03592421831683968,1,0,1,0
P01,V1_video2_pocaluz,poca_luz,800,33.34326337169939,1,0.02858365907988738,0.019759757670204405,0.037407560489570356,0.1598839698403452,0.31666666666666665,1.0,0.22553298970231628,0.09558612759132479,0.16055955864682053,0.07334475681466757,1,0,0.5802797793234102,0.03667237840733378,1,0,1,0
P01,V1_video2_pocaluz,poca_luz,801,33.38494245091402,1,0.029779699515621733,0.021024232839436694,0.03853516619180677,0.1595009246903348,0.3194444444444444,1.0,0.2998184003491269,0.1052972958476488,0.20255784809838784,0.07067344643134063,1,0,0.6012789240491939,0.035336723215670315,1,0,1,0
P01,V1_video2_pocaluz,poca_luz,802,33.42662153012864,1,0.027477634753634267,0.01944080215420099,0.03551446735306755,0.15939921127111212,0.32222222222222224,1.0,0.14651491530807792,0.10936511549937977,0.12794001540372885,0.11466020756365956,1,0,0.5639700077018645,0.05733010378182978,1,0,0,0
P01,V1_video2_pocaluz,poca_luz,803,33.46830060934327,1,0.02773358313569075,0.020736283085825324,0.03473088318555618,0.15972070639290575,0.325,1.0,0.22325775859311503,0.10936511549937977,0.1663114370462474,0.0896299817020562,1,0,0.5831557185231238,0.0448149908510281,1,0,1,0
P01,V1_video2_pocaluz,poca_luz,804,33.50997968855789,1,0.028127868806782287,0.020504646706350733,0.03575109090721384,0.15920957825906015,0.3277777777777778,1.0,0.20374520182681644,0.13205466659401888,0.16789993421041766,0.2357790211641623,1,0,0.5839499671052089,0.11788951058208115,1,0,1,0
P01,V1_video2_pocaluz,poca_luz,805,33.551658767772516,1,0.027889447238717977,0.019242967674958825,0.03653592680247713,0.15907796796091755,0.33055555555555555,1.0,0.3196924480309744,0.16020491684220683,0.23994868243659062,0.14716141370301294,1,0,0.6199743412182953,0.07358070685150647,1,0,1,0
P01,V1_video2_pocaluz,poca_luz,806,33.59333784698714,1,0.02927113492741522,0.021834995024131245,0.036707274830699195,0.15929421942859917,0.3333333333333333,1.0,0.2696411266981509,0.10333200901003148,0.18648656785409118,0.1320944182623255,1,0,0.5932432839270456,0.06604720913116276,1,0,1,0
P01,V1_video2_pocaluz,poca_luz,807,33.635016926201764,1,0.027413184620581774,0.018496738838792236,0.03632963040237131,0.15946612179390582,0.33611111111111114,1.0,0.25077297665036336,0.07254147983157166,0.1616572282409675,0.11620946785781386,1,0,0.5808286141204837,0.05810473392890693,1,0,1,0
P01,V1_video2_pocaluz,poca_luz,808,33.67669600541639,1,0.02818953329420676,0.017805613551519654,0.038573453036893864,0.15952446587600003,0.3388888888888889,1.0,0.3862247015058582,0.07254147983157166,0.22938309066871493,0.16963442744778037,1,0,0.6146915453343574,0.08481721372389019,1,0,1,0
P01,V1_video2_pocaluz,poca_luz,809,33.71837508463101,1,0.029273350690031952,0.019966976845364304,0.0385797245346996,0.15939482528402632,0.3416666666666667,1.0,0.22751194940377073,0.12526313844353065,0.1763875439236507,0.18346400846437685,1,0,0.5881937719618253,0.09173200423218843,1,0,1,0
P01,V1_video2_pocaluz,poca_luz,810,33.76005416384564,1,0.028425220413660728,0.018950338221079582,0.037900102606241874,0.1587528404059987,0.34444444444444444,1.0,0.2350028464147994,0.09917473133138566,0.16708878887309253,0.14231353418269294,1,0,0.5835443944365463,0.07115676709134647,1,0,1,0
P01,V1_video2_pocaluz,poca_luz,811,33.80173324306026,1,0.027855397995110734,0.020849640249612517,0.034861155740608954,0.15867845656713536,0.3472222222222222,1.0,0.3299462821443374,0.1421987384392881,0.23607251029181275,0.1999256231689544,1,0,0.6180362551459064,0.0999628115844772,1,0,1,0
P01,V1_video2_pocaluz,poca_luz,812,33.84341232227489,1,0.027170389238076166,0.019225995229103128,0.035114783247049204,0.15833181665057042,0.35,1.0,0.29871089099588277,0.07305358261468264,0.1858822368052827,0.19125634502860775,1,0,0.5929411184026414,0.09562817251430387,1,0,1,0
P01,V1_video2_pocaluz,poca_luz,813,33.88509140148951,1,0.02962101399531968,0.02059937809289082,0.038642649897748536,0.15856109060632176,0.3527777777777778,1.0,0.3525242305145879,0.12064179875289782,0.23658301463374287,0.19883749728000538,1,0,0.6182915073168714,0.09941874864000269,1,0,1,0
P01,V1_video2_pocaluz,poca_luz,814,33.926770480704135,1,0.02717595372282801,0.018142015467816762,0.036209891977839255,0.1584063766525625,0.35555555555555557,1.0,0.32794051204420627,0.1264560968237164,0.22719830443396133,0.18776963451306783,1,0,0.6135991522169807,0.09388481725653391,1,0,1,0
P01,V1_video2_pocaluz,poca_luz,815,33.96844955991875,1,0.029332170284148744,0.020930125229720934,0.03773421533857655,0.15794489658221936,0.35833333333333334,1.0,0.22382362091209018,0.06750261578099825,0.14566311834654422,0.14426436965177725,1,0,0.5728315591732721,0.07213218482588862,1,0,0,0
P01,V1_video2_pocaluz,poca_luz,816,34.01012863913338,1,0.02811848968202864,0.018884487758273866,0.03735249160578341,0.15839897766487646,0.3611111111111111,1.0,0.3171251277818474,0.2535164761761197,0.2853208019789836,0.15487627050759822,1,0,0.6426604009894918,0.07743813525379911,1,0,1,0
P01,V1_video2_pocaluz,poca_luz,817,34.051807718348,1,0.02442275782144329,0.016421191562270062,0.03242432408061652,0.15844022233933566,0.3638888888888889,1.0,0.1542577391390273,0.3741491885441315,0.2642034638415794,0.11027555856625298,1,0,0.6321017319207897,0.05513777928312649,1,0,1,0
P01,V1_video2_pocaluz,poca_luz,818,34.093486797562626,1,0.029204334442531805,0.021677014383798758,0.03673165450126485,0.15856291350158316,0.36666666666666664,1.0,0.1569498800249719,0.1935176068705563,0.1752337434477641,0.1598887013151572,1,0,0.5876168717238821,0.0799443506575786,1,0,1,0
P01,V1_video2_pocaluz,poca_luz,819,34.13516587677725,1,0.02292988530564859,0.012140879329402722,0.03371889128189446,0.15880826721166721,0.36944444444444446,1.0,0.16107713517219935,0.17623933122487112,0.16865823319853523,0.09662776270763175,1,0,0.5843291165992677,0.048313881353815875,1,0,1,0
P01,V1_video2_pocaluz,poca_luz,820,34.176844955991875,1,0.025557022000755818,0.01416453621520632,0.03694950778630531,0.15942800893957412,0.37222222222222223,1.0,0.14968516740563986,0.13398019061581357,0.14183267901072671,0.0918744560250215,1,0,0.5709163395053634,0.04593722801251075,1,0,0,0
P01,V1_video2_pocaluz,poca_luz,821,34.2185240352065,1,0.028413668676766264,0.01584878382775406,0.04097855352577846,0.15934651306573966,0.375,1.0,0.09812153355898656,0.14356052153733445,0.1208410275481605,0.09479171306600656,1,0,0.5604205137740803,0.04739585653300328,1,0,0,0
P01,V1_video2_pocaluz,poca_luz,822,34.260203114421124,1,0.026951600991332793,0.01441369830508683,0.03948950367757876,0.1593784212026816,0.37777777777777777,1.0,0.17856237300135147,0.22074809954372465,0.19965523627253806,0.0949198973506817,1,0,0.5998276181362691,0.04745994867534085,1,0,1,0
P01,V1_video2_pocaluz,poca_luz,823,34.30188219363575,1,0.02526448211862937,0.013679389926240217,0.036849574311018526,0.159719295773284,0.38055555555555554,1.0,0.258683134510472,0.12004805381877104,0.1893655941646215,0.09233787509254919,1,0,0.5946827970823108,0.046168937546274595,1,0,1,0
P01,V1_video2_pocaluz,poca_luz,824,34.34356127285037,1,0.02637159993525265,0.014416002868767952,0.03832719700173735,0.15961569948420978,0.38333333333333336,1.0,0.19387477191988212,0.15932633720892087,0.1766005545644015,0.11917809209641046,1,0,0.5883002772822008,0.05958904604820523,1,0,1,0
P01,V1_video2_pocaluz,poca_luz,825,34.385240352065,1,0.025153739313809875,0.013671401650534138,0.03663607697708561,0.15992144081377893,0.3861111111111111,1.0,0.23596859184218266,0.28775773732057797,0.2618631645813803,0.11000270167328693,1,0,0.6309315822906901,0.05500135083664347,1,0,1,0
P01,V1_video2_pocaluz,poca_luz,826,34.42691943127962,1,0.020019232039353282,0.012664907855763522,0.02737355622294304,0.159719345670085,0.3888888888888889,1.0,0.2325402166020173,0.213856702089265,0.22319845934564114,0.12458972751063815,1,0,0.6115992296728205,0.06229486375531908,1,0,1,0
P01,V1_video2_pocaluz,poca_luz,827,34.468598510494246,1,0.025135624196892064,0.014369563744760137,0.03590168464902399,0.15944483457242886,0.39166666666666666,1.0,0.21321322787194041,0.29707790598193984,0.2551455669269401,0.19123196988619662,1,0,0.6275727834634701,0.09561598494309831,1,0,1,0
P01,V1_video2_pocaluz,poca_luz,828,34.51027758970887,1,0.024470285697435132,0.013035721359314141,0.03590485003555612,0.15977964831681662,0.39444444444444443,1.0,0.19066588884521574,0.11986527548831982,0.15526558216676778,0.0948333324144574,1,0,0.5776327910833838,0.0474166662072287,1,0,0,0
P01,V1_video2_pocaluz,poca_luz,829,34.551956668923495,1,0.027376677258259638,0.014821241932539421,0.039932112583979856,0.1598876822034555,0.3972222222222222,1.0,0.1407414663107701,0.3054113801135412,0.22307642321215565,0.17154133662736845,1,0,0.6115382116060778,0.08577066831368423,1,0,1,0
P01,V1_video2_pocaluz,poca_luz,830,34.59363574813812,1,0.024230061984566783,0.01255293005639564,0.035907193912737924,0.15939248833965125,0.4,1.0,0.10157636876562937,0.13609744286563497,0.11883690581563217,0.11381270892831331,1,0,0.5594184529078161,0.05690635446415666,1,0,0,0
P01,V1_video2_pocaluz,poca_luz,831,34.635314827352744,1,0.02442990645027368,0.013593550381620138,0.03526626251892723,0.1594528705679177,0.4027777777777778,1.0,0.2722215344761685,0.1667953654692963,0.2195084499727324,0.12056108617567146,1,0,0.6097542249863662,0.06028054308783573,1,0,1,0
P01,V1_video2_pocaluz,poca_luz,832,34.67699390656737,1,0.025695939819034775,0.013573575835152105,0.037818303802917445,0.15944006984299958,0.40555555555555556,1.0,0.2089323889268584,0.16709106514452687,0.18801172703569263,0.15554512557518493,1,0,0.5940058635178463,0.07777256278759247,1,0,1,0
P01,V1_video2_pocaluz,poca_luz,833,34.71867298578199,1,0.024705827513795506,0.013443686894442098,0.03596796813314891,0.15949208380107657,0.4083333333333333,1.0,0.4423866917390742,0.15313925154608854,0.29776297164258136,0.1317716288779773,1,0,0.6488814858212907,0.06588581443898865,1,0,1,0
P01,V1_video2_pocaluz,poca_luz,834,34.76035206499662,1,0.025474801633687344,0.012936085144752058,0.03801351812262263,0.15940847327658314,0.4111111111111111,1.0,0.23563672440946914,0.10546304089413794,0.17054988265180354,0.1658426245187105,1,0,0.5852749413259017,0.08292131225935526,1,0,1,0
P01,V1_video2_pocaluz,poca_luz,835,34.80203114421124,1,0.02540301051982057,0.012427574227469223,0.03837844681217192,0.15897231518542265,0.4111111111111111,1.0,0.30998753531965917,0.23142728441288118,0.2707074098662702,0.13857619139874963,1,0,0.635353704933135,0.06928809569937482,1,0,1,0
P01,V1_video2_pocaluz,poca_luz,836,34.843710223425866,1,0.024280707455828943,0.015122533454718454,0.03343888145693943,0.15871838695562582,0.4111111111111111,1.0,0.34751432314633224,0.23908104463783397,0.2932976838920831,0.1610379299524779,1,0,0.6466488419460416,0.08051896497623895,1,0,1,0
P01,V1_video2_pocaluz,poca_luz,837,34.88538930264049,1,0.029039406537619637,0.018627316703375113,0.03945149637186416,0.1589111717121258,0.4111111111111111,1.0,0.1817329108113479,0.1790833659706884,0.18040813839101816,0.26100279542625937,1,0,0.590204069195509,0.13050139771312969,1,0,1,0
P01,V1_video2_pocaluz,poca_luz,838,34.927068381855115,1,0.047862372766112105,0.041121665547668905,0.0546030799845553,0.15900073105007445,0.41388888888888886,1.0,0.27764878320278397,0.22397446601587734,0.25081162460933065,0.1489055934734649,1,0,0.6254058123046653,0.07445279673673245,1,0,1,0
P01,V1_video2_pocaluz,poca_luz,839,34.96874746106974,1,0.12908465353712342,0.1371504337728564,0.12101887330139043,0.15916400615849263,0.4166666666666667,1.0,0.06762758534474012,0.15266865618395487,0.11014812076434749,0.09975236893930477,1,0,0.5550740603821738,0.04987618446965238,1,0,0,0
P01,V1_video2_pocaluz,poca_luz,840,35.010426540284364,1,0.20479771924659917,0.2142711443772878,0.19532429411591054,0.1565566285715195,0.4166666666666667,1.0,0.048019231572280496,0.26633587132631475,0.15717755144929763,0.12395816385777383,0,0,0.07858877572464881,0.06197908192888692,0,0,0,0
P01,V1_video2_pocaluz,poca_luz,841,35.05210561949899,1,0.22971302856769443,0.24004141120214112,0.21938464593324777,0.1562211135615845,0.4166666666666667,1.0,0.16915432487363014,0.23929869528241898,0.20422651007802456,0.11473503918172243,0,0,0.10211325503901228,0.05736751959086121,0,0,0,0
P01,V1_video2_pocaluz,poca_luz,842,35.09378469871361,1,0.2377047704969753,0.24975945764454002,0.22565008334941059,0.15693911375445438,0.4166666666666667,1.0,0.13371416595845342,0.34127703124507414,0.23749559860176378,0.04274586853319805,0,0,0.11874779930088189,0.021372934266599024,0,0,0,0
P01,V1_video2_pocaluz,poca_luz,843,35.13546377792824,1,0.2372718176311657,0.24824145192556965,0.22630218333676175,0.15695469847883742,0.4166666666666667,1.0,0.09700049645421127,0.10849751973453603,0.10274900809437365,0.047222652415703316,0,0,0.051374504047186825,0.023611326207851658,0,0,0,0
P01,V1_video2_pocaluz,poca_luz,844,35.17714285714286,1,0.23790741368093332,0.2485443711799959,0.22727045618187075,0.15699542697389282,0.4166666666666667,1.0,0.2649103661134238,0.10220575853080183,0.1835580623221128,0.03270297170527549,0,0,0.0917790311610564,0.016351485852637744,0,0,0,0
P01,V1_video2_pocaluz,poca_luz,845,35.218821936357486,1,0.24504594439548405,0.25453897673508513,0.235552912055883,0.15712994268757044,0.4166666666666667,1.0,0.010503884612016456,0.5168660716281962,0.26368497812010633,0.04937371228012851,0,0,0.13184248906005316,0.024686856140064255,0,0,0,0
P01,V1_video2_pocaluz,poca_luz,846,35.26050101557211,1,0.24809809667220062,0.25731288303186317,0.23888331031253804,0.15674556839349335,0.4166666666666667,1.0,0.1743522850492134,0.47081614461306365,0.3225842148311385,0.07547448398996694,0,0,0.16129210741556926,0.03773724199498347,0,0,0,0
P01,V1_video2_pocaluz,poca_luz,847,35.302180094786735,1,0.25429483022050553,0.26342022118052877,0.24516943926048232,0.15802399492083447,0.4166666666666667,1.0,0.018396066795526966,0.17538952734207902,0.096892797068803,0.040889910512640446,0,0,0.0484463985344015,0.020444955256320223,0,0,0,0
P01,V1_video2_pocaluz,poca_luz,848,35.34385917400136,1,0.2588459016969983,0.2679979409088308,0.2496938624851658,0.15773960139242935,0.4166666666666667,1.0,0.065973943041578,0.4008905036495969,0.23343222334558744,0.09103247127469415,0,0,0.11671611167279372,0.04551623563734707,0,0,0,0
P01,V1_video2_pocaluz,poca_luz,849,35.385538253215984,1,0.26439393741246203,0.2740228631142456,0.25476501171067845,0.15636862163436388,0.4166666666666667,1.0,0.009258980778729442,0.19008163538703293,0.09967030808288119,0.24296847793237544,0,0,0.049835154041440594,0.12148423896618772,0,0,0,0
P01,V1_video2_pocaluz,poca_luz,850,35.42721733243061,1,0.26919076296935696,0.27780022015239236,0.2605813057863216,0.15765467949698436,0.4166666666666667,1.0,0.03419104671549256,0.13966137248108346,0.086926209598288,0.13194997245581158,0,0,0.043463104799144,0.06597498622790579,0,0,0,0
P01,V1_video2_pocaluz,poca_luz,851,35.468896411645225,1,0.27167382404271323,0.2804092047199576,0.2629384433654688,0.15792346370994031,0.4166666666666667,1.0,0.017476644454961443,0.2789474606349339,0.14821205254494768,0.07959956817348574,0,0,0.07410602627247384,0.03979978408674287,0,0,0,0
P01,V1_video2_pocaluz,poca_luz,852,35.51057549085985,1,0.27680258823339,0.28558832572377923,0.2680168507430008,0.15733645582422534,0.4166666666666667,1.0,0.012292035870486995,0.19573492403036863,0.10401347995042781,0.2015901396758843,0,0,0.052006739975213906,0.10079506983794215,0,0,0,0
P01,V1_video2_pocaluz,poca_luz,853,35.552254570074474,1,0.2802904116313039,0.2893269902792552,0.27125383298335265,0.15726682231442277,0.4166666666666667,1.0,0.02276659124059688,0.3945439118959706,0.20865525156828374,0.23826967223378612,0,0,0.10432762578414187,0.11913483611689306,0,0,0,0
P01,V1_video2_pocaluz,poca_luz,854,35.5939336492891,1,0.2781511944252731,0.28640830518548466,0.2698940836650615,0.15724480352910536,0.4166666666666667,1.0,0.09572464172613604,0.17751775081771792,0.13662119627192698,0.2322232889001251,0,0,0.06831059813596349,0.11611164445006256,0,0,0,0
P01,V1_video2_pocaluz,poca_luz,855,35.63561272850372,1,0.2778316193455217,0.286759520569045,0.2689037181219984,0.15707161106769693,0.4166666666666667,1.0,0.09802542947547122,0.27587980621968833,0.18695261784757977,0.13915875346857295,0,0,0.09347630892378989,0.06957937673428648,0,0,0,0
P01,V1_video2_pocaluz,poca_luz,856,35.67729180771835,1,0.27974618552710834,0.28901193249217594,0.27048043856204074,0.15703536464382462,0.4166666666666667,1.0,0.015033334531040943,0.34581229345935127,0.1804228139951961,0.08371896791102497,0,0,0.09021140699759805,0.041859483955512485,0,0,0,0
P01,V1_video2_pocaluz,poca_luz,857,35.71897088693297,1,0.2824329938388489,0.29025555633844285,0.274610431339255,0.15730484081393498,0.4166666666666667,1.0,0.20674395900480114,0.24400181549553157,0.22537288725016635,0.09583471867409733,0,0,0.11268644362508318,0.047917359337048666,0,0,0,0
P01,V1_video2_pocaluz,poca_luz,858,35.7606499661476,1,0.28249682734147685,0.2902393637148265,0.27475429096812715,0.15717468074664334,0.4166666666666667,1.0,0.04427403890410608,0.5030320213114663,0.2736530301077862,0.10858174498192256,0,0,0.1368265150538931,0.05429087249096128,0,0,0,0
P01,V1_video2_pocaluz,poca_luz,859,35.80232904536222,1,0.2843302094461487,0.2911829649466056,0.27747745394569173,0.1574427741949927,0.4166666666666667,1.0,0.1296363618376689,0.41988894178625846,0.2747626518119637,0.11052971591774137,0,0,0.13738132590598184,0.055264857958870685,0,0,0,0
P01,V1_video2_pocaluz,poca_luz,860,35.844008124576845,1,0.2810617412664015,0.28907039699109993,0.2730530855417031,0.15625084789369625,0.4166666666666667,1.0,0.01341559482967647,0.1577836737653341,0.08559963429750528,0.15653081187353263,0,0,0.04279981714875264,0.07826540593676631,0,0,0,0
P01,V1_video2_pocaluz,poca_luz,861,35.88568720379147,1,0.2793492894199908,0.2871422190392365,0.2715563598007451,0.15668876353625608,0.4166666666666667,1.0,0.011334147073887468,0.06606263331447848,0.038698390194182974,0.07078031556141448,0,0,0.019349195097091487,0.03539015778070724,0,0,0,0
P01,V1_video2_pocaluz,poca_luz,862,35.927366283006094,1,0.28086711251570073,0.2890106929403663,0.2727235320910351,0.1564260696514386,0.4166666666666667,1.0,0.00531049465403266,0.05741586319123648,0.03136317892263457,0.06219784282878877,0,0,0.015681589461317286,0.031098921414394385,0,0,0,0
P01,V1_video2_pocaluz,poca_luz,863,35.96904536222072,1,0.28152436054730257,0.2892712208067242,0.27377750028788095,0.1564421275205166,0.4166666666666667,1.0,0.0629115784535691,0.06451548693239118,0.06371353269298013,0.08290954065056601,0,0,0.03185676634649007,0.041454770325283004,0,0,0,0
P01,V1_video2_pocaluz,poca_luz,864,36.01072444143534,1,0.2829938010401404,0.2910939309976266,0.2748936710826541,0.15655343289357374,0.4166666666666667,1.0,0.027515810782911654,0.3665203715039117,0.19701809114341168,0.1269163110950452,0,0,0.09850904557170584,0.0634581555475226,0,0,0,0
P01,V1_video2_pocaluz,poca_luz,865,36.05240352064997,1,0.2818988476100543,0.28877979942903337,0.2750178957910752,0.15623728981629165,0.4166666666666667,1.0,0.06273096659261135,0.14475917009496087,0.1037450683437861,0.15027341470123698,0,0,0.05187253417189305,0.07513670735061849,0,0,0,0
P01,V1_video2_pocaluz,poca_luz,866,36.09408259986459,1,0.28290378418044093,0.2905012825834024,0.2753062857774794,0.1560093214158635,0.4166666666666667,1.0,0.034116842152301485,0.20378131141243316,0.11894907678236732,0.0804640587692116,0,0,0.05947453839118366,0.0402320293846058,0,0,0,0
P01,V1_video2_pocaluz,poca_luz,867,36.135761679079216,1,0.2836129265530927,0.2924394029181351,0.27478645018805037,0.15675860990981028,0.4166666666666667,1.0,0.0390330063619585,0.16670222962977022,0.10286761799586436,0.08081732723134796,0,0,0.05143380899793218,0.04040866361567398,0,0,0,0
P01,V1_video2_pocaluz,poca_luz,868,36.17744075829384,1,0.2807501825625418,0.28849563068646566,0.273004734438618,0.15645201760820177,0.4166666666666667,1.0,0.023357621476223778,0.2194907969763985,0.12142420922631114,0.07944749035765855,0,0,0.06071210461315557,0.039723745178829276,0,0,0,0
P01,V1_video2_pocaluz,poca_luz,869,36.219119837508465,1,0.282022191205244,0.28945543596669004,0.274588946443798,0.15668799216088014,0.4166666666666667,1.0,0.028439557243742475,0.22511919221461318,0.12677937472917783,0.09807816350167954,0,0,0.06338968736458891,0.04903908175083977,0,0,0,0
P01,V1_video2_pocaluz,poca_luz,870,36.26079891672309,1,0.282283659154145,0.29040983843330026,0.27415747987498973,0.1565652909268815,0.4166666666666667,1.0,0.03948327903907756,0.040006866038695965,0.03974507253888676,0.05572851697513398,0,0,0.01987253626944338,0.02786425848756699,0,0,0,0
P01,V1_video2_pocaluz,poca_luz,871,36.302477995937714,1,0.2822921945865035,0.2905470989886633,0.2740372901843437,0.15648641534591443,0.4166666666666667,1.0,0.0838520990023921,0.017164614337474404,0.05050835666993325,0.09883326125132215,0,0,0.025254178334966626,0.049416630625661075,0,0,0,0
P01,V1_video2_pocaluz,poca_luz,872,36.34415707515234,1,0.28359059670589415,0.29226727876653047,0.2749139146452578,0.15607960011080965,0.4166666666666667,1.0,0.036514050774348994,0.01066641504894672,0.023590232911647857,0.09177450730940884,0,0,0.011795116455823929,0.04588725365470442,0,0,0,0
P01,V1_video2_pocaluz,poca_luz,873,36.38583615436696,1,0.28352354648269606,0.2921936456538622,0.27485344731152994,0.15616407809928784,0.4166666666666667,1.0,0.005634372420866285,0.0338075770173889,0.019720974719127593,0.11162747088909315,0,0,0.009860487359563797,0.055813735444546576,0,0,0,0
P01,V1_video2_pocaluz,poca_luz,874,36.42751523358159,1,0.2803662690587283,0.2871904398263371,0.2735420982911196,0.1561430856558891,0.4166666666666667,1.0,0.04310573454794775,0.05022311953961878,0.04666442704378326,0.08673712963893063,0,0,0.02333221352189163,0.04336856481946531,0,0,0,0
P01,V1_video2_pocaluz,poca_luz,875,36.46919431279621,1,0.28143678303635655,0.2913734829789201,0.27150008309379303,0.15610415632505104,0.4166666666666667,1.0,0.031498907529938114,0.06048719849901596,0.04599305301447704,0.10765697613545815,0,0,0.02299652650723852,0.05382848806772907,0,0,0,0
P01,V1_video2_pocaluz,poca_luz,876,36.510873392010836,1,0.2813115839905032,0.2912560742259124,0.27136709375509405,0.1559211600304447,0.4166666666666667,1.0,0.017059520049102495,0.3167088818763488,0.16688420096272566,0.14292719117585967,0,0,0.08344210048136283,0.07146359558792983,0,0,0,0
P01,V1_video2_pocaluz,poca_luz,877,36.55255247122546,1,0.28330020945448914,0.2930528476837876,0.2735475712251907,0.15598079370204695,0.4166666666666667,1.0,0.02951793859347651,0.2196549137335767,0.12458642616352661,0.11529316966640338,0,0,0.062293213081763305,0.05764658483320169,0,0,0,0
P01,V1_video2_pocaluz,poca_luz,878,36.594231550440085,1,0.28221405358785656,0.2927918733294996,0.2716362338462135,0.15598898034878841,0.4166666666666667,1.0,0.08015821043968374,0.20639973166497538,0.14327897105232956,0.14021131954893162,0,0,0.07163948552616478,0.07010565977446581,0,0,0,0
P01,V1_video2_pocaluz,poca_luz,879,36.63591062965471,1,0.2831402771777626,0.29255576043668047,0.2737247939188447,0.15585788499012332,0.4166666666666667,1.0,0.07844930526648775,0.3399221649532964,0.20918573510989208,0.07235798097162911,0,0,0.10459286755494604,0.036178990485814556,0,0,0,0
P01,V1_video2_pocaluz,poca_luz,880,36.677589708869334,1,0.2794819090016103,0.28916929732831836,0.26979452067490217,0.1559536817695168,0.4166666666666667,1.0,0.018299512099710924,0.36647596265630555,0.19238773737800824,0.09749905823160121,0,0,0.09619386868900412,0.048749529115800605,0,0,0,0
P01,V1_video2_pocaluz,poca_luz,881,36.71926878808396,1,0.28169814668836607,0.29105773766004334,0.2723385557166888,0.1557939509665925,0.4166666666666667,1.0,0.07507530175956734,0.5418576029752331,0.3084664523674002,0.05515941143190225,0,0,0.1542332261837001,0.027579705715951124,0,0,0,0
P01,V1_video2_pocaluz,poca_luz,882,36.76094786729858,1,0.28182043762052444,0.2920770333774716,0.27156384186357735,0.1556372378695672,0.4166666666666667,1.0,0.026940715053749398,0.2844614146201315,0.15570106483694046,0.1290337790814492,0,0,0.07785053241847023,0.0645168895407246,0,0,0,0
P01,V1_video2_pocaluz,poca_luz,883,36.80262694651321,1,0.28210041815627906,0.2921246059870081,0.27207623032555006,0.15597334382753922,0.4166666666666667,1.0,0.02897205651426471,0.1065564654504968,0.06776426098238075,0.16237131373191427,0,0,0.033882130491190376,0.08118565686595713,0,0,0,0
P01,V1_video2_pocaluz,poca_luz,884,36.84430602572783,1,0.2823156963481498,0.2907450212332917,0.2738863714630079,0.1570216179855226,0.4166666666666667,1.0,0.004447454834737963,0.1979874619463774,0.10121745839055768,0.09598416716784422,0,0,0.05060872919527884,0.04799208358392211,0,0,0,0
P01,V1_video2_pocaluz,poca_luz,885,36.885985104942456,1,0.28197770424775864,0.2896784039162175,0.27427700457929977,0.1567690090849705,0.4166666666666667,1.0,0.026642086701501366,0.025763862261876214,0.02620297448168879,0.15535473821848286,0,0,0.013101487240844395,0.07767736910924143,0,0,0,0
P01,V1_video2_pocaluz,poca_luz,886,36.92766418415708,1,0.2844922445916248,0.29189209909154795,0.2770923900917016,0.1570896364840099,0.4166666666666667,1.0,0.005331512429172847,0.09220088828845807,0.04876620035881546,0.14585297878438733,0,0,0.02438310017940773,0.07292648939219366,0,0,0,0
P01,V1_video2_pocaluz,poca_luz,887,36.9693432633717,1,0.2850050287256819,0.293555339275454,0.27645471817590983,0.1573286654494306,0.4166666666666667,1.0,0.008286067671396169,0.2737642295782572,0.14102514862482668,0.09613601993023534,0,0,0.07051257431241334,0.04806800996511767,0,0,0,0
P01,V1_video2_pocaluz,poca_luz,888,37.01102234258632,1,0.2828167686459361,0.2907016196331509,0.27493191765872127,0.1570981234278143,0.4166666666666667,1.0,0.009316986257325022,0.517273426158356,0.2632952062078405,0.18168680706045934,0,0,0.13164760310392026,0.09084340353022967,0,0,0,0
P01,V1_video2_pocaluz,poca_luz,889,37.05270142180095,1,0.2858716008689526,0.29308763563344253,0.27865556610446257,0.15731851008476824,0.4166666666666667,1.0,0.0032178681705753442,0.1391142613655899,0.07116606476808263,0.13420432715237796,0,0,0.03558303238404131,0.06710216357618898,0,0,0,0
P01,V1_video2_pocaluz,poca_luz,890,37.09438050101557,1,0.28562312787028166,0.29347499807520117,0.2777712576653622,0.15691708980015395,0.4166666666666667,1.0,0.010357036640085693,0.07118680373124486,0.04077192018566528,0.18438588509020293,0,0,0.02038596009283264,0.09219294254510146,0,0,0,0
P01,V1_video2_pocaluz,poca_luz,891,37.136059580230196,1,0.2863457782171842,0.29396931601658005,0.27872224041778837,0.15688679897349916,0.4166666666666667,1.0,0.004730101890510929,0.0675573386789371,0.03614372028472401,0.13198449393514028,0,0,0.018071860142362006,0.06599224696757014,0,0,0,0
P01,V1_video2_pocaluz,poca_luz,892,37.17773865944482,1,0.2856615667590995,0.29383831163177415,0.2774848218864248,0.1567055818792631,0.4166666666666667,1.0,0.004098243478150132,0.11357243875276501,0.05883534111545757,0.11102585008945416,0,0,0.029417670557728787,0.05551292504472708,0,0,0,0
P01,V1_video2_pocaluz,poca_luz,893,37.219417738659445,1,0.28884350210259496,0.29691008845000666,0.28077691575518327,0.15702404869535752,0.4166666666666667,1.0,0.0014880698824898397,0.23525162324027138,0.11836984656138061,0.0745902629251874,0,0,0.059184923280690305,0.0372951314625937,0,0,0,0
P01,V1_video2_pocaluz,poca_luz,894,37.26109681787407,1,0.28525341158379425,0.2951985282265152,0.2753082949410733,0.15647663983135318,0.4166666666666667,1.0,0.010423309502492928,0.1354049847961506,0.07291414714932176,0.14859919747612108,0,0,0.03645707357466088,0.07429959873806054,0,0,0,0
P01,V1_video2_pocaluz,poca_luz,895,37.302775897088694,1,0.28465625068935635,0.295713394231286,0.2735991071474267,0.1567249782982661,0.4166666666666667,1.0,0.004375889725670046,0.1344068936437599,0.06939139168471498,0.13272611709554002,0,0,0.03469569584235749,0.06636305854777001,0,0,0,0
P01,V1_video2_pocaluz,poca_luz,896,37.34445497630332,1,0.28210413646573174,0.2926216989687059,0.27158657396275765,0.15635171644099471,0.4166666666666667,1.0,0.007427398955297315,0.3687908378492315,0.1881091184022644,0.21002286160404582,0,0,0.0940545592011322,0.10501143080202291,0,0,0,0
P01,V1_video2_pocaluz,poca_luz,897,37.38613405551794,1,0.282588123474513,0.29377087285210546,0.2714053740969205,0.1562436785159782,0.4166666666666667,1.0,0.007621444549497092,0.4730435313750423,0.2403324879622697,0.21454357085360948,0,0,0.12016624398113485,0.10727178542680474,0,0,0,0
P01,V1_video2_pocaluz,poca_luz,898,37.42781313473257,1,0.28346312308895644,0.29424453711319903,0.27268170906471384,0.1563207433177246,0.4166666666666667,1.0,0.004088525985804892,0.3757016292481372,0.18989507761697105,0.19904612962634435,0,0,0.09494753880848553,0.09952306481317218,0,0,0,0
P01,V1_video2_pocaluz,poca_luz,899,37.46949221394719,1,0.2809680946566704,0.2918058885214994,0.27013030079184136,0.15614212884967368,0.4166666666666667,1.0,0.015123922528380573,0.29641177463012525,0.1557678485792529,0.24919637563121486,0,0,0.07788392428962645,0.12459818781560743,0,0,0,0
P01,V1_video2_pocaluz,poca_luz,900,37.511171293161816,1,0.282731770905362,0.29423769777558534,0.27122584403513866,0.15696902416662672,0.4166666666666667,1.0,0.0948695017340967,0.28968720464196585,0.19227835318803127,0.28300917463842906,0,0,0.09613917659401564,0.14150458731921453,0,0,0,0
P01,V1_video2_pocaluz,poca_luz,901,37.55285037237644,1,0.28448868841512853,0.2965865127959353,0.27239086403432183,0.15729127137246213,0.4166666666666667,1.0,0.08441945520892769,0.39237975309658535,0.23839960415275652,0.11916337646938145,0,0,0.11919980207637826,0.059581688234690726,0,0,0,0
P01,V1_video2_pocaluz,poca_luz,902,37.594529451591065,1,0.2856418546787645,0.295945516138341,0.275338193219188,0.1574522888508473,0.4166666666666667,1.0,0.043715652573366626,0.5463965516390848,0.29505610210622574,0.19762469115559864,0,0,0.14752805105311287,0.09881234557779932,0,0,0,0
P01,V1_video2_pocaluz,poca_luz,903,37.63620853080569,1,0.2851314828533468,0.29559285846995825,0.27467010723673535,0.15761825756335132,0.4166666666666667,1.0,0.01725853298763358,0.3705887700711231,0.19392365152937835,0.34724320282342885,0,0,0.09696182576468917,0.17362160141171443,0,0,0,0
P01,V1_video2_pocaluz,poca_luz,904,37.67788761002031,1,0.28252949048430165,0.2912013437181068,0.27385763725049644,0.1583750765136843,0.4166666666666667,1.0,0.017546985934400072,0.23000481458750344,0.12377590026095175,0.2622259222622907,0,0,0.06188795013047588,0.13111296113114534,0,0,0,0
P01,V1_video2_pocaluz,poca_luz,905,37.71956668923494,1,0.28463775214477427,0.2926242041876881,0.2766513001018605,0.15868834883958305,0.4166666666666667,1.0,0.028906958933645477,0.12018590052972222,0.07454642973168385,0.3467316495121787,0,0,0.037273214865841925,0.17336582475608936,0,0,0,0
P01,V1_video2_pocaluz,poca_luz,906,37.76124576844956,1,0.28095140123253914,0.2907579011373691,0.2711449013277092,0.15871436461963287,0.4166666666666667,1.0,0.005947431290367566,0.17300506740635047,0.08947624934835902,0.25039198222841813,0,0,0.04473812467417951,0.12519599111420907,0,0,0,0
P01,V1_video2_pocaluz,poca_luz,907,37.80292484766419,1,0.2770000685255186,0.2867665007448323,0.2672336363062049,0.1587602276581482,0.4166666666666667,1.0,0.010752743752469263,0.10197907103772674,0.056365907395098,0.19726970811806513,0,0,0.028182953697549,0.09863485405903256,0,0,0,0
P01,V1_video2_pocaluz,poca_luz,908,37.84460392687881,1,0.27064418344245567,0.2795407767392845,0.26174759014562676,0.15902349907003574,0.4166666666666667,1.0,0.029414137741277435,0.1276335373196752,0.07852383753047631,0.15301440762470597,0,0,0.03926191876523816,0.07650720381235299,0,0,0,0
P01,V1_video2_pocaluz,poca_luz,909,37.886283006093436,1,0.26320725197597716,0.27293362166328705,0.2534808822886673,0.1581821266408519,0.4166666666666667,1.0,0.00881995454291673,0.16202170255178072,0.08542082854734873,0.26610425714345304,0,0,0.04271041427367436,0.13305212857172652,0,0,0,0
P01,V1_video2_pocaluz,poca_luz,910,37.92796208530806,1,0.26025042272720966,0.2695010392253463,0.250999806229073,0.15844098455648498,0.4166666666666667,1.0,0.021528316469785924,0.042718862963114335,0.03212358971645013,0.21690210870043863,0,0,0.016061794858225065,0.10845105435021932,0,0,0,0
P01,V1_video2_pocaluz,poca_luz,911,37.969641164522685,1,0.25638835169385316,0.2664131838023801,0.24636351958532623,0.15780118653987038,0.4166666666666667,1.0,0.003149907160715837,0.14217671033659873,0.07266330874865728,0.17530373538054872,0,0,0.03633165437432864,0.08765186769027436,0,0,0,0
P01,V1_video2_pocaluz,poca_luz,912,38.01132024373731,1,0.2516276280070453,0.2624379002623365,0.24081735575175411,0.15799692629466203,0.4166666666666667,1.0,0.1907455907622182,0.437963037385371,0.3143543140737946,0.0890975728138724,0,0,0.1571771570368973,0.0445487864069362,0,0,0,0
P01,V1_video2_pocaluz,poca_luz,913,38.05299932295193,1,0.2513676171368536,0.26196132693953234,0.24077390733417492,0.15753966147921694,0.4166666666666667,1.0,0.06656238930452008,0.3461420949331018,0.20635224211881092,0.14374757149906717,0,0,0.10317612105940546,0.07187378574953358,0,0,0,0
P01,V1_video2_pocaluz,poca_luz,914,38.09467840216656,1,0.2500936336243201,0.2617467874106187,0.23844047983802147,0.15737941976722986,0.4166666666666667,1.0,0.03554730730947775,0.27559919363862007,0.1555732504740489,0.20633407228458248,0,0,0.07778662523702445,0.10316703614229124,0,0,0,0
P01,V1_video2_pocaluz,poca_luz,915,38.13635748138118,1,0.25129877435854414,0.26220543759189396,0.2403921111251943,0.15825193125561315,0.4166666666666667,1.0,0.048105406378476157,0.25471389686688595,0.15140965162268105,0.22733196716533619,0,0,0.07570482581134053,0.11366598358266809,0,0,0,0
P01,V1_video2_pocaluz,poca_luz,916,38.17803656059581,1,0.24962843255794054,0.26026125515455584,0.23899560996132524,0.1578907982955401,0.4166666666666667,1.0,0.01732198034503718,0.21086521421045112,0.11409359727774415,0.16158454956772758,0,0,0.057046798638872076,0.08079227478386379,0,0,0,0
P01,V1_video2_pocaluz,poca_luz,917,38.21971563981043,1,0.24868363496452178,0.2589889516999362,0.23837831822910735,0.15777903924258488,0.4166666666666667,1.0,0.01485830168674418,0.16901528028700075,0.09193679098687246,0.14616750844467877,0,0,0.04596839549343623,0.07308375422233938,0,0,0,0
P01,V1_video2_pocaluz,poca_luz,918,38.261394719025056,1,0.24798370966610367,0.25831924668693496,0.2376481726452724,0.15771718842639973,0.4166666666666667,1.0,0.004526813488448966,0.2725014786861779,0.13851414608731344,0.15539153317013157,0,0,0.06925707304365672,0.07769576658506579,0,0,0,0
P01,V1_video2_pocaluz,poca_luz,919,38.30307379823968,1,0.24801268165509513,0.25847648917863664,0.23754887413155362,0.15766679412441112,0.4166666666666667,1.0,0.0061185433674865175,0.22222767121579756,0.11417310729164204,0.17666820239967995,0,0,0.05708655364582102,0.08833410119983998,0,0,0,0
P01,V1_video2_pocaluz,poca_luz,920,38.344752877454304,1,0.25020791295603795,0.25991060754161527,0.24050521837046063,0.15794008001317617,0.4166666666666667,1.0,0.0064807247683894564,0.41941317550268364,0.21294695013553655,0.20995273598831787,0,0,0.10647347506776828,0.10497636799415894,0,0,0,0
P01,V1_video2_pocaluz,poca_luz,921,38.38643195666893,1,0.2494741754453626,0.25877327563681257,0.24017507525391266,0.15758284296432343,0.4166666666666667,1.0,0.020775043051090902,0.27465406517639257,0.14771455411374174,0.10660625233871934,0,0,0.07385727705687087,0.05330312616935967,0,0,0,0
P01,V1_video2_pocaluz,poca_luz,922,38.42811103588355,1,0.2457612038884171,0.2553526203723144,0.2361697874045198,0.1577915800734418,0.4166666666666667,1.0,0.05921327887344541,0.14157127739277564,0.10039227813311052,0.08763093353642032,0,0,0.05019613906655526,0.04381546676821016,0,0,0,0
P01,V1_video2_pocaluz,poca_luz,923,38.46979011509817,1,0.2460692405020431,0.2567326184483171,0.23540586255576912,0.15739704572548388,0.4166666666666667,1.0,0.004266056382619121,0.18030905133881625,0.09228755386071769,0.11870697313770208,0,0,0.04614377693035884,0.05935348656885104,0,0,0,0
P01,V1_video2_pocaluz,poca_luz,924,38.511469194312795,1,0.23591495984306646,0.24759813899636693,0.22423178068976599,0.15755515731138434,0.4166666666666667,1.0,0.10213354254604168,0.4831361833293253,0.2926348629376835,0.19421010596257754,0,0,0.14631743146884174,0.09710505298128877,0,0,0,0
P01,V1_video2_pocaluz,poca_luz,925,38.55314827352742,1,0.2369799457896535,0.2494672745002569,0.2244926170790501,0.1579717153516193,0.4166666666666667,1.0,0.022507699905138234,0.09144889770253295,0.05697829880383559,0.33239761570836834,0,0,0.028489149401917796,0.16619880785418417,0,0,0,0
P01,V1_video2_pocaluz,poca_luz,926,38.594827352742044,1,0.2341629724728019,0.24649136472475436,0.22183458022084945,0.15766526384376603,0.4166666666666667,1.0,0.010813857069999488,0.4697829657364285,0.240298411403214,0.26546273875293297,0,0,0.120149205701607,0.13273136937646648,0,0,0,0
P01,V1_video2_pocaluz,poca_luz,927,38.63650643195667,1,0.23357636901594633,0.24711689591322114,0.22003584211867153,0.15717203494480447,0.4166666666666667,1.0,0.0688400422258384,0.43633172226367944,0.2525858822447589,0.09765748168221186,0,0,0.12629294112237946,0.04882874084110593,0,0,0,0
P01,V1_video2_pocaluz,poca_luz,928,38.67818551117129,1,0.23271696968921585,0.2448100942651505,0.2206238451132812,0.15773479847914895,0.4166666666666667,1.0,0.017122184326817225,0.17658358289559006,0.09685288361120364,0.07966708825220367,0,0,0.04842644180560182,0.039833544126101836,0,0,0,0
P01,V1_video2_pocaluz,poca_luz,929,38.71986459038592,1,0.2301038737455977,0.2419542190863302,0.2182535284048652,0.15756256702671378,0.4166666666666667,1.0,0.017978522075260295,0.2842802562498429,0.1511293891625516,0.04931173198429665,0,0,0.0755646945812758,0.024655865992148324,0,0,0,0
P01,V1_video2_pocaluz,poca_luz,930,38.76154366960054,1,0.22694146009134147,0.23599372014331918,0.2178892000393638,0.15710215962097973,0.4166666666666667,1.0,0.05056240282616353,0.1572118009777964,0.10388710190197997,0.0802437401343016,0,0,0.051943550950989986,0.0401218700671508,0,0,0,0
P01,V1_video2_pocaluz,poca_luz,931,38.803222748815166,1,0.22508496658597307,0.23417717660313875,0.2159927565688074,0.1576085534241889,0.4166666666666667,1.0,0.1236560408448214,0.11422265054188796,0.11893934569335468,0.10091893901477476,0,0,0.05946967284667734,0.05045946950738738,0,0,0,0
P01,V1_video2_pocaluz,poca_luz,932,38.84490182802979,1,0.2132013310626833,0.22414408592880017,0.2022585761965664,0.15792163504117132,0.41388888888888886,1.0,0.06169199559559024,0.15623993810005776,0.108965966847824,0.06821142616859238,0,0,0.054482983423912,0.03410571308429619,0,0,0,0
P01,V1_video2_pocaluz,poca_luz,933,38.886580907244415,1,0.12732258038448893,0.13068906656152585,0.12395609420745202,0.15861900930458042,0.41388888888888886,1.0,0.1337413435611613,0.1558538424954291,0.1447975930282952,0.04017754837914819,1,0,0.5723987965141476,0.020088774189574096,1,0,0,0
P01,V1_video2_pocaluz,poca_luz,934,38.92825998645904,1,0.07779986336408996,0.06446373310565955,0.09113599362252038,0.15759068171083807,0.41388888888888886,1.0,0.05381492568186075,0.0716841326035238,0.06274952914269227,0.030510105311471514,1,0,0.5313747645713461,0.015255052655735757,1,0,0,0
P01,V1_video2_pocaluz,poca_luz,935,38.969939065673664,1,0.07300875931916098,0.059614589232584364,0.08640292940573761,0.1579788206468013,0.41388888888888886,1.0,0.04497017925405544,0.12000689387284569,0.08248853656345057,0.12213021735171035,1,0,0.5412442682817253,0.06106510867585518,1,0,0,0
P01,V1_video2_pocaluz,poca_luz,936,39.01161814488829,1,0.049280756240497006,0.027966166054926203,0.07059534642606781,0.1570274344220578,0.41388888888888886,1.0,0.1434554636549059,0.09610155217101013,0.11977850791295802,0.045129930276897136,1,0,0.559889253956479,0.022564965138448568,1,0,0,0
P01,V1_video2_pocaluz,poca_luz,937,39.05329722410291,1,0.04381089768838851,0.024995258478673083,0.06262653689810393,0.15691145146584384,0.41388888888888886,1.0,0.10582073392195923,0.08210984345621386,0.09396528868908655,0.06963902860602736,1,0,0.5469826443445432,0.03481951430301368,1,0,0,0
P01,V1_video2_pocaluz,poca_luz,938,39.09497630331754,1,0.037341056542800094,0.020645343764664523,0.05403676932093566,0.15707027803855966,0.41388888888888886,1.0,0.12329491587890373,0.13784576072133348,0.1305703383001186,0.06589638397815213,1,0,0.5652851691500593,0.032948191989076066,1,0,0,0
P01,V1_video2_pocaluz,poca_luz,939,39.13665538253216,1,0.03865213837724911,0.02585596508364071,0.05144831167085751,0.15701275246169016,0.41388888888888886,1.0,0.1447461535124892,0.07082972632242002,0.10778793991745461,0.09230748659724781,1,0,0.5538939699587273,0.04615374329862391,1,0,0,0
P01,V1_video2_pocaluz,poca_luz,940,39.178334461746786,1,0.034746127054930666,0.02259759631071918,0.04689465779914215,0.1571790097983658,0.41388888888888886,1.0,0.11902820641321377,0.11972304768246034,0.11937562704783705,0.06215666367387924,1,0,0.5596878135239185,0.03107833183693962,1,0,0,0
P01,V1_video2_pocaluz,poca_luz,941,39.22001354096141,1,0.03275077510763197,0.023983635454358457,0.041517914760905474,0.1567487897551333,0.41388888888888886,1.0,0.14670445388844633,0.20594927162387622,0.17632686275616127,0.09947098272078482,1,0,0.5881634313780806,0.04973549136039241,1,0,1,0
P01,V1_video2_pocaluz,poca_luz,942,39.261692620176035,1,0.03173600750705171,0.019773779836617652,0.043698235177485764,0.15688571527173115,0.41388888888888886,1.0,0.09849523054108222,0.3309866717946208,0.21474095116785152,0.04991736128182947,1,0,0.6073704755839258,0.024958680640914735,1,0,1,0
P01,V1_video2_pocaluz,poca_luz,943,39.30337169939066,1,0.03364419937455492,0.020783331644595577,0.04650506710451426,0.15740704503001318,0.41388888888888886,1.0,0.13305717044915777,0.10438275750367287,0.11871996397641532,0.05633137512548248,1,0,0.5593599819882077,0.02816568756274124,1,0,0,0
P01,V1_video2_pocaluz,poca_luz,944,39.345050778605284,1,0.036818072860551304,0.024413603847752333,0.04922254187335028,0.15771768603367442,0.41388888888888886,1.0,0.10840346574368542,0.2093456811411777,0.15887457344243155,0.039700120399446946,1,0,0.5794372867212157,0.019850060199723473,1,0,0,0
P01,V1_video2_pocaluz,poca_luz,945,39.38672985781991,1,0.039923775181219825,0.0264623410123226,0.05338520935011704,0.15784590649580316,0.41388888888888886,1.0,0.08982241317326511,0.1394425781345503,0.1146324956539077,0.09813913114900162,1,0,0.5573162478269539,0.04906956557450081,1,0,0,0
P01,V1_video2_pocaluz,poca_luz,946,39.42840893703453,1,0.04062953300826529,0.023984102177229447,0.057274963839301134,0.158308571807665,0.41388888888888886,1.0,0.14256534559003997,0.1350440593335367,0.13880470246178833,0.06829301264638281,1,0,0.5694023512308941,0.034146506323191404,1,0,0,0
P01,V1_video2_pocaluz,poca_luz,947,39.47008801624916,1,0.03939276819021451,0.024341342014352986,0.05444419436607604,0.15843452250282325,0.41388888888888886,1.0,0.03639489731510037,0.19455111044333573,0.11547300387921805,0.08669966705630576,1,0,0.557736501939609,0.04334983352815288,1,0,0,0
P01,V1_video2_pocaluz,poca_luz,948,39.51176709546378,1,0.04695853562891511,0.03092020849755476,0.06299686276027547,0.15873358872818283,0.41388888888888886,1.0,0.11303763651991006,0.15819190945369077,0.1356147729868004,0.03526339863389593,1,0,0.5678073864934002,0.017631699316947965,1,0,0,0
P01,V1_video2_pocaluz,poca_luz,949,39.553446174678406,1,0.04669534098853186,0.03243053493928721,0.06096014703777652,0.15866801071826725,0.41388888888888886,1.0,0.12535359487618014,0.08701864202902987,0.106186118452605,0.04284133285957968,1,0,0.5530930592263025,0.02142066642978984,1,0,0,0
P01,V1_video2_pocaluz,poca_luz,950,39.59512525389303,1,0.044067966065465175,0.029043871594348722,0.05909206053658163,0.15889343034670478,0.41388888888888886,1.0,0.09112768430205054,0.10466645800655272,0.09789707115430163,0.051005834165067196,1,0,0.5489485355771508,0.025502917082533598,1,0,0,0
P01,V1_video2_pocaluz,poca_luz,951,39.636804333107655,1,0.04612288348241862,0.0333902612012555,0.05885550576358174,0.15860048686102046,0.41388888888888886,1.0,0.10092847945540873,0.11351933207134246,0.1072239057633756,0.11003718207160587,1,0,0.5536119528816879,0.055018591035802936,1,0,0,0
P01,V1_video2_pocaluz,poca_luz,952,39.67848341232228,1,0.05060833089512372,0.033933043008238364,0.06728361878200907,0.15859567284300596,0.41388888888888886,1.0,0.19079261063958752,0.1425136658104833,0.1666531382250354,0.08297718424873606,1,0,0.5833265691125177,0.04148859212436803,1,0,1,0
P01,V1_video2_pocaluz,poca_luz,953,39.720162491536904,1,0.049803429205647565,0.03178613483880726,0.06782072357248786,0.1582152756645702,0.41388888888888886,1.0,0.136259886089922,0.18451916037927563,0.16038952323459882,0.08192075563780289,1,0,0.5801947616172994,0.040960377818901446,1,0,1,0
P01,V1_video2_pocaluz,poca_luz,954,39.76184157075153,1,0.04792908876167412,0.03607443841830846,0.05978373910503978,0.15839292064393665,0.41388888888888886,1.0,0.22681081080616783,0.2286194527894243,0.22771513179779607,0.1604532817326832,1,0,0.6138575658988981,0.0802266408663416,1,0,1,0
P01,V1_video2_pocaluz,poca_luz,955,39.80352064996615,1,0.05078390464889546,0.03956452101111497,0.06200328828667596,0.1583771310130222,0.41388888888888886,1.0,0.2050514698171737,0.2241243884025459,0.2145879291098598,0.1430455456507981,1,0,0.6072939645549299,0.07152277282539905,1,0,1,0
P01,V1_video2_pocaluz,poca_luz,956,39.84519972918078,1,0.05494050601863052,0.037434988597933705,0.07244602343932734,0.15884486751706475,0.41388888888888886,1.0,0.061519156173814094,0.12786710125461753,0.09469312871421581,0.1246564421346053,1,0,0.5473465643571079,0.06232822106730265,1,0,0,0
P01,V1_video2_pocaluz,poca_luz,957,39.8868788083954,1,0.050007281852528375,0.03481642068403944,0.06519814302101731,0.1586750718293482,0.41388888888888886,1.0,0.07658443309185725,0.10393601836732347,0.09026022572959036,0.1985435219915817,1,0,0.5451301128647952,0.09927176099579085,1,0,0,0
P01,V1_video2_pocaluz,poca_luz,958,39.928557887610026,1,0.04849755773083786,0.027659659023332443,0.06933545643834328,0.15923455716884877,0.41388888888888886,1.0,0.13417691770084816,0.14663752246032113,0.14040722008058465,0.21750652252246722,1,0,0.5702036100402923,0.10875326126123361,1,0,0,0
P01,V1_video2_pocaluz,poca_luz,959,39.97023696682464,1,0.04561439042693479,0.022466399587371177,0.0687623812664984,0.15936602445266393,0.41388888888888886,1.0,0.23292453142336522,0.28429797479966945,0.25861125311151734,0.20349218161024757,1,0,0.6293056265557586,0.10174609080512378,1,0,1,0
P01,V1_video2_pocaluz,poca_luz,960,40.01191604603927,1,0.04242234400526711,0.029411764864624365,0.055432923145909856,0.1599080663225699,0.41388888888888886,1.0,0.14496872023547136,0.16972534003889106,0.1573470301371812,0.18746480449593214,1,0,0.5786735150685907,0.09373240224796607,1,0,0,0
P01,V1_video2_pocaluz,poca_luz,961,40.05359512525389,1,0.04568253644140938,0.029585844124499654,0.061779228758319094,0.15958076947966265,0.41388888888888886,1.0,0.1400609234594048,0.11290742587697589,0.12648417466819034,0.2326291142113759,1,0,0.5632420873340952,0.11631455710568794,1,0,0,0
P01,V1_video2_pocaluz,poca_luz,962,40.09527420446852,1,0.04697329960882389,0.03063911207099364,0.06330748714665414,0.15921266332498527,0.41388888888888886,1.0,0.21340152733850315,0.11290742587697589,0.16315447660773952,0.22988823222032465,1,0,0.5815772383038698,0.11494411611016232,1,0,1,0
P01,V1_video2_pocaluz,poca_luz,963,40.13695328368314,1,0.044628975417620086,0.028327320149451777,0.06093063068578839,0.159214805332398,0.41388888888888886,1.0,0.21351026526137806,0.14954261327864227,0.18152643927001016,0.16723673114894338,1,0,0.5907632196350051,0.08361836557447169,1,0,1,0
P01,V1_video2_pocaluz,poca_luz,964,40.178632362897766,1,0.044818117847808994,0.02888764677012282,0.060748588925495166,0.159414192643525,0.41388888888888886,1.0,0.13016356188476674,0.1586370535266527,0.14440030770570972,0.23746012933218316,1,0,0.5722001538528548,0.11873006466609158,1,0,0,0
P01,V1_video2_pocaluz,poca_luz,965,40.22031144211239,1,0.04186348206863728,0.025893406068167864,0.05783355806910669,0.158964191366237,0.41388888888888886,1.0,0.12255305208968159,0.13909416101579986,0.13082360655274072,0.2782714935895493,1,0,0.5654118032763704,0.13913574679477464,1,0,0,0
P01,V1_video2_pocaluz,poca_luz,966,40.261990521327014,1,0.04586824206161948,0.02796840611322006,0.0637680780100189,0.1592876523101297,0.41388888888888886,1.0,0.05158488271723072,0.3198358398946831,0.18571036130595692,0.3032451751413222,1,0,0.5928551806529785,0.1516225875706611,1,0,1,0
P01,V1_video2_pocaluz,poca_luz,967,40.30366960054164,1,0.047828402842735554,0.029841734619328535,0.06581507106614257,0.15920988570875616,0.41388888888888886,1.0,0.06759309215657061,0.33244872616527077,0.2000209091609207,0.2921606281689295,1,0,0.6000104545804603,0.14608031408446476,1,0,1,0
P01,V1_video2_pocaluz,poca_luz,968,40.34534867975626,1,0.04902328188330003,0.03195537088274906,0.066091192883851,0.15912844211130017,0.41388888888888886,1.0,0.11570035605897,0.1697726507385091,0.14273650339873956,0.2308640242041062,1,0,0.5713682516993698,0.1154320121020531,1,0,0,0
P01,V1_video2_pocaluz,poca_luz,969,40.38702775897089,1,0.05145243885624285,0.031233338690966558,0.07167153902151914,0.1589225823217217,0.41388888888888886,1.0,0.1570079663175603,0.18165322316804167,0.169330594742801,0.17545558742818368,1,0,0.5846652973714005,0.08772779371409184,1,0,1,0
P01,V1_video2_pocaluz,poca_luz,970,40.42870683818551,1,0.04733636622234613,0.027227202401137737,0.06744553004355452,0.1588786583707104,0.41388888888888886,1.0,0.14440034582402894,0.20100497998424038,0.17270266290413466,0.15410492179643603,1,0,0.5863513314520673,0.07705246089821802,1,0,1,0
P01,V1_video2_pocaluz,poca_luz,971,40.47038591740014,1,0.04583763801636888,0.023233285665282724,0.06844199036745503,0.15878944777372883,0.41388888888888886,1.0,0.10747769936961815,0.0633030355492743,0.08539036745944623,0.11392303389397948,1,0,0.5426951837297231,0.05696151694698974,1,0,0,0
P01,V1_video2_pocaluz,poca_luz,972,40.51206499661476,1,0.043785510129608386,0.025606460105761626,0.061964560153455146,0.15868028834526643,0.41388888888888886,1.0,0.1121832040128159,0.16612172941195502,0.13915246671238546,0.1980576223863492,1,0,0.5695762333561927,0.0990288111931746,1,0,0,0
P01,V1_video2_pocaluz,poca_luz,973,40.553744075829385,1,0.03595456793336981,0.024106768460327596,0.04780236740641203,0.15937879044074546,0.41388888888888886,1.0,0.07959563810295267,0.11389550407369153,0.0967455710883221,0.27139964870920374,1,0,0.548372785544161,0.13569982435460187,1,0,0,0
P01,V1_video2_pocaluz,poca_luz,974,40.59542315504401,1,0.03668607968509453,0.0259072209716555,0.04746493839853356,0.159026289170352,0.41388888888888886,1.0,0.11817041911681281,0.08576992583830145,0.10197017247755713,0.22223393502727498,1,0,0.5509850862387786,0.11111696751363749,1,0,0,0
P01,V1_video2_pocaluz,poca_luz,975,40.637102234258634,1,0.03719961921737874,0.025675783228789457,0.04872345520596803,0.1589369803237681,0.41388888888888886,1.0,0.10357501453106477,0.06684479837068302,0.0852099064508739,0.23222078087907502,1,0,0.5426049532254369,0.11611039043953751,1,0,0,0
P01,V1_video2_pocaluz,poca_luz,976,40.67878131347326,1,0.03641786971254302,0.024759319144817906,0.04807642028026814,0.15892788362977042,0.41388888888888886,1.0,0.0881136748707706,0.1497029205671122,0.1189082977189414,0.2057973902096347,1,0,0.5594541488594706,0.10289869510481735,1,0,0,0
P01,V1_video2_pocaluz,poca_luz,977,40.72046039268788,1,0.03633168355134671,0.02375476596907164,0.04890860113362178,0.1586378544359821,0.41388888888888886,1.0,0.14296599578805536,0.11913037213018907,0.1310481839591222,0.2894606534297579,1,0,0.5655240919795611,0.14473032671487895,1,0,0,0
P01,V1_video2_pocaluz,poca_luz,978,40.76213947190251,1,0.03871133623271483,0.027254621508723674,0.05016805095670599,0.15895186592633379,0.41388888888888886,1.0,0.1297700913349401,0.08842233836409741,0.10909621484951876,0.2496449060053324,1,0,0.5545481074247594,0.1248224530026662,1,0,0,0
P01,V1_video2_pocaluz,poca_luz,979,40.80381855111713,1,0.04146721268398263,0.028390277863241085,0.05454414750472417,0.1587383302285251,0.41388888888888886,1.0,0.13334852429859845,0.08608499606407083,0.10971676018133464,0.2086142281340506,1,0,0.5548583800906673,0.1043071140670253,1,0,0,0
P01,V1_video2_pocaluz,poca_luz,980,40.84549763033176,1,0.038798583183383854,0.029699167389561795,0.04789799897720591,0.1588832093980918,0.41388888888888886,1.0,0.14399533747317095,0.0958258976136126,0.11991061754339177,0.22482304434662675,1,0,0.5599553087716959,0.11241152217331338,1,0,0,0
P01,V1_video2_pocaluz,poca_luz,981,40.88717670954638,1,0.04029020456070784,0.03251017547539256,0.04807023364602312,0.15910771261049614,0.41388888888888886,1.0,0.2260073562901449,0.10907254750636752,0.1675399518982562,0.2024060854488329,1,0,0.5837699759491282,0.10120304272441645,1,0,1,0
P01,V1_video2_pocaluz,poca_luz,982,40.928855788761005,1,0.03899610731057947,0.030496458683228686,0.04749575593793025,0.15856002386775073,0.41388888888888886,1.0,0.17565060555269907,0.10150067682796904,0.13857564119033405,0.25274084127604457,1,0,0.569287820595167,0.12637042063802228,1,0,0,0
P01,V1_video2_pocaluz,poca_luz,983,40.97053486797563,1,0.0413614994504881,0.0318161449498886,0.0509068539510876,0.15838606599337923,0.41388888888888886,1.0,0.13980917279440752,0.12983745800971558,0.13482331540206155,0.26852644381942603,1,0,0.5674116577010307,0.13426322190971302,1,0,0,0
P01,V1_video2_pocaluz,poca_luz,984,41.012213947190254,1,0.03314415121589977,0.022849139796635436,0.04343916263516409,0.1585246520358167,0.41388888888888886,1.0,0.15951797145643176,0.23720421960176497,0.19836109552909836,0.17989295187904544,1,0,0.5991805477645492,0.08994647593952272,1,0,1,0
P01,V1_video2_pocaluz,poca_luz,985,41.05389302640488,1,0.041561819123461616,0.030731353140028894,0.05239228510689434,0.1587052970388509,0.41388888888888886,1.0,0.18481578209506766,0.18383399658848287,0.18432488934177527,0.16739168618491773,1,0,0.5921624446708876,0.08369584309245887,1,0,1,0
P01,V1_video2_pocaluz,poca_luz,986,41.0955721056195,1,0.04789959844719359,0.033995470509602214,0.06180372638478497,0.15859471742894696,0.41388888888888886,1.0,0.19763898215134734,0.3800427939835982,0.28884088806747277,0.22865624489123418,1,0,0.6444204440337364,0.11432812244561709,1,0,1,0
P01,V1_video2_pocaluz,poca_luz,987,41.13725118483413,1,0.04532797405735544,0.030355294501025778,0.060300653613685105,0.1581380612125005,0.41388888888888886,1.0,0.08833968058466413,0.17303814107767446,0.1306889108311693,0.25772993190431853,1,0,0.5653444554155846,0.12886496595215927,1,0,0,0
P01,V1_video2_pocaluz,poca_luz,988,41.17893026404875,1,0.034546488544535084,0.021887968545076054,0.04720500854399411,0.15941577947131552,0.41388888888888886,1.0,0.11210071301516278,0.22820038026955525,0.170150546642359,0.18083668519039434,1,0,0.5850752733211795,0.09041834259519717,1,0,1,0
P01,V1_video2_pocaluz,poca_luz,989,41.220609343263376,1,0.038412939149890565,0.023639668464644895,0.05318620983513623,0.15977033078069156,0.41388888888888886,1.0,0.2028866898278019,0.15402841976446102,0.17845755479613146,0.30952290605458543,1,0,0.5892287773980658,0.15476145302729272,1,0,1,0
P01,V1_video2_pocaluz,poca_luz,990,41.262288422478,1,0.0403979131148445,0.02732573098019001,0.053470095249499,0.15901169352354846,0.41388888888888886,1.0,0.07879604368718252,0.220229402406372,0.14951272304677726,0.1689851285762313,1,0,0.5747563615233886,0.08449256428811565,1,0,0,0
P01,V1_video2_pocaluz,poca_luz,991,41.303967501692625,1,0.04235635819712338,0.028309501172160367,0.05640321522208639,0.15804474292743878,0.41388888888888886,1.0,0.05256683730714895,0.23656150939877463,0.1445641733529618,0.2158301387345137,1,0,0.5722820866764808,0.10791506936725685,1,0,0,0
P01,V1_video2_pocaluz,poca_luz,992,41.34564658090725,1,0.039308559192658424,0.024501769766240793,0.05411534861907605,0.15802802537761612,0.41388888888888886,1.0,0.10569009353292713,0.14347192874840986,0.1245810111406685,0.3144157582322458,1,0,0.5622905055703342,0.1572078791161229,1,0,0,0
P01,V1_video2_pocaluz,poca_luz,993,41.387325660121874,1,0.04297685901851766,0.02638954092964316,0.05956417710739216,0.15747551923043873,0.41388888888888886,1.0,0.15983088790284705,0.1458964829763979,0.15286368543962248,0.29832370261249613,1,0,0.5764318427198112,0.14916185130624807,1,0,0,0
P01,V1_video2_pocaluz,poca_luz,994,41.4290047393365,1,0.045695443735835096,0.031206006039700265,0.06018488143196993,0.15781328046756252,0.41388888888888886,1.0,0.07639124685774346,0.12002764230060148,0.09820944457917247,0.22992713061757708,1,0,0.5491047222895862,0.11496356530878854,1,0,0,0
P01,V1_video2_pocaluz,poca_luz,995,41.47068381855112,1,0.046699626784793946,0.032216693374230054,0.06118256019535783,0.1579750457649883,0.41388888888888886,1.0,0.10357957473985346,0.12269884052455937,0.11313920763220642,0.28548710669038674,1,0,0.5565696038161032,0.14274355334519337,1,0,0,0
P01,V1_video2_pocaluz,poca_luz,996,41.51236289776574,1,0.038344130157062416,0.027439205223221148,0.04924905509090369,0.1573615993560688,0.41388888888888886,1.0,0.06442056801602591,0.1055426235126965,0.0849815957643612,0.30540687878006956,1,0,0.5424907978821806,0.15270343939003478,1,0,0,0
P01,V1_video2_pocaluz,poca_luz,997,41.554041976980365,1,0.036965680588819466,0.026768007171286533,0.047163354006352395,0.15762745250623644,0.41388888888888886,1.0,0.20234154575845642,0.0968720350152047,0.14960679038683056,0.2227509067721116,1,0,0.5748033951934153,0.1113754533860558,1,0,0,0
P01,V1_video2_pocaluz,poca_luz,998,41.59572105619499,1,0.0439101594706026,0.034307559793456135,0.05351275914774907,0.1581489425319054,0.41388888888888886,1.0,0.1122497101553126,0.1724696265719039,0.14235966836360825,0.2453676151136707,1,0,0.5711798341818042,0.12268380755683535,1,0,0,0
P01,V1_video2_pocaluz,poca_luz,999,41.637400135409614,1,0.04156252639955792,0.032595815057479154,0.05052923774163668,0.1583894675591298,0.41388888888888886,1.0,0.16187537761243453,0.12558514502809393,0.14373026132026423,0.39862960850375817,1,0,0.5718651306601321,0.19931480425187909,1,0,0,0
P01,V1_video2_pocaluz,poca_luz,1000,41.67907921462424,1,0.045007091775592006,0.03647902199203738,0.053535161559146636,0.15808107052783357,0.41388888888888886,1.0,0.22277736716148056,0.09071239753734772,0.15674488234941414,0.37394125074968304,1,0,0.5783724411747071,0.18697062537484152,1,0,0,0
P01,V1_video2_pocaluz,poca_luz,1001,41.72075829383886,1,0.0443677196106513,0.03691254280668486,0.05182289641461774,0.15801126502992352,0.41388888888888886,1.0,0.19274660311810776,0.1294811417852113,0.16111387245165953,0.42161341884984804,1,0,0.5805569362258298,0.21080670942492402,1,0,1,0
P01,V1_video2_pocaluz,poca_luz,1002,41.76243737305349,1,0.038916463438970636,0.030049012020359527,0.04778391485758175,0.15841952670454176,0.41388888888888886,1.0,0.13555833549645313,0.1679902088587405,0.15177427217759681,0.3340128270569193,1,0,0.5758871360887984,0.16700641352845966,1,0,0,0
P01,V1_video2_pocaluz,poca_luz,1003,41.80411645226811,1,0.03631363959402485,0.025179411566902694,0.047447867621147014,0.1592919096255916,0.41388888888888886,1.0,0.09660062757887966,0.11219227532251652,0.10439645145069809,0.28527472247027064,1,0,0.552198225725349,0.14263736123513532,1,0,0,0
P01,V1_video2_pocaluz,poca_luz,1004,41.845795531482736,1,0.03591455322451441,0.024342882760004396,0.04748622368902442,0.15843748550710607,0.41388888888888886,1.0,0.17315256437968263,0.18214278453860444,0.17764767445914353,0.3368111549331638,1,0,0.5888238372295718,0.1684055774665819,1,0,1,0
P01,V1_video2_pocaluz,poca_luz,1005,41.88747461069736,1,0.03647880969550743,0.024603301284249382,0.048354318106765486,0.1586946213269647,0.41388888888888886,1.0,0.09799811302902217,0.12703065611309283,0.1125143845710575,0.5322166648990496,1,0,0.5562571922855287,0.2661083324495248,1,0,0,0
P01,V1_video2_pocaluz,poca_luz,1006,41.929153689911985,1,0.03579184084038252,0.022694045954758924,0.04888963572600612,0.15858996167433895,0.41388888888888886,1.0,0.17334593666712061,0.2492052526353381,0.21127559465122936,0.370982142357381,1,0,0.6056377973256146,0.1854910711786905,1,0,1,0
P01,V1_video2_pocaluz,poca_luz,1007,41.97083276912661,1,0.03634673735270352,0.02268765423556039,0.050005820469846654,0.15840202639257334,0.41388888888888886,1.0,0.17334593666712061,0.25402675799565866,0.21368634733138964,0.294237078067159,1,0,0.6068431736656948,0.1471185390335795,1,0,1,0
P01,V1_video2_pocaluz,poca_luz,1008,42.012511848341234,1,0.034126339152465365,0.025262421064629455,0.04299025724030127,0.15954380786100866,0.41388888888888886,1.0,0.30078086535275717,0.09995453681169653,0.20036770108222685,0.10643162298540153,1,0,0.6001838505411135,0.053215811492700764,1,0,1,0
P01,V1_video2_pocaluz,poca_luz,1009,42.05419092755586,1,0.03020566084355908,0.019900099156540774,0.04051122253057739,0.1591399687635773,0.41388888888888886,1.0,0.14889480688570333,0.3382739600526651,0.2435843834691842,0.13497244774071418,1,0,0.6217921917345921,0.06748622387035709,1,0,1,0
P01,V1_video2_pocaluz,poca_luz,1010,42.09587000677048,1,0.030709353307116133,0.019624667398072216,0.041794039216160046,0.15881455963065025,0.41388888888888886,1.0,0.22668203814119237,0.3786937755910368,0.3026879068661146,0.12646723775083876,1,0,0.6513439534330573,0.06323361887541938,1,0,1,0
P01,V1_video2_pocaluz,poca_luz,1011,42.13754908598511,1,0.026153548635044346,0.015679232354581435,0.036627864915507256,0.158865097273957,0.41388888888888886,1.0,0.5360621695180434,0.08116178570292143,0.3086119776104824,0.12102135665352581,1,0,0.6543059888052412,0.06051067832676291,1,0,1,0
P01,V1_video2_pocaluz,poca_luz,1012,42.17922816519973,1,0.02622420301360959,0.014434563285075343,0.03801384274214384,0.1587468324606478,0.41388888888888886,1.0,0.26752226213653896,0.23731005600615418,0.25241615907134657,0.1148526622062157,1,0,0.6262080795356733,0.05742633110310785,1,0,1,0
P01,V1_video2_pocaluz,poca_luz,1013,42.220907244414356,1,0.027510372698497515,0.015787709711379275,0.03923303568561575,0.1586017236308186,0.41388888888888886,1.0,0.26752226213653896,0.23731005600615418,0.25241615907134657,0.13076432767066104,1,0,0.6262080795356733,0.06538216383533052,1,0,1,0
P01,V1_video2_pocaluz,poca_luz,1014,42.26258632362898,1,0.030755177398887223,0.017950062184827347,0.043560292612947096,0.15904260151492314,0.4166666666666667,1.0,0.28010390966713583,0.14977452741511277,0.2149392185411243,0.1530108851393276,1,0,0.6074696092705621,0.0765054425696638,1,0,1,0
P01,V1_video2_pocaluz,poca_luz,1015,42.304265402843605,1,0.029165824935843146,0.016972146662555896,0.0413595032091304,0.1585899385100093,0.41944444444444445,1.0,0.24695622398458483,0.20971725092408422,0.22833673745433453,0.111330998977749,1,0,0.6141683687271673,0.0556654994888745,1,0,1,0
P01,V1_video2_pocaluz,poca_luz,1016,42.34594448205823,1,0.030226433762024246,0.019999981212263134,0.040452886311785355,0.15838862834661133,0.4222222222222222,1.0,0.20332585212009469,0.20882339388108295,0.20607462300058882,0.18106877030820323,1,0,0.6030373115002944,0.09053438515410162,1,0,1,0
P01,V1_video2_pocaluz,poca_luz,1017,42.387623561272854,1,0.02990813649480853,0.017055589453761507,0.04276068353585555,0.15861856085933698,0.425,1.0,0.2958018552747136,0.29691012561544494,0.29635599044507926,0.1712108083004682,1,0,0.6481779952225396,0.0856054041502341,1,0,1,0
P01,V1_video2_pocaluz,poca_luz,1018,42.42930264048748,1,0.033461027650825266,0.019409790710720774,0.04751226459092976,0.15873703465272526,0.42777777777777776,1.0,0.2531381308421089,0.18657208286318505,0.21985510685264698,0.15412433190265495,1,0,0.6099275534263235,0.07706216595132748,1,0,1,0
P01,V1_video2_pocaluz,poca_luz,1019,42.4709817197021,1,0.06775536710752797,0.06829845014203158,0.06721228407302435,0.15856223773676315,0.4305555555555556,1.0,0.16252577200508111,0.08282899602257754,0.12267738401382933,0.2542204240183154,1,0,0.5613386920069147,0.1271102120091577,1,0,0,0
P01,V1_video2_pocaluz,poca_luz,1020,42.51266079891673,1,0.14273422622141463,0.14355785184833916,0.14191060059449012,0.15773786430572082,0.4305555555555556,1.0,0.12230181589679667,0.21328460857643206,0.16779321223661436,0.20159217349713215,0,0,0.08389660611830718,0.10079608674856608,0,0,0,0
P01,V1_video2_pocaluz,poca_luz,1021,42.55433987813135,1,0.19009386878229848,0.19837934715748456,0.18180839040711239,0.15772938560225186,0.4305555555555556,1.0,0.09435345527648364,0.13879279115053644,0.11657312321351004,0.22063240486042712,0,0,0.05828656160675502,0.11031620243021356,0,0,0,0
P01,V1_video2_pocaluz,poca_luz,1022,42.596018957345976,1,0.20441950424501645,0.21439148600171556,0.19444752248831734,0.15745371517351806,0.4305555555555556,1.0,0.20744389761407034,0.15621807944198007,0.1818309885280252,0.19849974503686046,0,0,0.0909154942640126,0.09924987251843023,0,0,0,0
P01,V1_video2_pocaluz,poca_luz,1023,42.6376980365606,1,0.22215199844352823,0.23118309545869295,0.21312090142836354,0.1571825446730423,0.4305555555555556,1.0,0.023449135463337045,0.12539805308953655,0.0744235942764368,0.20282999629756165,0,0,0.0372117971382184,0.10141499814878083,0,0,0,0
P01,V1_video2_pocaluz,poca_luz,1024,42.679377115775225,1,0.23299389821165367,0.24181226706664927,0.2241755293566581,0.15614143655628498,0.4305555555555556,1.0,0.036740834133033085,0.2833476213628674,0.16004422774795024,0.19929072473473783,0,0,0.08002211387397512,0.09964536236736891,0,0,0,0
P01,V1_video2_pocaluz,poca_luz,1025,42.72105619498985,1,0.2407488889852213,0.2492779603048629,0.23221981766557967,0.15636634942334754,0.4305555555555556,1.0,0.192255880487187,0.13540540347334074,0.16383064198026387,0.2176624238268815,0,0,0.08191532099013193,0.10883121191344075,0,0,0,0
P01,V1_video2_pocaluz,poca_luz,1026,42.76273527420447,1,0.2503572010668902,0.26094224561701107,0.2397721565167693,0.15665181253140276,0.4305555555555556,1.0,0.044706247841143854,0.2601258273262824,0.15241603758371314,0.2827167322587886,0,0,0.07620801879185657,0.1413583661293943,0,0,0,0
P01,V1_video2_pocaluz,poca_luz,1027,42.8044143534191,1,0.2619649310849167,0.2725080626829602,0.25142179948687327,0.15686959239995663,0.4305555555555556,1.0,0.46467544824211837,0.37878288159254014,0.42172916491732926,0.21241477045277646,0,0,0.21086458245866463,0.10620738522638823,0,0,0,0
P01,V1_video2_pocaluz,poca_luz,1028,42.84609343263372,1,0.26958722985326944,0.2793473631182427,0.2598270965882962,0.15759351878125666,0.4305555555555556,1.0,0.11358840138658621,0.23601843527657296,0.17480341833157959,0.23182785035913442,0,0,0.08740170916578979,0.11591392517956721,0,0,0,0
P01,V1_video2_pocaluz,poca_luz,1029,42.88777251184835,1,0.2713923746832402,0.2805644917780787,0.2622202575884017,0.1579813916411569,0.4305555555555556,1.0,0.18257664602921397,0.08064194826995275,0.13160929714958336,0.24864129180549413,0,0,0.06580464857479168,0.12432064590274707,0,0,0,0
P01,V1_video2_pocaluz,poca_luz,1030,42.92945159106297,1,0.2773704969093522,0.2868031610892285,0.267937832729476,0.1578671717834753,0.4305555555555556,1.0,0.05640961139740197,0.11337552731630884,0.08489256935685541,0.1314277068180001,0,0,0.042446284678427704,0.06571385340900004,0,0,0,0
P01,V1_video2_pocaluz,poca_luz,1031,42.971130670277596,1,0.28235619498538317,0.2924838425319059,0.27222854743886044,0.15804443984102498,0.4305555555555556,1.0,0.06337825887863668,0.15453418166272115,0.10895622027067892,0.18384068606530604,0,0,0.05447811013533946,0.09192034303265302,0,0,0,0
P01,V1_video2_pocaluz,poca_luz,1032,43.01280974949221,1,0.2894134127536515,0.2973095336299361,0.28151729187736696,0.15769105761929636,0.4305555555555556,1.0,0.007447858111389483,0.17930476430246634,0.09337631120692791,0.19802087385245987,0,0,0.046688155603463954,0.09901043692622993,0,0,0,0
P01,V1_video2_pocaluz,poca_luz,1033,43.05448882870684,1,0.28979853238186204,0.2977577958959568,0.2818392688677673,0.15790737751710876,0.4305555555555556,1.0,0.019593016173819144,0.4899588020276203,0.25477590910071973,0.14250762028251804,0,0,0.12738795455035987,0.07125381014125902,0,0,0,0
P01,V1_video2_pocaluz,poca_luz,1034,43.09616790792146,1,0.2896643448964563,0.296794243565092,0.2825344462278207,0.1575755048544082,0.4305555555555556,1.0,0.013308744754615742,0.33750238577750125,0.1754055652660585,0.1127805428762753,0,0,0.08770278263302925,0.05639027143813765,0,0,0,0
P01,V1_video2_pocaluz,poca_luz,1035,43.137846987136086,1,0.29094234204614944,0.2978097452956711,0.2840749387966278,0.15798693347498063,0.4305555555555556,1.0,0.029436069722097224,0.05972457865153313,0.04458032418681518,0.25309008366169805,0,0,0.02229016209340759,0.12654504183084903,0,0,0,0
P01,V1_video2_pocaluz,poca_luz,1036,43.17952606635071,1,0.29413624301196284,0.3007353543882562,0.2875371316356695,0.1578867268090651,0.4305555555555556,1.0,0.04476573990203647,0.09743496470535862,0.07110035230369754,0.3386054591975283,0,0,0.03555017615184877,0.16930272959876416,0,0,0,0
P01,V1_video2_pocaluz,poca_luz,1037,43.221205145565335,1,0.2968790999816326,0.30360551897765004,0.29015268098561514,0.15806908541862558,0.4305555555555556,1.0,0.018055140532342362,0.3824443019501712,0.20024972124125678,0.3033032227280427,0,0,0.10012486062062839,0.15165161136402136,0,0,0,0
P01,V1_video2_pocaluz,poca_luz,1038,43.26288422477996,1,0.29794248536898826,0.30551285960740293,0.29037211113057365,0.15776683553787474,0.4305555555555556,1.0,0.019298120649757777,0.6023728506860464,0.3108354856679021,0.2265457973299738,0,0,0.15541774283395104,0.1132728986649869,0,0,0,0
P01,V1_video2_pocaluz,poca_luz,1039,43.304563303994584,1,0.3017856758792361,0.30537756293622975,0.29819378882224246,0.15762204539909347,0.4305555555555556,1.0,0.032462500871663025,0.28107019657504906,0.15676634872335604,0.46177940749722207,0,0,0.07838317436167802,0.23088970374861104,0,0,0,0
P01,V1_video2_pocaluz,poca_luz,1040,43.34624238320921,1,0.29849316451622104,0.30385075977054005,0.29313556926190204,0.15737055964904273,0.4305555555555556,1.0,0.013490772980106036,0.19697785798673995,0.10523431548342299,0.3802981865335209,0,0,0.052617157741711496,0.19014909326676044,0,0,0,0
P01,V1_video2_pocaluz,poca_luz,1041,43.38792146242383,1,0.2959297972160724,0.3035791704597599,0.2882804239723848,0.15739266445477534,0.4305555555555556,1.0,0.006816051339764595,0.12782822171574226,0.06732213652775343,0.3609732832299052,0,0,0.033661068263876714,0.1804866416149526,0,0,0,0
P01,V1_video2_pocaluz,poca_luz,1042,43.42960054163846,1,0.29327604124007134,0.30104204241655314,0.28551004006358954,0.1577318715176327,0.4305555555555556,1.0,0.00587988946188045,0.15214634008348904,0.07901311477268474,0.16140972281288718,0,0,0.03950655738634237,0.08070486140644359,0,0,0,0
P01,V1_video2_pocaluz,poca_luz,1043,43.47127962085308,1,0.2914545192160972,0.29968756809805125,0.28322147033414324,0.15742621508644922,0.4305555555555556,1.0,0.004395569769340746,0.05789319328988385,0.031144381529612297,0.23756690804660752,0,0,0.015572190764806149,0.11878345402330376,0,0,0,0
P01,V1_video2_pocaluz,poca_luz,1044,43.512958700067706,1,0.2960144470319733,0.30459057865705086,0.2874383154068958,0.15734512670313558,0.4305555555555556,1.0,0.03425927727562805,0.08332735497889165,0.058793316127259854,0.33408591437119795,0,0,0.029396658063629927,0.16704295718559897,0,0,0,0
P01,V1_video2_pocaluz,poca_luz,1045,43.55463777928233,1,0.2949963637520162,0.30433565076118424,0.2856570767428482,0.15678648780537183,0.4305555555555556,1.0,0.01032387404000501,0.025301866537900786,0.017812870288952898,0.2982861237254914,0,0,0.008906435144476449,0.1491430618627457,0,0,0,0
P01,V1_video2_pocaluz,poca_luz,1046,43.596316858496955,1,0.2980245858952232,0.3072934995006973,0.288755672289749,0.15680008424439945,0.4305555555555556,1.0,0.034678473293867085,0.051714510896724075,0.04319649209529558,0.3390203364296814,0,0,0.02159824604764779,0.1695101682148407,0,0,0,0
P01,V1_video2_pocaluz,poca_luz,1047,43.63799593771158,1,0.2943279856343941,0.3041808440260625,0.2844751272427257,0.1577581251278326,0.4305555555555556,1.0,0.023827862857830784,0.05925261792972869,0.04154024039377974,0.36864818640070274,0,0,0.02077012019688987,0.18432409320035137,0,0,0,0
P01,V1_video2_pocaluz,poca_luz,1048,43.679675016926204,1,0.2947734138737578,0.30392546332621634,0.28562136442129926,0.15815965197359566,0.4305555555555556,1.0,0.053438063407189706,0.06276268280818043,0.058100373107685066,0.36787278822132524,0,0,0.029050186553842533,0.18393639411066262,0,0,0,0
P01,V1_video2_pocaluz,poca_luz,1049,43.72135409614083,1,0.29163578069200813,0.3001596506080595,0.2831119107759567,0.1576371760646879,0.4305555555555556,1.0,0.0695100023650359,0.0900525056255701,0.079781253995303,0.29903876789800793,0,0,0.0398906269976515,0.14951938394900396,0,0,0,0
P01,V1_video2_pocaluz,poca_luz,1050,43.76303317535545,1,0.2921547013245243,0.3016432139673685,0.28266618868168014,0.1574260468120621,0.4305555555555556,1.0,0.0615926747033223,0.13396149113326616,0.09777708291829423,0.4138658827695652,0,0,0.04888854145914712,0.2069329413847826,0,0,0,0
P01,V1_video2_pocaluz,poca_luz,1051,43.80471225457008,1,0.2906782067139445,0.2987416598656422,0.28261475356224686,0.15780262545803966,0.4305555555555556,1.0,0.06032374749396252,0.1524605732845764,0.10639216038926946,0.17881983270991306,0,0,0.05319608019463473,0.08940991635495653,0,0,0,0
P01,V1_video2_pocaluz,poca_luz,1052,43.8463913337847,1,0.29364400142987424,0.30175257189339466,0.28553543096635386,0.15832681011736685,0.4305555555555556,1.0,0.014842765856785345,0.1129581566160085,0.06390046123639692,0.40085597471398327,0,0,0.03195023061819846,0.20042798735699163,0,0,0,0
P01,V1_video2_pocaluz,poca_luz,1053,43.888070412999326,1,0.28989192234460065,0.296781104714927,0.2830027399742743,0.15708906875329753,0.4305555555555556,1.0,0.045488245996051946,0.25902634724336704,0.1522572966197095,0.25502477765035003,0,0,0.07612864830985475,0.12751238882517502,0,0,0,0
P01,V1_video2_pocaluz,poca_luz,1054,43.92974949221395,1,0.28943207653953884,0.29683288195965407,0.2820312711194236,0.1576471664970835,0.4305555555555556,1.0,0.07676475122399318,0.38240651170840034,0.22958563146619676,0.21047222324843118,0,0,0.11479281573309838,0.10523611162421559,0,0,0,0
P01,V1_video2_pocaluz,poca_luz,1055,43.971428571428575,1,0.29237725239091505,0.3008824840682245,0.2838720207136056,0.1577388058128548,0.4305555555555556,1.0,0.031098087552448028,0.08272934257139497,0.0569137150619215,0.281823964636988,0,0,0.02845685753096075,0.140911982318494,0,0,0,0
P01,V1_video2_pocaluz,poca_luz,1056,44.0131076506432,1,0.29282153580174897,0.30372984537053405,0.28191322623296383,0.15791574247588117,0.4305555555555556,1.0,0.20145647835234393,0.25359481202146816,0.22752564518690604,0.29061193158300624,0,0,0.11376282259345302,0.14530596579150312,0,0,0,0
P01,V1_video2_pocaluz,poca_luz,1057,44.054786729857824,1,0.297034823570266,0.30977869473803366,0.2842909524024984,0.15850904636486185,0.4305555555555556,1.0,0.07995487812079127,0.15733018753455152,0.1186425328276714,0.2924050838587191,0,0,0.0593212664138357,0.14620254192935955,0,0,0,0
P01,V1_video2_pocaluz,poca_luz,1058,44.09646580907245,1,0.3011839398245658,0.31431693493532775,0.28805094471380394,0.15841302503823304,0.4305555555555556,1.0,0.11881791147285725,0.17579882490581722,0.14730836818933724,0.22226845006594015,0,0,0.07365418409466862,0.11113422503297007,0,0,0,0
P01,V1_video2_pocaluz,poca_luz,1059,44.13814488828707,1,0.2985898933809618,0.31116640438806953,0.2860133823738541,0.1579410013705991,0.4305555555555556,1.0,0.013704641710473475,0.2745976298029086,0.14415113575669103,0.19249074588832363,0,0,0.07207556787834551,0.09624537294416181,0,0,0,0
P01,V1_video2_pocaluz,poca_luz,1060,44.1798239675017,1,0.2886272979990828,0.29887427591206556,0.2783803200861001,0.15889542814072433,0.4305555555555556,1.0,0.00446622967414223,0.1081486818409515,0.056307455757546865,0.3167066375058819,0,0,0.028153727878773432,0.15835331875294095,0,0,0,0
P01,V1_video2_pocaluz,poca_luz,1061,44.22150304671632,1,0.28831761847757514,0.30075676145430497,0.2758784755008453,0.15747128901536764,0.4305555555555556,1.0,0.01455986069626558,0.15753760570208564,0.08604873319917561,0.15207300277259883,0,0,0.043024366599587804,0.07603650138629942,0,0,0,0
P01,V1_video2_pocaluz,poca_luz,1062,44.263182125930946,1,0.29359926944022535,0.30781316560044764,0.27938537328000307,0.15792683261536175,0.4305555555555556,1.0,0.0017872449110090116,0.14724842028755747,0.07451783259928324,0.20060757020373635,0,0,0.03725891629964162,0.10030378510186817,0,0,0,0
P01,V1_video2_pocaluz,poca_luz,1063,44.30486120514557,1,0.2927509579810449,0.3055742623459568,0.279927653616133,0.1574136002889901,0.4305555555555556,1.0,0.010930773404723704,0.04651564790690388,0.02872321065581379,0.17305980627448808,0,0,0.014361605327906896,0.08652990313724404,0,0,0,0
P01,V1_video2_pocaluz,poca_luz,1064,44.346540284360195,1,0.2957598006194195,0.3082883766813724,0.2832312245574666,0.15701256595467325,0.4305555555555556,1.0,0.007290709789208538,0.04435173413898397,0.025821221964096253,0.2103749753577941,0,0,0.012910610982048126,0.10518748767889705,0,0,0,0
P01,V1_video2_pocaluz,poca_luz,1065,44.38821936357482,1,0.30042480478332906,0.3142950846352721,0.286554524931386,0.15669653616500226,0.4305555555555556,1.0,0.018637240811746558,0.14669045677253467,0.08266384879214062,0.12628426949222982,0,0,0.04133192439607031,0.06314213474611491,0,0,0,0
P01,V1_video2_pocaluz,poca_luz,1066,44.429898442789444,1,0.29579159469204175,0.3087873321546314,0.2827958572294521,0.1572106927499783,0.4305555555555556,1.0,0.01635868596989276,0.011327058724589056,0.013842872347240909,0.26067291004172977,0,0,0.006921436173620454,0.13033645502086488,0,0,0,0
P01,V1_video2_pocaluz,poca_luz,1067,44.47157752200407,1,0.30053158987306994,0.31398057360409654,0.2870826061420433,0.15726950528800554,0.4305555555555556,1.0,0.00771503231969739,0.06803546162395346,0.03787524697182543,0.2599545021739732,0,0,0.018937623485912713,0.1299772510869866,0,0,0,0
P01,V1_video2_pocaluz,poca_luz,1068,44.513256601218686,1,0.2993783434003795,0.312915167005912,0.285841519794847,0.1577551410423971,0.4305555555555556,1.0,0.029313784265340148,0.21528661343105204,0.1223001988481961,0.24093255572412897,0,0,0.06115009942409805,0.12046627786206449,0,0,0,0
P01,V1_video2_pocaluz,poca_luz,1069,44.55493568043331,1,0.2986261160737671,0.3102470317232461,0.28700520042428806,0.1577517595785527,0.4305555555555556,1.0,0.014539227171202596,0.25194716393379535,0.13324319555249897,0.23549611819059071,0,0,0.06662159777624949,0.11774805909529536,0,0,0,0
P01,V1_video2_pocaluz,poca_luz,1070,44.596614759647935,1,0.30070143840430386,0.31521096405679244,0.2861919127518153,0.1562447083125646,0.4305555555555556,1.0,0.010824012151810614,0.3322605205547118,0.1715422663532612,0.14191539681820722,0,0,0.0857711331766306,0.07095769840910361,0,0,0,0
P01,V1_video2_pocaluz,poca_luz,1071,44.63829383886256,1,0.29684765485021786,0.3093228302706063,0.2843724794298294,0.157393686432079,0.4305555555555556,1.0,0.0027349826726331683,0.3481884304474978,0.1754617065600655,0.2529872036541038,0,0,0.08773085328003274,0.1264936018270519,0,0,0,0
P01,V1_video2_pocaluz,poca_luz,1072,44.67997291807718,1,0.2899775786652888,0.29989785210889924,0.2800573052216783,0.15841529949624153,0.4305555555555556,1.0,0.0032690430708168794,0.17193437819986912,0.087601710635343,0.3896793780794969,0,0,0.0438008553176715,0.19483968903974844,0,0,0,0
P01,V1_video2_pocaluz,poca_luz,1073,44.72165199729181,1,0.2934975012672387,0.302905137238513,0.2840898652959644,0.15742407362121674,0.4305555555555556,1.0,0.010081659975020196,0.06909182529965574,0.03958674263733797,0.3600758714769362,0,0,0.019793371318668984,0.1800379357384681,0,0,0,0
P01,V1_video2_pocaluz,poca_luz,1074,44.76333107650643,1,0.2930679077122629,0.30134490237276423,0.2847909130517616,0.15834726311591527,0.4305555555555556,1.0,0.004859520042383769,0.020456124755028116,0.012657822398705942,0.3246372342310216,0,0,0.006328911199352971,0.1623186171155108,0,0,0,0
P01,V1_video2_pocaluz,poca_luz,1075,44.80501015572106,1,0.2858132892909179,0.2929786159691993,0.2786479626126366,0.15943365810114615,0.4305555555555556,1.0,0.015471002931843558,0.18243814769190614,0.09895457531187485,0.19300374034418008,0,0,0.049477287655937424,0.09650187017209004,0,0,0,0
P01,V1_video2_pocaluz,poca_luz,1076,44.84668923493568,1,0.2871966428551497,0.296795848177579,0.27759743753272037,0.1593862242224614,0.4305555555555556,1.0,0.004377096893438903,0.11591238231200451,0.06014473960272171,0.24164904562849365,0,0,0.030072369801360854,0.12082452281424683,0,0,0,0
P01,V1_video2_pocaluz,poca_luz,1077,44.888368314150306,1,0.2804629645060117,0.28969245939400856,0.2712334696180149,0.15803660882911005,0.4305555555555556,1.0,0.002073434789926387,0.05401372382772773,0.02804357930882706,0.28487974518930465,0,0,0.01402178965441353,0.14243987259465232,0,0,0,0
P01,V1_video2_pocaluz,poca_luz,1078,44.93004739336493,1,0.27987914184080565,0.2887543808952547,0.2710039027863566,0.15766804012934105,0.4305555555555556,1.0,0.004187350841810988,0.040962792619262944,0.022575071730536966,0.29722503571757075,0,0,0.011287535865268483,0.14861251785878538,0,0,0,0
P01,V1_video2_pocaluz,poca_luz,1079,44.971726472579554,1,0.2828371368382354,0.2929203786302367,0.2727538950462342,0.15767094606617335,0.4305555555555556,1.0,0.0013573289881505524,0.5052107548647883,0.2532840419264694,0.3219859153091457,0,0,0.1266420209632347,0.16099295765457286,0,0,0,0
P01,V1_video2_pocaluz,poca_luz,1080,45.01340555179418,1,0.282325310084937,0.2911090633204396,0.2735415568494343,0.15869688067993568,0.4305555555555556,1.0,0.03247196756135862,0.16641085088360819,0.0994414092224834,0.08140404656205485,0,0,0.0497207046112417,0.04070202328102743,0,0,0,0
P01,V1_video2_pocaluz,poca_luz,1081,45.0550846310088,1,0.28343028526290587,0.29270264510557387,0.27415792542023787,0.1581276299883943,0.4305555555555556,1.0,0.007999485844273568,0.12044537080217821,0.06422242832322589,0.07008848226992856,0,0,0.032111214161612944,0.03504424113496428,0,0,0,0
P01,V1_video2_pocaluz,poca_luz,1082,45.09676371022343,1,0.28421091664272424,0.2945682418858371,0.2738535913996114,0.1583912244251584,0.4305555555555556,1.0,0.025132582500197453,0.04216843827881711,0.03365051038950728,0.17165533155966303,0,0,0.01682525519475364,0.08582766577983152,0,0,0,0
P01,V1_video2_pocaluz,poca_luz,1083,45.13844278943805,1,0.2827498155710554,0.29186877104176695,0.2736308601003439,0.15866634759510564,0.4305555555555556,1.0,0.054322766292203006,0.08309961420731793,0.06871119024976047,0.18646655975283769,0,0,0.034355595124880234,0.09323327987641884,0,0,0,0
P01,V1_video2_pocaluz,poca_luz,1084,45.18012186865268,1,0.284893656195661,0.2939743240240325,0.2758129883672895,0.15861779739318724,0.4305555555555556,1.0,0.0011048922778379433,0.2603600296225681,0.13073246095020302,0.22532804202760265,0,0,0.06536623047510151,0.11266402101380132,0,0,0,0
P01,V1_video2_pocaluz,poca_luz,1085,45.2218009478673,1,0.2793711380164876,0.28689204717476824,0.271850228858207,0.15915982085058336,0.4305555555555556,1.0,0.0039390668806028595,0.11120839902559476,0.05757373295309881,0.15761539930671145,0,0,0.028786866476549405,0.07880769965335573,0,0,0,0
P01,V1_video2_pocaluz,poca_luz,1086,45.263480027081926,1,0.28894736232077245,0.2994129713955731,0.27848175324597185,0.1590345540431599,0.4305555555555556,1.0,0.0022458695968002873,0.07578423683289248,0.039015053214846385,0.16626566146172253,0,0,0.019507526607423192,0.08313283073086127,0,0,0,0
P01,V1_video2_pocaluz,poca_luz,1087,45.30515910629655,1,0.28987476194738665,0.3004092141641364,0.2793403097306369,0.15855460725601606,0.4305555555555556,1.0,0.023423739859228854,0.0702587029004964,0.04684122137986263,0.14369280669104892,0,0,0.023420610689931315,0.07184640334552446,0,0,0,0
P01,V1_video2_pocaluz,poca_luz,1088,45.346838185511174,1,0.2861683860055332,0.29440920933233633,0.27792756267873,0.15961258537447706,0.4305555555555556,1.0,0.003617386273832346,0.2318011238328841,0.11770925505335822,0.24095095665183347,0,0,0.05885462752667911,0.12047547832591674,0,0,0,0
P01,V1_video2_pocaluz,poca_luz,1089,45.3885172647258,1,0.2842532267329162,0.29201939185006404,0.27648706161576836,0.1598961086330557,0.4305555555555556,1.0,0.002062550166960886,0.3243989550357642,0.16323075260136255,0.1608389785390871,0,0,0.08161537630068127,0.08041948926954355,0,0,0,0
P01,V1_video2_pocaluz,poca_luz,1090,45.43019634394042,1,0.2839643919892494,0.29276927054581575,0.275159513432683,0.15861491367157068,0.4305555555555556,1.0,0.006480838367641351,0.03191154327923984,0.019196190823440595,0.1133318203217666,0,0,0.009598095411720298,0.0566659101608833,0,0,0,0
P01,V1_video2_pocaluz,poca_luz,1091,45.47187542315505,1,0.28311336728907516,0.2915754564571499,0.27465127812100043,0.15830028582191488,0.4305555555555556,1.0,0.13797656325525698,0.07593740904017443,0.1069569861477157,0.11021236815370009,0,0,0.05347849307385785,0.05510618407685004,0,0,0,0
P01,V1_video2_pocaluz,poca_luz,1092,45.51355450236967,1,0.27866114534803876,0.2871830233380732,0.27013926735800436,0.15762613797293798,0.4305555555555556,1.0,0.15674925257263872,0.1288642785400077,0.1428067655563232,0.0973959942631897,0,0,0.0714033827781616,0.04869799713159485,0,0,0,0
P01,V1_video2_pocaluz,poca_luz,1093,45.5552335815843,1,0.2775548922847537,0.286524477170084,0.2685853073994235,0.15804597507885554,0.4305555555555556,1.0,0.011623233164696267,0.03724857621102662,0.024435904687861443,0.08022442140183728,0,0,0.012217952343930721,0.04011221070091864,0,0,0,0
P01,V1_video2_pocaluz,poca_luz,1094,45.59691266079892,1,0.2801520754927217,0.28847503143366665,0.2718291195517767,0.15727631646144352,0.4305555555555556,1.0,0.007603033879697185,0.03624962157412259,0.02192632772690989,0.08612223685977989,0,0,0.010963163863454944,0.043061118429889945,0,0,0,0
P01,V1_video2_pocaluz,poca_luz,1095,45.638591740013545,1,0.2825318997114801,0.29170296224721665,0.2733608371757435,0.15738501573179767,0.4305555555555556,1.0,0.011444176949406248,0.008485624364260813,0.00996490065683353,0.2061886731647747,0,0,0.004982450328416765,0.10309433658238736,0,0,0,0
P01,V1_video2_pocaluz,poca_luz,1096,45.68027081922817,1,0.28559025227620205,0.2953886237580395,0.27579188079436456,0.15706119189210896,0.4305555555555556,1.0,0.040777164292259194,0.026340001020136783,0.03355858265619799,0.11021187716076677,0,0,0.016779291328098994,0.05510593858038339,0,0,0,0
P01,V1_video2_pocaluz,poca_luz,1097,45.721949898442794,1,0.2858712526496391,0.29465957631072787,0.27708292898855025,0.15904382661850866,0.4305555555555556,1.0,0.0010414762468506922,0.14677072390151813,0.07390610007418441,0.24316563164894098,0,0,0.036953050037092205,0.12158281582447049,0,0,0,0
P01,V1_video2_pocaluz,poca_luz,1098,45.76362897765742,1,0.28288189334603764,0.29158992929508565,0.2741738573969897,0.15776750099649908,0.4305555555555556,1.0,0.021346238720944544,0.11838173754045711,0.06986398813070083,0.07808763900551119,0,0,0.034931994065350414,0.039043819502755595,0,0,0,0
P01,V1_video2_pocaluz,poca_luz,1099,45.80530805687204,1,0.28191230876593654,0.2898993306357748,0.27392528689609824,0.1582116216104573,0.4305555555555556,1.0,0.018508694034116147,0.05365124654690312,0.03607997029050963,0.12108558747746535,0,0,0.018039985145254817,0.06054279373873268,0,0,0,0
P01,V1_video2_pocaluz,poca_luz,1100,45.84698713608667,1,0.2844323958094531,0.2929692637885056,0.27589552783040067,0.1585019809392576,0.4305555555555556,1.0,0.0005913368268624097,0.023558197764980138,0.012074767295921274,0.13813694516041872,0,0,0.006037383647960637,0.06906847258020936,0,0,0,0
P01,V1_video2_pocaluz,poca_luz,1101,45.88866621530129,1,0.28943211210078357,0.2998388238457837,0.2790254003557834,0.1590561467446287,0.4305555555555556,1.0,0.002317495350300791,0.09497134154920583,0.04864441844975331,0.13850100112094485,0,0,0.024322209224876656,0.06925050056047242,0,0,0,0
P01,V1_video2_pocaluz,poca_luz,1102,45.93034529451592,1,0.2909604186858379,0.30155480984749844,0.2803660275241773,0.1592647827912159,0.4305555555555556,1.0,0.0003124307960421513,0.1395910435296691,0.06995173716285563,0.15127073130914298,0,0,0.034975868581427816,0.07563536565457149,0,0,0,0
P01,V1_video2_pocaluz,poca_luz,1103,45.97202437373054,1,0.29164246969359037,0.3030384072041024,0.2802465321830783,0.15892346900441823,0.4305555555555556,1.0,0.001768524248074721,0.130364961444826,0.06606674284645037,0.10142688190557285,0,0,0.03303337142322518,0.050713440952786425,0,0,0,0
P01,V1_video2_pocaluz,poca_luz,1104,46.01370345294516,1,0.2886799960260734,0.30069996363184487,0.276660028420302,0.15751346602388783,0.4305555555555556,1.0,0.1995794369096079,0.11183795045428868,0.15570869368194828,0.18388970028386448,0,0,0.07785434684097414,0.09194485014193224,0,0,0,0
P01,V1_video2_pocaluz,poca_luz,1105,46.05538253215978,1,0.2886907601384577,0.3011237467341023,0.27625777354281306,0.15722747255623273,0.4305555555555556,1.0,0.17657222990498533,0.2263486109152083,0.20146042041009682,0.2630264282057049,0,0,0.10073021020504841,0.13151321410285244,0,0,0,0
P01,V1_video2_pocaluz,poca_luz,1106,46.09706161137441,1,0.2859788334485077,0.2978054018708228,0.2741522650261927,0.1569506279567626,0.4305555555555556,1.0,0.028531441105982602,0.10113217799395957,0.06483180954997109,0.23817582729074857,0,0,0.03241590477498554,0.11908791364537429,0,0,0,0
P01,V1_video2_pocaluz,poca_luz,1107,46.13874069058903,1,0.28600873547200006,0.2984016468246964,0.27361582411930374,0.1562707908792876,0.4305555555555556,1.0,0.16220642733627644,0.06538995568145389,0.11379819150886517,0.22933356263116028,0,0,0.05689909575443258,0.11466678131558014,0,0,0,0
P01,V1_video2_pocaluz,poca_luz,1108,46.180419769803656,1,0.2861297358983066,0.29763075740561223,0.2746287143910009,0.15632399372848274,0.4305555555555556,1.0,0.011136964059514143,0.09311146462405984,0.05212421434178699,0.397487554964616,0,0,0.026062107170893495,0.198743777482308,0,0,0,0
P01,V1_video2_pocaluz,poca_luz,1109,46.22209884901828,1,0.28629656005361753,0.29855341486777326,0.2740397052394618,0.15608504289049976,0.4305555555555556,1.0,0.035886164137920784,0.11384253030182923,0.074864347219875,0.2665976570711358,0,0,0.0374321736099375,0.1332988285355679,0,0,0,0
P01,V1_video2_pocaluz,poca_luz,1110,46.263777928232905,1,0.2842055033123252,0.29611432625568834,0.2722966803689621,0.156431286174804,0.4305555555555556,1.0,0.03188149831069276,0.018936781722727725,0.02540914001671024,0.08940794740365048,0,0,0.01270457000835512,0.04470397370182524,0,0,0,0
P01,V1_video2_pocaluz,poca_luz,1111,46.30545700744753,1,0.28205497849196687,0.2943985480490967,0.269711408934837,0.15700753678601773,0.4305555555555556,1.0,0.008615951060190974,0.20938869912475777,0.10900232509247437,0.1599357842794279,0,0,0.054501162546237186,0.07996789213971395,0,0,0,0
P01,V1_video2_pocaluz,poca_luz,1112,46.347136086662154,1,0.28574491411059666,0.295698710405873,0.2757911178153204,0.16059374083167913,0.4305555555555556,1.0,0.011367425172646883,0.09682940815148111,0.054098416662064,0.23397836664185398,0,0,0.027049208331032,0.11698918332092699,0,0,0,0
P01,V1_video2_pocaluz,poca_luz,1113,46.38881516587678,1,0.2842898834630681,0.29847501721766845,0.27010474970846776,0.15978373374880991,0.4305555555555556,1.0,0.019482627984805267,0.02273658235593201,0.02110960517036864,0.14534983271852384,0,0,0.01055480258518432,0.07267491635926192,0,0,0,0
P01,V1_video2_pocaluz,poca_luz,1114,46.4304942450914,1,0.28505221992745694,0.2966771434988752,0.2734272963560387,0.17923781848803952,0.4305555555555556,1.0,0.03742098373171876,0.2439507365021263,0.14068586011692252,0.1549981086562776,0,1,0.07034293005846126,0.5774990543281389,0,1,0,0
P01,V1_video2_pocaluz,poca_luz,1115,46.47217332430603,1,0.293950810547316,0.3077850376253342,0.2801165834692978,0.18324711120997292,0.4305555555555556,1.0,0.004071518034978738,0.04373478322437152,0.02390315062967513,0.48834580822881923,0,1,0.011951575314837565,0.7441729041144096,0,1,0,1
P01,V1_video2_pocaluz,poca_luz,1116,46.51385240352065,1,0.2890957648526355,0.3031893385669805,0.2750021911382905,0.19265771551140998,0.4305555555555556,1.0,0.005268706029672887,0.14611595013321654,0.07569232808144472,0.5112398643570325,0,1,0.03784616404072236,0.7556199321785162,0,1,0,1
P01,V1_video2_pocaluz,poca_luz,1117,46.555531482735276,1,0.2811254296814043,0.2922964995199342,0.2699543598428744,0.20399285992823904,0.4305555555555556,1.0,0.000640402420544417,0.09467770179132673,0.04765905210593557,0.7393600337817609,0,1,0.023829526052967787,0.8696800168908805,0,1,0,1
P01,V1_video2_pocaluz,poca_luz,1118,46.5972105619499,1,0.2790079379660667,0.2906685624020348,0.26734731353009855,0.22005122442951702,0.4305555555555556,1.0,0.0007432469403271247,0.11275096429756715,0.056747105618947136,0.9540107842714715,0,1,0.028373552809473568,0.9770053921357358,0,1,0,1
P01,V1_video2_pocaluz,poca_luz,1119,46.638889641164525,1,0.27362571726792595,0.28711630445824665,0.2601351300776053,0.22728521302713445,0.4305555555555556,1.0,0.04869780728398221,0.05888369539710181,0.05379075134054201,0.8928923114141907,0,1,0.026895375670271005,0.9464461557070953,0,1,0,1
P01,V1_video2_pocaluz,poca_luz,1120,46.68056872037915,1,0.2692387714278879,0.2828140630164899,0.25566347983928583,0.23162739455601103,0.4305555555555556,1.0,0.021668434318422913,0.17029684337192041,0.09598263884517166,0.9106767244925159,0,1,0.04799131942258583,0.9553383622462579,0,1,0,1
P01,V1_video2_pocaluz,poca_luz,1121,46.722247799593774,1,0.2639416490097156,0.27444211297662013,0.2534411850428111,0.2370227517776352,0.4305555555555556,1.0,0.028631701649696084,0.055758849062205074,0.04219527535595058,0.9152011876543026,0,1,0.02109763767797529,0.9576005938271512,0,1,0,1
P01,V1_video2_pocaluz,poca_luz,1122,46.7639268788084,1,0.2629714671771873,0.273120266099493,0.25282266825488153,0.23758422740958418,0.4305555555555556,1.0,0.03366143989952852,0.12389354274393971,0.07877749132173412,0.8478048137823672,0,1,0.03938874566086706,0.9239024068911836,0,1,0,1
P01,V1_video2_pocaluz,poca_luz,1123,46.80560595802302,1,0.2542687311366302,0.26633330032905095,0.24220416194420946,0.2514164441045128,0.4305555555555556,1.0,0.08057365664210014,0.10648548703101823,0.09352957183655919,0.8775253403252387,0,1,0.046764785918279594,0.9387626701626193,0,1,0,1
P01,V1_video2_pocaluz,poca_luz,1124,46.84728503723765,1,0.24270881190329185,0.25624476436338106,0.22917285944320262,0.25352843451843765,0.4305555555555556,1.0,0.05324035139052896,0.1425847277134984,0.09791253955201368,0.8186979394484503,0,1,0.04895626977600684,0.9093489697242252,0,1,0,1
P01,V1_video2_pocaluz,poca_luz,1125,46.88896411645227,1,0.2368054952618681,0.25066721048343094,0.22294378004030524,0.2591479768640081,0.4305555555555556,1.0,0.022194191081948755,0.28295795649378896,0.15257607378786886,0.7098895150367448,0,1,0.07628803689393443,0.8549447575183724,0,1,0,1
P01,V1_video2_pocaluz,poca_luz,1126,46.930643195666896,1,0.23463314861923446,0.24779498692015575,0.22147131031831319,0.2662865302737756,0.4305555555555556,1.0,0.03546062728303978,0.33985190254492637,0.18765626491398307,0.7505257275424998,0,1,0.09382813245699154,0.8752628637712498,0,1,0,1
P01,V1_video2_pocaluz,poca_luz,1127,46.97232227488152,1,0.22981773700876826,0.2409604214120252,0.21867505260551132,0.27188231993704765,0.4305555555555556,1.0,0.04960959010622623,0.6266239090976702,0.3381167496019482,0.8824956747112813,0,1,0.1690583748009741,0.9412478373556407,0,1,0,1
P01,V1_video2_pocaluz,poca_luz,1128,47.014001354096145,1,0.21937804100448238,0.2280518928709727,0.21070418913799208,0.2737374893280356,0.4305555555555556,1.0,0.0798134211763426,0.2037297305103849,0.14177157584336375,0.9540370955374889,0,1,0.07088578792168188,0.9770185477687445,0,1,0,1
P01,V1_video2_pocaluz,poca_luz,1129,47.05568043331077,1,0.21031286336200217,0.2102391399086118,0.21038658681539255,0.26975857483669724,0.4305555555555556,1.0,0.08373383816020774,0.06426486186871738,0.07399935001446256,0.9670583763276788,0,1,0.03699967500723128,0.9835291881638394,0,1,0,1
P01,V1_video2_pocaluz,poca_luz,1130,47.097359512525394,1,0.20824508673592257,0.20946769194044731,0.20702248153139782,0.28391355231267856,0.4305555555555556,1.0,0.07461337214324237,0.1568260988186454,0.11571973548094389,0.9176529587042591,0,1,0.05785986774047194,0.9588264793521295,0,1,0,1
P01,V1_video2_pocaluz,poca_luz,1131,47.13903859174002,1,0.20185123126627164,0.20094246379132394,0.20275999874121936,0.2894404891439188,0.4305555555555556,1.0,0.05521347540925192,0.13420765151060532,0.09471056345992862,0.9558254974323322,0,1,0.04735528172996431,0.9779127487161661,0,1,0,1
P01,V1_video2_pocaluz,poca_luz,1132,47.18071767095464,1,0.20500862120582902,0.20559533454483783,0.2044219078668202,0.28964871679210935,0.42777777777777776,1.0,0.0039524063561034994,0.19934325159408073,0.10164782897509211,0.972878066443859,0,1,0.05082391448754606,0.9864390332219295,0,1,0,1
P01,V1_video2_pocaluz,poca_luz,1133,47.22239675016927,1,0.19180736792956302,0.19089613755529766,0.19271859830382837,0.2922855394937136,0.425,1.0,0.10836738463330797,0.10323032629628826,0.10579885546479811,0.9217647625916471,0,1,0.05289942773239906,0.9608823812958236,0,1,0,1
P01,V1_video2_pocaluz,poca_luz,1134,47.26407582938389,1,0.19740847375580967,0.19772536352227807,0.19709158398934126,0.3032575659409208,0.4222222222222222,1.0,0.07756670359419193,0.16800503840323555,0.12278587099871374,0.8586998539112528,0,1,0.06139293549935687,0.9293499269556265,0,1,0,1
P01,V1_video2_pocaluz,poca_luz,1135,47.305754908598516,1,0.19459126176433364,0.19479397509623195,0.19438854843243533,0.3070041714434378,0.41944444444444445,1.0,0.1185288013310003,0.40967034657921175,0.264099573955106,0.9014275350716202,0,1,0.132049786977553,0.9507137675358102,0,1,0,1
P01,V1_video2_pocaluz,poca_luz,1136,47.34743398781314,1,0.18971963626443927,0.1871819452786668,0.19225732725021177,0.3135514791569691,0.4166666666666667,1.0,0.08178372079030471,0.3281268423585283,0.2049552815744165,0.8452060188146695,0,1,0.10247764078720825,0.9226030094073348,0,1,0,1
P01,V1_video2_pocaluz,poca_luz,1137,47.389113067027765,1,0.1904163114767501,0.18826802970862327,0.19256459324487693,0.3178048621900541,0.41388888888888886,1.0,0.09685958306944431,0.21609147032785914,0.15647552669865172,0.9524933331961318,0,1,0.07823776334932586,0.9762466665980659,0,1,0,1
P01,V1_video2_pocaluz,poca_luz,1138,47.43079214624239,1,0.18388239819656496,0.18108442203896252,0.1866803743541674,0.32712164929655485,0.4111111111111111,1.0,0.15755516825004579,0.2515647152352495,0.20455994174264763,0.9207420508823988,0,1,0.10227997087132382,0.9603710254411995,0,1,0,1
P01,V1_video2_pocaluz,poca_luz,1139,47.472471225457014,1,0.18734759052445177,0.1854147763513437,0.18928040469755983,0.33509614646391717,0.4083333333333333,1.0,0.1260886804474386,0.45123136472137815,0.28866002258440837,0.9797484602295331,0,1,0.14433001129220419,0.9898742301147665,0,1,0,1
P01,V1_video2_pocaluz,poca_luz,1140,47.51415030467163,1,0.1759488932424365,0.1756658890295293,0.1762318974553437,0.34142126181265137,0.40555555555555556,1.0,0.08790768837960794,0.349688271131279,0.21879797975544346,0.9779817611272057,0,1,0.10939898987772173,0.9889908805636028,0,1,0,1
P01,V1_video2_pocaluz,poca_luz,1141,47.555829383886255,1,0.1545629386604272,0.14093864069344217,0.16818723662741222,0.3591189079106181,0.4027777777777778,1.0,0.062080614586665916,0.46050403771694237,0.26129232615180414,0.9801053211893782,0,1,0.13064616307590207,0.9900526605946891,0,1,0,1
P01,V1_video2_pocaluz,poca_luz,1142,47.59750846310088,1,0.14941247002515462,0.13303930911712236,0.16578563093318685,0.3703778884322641,0.4,1.0,0.11703840163184742,0.4226060260217225,0.26982221382678495,0.9863246471627181,0,1,0.13491110691339248,0.993162323581359,0,1,0,1
P01,V1_video2_pocaluz,poca_luz,1143,47.639187542315504,1,0.13714424294867394,0.1168148210849727,0.15747366481237518,0.3755870196345604,0.4,1.0,0.12841974677197954,0.37694950455224474,0.25268462566211214,0.9945432645428804,1,1,0.6263423128310561,0.9972716322714402,1,1,1,1
P01,V1_video2_pocaluz,poca_luz,1144,47.68086662153013,1,0.12955094521246313,0.0980443786870672,0.1610575117378591,0.37481230312628183,0.4,1.0,0.08819708112269442,0.24108696575325417,0.1646420234379743,0.9957520096619604,1,1,0.5823210117189872,0.9978760048309803,1,1,1,1
P01,V1_video2_pocaluz,poca_luz,1145,47.72254570074475,1,0.12145697657536605,0.09194701960408785,0.15096693354664426,0.37487866555319593,0.4,1.0,0.09397844512324216,0.529024680310606,0.3115015627169241,0.9926751483974796,1,1,0.655750781358462,0.9963375741987398,1,1,1,1
P01,V1_video2_pocaluz,poca_luz,1146,47.76422477995938,1,0.12550814523221737,0.10939784251416675,0.141618447950268,0.3886134380578128,0.4,1.0,0.09818769735875299,0.2225777518650276,0.1603827246118903,0.9935048415182103,1,1,0.5801913623059451,0.9967524207591052,1,1,1,1
P01,V1_video2_pocaluz,poca_luz,1147,47.805903859174,1,0.11704545897608942,0.09820629947929567,0.1358846184728832,0.38913168288762445,0.4,1.0,0.04605736111006431,0.29419821390907674,0.17012778750957053,0.995115540016429,1,1,0.5850638937547853,0.9975577700082146,1,1,1,1
P01,V1_video2_pocaluz,poca_luz,1148,47.847582938388626,1,0.10611261846922784,0.08079776218832897,0.13142747475012673,0.3908925949165634,0.4,1.0,0.26383017103361595,0.21685343558379422,0.24034180330870508,0.9949708703633221,1,1,0.6201709016543525,0.9974854351816611,1,1,1,1
P01,V1_video2_pocaluz,poca_luz,1149,47.88926201760325,1,0.11719321855851167,0.09064829790516588,0.14373813921185746,0.3840050029710304,0.4,1.0,0.19093062967970453,0.1958460816690668,0.19338835567438567,0.9978644384042706,1,1,0.5966941778371928,0.9989322192021353,1,1,1,1
P01,V1_video2_pocaluz,poca_luz,1150,47.930941096817875,1,0.13007283332994682,0.1096607865037968,0.15048488015609682,0.3941779164354508,0.4,1.0,0.10248647806743016,0.28766016446452647,0.19507332126597832,0.9969825426430814,1,1,0.5975366606329892,0.9984912713215407,1,1,1,1
P01,V1_video2_pocaluz,poca_luz,1151,47.9726201760325,1,0.11677937275002198,0.09817245124819995,0.135386294251844,0.39743943835757223,0.4,1.0,0.12023123671056302,0.27424112451284877,0.1972361806117059,0.9798092483054479,1,1,0.5986180903058529,0.989904624152724,1,1,1,1
P01,V1_video2_pocaluz,poca_luz,1152,48.014299255247124,1,0.09222650645793891,0.06646833368946332,0.1179846792264145,0.40179721207983343,0.4,1.0,0.12427381547807725,0.28915041351056625,0.20671211449432175,0.9942515089464194,1,1,0.6033560572471609,0.9971257544732097,1,1,1,1
P01,V1_video2_pocaluz,poca_luz,1153,48.05597833446175,1,0.08441048384476814,0.0603185272140661,0.10850244047547017,0.40082430032573174,0.4,1.0,0.11452271155975757,0.2574235240877687,0.18597311782376313,0.9946880769988953,1,1,0.5929865589118816,0.9973440384994476,1,1,1,1
P01,V1_video2_pocaluz,poca_luz,1154,48.09765741367637,1,0.09072054892583072,0.06953532537750558,0.11190577247415585,0.4021982079963125,0.4,1.0,0.09204007246456247,0.2675039486478742,0.17977201055621833,0.9935851801056594,1,1,0.5898860052781092,0.9967925900528297,1,1,1,1
P01,V1_video2_pocaluz,poca_luz,1155,48.139336492891,1,0.09639031091913025,0.07304412946046393,0.11973649237779656,0.3970529256259839,0.4,1.0,0.07263200091476874,0.24226048590786609,0.1574462434113174,0.9931491306600613,1,1,0.5787231217056588,0.9965745653300306,1,1,0,1
P01,V1_video2_pocaluz,poca_luz,1156,48.18101557210562,1,0.08674979847808405,0.06341597701569554,0.11008361994047255,0.39669896471099136,0.4,1.0,0.04676849693339713,0.34991073278367324,0.19833961485853518,0.9939936092260327,1,1,0.5991698074292676,0.9969968046130164,1,1,1,1
P01,V1_video2_pocaluz,poca_luz,1157,48.222694651320246,1,0.09281340711980035,0.06764261671850151,0.11798419752109919,0.40202036141738107,0.4,1.0,0.2636663710468843,0.3789140415451112,0.32129020629599775,0.9946100131566779,1,1,0.6606451031479988,0.9973050065783389,1,1,1,1
P01,V1_video2_pocaluz,poca_luz,1158,48.26437373053487,1,0.08231402159352039,0.05587544029538062,0.10875260289166014,0.4060232325687656,0.4,1.0,0.16312423452775748,0.29726245039648336,0.23019334246212042,0.9958226960660114,1,1,0.6150966712310602,0.9979113480330057,1,1,1,1
P01,V1_video2_pocaluz,poca_luz,1159,48.306052809749495,1,0.07872396866705601,0.04781169267409191,0.10963624466002012,0.4011325176308109,0.4,1.0,0.2958201937902063,0.3690294230745299,0.3324248084323681,0.9963647525393503,1,1,0.6662124042161841,0.9981823762696751,1,1,1,1
P01,V1_video2_pocaluz,poca_luz,1160,48.34773188896412,1,0.09537981202178875,0.06377132990522338,0.1269882941383541,0.3995215089057047,0.4,1.0,0.21135714411435114,0.17638092732030242,0.19386903571732678,0.9988540910381164,1,1,0.5969345178586634,0.9994270455190581,1,1,1,1
P01,V1_video2_pocaluz,poca_luz,1161,48.389410968178744,1,0.10515076233010937,0.07953274377493703,0.13076878088528168,0.3939802381585134,0.4,1.0,0.08379262931011833,0.24220057449998977,0.16299660190505405,0.9977052213475611,1,1,0.581498300952527,0.9988526106737805,1,1,1,1
P01,V1_video2_pocaluz,poca_luz,1162,48.43109004739337,1,0.10740977880239408,0.08358004230865305,0.1312395152961351,0.39834656492161663,0.4,1.0,0.11038079817787472,0.2103700643226334,0.16037543125025405,0.9922221652707968,1,1,0.580187715625127,0.9961110826353984,1,1,1,1
P01,V1_video2_pocaluz,poca_luz,1163,48.47276912660799,1,0.07484246110000753,0.04415435219234577,0.1055305700076693,0.40431220047906213,0.4,1.0,0.11489028493906717,0.2009785991286941,0.15793444203388063,0.9945031452082078,1,1,0.5789672210169403,0.9972515726041039,1,1,0,1
P01,V1_video2_pocaluz,poca_luz,1164,48.51444820582262,1,0.07948693988080838,0.05832923501856233,0.10064464474305441,0.40245620889748646,0.4,1.0,0.11569981940289942,0.3324534617540802,0.2240766405784898,0.9966962795251673,1,1,0.6120383202892449,0.9983481397625836,1,1,1,1
P01,V1_video2_pocaluz,poca_luz,1165,48.55612728503724,1,0.07186004565330335,0.048500405616559016,0.09521968569004768,0.39681062243254756,0.4,1.0,0.22511426385376143,0.39728443527027235,0.3111993495620169,0.998448654509711,1,1,0.6555996747810084,0.9992243272548555,1,1,1,1
P01,V1_video2_pocaluz,poca_luz,1166,48.597806364251866,1,0.0733762179612383,0.04196486233663628,0.10478757358584033,0.3922429525074984,0.4,1.0,0.21301625634139976,0.3916404342545876,0.3023283452979937,0.9995962602703501,1,1,0.6511641726489968,0.999798130135175,1,1,1,1
P01,V1_video2_pocaluz,poca_luz,1167,48.63948544346649,1,0.0722465544371026,0.03866145711210873,0.10583165176209645,0.3831051594070601,0.4,1.0,0.17611282042574672,0.3875699115602079,0.2818413659929773,0.9988312492552592,1,1,0.6409206829964886,0.9994156246276296,1,1,1,1
P01,V1_video2_pocaluz,poca_luz,1168,48.681164522681115,1,0.07471317040649364,0.04171221910796502,0.10771412170502224,0.3790560966276134,0.4,1.0,0.16449103431587497,0.1704807889173049,0.16748591161658993,0.9994020200938087,1,1,0.5837429558082949,0.9997010100469044,1,1,1,1
P01,V1_video2_pocaluz,poca_luz,1169,48.72284360189574,1,0.07468403933461773,0.039844585379423855,0.10952349328981162,0.3804729238853356,0.4,1.0,0.2812239796576046,0.15767924312803971,0.21945161139282215,0.9983113645697518,1,1,0.6097258056964111,0.999155682284876,1,1,1,1
P01,V1_video2_pocaluz,poca_luz,1170,48.764522681110364,1,0.06782510857977436,0.03265820688554628,0.10299201027400245,0.3829892098516447,0.4,1.0,0.22786892240976186,0.2681974958196123,0.24803320911468707,0.9988683563168578,1,1,0.6240166045573435,0.9994341781584288,1,1,1,1
P01,V1_video2_pocaluz,poca_luz,1171,48.80620176032499,1,0.0731480620703012,0.04322433245506202,0.10307179168554038,0.38025230071451444,0.4,1.0,0.20106696030133353,0.20044684533803114,0.20075690281968234,0.9996904112305799,1,1,0.6003784514098411,0.99984520561529,1,1,1,1
P01,V1_video2_pocaluz,poca_luz,1172,48.84788083953961,1,0.11589557665575388,0.0902509444699181,0.14154020884158966,0.38178984663928583,0.4,1.0,0.134700021244197,0.1684614651736912,0.1515807432089441,0.9991596101060694,1,1,0.5757903716044721,0.9995798050530347,1,1,0,1
P01,V1_video2_pocaluz,poca_luz,1173,48.88955991875424,1,0.13721207160199195,0.1141962801533227,0.16022786305066117,0.3763648745843632,0.4,1.0,0.047362440284939744,0.18116175063863904,0.11426209546178939,0.9976505009180986,1,1,0.5571310477308947,0.9988252504590494,1,1,0,1
P01,V1_video2_pocaluz,poca_luz,1174,48.93123899796886,1,0.15404933285989947,0.1375184255969472,0.1705802401228517,0.37761035454800745,0.3972222222222222,1.0,0.08173618015234074,0.19971803267912114,0.14072710641573094,0.9981264673774257,0,1,0.07036355320786547,0.9990632336887129,0,1,0,1
P01,V1_video2_pocaluz,poca_luz,1175,48.972918077183486,1,0.1752521994920037,0.17006740116816585,0.18043699781584155,0.3770287259782675,0.39444444444444443,1.0,0.14901503672767757,0.18226483307329022,0.1656399349004839,0.998034416451311,0,1,0.08281996745024195,0.9990172082256554,0,1,0,1
P01,V1_video2_pocaluz,poca_luz,1176,49.0145971563981,1,0.1949152872146654,0.19708859769467182,0.19274197673465895,0.3630580623226968,0.39166666666666666,1.0,0.04633328560901728,0.1713477659584487,0.10884052578373299,0.9978821733889974,0,1,0.054420262891866494,0.9989410866944988,0,1,0,1
P01,V1_video2_pocaluz,poca_luz,1177,49.05627623561273,1,0.19631003883593218,0.20248733819733838,0.19013273947452597,0.36358089839682084,0.3888888888888889,1.0,0.1297844293402357,0.26840755866558175,0.19909599400290873,0.9959897295903818,0,1,0.09954799700145436,0.9979948647951908,0,1,0,1
P01,V1_video2_pocaluz,poca_luz,1178,49.09795531482735,1,0.19223331117635503,0.1953981574868046,0.18906846486590545,0.36132290047512006,0.3861111111111111,1.0,0.10845267378533086,0.17240316297764569,0.14042791838148827,0.9963692868627734,0,1,0.07021395919074414,0.9981846434313867,0,1,0,1
P01,V1_video2_pocaluz,poca_luz,1179,49.13963439404198,1,0.19550268297927662,0.1999272168819562,0.19107814907659704,0.3631654714469934,0.38333333333333336,1.0,0.20691499934663848,0.14293217087791132,0.1749235851122749,0.9954386324164395,0,1,0.08746179255613745,0.9977193162082197,0,1,0,1
P01,V1_video2_pocaluz,poca_luz,1180,49.1813134732566,1,0.19780109903287513,0.20267944599497592,0.1929227520707743,0.3607415457346335,0.38055555555555554,1.0,0.2669266881769241,0.14763818144070417,0.20728243480881414,0.994776691480856,0,1,0.10364121740440707,0.997388345740428,0,1,0,1
P01,V1_video2_pocaluz,poca_luz,1181,49.222992552471226,1,0.17432031759644312,0.17437149239546462,0.17426914279742164,0.3548276942512671,0.37777777777777777,1.0,0.23766944324966466,0.3428089349882769,0.2902391891189708,0.984943757552648,0,1,0.1451195945594854,0.992471878776324,0,1,0,1
P01,V1_video2_pocaluz,poca_luz,1182,49.26467163168585,1,0.030335036915401088,0.02176547259685046,0.038904601233951716,0.3486322582993652,0.37777777777777777,1.0,0.37494004097118794,0.19118636044830273,0.28306320070974533,0.9870773983122,1,1,0.6415316003548727,0.9935386991560999,1,1,1,1
P01,V1_video2_pocaluz,poca_luz,1183,49.306350710900475,1,0.02255511494903612,0.016026872092276902,0.029083357805795344,0.34256972862572854,0.37777777777777777,1.0,0.20988575103868856,0.12327547264040661,0.1665806118395476,0.9939281436169001,1,1,0.5832903059197738,0.99696407180845,1,1,1,1
P01,V1_video2_pocaluz,poca_luz,1184,49.3480297901151,1,0.042311183198499164,0.03550188744271367,0.04912047895428466,0.3325762324754962,0.37777777777777777,1.0,0.2065309209820425,0.12735718075366786,0.1669440508678552,0.9908806125026711,1,1,0.5834720254339276,0.9954403062513355,1,1,1,1
P01,V1_video2_pocaluz,poca_luz,1185,49.38970886932972,1,0.08436845283697897,0.07976999184253111,0.08896691383142681,0.3258531637127819,0.37777777777777777,1.0,0.13265154113776256,0.134549822454751,0.13360068179625678,0.9956184913217236,1,1,0.5668003408981284,0.9978092456608618,1,1,0,1
P01,V1_video2_pocaluz,poca_luz,1186,49.43138794854435,1,0.11298265212695384,0.10778960279787567,0.11817570145603201,0.3037925578285362,0.37777777777777777,1.0,0.12464485265977021,0.10851283334013806,0.11657884299995414,0.9866729400349095,1,1,0.5582894214999771,0.9933364700174547,1,1,0,1
P01,V1_video2_pocaluz,poca_luz,1187,49.47306702775897,1,0.14432516773470094,0.13185159939735858,0.15679873607204334,0.2875182461031353,0.375,1.0,0.14451597099887237,0.2560125435980921,0.20026425729848224,0.8928305726111074,0,1,0.10013212864924112,0.9464152863055537,0,1,0,1
P01,V1_video2_pocaluz,poca_luz,1188,49.5147461069736,1,0.18738821849443008,0.1904653192955891,0.18431111769327105,0.2789261036598542,0.37222222222222223,1.0,0.13484365823434563,0.31986731028073523,0.22735548425754043,0.8116983968086352,0,1,0.11367774212877022,0.9058491984043175,0,1,0,1
P01,V1_video2_pocaluz,poca_luz,1189,49.55642518618822,1,0.1918656771614198,0.1938110239731328,0.18992033034970682,0.271643031445273,0.36944444444444446,1.0,0.3023088322475932,0.14303121080395764,0.22267002152577542,0.9037330096748964,0,1,0.11133501076288771,0.9518665048374482,0,1,0,1
P01,V1_video2_pocaluz,poca_luz,1190,49.598104265402846,1,0.20256994594762517,0.20520465384823455,0.1999352380470158,0.27281184359355304,0.36666666666666664,1.0,0.07643891657447732,0.23393516700047068,0.155187041787474,0.8709377089422536,0,1,0.077593520893737,0.9354688544711268,0,1,0,1
P01,V1_video2_pocaluz,poca_luz,1191,49.63978334461747,1,0.20764711665075974,0.21620565860548327,0.19908857469603625,0.2759399995371988,0.3638888888888889,1.0,0.02388367128208313,0.3032759298831079,0.16357980058259552,0.8532778616067914,0,1,0.08178990029129776,0.9266389308033958,0,1,0,1
P01,V1_video2_pocaluz,poca_luz,1192,49.681462423832095,1,0.213232139010607,0.22157829393937317,0.2048859840818408,0.2689890225285045,0.3611111111111111,1.0,0.2737347348253799,0.33639791131737984,0.3050663230713799,0.8020513019010107,0,1,0.15253316153568994,0.9010256509505054,0,1,0,1
P01,V1_video2_pocaluz,poca_luz,1193,49.72314150304672,1,0.22152083121560862,0.23105274948232624,0.21198891294889097,0.2599878945049801,0.35833333333333334,1.0,0.09734591283380511,0.14204721652058738,0.11969656467719625,0.8191965290898636,0,1,0.059848282338598124,0.9095982645449319,0,1,0,1
P01,V1_video2_pocaluz,poca_luz,1194,49.76482058226134,1,0.22275136035007537,0.23041391938737218,0.21508880131277852,0.25515123175730675,0.35555555555555557,1.0,0.2990384555480322,0.2876755295370994,0.2933569925425658,0.7890129834169962,0,1,0.1466784962712829,0.8945064917084982,0,1,0,1
P01,V1_video2_pocaluz,poca_luz,1195,49.80649966147597,1,0.200773713924365,0.20785770913932036,0.1936897187094096,0.2515184546540398,0.3527777777777778,1.0,0.07038171295367046,0.33061953904233976,0.2005006259980051,0.8282723462045177,0,1,0.10025031299900256,0.9141361731022588,0,1,0,1
P01,V1_video2_pocaluz,poca_luz,1196,49.84817874069059,1,0.029307753806370403,0.019395746188077684,0.03921976142466312,0.24552131769876165,0.3527777777777778,1.0,0.3133634889991612,0.3607676085004786,0.3370655487498199,0.7008380766748188,1,1,0.66853277437491,0.8504190383374094,1,1,1,1
P01,V1_video2_pocaluz,poca_luz,1197,49.88985781990522,1,0.02475014165658915,0.015248433198973186,0.03425185011420512,0.24886934105441652,0.3527777777777778,1.0,0.145537958036016,0.3002300275024662,0.2228839927692411,0.5761191040624759,1,1,0.6114419963846205,0.7880595520312379,1,1,1,1
P01,V1_video2_pocaluz,poca_luz,1198,49.93153689911984,1,0.03937945206916456,0.028398028762584206,0.05036087537574491,0.24774140072971862,0.3527777777777778,1.0,0.3882785255014748,0.15733671488566892,0.27280762019357185,0.6729861281705256,1,1,0.6364038100967859,0.8364930640852628,1,1,1,1
P01,V1_video2_pocaluz,poca_luz,1199,49.973215978334466,1,0.06891179434660252,0.05931800600724878,0.07850558268595625,0.2347958518872117,0.3527777777777778,1.0,0.21185895025816248,0.27283846762379305,0.24234870894097776,0.4827458292361232,1,1,0.6211743544704889,0.7413729146180617,1,1,1,1
P01,V1_video2_pocaluz,poca_luz,1200,50.01489505754909,1,0.18227706735882054,0.18826026497307655,0.1762938697445645,0.22454358026722518,0.3527777777777778,1.0,0.07097654628023176,0.2560455365310964,0.16351104140566408,0.7036855854580517,0,1,0.08175552070283204,0.8518427927290259,0,1,0,1
P01,V1_video2_pocaluz,poca_luz,1201,50.056574136763714,1,0.2044152565084105,0.2089085445052443,0.1999219685115767,0.22668796195134483,0.3527777777777778,1.0,0.17558916412628034,0.22527735628430623,0.20043326020529328,0.6982733343304063,0,1,0.10021663010264664,0.8491366671652032,0,1,0,1
P01,V1_video2_pocaluz,poca_luz,1202,50.09825321597834,1,0.22278819460776184,0.2303573734229422,0.2152190157925815,0.22533377463356657,0.3527777777777778,1.0,0.05348620242639179,0.422084748645589,0.2377854755359904,0.6035861915234895,0,1,0.1188927377679952,0.8017930957617447,0,1,0,1
P01,V1_video2_pocaluz,poca_luz,1203,50.13993229519296,1,0.23009404076963086,0.24340113706097707,0.21678694447828467,0.2208079004413264,0.3527777777777778,1.0,0.0998104918855297,0.18783807689859833,0.14382428439206402,0.7620412296237529,0,1,0.07191214219603201,0.8810206148118764,0,1,0,1
P01,V1_video2_pocaluz,poca_luz,1204,50.18161137440759,1,0.24086325862466634,0.2565754695865563,0.22515104766277635,0.22278615866796542,0.3527777777777778,1.0,0.29670999827644706,0.11695679971606054,0.2068333989962538,0.6799278522670095,0,1,0.1034166994981269,0.8399639261335048,0,1,0,1
P01,V1_video2_pocaluz,poca_luz,1205,50.22329045362221,1,0.24440100014879712,0.25817109635264635,0.23063090394494787,0.21973955180168228,0.3527777777777778,1.0,0.48065252389798596,0.29320574457704307,0.3869291342375145,0.4796465442414062,0,1,0.19346456711875726,0.7398232721207031,0,1,0,1
P01,V1_video2_pocaluz,poca_luz,1206,50.26496953283684,1,0.24800249990316825,0.2640380458513827,0.23196695395495381,0.21415637569834664,0.3527777777777778,1.0,0.0673571586106747,0.3037097944550776,0.18553347653287616,0.45971222241114057,0,1,0.09276673826643808,0.7298561112055703,0,1,0,1
P01,V1_video2_pocaluz,poca_luz,1207,50.30664861205146,1,0.25051456908968817,0.26568348174116824,0.23534565643820804,0.21077493237692294,0.3527777777777778,1.0,0.4013276688146733,0.09765225042575076,0.24948995962021203,0.4258685973697728,0,1,0.12474497981010602,0.7129342986848863,0,1,0,1
P01,V1_video2_pocaluz,poca_luz,1208,50.348327691266086,1,0.2554800423373898,0.2697942582628449,0.24116582641193465,0.20813848469632368,0.3527777777777778,1.0,0.15347289668516084,0.44163350045249394,0.2975531985688274,0.24101076629135176,0,1,0.1487765992844137,0.6205053831456759,0,1,0,1
P01,V1_video2_pocaluz,poca_luz,1209,50.39000677048071,1,0.2540468822533998,0.26907387430160457,0.23901989020519504,0.20449992980568948,0.3527777777777778,1.0,0.25282428806400736,0.1851499445936896,0.21898711632884849,0.36681136156438093,0,1,0.10949355816442424,0.6834056807821904,0,1,0,1
P01,V1_video2_pocaluz,poca_luz,1210,50.431685849695334,1,0.25459127216834965,0.26963545922804383,0.2395470851086555,0.2017355103997734,0.3527777777777778,1.0,0.37737007490230534,0.4741094321394148,0.4257397535208601,0.27249061965246235,0,1,0.21286987676043004,0.6362453098262312,0,1,0,1
P01,V1_video2_pocaluz,poca_luz,1211,50.47336492890996,1,0.25976745108745686,0.2750911460355108,0.2444437561394029,0.20187625322272248,0.3527777777777778,1.0,0.0889215301027042,0.43455568548308,0.2617386077928921,0.35948769611487913,0,1,0.13086930389644605,0.6797438480574396,0,1,0,1
P01,V1_video2_pocaluz,poca_luz,1212,50.51504400812458,1,0.2615669512427207,0.27696565613643037,0.24616824634901105,0.1994822922691235,0.3527777777777778,1.0,0.032711118057436206,0.13789709704257713,0.08530410755000667,0.4938225127116155,0,1,0.042652053775003335,0.7469112563558078,0,1,0,1
P01,V1_video2_pocaluz,poca_luz,1213,50.5567230873392,1,0.26537468171525685,0.27862632778940133,0.2521230356411124,0.19725761073901357,0.3527777777777778,1.0,0.053346362708190265,0.2983234031683776,0.17583488293828392,0.8069524743261275,0,1,0.08791744146914196,0.9034762371630638,0,1,0,1
P01,V1_video2_pocaluz,poca_luz,1214,50.598402166553825,1,0.26423606444944087,0.27963798532890405,0.24883414356997768,0.18859787930345925,0.3527777777777778,1.0,0.048247313751309084,0.4431266604951407,0.2456869871232249,0.498002966309404,0,1,0.12284349356161245,0.749001483154702,0,1,0,1
P01,V1_video2_pocaluz,poca_luz,1215,50.64008124576845,1,0.26278333056585357,0.27836703234946414,0.247199628782243,0.1831524697199026,0.3527777777777778,1.0,0.10551784529976482,0.1934708944530752,0.14949436987642,0.2023659435731924,0,1,0.07474718493821,0.6011829717865962,0,1,0,1
P01,V1_video2_pocaluz,poca_luz,1216,50.681760324983074,1,0.26481269069351954,0.28059761557516105,0.24902776581187805,0.18291203222702246,0.3527777777777778,1.0,0.09912700802380903,0.16562114983882836,0.1323740789313187,0.2048314540008577,0,1,0.06618703946565935,0.6024157270004289,0,1,0,1
P01,V1_video2_pocaluz,poca_luz,1217,50.7234394041977,1,0.2639091613807217,0.2779707809558913,0.24984754180555208,0.1840814287275385,0.3527777777777778,1.0,0.16482721822531776,0.058556739110500855,0.11169197866790931,0.25730964788066657,0,1,0.055845989333954654,0.6286548239403333,0,1,0,1
P01,V1_video2_pocaluz,poca_luz,1218,50.76511848341232,1,0.2654436477522647,0.2797637461893507,0.2511235493151787,0.17534594529534378,0.3527777777777778,1.0,0.18634880950876231,0.07394467920161463,0.13014674435518847,0.29132178551064764,0,1,0.06507337217759424,0.6456608927553238,0,1,0,1
P01,V1_video2_pocaluz,poca_luz,1219,50.80679756262695,1,0.2620350925174492,0.281243841543487,0.24282634349141144,0.16067064781337426,0.3527777777777778,1.0,0.4905586476723528,0.19061861696124938,0.3405886323168011,0.05735994119121751,0,0,0.17029431615840054,0.028679970595608756,0,0,0,0
P01,V1_video2_pocaluz,poca_luz,1220,50.84847664184157,1,0.26001356642747775,0.278843581357545,0.2411835514974105,0.16110159669540128,0.3527777777777778,1.0,0.06893912604855201,0.13346976386254306,0.10120444495554753,0.0915480318364853,0,0,0.05060222247777377,0.04577401591824265,0,0,0,0
P01,V1_video2_pocaluz,poca_luz,1221,50.890155721056196,1,0.26041175343144796,0.2766975045239803,0.24412600233891568,0.1615819787092178,0.3527777777777778,1.0,0.06239186015432274,0.1982212260547831,0.13030654310455292,0.06765776335614714,0,0,0.06515327155227646,0.03382888167807357,0,0,0,0
P01,V1_video2_pocaluz,poca_luz,1222,50.93183480027082,1,0.26019427579160825,0.27758347784987464,0.24280507373334187,0.16128392590112128,0.3527777777777778,1.0,0.032362903154415035,0.21102684814909556,0.1216948756517553,0.1873805470103557,0,0,0.06084743782587765,0.09369027350517785,0,0,0,0
P01,V1_video2_pocaluz,poca_luz,1223,50.973513879485445,1,0.2546979679598092,0.272178648033878,0.23721728788574045,0.15822719093391022,0.3527777777777778,1.0,0.2708266708722342,0.1928437412249805,0.23183520604860736,0.1940760276913236,0,0,0.11591760302430368,0.0970380138456618,0,0,0,0
P01,V1_video2_pocaluz,poca_luz,1224,51.01519295870007,1,0.26730813507174866,0.2861814512967761,0.24843481884672128,0.16018444712727306,0.3527777777777778,1.0,0.028463348437143376,0.3401274025327796,0.1842953754849615,0.07602495348586573,0,0,0.09214768774248075,0.038012476742932864,0,0,0,0
P01,V1_video2_pocaluz,poca_luz,1225,51.056872037914694,1,0.2662197105920044,0.28525533840050976,0.24718408278349904,0.15946094613090417,0.3527777777777778,1.0,0.0047201587757741414,0.40553661530388063,0.2051283870398274,0.08626162989647408,0,0,0.1025641935199137,0.04313081494823704,0,0,0,0
P01,V1_video2_pocaluz,poca_luz,1226,51.09855111712932,1,0.265339881026844,0.2838442323449434,0.24683552970874473,0.1595486493337998,0.3527777777777778,1.0,0.03788406588053295,0.16594966407062195,0.10191686497557745,0.09468060371057964,0,0,0.050958432487788724,0.04734030185528982,0,0,0,0
P01,V1_video2_pocaluz,poca_luz,1227,51.14023019634394,1,0.2633008369882758,0.2819846421076182,0.2446170318689333,0.15935162379022463,0.3527777777777778,1.0,0.020810722373283075,0.20442418797013984,0.11261745517171146,0.10978846805948717,0,0,0.05630872758585573,0.05489423402974358,0,0,0,0
P01,V1_video2_pocaluz,poca_luz,1228,51.18190927555857,1,0.26422782053945326,0.28232202621553926,0.2461336148633672,0.15856032149473406,0.3527777777777778,1.0,0.009352408376054555,0.25614303297284635,0.13274772067445045,0.04954920419879329,0,0,0.06637386033722523,0.024774602099396643,0,0,0,0
P01,V1_video2_pocaluz,poca_luz,1229,51.22358835477319,1,0.2642029055155208,0.2823845686153208,0.2460212424157208,0.15859330417814388,0.3527777777777778,1.0,0.00960650292426013,0.2909028227316319,0.15025466282794603,0.03697643385341073,0,0,0.07512733141397301,0.018488216926705364,0,0,0,0
P01,V1_video2_pocaluz,poca_luz,1230,51.265267433987816,1,0.26579801003340686,0.28396515955207463,0.24763086051473912,0.1581721846437565,0.3527777777777778,1.0,0.002610019663800145,0.24890943664210796,0.12575972815295405,0.12254024645625934,0,0,0.06287986407647703,0.06127012322812967,0,0,0,0
P01,V1_video2_pocaluz,poca_luz,1231,51.30694651320244,1,0.2637191587266521,0.28148610378979505,0.24595221366350917,0.15796777030678535,0.3527777777777778,1.0,0.06850427377616009,0.0806003132501506,0.07455229351315534,0.06516906136452465,0,0,0.03727614675657767,0.03258453068226232,0,0,0,0
P01,V1_video2_pocaluz,poca_luz,1232,51.348625592417065,1,0.26840362934174694,0.28714977066538816,0.2496574880181057,0.1581392706097109,0.3527777777777778,1.0,0.008348736743125751,0.1784075751754457,0.09337815595928572,0.1246901362035431,0,0,0.04668907797964286,0.06234506810177155,0,0,0,0
P01,V1_video2_pocaluz,poca_luz,1233,51.39030467163169,1,0.2655890839317766,0.2846101562983718,0.24656801156518146,0.1583419261573258,0.3527777777777778,1.0,0.05957654784995969,0.2104067803067321,0.1349916640783459,0.04648034240573636,0,0,0.06749583203917295,0.02324017120286818,0,0,0,0
P01,V1_video2_pocaluz,poca_luz,1234,51.431983750846314,1,0.2660643692760617,0.28467687641393713,0.2474518621381863,0.15841574986802315,0.3527777777777778,1.0,0.008504818849177087,0.2837371501914291,0.1461209845203031,0.0803372619557535,0,0,0.07306049226015154,0.04016863097787675,0,0,0,0
P01,V1_video2_pocaluz,poca_luz,1235,51.47366283006094,1,0.2685237103004505,0.2868913755959686,0.2501560450049324,0.15882704644797319,0.3527777777777778,1.0,0.025018023380480314,0.08467906252548796,0.054848542952984136,0.15998710788328682,0,0,0.027424271476492068,0.07999355394164341,0,0,0,0
P01,V1_video2_pocaluz,poca_luz,1236,51.51534190927556,1,0.27044953826680174,0.29070950636918647,0.25018957016441695,0.15780733387163365,0.3527777777777778,1.0,0.018833583673024012,0.08980892579135824,0.05432125473219113,0.11072171508393257,0,0,0.027160627366095563,0.055360857541966284,0,0,0,0
P01,V1_video2_pocaluz,poca_luz,1237,51.55702098849019,1,0.26721028046831585,0.28735568010251117,0.2470648808341205,0.1585714156127403,0.3527777777777778,1.0,0.015164083207222956,0.19834332266238242,0.10675370293480269,0.12272638096606633,0,0,0.05337685146740134,0.06136319048303317,0,0,0,0
P01,V1_video2_pocaluz,poca_luz,1238,51.59870006770481,1,0.26981769577139925,0.2901875395834575,0.24944785195934097,0.1586464394707418,0.3527777777777778,1.0,0.007827400977126753,0.25633255407013467,0.1320799775236307,0.10197887452994925,0,0,0.06603998876181535,0.050989437264974624,0,0,0,0
P01,V1_video2_pocaluz,poca_luz,1239,51.640379146919436,1,0.26975972914922763,0.2903011938641312,0.24921826443432402,0.15806473559497355,0.3527777777777778,1.0,0.001845184276495826,0.40533300436445274,0.20358909432047428,0.0871419354135507,0,0,0.10179454716023714,0.04357096770677535,0,0,0,0
P01,V1_video2_pocaluz,poca_luz,1240,51.68205822613406,1,0.2708286205735647,0.2910640575329097,0.2505931836142197,0.1587111260456522,0.3527777777777778,1.0,0.027861937643869905,0.297894078419468,0.16287800803166896,0.09395654316417053,0,0,0.08143900401583448,0.046978271582085264,0,0,0,0
P01,V1_video2_pocaluz,poca_luz,1241,51.723737305348685,1,0.27041797607402096,0.2900837507695697,0.2507522013784722,0.158985260546673,0.3527777777777778,1.0,0.028026401136445722,0.16816009466354964,0.09809324789999768,0.07080255430475961,0,0,0.04904662394999884,0.035401277152379805,0,0,0,0
P01,V1_video2_pocaluz,poca_luz,1242,51.76541638456331,1,0.2720463911062124,0.2926069582704717,0.25148582394195323,0.15847891419777543,0.3527777777777778,1.0,0.03783843458804004,0.1368620534626115,0.08735024402532576,0.1610834821819143,0,0,0.04367512201266288,0.08054174109095714,0,0,0,0
P01,V1_video2_pocaluz,poca_luz,1243,51.807095463777934,1,0.26774845674128395,0.2874055572315058,0.24809135625106213,0.1583220862395449,0.3527777777777778,1.0,0.04762839988326928,0.07209185194221734,0.05986012591274331,0.060565721776666345,0,0,0.029930062956371656,0.030282860888333173,0,0,0,0
P01,V1_video2_pocaluz,poca_luz,1244,51.84877454299256,1,0.268732795727767,0.2869332282350993,0.2505323632204346,0.15778438791698654,0.3527777777777778,1.0,0.3441748779117664,0.1083004574726475,0.22623766769220693,0.05683760523134136,0,0,0.11311883384610347,0.02841880261567068,0,0,0,0
P01,V1_video2_pocaluz,poca_luz,1245,51.89045362220718,1,0.26997179439718166,0.28803057535664184,0.25191301343772154,0.15817066151935197,0.3527777777777778,1.0,0.002001304629723033,0.10578786877759772,0.053894586703660374,0.050647911753133275,0,0,0.026947293351830187,0.025323955876566637,0,0,0,0
P01,V1_video2_pocaluz,poca_luz,1246,51.93213270142181,1,0.2710769487718653,0.28933368223366845,0.25282021531006216,0.1577086919036741,0.3527777777777778,1.0,0.01714512598230078,0.14904129665147703,0.0830932113168889,0.16012102205851597,0,0,0.04154660565844445,0.08006051102925799,0,0,0,0
P01,V1_video2_pocaluz,poca_luz,1247,51.97381178063643,1,0.27013402840582995,0.2882055400727145,0.2520625167389454,0.1581119665782682,0.3527777777777778,1.0,0.03638529127139212,0.06044963812191928,0.0484174646966557,0.11489106077834736,0,0,0.02420873234832785,0.05744553038917368,0,0,0,0
P01,V1_video2_pocaluz,poca_luz,1248,52.015490859851056,1,0.2698695702146155,0.28632436817073675,0.25341477225849424,0.15723371215618676,0.3527777777777778,1.0,0.02845876004495429,0.14398358281776658,0.08622117143136043,0.2176581609383552,0,0,0.043110585715680216,0.1088290804691776,0,0,0,0
P01,V1_video2_pocaluz,poca_luz,1249,52.05716993906567,1,0.27086487102324935,0.2870699181257138,0.2546598239207849,0.1572808128768081,0.3527777777777778,1.0,0.012091684859300567,0.28983020810713256,0.15096094648321656,0.3880734500194867,0,0,0.07548047324160828,0.19403672500974334,0,0,0,0
P01,V1_video2_pocaluz,poca_luz,1250,52.0988490182803,1,0.27348277237536234,0.2906110837359446,0.25635446101478004,0.15848417155616717,0.3527777777777778,1.0,0.0014006283164775812,0.052376595888339095,0.026888612102408338,0.3504486519095455,0,0,0.013444306051204169,0.17522432595477275,0,0,0,0
P01,V1_video2_pocaluz,poca_luz,1251,52.14052809749492,1,0.2709145559414756,0.28669104411594104,0.25513806776701026,0.1587911911426755,0.3527777777777778,1.0,0.0065701475230529605,0.05791123209211624,0.0322406898075846,0.17094255974217687,0,0,0.0161203449037923,0.08547127987108843,0,0,0,0
P01,V1_video2_pocaluz,poca_luz,1252,52.18220717670955,1,0.2688985517671061,0.28421987162940215,0.25357723190481,0.1570888361970008,0.3527777777777778,1.0,0.12888674897221275,0.3115938511415658,0.22024030005688927,0.16122331261080738,0,0,0.11012015002844464,0.08061165630540369,0,0,0,0
P01,V1_video2_pocaluz,poca_luz,1253,52.22388625592417,1,0.269377178485532,0.28409124292577526,0.25466311404528874,0.15812752002382285,0.3527777777777778,1.0,0.042617870936207725,0.06932058459428769,0.05596922776524771,0.0776063406347615,0,0,0.027984613882623854,0.03880317031738075,0,0,0,0
P01,V1_video2_pocaluz,poca_luz,1254,52.265565335138795,1,0.27076574533162373,0.2861705508820088,0.25536093978123864,0.15783188595779965,0.3527777777777778,1.0,0.02571718383993693,0.02023052310992801,0.02297385347493247,0.13391559547207288,0,0,0.011486926737466235,0.06695779773603644,0,0,0,0
P01,V1_video2_pocaluz,poca_luz,1255,52.30724441435342,1,0.27057876505667655,0.2862461050150818,0.2549114250982713,0.15795218065342964,0.3527777777777778,1.0,0.025092558564212775,0.08142983004507265,0.05326119430464271,0.14254303700824159,0,0,0.026630597152321356,0.07127151850412079,0,0,0,0
P01,V1_video2_pocaluz,poca_luz,1256,52.348923493568044,1,0.2691085512520851,0.28566772692500375,0.2525493755791665,0.15754505229560628,0.3527777777777778,1.0,0.04688644983678958,0.04391038170017991,0.045398415768484746,0.1205780744240043,0,0,0.022699207884242373,0.06028903721200215,0,0,0,0
P01,V1_video2_pocaluz,poca_luz,1257,52.39060257278267,1,0.2686693030805434,0.2859299977483534,0.25140860841273327,0.1571855182427519,0.3527777777777778,1.0,0.033050194453564274,0.050713731541742524,0.0418819629976534,0.19512399845247227,0,0,0.0209409814988267,0.09756199922623614,0,0,0,0
P01,V1_video2_pocaluz,poca_luz,1258,52.43228165199729,1,0.2672604393684892,0.28370981483358104,0.2508110639033973,0.1567913065447029,0.3527777777777778,1.0,0.010960827914478055,0.2903857143304167,0.15067327112244738,0.15184235640518867,0,0,0.07533663556122369,0.07592117820259434,0,0,0,0
P01,V1_video2_pocaluz,poca_luz,1259,52.47396073121192,1,0.26525441070919215,0.28050776267429917,0.2500010587440851,0.15791263342481024,0.3527777777777778,1.0,0.022867854095022566,0.1420244671727191,0.08244616063387084,0.12280814809398422,0,0,0.04122308031693542,0.06140407404699211,0,0,0,0
P01,V1_video2_pocaluz,poca_luz,1260,52.51563981042654,1,0.2668143792605719,0.2813908374759562,0.25223792104518755,0.1579232263127274,0.3527777777777778,1.0,0.01231809158143915,0.21845268515742555,0.11538538836943235,0.1097462056721806,0,0,0.057692694184716176,0.0548731028360903,0,0,0,0
P01,V1_video2_pocaluz,poca_luz,1261,52.55731888964117,1,0.27126831588055134,0.28856602073524346,0.25397061102585916,0.15733947110579047,0.3527777777777778,1.0,0.021342289381959367,0.08775058312826678,0.05454643625511307,0.10768865666769413,0,0,0.027273218127556537,0.053844328333847065,0,0,0,0
P01,V1_video2_pocaluz,poca_luz,1262,52.59899796885579,1,0.2735929340274114,0.2908565462091793,0.25632932184564355,0.15764190491507243,0.3527777777777778,1.0,0.006892160217599419,0.15411474315355833,0.08050345168557888,0.23113370240030254,0,0,0.04025172584278944,0.11556685120015127,0,0,0,0
P01,V1_video2_pocaluz,poca_luz,1263,52.640677048070415,1,0.26995248786028864,0.2847537845496995,0.25515119117087776,0.15905259790263146,0.3527777777777778,1.0,0.029279415327738145,0.04940934351366233,0.03934437942070024,0.17458699498485555,0,0,0.01967218971035012,0.08729349749242778,0,0,0,0
P01,V1_video2_pocaluz,poca_luz,1264,52.68235612728504,1,0.26580194769083654,0.28092609173166433,0.2506778036500088,0.1579281351893024,0.3527777777777778,1.0,0.024179793286466356,0.3310681381516547,0.17762396571906053,0.14733512497880757,0,0,0.08881198285953026,0.07366756248940379,0,0,0,0
P01,V1_video2_pocaluz,poca_luz,1265,52.724035206499664,1,0.26713850851978993,0.2829258706070761,0.2513511464325037,0.15791459428013785,0.3527777777777778,1.0,0.013252201954804144,0.37116683107287185,0.192209516513838,0.10152894669598338,0,0,0.096104758256919,0.05076447334799169,0,0,0,0
P01,V1_video2_pocaluz,poca_luz,1266,52.76571428571429,1,0.2738544389183339,0.28983585797175804,0.25787301986490974,0.16073823971184584,0.3527777777777778,1.0,0.013434724998168335,0.24463228966993356,0.12903350733405095,0.07543240469442024,0,0,0.06451675366702547,0.03771620234721012,0,0,0,0
P01,V1_video2_pocaluz,poca_luz,1267,52.80739336492891,1,0.27504576734854636,0.29157356833209713,0.2585179663649955,0.16051015950692463,0.3527777777777778,1.0,0.005169256096958397,0.13915889627372757,0.07216407618534298,0.10281684857229827,0,0,0.03608203809267149,0.05140842428614913,0,0,0,0
P01,V1_video2_pocaluz,poca_luz,1268,52.84907244414354,1,0.2681431402605443,0.2847393171268521,0.25154696339423654,0.16004483811744993,0.3527777777777778,1.0,0.012378297999367072,0.1148459242150296,0.06361211110719833,0.22418772375085605,0,0,0.031806055553599166,0.11209386187542802,0,0,0,0
P01,V1_video2_pocaluz,poca_luz,1269,52.89075152335816,1,0.2676943302265611,0.28326887239960263,0.2521197880535195,0.16011738362878775,0.3527777777777778,1.0,0.00525291793908611,0.1755371247379558,0.09039502133852095,0.2071992088648157,0,0,0.04519751066926048,0.10359960443240784,0,0,0,0
P01,V1_video2_pocaluz,poca_luz,1270,52.932430602572786,1,0.27140068240320864,0.28744106769489813,0.25536029711151914,0.1604063645428235,0.3527777777777778,1.0,0.006449382710620122,0.05678094837588721,0.031615165543253665,0.11792175194033762,0,0,0.015807582771626832,0.05896087597016881,0,0,0,0
P01,V1_video2_pocaluz,poca_luz,1271,52.97410968178741,1,0.2721439603447987,0.2890204631747354,0.255267457514862,0.1591636572982631,0.3527777777777778,1.0,0.020342433267300675,0.16806360031635825,0.09420301679182946,0.1827668918296311,0,0,0.04710150839591473,0.09138344591481555,0,0,0,0
P01,V1_video2_pocaluz,poca_luz,1272,53.015788761002035,1,0.273828760416877,0.28895741182161655,0.25870010901213747,0.15962465304986226,0.3527777777777778,1.0,0.01826919953971462,0.25122779046107657,0.1347484950003956,0.2579044086242026,0,0,0.0673742475001978,0.1289522043121013,0,0,0,0
P01,V1_video2_pocaluz,poca_luz,1273,53.05746784021666,1,0.2692131918484962,0.2858612294680762,0.2525651542289162,0.15902338276490427,0.3527777777777778,1.0,0.029046957388821237,0.10322641973804791,0.06613668856343458,0.2419969992348607,0,0,0.03306834428171729,0.12099849961743035,0,0,0,0
P01,V1_video2_pocaluz,poca_luz,1274,53.099146919431284,1,0.2729303702984498,0.28935598288496506,0.2565047577119346,0.1589644491827795,0.3527777777777778,1.0,0.014598216491679916,0.09985417885850623,0.05722619767509307,0.26797254743384313,0,0,0.028613098837546536,0.13398627371692157,0,0,0,0
P01,V1_video2_pocaluz,poca_luz,1275,53.14082599864591,1,0.2737810455084129,0.2895645765994947,0.25799751441733115,0.15905297944244878,0.3527777777777778,1.0,0.024081216942689276,0.14795161104343146,0.08601641399306037,0.19100713725205098,0,0,0.043008206996530185,0.09550356862602549,0,0,0,0
P01,V1_video2_pocaluz,poca_luz,1276,53.18250507786053,1,0.27223416745958007,0.287681557221706,0.25678677769745406,0.15814631718443248,0.3527777777777778,1.0,0.019203285977014484,0.13927493748837205,0.07923911173269327,0.272191683128262,0,0,0.039619555866346634,0.136095841564131,0,0,0,0
P01,V1_video2_pocaluz,poca_luz,1277,53.22418415707516,1,0.2687516232042624,0.28380368614410734,0.2536995602644174,0.15832159316087951,0.3527777777777778,1.0,0.012312964223830769,0.05487271075386013,0.03359283748884545,0.26225447481862757,0,0,0.016796418744422725,0.13112723740931378,0,0,0,0
P01,V1_video2_pocaluz,poca_luz,1278,53.26586323628978,1,0.27193093574295957,0.2872486151845168,0.2566132563014024,0.15889127626638996,0.3527777777777778,1.0,0.00956069063835141,0.033024679141332225,0.021292684889841818,0.13319310424508102,0,0,0.010646342444920909,0.06659655212254051,0,0,0,0
P01,V1_video2_pocaluz,poca_luz,1279,53.307542315504406,1,0.2695896175812427,0.2846176970719748,0.25456153809051063,0.15827453627348986,0.3527777777777778,1.0,0.023207153152249305,0.34878899322167123,0.18599807318696027,0.1804458141164924,0,0,0.09299903659348013,0.0902229070582462,0,0,0,0
P01,V1_video2_pocaluz,poca_luz,1280,53.34922139471903,1,0.2721371743978161,0.2875664391062855,0.2567079096893467,0.1591001601401868,0.3527777777777778,1.0,0.020298714624478298,0.0451885604305009,0.0327436375274896,0.12878153209806423,0,0,0.0163718187637448,0.06439076604903211,0,0,0,0
P01,V1_video2_pocaluz,poca_luz,1281,53.390900473933655,1,0.26984842766159217,0.28504577980685875,0.2546510755163256,0.15904794190171712,0.3527777777777778,1.0,0.060303775850334085,0.08744860580871472,0.0738761908295244,0.10263363720315415,0,0,0.0369380954147622,0.05131681860157707,0,0,0,0
P01,V1_video2_pocaluz,poca_luz,1282,53.43257955314828,1,0.2709254807108875,0.28592037597279196,0.2559305854489831,0.15890733796985593,0.3527777777777778,1.0,0.04801110163132616,0.11213766717440332,0.08007438440286474,0.20509262933644803,0,0,0.04003719220143237,0.10254631466822402,0,0,0,0
P01,V1_video2_pocaluz,poca_luz,1283,53.474258632362904,1,0.2699399698094734,0.2857068509753649,0.25417308864358185,0.1588092428217851,0.3527777777777778,1.0,0.03145945886803092,0.1685369251778812,0.09999819202295607,0.21823854830143552,0,0,0.049999096011478034,0.10911927415071776,0,0,0,0
P01,V1_video2_pocaluz,poca_luz,1284,53.51593771157753,1,0.2743498600540186,0.2903773825728801,0.25832233753515715,0.15835590254860324,0.3527777777777778,1.0,0.0026015280421870512,0.20764303832085906,0.10512228318152306,0.13477177493146672,0,0,0.05256114159076153,0.06738588746573336,0,0,0,0
P01,V1_video2_pocaluz,poca_luz,1285,53.557616790792146,1,0.27175192369899415,0.28694216730036426,0.2565616800976241,0.1574722682546226,0.3527777777777778,1.0,0.012766373400434072,0.1641365104155489,0.08845144190799148,0.1688936616914851,0,0,0.04422572095399574,0.08444683084574255,0,0,0,0
P01,V1_video2_pocaluz,poca_luz,1286,53.59929587000677,1,0.2728280173515626,0.28794269568499475,0.25771333901813037,0.15745458661966114,0.3527777777777778,1.0,0.0023521159439515715,0.1939494555025203,0.09815078572323593,0.1868478464593621,0,0,0.04907539286161797,0.09342392322968104,0,0,0,0
P01,V1_video2_pocaluz,poca_luz,1287,53.640974949221395,1,0.2741171224805944,0.28982865325433077,0.258405591706858,0.1574871835064054,0.3527777777777778,1.0,0.0004560654318197521,0.3343106361452133,0.16738335078851652,0.0963320786797024,0,0,0.08369167539425826,0.0481660393398512,0,0,0,0
P01,V1_video2_pocaluz,poca_luz,1288,53.68265402843602,1,0.27443790302833865,0.2903354225284561,0.2585403835282212,0.15739601448832785,0.3527777777777778,1.0,0.006450076339706068,0.28679780745599437,0.14662394189785022,0.355608857378983,0,0,0.07331197094892511,0.1778044286894915,0,0,0,0
P01,V1_video2_pocaluz,poca_luz,1289,53.724333107650644,1,0.27381325917369415,0.28963187561074893,0.2579946427366394,0.15751751005090275,0.3527777777777778,1.0,0.003728566108495923,0.38342495056965686,0.1935767583390764,0.29317409914711956,0,0,0.0967883791695382,0.14658704957355978,0,0,0,0
P01,V1_video2_pocaluz,poca_luz,1290,53.76601218686527,1,0.2743276360260553,0.29104220500494726,0.25761306704716336,0.15726303558389304,0.3527777777777778,1.0,0.015490465331150283,0.37299272553613017,0.19424159543364022,0.2266421481242449,0,0,0.09712079771682011,0.11332107406212245,0,0,0,0
P01,V1_video2_pocaluz,poca_luz,1291,53.80769126607989,1,0.27503820020013725,0.29200717431637196,0.2580692260839025,0.15757080803773701,0.3527777777777778,1.0,0.026971313784941997,0.19746096741630792,0.11221614060062496,0.2720409580473336,0,0,0.05610807030031248,0.1360204790236668,0,0,0,0
P01,V1_video2_pocaluz,poca_luz,1292,53.84937034529452,1,0.276910671979022,0.2941242546285196,0.25969708932952446,0.1574212763222086,0.3527777777777778,1.0,5.896518477943591e-05,0.3224761560526115,0.16126756061869546,0.17007201281353712,0,0,0.08063378030934773,0.08503600640676856,0,0,0,0
P01,V1_video2_pocaluz,poca_luz,1293,53.89104942450914,1,0.27807935073865847,0.29662212758722567,0.25953657389009127,0.15728991618975866,0.35,1.0,0.0014048717682615397,0.39628981767629734,0.19884734472227944,0.16896616248326152,0,0,0.09942367236113972,0.08448308124163076,0,0,0,0
P01,V1_video2_pocaluz,poca_luz,1294,53.932728503723766,1,0.2757254694983454,0.2932573740072931,0.2581935649893978,0.15725660989994913,0.3472222222222222,1.0,0.005677582866889352,0.31755546188583283,0.1616165223763611,0.30421914745167855,0,0,0.08080826118818055,0.15210957372583928,0,0,0,0
P01,V1_video2_pocaluz,poca_luz,1295,53.97440758293839,1,0.2762818027988154,0.2933788252787326,0.2591847803188983,0.1572941379577328,0.34444444444444444,1.0,0.00315883444336873,0.25291196509913283,0.12803539977125078,0.19005284223075525,0,0,0.06401769988562539,0.09502642111537762,0,0,0,0
P01,V1_video2_pocaluz,poca_luz,1296,54.016086662153015,1,0.27955992408105895,0.2962130423508146,0.2629068058113033,0.15769292869169793,0.3416666666666667,1.0,0.032439878504607944,0.3851757492251566,0.20880781386488229,0.19614959603557264,0,0,0.10440390693244114,0.09807479801778632,0,0,0,0
P01,V1_video2_pocaluz,poca_luz,1297,54.05776574136764,1,0.2782999331945093,0.29586761098257697,0.26073225540644157,0.1573995121590297,0.3388888888888889,1.0,0.03896230234633269,0.21671381755148122,0.12783805994890696,0.12078928522122208,0,0,0.06391902997445348,0.06039464261061104,0,0,0,0
P01,V1_video2_pocaluz,poca_luz,1298,54.099444820582264,1,0.27578575245179815,0.292666095774918,0.2589054091286783,0.15718424726542837,0.33611111111111114,1.0,0.042704981288917865,0.4279524980337568,0.23532873966133733,0.09794718682593159,0,0,0.11766436983066866,0.048973593412965796,0,0,0,0
P01,V1_video2_pocaluz,poca_luz,1299,54.14112389979689,1,0.2714865165274546,0.2888689818984833,0.25410405115642587,0.15725916827181025,0.3333333333333333,1.0,0.010754686569137029,0.27938675589003636,0.1450707212295867,0.12078447452848083,0,0,0.07253536061479335,0.060392237264240416,0,0,0,0
P01,V1_video2_pocaluz,poca_luz,1300,54.18280297901151,1,0.2713947657791567,0.2898805539653841,0.25290897759292935,0.1571998479801514,0.33055555555555555,1.0,0.008495643991680235,0.17954895863825038,0.0940223013149653,0.1508520342341557,0,0,0.04701115065748265,0.07542601711707785,0,0,0,0
P01,V1_video2_pocaluz,poca_luz,1301,54.22448205822614,1,0.26985477650976086,0.2863978983324814,0.2533116546870403,0.15743336768153346,0.3277777777777778,1.0,0.01115076787357816,0.10332233374754851,0.057236550810563336,0.07724906758615169,0,0,0.028618275405281668,0.038624533793075844,0,0,0,0
P01,V1_video2_pocaluz,poca_luz,1302,54.26616113744076,1,0.2730780389374092,0.29057300608947145,0.2555830717853469,0.15698379545008675,0.325,1.0,0.01812525536369991,0.1629661147104895,0.0905456850370947,0.10559838762667975,0,0,0.04527284251854735,0.052799193813339876,0,0,0,0
P01,V1_video2_pocaluz,poca_luz,1303,54.307840216655386,1,0.26890552315625854,0.2852441201247776,0.25256692618773946,0.15745969845297708,0.32222222222222224,1.0,0.003986211581249233,0.15288243708246085,0.07843432433185504,0.12737172842828925,0,0,0.03921716216592752,0.06368586421414463,0,0,0,0
P01,V1_video2_pocaluz,poca_luz,1304,54.34951929587001,1,0.2694554080290478,0.28577699379323546,0.2531338222648602,0.15747598638708205,0.3194444444444444,1.0,0.010612953345110698,0.12787455930406377,0.06924375632458724,0.2965291334824185,0,0,0.03462187816229362,0.14826456674120925,0,0,0,0
P01,V1_video2_pocaluz,poca_luz,1305,54.391198375084635,1,0.2675259689260998,0.28446097407398224,0.25059096377821743,0.15758629049099282,0.31666666666666665,1.0,0.020235178502153284,0.10039152743523139,0.060313352968692335,0.14615423810207687,0,0,0.030156676484346168,0.07307711905103843,0,0,0,0
P01,V1_video2_pocaluz,poca_luz,1306,54.43287745429926,1,0.2708754772643305,0.28632741704220105,0.2554235374864599,0.1579778563442528,0.3138888888888889,1.0,0.10804841381618535,0.049517617861731145,0.07878301583895825,0.08610990919770989,0,0,0.039391507919479124,0.043054954598854944,0,0,0,0
P01,V1_video2_pocaluz,poca_luz,1307,54.47455653351388,1,0.2721523966377788,0.287981519893296,0.2563232733822615,0.15802483530588313,0.3111111111111111,1.0,0.07958763877368658,0.041168509063451264,0.06037807391856892,0.1117573380697273,0,0,0.03018903695928446,0.05587866903486365,0,0,0,0
P01,V1_video2_pocaluz,poca_luz,1308,54.51623561272851,1,0.27312983857481654,0.2884035481854044,0.2578561289642286,0.15827746491252234,0.30833333333333335,1.0,0.07593269130036306,0.05840090738633141,0.06716679934334724,0.09424107626130991,0,0,0.03358339967167362,0.047120538130654956,0,0,0,0
P01,V1_video2_pocaluz,poca_luz,1309,54.55791469194313,1,0.27302719038299506,0.28682070021722206,0.25923368054876805,0.1573512349989949,0.3055555555555556,1.0,0.024195189480745727,0.19225704677326183,0.10822611812700378,0.07481513261131133,0,0,0.05411305906350189,0.037407566305655664,0,0,0,0
P01,V1_video2_pocaluz,poca_luz,1310,54.59959377115776,1,0.2734460366867417,0.28711937090374756,0.25977270246973583,0.157392705903079,0.30277777777777776,1.0,0.04780463078550634,0.17188214412442393,0.10984338745496514,0.08995307401306736,0,0,0.05492169372748257,0.04497653700653368,0,0,0,0
P01,V1_video2_pocaluz,poca_luz,1311,54.64127285037238,1,0.2734687604279419,0.28769505027147885,0.2592424705844049,0.1570818334909703,0.3,1.0,0.029036879547715055,0.1997810303731098,0.11440895496041242,0.15728428103323824,0,0,0.05720447748020621,0.07864214051661912,0,0,0,0
P01,V1_video2_pocaluz,poca_luz,1312,54.682951929587006,1,0.27268063533813597,0.2872040081898168,0.25815726248645515,0.15728958545138896,0.2972222222222222,1.0,0.030408365103874457,0.2586629036521386,0.14453563437800654,0.11580643687503352,0,0,0.07226781718900327,0.05790321843751676,0,0,0,0
P01,V1_video2_pocaluz,poca_luz,1313,54.72463100880163,1,0.2726745520676226,0.2878118614179095,0.25753724271733563,0.15782937093845126,0.29444444444444445,1.0,0.007319157228171669,0.25149588354959107,0.12940752038888137,0.08247284670083513,0,0,0.06470376019444068,0.041236423350417564,0,0,0,0
P01,V1_video2_pocaluz,poca_luz,1314,54.766310088016255,1,0.2717138765666674,0.2868748797665681,0.2565528733667667,0.15679824274397797,0.2916666666666667,1.0,0.042456496353021955,0.17916990450835124,0.1108132004306866,0.0872803711213351,0,0,0.0554066002153433,0.04364018556066755,0,0,0,0
P01,V1_video2_pocaluz,poca_luz,1315,54.80798916723088,1,0.2714747937124453,0.28591223856508,0.25703734885981067,0.15685448753876727,0.28888888888888886,1.0,0.008152700509971189,0.17771791173625606,0.09293530612311363,0.0893045232167829,0,0,0.04646765306155681,0.04465226160839145,0,0,0,0
P01,V1_video2_pocaluz,poca_luz,1316,54.8496682464455,1,0.26922161083292584,0.2846299815079875,0.2538132401578641,0.15702628911640382,0.2861111111111111,1.0,0.008451235206484276,0.2428591240873641,0.1256551796469242,0.10020510390696483,0,0,0.0628275898234621,0.05010255195348241,0,0,0,0
P01,V1_video2_pocaluz,poca_luz,1317,54.89134732566013,1,0.2725994466378274,0.28899995021964603,0.2561989430560088,0.15645466928825913,0.2833333333333333,1.0,0.07888055638947189,0.06563353304751007,0.07225704471849098,0.10517391204036654,0,0,0.03612852235924549,0.05258695602018327,0,0,0,0
P01,V1_video2_pocaluz,poca_luz,1318,54.93302640487475,1,0.2722031744910819,0.2892926278493657,0.2551137211327981,0.15663582366854442,0.28055555555555556,1.0,0.013835110648562465,0.1198639298315044,0.06684952024003343,0.06660679876981337,0,0,0.03342476012001672,0.03330339938490669,0,0,0,0
P01,V1_video2_pocaluz,poca_luz,1319,54.97470548408938,1,0.2717653739938899,0.28879120971266786,0.254739538275112,0.15646155667800526,0.2777777777777778,1.0,0.01608003703840033,0.16000364192018135,0.08804183947929084,0.09448019087872356,0,0,0.04402091973964542,0.04724009543936178,0,0,0,0
P01,V1_video2_pocaluz,poca_luz,1320,55.016384563304,1,0.2710882396433407,0.2854746952880911,0.2567017839985903,0.15702553427439447,0.275,1.0,0.026355866762921565,0.3385723822355232,0.1824641244992224,0.10372650397532082,0,0,0.0912320622496112,0.05186325198766041,0,0,0,0
P01,V1_video2_pocaluz,poca_luz,1321,55.05806364251862,1,0.2714638325531329,0.2860520273989774,0.25687563770728833,0.15670395988658226,0.2722222222222222,1.0,0.03540262806922656,0.2523318871988134,0.14386725763401997,0.09906517489596955,0,0,0.07193362881700999,0.04953258744798478,0,0,0,0
P01,V1_video2_pocaluz,poca_luz,1322,55.09974272173324,1,0.2682679497534094,0.2831318878575216,0.25340401164929716,0.15715377198264197,0.26944444444444443,1.0,0.013934656350522157,0.30835445478474455,0.16114455556763335,0.1188725901779904,0,0,0.08057227778381668,0.0594362950889952,0,0,0,0
P01,V1_video2_pocaluz,poca_luz,1323,55.14142180094787,1,0.2681325090090856,0.28236572740918897,0.2538992906089822,0.15702117058094422,0.26666666666666666,1.0,0.10094094164492096,0.26100891164461826,0.1809749266447696,0.03967316070696842,0,0,0.0904874633223848,0.01983658035348421,0,0,0,0
P01,V1_video2_pocaluz,poca_luz,1324,55.18310088016249,1,0.27070558239787235,0.28550462539605925,0.2559065393996854,0.15685202928438485,0.2638888888888889,1.0,0.005461076874021531,0.37670199833559104,0.19108153760480628,0.08865882509974493,0,0,0.09554076880240314,0.044329412549872466,0,0,0,0
P01,V1_video2_pocaluz,poca_luz,1325,55.224779959377116,1,0.26750160779294063,0.2817256379408745,0.2532775776450068,0.1566565273472993,0.2611111111111111,1.0,0.046647899748394006,0.3582879310532985,0.20246791540084624,0.0508916008742886,0,0,0.10123395770042312,0.0254458004371443,0,0,0,0
P01,V1_video2_pocaluz,poca_luz,1326,55.26645903859174,1,0.268927052099801,0.28313323833610704,0.25472086586349496,0.1564427318898158,0.25833333333333336,1.0,0.06702837068240275,0.18043765190364713,0.12373301129302494,0.11022450330230686,0,0,0.06186650564651247,0.05511225165115343,0,0,0,0
P01,V1_video2_pocaluz,poca_luz,1327,55.308138117806365,1,0.26935552310181554,0.28343270703570356,0.2552783391679276,0.15697087599030654,0.25555555555555554,1.0,0.044741665012013376,0.15728927412106697,0.10101546956654017,0.07960728909487033,0,0,0.050507734783270086,0.039803644547435166,0,0,0,0
P01,V1_video2_pocaluz,poca_luz,1328,55.34981719702099,1,0.26764072039406217,0.281508230809825,0.2537732099782994,0.15717676423710794,0.25277777777777777,1.0,0.017398703375635982,0.19685501966534047,0.10712686152048823,0.10560622414965865,0,0,0.05356343076024411,0.05280311207482932,0,0,0,0
P01,V1_video2_pocaluz,poca_luz,1329,55.391496276235614,1,0.26909964257466457,0.2836480064196528,0.2545512787296763,0.1567659612406039,0.25,1.0,0.04867540175331653,0.21000272789959062,0.12933906482645358,0.14696954815851926,0,0,0.06466953241322679,0.07348477407925963,0,0,0,0
P01,V1_video2_pocaluz,poca_luz,1330,55.43317535545024,1,0.27009765869809077,0.28461817863183775,0.25557713876434374,0.1564331670201122,0.24722222222222223,1.0,0.04647394997502363,0.16581775716861458,0.1061458535718191,0.1324420379016526,0,0,0.05307292678590955,0.0662210189508263,0,0,0,0
P01,V1_video2_pocaluz,poca_luz,1331,55.47485443466486,1,0.2676896779648923,0.28272045330462303,0.2526589026251616,0.1566661756977328,0.24444444444444444,1.0,0.010882189394219255,0.04522328126788289,0.02805273533105107,0.10971406412596837,0,0,0.014026367665525535,0.05485703206298419,0,0,0,0
P01,V1_video2_pocaluz,poca_luz,1332,55.51653351387949,1,0.26956433876755787,0.2840751705777837,0.25505350695733203,0.1569938553398113,0.24166666666666667,1.0,0.04511003328466434,0.17646198839845995,0.11078601084156214,0.08852278180046168,0,0,0.05539300542078107,0.04426139090023084,0,0,0,0
P01,V1_video2_pocaluz,poca_luz,1333,55.55821259309411,1,0.2662765809752346,0.2799316312409022,0.252621530709567,0.15657225349290535,0.2388888888888889,1.0,0.008581379071597839,0.38266839088399973,0.19562488497779879,0.09438630179797874,0,0,0.09781244248889939,0.04719315089898937,0,0,0,0
P01,V1_video2_pocaluz,poca_luz,1334,55.599891672308736,1,0.26637430090006975,0.27957829380248495,0.25317030799765455,0.15693049232922077,0.2361111111111111,1.0,0.04514720439668429,0.3635276412073729,0.2043374228020286,0.08509826538095802,0,0,0.1021687114010143,0.04254913269047901,0,0,0,0
P01,V1_video2_pocaluz,poca_luz,1335,55.64157075152336,1,0.26830641374771635,0.28295884266751287,0.25365398482791984,0.15741795977438633,0.23333333333333334,1.0,0.013044238354545046,0.04277936286104134,0.02791180060779319,0.16538283167939863,0,0,0.013955900303896596,0.08269141583969931,0,0,0,0
P01,V1_video2_pocaluz,poca_luz,1336,55.683249830737985,1,0.2734516320779199,0.2888595015137234,0.2580437626421164,0.15744554186817533,0.23055555555555557,1.0,0.035145169790194775,0.25211152566761075,0.14362834772890276,0.09789940045339289,0,0,0.07181417386445138,0.048949700226696445,0,0,0,0
P01,V1_video2_pocaluz,poca_luz,1337,55.72492890995261,1,0.2714490204123573,0.2869174485988188,0.25598059222589575,0.15739567036681917,0.22777777777777777,1.0,0.01852062143450295,0.16458712897687577,0.09155387520568936,0.04527812067499199,0,0,0.04577693760284468,0.022639060337495995,0,0,0,0
P01,V1_video2_pocaluz,poca_luz,1338,55.766607989167234,1,0.26592343158890924,0.2817096106680465,0.250137252509772,0.1576792799467687,0.225,1.0,0.028216691635825852,0.24630814759788633,0.1372624196168561,0.05047194573203224,0,0,0.06863120980842805,0.02523597286601612,0,0,0,0
P01,V1_video2_pocaluz,poca_luz,1339,55.80828706838186,1,0.26475602342994625,0.28116621205192127,0.24834583480797126,0.15722633405222125,0.2222222222222222,1.0,0.007997295241492064,0.16183541729012896,0.08491635626581051,0.10807566796323843,0,0,0.042458178132905255,0.05403783398161922,0,0,0,0
P01,V1_video2_pocaluz,poca_luz,1340,55.84996614759648,1,0.2672171796427116,0.28383263985579216,0.250601719429631,0.15872290398734668,0.21944444444444444,1.0,0.02472164895318474,0.07819898414716975,0.05146031655017724,0.11564494554740591,0,0,0.02573015827508862,0.057822472773702956,0,0,0,0
P01,V1_video2_pocaluz,poca_luz,1341,55.89164522681111,1,0.2651408812595854,0.27862962228844945,0.25165214023072136,0.16084776976929727,0.21666666666666667,1.0,0.02684209530771109,0.12756648315599017,0.07720428923185063,0.08888877669700385,0,0,0.038602144615925316,0.04444438834850192,0,0,0,0
P01,V1_video2_pocaluz,poca_luz,1342,55.93332430602573,1,0.27268309060860774,0.28687832863496665,0.25848785258224877,0.1614549178751871,0.21388888888888888,1.0,0.0037339866342287475,0.06907163231016467,0.03640280947219671,0.1482413548426921,0,0,0.018201404736098353,0.07412067742134605,0,0,0,0
P01,V1_video2_pocaluz,poca_luz,1343,55.975003385240356,1,0.2754188084164949,0.29142708622450764,0.25941053060848224,0.16712814135177573,0.2111111111111111,1.0,0.0025116283673133344,0.052344500901978175,0.027428064634645755,0.1149888287476893,0,1,0.013714032317322877,0.5574944143738446,0,1,0,0
P01,V1_video2_pocaluz,poca_luz,1344,56.01668246445498,1,0.28571497426301395,0.29716885082542666,0.2742610977006013,0.18424787600799689,0.20833333333333334,1.0,0.015532743306108987,0.10352535074861824,0.05952904702736361,0.5853066712830338,0,1,0.029764523513681806,0.7926533356415169,0,1,0,1
P01,V1_video2_pocaluz,poca_luz,1345,56.058361543669605,1,0.2813311427976524,0.2949817981344432,0.26768048746086165,0.1892895067769031,0.20555555555555555,1.0,0.002950949911741829,0.06683653016162505,0.03489374003668344,0.7558052591780857,0,1,0.01744687001834172,0.8779026295890429,0,1,0,1
P01,V1_video2_pocaluz,poca_luz,1346,56.10004062288423,1,0.28189056963473014,0.29716334922146526,0.26661779004799496,0.19889388725227244,0.20277777777777778,1.0,0.0017411245528810015,0.03971545718278424,0.02072829086783262,0.7455801821066335,0,1,0.01036414543391631,0.8727900910533167,0,1,0,1
P01,V1_video2_pocaluz,poca_luz,1347,56.141719702098854,1,0.2705127954350092,0.2861008641325011,0.25492472673751737,0.20410260729047477,0.2,1.0,0.0052332657452234255,0.13457447784399335,0.06990387179460839,0.6598629654489788,0,1,0.03495193589730419,0.8299314827244895,0,1,0,1
P01,V1_video2_pocaluz,poca_luz,1348,56.18339878131348,1,0.27505911401397315,0.2909042915051499,0.2592139365227964,0.20918371081600898,0.19722222222222222,1.0,0.01207236204675366,0.13194199864590517,0.07200718034632941,0.8100120539972318,0,1,0.03600359017316471,0.9050060269986159,0,1,0,1
P01,V1_video2_pocaluz,poca_luz,1349,56.2250778605281,1,0.27106705160171896,0.28972459129596556,0.2524095119074724,0.21445680000515777,0.19444444444444445,1.0,0.002655121967944707,0.13331459612727614,0.06798485904761042,0.8295859087332846,0,1,0.03399242952380521,0.9147929543666423,0,1,0,1
P01,V1_video2_pocaluz,poca_luz,1350,56.26675693974273,1,0.2838105077699896,0.2951227845530969,0.2724982309868823,0.21429399721049924,0.19166666666666668,1.0,0.008987267494838358,0.09481554908887613,0.05190140829185724,0.8732742839302909,0,1,0.02595070414592862,0.9366371419651455,0,1,0,1
P01,V1_video2_pocaluz,poca_luz,1351,56.30843601895735,1,0.28391831132463563,0.2960549915959751,0.2717816310532961,0.2182061603845736,0.18888888888888888,1.0,0.020465829812824188,0.009753741751247214,0.0151097857820357,0.9142476460393067,0,1,0.00755489289101785,0.9571238230196534,0,1,0,1
P01,V1_video2_pocaluz,poca_luz,1352,56.350115098171976,1,0.2715657601046618,0.28104877346383567,0.262082746745488,0.22278334078099818,0.18611111111111112,1.0,0.003977066545109986,0.27849990587154594,0.14123848620832796,0.8655564740871566,0,1,0.07061924310416398,0.9327782370435783,0,1,0,1
P01,V1_video2_pocaluz,poca_luz,1353,56.3917941773866,1,0.1433067404585509,0.12649616153351145,0.1601173193835904,0.22420238913823448,0.18333333333333332,1.0,0.2011258328217499,0.25965785564530397,0.23039184423352693,0.8921527488629989,0,1,0.11519592211676347,0.9460763744314995,0,1,0,1
P01,V1_video2_pocaluz,poca_luz,1354,56.433473256601225,1,0.08800215028292437,0.07687707080897464,0.09912722975687409,0.2288201793794357,0.18333333333333332,1.0,0.1777305245730889,0.06022567836589654,0.11897810146949273,0.6903068802548393,1,1,0.5594890507347463,0.8451534401274197,1,1,0,1
P01,V1_video2_pocaluz,poca_luz,1355,56.47515233581585,1,0.1292457553837728,0.1137364087085768,0.1447551020589688,0.22732569099512268,0.18333333333333332,1.0,0.09697053288220625,0.21488310100073915,0.1559268169414727,0.8121177090203605,1,1,0.5779634084707364,0.9060588545101802,1,1,0,1
P01,V1_video2_pocaluz,poca_luz,1356,56.516831415030474,1,0.190947988651885,0.1995656855952218,0.18233029170854817,0.22241499840549184,0.18055555555555555,1.0,0.10304663905912181,0.40147660029966337,0.2522616196793926,0.9148988573954604,0,1,0.1261308098396963,0.9574494286977302,0,1,0,1
P01,V1_video2_pocaluz,poca_luz,1357,56.55851049424509,1,0.21257345530048033,0.22456278895987736,0.2005841216410833,0.22401767586896174,0.17777777777777778,1.0,0.1048133170286295,0.2919218983272015,0.1983676076779155,0.9174636975641557,0,1,0.09918380383895775,0.9587318487820778,0,1,0,1
P01,V1_video2_pocaluz,poca_luz,1358,56.600189573459716,1,0.22616445542823446,0.2378895777928405,0.21443933306362842,0.22066880232224412,0.175,1.0,0.06417619982464606,0.448134651456078,0.25615542564036203,0.9028336254133796,0,1,0.12807771282018102,0.9514168127066898,0,1,0,1
P01,V1_video2_pocaluz,poca_luz,1359,56.64186865267434,1,0.24265609861881704,0.2553924963624009,0.2299197008752332,0.22136026475270956,0.17222222222222222,1.0,0.14415351516543384,0.15328224907651766,0.14871788212097575,0.5795768676925286,0,1,0.07435894106048788,0.7897884338462643,0,1,0,1
P01,V1_video2_pocaluz,poca_luz,1360,56.683547731888964,1,0.2506921527009306,0.2639673360884714,0.23741696931338985,0.22228716204608337,0.16944444444444445,1.0,0.21460944842438912,0.469522432300745,0.34206594036256704,0.7918342757795754,0,1,0.17103297018128352,0.8959171378897877,0,1,0,1
P01,V1_video2_pocaluz,poca_luz,1361,56.72522681110359,1,0.2608728637519353,0.273053315544739,0.24869241195913158,0.22474422645466136,0.16666666666666666,1.0,0.04227075770502986,0.5113642161697827,0.27681748693740627,0.854105195602676,0,1,0.13840874346870313,0.927052597801338,0,1,0,1
P01,V1_video2_pocaluz,poca_luz,1362,56.76690589031821,1,0.26120150332615866,0.2715072710071499,0.25089573564516743,0.22488847340792348,0.1638888888888889,1.0,0.10119392030722696,0.42392822483504733,0.26256107257113714,0.8955010372223944,0,1,0.13128053628556857,0.9477505186111972,0,1,0,1
P01,V1_video2_pocaluz,poca_luz,1363,56.80858496953284,1,0.25175667547572544,0.26551722618147094,0.23799612476998,0.23165987778842342,0.16111111111111112,1.0,0.14265522138012487,0.4572100695580853,0.2999326454691051,0.8092496248409681,0,1,0.14996632273455254,0.9046248124204841,0,1,0,1
P01,V1_video2_pocaluz,poca_luz,1364,56.85026404874746,1,0.2572324720580867,0.27152089203073876,0.24294405208543463,0.235435093201977,0.15833333333333333,1.0,0.022477846302994653,0.3479992862839585,0.18523856629347657,0.9073153090496628,0,1,0.09261928314673828,0.9536576545248314,0,1,0,1
P01,V1_video2_pocaluz,poca_luz,1365,56.89194312796209,1,0.2626761705549199,0.27335635745239095,0.25199598365744874,0.24231953030530018,0.15555555555555556,1.0,0.16388708551894327,0.21829887787088986,0.19109298169491656,0.7251327381380468,0,1,0.09554649084745828,0.8625663690690234,0,1,0,1
P01,V1_video2_pocaluz,poca_luz,1366,56.93362220717671,1,0.26466015796727715,0.2745926472445031,0.25472766869005126,0.24294674088421833,0.1527777777777778,1.0,0.20733669024949497,0.41501645867488224,0.3111765744621886,0.7550132326260535,0,1,0.1555882872310943,0.8775066163130267,0,1,0,1
P01,V1_video2_pocaluz,poca_luz,1367,56.975301286391336,1,0.26293272835713843,0.27371961615559665,0.2521458405586803,0.250427691809621,0.15,1.0,0.0049134051866569495,0.32014512989894284,0.1625292675427999,0.8799117313818429,0,1,0.08126463377139995,0.9399558656909215,0,1,0,1
P01,V1_video2_pocaluz,poca_luz,1368,57.01698036560596,1,0.2614054091250661,0.27272225055796984,0.25008856769216237,0.2582817205671139,0.14722222222222223,1.0,0.014966475454174955,0.20740822913437384,0.1111873522942744,0.844184405933868,0,1,0.0555936761471372,0.9220922029669341,0,1,0,1
P01,V1_video2_pocaluz,poca_luz,1369,57.058659444820584,1,0.26249031419976954,0.2736015769523313,0.2513790514472078,0.2685732616938819,0.14444444444444443,1.0,0.029772164321968275,0.23058581022481295,0.1301789872733906,0.544932881626001,0,1,0.0650894936366953,0.7724664408130004,0,1,0,1
P01,V1_video2_pocaluz,poca_luz,1370,57.10033852403521,1,0.2558696755980647,0.266056253016723,0.24568309817940653,0.27268921793761214,0.14166666666666666,1.0,0.0151098942407063,0.40394782136850094,0.20952885780460362,0.889291477329409,0,1,0.10476442890230181,0.9446457386647045,0,1,0,1
P01,V1_video2_pocaluz,poca_luz,1371,57.14201760324983,1,0.25424900288906005,0.2654274503435133,0.24307055543460687,0.2795875446249372,0.1388888888888889,1.0,0.025839192255497467,0.19806493105315603,0.11195206165432675,0.898891291785989,0,1,0.055976030827163376,0.9494456458929945,0,1,0,1
P01,V1_video2_pocaluz,poca_luz,1372,57.18369668246446,1,0.25651946180448565,0.2681957606038948,0.24484316300507653,0.28166563012395435,0.1361111111111111,1.0,0.05271965256933708,0.3614763637460381,0.20709800815768759,0.7599635433957627,0,1,0.10354900407884379,0.8799817716978813,0,1,0,1
P01,V1_video2_pocaluz,poca_luz,1373,57.22537576167908,1,0.25368152368149394,0.26053775367886056,0.24682529368412728,0.2916079885007153,0.13333333333333333,1.0,0.04322368242898755,0.08018048622063612,0.061702084324811834,0.8842590469565175,0,1,0.030851042162405917,0.9421295234782587,0,1,0,1
P01,V1_video2_pocaluz,poca_luz,1374,57.26705484089371,1,0.25752544518367504,0.26620731794034025,0.24884357242700986,0.295204593919777,0.13055555555555556,1.0,0.014465604855940506,0.1249645322961701,0.0697150685760553,0.909410260978369,0,1,0.03485753428802765,0.9547051304891845,0,1,0,1
P01,V1_video2_pocaluz,poca_luz,1375,57.30873392010833,1,0.25380355277627153,0.26086986323459616,0.24673724231794694,0.2966445144179768,0.12777777777777777,1.0,0.16631086213855917,0.16586127699200326,0.1660860695652812,0.9153768211325151,0,1,0.0830430347826406,0.9576884105662575,0,1,0,1
P01,V1_video2_pocaluz,poca_luz,1376,57.350412999322955,1,0.256454460593188,0.2649886355852032,0.24792028560117282,0.29388487420142406,0.125,1.0,0.10076272824314803,0.06753467885998221,0.08414870355156512,0.9644459568069276,0,1,0.04207435177578256,0.9822229784034637,0,1,0,1
P01,V1_video2_pocaluz,poca_luz,1377,57.39209207853758,1,0.25513283321182384,0.26259708300999546,0.2476685834136522,0.3041816473096842,0.12222222222222222,1.0,0.10154802192862766,0.235519534219074,0.16853377807385084,0.9535866889349134,0,1,0.08426688903692542,0.9767933444674567,0,1,0,1
P01,V1_video2_pocaluz,poca_luz,1378,57.433771157752204,1,0.25884549550280145,0.2678853452462867,0.24980564575931624,0.30035443780166166,0.11944444444444445,1.0,0.10922481138570916,0.16729282059745154,0.13825881599158035,0.9552269393738342,0,1,0.06912940799579018,0.9776134696869171,0,1,0,1
P01,V1_video2_pocaluz,poca_luz,1379,57.47545023696683,1,0.25151882024142397,0.25989191052796834,0.24314572995487957,0.3039214591126505,0.11666666666666667,1.0,0.07326971816927619,0.19817924532873832,0.13572448174900725,0.9660746131954113,0,1,0.06786224087450363,0.9830373065977056,0,1,0,1
P01,V1_video2_pocaluz,poca_luz,1380,57.51712931618145,1,0.2536351497610642,0.263267016421737,0.24400328310039146,0.3095815673541255,0.11666666666666667,1.0,0.013767159748118374,0.26528806687435136,0.13952761331123487,0.9478887131771444,0,1,0.06976380665561743,0.9739443565885721,0,1,0,1
P01,V1_video2_pocaluz,poca_luz,1381,57.55880839539608,1,0.25263254812450464,0.2625632231077677,0.24270187314124164,0.3150167608042267,0.11666666666666667,1.0,0.08450573844702569,0.3042958991092225,0.1944008187781241,0.9779290146562319,0,1,0.09720040938906205,0.9889645073281159,0,1,0,1
P01,V1_video2_pocaluz,poca_luz,1382,57.6004874746107,1,0.25416646245440555,0.26464430004258016,0.24368862486623097,0.32186423304991574,0.11666666666666667,1.0,0.040607729791443115,0.4188887208372526,0.22974822531434785,0.9690691238611855,0,1,0.11487411265717393,0.9845345619305927,0,1,0,1
P01,V1_video2_pocaluz,poca_luz,1383,57.64216655382533,1,0.2632960897666993,0.2735385552787423,0.25305362425465633,0.32172977300842004,0.11666666666666667,1.0,0.16665881469324695,0.29844906010053496,0.23255393739689095,0.9505795356282584,0,1,0.11627696869844548,0.9752897678141292,0,1,0,1
P01,V1_video2_pocaluz,poca_luz,1384,57.68384563303995,1,0.25899727100519665,0.27087677040044983,0.24711777160994344,0.32754884898665954,0.11666666666666667,1.0,0.0602161522047705,0.13618994706254306,0.09820304963365678,0.9470227251579432,0,1,0.04910152481682839,0.9735113625789715,0,1,0,1
P01,V1_video2_pocaluz,poca_luz,1385,57.725524712254575,1,0.25483264658109694,0.2661304704091708,0.24353482275302313,0.3241768045338494,0.11666666666666667,1.0,0.04059695651428186,0.40921714220987726,0.22490704936207956,0.94493797412909,0,1,0.11245352468103978,0.972468987064545,0,1,0,1
P01,V1_video2_pocaluz,poca_luz,1386,57.7672037914692,1,0.25971518001394733,0.27170359691802815,0.24772676310986647,0.32501899340245705,0.11666666666666667,1.0,0.16134546438469544,0.31791611505348805,0.23963078971909174,0.9275633238525999,0,1,0.11981539485954587,0.9637816619263,0,1,0,1
P01,V1_video2_pocaluz,poca_luz,1387,57.808882870683824,1,0.26004353341057884,0.27157193162916926,0.2485151351919884,0.3272518727963638,0.11666666666666667,1.0,0.26706991395962654,0.18612624783957143,0.22659808089959899,0.9285335879534035,0,1,0.11329904044979949,0.9642667939767018,0,1,0,1
P01,V1_video2_pocaluz,poca_luz,1388,57.85056194989845,1,0.25590845493719,0.2672912428106574,0.24452566706372258,0.33201067342585905,0.11666666666666667,1.0,0.13370941588143592,0.4099217430039388,0.27181557944268736,0.9658040795235622,0,1,0.13590778972134368,0.9829020397617811,0,1,0,1
P01,V1_video2_pocaluz,poca_luz,1389,57.89224102911307,1,0.24045893116168865,0.25115582132809855,0.22976204099527875,0.3356592407377658,0.11666666666666667,1.0,0.226126991773118,0.27323082193124526,0.24967890685218164,0.9544266476734973,0,1,0.12483945342609082,0.9772133238367486,0,1,0,1
P01,V1_video2_pocaluz,poca_luz,1390,57.9339201083277,1,0.2398910195037322,0.25137939197619225,0.2284026470312722,0.3363624325226368,0.11666666666666667,1.0,0.07088339266554633,0.3373197597633718,0.20410157621445907,0.9496116505346254,0,1,0.10205078810722953,0.9748058252673126,0,1,0,1
P01,V1_video2_pocaluz,poca_luz,1391,57.97559918754232,1,0.2430677061958703,0.2518868672652703,0.23424854512647025,0.33335623271539044,0.11666666666666667,1.0,0.15279664839204854,0.08895609134105409,0.12087636986655131,0.9262580802924066,0,1,0.06043818493327566,0.9631290401462034,0,1,0,1
P01,V1_video2_pocaluz,poca_luz,1392,58.017278266756946,1,0.23867339597549544,0.2486259508443015,0.2287208411066894,0.3412121642675311,0.11666666666666667,1.0,0.11890363439523066,0.04675417114516289,0.08282890277019678,0.923838993429067,0,1,0.04141445138509839,0.9619194967145335,0,1,0,1
P01,V1_video2_pocaluz,poca_luz,1393,58.05895734597157,1,0.23878418059821208,0.25088685358698637,0.22668150760943778,0.337558745613669,0.11666666666666667,1.0,0.05066576388172295,0.24004624245607487,0.1453560031688989,0.9644263470824753,0,1,0.07267800158444945,0.9822131735412376,0,1,0,1
P01,V1_video2_pocaluz,poca_luz,1394,58.10063642518619,1,0.22884870900748724,0.24038827416981845,0.21730914384515604,0.3421731253334187,0.11666666666666667,1.0,0.051530891790688704,0.06938072013954044,0.06045580596511457,0.9768889567851065,0,1,0.030227902982557286,0.9884444783925532,0,1,0,1
P01,V1_video2_pocaluz,poca_luz,1395,58.14231550440081,1,0.16556900313687872,0.17064705688769574,0.16049094938606168,0.3504496201498521,0.11666666666666667,1.0,0.1200239028223492,0.1274554382439137,0.12373967053313145,0.9858267277297601,0,1,0.061869835266565726,0.99291336386488,0,1,0,1
P01,V1_video2_pocaluz,poca_luz,1396,58.18399458361544,1,0.04025402462025134,0.02689491079480914,0.05361313844569354,0.3617888296329746,0.11944444444444445,1.0,0.24347424609508572,0.33688903209379684,0.2901816390944413,0.9827823501033633,1,1,0.6450908195472207,0.9913911750516817,1,1,1,1
P01,V1_video2_pocaluz,poca_luz,1397,58.22567366283006,1,0.04830127225045411,0.03516526121234688,0.06143728328856133,0.35193386288951184,0.12222222222222222,1.0,0.22192367780664246,0.23586321166311663,0.22889344473487955,0.9854336657344777,1,1,0.6144467223674398,0.9927168328672389,1,1,1,1
P01,V1_video2_pocaluz,poca_luz,1398,58.267352742044686,1,0.049482826979536224,0.038652349941906194,0.060313304017166246,0.35357230110479626,0.125,1.0,0.2646295259899527,0.23503733069453436,0.24983342834224354,0.978662580319145,1,1,0.6249167141711218,0.9893312901595726,1,1,1,1
P01,V1_video2_pocaluz,poca_luz,1399,58.30903182125931,1,0.04811436583308418,0.04227542877207503,0.053953302894093315,0.35339421268797194,0.12777777777777777,1.0,0.25800761629772706,0.22958368432231535,0.2437956503100212,0.9856638927095225,1,1,0.6218978251550106,0.9928319463547612,1,1,1,1
P01,V1_video2_pocaluz,poca_luz,1400,58.350710900473935,1,0.0643215519456332,0.052486569246718594,0.0761565346445478,0.3515528023790919,0.13055555555555556,1.0,0.28482646534618417,0.25117406459210445,0.2680002649691443,0.9964586308762353,1,1,0.6340001324845721,0.9982293154381177,1,1,1,1
P01,V1_video2_pocaluz,poca_luz,1401,58.39238997968856,1,0.08974621837428828,0.07574387774923513,0.10374855899934142,0.3634640031985988,0.13333333333333333,1.0,0.0953626276296059,0.1138857833895831,0.1046242055095945,0.9909244833016322,1,1,0.5523121027547973,0.9954622416508161,1,1,0,1
P01,V1_video2_pocaluz,poca_luz,1402,58.434069058903184,1,0.10348246838797268,0.08762396804154514,0.11934096873440021,0.3666714404443916,0.1361111111111111,1.0,0.13224109108043347,0.1443247772726023,0.13828293417651788,0.9972022104384327,1,1,0.569141467088259,0.9986011052192163,1,1,0,1
P01,V1_video2_pocaluz,poca_luz,1403,58.47574813811781,1,0.14672550044914517,0.14280059830343142,0.1506504025948589,0.3698424463733238,0.1361111111111111,1.0,0.03509577298180444,0.12071214417395326,0.07790395857787885,0.9935156943687493,0,1,0.038951979288939426,0.9967578471843747,0,1,0,1
P01,V1_video2_pocaluz,poca_luz,1404,58.51742721733243,1,0.16520626437037061,0.15613738923941572,0.17427513950132548,0.36711463311334547,0.1361111111111111,1.0,0.0754667983361792,0.20897715737456168,0.14222197785537044,0.995458042524793,0,1,0.07111098892768522,0.9977290212623965,0,1,0,1
P01,V1_video2_pocaluz,poca_luz,1405,58.55910629654706,1,0.1720012500010349,0.16359340851559404,0.18040909148647577,0.37004129173075034,0.1361111111111111,1.0,0.11970650267219951,0.25787703105266935,0.18879176686243443,0.9969639838697433,0,1,0.09439588343121721,0.9984819919348716,0,1,0,1
P01,V1_video2_pocaluz,poca_luz,1406,58.60078537576168,1,0.18524544824183709,0.18999007618308758,0.18050082030058656,0.37527535599705497,0.1361111111111111,1.0,0.11124229080734882,0.20453535950839064,0.15788882515786973,0.9922926334564487,0,1,0.07894441257893486,0.9961463167282243,0,1,0,1
P01,V1_video2_pocaluz,poca_luz,1407,58.642464454976306,1,0.18894235900960776,0.19331122042042695,0.18457349759878855,0.3727715333511107,0.1361111111111111,1.0,0.11164267437343833,0.17558200281372094,0.14361233859357964,0.9886904003855256,0,1,0.07180616929678982,0.9943452001927628,0,1,0,1
P01,V1_video2_pocaluz,poca_luz,1408,58.68414353419093,1,0.19395865446792687,0.20231034164287517,0.18560696729297854,0.37499771734581927,0.1361111111111111,1.0,0.18762315882310954,0.1730058349181266,0.18031449687061807,0.9863895326443105,0,1,0.09015724843530903,0.9931947663221552,0,1,0,1
P01,V1_video2_pocaluz,poca_luz,1409,58.725822613405555,1,0.1972633215994157,0.2045513850067996,0.18997525819203182,0.3707887938029021,0.1361111111111111,1.0,0.23546281053918316,0.33211533595536624,0.2837890732472747,0.9932021400749159,0,1,0.14189453662363735,0.9966010700374579,0,1,0,1
P01,V1_video2_pocaluz,poca_luz,1410,58.76750169262018,1,0.20090918835880905,0.20968929829100208,0.192129078426616,0.37218473270893004,0.1361111111111111,1.0,0.11946760571122306,0.23026134452146496,0.174864475116344,0.9848385371530067,0,1,0.087432237558172,0.9924192685765034,0,1,0,1
P01,V1_video2_pocaluz,poca_luz,1411,58.809180771834804,1,0.20409836756156496,0.215118581418334,0.1930781537047959,0.3720863300256875,0.1361111111111111,1.0,0.11790930321205384,0.20335945367681485,0.16063437844443434,0.9834970646689593,0,1,0.08031718922221717,0.9917485323344797,0,1,0,1
P01,V1_video2_pocaluz,poca_luz,1412,58.85085985104943,1,0.20016410496239329,0.2069433066674272,0.19338490325735935,0.37373219516130646,0.1361111111111111,1.0,0.09397077181244617,0.12273483923293027,0.10835280552268822,0.9789367267525292,0,1,0.05417640276134411,0.9894683633762646,0,1,0,1
P01,V1_video2_pocaluz,poca_luz,1413,58.89253893026405,1,0.20411609630587801,0.2096078911254134,0.19862430148634266,0.3740123837336078,0.1361111111111111,1.0,0.07194787029286975,0.1472912208665227,0.10961954557969622,0.9835163864295285,0,1,0.05480977278984811,0.9917581932147643,0,1,0,1
P01,V1_video2_pocaluz,poca_luz,1414,58.93421800947868,1,0.20326973799125403,0.20828795806768635,0.1982515179148217,0.3700828297801678,0.1361111111111111,1.0,0.08600064383935935,0.22240817719390027,0.1542044105166298,0.9957224779472269,0,1,0.0771022052583149,0.9978612389736135,0,1,0,1
P01,V1_video2_pocaluz,poca_luz,1415,58.9758970886933,1,0.20482967071910746,0.2087107048422586,0.20094863659595633,0.37187025637218685,0.1361111111111111,1.0,0.08326425619545652,0.20489048579422275,0.14407737099483964,0.9918145989879193,0,1,0.07203868549741982,0.9959072994939597,0,1,0,1
P01,V1_video2_pocaluz,poca_luz,1416,59.017576167907926,1,0.211163395151299,0.2157575881086988,0.20656920219389918,0.3693951636406345,0.1361111111111111,1.0,0.21031589009732576,0.1500500774042196,0.18018298375077269,0.9952258924720675,0,1,0.09009149187538634,0.9976129462360337,0,1,0,1
P01,V1_video2_pocaluz,poca_luz,1417,59.05925524712255,1,0.2140842344734002,0.22008842540200604,0.2080800435447943,0.3700317666522326,0.1361111111111111,1.0,0.12490252331761453,0.09261406023329821,0.10875829177545637,0.9966000497012888,0,1,0.054379145887728186,0.9983000248506444,0,1,0,1
P01,V1_video2_pocaluz,poca_luz,1418,59.100934326337175,1,0.2100152493970554,0.21492690683137106,0.20510359196273978,0.3641638326910379,0.1361111111111111,1.0,0.10025644990973015,0.1796419270394204,0.13994918847457527,0.9941460614025448,0,1,0.06997459423728764,0.9970730307012724,0,1,0,1
P01,V1_video2_pocaluz,poca_luz,1419,59.1426134055518,1,0.21255437712100306,0.21712945594150715,0.207979298300499,0.3587414929443252,0.1361111111111111,1.0,0.051202286902286454,0.19051784924827309,0.12086006807527977,0.9949414394085486,0,1,0.060430034037639885,0.9974707197042743,0,1,0,1
P01,V1_video2_pocaluz,poca_luz,1420,59.184292484766424,1,0.21059373935119186,0.21421847260193166,0.20696900610045202,0.36788889109098977,0.1361111111111111,1.0,0.0926785559461818,0.12635557673782238,0.10951706634200209,0.9845866610683257,0,1,0.054758533171001045,0.9922933305341628,0,1,0,1
P01,V1_video2_pocaluz,poca_luz,1421,59.22597156398105,1,0.08533904719475832,0.07359222803862632,0.09708586635089032,0.3716988187991278,0.1388888888888889,1.0,0.30728021230989466,0.14820500779174528,0.22774261005081997,0.9859137296042881,1,1,0.61387130502541,0.9929568648021441,1,1,1,1
P01,V1_video2_pocaluz,poca_luz,1422,59.26765064319567,1,0.025178568574956046,0.026738894548066817,0.023618242601845276,0.3696217685573763,0.14166666666666666,1.0,0.21834634042450118,0.14438719406169842,0.1813667672430998,0.9915532708708268,1,1,0.5906833836215499,0.9957766354354134,1,1,1,1
P01,V1_video2_pocaluz,poca_luz,1423,59.3093297224103,1,0.027992668406094316,0.0255756471703919,0.03040968964179673,0.3732183756253267,0.14444444444444443,1.0,0.04966452031017898,0.1475200692306533,0.09859229477041614,0.9905201630944703,1,1,0.549296147385208,0.9952600815472352,1,1,0,1
P01,V1_video2_pocaluz,poca_luz,1424,59.35100880162492,1,0.042055601337405484,0.024030049884904293,0.060081152789906674,0.3720954464120109,0.14722222222222223,1.0,0.26703295381259806,0.07877989856801071,0.17290642619030439,0.9944761313806199,1,1,0.5864532130951522,0.9972380656903099,1,1,1,1
P01,V1_video2_pocaluz,poca_luz,1425,59.392687880839546,1,0.038172849725919444,0.018981000726919668,0.05736469872491923,0.37077591802119464,0.15,1.0,0.15448739986469473,0.08390766674143468,0.1191975333030647,0.9857257435918597,1,1,0.5595987666515323,0.9928628717959298,1,1,0,1
P01,V1_video2_pocaluz,poca_luz,1426,59.43436696005417,1,0.037929694689169936,0.019606132065576907,0.05625325731276296,0.3718115993813341,0.1527777777777778,1.0,0.1702803876353337,0.09846104608212136,0.13437071685872753,0.9885698296328087,1,1,0.5671853584293638,0.9942849148164044,1,1,0,1
P01,V1_video2_pocaluz,poca_luz,1427,59.476046039268795,1,0.029862839852868358,0.014134422637108958,0.04559125706862776,0.3626048421691102,0.15555555555555556,1.0,0.2700182073388444,0.06469146128881786,0.16735483431383114,0.9915691429787616,1,1,0.5836774171569156,0.9957845714893808,1,1,1,1
P01,V1_video2_pocaluz,poca_luz,1428,59.51772511848342,1,0.032477650962194037,0.016919652054366154,0.04803564987002192,0.36204614782624533,0.15833333333333333,1.0,0.13475038303709896,0.07716182710870989,0.10595610507290443,0.991619701189832,1,1,0.5529780525364523,0.995809850594916,1,1,0,1
P01,V1_video2_pocaluz,poca_luz,1429,59.55940419769804,1,0.03326888483100929,0.02167395804535866,0.044863811616659914,0.3624829851814016,0.16111111111111112,1.0,0.20441360254660734,0.08661727828394272,0.14551544041527503,0.995499441593628,1,1,0.5727577202076375,0.997749720796814,1,1,0,1
P01,V1_video2_pocaluz,poca_luz,1430,59.60108327691266,1,0.028800019214311683,0.021389607408905054,0.03621043101971831,0.3598921068517945,0.1638888888888889,1.0,0.039031360893319045,0.15768430974157288,0.09835783531744596,0.9975274038940531,1,1,0.549178917658723,0.9987637019470266,1,1,0,1
P01,V1_video2_pocaluz,poca_luz,1431,59.642762356127285,1,0.03170320272088576,0.027982396247030247,0.03542400919474128,0.35484425233750455,0.16666666666666666,1.0,0.19155028709380428,0.22633009503782775,0.20894019106581602,0.9873561465941403,1,1,0.604470095532908,0.9936780732970701,1,1,1,1
P01,V1_video2_pocaluz,poca_luz,1432,59.68444143534191,1,0.06228597973354144,0.05349391996399036,0.07107803950309252,0.3385027680859771,0.16944444444444445,1.0,0.3162748969789534,0.15757512186863587,0.23692500942379463,0.9949646605252599,1,1,0.6184625047118973,0.9974823302626299,1,1,1,1
P01,V1_video2_pocaluz,poca_luz,1433,59.726120514556534,1,0.14899941731383076,0.12780525748145652,0.170193577146205,0.33501667032813137,0.16944444444444445,1.0,0.18137162773775684,0.2021496338842328,0.19176063081099481,0.983566289290079,0,1,0.09588031540549741,0.9917831446450396,0,1,0,1
P01,V1_video2_pocaluz,poca_luz,1434,59.76779959377116,1,0.1987740245376869,0.1997666246817001,0.19778142439367366,0.32985243327133534,0.16944444444444445,1.0,0.18779417992205438,0.2927087027819215,0.24025144135198795,0.995466315969711,0,1,0.12012572067599397,0.9977331579848555,0,1,0,1
P01,V1_video2_pocaluz,poca_luz,1435,59.80947867298578,1,0.2143973799238205,0.22008366936952276,0.20871109047811823,0.3256511490272856,0.16944444444444445,1.0,0.24554269670594542,0.21109463599487677,0.2283186663504111,0.9904759940759548,0,1,0.11415933317520555,0.9952379970379774,0,1,0,1
P01,V1_video2_pocaluz,poca_luz,1436,59.85115775220041,1,0.22310688445346355,0.22927204016855074,0.21694172873837633,0.32121281928579964,0.16944444444444445,1.0,0.08052042051038977,0.36331327278776804,0.2219168466490789,0.9837591787290324,0,1,0.11095842332453945,0.9918795893645163,0,1,0,1
P01,V1_video2_pocaluz,poca_luz,1437,59.89283683141503,1,0.2318501933093919,0.24138130623060233,0.2223190803881815,0.3172520329811118,0.16944444444444445,1.0,0.11711778485691537,0.23731452230133443,0.1772161535791249,0.9933747480018406,0,1,0.08860807678956245,0.9966873740009203,0,1,0,1
P01,V1_video2_pocaluz,poca_luz,1438,59.934515910629656,1,0.23350649602028928,0.24426286591041205,0.22275012613016648,0.31035070908670465,0.16944444444444445,1.0,0.2011401986014162,0.15395013213653674,0.17754516536897647,0.9706615523380875,0,1,0.08877258268448823,0.9853307761690437,0,1,0,1
P01,V1_video2_pocaluz,poca_luz,1439,59.97619498984428,1,0.24121502862402244,0.25228361694943924,0.23014644029860562,0.3102939519724695,0.16944444444444445,1.0,0.18106537640740894,0.09965475848164795,0.14036006744452845,0.9738744741228457,0,1,0.07018003372226422,0.9869372370614229,0,1,0,1
P01,V1_video2_pocaluz,poca_luz,1440,60.017874069058905,1,0.24503150437278792,0.2561470859704244,0.23391592277515144,0.30576400457663216,0.16944444444444445,1.0,0.01956396921970005,0.24084185142875236,0.1302029103242262,0.9888867890865913,0,1,0.0651014551621131,0.9944433945432957,0,1,0,1
P01,V1_video2_pocaluz,poca_luz,1441,60.05955314827353,1,0.24429911655632178,0.2529572605746991,0.23564097253794447,0.3008720112465528,0.16944444444444445,1.0,0.0892039962907637,0.12184755459487517,0.10552577544281944,0.9976361688555161,0,1,0.05276288772140972,0.9988180844277581,0,1,0,1
P01,V1_video2_pocaluz,poca_luz,1442,60.101232227488154,1,0.250813850902134,0.26163709232378185,0.23999060948048612,0.29469020853221195,0.16944444444444445,1.0,0.10585588725450656,0.37225313258455983,0.2390545099195332,0.9949953819269144,0,1,0.1195272549597666,0.9974976909634572,0,1,0,1
P01,V1_video2_pocaluz,poca_luz,1443,60.14291130670278,1,0.2560533609706708,0.26675958015625223,0.24534714178508932,0.29315980830725374,0.16944444444444445,1.0,0.01713299695056869,0.3181914423063452,0.16766221962845695,0.9938616081717233,0,1,0.08383110981422848,0.9969308040858617,0,1,0,1
P01,V1_video2_pocaluz,poca_luz,1444,60.1845903859174,1,0.258272519301626,0.2715267834930652,0.2450182551101868,0.28979234519463154,0.16944444444444445,1.0,0.024647167438931472,0.2635424995988874,0.14409483351890945,0.9844013936635492,0,1,0.07204741675945472,0.9922006968317746,0,1,0,1
P01,V1_video2_pocaluz,poca_luz,1445,60.22626946513203,1,0.26255888779285463,0.2728708121628938,0.25224696342281544,0.2855270838035227,0.16944444444444445,1.0,0.025874948414332688,0.14435145516468062,0.08511320178950665,0.9892197862036954,0,1,0.04255660089475333,0.9946098931018477,0,1,0,1
P01,V1_video2_pocaluz,poca_luz,1446,60.26794854434665,1,0.2557069742155703,0.2629897730200816,0.24842417541105907,0.2793163235951581,0.16944444444444445,1.0,0.1323083411447521,0.2712504594570293,0.2017794003008907,0.975110115143703,0,1,0.10088970015044535,0.9875550575718515,0,1,0,1
P01,V1_video2_pocaluz,poca_luz,1447,60.309627623561276,1,0.25624237852501436,0.2686213301814386,0.2438634268685901,0.2616544196135731,0.16944444444444445,1.0,0.08159276235426971,0.2780196982919171,0.1798062303230934,0.9501634905676148,0,1,0.0899031151615467,0.9750817452838074,0,1,0,1
P01,V1_video2_pocaluz,poca_luz,1448,60.3513067027759,1,0.25341385611794687,0.26954993995357124,0.2372777722823225,0.24176587289740098,0.16944444444444445,1.0,0.06443956726310929,0.10012018061909356,0.08227987394110142,0.818622265780978,0,1,0.04113993697055071,0.909311132890489,0,1,0,1
P01,V1_video2_pocaluz,poca_luz,1449,60.392985781990525,1,0.2540866733463478,0.2699266686442,0.2382466780484957,0.23490400805922748,0.16944444444444445,1.0,0.05175052264729618,0.2605331126247762,0.15614181763603618,0.8646593668589148,0,1,0.07807090881801809,0.9323296834294574,0,1,0,1
P01,V1_video2_pocaluz,poca_luz,1450,60.43466486120515,1,0.2641510875955646,0.27897164875617253,0.2493305264349567,0.23127912109950918,0.16944444444444445,1.0,0.061142444505648985,0.18496112218863203,0.12305178334714051,0.5657714528855523,0,1,0.061525891673570254,0.7828857264427762,0,1,0,1
P01,V1_video2_pocaluz,poca_luz,1451,60.476343940419774,1,0.26397845025351346,0.27762513741425876,0.25033176309276817,0.22371626889984336,0.16944444444444445,1.0,0.042870036306079884,0.12868811051591422,0.08577907341099705,0.6500276279508105,0,1,0.04288953670549853,0.8250138139754053,0,1,0,1
P01,V1_video2_pocaluz,poca_luz,1452,60.5180230196344,1,0.2632917223583943,0.2783807955164438,0.24820264920034488,0.21891664754457477,0.16944444444444445,1.0,0.04637623419404213,0.1168526338741751,0.08161443403410862,0.45020780531639115,0,1,0.04080721701705431,0.7251039026581956,0,1,0,1
P01,V1_video2_pocaluz,poca_luz,1453,60.55970209884902,1,0.26960098320932524,0.28577715714447893,0.2534248092741715,0.21354310281792804,0.16944444444444445,1.0,0.07125708037351741,0.08050460594320374,0.07588084315836058,0.4327843122505443,0,1,0.03794042157918029,0.7163921561252722,0,1,0,1
P01,V1_video2_pocaluz,poca_luz,1454,60.60138117806365,1,0.27093501526401287,0.2855155502766642,0.2563544802513616,0.1987393801829451,0.16944444444444445,1.0,0.018612462325894974,0.08708420194098465,0.05284833213343981,0.41949944236665965,0,1,0.026424166066719906,0.7097497211833298,0,1,0,1
P01,V1_video2_pocaluz,poca_luz,1455,60.64306025727827,1,0.27249329863809924,0.28514848057548653,0.259838116700712,0.191458695456476,0.16944444444444445,1.0,0.031122902755112314,0.15188806649852615,0.09150548462681923,0.4253237586246442,0,1,0.04575274231340962,0.712661879312322,0,1,0,1
P01,V1_video2_pocaluz,poca_luz,1456,60.684739336492896,1,0.27535640740907863,0.2890472067438773,0.26166560807427997,0.17815960232380706,0.16944444444444445,1.0,0.058276349443590614,0.1017671035096055,0.08002172647659805,0.20813758740121574,0,1,0.04001086323829903,0.6040687937006078,0,1,0,1
P01,V1_video2_pocaluz,poca_luz,1457,60.72641841570752,1,0.2732870886704394,0.2909438355538413,0.2556303417870374,0.17547528378068344,0.16944444444444445,1.0,0.021494527612548664,0.04977485815652716,0.03563469288453791,0.20887001649571177,0,1,0.017817346442268955,0.6044350082478559,0,1,0,1
P01,V1_video2_pocaluz,poca_luz,1458,60.768097494922145,1,0.2784627598897117,0.2919989512892613,0.2649265684901621,0.16849719722812517,0.16944444444444445,1.0,0.11676728386200386,0.09473773868700086,0.10575251127450236,0.1553167930520526,0,1,0.05287625563725118,0.5776583965260262,0,1,0,0
P01,V1_video2_pocaluz,poca_luz,1459,60.80977657413677,1,0.2784430228612823,0.291339164604598,0.26554688111796654,0.16647311640251958,0.16944444444444445,1.0,0.08135724164057412,0.08852963046875695,0.08494343605466553,0.16208075456683332,0,1,0.04247171802733277,0.5810403772834166,0,1,0,0
P01,V1_video2_pocaluz,poca_luz,1460,60.851455653351394,1,0.28315801385181294,0.29550695693449236,0.2708090707691335,0.16605260223198184,0.16944444444444445,1.0,0.10264499022351181,0.015658716272136886,0.05915185324782435,0.18698381623231608,0,1,0.029575926623912174,0.593491908116158,0,1,0,1
P01,V1_video2_pocaluz,poca_luz,1461,60.89313473256602,1,0.2842141059714192,0.29695749222105855,0.2714707197217799,0.164207724734729,0.16944444444444445,1.0,0.05085846800983551,0.008896071476436895,0.029877269743136203,0.11891110303686916,0,1,0.014938634871568102,0.5594555515184346,0,1,0,0
P01,V1_video2_pocaluz,poca_luz,1462,60.93481381178064,1,0.2778055755227996,0.28941066490645795,0.2662004861391413,0.16109331818477604,0.16944444444444445,1.0,0.09638790295423427,0.02269201421732736,0.05953995858578082,0.23053171390407373,0,0,0.02976997929289041,0.11526585695203687,0,0,0,0
P01,V1_video2_pocaluz,poca_luz,1463,60.97649289099527,1,0.2755860597803774,0.28707210918723197,0.26410001037352293,0.1602948110902482,0.16944444444444445,1.0,0.062142447348894736,0.018391310065109856,0.040266878707002296,0.1032418260207927,0,0,0.020133439353501148,0.05162091301039635,0,0,0,0
P01,V1_video2_pocaluz,poca_luz,1464,61.01817197020989,1,0.2770955506362965,0.28926385608912414,0.26492724518346883,0.16068009768759317,0.16944444444444445,1.0,0.2742128314811785,0.133703740831163,0.20395828615617073,0.12509527020863306,0,0,0.10197914307808537,0.06254763510431653,0,0,0,0
P01,V1_video2_pocaluz,poca_luz,1465,61.059851049424516,1,0.27358540221183514,0.28439372875323743,0.26277707567043285,0.16092911777687907,0.16944444444444445,1.0,0.09760318542498159,0.00948576693376968,0.05354447617937563,0.16185338308706568,0,0,0.026772238089687816,0.08092669154353284,0,0,0,0
P01,V1_video2_pocaluz,poca_luz,1466,61.10153012863913,1,0.278718948328192,0.29165451913156004,0.2657833775248239,0.16009563781528047,0.16944444444444445,1.0,0.04409512368221369,0.0296868303451302,0.036890977013671944,0.20262708753759395,0,0,0.018445488506835972,0.10131354376879698,0,0,0,0
P01,V1_video2_pocaluz,poca_luz,1467,61.14320920785376,1,0.27708901538286546,0.29009868858725174,0.2640793421784792,0.1588531520723951,0.16944444444444445,1.0,0.040195664885730786,0.00995846231000197,0.025077063597866378,0.3990436521254526,0,0,0.012538531798933189,0.1995218260627263,0,0,0,0
P01,V1_video2_pocaluz,poca_luz,1468,61.18488828706838,1,0.27475007997481604,0.2861036894728981,0.2633964704767339,0.15973688403327369,0.16944444444444445,1.0,0.05787457476765856,0.012651397860820701,0.03526298631423963,0.4296975982338862,0,0,0.017631493157119815,0.2148487991169431,0,0,0,0
P01,V1_video2_pocaluz,poca_luz,1469,61.22656736628301,1,0.27420306945652995,0.2847849631503795,0.26362117576268046,0.15945344060987252,0.16944444444444445,1.0,0.10484602678954535,0.01238488108649105,0.0586154539380182,0.25018471183693936,0,0,0.0293077269690091,0.12509235591846968,0,0,0,0
P01,V1_video2_pocaluz,poca_luz,1470,61.26824644549763,1,0.2712752287333896,0.2817970160500692,0.2607534414167101,0.15855154217025405,0.16944444444444445,1.0,0.08151391875058911,0.027510688291728203,0.054512303521158656,0.1900676329444173,0,0,0.027256151760579328,0.09503381647220865,0,0,0,0
P01,V1_video2_pocaluz,poca_luz,1471,61.309925524712256,1,0.27486560692504747,0.28539432820965754,0.2643368856404374,0.15950809731260754,0.16944444444444445,1.0,0.020086021184011704,0.010223558126991938,0.015154789655501821,0.2513502718202865,0,0,0.007577394827750911,0.12567513591014326,0,0,0,0
P01,V1_video2_pocaluz,poca_luz,1472,61.35160460392688,1,0.2728100919326728,0.28466210687107824,0.2609580769942674,0.1593117279606633,0.16944444444444445,1.0,0.022026521490758677,0.09195698188351731,0.05699175168713799,0.09952814786505387,0,0,0.028495875843568996,0.04976407393252694,0,0,0,0
P01,V1_video2_pocaluz,poca_luz,1473,61.393283683141505,1,0.2655115446160264,0.2776792652988396,0.2533438239332132,0.15830928962599292,0.16944444444444445,1.0,0.0643638743650542,0.06538845491134193,0.06487616463819806,0.16203479674483218,0,0,0.03243808231909903,0.08101739837241609,0,0,0,0
P01,V1_video2_pocaluz,poca_luz,1474,61.43496276235613,1,0.2714558531786302,0.2828675949378999,0.26004411141936046,0.1601866658120136,0.16944444444444445,1.0,0.029264687105917342,0.0367758419657388,0.03302026453582807,0.11401189560636231,0,0,0.016510132267914035,0.057005947803181155,0,0,0,0
P01,V1_video2_pocaluz,poca_luz,1475,61.47664184157075,1,0.27149082489857734,0.28286596022503163,0.260115689572123,0.1589728923619843,0.16944444444444445,1.0,0.018337490455950567,0.026798913901019628,0.022568202178485097,0.0845398682076371,0,0,0.011284101089242549,0.04226993410381855,0,0,0,0
P01,V1_video2_pocaluz,poca_luz,1476,61.51832092078538,1,0.2698678887124845,0.28086721431121087,0.25886856311375817,0.15882832916206915,0.16944444444444445,1.0,0.04040618575416599,0.044641970434016964,0.04252407809409148,0.07941502894318893,0,0,0.02126203904704574,0.039707514471594464,0,0,0,0
