participante,video,condicion,frame,tiempo_s,deteccion_rostro,ear,ear_ojo1,ear_ojo2,mar,perclos,cobertura_perclos,p_cerrado_ojo1,p_cerrado_ojo2,p_cerrado,p_bostezo,d_ear,d_mar,score_ojo_o2,score_bostezo_o2,cond_o1_cierre,cond_o1_bostezo,cond_o2_cierre,cond_o2_bostezo
P07,V7_video1_normal,normal,0,0.0,1,0.29040754827781146,0.2894155086374819,0.2913995879181411,0.15988870491440668,0.0,1.0,0.03793036774845171,0.03569676586359993,0.03681356680602582,0.04888889919271865,0,0,0.01840678340301291,0.024444449596359327,0,0,0,0
P07,V7_video1_normal,normal,1,0.03333070036861506,1,0.28360647330806066,0.28322502235012953,0.28398792426599173,0.15962217269300308,0.0,1.0,0.053000652721521546,0.37261618014976605,0.2128084164356438,0.009490463397830166,0,0,0.1064042082178219,0.004745231698915083,0,0,0,0
P07,V7_video1_normal,normal,2,0.06666140073723012,1,0.28860431511144474,0.2905620666310913,0.2866465635917982,0.16060352240140735,0.0,1.0,0.07293706959155832,0.08705410704839267,0.0799955883199755,0.04072327781431381,0,0,0.03999779415998775,0.020361638907156906,0,0,0,0
P07,V7_video1_normal,normal,3,0.09999210110584518,1,0.284851845556787,0.28527928734818686,0.2844244037653872,0.16007681254102227,0.0,1.0,0.010958972311611359,0.11766586463674678,0.06431241847417907,0.0701769829594285,0,0,0.032156209237089534,0.03508849147971425,0,0,0,0
P07,V7_video1_normal,normal,4,0.13332280147446024,1,0.28454437866603755,0.28239409767362744,0.2866946596584477,0.16066381021260295,0.0,1.0,0.06703396201433653,0.3624421699152913,0.21473806596481393,0.03584984548874805,0,0,0.10736903298240696,0.017924922744374024,0,0,0,0
P07,V7_video1_normal,normal,5,0.1666535018430753,1,0.29674303428073445,0.2932312471341819,0.30025482142728693,0.16099383413676444,0.0,1.0,0.05167099861550006,0.011123119447044694,0.03139705903127238,0.0466208909453975,0,0,0.01569852951563619,0.02331044547269875,0,0,0,0
P07,V7_video1_normal,normal,6,0.19998420221169036,1,0.2971959274663287,0.29429339865884646,0.300098456273811,0.1605127285416115,0.0,1.0,0.07363911367041398,0.10927701530003064,0.09145806448522231,0.09547113807019934,0,0,0.045729032242611156,0.04773556903509967,0,0,0,0
P07,V7_video1_normal,normal,7,0.23331490258030543,1,0.2965226049401008,0.2944939576155237,0.2985512522646779,0.16062001229367473,0.0,1.0,0.09724720032052647,0.026036907529002118,0.061642053924764295,0.04685157941804524,0,0,0.030821026962382148,0.02342578970902262,0,0,0,0
P07,V7_video1_normal,normal,8,0.2666456029489205,1,0.3010541282434639,0.29872097660558866,0.30338727988133907,0.16074778290247604,0.0,1.0,0.036044399255028226,0.06534091311570978,0.050692656185369,0.10200066710422094,0,0,0.0253463280926845,0.05100033355211047,0,0,0,0
P07,V7_video1_normal,normal,9,0.29997630331753555,1,0.30363750954138735,0.3001383461442494,0.3071366729385253,0.1615979249514164,0.0,1.0,0.010521800901009182,0.07085296823364362,0.0406873845673264,0.058123097313964964,0,0,0.0203436922836632,0.029061548656982482,0,0,0,0
P07,V7_video1_normal,normal,10,0.3333070036861506,1,0.3012605117193789,0.2939223366951052,0.3085986867436526,0.1612684674232529,0.0,1.0,0.16167752984396622,0.020685034273559944,0.09118128205876308,0.16540389466744101,0,0,0.04559064102938154,0.08270194733372051,0,0,0,0
P07,V7_video1_normal,normal,11,0.36663770405476565,1,0.2968747900656469,0.2923173044958873,0.30143227563540653,0.16159907390824962,0.0,1.0,0.08382730309840947,0.041847954260896825,0.06283762867965315,0.1083875205547434,0,0,0.03141881433982657,0.0541937602773717,0,0,0,0
P07,V7_video1_normal,normal,12,0.3999684044233807,1,0.29508212091561686,0.2896039880812837,0.30056025374995005,0.16087994305734876,0.0,1.0,0.09698356132258024,0.1342286658348505,0.11560611357871536,0.024499008180712118,0,0,0.05780305678935768,0.012249504090356059,0,0,0,0
P07,V7_video1_normal,normal,13,0.4332991047919958,1,0.2917700699643909,0.286532885249047,0.29700725467973477,0.16048490602359425,0.0,1.0,0.24559389031582612,0.08503079659041601,0.16531234345312107,0.07960903600456029,0,0,0.08265617172656053,0.039804518002280145,0,0,0,0
P07,V7_video1_normal,normal,14,0.46662980516061087,1,0.3015431628115705,0.29559150957274266,0.30749481605039836,0.1604753253712353,0.0,1.0,0.02175086988326036,0.02380473186661114,0.02277780087493575,0.0566550501732427,0,0,0.011388900437467875,0.02832752508662135,0,0,0,0
P07,V7_video1_normal,normal,15,0.4999605055292259,1,0.3030383164732642,0.2988696424515399,0.30720699049498845,0.1604863782763776,0.0,1.0,0.030735926570466088,0.02569808662818862,0.028217006599327354,0.0427681660183287,0,0,0.014108503299663677,0.02138408300916435,0,0,0,0
P07,V7_video1_normal,normal,16,0.533291205897841,1,0.30447408404636467,0.3006203232573792,0.3083278448353501,0.16021026664496504,0.0,1.0,0.013838188240437033,0.015718707401565557,0.014778447821001295,0.07240060907720283,0,0,0.007389223910500647,0.036200304538601416,0,0,0,0
P07,V7_video1_normal,normal,17,0.566621906266456,1,0.3045276629253477,0.2993231831247287,0.3097321427259667,0.16046767782557653,0.0,1.0,0.020829722370428794,0.02754003874491251,0.02418488055767065,0.10007183818386967,0,0,0.012092440278835326,0.05003591909193483,0,0,0,0
P07,V7_video1_normal,normal,18,0.5999526066350711,1,0.30774105810978236,0.30145849267312186,0.3140236235464429,0.1607880226267791,0.0,1.0,0.004536411466053769,0.054302438210774406,0.029419424838414088,0.05056376485632365,0,0,0.014709712419207044,0.025281882428161824,0,0,0,0
P07,V7_video1_normal,normal,19,0.6332833070036862,1,0.30707154445793466,0.2997490734110523,0.31439401550481705,0.1610609235291683,0.0,1.0,0.03804170539172713,0.05223345368732224,0.045137579539524686,0.07456209306782809,0,0,0.022568789769762343,0.03728104653391404,0,0,0,0
P07,V7_video1_normal,normal,20,0.6666140073723013,1,0.3043366361260521,0.2981889731845219,0.31048429906758224,0.1614067754101059,0.0,1.0,0.11747896155064286,0.025935177088219463,0.07170706931943116,0.09461763769294486,0,0,0.03585353465971558,0.04730881884647243,0,0,0,0
P07,V7_video1_normal,normal,21,0.6999447077409162,1,0.30350719935651727,0.29727523053477006,0.3097391681782644,0.1615364428745031,0.0,1.0,0.12449210370129882,0.0725669083128011,0.09852950600704996,0.1469396453135336,0,0,0.04926475300352498,0.0734698226567668,0,0,0,0
P07,V7_video1_normal,normal,22,0.7332754081095313,1,0.3042444129205678,0.2982043015713516,0.310284524269784,0.16150450303665256,0.0,1.0,0.07041869222604047,0.02542496873733424,0.047921830481687355,0.15198220927512254,0,0,0.023960915240843678,0.07599110463756127,0,0,0,0
P07,V7_video1_normal,normal,23,0.7666061084781464,1,0.30306673885207935,0.2989273675312039,0.30720611017295485,0.16127119667288126,0.0,1.0,0.04949507909545314,0.12299674134633898,0.08624591022089606,0.26073195836692586,0,0,0.04312295511044803,0.13036597918346293,0,0,0,0
P07,V7_video1_normal,normal,24,0.7999368088467614,1,0.30158221607335267,0.29732962679490005,0.3058348053518053,0.16135085691115308,0.0,1.0,0.1533264881581059,0.019062594487266216,0.08619454132268606,0.23985809750069176,0,0,0.04309727066134303,0.11992904875034588,0,0,0,0
P07,V7_video1_normal,normal,25,0.8332675092153765,1,0.3032036512402183,0.2998018863605231,0.3066054161199135,0.16068833612844166,0.0,1.0,0.06316937274574308,0.05165156193660514,0.05741046734117411,0.20274818644469997,0,0,0.028705233670587055,0.10137409322234998,0,0,0,0
P07,V7_video1_normal,normal,26,0.8665982095839916,1,0.3014500806873279,0.29768167416018415,0.30521848721447176,0.16070721678159774,0.0,1.0,0.03259110533034115,0.023436068706154667,0.02801358701824791,0.07736047451409474,0,0,0.014006793509123955,0.03868023725704737,0,0,0,0
P07,V7_video1_normal,normal,27,0.8999289099526067,1,0.30719242541834824,0.3013450802894543,0.3130397705472422,0.16053471931751048,0.0,1.0,0.007248681785279487,0.06447873193689113,0.03586370686108531,0.09444764135148268,0,0,0.017931853430542655,0.04722382067574134,0,0,0,0
P07,V7_video1_normal,normal,28,0.9332596103212217,1,0.3060787786590643,0.2985437424663702,0.31361381485175843,0.16047859877002632,0.0,1.0,0.03415573001551786,0.07550846252482524,0.05483209627017155,0.033178844599923846,0,0,0.027416048135085774,0.016589422299961923,0,0,0,0
P07,V7_video1_normal,normal,29,0.9665903106898368,1,0.30602179527173023,0.2987397656068846,0.3133038249365758,0.16030880130697378,0.0,1.0,0.030961999548910435,0.054719206649215035,0.042840603099062735,0.033492481178544045,0,0,0.021420301549531368,0.016746240589272023,0,0,0,0
P07,V7_video1_normal,normal,30,0.9999210110584518,1,0.30650769141640277,0.30235918488045244,0.3106561979523531,0.16131659277573843,0.0,1.0,0.14823518360298882,0.04754828414182777,0.09789173387240829,0.08757751751951023,0,0,0.048945866936204147,0.04378875875975512,0,0,0,0
P07,V7_video1_normal,normal,31,1.033251711427067,1,0.30623442590028105,0.3012905146604238,0.31117833714013826,0.16119604874752988,0.0,1.0,0.08958320557733124,0.023985867841729847,0.05678453670953054,0.019138621994481023,0,0,0.02839226835476527,0.009569310997240512,0,0,0,0
P07,V7_video1_normal,normal,32,1.066582411795682,1,0.3026887392024501,0.29748023773529864,0.3078972406696015,0.1607726999118168,0.0,1.0,0.027212166157198348,0.03083399670573972,0.029023081431469033,0.1651894654375543,0,0,0.014511540715734517,0.08259473271877715,0,0,0,0
P07,V7_video1_normal,normal,33,1.099913112164297,1,0.30336206338940097,0.2994733938082567,0.3072507329705453,0.16151349135965137,0.0,1.0,0.0563948415424993,0.05474524576821216,0.05557004365535573,0.12943686064649443,0,0,0.027785021827677864,0.06471843032324721,0,0,0,0
P07,V7_video1_normal,normal,34,1.133243812532912,1,0.3029306123731905,0.2980973520876745,0.3077638726587066,0.16182556999461287,0.0,1.0,0.01770306729996396,0.10910260068198763,0.0634028339909758,0.13068571753190733,0,0,0.0317014169954879,0.06534285876595367,0,0,0,0
P07,V7_video1_normal,normal,35,1.166574512901527,1,0.30202856954786905,0.2981835820399656,0.3058735570557725,0.16150287149728856,0.0,1.0,0.013924347307554097,0.009376206447774593,0.011650276877664345,0.10373849592653771,0,0,0.0058251384388321725,0.051869247963268854,0,0,0,0
P07,V7_video1_normal,normal,36,1.1999052132701422,1,0.3023553256419501,0.2987853386408043,0.30592531264309597,0.1612026005040313,0.0,1.0,0.0135644141151543,0.027177002558637642,0.02037070833689597,0.03219134519628926,0,0,0.010185354168447985,0.01609567259814463,0,0,0,0
P07,V7_video1_normal,normal,37,1.2332359136387572,1,0.30036166558043953,0.2967441454124899,0.3039791857483892,0.16156123234982703,0.0,1.0,0.007623045998080946,0.06244338729530807,0.03503321664669451,0.037629515533862117,0,0,0.017516608323347255,0.018814757766931058,0,0,0,0
P07,V7_video1_normal,normal,38,1.2665666140073724,1,0.30619416545041583,0.30209512810531436,0.3102932027955173,0.1619147509041332,0.0,1.0,0.011721196006180934,0.007376236419863735,0.009548716213022335,0.08271262669239786,0,0,0.004774358106511167,0.04135631334619893,0,0,0,0
P07,V7_video1_normal,normal,39,1.2998973143759873,1,0.29994034670862235,0.29522310898973597,0.3046575844275088,0.1618525397403777,0.0,1.0,0.04991508859399396,0.017212293126544598,0.03356369086026928,0.04344006050805978,0,0,0.01678184543013464,0.02172003025402989,0,0,0,0
P07,V7_video1_normal,normal,40,1.3332280147446025,1,0.2994798418858562,0.2942441631203914,0.30471552065132096,0.16187585688404266,0.0,1.0,0.029156937731729116,0.014266730486618084,0.0217118341091736,0.024348001655083027,0,0,0.0108559170545868,0.012174000827541514,0,0,0,0
P07,V7_video1_normal,normal,41,1.3665587151132175,1,0.3020967310632436,0.29712657438491347,0.3070668877415737,0.16184524801959135,0.0,1.0,0.016358087500342733,0.02364042237249775,0.01999925493642024,0.051368879313173764,0,0,0.00999962746821012,0.025684439656586882,0,0,0,0
P07,V7_video1_normal,normal,42,1.3998894154818324,1,0.3012548280638255,0.2978030864366221,0.30470656969102883,0.161718588736786,0.0,1.0,0.034340682150317936,0.05184669727037938,0.04309368971034866,0.02538273360234015,0,0,0.02154684485517433,0.012691366801170076,0,0,0,0
P07,V7_video1_normal,normal,43,1.4332201158504476,1,0.2983394652669172,0.2942999385938231,0.3023789919400113,0.16160800180045537,0.0,1.0,0.055351964011330024,0.03694578908051982,0.04614887654592492,0.022119858186188775,0,0,0.02307443827296246,0.011059929093094388,0,0,0,0
P07,V7_video1_normal,normal,44,1.4665508162190626,1,0.2981979783507299,0.2939084793173658,0.30248747738409404,0.1609969759925692,0.0,1.0,0.06589992089302732,0.07774777211703543,0.07182384650503137,0.01738142955884499,0,0,0.03591192325251569,0.008690714779422496,0,0,0,0
P07,V7_video1_normal,normal,45,1.4998815165876778,1,0.2966950408235072,0.29168051093462943,0.30170957071238497,0.16088550996420117,0.0,1.0,0.002987820449842138,0.007018122892271661,0.0050029716710568994,0.05725314052584519,0,0,0.0025014858355284497,0.028626570262922594,0,0,0,0
P07,V7_video1_normal,normal,46,1.5332122169562927,1,0.2975166966476003,0.29207702545603426,0.3029563678391663,0.16119422842263995,0.0,1.0,0.0025303746459677257,0.007270751431586064,0.004900563038776895,0.02894283347164051,0,0,0.0024502815193884475,0.014471416735820255,0,0,0,0
P07,V7_video1_normal,normal,47,1.566542917324908,1,0.29525978193795327,0.2890882959607513,0.30143126791515523,0.1616468274415527,0.0,1.0,0.10095167406935956,0.033456588905578344,0.06720413148746895,0.007671927482085497,0,0,0.03360206574373448,0.0038359637410427484,0,0,0,0
P07,V7_video1_normal,normal,48,1.5998736176935229,1,0.2974611896710274,0.2893980467158327,0.30552433262622214,0.1612068741006712,0.0,1.0,0.12287541736336449,0.05139418957317554,0.08713480346827002,0.004662420019580061,0,0,0.04356740173413501,0.0023312100097900306,0,0,0,0
P07,V7_video1_normal,normal,49,1.633204318062138,1,0.2968594783234175,0.2891055900321261,0.304613366614709,0.16154862359680072,0.0,1.0,0.08237100620129856,0.08404162097427903,0.0832063135877888,0.004372191333173915,0,0,0.0416031567938944,0.0021860956665869574,0,0,0,0
P07,V7_video1_normal,normal,50,1.666535018430753,1,0.30197552159988933,0.2942367262609495,0.30971431693882917,0.16132070715040817,0.0,1.0,0.07663312436677838,0.029467350706276152,0.05305023753652727,0.04936014009107717,0,0,0.026525118768263634,0.024680070045538585,0,0,0,0
P07,V7_video1_normal,normal,51,1.699865718799368,1,0.29957714321212,0.2935689042622266,0.30558538216201336,0.16164177291788112,0.0,1.0,0.09879271017328417,0.05532853173658081,0.07706062095493249,0.030846367629912528,0,0,0.038530310477466245,0.015423183814956264,0,0,0,0
P07,V7_video1_normal,normal,52,1.7331964191679832,1,0.30443650765567665,0.29910952020268033,0.30976349510867296,0.16144312655070384,0.0,1.0,0.03570051663641993,0.033604112897273386,0.03465231476684666,0.011103389642791839,0,0,0.01732615738342333,0.005551694821395919,0,0,0,0
P07,V7_video1_normal,normal,53,1.7665271195365981,1,0.30232073750347077,0.2981109579226599,0.30653051708428164,0.16084630857729762,0.0,1.0,0.07116183751011673,0.013246528939303004,0.04220418322470987,0.015118198915719082,0,0,0.021102091612354934,0.007559099457859541,0,0,0,0
P07,V7_video1_normal,normal,54,1.7998578199052133,1,0.3038705896149947,0.30021931119551437,0.307521868034475,0.16100759657175923,0.0,1.0,0.13110771284855016,0.022532456087016928,0.07682008446778354,0.011109669028210116,0,0,0.03841004223389177,0.005554834514105058,0,0,0,0
P07,V7_video1_normal,normal,55,1.8331885202738283,1,0.3046096910683405,0.3014251872342742,0.30779419490240684,0.16136392956027407,0.0,1.0,0.008354056044228675,0.061090443977811826,0.03472225001102025,0.014663096698570445,0,0,0.017361125005510125,0.0073315483492852225,0,0,0,0
P07,V7_video1_normal,normal,56,1.8665192206424435,1,0.30174714442050676,0.29732958277621957,0.306164706064794,0.1614054013747118,0.0,1.0,0.054126057101587355,0.028487165547958382,0.04130661132477287,0.008100420650213802,0,0,0.020653305662386434,0.004050210325106901,0,0,0,0
P07,V7_video1_normal,normal,57,1.8998499210110584,1,0.2973818515338578,0.2940023692894881,0.30076133377822756,0.1613250590429598,0.0,1.0,0.03310813528625922,0.02155363814595357,0.027330886716106395,0.02317268054058521,0,0,0.013665443358053198,0.011586340270292605,0,0,0,0
P07,V7_video1_normal,normal,58,1.9331806213796736,1,0.2975300944502173,0.29371714664086507,0.3013430422595694,0.1609721216450602,0.0,1.0,0.20068223209918434,0.0235626460170113,0.11212243905809782,0.01937133216013727,0,0,0.05606121952904891,0.009685666080068635,0,0,0,0
P07,V7_video1_normal,normal,59,1.9665113217482886,1,0.29861661905280956,0.2952752978559971,0.301957940249622,0.16101658560084972,0.0,1.0,0.083308344309035,0.10134184317168216,0.09232509374035858,0.05840301824404262,0,0,0.04616254687017929,0.02920150912202131,0,0,0,0
P07,V7_video1_normal,normal,60,1.9998420221169035,1,0.29537633841309424,0.29219633222847285,0.29855634459771563,0.16087836459256472,0.0,1.0,0.14945770127646552,0.05827352326381974,0.10386561227014263,0.06861010077760077,0,0,0.05193280613507131,0.034305050388800384,0,0,0,0
P07,V7_video1_normal,normal,61,2.0331727224855185,1,0.29580658524894093,0.2935245422557422,0.29808862824213966,0.1612862911530083,0.0,1.0,0.09802833857093385,0.008523778317392261,0.053276058444163055,0.1039970083257269,0,0,0.026638029222081527,0.05199850416286345,0,0,0,0
P07,V7_video1_normal,normal,62,2.066503422854134,1,0.2968799535520457,0.29428961050394054,0.2994702966001509,0.16163912463891417,0.0,1.0,0.025114013285582937,0.0037856014320047926,0.014449807358793865,0.0747471529094699,0,0,0.007224903679396932,0.03737357645473495,0,0,0,0
P07,V7_video1_normal,normal,63,2.099834123222749,1,0.29528833290293144,0.2929957338510079,0.2975809319548549,0.1617667679743836,0.0,1.0,0.12222571043185648,0.025147459191712462,0.07368658481178447,0.043479408348198245,0,0,0.036843292405892236,0.021739704174099123,0,0,0,0
P07,V7_video1_normal,normal,64,2.133164823591364,1,0.2962314090656517,0.29404500011140605,0.29841781801989736,0.16165938992128312,0.0,1.0,0.17632995004776442,0.004592067273755274,0.09046100866075985,0.037760253131107986,0,0,0.04523050433037992,0.018880126565553993,0,0,0,0
P07,V7_video1_normal,normal,65,2.166495523959979,1,0.29103445277848083,0.2881122283304022,0.29395667722655955,0.16083973434450702,0.0,1.0,0.11890708141017736,0.05011513169536819,0.08451110655277277,0.052954193657795405,0,0,0.04225555327638639,0.026477096828897703,0,0,0,0
P07,V7_video1_normal,normal,66,2.199826224328594,1,0.2930842662640525,0.2912929407761098,0.29487559175199524,0.16078356717596068,0.0,1.0,0.04540246436481765,0.10017905281626915,0.0727907585905434,0.033303004110631286,0,0,0.0363953792952717,0.016651502055315643,0,0,0,0
P07,V7_video1_normal,normal,67,2.233156924697209,1,0.2907739721569999,0.29087610210429526,0.29067184220970455,0.1605495136044948,0.0,1.0,0.023324679514566515,0.03354199519240886,0.028433337353487687,0.011070312044905637,0,0,0.014216668676743843,0.0055351560224528185,0,0,0,0
P07,V7_video1_normal,normal,68,2.266487625065824,1,0.21399272758621046,0.21509182225850076,0.2128936329139202,0.15996423645429675,0.0,1.0,0.1643865677860944,0.23307508678153033,0.19873082728381236,0.050432323331758545,0,0,0.09936541364190618,0.025216161665879273,0,0,0,0
P07,V7_video1_normal,normal,69,2.299818325434439,1,0.13396045744028812,0.12561623210073272,0.1423046827798435,0.15998038099821968,0.014285714285714285,1.0,0.22351149249173374,0.2500805606097034,0.23679602655071857,0.1165968443572388,1,0,0.6183980132753593,0.0582984221786194,1,0,1,0
P07,V7_video1_normal,normal,70,2.333149025803054,1,0.11022976197746731,0.11583100791537038,0.10462851603956423,0.16001245702518263,0.028169014084507043,1.0,0.3413564413852568,0.2159901965740635,0.27867331897966013,0.057608576392489494,1,0,0.6393366594898301,0.028804288196244747,1,0,1,0
P07,V7_video1_normal,normal,71,2.3664797261716695,1,0.137644128880575,0.13336035083119038,0.14192790692995963,0.15981679130579582,0.041666666666666664,1.0,0.5280302713277036,0.2920115133251373,0.41002089232642047,0.04449787350684614,1,0,0.7050104461632103,0.02224893675342307,1,0,1,0
P07,V7_video1_normal,normal,72,2.3998104265402844,1,0.1634861806800576,0.1556888089104867,0.1712835524496285,0.1600672654058604,0.0410958904109589,1.0,0.19084720529327814,0.07584358996244556,0.13334539762786185,0.041462111628107264,0,0,0.06667269881393093,0.020731055814053632,0,0,0,0
P07,V7_video1_normal,normal,73,2.4331411269088994,1,0.2021291457716668,0.2040347576190012,0.2002235339243324,0.16049711339962844,0.04054054054054054,1.0,0.07068539520044026,0.10747548094168491,0.08908043807106258,0.026840899581783886,0,0,0.04454021903553129,0.013420449790891943,0,0,0,0
P07,V7_video1_normal,normal,74,2.4664718272775144,1,0.23203041807215183,0.23604857313243624,0.22801226301186742,0.16007622267881996,0.04,1.0,0.02320696399161959,0.1051326554523937,0.06416980972200664,0.026029429605987465,0,0,0.03208490486100332,0.013014714802993732,0,0,0,0
P07,V7_video1_normal,normal,75,2.4998025276461298,1,0.2410920669114484,0.23986053431853674,0.24232359950436008,0.1599295918392354,0.039473684210526314,1.0,0.07009225838715871,0.019531590101626195,0.044811924244392454,0.004338532613092829,0,0,0.022405962122196227,0.0021692663065464145,0,0,0,0
P07,V7_video1_normal,normal,76,2.5331332280147447,1,0.2540372597629732,0.2528394341929199,0.2552350853330265,0.1595352474414329,0.03896103896103896,1.0,0.016088790728141955,0.01977234124258276,0.017930565985362357,0.0055624922705202065,0,0,0.008965282992681178,0.0027812461352601033,0,0,0,0
P07,V7_video1_normal,normal,77,2.5664639283833597,1,0.25698655853235564,0.256012331578362,0.2579607854863492,0.15999966702488963,0.038461538461538464,1.0,0.060697195524183845,0.023512019530279038,0.04210460752723144,0.014273209789198453,0,0,0.02105230376361572,0.007136604894599227,0,0,0,0
P07,V7_video1_normal,normal,78,2.5997946287519746,1,0.26354905230886116,0.2620242142047889,0.26507389041293344,0.16008719797432824,0.0379746835443038,1.0,0.040345808074041645,0.03309670407848764,0.03672125607626464,0.02053723403275883,0,0,0.01836062803813232,0.010268617016379414,0,0,0,0
P07,V7_video1_normal,normal,79,2.6331253291205896,1,0.26693343644954104,0.2654393299198253,0.26842754297925686,0.16024174834206503,0.0375,1.0,0.04703936505186779,0.1716989322296243,0.10936914864074604,0.014314158027446636,0,0,0.05468457432037302,0.007157079013723318,0,0,0,0
P07,V7_video1_normal,normal,80,2.666456029489205,1,0.27435477397104147,0.27443765970580813,0.27427188823627485,0.1605704932129923,0.037037037037037035,1.0,0.048504948344251786,0.028082811070500258,0.03829387970737602,0.03530957106366466,0,0,0.01914693985368801,0.01765478553183233,0,0,0,0
P07,V7_video1_normal,normal,81,2.69978672985782,1,0.27947994625198347,0.2798977422178356,0.2790621502861313,0.16099430239158982,0.036585365853658534,1.0,0.3078115362797966,0.055115826135179735,0.18146368120748818,0.02667766052871703,0,0,0.09073184060374409,0.013338830264358515,0,0,0,0
P07,V7_video1_normal,normal,82,2.733117430226435,1,0.2807735296743259,0.28170773226310136,0.2798393270855504,0.16105989962073755,0.03614457831325301,1.0,0.20615113543568664,0.16378532739743412,0.18496823141656038,0.006216052982361333,0,0,0.09248411570828019,0.0031080264911806663,0,0,0,0
P07,V7_video1_normal,normal,83,2.76644813059505,1,0.2813792446829307,0.2828246037742475,0.27993388559161386,0.16136477719418685,0.03571428571428571,1.0,0.06597337006828008,0.08743182622327339,0.07670259814577673,0.0070584660150354046,0,0,0.03835129907288837,0.0035292330075177023,0,0,0,0
P07,V7_video1_normal,normal,84,2.799778830963665,1,0.27928658369298676,0.28057401048101555,0.27799915690495797,0.16130765511609682,0.03529411764705882,1.0,0.05596984534686822,0.03530760578459491,0.045638725565731564,0.03321211417184843,0,0,0.022819362782865782,0.016606057085924216,0,0,0,0
P07,V7_video1_normal,normal,85,2.8331095313322803,1,0.2753949337307201,0.2758294167546006,0.27496045070683967,0.16127985960121996,0.03488372093023256,1.0,0.04840125722491262,0.17443098041585325,0.11141611882038294,0.018287792928402723,0,0,0.05570805941019147,0.009143896464201362,0,0,0,0
P07,V7_video1_normal,normal,86,2.8664402317008952,1,0.2776514282476674,0.27709455802827554,0.27820829846705925,0.16085101192341103,0.034482758620689655,1.0,0.049725163326201915,0.2769562771648121,0.163340720245507,0.048644299799765756,0,0,0.0816703601227535,0.024322149899882878,0,0,0,0
P07,V7_video1_normal,normal,87,2.89977093206951,1,0.27906201337923364,0.27972979319517854,0.2783942335632887,0.1606832712552338,0.03409090909090909,1.0,0.06636394302751392,0.15149265013134983,0.10892829657943187,0.01850935237904502,0,0,0.054464148289715936,0.00925467618952251,0,0,0,0
P07,V7_video1_normal,normal,88,2.933101632438125,1,0.278794684120936,0.2795458371213031,0.27804353112056895,0.16055482016523043,0.033707865168539325,1.0,0.06847859728621986,0.09626918903500303,0.08237389316061144,0.025005058011856495,0,0,0.04118694658030572,0.012502529005928248,0,0,0,0
P07,V7_video1_normal,normal,89,2.9664323328067406,1,0.27807253618958816,0.278539309760495,0.27760576261868125,0.16044052177104193,0.03333333333333333,1.0,0.1288006728015587,0.2652548884495848,0.19702778062557175,0.008226093926626495,0,0,0.09851389031278587,0.004113046963313247,0,0,0,0
P07,V7_video1_normal,normal,90,2.9997630331753555,1,0.2811528949683142,0.2817549777505388,0.28055081218608957,0.16086197423901394,0.03296703296703297,1.0,0.22346314541178602,0.12582785251795847,0.17464549896487225,0.04566249584911278,0,0,0.08732274948243612,0.02283124792455639,0,0,0,0
P07,V7_video1_normal,normal,91,3.0330937335439705,1,0.2856125002324069,0.2861180436278216,0.2851069568369922,0.16114090607287548,0.03260869565217391,1.0,0.25615972767597395,0.057176979737093236,0.1566683537065336,0.00688665965288574,0,0,0.0783341768532668,0.00344332982644287,0,0,0,0
P07,V7_video1_normal,normal,92,3.0664244339125855,1,0.2840797416484703,0.28354789921751516,0.2846115840794254,0.1613803245604807,0.03225806451612903,1.0,0.031012477659385418,0.0764837338077804,0.05374810573358291,0.033523736840633464,0,0,0.026874052866791454,0.016761868420316732,0,0,0,0
P07,V7_video1_normal,normal,93,3.0997551342812004,1,0.2832879122153834,0.2825962347312626,0.28397958969950426,0.1618878916968432,0.031914893617021274,1.0,0.09476373049021203,0.016548752773689834,0.05565624163195093,0.011235636442028813,0,0,0.027828120815975466,0.0056178182210144065,0,0,0,0
P07,V7_video1_normal,normal,94,3.133085834649816,1,0.2808439003017684,0.27869581496189755,0.2829919856416393,0.16149419042182395,0.031578947368421054,1.0,0.21172301151983963,0.056433626516611546,0.1340783190182256,0.06376553285499617,0,0,0.0670391595091128,0.031882766427498085,0,0,0,0
P07,V7_video1_normal,normal,95,3.166416535018431,1,0.2830883911452373,0.28264456196873056,0.28353222032174413,0.1614655307556392,0.03125,1.0,0.32437941278164606,0.023132201520972173,0.17375580715130912,0.01905510608745896,0,0,0.08687790357565456,0.00952755304372948,0,0,0,0
P07,V7_video1_normal,normal,96,3.1997472353870458,1,0.2844212656662135,0.2835063487179097,0.2853361826145174,0.16157283608483958,0.030927835051546393,1.0,0.05476960555784671,0.049514913593838306,0.05214225957584251,0.008105234172187442,0,0,0.026071129787921254,0.004052617086093721,0,0,0,0
P07,V7_video1_normal,normal,97,3.2330779357556607,1,0.28299744354508827,0.28074587718685007,0.2852490099033264,0.1615626287160108,0.030612244897959183,1.0,0.08148725444320715,0.036070129604908185,0.058778692024057666,0.01439346600596837,0,0,0.029389346012028833,0.007196733002984185,0,0,0,0
P07,V7_video1_normal,normal,98,3.266408636124276,1,0.28716144137002664,0.28488617597385235,0.28943670676620087,0.16127102995274661,0.030303030303030304,1.0,0.0566367804244422,0.06648874539270322,0.06156276290857271,0.009012158979008032,0,0,0.030781381454286355,0.004506079489504016,0,0,0,0
P07,V7_video1_normal,normal,99,3.299739336492891,1,0.2868961572472899,0.2854693598354099,0.2883229546591699,0.16108782212123804,0.03,1.0,0.035056200478501,0.10893289681442742,0.07199454864646421,0.024552916955819914,0,0,0.035997274323232104,0.012276458477909957,0,0,0,0
P07,V7_video1_normal,normal,100,3.333070036861506,1,0.2892854609914592,0.2882176977324624,0.29035322425045595,0.16076777862164035,0.0297029702970297,1.0,0.015540802519888097,0.06995392369394438,0.042747363106916236,0.009162169663839335,0,0,0.021373681553458118,0.004581084831919668,0,0,0,0
P07,V7_video1_normal,normal,101,3.366400737230121,1,0.29208533336722164,0.29168930052485526,0.2924813662095881,0.16071034765777506,0.029411764705882353,1.0,0.08702387002436185,0.025263558496745664,0.056143714260553756,0.010023152119381377,0,0,0.028071857130276878,0.005011576059690688,0,0,0,0
P07,V7_video1_normal,normal,102,3.399731437598736,1,0.2915656461231426,0.2906806919064582,0.29245060033982706,0.1607352909372095,0.02912621359223301,1.0,0.0325173608153011,0.06044190661790949,0.046479633716605295,0.004922622740474149,0,0,0.023239816858302648,0.0024613113702370744,0,0,0,0
P07,V7_video1_normal,normal,103,3.4330621379673514,1,0.29038148238080375,0.2898498641953934,0.29091310056621406,0.16072609692908083,0.028846153846153848,1.0,0.025322648191006714,0.08272201542794044,0.05402233180947358,0.010780452793540979,0,0,0.02701116590473679,0.005390226396770489,0,0,0,0
P07,V7_video1_normal,normal,104,3.4663928383359663,1,0.28724145344168817,0.2871030739119269,0.2873798329714495,0.16150853371199916,0.02857142857142857,1.0,0.02582549468608608,0.05244226332596724,0.03913387900602666,0.023488826835114635,0,0,0.01956693950301333,0.011744413417557317,0,0,0,0
P07,V7_video1_normal,normal,105,3.4997235387045813,1,0.2865202247194531,0.28440783356587934,0.28863261587302685,0.16126053912225347,0.02830188679245283,1.0,0.05713820290352045,0.1257299875626875,0.09143409523310397,0.015173991912855482,0,0,0.04571704761655199,0.007586995956427741,0,0,0,0
P07,V7_video1_normal,normal,106,3.5330542390731963,1,0.28899800504901396,0.28959243426086567,0.2884035758371622,0.16115973289968227,0.028037383177570093,1.0,0.03996206765785548,0.10113683785138317,0.07054945275461932,0.023710246704348036,0,0,0.03527472637730966,0.011855123352174018,0,0,0,0
P07,V7_video1_normal,normal,107,3.5663849394418117,1,0.2875693841343471,0.28784008102696246,0.28729868724173163,0.16072500091977068,0.027777777777777776,1.0,0.08697285239147756,0.07970044820330102,0.08333665029738929,0.018988919382792836,0,0,0.041668325148694646,0.009494459691396418,0,0,0,0
P07,V7_video1_normal,normal,108,3.5997156398104266,1,0.28676515836757943,0.28756718691207683,0.285963129823082,0.16100561788503162,0.027522935779816515,1.0,0.08326629448427791,0.09624145953663643,0.08975387701045717,0.005956357541585916,0,0,0.044876938505228586,0.002978178770792958,0,0,0,0
P07,V7_video1_normal,normal,109,3.6330463401790416,1,0.2853864086032091,0.2853387738204497,0.2854340433859685,0.16106286773422873,0.02727272727272727,1.0,0.23914522151506035,0.10210779018814453,0.17062650585160244,0.0028169305543342955,0,0,0.08531325292580122,0.0014084652771671478,0,0,0,0
P07,V7_video1_normal,normal,110,3.6663770405476566,1,0.2857547634256866,0.28581465836925296,0.2856948684821203,0.16108643254302005,0.02702702702702703,1.0,0.06146330778516074,0.08121928686915914,0.07134129732715994,0.035837239121367916,0,0,0.03567064866357997,0.017918619560683958,0,0,0,0
P07,V7_video1_normal,normal,111,3.6997077409162715,1,0.2857015543397435,0.28446134411068597,0.286941764568801,0.16079589515757894,0.026785714285714284,1.0,0.43172670674367164,0.09819141299607692,0.2649590598698743,0.023273235125839085,0,0,0.13247952993493714,0.011636617562919543,0,0,0,0
P07,V7_video1_normal,normal,112,3.733038441284887,1,0.2901559615649184,0.2891255250292147,0.2911863981006222,0.16118873582586732,0.02654867256637168,1.0,0.06455034666324866,0.0826686988484544,0.07360952275585153,0.030672313953299172,0,0,0.036804761377925765,0.015336156976649586,0,0,0,0
P07,V7_video1_normal,normal,113,3.766369141653502,1,0.2886741363726261,0.28904071884784555,0.2883075538974067,0.16083042999324007,0.02631578947368421,1.0,0.08030300720585015,0.2171210125715819,0.14871200988871602,0.06199337993357672,0,0,0.07435600494435801,0.03099668996678836,0,0,0,0
P07,V7_video1_normal,normal,114,3.799699842022117,1,0.28826759650923384,0.286967201197747,0.2895679918207207,0.1605530746790019,0.02608695652173913,1.0,0.14526969229122966,0.06497437855295041,0.10512203542209003,0.0996369619223079,0,0,0.052561017711045016,0.04981848096115395,0,0,0,0
P07,V7_video1_normal,normal,115,3.833030542390732,1,0.2880103685634412,0.28745382513911033,0.288566911987772,0.1602103022805366,0.02586206896551724,1.0,0.09789472612919581,0.07149269553634696,0.08469371083277139,0.13867768496893262,0,0,0.04234685541638569,0.06933884248446631,0,0,0,0
P07,V7_video1_normal,normal,116,3.8663612427593472,1,0.2904597841463668,0.28938687697783677,0.29153269131489684,0.16035958977298023,0.02564102564102564,1.0,0.026331056937843433,0.17055079570800058,0.098440926322922,0.03395780656119491,0,0,0.049220463161461,0.016978903280597455,0,0,0,0
P07,V7_video1_normal,normal,117,3.899691943127962,1,0.2891987671569469,0.28942861332743436,0.2889689209864595,0.1606886089018661,0.025423728813559324,1.0,0.017153347994138368,0.38425396078924523,0.2007036543916918,0.09885054773230054,0,0,0.1003518271958459,0.04942527386615027,0,0,0,0
P07,V7_video1_normal,normal,118,3.933022643496577,1,0.29248865015014763,0.29302002523675397,0.2919572750635413,0.16067056781731828,0.025210084033613446,1.0,0.0706814172902489,0.058920502434048116,0.06480095986214851,0.05063027185941935,0,0,0.032400479931074255,0.025315135929709676,0,0,0,0
P07,V7_video1_normal,normal,119,3.966353343865192,1,0.2937033854235753,0.2941825963619245,0.29322417448522614,0.16082235058243047,0.025,1.0,0.0723327799721113,0.06542255798117536,0.06887766897664332,0.030852754503045306,0,0,0.03443883448832166,0.015426377251522653,0,0,0,0
P07,V7_video1_normal,normal,120,3.999684044233807,1,0.3004798316530275,0.29696125618702635,0.30399840711902865,0.1613034660141782,0.024793388429752067,1.0,0.050715522125815315,0.02680549346904093,0.03876050779742812,0.10350284963454776,0,0,0.01938025389871406,0.05175142481727388,0,0,0,0
P07,V7_video1_normal,normal,121,4.033014744602422,1,0.2881239545470565,0.2864780772144713,0.28976983187964167,0.16112261831628297,0.02459016393442623,1.0,0.12805777685852526,0.031701458207312516,0.07987961753291889,0.15697087552279235,0,0,0.039939808766459445,0.07848543776139617,0,0,0,0
P07,V7_video1_normal,normal,122,4.066345444971037,1,0.28455737026111066,0.2845421411151168,0.28457259940710455,0.16104048305200597,0.024390243902439025,1.0,0.06889342924219155,0.03363494989176363,0.05126418956697759,0.11179923596361975,0,0,0.025632094783488796,0.055899617981809875,0,0,0,0
P07,V7_video1_normal,normal,123,4.099676145339653,1,0.28863184145212045,0.28689756005897127,0.29036612284526964,0.16044772042134678,0.024193548387096774,1.0,0.02604230115249384,0.17863108333398414,0.10233669224323899,0.2340646970592048,0,0,0.051168346121619496,0.1170323485296024,0,0,0,0
P07,V7_video1_normal,normal,124,4.133006845708268,1,0.2885863764823927,0.28676019601196734,0.2904125569528181,0.1605727185974715,0.024,1.0,0.06690838822179868,0.12330851096080953,0.0951084495913041,0.11212385262082349,0,0,0.04755422479565205,0.05606192631041174,0,0,0,0
P07,V7_video1_normal,normal,125,4.166337546076883,1,0.28380110403603914,0.28081124004494906,0.2867909680271292,0.16087606345050226,0.023809523809523808,1.0,0.026974060754606066,0.05379418218157117,0.04038412146808862,0.046208880309357034,0,0,0.02019206073404431,0.023104440154678517,0,0,0,0
P07,V7_video1_normal,normal,126,4.199668246445498,1,0.28788507814772424,0.2851610601242673,0.2906090961711812,0.15998439237869128,0.023622047244094488,1.0,0.010156183521898288,0.0777233292988525,0.0439397564103754,0.16188042375538628,0,0,0.0219698782051877,0.08094021187769314,0,0,0,0
P07,V7_video1_normal,normal,127,4.232998946814113,1,0.28588419885722244,0.28161880393679384,0.29014959377765104,0.15933272745806473,0.0234375,1.0,0.10850086365809952,0.056258405318683646,0.08237963448839158,0.08106092384332929,0,0,0.04118981724419579,0.040530461921664644,0,0,0,0
P07,V7_video1_normal,normal,128,4.266329647182728,1,0.28470025419835576,0.2806238837972389,0.28877662459947256,0.15971871119108122,0.023255813953488372,1.0,0.052057987010422746,0.01881046322945723,0.03543422511993999,0.063652299788939,0,0,0.017717112559969994,0.0318261498944695,0,0,0,0
P07,V7_video1_normal,normal,129,4.299660347551343,1,0.28411498474853414,0.27840701924252464,0.28982295025454363,0.1592262491064509,0.023076923076923078,1.0,0.15433448987575582,0.03610201665120172,0.09521825326347877,0.03835112910140735,0,0,0.047609126631739385,0.019175564550703676,0,0,0,0
P07,V7_video1_normal,normal,130,4.332991047919958,1,0.2834071904075647,0.2787536203002397,0.2880607605148897,0.15929375097765533,0.022900763358778626,1.0,0.0738590125764007,0.050061418700948046,0.061960215638674376,0.11165024132337927,0,0,0.030980107819337188,0.05582512066168963,0,0,0,0
P07,V7_video1_normal,normal,131,4.366321748288573,1,0.2836902935165958,0.27916679218356405,0.2882137948496276,0.15928196174697945,0.022727272727272728,1.0,0.0738590125764007,0.042697798435206935,0.05827840550580382,0.100894128964643,0,0,0.02913920275290191,0.0504470644823215,0,0,0,0
P07,V7_video1_normal,normal,132,4.399652448657188,1,0.2875219066037801,0.2832220195340504,0.2918217936735097,0.15944038079358594,0.022556390977443608,1.0,0.0899920772100562,0.08410694447386635,0.08704951084196128,0.06695675048601002,0,0,0.04352475542098064,0.03347837524300501,0,0,0,0
P07,V7_video1_normal,normal,133,4.432983149025803,1,0.2873139666897968,0.28411627944442247,0.29051165393517114,0.15919775916797713,0.022388059701492536,1.0,0.09926175490595235,0.10920351847429743,0.10423263669012489,0.1125532958522888,0,0,0.052116318345062446,0.0562766479261444,0,0,0,0
P07,V7_video1_normal,normal,134,4.466313849394418,1,0.2882069351784614,0.28517208068556527,0.2912417896713576,0.16013716754477988,0.022222222222222223,1.0,0.18618749100860565,0.1277140340638595,0.15695076253623258,0.2609425349385587,0,0,0.07847538126811629,0.13047126746927934,0,0,0,0
P07,V7_video1_normal,normal,135,4.499644549763033,1,0.290598929729147,0.28771141333721034,0.29348644612108377,0.16006103261968235,0.022058823529411766,1.0,0.26836495729059495,0.08258327310815372,0.17547411519937434,0.1642334695284271,0,0,0.08773705759968717,0.08211673476421355,0,0,0,0
P07,V7_video1_normal,normal,136,4.532975250131648,1,0.29184388713117715,0.2887438431518028,0.29494393111055156,0.15970543856150246,0.021897810218978103,1.0,0.09088725857789526,0.09148909860565979,0.09118817859177752,0.09735519397471219,0,0,0.04559408929588876,0.048677596987356096,0,0,0,0
P07,V7_video1_normal,normal,137,4.566305950500263,1,0.29241233733092037,0.28922920069086366,0.2955954739709771,0.1596748080622679,0.021739130434782608,1.0,0.024882531261935514,0.040058505558610236,0.032470518410272875,0.026802191050947728,0,0,0.016235259205136437,0.013401095525473864,0,0,0,0
P07,V7_video1_normal,normal,138,4.599636650868878,1,0.2947385847265114,0.29219960788063715,0.29727756157238566,0.1596493437155275,0.02158273381294964,1.0,0.14930999583512639,0.07713487150139875,0.11322243366826257,0.07730571351220941,0,0,0.056611216834131284,0.038652856756104706,0,0,0,0
P07,V7_video1_normal,normal,139,4.632967351237493,1,0.29660987533533334,0.2933894038125441,0.2998303468581226,0.1598448209449822,0.02142857142857143,1.0,0.05760588416117873,0.1006976570319742,0.07915177059657647,0.026028577364299945,0,0,0.03957588529828823,0.013014288682149973,0,0,0,0
P07,V7_video1_normal,normal,140,4.666298051606108,1,0.2960772564799118,0.29413899934277504,0.2980155136170486,0.15977460398128454,0.02127659574468085,1.0,0.04612158510158426,0.008230047352628334,0.027175816227106298,0.022231236537518694,0,0,0.013587908113553149,0.011115618268759347,0,0,0,0
P07,V7_video1_normal,normal,141,4.699628751974724,1,0.2972213776083806,0.295235811947302,0.2992069432694592,0.1598974584565982,0.02112676056338028,1.0,0.017753944283349865,0.020728120283265983,0.019241032283307924,0.015320555214747579,0,0,0.009620516141653962,0.007660277607373789,0,0,0,0
P07,V7_video1_normal,normal,142,4.732959452343339,1,0.2974194539758832,0.2957607972917416,0.29907811066002477,0.15987412941598286,0.02097902097902098,1.0,0.11244888797648311,0.013808403668987168,0.06312864582273514,0.01378281694266598,0,0,0.03156432291136757,0.00689140847133299,0,0,0,0
P07,V7_video1_normal,normal,143,4.766290152711954,1,0.2931261730608539,0.29078520682014275,0.2954671393015651,0.16040535895427013,0.020833333333333332,1.0,0.06070773093062776,0.1490952949328208,0.10490151293172428,0.05743524663264316,0,0,0.05245075646586214,0.02871762331632158,0,0,0,0
P07,V7_video1_normal,normal,144,4.799620853080569,1,0.2956127868531836,0.2933341424890624,0.2978914312173048,0.15984331113488634,0.020689655172413793,1.0,0.013891799486964507,0.09491590332544142,0.05440385140620296,0.026285312930057265,0,0,0.02720192570310148,0.013142656465028633,0,0,0,0
P07,V7_video1_normal,normal,145,4.832951553449184,1,0.29518287638083773,0.29403092936235753,0.29633482339931794,0.16018992738994517,0.02054794520547945,1.0,0.03124564992215162,0.03100466914684763,0.031125159534499625,0.12509875380795493,0,0,0.015562579767249812,0.06254937690397747,0,0,0,0
P07,V7_video1_normal,normal,146,4.866282253817799,1,0.30073992995923193,0.29797685338373453,0.3035030065347294,0.1602810167902775,0.02040816326530612,1.0,0.05834107272238076,0.056113729886554053,0.05722740130446741,0.05948841996576198,0,0,0.028613700652233703,0.02974420998288099,0,0,0,0
P07,V7_video1_normal,normal,147,4.899612954186414,1,0.301056552648331,0.29763682330912566,0.30447628198753623,0.16001458830912257,0.02027027027027027,1.0,0.10950246233356165,0.015345212420214804,0.062423837376888225,0.06004267513520751,0,0,0.031211918688444112,0.030021337567603754,0,0,0,0
P07,V7_video1_normal,normal,148,4.932943654555029,1,0.2974468407513139,0.2947291006028942,0.30016458089973364,0.16066441823967886,0.020134228187919462,1.0,0.024754326579469188,0.007095501074023236,0.015924913826746212,0.040148596616165856,0,0,0.007962456913373106,0.020074298308082928,0,0,0,0
P07,V7_video1_normal,normal,149,4.966274354923644,1,0.29225144095228583,0.28983899748676795,0.2946638844178038,0.1605070236466448,0.02,1.0,0.0537098294343642,0.032531479989144296,0.04312065471175425,0.05128093138420321,0,0,0.021560327355877124,0.025640465692101606,0,0,0,0
P07,V7_video1_normal,normal,150,4.9996050552922595,1,0.2888431074749844,0.285264197949937,0.29242201700003173,0.1606701043269629,0.019867549668874173,1.0,0.01303738304546842,0.07787846389594266,0.04545792347070554,0.12044659580382278,0,0,0.02272896173535277,0.06022329790191139,0,0,0,0
P07,V7_video1_normal,normal,151,5.0329357556608745,1,0.2799706778838709,0.2762464629791921,0.28369489278854976,0.16049651537333623,0.019736842105263157,1.0,0.11943248498207515,0.07958463484846212,0.09950855991526864,0.03152340618033305,0,0,0.04975427995763432,0.015761703090166525,0,0,0,0
P07,V7_video1_normal,normal,152,5.066266456029489,1,0.2795618508705858,0.2752153289043201,0.2839083728368516,0.16082172555666444,0.0196078431372549,1.0,0.04748495449231693,0.10846362437808255,0.07797428943519974,0.043200754122527024,0,0,0.03898714471759987,0.021600377061263512,0,0,0,0
P07,V7_video1_normal,normal,153,5.099597156398104,1,0.2798375465335465,0.2755278343820744,0.28414725868501856,0.16056765238681697,0.01948051948051948,1.0,0.07454296223159618,0.09205768708687301,0.08330032465923459,0.06251683284668172,0,0,0.041650162329617296,0.03125841642334086,0,0,0,0
P07,V7_video1_normal,normal,154,5.132927856766719,1,0.28062054576707574,0.275869215380643,0.2853718761535085,0.16052142331607727,0.01935483870967742,1.0,0.04184991406356653,0.14727024594965588,0.0945600800066112,0.05681565158466757,0,0,0.0472800400033056,0.028407825792333787,0,0,0,0
P07,V7_video1_normal,normal,155,5.166258557135334,1,0.2815679132356665,0.27717652700110823,0.28595929947022475,0.16046330769309106,0.019230769230769232,1.0,0.05870510808368734,0.07882624820024531,0.06876567814196632,0.07494962602298227,0,0,0.03438283907098316,0.03747481301149114,0,0,0,0
P07,V7_video1_normal,normal,156,5.199589257503949,1,0.27974456730934166,0.27558737274505846,0.28390176187362487,0.16044827331130918,0.01910828025477707,1.0,0.11839495113225973,0.07996021000848874,0.09917758057037424,0.042844940563088504,0,0,0.04958879028518712,0.021422470281544252,0,0,0,0
P07,V7_video1_normal,normal,157,5.232919957872564,1,0.2811649159205202,0.27708724914977295,0.28524258269126734,0.1605553698292722,0.0189873417721519,1.0,0.051513380420377675,0.05197157866395552,0.0517424795421666,0.07670686459718551,0,0,0.0258712397710833,0.038353432298592754,0,0,0,0
P07,V7_video1_normal,normal,158,5.266250658241179,1,0.28079844195744286,0.27669275137968435,0.2849041325352013,0.16055758702432402,0.018867924528301886,1.0,0.03261670318475307,0.045686190146884575,0.03915144666581882,0.10904301118068332,0,0,0.01957572333290941,0.05452150559034166,0,0,0,0
P07,V7_video1_normal,normal,159,5.299581358609794,1,0.28272168992249486,0.2786549892272938,0.2867883906176959,0.1605232197580962,0.01875,1.0,0.0605614081153274,0.06497362535913953,0.06276751673723346,0.19316070061930174,0,0,0.03138375836861673,0.09658035030965087,0,0,0,0
P07,V7_video1_normal,normal,160,5.33291205897841,1,0.2831936441868435,0.28054170376492976,0.28584558460875725,0.1607679813293396,0.018633540372670808,1.0,0.05868151658997556,0.12967630153769083,0.0941789090638332,0.08768123209221894,0,0,0.0470894545319166,0.04384061604610947,0,0,0,0
P07,V7_video1_normal,normal,161,5.366242759347025,1,0.28324034594646996,0.2797702228038521,0.28671046908908787,0.1602547544283477,0.018518518518518517,1.0,0.05680440949713439,0.06309336589850989,0.05994888769782214,0.193411302524233,0,0,0.02997444384891107,0.0967056512621165,0,0,0,0
P07,V7_video1_normal,normal,162,5.39957345971564,1,0.28217588861771237,0.2798585616952889,0.2844932155401359,0.15999101349849226,0.018404907975460124,1.0,0.24145111356345006,0.02913559189105064,0.13529335272725035,0.09121039725529098,0,0,0.06764667636362517,0.04560519862764549,0,0,0,0
P07,V7_video1_normal,normal,163,5.432904160084255,1,0.28410343845579844,0.2820306303960133,0.28617624651558354,0.1606949902804067,0.018292682926829267,1.0,0.1184492621959704,0.033233188282904336,0.07584122523943737,0.35119314228881954,0,0,0.037920612619718685,0.17559657114440977,0,0,0,0
P07,V7_video1_normal,normal,164,5.46623486045287,1,0.2823103788550648,0.2829620659795766,0.281658691730553,0.16089498812413489,0.01818181818181818,1.0,0.16334538616230376,0.1043878618034183,0.13386662398286103,0.3173790267777425,0,0,0.06693331199143052,0.15868951338887125,0,0,0,0
P07,V7_video1_normal,normal,165,5.499565560821485,1,0.2846969413253443,0.2862971567132964,0.28309672593739216,0.16094919855143083,0.018072289156626505,1.0,0.061344737476791256,0.03680738236118164,0.04907605991898645,0.19133001957581086,0,0,0.024538029959493224,0.09566500978790543,0,0,0,0
P07,V7_video1_normal,normal,166,5.5328962611901,1,0.28518600612795525,0.2880952541685326,0.2822767580873779,0.16083971292749827,0.017964071856287425,1.0,0.08672222971044086,0.07234322740428878,0.07953272855736482,0.205138790479082,0,0,0.03976636427868241,0.102569395239541,0,0,0,0
P07,V7_video1_normal,normal,167,5.566226961558715,1,0.2881086820845493,0.28904216262832705,0.2871752015407716,0.16067872172898073,0.017857142857142856,1.0,0.10298680314641095,0.04646250908413996,0.07472465611527546,0.17025642212428557,0,0,0.03736232805763773,0.08512821106214279,0,0,0,0
P07,V7_video1_normal,normal,168,5.59955766192733,1,0.28817947997092197,0.2879965826775216,0.28836237726432234,0.1602758714577231,0.01775147928994083,1.0,0.14824693924491728,0.02535928738717541,0.08680311331604634,0.10077588524029168,0,0,0.04340155665802317,0.05038794262014584,0,0,0,0
P07,V7_video1_normal,normal,169,5.632888362295946,1,0.2825950422044431,0.2819198108875009,0.28327027352138534,0.1598473393993504,0.01764705882352941,1.0,0.11923005983759316,0.077945761468182,0.09858791065288758,0.09287017608771948,0,0,0.04929395532644379,0.04643508804385974,0,0,0,0
P07,V7_video1_normal,normal,170,5.6662190626645605,1,0.2806035269033017,0.2787217263395037,0.28248532746709965,0.1603681924800939,0.017543859649122806,1.0,0.19395594103588687,0.15649823475290858,0.17522708789439773,0.031161259160998673,0,0,0.08761354394719886,0.015580629580499336,0,0,0,0
P07,V7_video1_normal,normal,171,5.6995497630331755,1,0.2813962446778627,0.2801495827707061,0.2826429065850192,0.1601245632914891,0.01744186046511628,1.0,0.04373773478105336,0.041966148420135685,0.04285194160059452,0.08378790706765465,0,0,0.02142597080029726,0.04189395353382733,0,0,0,0
P07,V7_video1_normal,normal,172,5.7328804634017905,1,0.28822584868455914,0.2888271229852175,0.28762457438390077,0.1602671382527176,0.017341040462427744,1.0,0.07351584588375104,0.11905100893096776,0.0962834274073594,0.055934709048956595,0,0,0.0481417137036797,0.027967354524478297,0,0,0,0
P07,V7_video1_normal,normal,173,5.766211163770405,1,0.29260774181002536,0.29189703865495475,0.2933184449650959,0.1604101173869033,0.017241379310344827,1.0,0.11159101827608853,0.03896783771330603,0.07527942799469728,0.07336746212196683,0,0,0.03763971399734864,0.03668373106098342,0,0,0,0
P07,V7_video1_normal,normal,174,5.79954186413902,1,0.28986769536184065,0.2890424864042668,0.2906929043194146,0.16059075506257736,0.017142857142857144,1.0,0.4132732487166578,0.09490279578686722,0.2540880222517625,0.10284355120648712,0,0,0.12704401112588126,0.05142177560324356,0,0,0,0
P07,V7_video1_normal,normal,175,5.832872564507635,1,0.29151531007043585,0.2906855428879993,0.2923450772528724,0.16043283346608814,0.017045454545454544,1.0,0.23771538665189829,0.08353300925163576,0.16062419795176702,0.11139106890315204,0,0,0.08031209897588351,0.05569553445157602,0,0,0,0
P07,V7_video1_normal,normal,176,5.86620326487625,1,0.28968130604510467,0.28960243431189386,0.28976017777831553,0.16043086910814125,0.01694915254237288,1.0,0.08092580343210931,0.08033227701673129,0.0806290402244203,0.05238104546214242,0,0,0.04031452011221015,0.02619052273107121,0,0,0,0
P07,V7_video1_normal,normal,177,5.899533965244865,1,0.29167221373012625,0.29333745834817704,0.29000696911207546,0.16036743414984403,0.016853932584269662,1.0,0.052747056593999586,0.10830204616871153,0.08052455138135556,0.11492886422019996,0,0,0.04026227569067778,0.05746443211009998,0,0,0,0
P07,V7_video1_normal,normal,178,5.932864665613481,1,0.28634302398694345,0.28799098340183615,0.2846950645720508,0.16049831469811837,0.01675977653631285,1.0,0.08566469289450507,0.2413844404036517,0.16352456664907838,0.11532323117421642,0,0,0.08176228332453919,0.05766161558710821,0,0,0,0
P07,V7_video1_normal,normal,179,5.966195365982096,1,0.28942765379102664,0.291766097254302,0.28708921032775125,0.16032562494619762,0.016666666666666666,1.0,0.05757767461213836,0.3166498990438674,0.1871137868280029,0.052939178049128434,0,0,0.09355689341400145,0.026469589024564217,0,0,0,0
P07,V7_video1_normal,normal,180,5.999526066350711,1,0.2874810220115153,0.2887258270222776,0.286236217000753,0.16019454157116791,0.016574585635359115,1.0,0.1224367028612704,0.14945571612690067,0.13594620949408553,0.21726688173171166,0,0,0.06797310474704277,0.10863344086585583,0,0,0,0
P07,V7_video1_normal,normal,181,6.032856766719326,1,0.2870714879713435,0.28841915681303126,0.2857238191296557,0.16030112103015665,0.016483516483516484,1.0,0.041152465866857835,0.04142626180803677,0.0412893638374473,0.1691077543901492,0,0,0.02064468191872365,0.0845538771950746,0,0,0,0
P07,V7_video1_normal,normal,182,6.066187467087941,1,0.29206423674556214,0.2909523753409164,0.2931760981502079,0.16073914140016993,0.01639344262295082,1.0,0.01910681694507943,0.0728957617127759,0.046001289328927664,0.09728299788402732,0,0,0.023000644664463832,0.04864149894201366,0,0,0,0
P07,V7_video1_normal,normal,183,6.099518167456556,1,0.29307618829873805,0.29190462913316856,0.2942477474643076,0.16060804936209694,0.016304347826086956,1.0,0.012982607306928684,0.05108629660980646,0.03203445195836757,0.10326050169266346,0,0,0.016017225979183786,0.05163025084633173,0,0,0,0
P07,V7_video1_normal,normal,184,6.132848867825171,1,0.2922114239710821,0.2916877611087953,0.29273508683336885,0.1608323244159313,0.016216216216216217,1.0,0.018851293970881033,0.017816159094413142,0.018333726532647088,0.15334583346880187,0,0,0.009166863266323544,0.07667291673440094,0,0,0,0
P07,V7_video1_normal,normal,185,6.166179568193786,1,0.29158286846057013,0.2894165356060411,0.29374920131509913,0.16086228812018968,0.016129032258064516,1.0,0.028131012733506933,0.029945526828653812,0.029038269781080372,0.16264511496778378,0,0,0.014519134890540186,0.08132255748389189,0,0,0,0
P07,V7_video1_normal,normal,186,6.199510268562401,1,0.2925136690255742,0.29096333496267046,0.29406400308847797,0.16070602489508157,0.016042780748663103,1.0,0.02355561475434742,0.07332508735583843,0.04844035105509292,0.141483376354614,0,0,0.02422017552754646,0.070741688177307,0,0,0,0
P07,V7_video1_normal,normal,187,6.232840968931017,1,0.29098625700744396,0.2888804998585491,0.2930920141563388,0.1605960025913878,0.015957446808510637,1.0,0.039803861036399435,0.05505942088604876,0.0474316409612241,0.2563495977496692,0,0,0.02371582048061205,0.1281747988748346,0,0,0,0
P07,V7_video1_normal,normal,188,6.266171669299632,1,0.29311410344410743,0.2924108753667803,0.2938173315214346,0.16065416228319798,0.015873015873015872,1.0,0.025161473092207398,0.029520534061849513,0.027341003577028455,0.138254429839061,0,0,0.013670501788514228,0.0691272149195305,0,0,0,0
P07,V7_video1_normal,normal,189,6.299502369668247,1,0.29320369695524695,0.2917730965747245,0.2946342973357694,0.16074373645170273,0.015789473684210527,1.0,0.007151393696191666,0.016234849482735125,0.011693121589463396,0.3076712490811057,0,0,0.005846560794731698,0.15383562454055286,0,0,0,0
P07,V7_video1_normal,normal,190,6.332833070036862,1,0.29220152254142073,0.29123603777594426,0.29316700730689726,0.1608169695511425,0.015706806282722512,1.0,0.018532920655585094,0.042717673493545605,0.03062529707456535,0.28002197130609074,0,0,0.015312648537282675,0.14001098565304537,0,0,0,0
P07,V7_video1_normal,normal,191,6.3661637704054765,1,0.28831175614773163,0.28811982407839415,0.2885036882170692,0.15986186931216775,0.015625,1.0,0.051946680640225784,0.11854865596640585,0.08524766830331582,0.19222026507706147,0,0,0.04262383415165791,0.09611013253853073,0,0,0,0
P07,V7_video1_normal,normal,192,6.3994944707740915,1,0.28724645961729184,0.2851988958543062,0.2892940233802775,0.15958433407069006,0.015544041450777202,1.0,0.09855986062736499,0.08105275470516227,0.08980630766626363,0.14064896745478647,0,0,0.044903153833131815,0.07032448372739324,0,0,0,0
P07,V7_video1_normal,normal,193,6.4328251711427065,1,0.2922395832920184,0.2866804355245448,0.297798731059492,0.159901131348734,0.015463917525773196,1.0,0.02120566492486875,0.06623605513862674,0.043720860031747744,0.2863779344162707,0,0,0.021860430015873872,0.14318896720813534,0,0,0,0
P07,V7_video1_normal,normal,194,6.466155871511321,1,0.2926788539656593,0.28725736890330794,0.29810033902801064,0.15987339701989617,0.015384615384615385,1.0,0.10184720251291712,0.055536319673365364,0.07869176109314124,0.2466721024282356,0,0,0.03934588054657062,0.1233360512141178,0,0,0,0
P07,V7_video1_normal,normal,195,6.499486571879936,1,0.2914775120392218,0.28643003768764025,0.2965249863908034,0.16037547513136846,0.015306122448979591,1.0,0.018655874282130003,0.026623198766979383,0.022639536524554693,0.10487400055787105,0,0,0.011319768262277347,0.052437000278935525,0,0,0,0
P07,V7_video1_normal,normal,196,6.532817272248552,1,0.2905230576506355,0.2836521944593214,0.29739392084194965,0.1604708364304323,0.015228426395939087,1.0,0.10874214142044059,0.03969394910587942,0.07421804526316,0.19934642903202004,0,0,0.03710902263158,0.09967321451601002,0,0,0,0
P07,V7_video1_normal,normal,197,6.566147972617167,1,0.28561958631450723,0.279024253073183,0.2922149195558314,0.16058347000597772,0.015151515151515152,1.0,0.0719428398816696,0.02534521329362993,0.04864402658764977,0.06291686358888347,0,0,0.024322013293824885,0.03145843179444174,0,0,0,0
P07,V7_video1_normal,normal,198,6.599478672985782,1,0.2847024763223691,0.2785903938679982,0.29081455877673995,0.16042077525573384,0.01507537688442211,1.0,0.045904779810662544,0.09090926560277712,0.06840702270671983,0.17927629509259785,0,0,0.03420351135335992,0.08963814754629892,0,0,0,0
P07,V7_video1_normal,normal,199,6.632809373354397,1,0.281612640924361,0.2777612096895072,0.28546407215921477,0.16030681857383158,0.015,1.0,0.1457427292366258,0.11396672291061061,0.1298547260736182,0.16186122644630413,0,0,0.0649273630368091,0.08093061322315206,0,0,0,0
P07,V7_video1_normal,normal,200,6.666140073723012,1,0.27941895171212694,0.2763625698838046,0.28247533354044924,0.1603209408604632,0.014925373134328358,1.0,0.11879632062798773,0.12698620531501204,0.12289126297149988,0.11154876329791488,0,0,0.06144563148574994,0.05577438164895744,0,0,0,0
P07,V7_video1_normal,normal,201,6.699470774091627,1,0.24718527218907543,0.2466391760830323,0.2477313682951186,0.15994347812994814,0.01485148514851485,1.0,0.07522131955044153,0.17532010862976055,0.12527071409010104,0.11813295847146663,0,0,0.06263535704505052,0.05906647923573331,0,0,0,0
P07,V7_video1_normal,normal,202,6.732801474460242,1,0.19483959645129353,0.1922801972373048,0.19739899566528227,0.16033211847651216,0.014778325123152709,1.0,0.20402731973023502,0.07958945515081495,0.14180838744052499,0.109071528096604,0,0,0.07090419372026249,0.054535764048302,0,0,0,0
P07,V7_video1_normal,normal,203,6.766132174828857,1,0.16564706835171228,0.1757451583654564,0.15554897833796813,0.16054668186534396,0.014705882352941176,1.0,0.1042237431814571,0.13261737921054517,0.11842056119600114,0.07443418494293588,0,0,0.05921028059800057,0.03721709247146794,0,0,0,0
P07,V7_video1_normal,normal,204,6.799462875197472,1,0.1641787098954949,0.17283595815776598,0.15552146163322383,0.1604312836737973,0.014634146341463415,1.0,0.11036567495925209,0.3237649283172156,0.21706530163823384,0.051601145262165735,0,0,0.10853265081911692,0.025800572631082867,0,0,0,0
P07,V7_video1_normal,normal,205,6.832793575566088,1,0.19361916050269679,0.19010043929452825,0.19713788171086533,0.15997361425987533,0.014563106796116505,1.0,0.17343816656626143,0.05536738704508193,0.11440277680567168,0.03817764391408042,0,0,0.05720138840283584,0.01908882195704021,0,0,0,0
P07,V7_video1_normal,normal,206,6.866124275934703,1,0.2144042560451705,0.21466651199532627,0.2141420000950147,0.16005000356803636,0.014492753623188406,1.0,0.04047083461254053,0.17319219819830256,0.10683151640542154,0.11222395869235127,0,0,0.05341575820271077,0.056111979346175636,0,0,0,0
P07,V7_video1_normal,normal,207,6.899454976303318,1,0.23589599829057945,0.23731940947484495,0.2344725871063139,0.16014517036172013,0.014423076923076924,1.0,0.019164257568420662,0.0745220600044132,0.04684315878641693,0.05440124356550017,0,0,0.023421579393208464,0.027200621782750085,0,0,0,0
P07,V7_video1_normal,normal,208,6.932785676671933,1,0.24297931835852782,0.24382966592297192,0.24212897079408371,0.16041190945936198,0.014354066985645933,1.0,0.054178225586886564,0.11307043679146256,0.08362433118917456,0.06103588860946839,0,0,0.04181216559458728,0.030517944304734194,0,0,0,0
P07,V7_video1_normal,normal,209,6.966116377040548,1,0.24655239702469078,0.247996584590099,0.24510820945928258,0.1595993411212955,0.014285714285714285,1.0,0.030054828285457913,0.14088189708413767,0.0854683626847978,0.01312816378106059,0,0,0.0427341813423989,0.006564081890530295,0,0,0,0
P07,V7_video1_normal,normal,210,6.999447077409163,1,0.25348062067890703,0.2550118949756554,0.25194934638215866,0.15970988925146268,0.014218009478672985,1.0,0.05731948899221362,0.0484012242812627,0.05286035663673816,0.044409228322589575,0,0,0.02643017831836908,0.022204614161294788,0,0,0,0
P07,V7_video1_normal,normal,211,7.032777777777778,1,0.25815166409875645,0.26009237911796906,0.2562109490795439,0.15990596922174835,0.014150943396226415,1.0,0.11191363736522597,0.05600462426350383,0.0839591308143649,0.026244916226827685,0,0,0.04197956540718245,0.013122458113413843,0,0,0,0
P07,V7_video1_normal,normal,212,7.0661084781463925,1,0.26072543994499287,0.2610309226980399,0.26041995719194583,0.15980178278185575,0.014084507042253521,1.0,0.09380199966058689,0.060743455286799475,0.07727272747369318,0.019393917688593373,0,0,0.03863636373684659,0.009696958844296687,0,0,0,0
P07,V7_video1_normal,normal,213,7.0994391785150075,1,0.268325644410332,0.26874598178441733,0.26790530703624676,0.15995840749739554,0.014018691588785047,1.0,0.07438822289183877,0.026623198766979383,0.05050571082940908,0.026761170843477768,0,0,0.02525285541470454,0.013380585421738884,0,0,0,0
P07,V7_video1_normal,normal,214,7.132769878883623,1,0.2710873253073315,0.2701807176431677,0.2719939329714952,0.16012439134270348,0.013953488372093023,1.0,0.09190943233021076,0.031361259885562265,0.06163534610788651,0.01347570925336772,0,0,0.030817673053943256,0.00673785462668386,0,0,0,0
P07,V7_video1_normal,normal,215,7.166100579252238,1,0.26992564978211997,0.2661707404697792,0.27368055909446076,0.1599805043921291,0.013888888888888888,1.0,0.02328190269542396,0.12428023751643502,0.07378107010592949,0.027411579041559362,0,0,0.036890535052964746,0.013705789520779681,0,0,0,0
P07,V7_video1_normal,normal,216,7.199431279620853,1,0.2674777558857611,0.2617294365142322,0.27322607525729004,0.15981589778889577,0.013824884792626729,1.0,0.0504723342207789,0.023767053116956594,0.03711969366886775,0.04525993342769759,0,0,0.018559846834433874,0.022629966713848794,0,0,0,0
P07,V7_video1_normal,normal,217,7.232761979989468,1,0.26528868152921425,0.2594501111297716,0.27112725192865683,0.15971085514355574,0.013761467889908258,1.0,0.038542480934585455,0.04983760455388797,0.04419004274423671,0.011114222336982355,0,0,0.022095021372118356,0.005557111168491178,0,0,0,0
P07,V7_video1_normal,normal,218,7.266092680358083,1,0.26756798524860104,0.26216310904939166,0.27297286144781047,0.15988646553505118,0.0136986301369863,1.0,0.11255331966674309,0.15031337680067502,0.13143334823370906,0.05181249630219746,0,0,0.06571667411685453,0.02590624815109873,0,0,0,0
P07,V7_video1_normal,normal,219,7.299423380726698,1,0.2694338020133553,0.26380220066861343,0.27506540335809715,0.16004927123430407,0.013636363636363636,1.0,0.10608974478045052,0.06753823729125463,0.08681399103585258,0.04810195656876717,0,0,0.04340699551792629,0.024050978284383583,0,0,0,0
P07,V7_video1_normal,normal,220,7.332754081095313,1,0.27029852193725057,0.2647390136465332,0.275858030227968,0.1602562902560639,0.013574660633484163,1.0,0.08562462605387777,0.09572951237053506,0.09067706921220642,0.02402940862502182,0,0,0.04533853460610321,0.01201470431251091,0,0,0,0
P07,V7_video1_normal,normal,221,7.366084781463928,1,0.26888356421470305,0.2631935457829789,0.27457358264642723,0.15994516639155654,0.013513513513513514,1.0,0.1567700843948785,0.09787017866607528,0.1273201315304769,0.024109815156880984,0,0,0.06366006576523844,0.012054907578440492,0,0,0,0
P07,V7_video1_normal,normal,222,7.399415481832543,1,0.26895788363914713,0.2634948763699113,0.27442089090838295,0.16012846150273383,0.013452914798206279,1.0,0.08773779668063886,0.16375265995502686,0.12574522831783286,0.01800212225796799,0,0,0.06287261415891643,0.009001061128983995,0,0,0,0
P07,V7_video1_normal,normal,223,7.432746182201159,1,0.26726054350884104,0.26162040490598804,0.27290068211169405,0.16005162390637107,0.013392857142857142,1.0,0.09246396035689408,0.061555189007682864,0.07700957468228847,0.04450337824227421,0,0,0.038504787341144237,0.022251689121137105,0,0,0,0
P07,V7_video1_normal,normal,224,7.466076882569774,1,0.26718237976923837,0.26147656643815026,0.27288819310032647,0.16001595849205794,0.013333333333333334,1.0,0.09436523157360266,0.0693532315304376,0.08185923155202013,0.02805935477285708,0,0,0.040929615776010064,0.01402967738642854,0,0,0,0
P07,V7_video1_normal,normal,225,7.499407582938389,1,0.27017176525144987,0.2651239717790238,0.27521955872387593,0.16028974347396224,0.01327433628318584,1.0,0.10835754825567734,0.07113207460087034,0.08974481142827384,0.022857782067185854,0,0,0.04487240571413692,0.011428891033592927,0,0,0,0
P07,V7_video1_normal,normal,226,7.532738283307004,1,0.2727280043272965,0.26795211031691774,0.2775038983376752,0.16023836920783152,0.013215859030837005,1.0,0.14917584600229739,0.029217096530875453,0.08919647126658642,0.026851694130239107,0,0,0.04459823563329321,0.013425847065119553,0,0,0,0
P07,V7_video1_normal,normal,227,7.566068983675619,1,0.27413560630557987,0.27071150308066577,0.2775597095304939,0.1603076115335702,0.013157894736842105,1.0,0.11246771132389755,0.1224611180637154,0.11746441469380647,0.016503198470924324,0,0,0.05873220734690324,0.008251599235462162,0,0,0,0
P07,V7_video1_normal,normal,228,7.599399684044234,1,0.2788079733296627,0.276188261378727,0.28142768528059836,0.16042377761802531,0.013100436681222707,1.0,0.04237940010202379,0.17541113137009456,0.10889526573605918,0.04650192435639553,0,0,0.05444763286802959,0.023250962178197766,0,0,0,0
P07,V7_video1_normal,normal,229,7.632730384412849,1,0.27775128583205544,0.2795078089030317,0.27599476276107926,0.16037196964271722,0.013043478260869565,1.0,0.49800524428812276,0.20604307688577628,0.3520241605869495,0.039628248738153335,0,0,0.17601208029347476,0.019814124369076667,0,0,0,0
P07,V7_video1_normal,normal,230,7.666061084781464,1,0.2766901540288945,0.2780365939266531,0.2753437141311359,0.16061295042561036,0.012987012987012988,1.0,0.2734276520896394,0.18413712601057575,0.22878238905010756,0.06370313333713921,0,0,0.11439119452505378,0.03185156666856961,0,0,0,0
P07,V7_video1_normal,normal,231,7.699391785150079,1,0.2741880502758419,0.27586804534332415,0.27250805520835975,0.16060405601694278,0.01293103448275862,1.0,0.2613342393890614,0.10472516638488216,0.1830297028869718,0.0201185767329506,0,0,0.0915148514434859,0.0100592883664753,0,0,0,0
P07,V7_video1_normal,normal,232,7.7327224855186945,1,0.27643073888566294,0.27940548178063307,0.2734559959906928,0.16027522318161877,0.012875536480686695,1.0,0.23249362822430464,0.038881687679504284,0.13568765795190446,0.08695802940283615,0,0,0.06784382897595223,0.04347901470141807,0,0,0,0
P07,V7_video1_normal,normal,233,7.766053185887309,1,0.2769082415485321,0.27995396388070687,0.2738625192163573,0.16016320567907844,0.01282051282051282,1.0,0.15206926749760308,0.12040298226729507,0.13623612488244907,0.09842008099362932,0,0,0.06811806244122454,0.04921004049681466,0,0,0,0
P07,V7_video1_normal,normal,234,7.799383886255924,1,0.27738859232514945,0.2799754712860222,0.2748017133642767,0.16007321064196225,0.01276595744680851,1.0,0.41421155185428793,0.062168547682680764,0.23819004976848435,0.04225840471244314,0,0,0.11909502488424217,0.02112920235622157,0,0,0,0
P07,V7_video1_normal,normal,235,7.832714586624539,1,0.27879468563479237,0.27972587345267524,0.27786349781690944,0.16013368966966066,0.012711864406779662,1.0,0.18228933569792916,0.08791506758375667,0.1351022016408429,0.1146285785068049,0,0,0.06755110082042146,0.05731428925340245,0,0,0,0
P07,V7_video1_normal,normal,236,7.866045286993154,1,0.27751303636541697,0.2774735425985013,0.2775525301323326,0.16034610931053012,0.012658227848101266,1.0,0.09217716381387808,0.03291843589442134,0.06254779985414971,0.035133351770206614,0,0,0.031273899927074855,0.017566675885103307,0,0,0,0
P07,V7_video1_normal,normal,237,7.899375987361769,1,0.2758638128813098,0.27546602490574223,0.2762616008568774,0.16009090100376794,0.012605042016806723,1.0,0.1233742236429971,0.11217240001674877,0.11777331182987294,0.0552975481764694,0,0,0.05888665591493647,0.0276487740882347,0,0,0,0
P07,V7_video1_normal,normal,238,7.932706687730384,1,0.27493858581106595,0.2743101815990515,0.2755669900230804,0.1598623291906403,0.012552301255230125,1.0,0.22556707719358182,0.13994572561437635,0.18275640140397909,0.08150899221562348,0,0,0.09137820070198954,0.04075449610781174,0,0,0,0
P07,V7_video1_normal,normal,239,7.966037388098999,1,0.27448761334015814,0.2738049831289696,0.2751702435513467,0.15974256197182482,0.0125,1.0,0.2733525132909681,0.16480183312815422,0.21907717320956116,0.06323362907201557,0,0,0.10953858660478058,0.03161681453600779,0,0,0,0
P07,V7_video1_normal,normal,240,7.999368088467614,1,0.27796763915624056,0.27804046428497964,0.27789481402750144,0.16076712130149184,0.012448132780082987,1.0,0.11314902864004694,0.15801474826115103,0.135581888450599,0.15640621456033146,0,0,0.0677909442252995,0.07820310728016573,0,0,0,0
P07,V7_video1_normal,normal,241,8.03269878883623,1,0.2789423053837702,0.2792827873099302,0.2786018234576102,0.16077629981892733,0.012396694214876033,1.0,0.12299032488298445,0.030450865849943942,0.0767205953664642,0.14241214387758072,0,0,0.0383602976832321,0.07120607193879036,0,0,0,0
P07,V7_video1_normal,normal,242,8.066029489204844,1,0.2780034242052046,0.27867685596386327,0.2773299924465459,0.1602313973845843,0.012345679012345678,1.0,0.14693526715875838,0.0676978245116886,0.10731654583522349,0.16593387436163476,0,0,0.05365827291761174,0.08296693718081738,0,0,0,0
P07,V7_video1_normal,normal,243,8.09936018957346,1,0.27336495189092863,0.27154967091359417,0.2751802328682631,0.16034507485944666,0.012295081967213115,1.0,0.08535846258038282,0.04057640201192658,0.0629674322961547,0.4094124903055063,0,0,0.03148371614807735,0.20470624515275315,0,0,0,0
P07,V7_video1_normal,normal,244,8.132690889942074,1,0.27304586223787075,0.27077918750958585,0.2753125369661557,0.1598292052169717,0.012244897959183673,1.0,0.03588450614814487,0.3628262851449384,0.19935539564654164,0.4186327237895211,0,0,0.09967769782327082,0.20931636189476055,0,0,0,0
P07,V7_video1_normal,normal,245,8.16602159031069,1,0.27333488006415174,0.27126571521827836,0.27540404491002507,0.16016147887626622,0.012195121951219513,1.0,0.1697776579533281,0.0639015262498388,0.11683959210158346,0.19766518433310887,0,0,0.05841979605079173,0.09883259216655443,0,0,0,0
P07,V7_video1_normal,normal,246,8.199352290679306,1,0.2740275092044516,0.27163820706925884,0.27641681133964435,0.16007414032193748,0.012145748987854251,1.0,0.18216787825438974,0.07832508588662801,0.13024648207050887,0.19258965803480602,0,0,0.06512324103525444,0.09629482901740301,0,0,0,0
P07,V7_video1_normal,normal,247,8.23268299104792,1,0.27657316879538696,0.2755194431411363,0.2776268944496377,0.1603004560338718,0.012096774193548387,1.0,0.06837121176851291,0.04485436872785664,0.056612790248184774,0.14341219901390437,0,0,0.028306395124092387,0.07170609950695218,0,0,0,0
P07,V7_video1_normal,normal,248,8.266013691416536,1,0.279912001965009,0.28020286104170083,0.2796211428883171,0.16088544824164086,0.012048192771084338,1.0,0.11880989875163095,0.056691925042951286,0.08775091189729112,0.1475440272718109,0,0,0.04387545594864556,0.07377201363590545,0,0,0,0
P07,V7_video1_normal,normal,249,8.29934439178515,1,0.2829289677763559,0.283359950743497,0.28249798480921484,0.1605731838882886,0.012,1.0,0.1969384702798641,0.08433899635005049,0.1406387333149573,0.06715770821352135,0,0,0.07031936665747865,0.033578854106760675,0,0,0,0
P07,V7_video1_normal,normal,250,8.332675092153766,1,0.2840209059057813,0.28428032583090096,0.2837614859806616,0.16070778364168428,0.01195219123505976,1.0,0.06564205772383203,0.036087856947736086,0.050864957335784056,0.05125553475990297,0,0,0.025432478667892028,0.025627767379951486,0,0,0,0
P07,V7_video1_normal,normal,251,8.36600579252238,1,0.28427567977716806,0.285472650026279,0.2830787095280571,0.16054862649033516,0.011904761904761904,1.0,0.05229548931384309,0.06237281089024027,0.05733415010204168,0.06817280988462021,0,0,0.02866707505102084,0.034086404942310106,0,0,0,0
P07,V7_video1_normal,normal,252,8.399336492890995,1,0.28394553705377956,0.28509786252694574,0.28279321158061343,0.16055409521609537,0.011857707509881422,1.0,0.10088608362484752,0.08298908600618993,0.09193758481551872,0.06203441644948385,0,0,0.04596879240775936,0.031017208224741924,0,0,0,0
P07,V7_video1_normal,normal,253,8.43266719325961,1,0.287368193228003,0.28756659882691393,0.2871697876290921,0.16079613364583425,0.011811023622047244,1.0,0.08845964654030025,0.1285411891431978,0.10850041784174902,0.05510694909680529,0,0,0.05425020892087451,0.027553474548402644,0,0,0,0
P07,V7_video1_normal,normal,254,8.465997893628225,1,0.2845356999251447,0.2843975732517619,0.28467382659852747,0.16062394337360186,0.011764705882352941,1.0,0.03200453843548545,0.03262318844970813,0.03231386344259679,0.06570954571390661,0,0,0.016156931721298395,0.032854772856953304,0,0,0,0
P07,V7_video1_normal,normal,255,8.499328593996841,1,0.28278334624629653,0.2830011994388138,0.2825654930537793,0.1607016633422017,0.01171875,1.0,0.10624413676927003,0.01780692458041222,0.06202553067484112,0.12604355305872833,0,0,0.03101276533742056,0.06302177652936417,0,0,0,0
P07,V7_video1_normal,normal,256,8.532659294365455,1,0.2807244974087808,0.28007592587500346,0.2813730689425581,0.16047564188500724,0.011673151750972763,1.0,0.05045707102825292,0.0637411694970863,0.05709912026266961,0.027387257681041905,0,0,0.028549560131334806,0.013693628840520953,0,0,0,0
P07,V7_video1_normal,normal,257,8.565989994734071,1,0.2811918067487412,0.28023125377480074,0.28215235972268166,0.16045142868170303,0.011627906976744186,1.0,0.1716004533066473,0.15670800528164908,0.1641542292941482,0.09449710183443903,0,0,0.0820771146470741,0.047248550917219516,0,0,0,0
P07,V7_video1_normal,normal,258,8.599320695102685,1,0.27882389260345264,0.27735157214618417,0.28029621306072106,0.16074105588967255,0.011583011583011582,1.0,0.2029136431555596,0.02726399227284615,0.11508881771420287,0.08451033139982744,0,0,0.05754440885710144,0.04225516569991372,0,0,0,0
P07,V7_video1_normal,normal,259,8.632651395471301,1,0.27894354484389705,0.2776624009335041,0.28022468875428996,0.16082925120658426,0.011538461538461539,1.0,0.3020021331870546,0.03170811881924196,0.16685512600314828,0.04877841106903026,0,0,0.08342756300157414,0.02438920553451513,0,0,0,0
P07,V7_video1_normal,normal,260,8.665982095839915,1,0.28064833849994286,0.27910456476359174,0.2821921122362939,0.1605994071592324,0.011494252873563218,1.0,0.1267012065202393,0.2026081165410175,0.1646546615306284,0.04157879776450528,0,0,0.0823273307653142,0.02078939888225264,0,0,0,0
P07,V7_video1_normal,normal,261,8.699312796208531,1,0.28000911560083774,0.28051709606679626,0.2795011351348793,0.160618637595311,0.011450381679389313,1.0,0.09383978293549033,0.23300317733698217,0.16342148013623625,0.048391946000422306,0,0,0.08171074006811813,0.024195973000211153,0,0,0,0
P07,V7_video1_normal,normal,262,8.732643496577145,1,0.2795756357082604,0.28007277458344254,0.2790784968330783,0.16051752169644437,0.011406844106463879,1.0,0.09045243914661305,0.1876889611360978,0.13907070014135542,0.038932709866433074,0,0,0.06953535007067771,0.019466354933216537,0,0,0,0
P07,V7_video1_normal,normal,263,8.765974196945761,1,0.2801692346231255,0.2803314879767376,0.28000698126951334,0.1604665185918364,0.011363636363636364,1.0,0.12996240000813264,0.1406746308613661,0.13531851543474938,0.02034121220548078,0,0,0.06765925771737469,0.01017060610274039,0,0,0,0
P07,V7_video1_normal,normal,264,8.799304897314377,1,0.281033683332895,0.2807507700867893,0.28131659657900077,0.16045912359667389,0.011320754716981131,1.0,0.1503826956223917,0.20571845168822045,0.17805057365530608,0.0898658502673636,0,0,0.08902528682765304,0.0449329251336818,0,0,0,0
P07,V7_video1_normal,normal,265,8.832635597682991,1,0.2811778811907836,0.2816020549189811,0.280753707462586,0.16055490376543707,0.011278195488721804,1.0,0.2299207984966195,0.11406761241430208,0.1719942054554608,0.3087388966549178,0,0,0.0859971027277304,0.1543694483274589,0,0,0,0
P07,V7_video1_normal,normal,266,8.865966298051607,1,0.2844306709731581,0.2850257833623192,0.283835558583997,0.16077332145772205,0.011235955056179775,1.0,0.1522412142444738,0.06893779467687111,0.11058950446067245,0.07323924026572017,0,0,0.055294752230336225,0.03661962013286008,0,0,0,0
P07,V7_video1_normal,normal,267,8.89929699842022,1,0.28751263364455737,0.2864205441017848,0.28860472318732994,0.16066531632205527,0.011194029850746268,1.0,0.047657034439287926,0.009819038688596016,0.02873803656394197,0.06921787502134576,0,0,0.014369018281970986,0.03460893751067288,0,0,0,0
P07,V7_video1_normal,normal,268,8.932627698788837,1,0.2894756401765002,0.2878426366293821,0.2911086437236183,0.16074968905390205,0.011152416356877323,1.0,0.07960038914393441,0.05219267777191583,0.06589653345792512,0.09836697172196401,0,0,0.03294826672896256,0.04918348586098201,0,0,0,0
P07,V7_video1_normal,normal,269,8.96595839915745,1,0.28837028605117826,0.28892730006557316,0.28781327203678336,0.16061234971749855,0.011111111111111112,1.0,0.07585632478490578,0.0589250635141616,0.06739069414953369,0.04688979545569246,0,0,0.033695347074766846,0.02344489772784623,0,0,0,0
P07,V7_video1_normal,normal,270,8.999289099526067,1,0.28646305183178267,0.28810487051992223,0.2848212331436431,0.16107367838832093,0.01107011070110701,1.0,0.10605651214395018,0.0454269192677329,0.07574171570584154,0.046417120556366646,0,0,0.03787085785292077,0.023208560278183323,0,0,0,0
P07,V7_video1_normal,normal,271,9.03261979989468,1,0.2871813361408862,0.2894290089799942,0.2849336633017782,0.16101667289583468,0.011029411764705883,1.0,0.05272955981703942,0.02695558183150959,0.039842570824274504,0.052975887310943166,0,0,0.019921285412137252,0.026487943655471583,0,0,0,0
P07,V7_video1_normal,normal,272,9.065950500263297,1,0.28722676325417107,0.29038004274735857,0.28407348376098357,0.16097564520612256,0.01098901098901099,1.0,0.036744977346426566,0.021223546684729144,0.028984262015577855,0.047727018215532054,0,0,0.014492131007788928,0.023863509107766027,0,0,0,0
P07,V7_video1_normal,normal,273,9.099281200631912,1,0.28662843462915644,0.289636340986154,0.28362052827215894,0.16090349265059892,0.010948905109489052,1.0,0.06632009735015398,0.0249608854484078,0.04564049139928089,0.01411638029298049,0,0,0.022820245699640446,0.007058190146490245,0,0,0,0
P07,V7_video1_normal,normal,274,9.132611901000526,1,0.2867714325365012,0.28970276422591607,0.2838401008470864,0.16071823496282361,0.01090909090909091,1.0,0.044881904687707364,0.03616931297905046,0.04052560883337891,0.021312112761659154,0,0,0.020262804416689456,0.010656056380829577,0,0,0,0
P07,V7_video1_normal,normal,275,9.165942601369142,1,0.28854310784004633,0.2902417604171648,0.28684445526292784,0.16099861280052535,0.010869565217391304,1.0,0.041625719913638504,0.05247545813081966,0.04705058902222908,0.023713155354611846,0,0,0.02352529451111454,0.011856577677305923,0,0,0,0
P07,V7_video1_normal,normal,276,9.199273301737756,1,0.28999579817390053,0.2911924775018122,0.28879911884598886,0.16082905987445054,0.010830324909747292,1.0,0.05598938708447909,0.07703954375200073,0.06651446541823991,0.030897519894176963,0,0,0.033257232709119955,0.015448759947088482,0,0,0,0
P07,V7_video1_normal,normal,277,9.232604002106372,1,0.2898668164011706,0.2937750156383316,0.28595861716400967,0.16050603076005937,0.01079136690647482,1.0,0.012522370507381697,0.02528556108355362,0.01890396579546766,0.028367057413427824,0,0,0.00945198289773383,0.014183528706713912,0,0,0,0
P07,V7_video1_normal,normal,278,9.265934702474986,1,0.2914238022211654,0.29545163912741157,0.28739596531491923,0.16066974485611202,0.010752688172043012,1.0,0.03671264521532158,0.046857712437945676,0.04178517882663363,0.05699787271603582,0,0,0.020892589413316814,0.02849893635801791,0,0,0,0
P07,V7_video1_normal,normal,279,9.299265402843602,1,0.28928589551486683,0.29459483738320213,0.2839769536465315,0.16094469179627335,0.010714285714285714,1.0,0.011846677114153548,0.03578689745546593,0.023816787284809737,0.07567906633287044,0,0,0.011908393642404869,0.03783953316643522,0,0,0,0
P07,V7_video1_normal,normal,280,9.332596103212216,1,0.29185859938941316,0.2950828833485512,0.28863431543027507,0.16098787561986114,0.010676156583629894,1.0,0.022054920126835187,0.020011257769764312,0.02103308894829975,0.12803302083460075,0,0,0.010516544474149875,0.06401651041730037,0,0,0,0
P07,V7_video1_normal,normal,281,9.365926803580832,1,0.29405407287719615,0.2986440334128613,0.289464112341531,0.16107302539199328,0.010638297872340425,1.0,0.04930224350623835,0.020167587075911597,0.034734915291074975,0.06486114316455739,0,0,0.017367457645537487,0.032430571582278696,0,0,0,0
P07,V7_video1_normal,normal,282,9.399257503949448,1,0.29471970512538836,0.30065725294019774,0.28878215731057905,0.16177508826637346,0.01060070671378092,1.0,0.023731791114593004,0.02503766413464592,0.024384727624619462,0.12791343757173507,0,0,0.012192363812309731,0.06395671878586753,0,0,0,0
P07,V7_video1_normal,normal,283,9.432588204318062,1,0.2962319049663686,0.3010431138896475,0.2914206960430897,0.16206500741057286,0.01056338028169014,1.0,0.014341229062134309,0.05413876514057947,0.03423999710135689,0.04197795948897492,0,0,0.017119998550678445,0.02098897974448746,0,0,0,0
P07,V7_video1_normal,normal,284,9.465918904686678,1,0.30030952434205993,0.3049271175480506,0.2956919311360693,0.16192718174818327,0.010526315789473684,1.0,0.010516396047864585,0.026769449504541742,0.018642922776203164,0.06390512030537503,0,0,0.009321461388101582,0.03195256015268751,0,0,0,0
P07,V7_video1_normal,normal,285,9.499249605055292,1,0.30247834824091985,0.3082414308338819,0.2967152656479578,0.16204060865269806,0.01048951048951049,1.0,0.07998745330339307,0.04914273026966687,0.06456509178652997,0.04685551894384295,0,0,0.032282545893264986,0.023427759471921474,0,0,0,0
P07,V7_video1_normal,normal,286,9.532580305423908,1,0.29161888533322156,0.29560075535424835,0.2876370153121947,0.1612476772782035,0.010452961672473868,1.0,0.01180244885570847,0.04713475739810635,0.02946860312690741,0.09535057544170879,0,0,0.014734301563453706,0.047675287720854394,0,0,0,0
P07,V7_video1_normal,normal,287,9.565911005792522,1,0.29048766265554704,0.293499507859986,0.28747581745110806,0.16107449287417736,0.010416666666666666,1.0,0.029212782444375085,0.012951707611143837,0.02108224502775946,0.027498316482642178,0,0,0.01054112251387973,0.013749158241321089,0,0,0,0
P07,V7_video1_normal,normal,288,9.599241706161138,1,0.2908743331748519,0.291977367586442,0.2897712987632618,0.16054097995269773,0.010380622837370242,1.0,0.17500254478428234,0.08159190479096856,0.12829722478762545,0.024186269102735285,0,0,0.06414861239381273,0.012093134551367643,0,0,0,0
P07,V7_video1_normal,normal,289,9.632572406529752,1,0.29051292856614264,0.2906047916926744,0.2904210654396109,0.16065702236089757,0.010344827586206896,1.0,0.12483780565069591,0.027403037490385973,0.07612042157054094,0.02710275262605993,0,0,0.03806021078527047,0.013551376313029965,0,0,0,0
P07,V7_video1_normal,normal,290,9.665903106898368,1,0.28957007617140457,0.2885172118553035,0.29062294048750564,0.16054616166877095,0.010309278350515464,1.0,0.11189134120288491,0.04739389369092872,0.07964261744690682,0.03617332766365284,0,0,0.03982130872345341,0.01808666383182642,0,0,0,0
P07,V7_video1_normal,normal,291,9.699233807266983,1,0.2864480932363718,0.2848356441161273,0.2880605423566164,0.1602395017805654,0.010273972602739725,1.0,0.0943881155829247,0.019250353475589566,0.056819234529257134,0.04687290985722701,0,0,0.028409617264628567,0.023436454928613504,0,0,0,0
P07,V7_video1_normal,normal,292,9.732564507635598,1,0.28593246141658957,0.28406790762249023,0.28779701521068884,0.16042919236921815,0.010238907849829351,1.0,0.09342150383404624,0.06651892520567892,0.07997021451986258,0.029576643373564804,0,0,0.03998510725993129,0.014788321686782402,0,0,0,0
P07,V7_video1_normal,normal,293,9.765895208004213,1,0.28747124411026603,0.2853631202437996,0.2895793679767324,0.1602578865637237,0.01020408163265306,1.0,0.113477615444734,0.05412110160663608,0.08379935852568504,0.024156025622965153,0,0,0.04189967926284252,0.012078012811482576,0,0,0,0
P07,V7_video1_normal,normal,294,9.799225908372827,1,0.2790500581365707,0.27872809404580473,0.2793720222273366,0.16034822767707846,0.010169491525423728,1.0,0.14970443801181466,0.05364641678655102,0.10167542739918284,0.04873512000074712,0,0,0.05083771369959142,0.02436756000037356,0,0,0,0
P07,V7_video1_normal,normal,295,9.832556608741443,1,0.2821218261167864,0.2822687897293076,0.2819748625042651,0.16016015595799035,0.010135135135135136,1.0,0.0836707521390837,0.09034677053822437,0.08700876133865404,0.02823241217821714,0,0,0.04350438066932702,0.01411620608910857,0,0,0,0
P07,V7_video1_normal,normal,296,9.865887309110057,1,0.2839835255429066,0.2801943077719601,0.28777274331385316,0.16015583843362008,0.010101010101010102,1.0,0.26014085531553144,0.10383527435868545,0.18198806483710844,0.06201147503458469,0,0,0.09099403241855422,0.031005737517292346,0,0,0,0
P07,V7_video1_normal,normal,297,9.899218009478673,1,0.2839082067003786,0.2805452093890124,0.2872712040117448,0.16018018548161708,0.010067114093959731,1.0,0.15984178966312645,0.03645761805045866,0.09814970385679256,0.0896531542462041,0,0,0.04907485192839628,0.04482657712310205,0,0,0,0
P07,V7_video1_normal,normal,298,9.932548709847287,1,0.28441852433441706,0.2813984203314519,0.2874386283373822,0.1603896906860017,0.010033444816053512,1.0,0.12915067474905095,0.23412712943668446,0.1816389020928677,0.05044667719439201,0,0,0.09081945104643385,0.025223338597196006,0,0,0,0
P07,V7_video1_normal,normal,299,9.965879410215903,1,0.27987422484688973,0.28053383948848115,0.27921461020529836,0.1600819967885893,0.01,1.0,0.10305384523705607,0.21128216282565537,0.15716800403135572,0.06130820234551536,0,0,0.07858400201567786,0.03065410117275768,0,0,0,0
P07,V7_video1_normal,normal,300,9.999210110584519,1,0.2868571124190975,0.2849731045957373,0.28874112024245774,0.1601687840617483,0.009966777408637873,1.0,0.05878173963891353,0.04030391974232472,0.04954282969061913,0.6037633996599986,0,0,0.024771414845309564,0.3018816998299993,0,0,0,0
P07,V7_video1_normal,normal,301,10.032540810953133,1,0.28301546958681656,0.2829458898452575,0.28308504932837564,0.160311570900237,0.009933774834437087,1.0,0.20879322227999808,0.08123862826513029,0.14501592527256418,0.5587392767714211,0,0,0.07250796263628209,0.27936963838571055,0,0,0,0
P07,V7_video1_normal,normal,302,10.065871511321749,1,0.2798895420040743,0.2814369176871596,0.27834216632098896,0.1601086737584814,0.009900990099009901,1.0,0.18756758323320144,0.10947531092783835,0.1485214470805199,0.1568199354888836,0,0,0.07426072354025995,0.0784099677444418,0,0,0,0
P07,V7_video1_normal,normal,303,10.099202211690363,1,0.28230091306434857,0.28241137495373014,0.282190451174967,0.1600656435250478,0.009868421052631578,1.0,0.5816814185753221,0.14329703097066326,0.36248922477299267,0.4463495027740761,0,0,0.18124461238649633,0.22317475138703805,0,0,0,0
P07,V7_video1_normal,normal,304,10.132532912058979,1,0.2829795396133843,0.2861235409360601,0.27983553829070845,0.1601180038117911,0.009836065573770493,1.0,0.31850171097528723,0.13179755779299662,0.22514963438414193,0.4413464548934868,0,0,0.11257481719207096,0.2206732274467434,0,0,0,0
P07,V7_video1_normal,normal,305,10.165863612427593,1,0.2818090813845102,0.28388682885206845,0.27973133391695204,0.16020289585429523,0.00980392156862745,1.0,0.27602951711894064,0.0548826776286947,0.16545609737381767,0.4089986840253906,0,0,0.08272804868690883,0.2044993420126953,0,0,0,0
P07,V7_video1_normal,normal,306,10.199194312796209,1,0.2825936809478209,0.28405831582828156,0.2811290460673603,0.16022901377929505,0.009771986970684038,1.0,0.30454045911317706,0.02227570438926607,0.16340808175122157,0.4726080238577348,0,0,0.08170404087561078,0.2363040119288674,0,0,0,0
P07,V7_video1_normal,normal,307,10.232525013164823,1,0.283071808246139,0.2851027552435063,0.2810408612487717,0.16027342843533768,0.00974025974025974,1.0,0.3726869256837775,0.03266415262631184,0.20267553915504466,0.6027819789998513,0,0,0.10133776957752233,0.30139098949992565,0,0,0,0
P07,V7_video1_normal,normal,308,10.265855713533439,1,0.28310504025916206,0.2845744216750006,0.2816356588433235,0.15974302830470855,0.009708737864077669,1.0,0.3720349971880531,0.03552018003500668,0.2037775886115299,0.4876711442081502,0,0,0.10188879430576495,0.2438355721040751,0,0,0,0
P07,V7_video1_normal,normal,309,10.299186413902053,1,0.2826623138785267,0.28354435477211215,0.28178027298494124,0.15980813620261108,0.00967741935483871,1.0,0.3532851944813217,0.04408684361901316,0.19868601905016742,0.5518045639822658,0,0,0.09934300952508371,0.2759022819911329,0,0,0,0
P07,V7_video1_normal,normal,310,10.332517114270669,1,0.28316003450163796,0.28430169204467975,0.2820183769585962,0.15969831119221492,0.00964630225080386,1.0,0.2221603638068591,0.05996877833249992,0.1410645710696795,0.7776427205040907,0,0,0.07053228553483976,0.38882136025204533,0,0,0,0
P07,V7_video1_normal,normal,311,10.365847814639285,1,0.2820373112575123,0.28280866280417793,0.2812659597108467,0.1597588253394747,0.009615384615384616,1.0,0.20121349517998,0.1058504940016709,0.15353199459082545,0.6175590132871807,0,0,0.07676599729541272,0.30877950664359033,0,0,0,0
P07,V7_video1_normal,normal,312,10.399178515007899,1,0.28320418387566737,0.28472096892842774,0.28168739882290705,0.15993329050402716,0.009584664536741214,1.0,0.03501833060857007,0.15239063783803186,0.09370448422330097,0.626444748057578,0,0,0.04685224211165048,0.313222374028789,0,0,0,0
P07,V7_video1_normal,normal,313,10.432509215376514,1,0.28221550264137896,0.2839283115823617,0.28050269370039627,0.15979763021450846,0.009554140127388535,1.0,0.10783938306028218,0.08384070744224026,0.09584004525126122,0.6524162323027471,0,0,0.04792002262563061,0.3262081161513736,0,0,0,0
P07,V7_video1_normal,normal,314,10.465839915745129,1,0.2802507389015072,0.2812041393429307,0.27929733846008364,0.15980289279338564,0.009523809523809525,1.0,0.1186301723323211,0.03488342329631189,0.07675679781431649,0.15450945002899003,0,0,0.038378398907158245,0.07725472501449501,0,0,0,0
P07,V7_video1_normal,normal,315,10.499170616113744,1,0.282740252120798,0.28193763053551535,0.2835428737060806,0.15991709844999064,0.00949367088607595,1.0,0.061642316459751934,0.04216837087034808,0.05190534366505001,0.2644297912352755,0,0,0.025952671832525004,0.13221489561763775,0,0,0,0
P07,V7_video1_normal,normal,316,10.532501316482358,1,0.2882430755566406,0.2849742759724533,0.2915118751408279,0.16065691788241876,0.00946372239747634,1.0,0.043117615826593125,0.1353505800088578,0.08923409791772546,0.11072223154091679,0,0,0.04461704895886273,0.055361115770458394,0,0,0,0
P07,V7_video1_normal,normal,317,10.565832016850974,1,0.284131871714564,0.2823296405837596,0.28593410284536835,0.16048536672448932,0.009433962264150943,1.0,0.06483732983128443,0.01575271670107814,0.040295023266181285,0.19872620029245586,0,0,0.020147511633090642,0.09936310014622793,0,0,0,0
P07,V7_video1_normal,normal,318,10.599162717219588,1,0.28263621753374796,0.2813140803082512,0.2839583547592447,0.16049637489513002,0.009404388714733543,1.0,0.06698229968348235,0.08462888577864036,0.07580559273106136,0.2764518268017278,0,0,0.03790279636553068,0.1382259134008639,0,0,0,0
P07,V7_video1_normal,normal,319,10.632493417588204,1,0.28265236246689796,0.2809778221202418,0.28432690281355416,0.15994521523069258,0.009375,1.0,0.07230427659937977,0.04187758054225599,0.05709092857081788,0.3605669320699451,0,0,0.02854546428540894,0.18028346603497256,0,0,0,0
P07,V7_video1_normal,normal,320,10.66582411795682,1,0.27989773011267194,0.2764866687327995,0.2833087914925444,0.15994288024604034,0.009345794392523364,1.0,0.06605424908854307,0.08352673071174355,0.07479048990014331,0.28699947816952875,0,0,0.037395244950071654,0.14349973908476438,0,0,0,0
P07,V7_video1_normal,normal,321,10.699154818325434,1,0.2553050128236609,0.25357540757309843,0.25703461807422334,0.15919277747109967,0.009316770186335404,1.0,0.06921091702192572,0.056914966486970586,0.06306294175444815,0.19384103358380522,0,0,0.03153147087722408,0.09692051679190261,0,0,0,0
P07,V7_video1_normal,normal,322,10.73248551869405,1,0.19294987515159348,0.18640674287317707,0.1994930074300099,0.16009228949039372,0.009287925696594427,1.0,0.22216017840711633,0.06135719042007992,0.14175868441359812,0.08072290638117031,0,0,0.07087934220679906,0.04036145319058516,0,0,0,0
P07,V7_video1_normal,normal,323,10.765816219062664,1,0.1487043952476304,0.14587105050756943,0.1515377399876914,0.15981565204871157,0.009259259259259259,1.0,0.11473424004320776,0.16908541088497797,0.14190982546409286,0.13770062383528495,0,0,0.07095491273204643,0.06885031191764247,0,0,0,0
P07,V7_video1_normal,normal,324,10.79914691943128,1,0.14319093996342624,0.1308905064048596,0.15549137352199288,0.15970119868587174,0.009230769230769232,1.0,0.16566156359290396,0.3378019680608524,0.2517317658268782,0.14048421555652033,0,0,0.1258658829134391,0.07024210777826016,0,0,0,0
P07,V7_video1_normal,normal,325,10.832477619799894,1,0.15851376394483613,0.14425980429768465,0.1727677235919876,0.15934848838190396,0.009202453987730062,1.0,0.10949081533097393,0.2396889098435513,0.1745898625872626,0.14096521282256635,0,0,0.0872949312936313,0.07048260641128318,0,0,0,0
P07,V7_video1_normal,normal,326,10.86580832016851,1,0.18741417730649929,0.18925776456712143,0.18557059004587712,0.15968644670593163,0.009174311926605505,1.0,0.10574033513661563,0.14059223655165975,0.12316628584413769,0.14477556765019162,0,0,0.061583142922068845,0.07238778382509581,0,0,0,0
P07,V7_video1_normal,normal,327,10.899139020537124,1,0.19034089604793009,0.18841253829698973,0.19226925379887044,0.1601477937184518,0.009146341463414634,1.0,0.06977027250196188,0.18859129690366283,0.12918078470281236,0.0708435827382766,0,0,0.06459039235140618,0.0354217913691383,0,0,0,0
P07,V7_video1_normal,normal,328,10.93246972090574,1,0.20181420647684573,0.19546357480529808,0.2081648381483934,0.1595456510832461,0.00911854103343465,1.0,0.2648668422136873,0.15612302091945796,0.21049493156657262,0.10951222712509114,0,0,0.10524746578328631,0.05475611356254557,0,0,0,0
P07,V7_video1_normal,normal,329,10.965800421274356,1,0.21343611502461662,0.20739171867733272,0.21948051137190056,0.15932236081260953,0.00909090909090909,1.0,0.07825803894070438,0.06820080429122966,0.07322942161596702,0.09154152827801348,0,0,0.03661471080798351,0.04577076413900674,0,0,0,0
P07,V7_video1_normal,normal,330,10.99913112164297,1,0.23156998100076026,0.22597052996256406,0.23716943203895643,0.16004763552623558,0.00906344410876133,1.0,0.161445628118846,0.09192372074757116,0.12668467443320858,0.2725419159013177,0,0,0.06334233721660429,0.13627095795065886,0,0,0,0
P07,V7_video1_normal,normal,331,11.032461822011586,1,0.2392604914080879,0.2350068531018418,0.24351412971433398,0.15909824444656792,0.009036144578313253,1.0,0.056288970627850876,0.18872227255796659,0.12250562159290873,0.48787081945843563,0,0,0.061252810796454366,0.24393540972921782,0,0,0,0
P07,V7_video1_normal,normal,332,11.0657925223802,1,0.24486600217077198,0.23946345901948654,0.25026854532205745,0.1594069307919981,0.009009009009009009,1.0,0.07272154891079985,0.09947211463179162,0.08609683177129573,0.13106373303631447,0,0,0.04304841588564787,0.06553186651815723,0,0,0,0
P07,V7_video1_normal,normal,333,11.099123222748815,1,0.24845915548998543,0.24479125927767467,0.25212705170229616,0.15974889804627443,0.008982035928143712,1.0,0.038097705916524394,0.09377286072413415,0.06593528332032927,0.1476833714766418,0,0,0.03296764166016464,0.0738416857383209,0,0,0,0
P07,V7_video1_normal,normal,334,11.13245392311743,1,0.2538511119750228,0.24951991907725543,0.25818230487279015,0.16039046320936928,0.008955223880597015,1.0,0.057926309657363895,0.08224980535914828,0.07008805750825609,0.25134114210361447,0,0,0.03504402875412804,0.12567057105180723,0,0,0,0
P07,V7_video1_normal,normal,335,11.165784623486045,1,0.25701928294326415,0.25203640208813055,0.2620021637983977,0.15998574650534242,0.008928571428571428,1.0,0.11319442122216039,0.10962148207833966,0.11140795165025003,0.16832996731406064,0,0,0.05570397582512501,0.08416498365703032,0,0,0,0
P07,V7_video1_normal,normal,336,11.19911532385466,1,0.2630900541316412,0.25899476176814035,0.26718534649514214,0.15963547649189622,0.008902077151335312,1.0,0.07788502174100076,0.06049450180610716,0.06918976177355396,0.08204155085836494,0,0,0.03459488088677698,0.04102077542918247,0,0,0,0
P07,V7_video1_normal,normal,337,11.232446024223275,1,0.26523063084076925,0.2616911985923338,0.26877006308920476,0.1591359374554886,0.008875739644970414,1.0,0.06541481775702473,0.0529050372916523,0.05915992752433852,0.15756700408997312,0,0,0.02957996376216926,0.07878350204498656,0,0,0,0
P07,V7_video1_normal,normal,338,11.265776724591891,1,0.26588309554316647,0.2619107654520533,0.2698554256342797,0.15895163897608658,0.008849557522123894,1.0,0.09858257058966591,0.048860482085595014,0.07372152633763046,0.17975264937506522,0,0,0.03686076316881523,0.08987632468753261,0,0,0,0
P07,V7_video1_normal,normal,339,11.299107424960505,1,0.2622121473817599,0.2561083006603764,0.26831599410314344,0.15923470582513927,0.008823529411764706,1.0,0.038668764335202055,0.08489780124656732,0.061783282790884686,0.1788396843387448,0,0,0.030891641395442343,0.0894198421693724,0,0,0,0
P07,V7_video1_normal,normal,340,11.332438125329121,1,0.264164470260556,0.25769448180010174,0.2706344587210102,0.15955551504251556,0.008797653958944282,1.0,0.062072355127668954,0.2206991551615467,0.14138575514460783,0.2006484834925029,0,0,0.07069287757230391,0.10032424174625144,0,0,0,0
P07,V7_video1_normal,normal,341,11.365768825697735,1,0.2650304366372923,0.2586926198124375,0.27136825346214705,0.15951099795985457,0.008771929824561403,1.0,0.059383751923343664,0.08862094041816237,0.07400234617075302,0.09007974356035299,0,0,0.03700117308537651,0.045039871780176495,0,0,0,0
P07,V7_video1_normal,normal,342,11.399099526066351,1,0.2722770715976378,0.26590452376121787,0.2786496194340577,0.15983158299789596,0.008746355685131196,1.0,0.06122860102912342,0.2139552636846357,0.13759193235687955,0.17541539035225778,0,0,0.06879596617843978,0.08770769517612889,0,0,0,0
P07,V7_video1_normal,normal,343,11.432430226434965,1,0.2772809262972352,0.27247180346034283,0.28209004913412766,0.15970500329527118,0.00872093023255814,1.0,0.05433682870273393,0.044900744676294235,0.04961878668951408,0.0912305177502446,0,0,0.02480939334475704,0.0456152588751223,0,0,0,0
P07,V7_video1_normal,normal,344,11.465760926803581,1,0.27777701865421556,0.27303042581511017,0.2825236114933209,0.160039073970831,0.008695652173913044,1.0,0.2010970652619719,0.15733772640773047,0.1792173958348512,0.2196912053623803,0,0,0.0896086979174256,0.10984560268119015,0,0,0,0
P07,V7_video1_normal,normal,345,11.499091627172195,1,0.2800485915600265,0.2747176474903792,0.2853795356296737,0.15983183585148447,0.008670520231213872,1.0,0.3786776620720186,0.09956268326782702,0.2391201726699228,0.07265218974292405,0,0,0.1195600863349614,0.036326094871462024,0,0,0,0
P07,V7_video1_normal,normal,346,11.53242232754081,1,0.2821419226875844,0.2772462995734462,0.2870375458017226,0.15940577867609426,0.008645533141210375,1.0,0.2678071579718616,0.2234085596110369,0.24560785879144925,0.046051401100873066,0,0,0.12280392939572463,0.023025700550436533,0,0,0,0
P07,V7_video1_normal,normal,347,11.565753027909427,1,0.2831499394160416,0.27861932835544573,0.28768055047663754,0.159904124712834,0.008620689655172414,1.0,0.21460275753386993,0.2172574954938774,0.21593012651387367,0.08121845067533198,0,0,0.10796506325693683,0.04060922533766599,0,0,0,0
P07,V7_video1_normal,normal,348,11.59908372827804,1,0.29062481308373866,0.28998007548310856,0.2912695506843687,0.16041839869136787,0.008595988538681949,1.0,0.04306446944439024,0.08752795825175652,0.06529621384807338,0.1214699361388809,0,0,0.03264810692403669,0.06073496806944045,0,0,0,0
P07,V7_video1_normal,normal,349,11.632414428646657,1,0.29111666173786516,0.2931096365917676,0.2891236868839627,0.15998441476856043,0.008571428571428572,1.0,0.09077532755043505,0.022116186607641142,0.056445757079038095,0.13231088668068314,0,0,0.028222878539519047,0.06615544334034157,0,0,0,0
P07,V7_video1_normal,normal,350,11.66574512901527,1,0.2883952389334984,0.2916505491814449,0.2851399286855518,0.1603332597339654,0.008547008547008548,1.0,0.038330804965371335,0.09667241313756325,0.06750160905146729,0.07456808163450417,0,0,0.033750804525733646,0.03728404081725208,0,0,0,0
P07,V7_video1_normal,normal,351,11.699075829383887,1,0.2904444839797484,0.2932012840135119,0.28768768394598493,0.16001483465091096,0.008522727272727272,1.0,0.07322542142227306,0.06488898630800699,0.06905720386514003,0.1282143800389594,0,0,0.03452860193257001,0.0641071900194797,0,0,0,0
P07,V7_video1_normal,normal,352,11.7324065297525,1,0.2919396981682503,0.2945249326418202,0.2893544636946804,0.16027588760245579,0.0084985835694051,1.0,0.03700188647192293,0.050262745615128,0.043632316043525465,0.09857377840031781,0,0,0.021816158021762733,0.049286889200158904,0,0,0,0
P07,V7_video1_normal,normal,353,11.765737230121116,1,0.29527664846191304,0.29766305141350263,0.29289024551032344,0.16082869463794558,0.00847457627118644,1.0,0.019403573345782243,0.020630384743457242,0.020016979044619743,0.07945259951437081,0,0,0.010008489522309871,0.039726299757185404,0,0,0,0
P07,V7_video1_normal,normal,354,11.79906793048973,1,0.2885057512520829,0.28908030573585974,0.287931196768306,0.16078149217095786,0.008450704225352112,1.0,0.028204240254163793,0.04873590477593692,0.03847007251505036,0.132589174839206,0,0,0.01923503625752518,0.066294587419603,0,0,0,0
P07,V7_video1_normal,normal,355,11.832398630858346,1,0.2898208231803405,0.28593768915433226,0.29370395720634884,0.1605489683832212,0.008426966292134831,1.0,0.0752985597314898,0.07970803814931038,0.07750329894040009,0.04558427355632665,0,0,0.038751649470200045,0.022792136778163326,0,0,0,0
P07,V7_video1_normal,normal,356,11.865729331226962,1,0.2875936360232284,0.2843051837354907,0.2908820883109661,0.16052305671977285,0.008403361344537815,1.0,0.10497590312605809,0.11763908478964691,0.1113074939578525,0.14048015640421838,0,0,0.05565374697892625,0.07024007820210919,0,0,0,0
P07,V7_video1_normal,normal,357,11.899060031595576,1,0.2870963495488005,0.28591691006573167,0.2882757890318693,0.16033827206292564,0.008379888268156424,1.0,0.02897799311144489,0.11012852967350029,0.06955326139247259,0.10672236504477185,0,0,0.034776630696236294,0.053361182522385926,0,0,0,0
P07,V7_video1_normal,normal,358,11.932390731964192,1,0.2856967503420197,0.2854333760386596,0.28596012464537984,0.16038264262248067,0.008356545961002786,1.0,0.017506661919858835,0.04799378899594575,0.03275022545790229,0.08809195342121072,0,0,0.016375112728951147,0.04404597671060536,0,0,0,0
P07,V7_video1_normal,normal,359,11.965721432332806,1,0.2869320403085368,0.28605837979869536,0.2878057008183783,0.16054989361357663,0.008333333333333333,1.0,0.021359212322943577,0.11116702465066874,0.06626311848680616,0.07769059037168576,0,0,0.03313155924340308,0.03884529518584288,0,0,0,0
P07,V7_video1_normal,normal,360,11.999052132701422,1,0.30017976402849067,0.2964541803454722,0.30390534771150907,0.16084695709855953,0.008310249307479225,1.0,0.05907546014262621,0.1334721077073937,0.09627378392500996,0.041369124513853626,0,0,0.04813689196250498,0.020684562256926813,0,0,0,0
P07,V7_video1_normal,normal,361,12.032382833070036,1,0.3008355897204774,0.2968388717898412,0.3048323076511137,0.16075890872207016,0.008287292817679558,1.0,0.05912412931852695,0.1334721077073937,0.09629811851296033,0.07275515764345829,0,0,0.048149059256480164,0.036377578821729144,0,0,0,0
P07,V7_video1_normal,normal,362,12.065713533438652,1,0.30084927125432914,0.29659442046550033,0.305104122043158,0.16083470921571855,0.008264462809917356,1.0,0.08297302988494804,0.07114630075098083,0.07705966531796443,0.11523024741774256,0,0,0.038529832658982216,0.05761512370887128,0,0,0,0
P07,V7_video1_normal,normal,363,12.099044233807266,1,0.30039953928412155,0.2958731453597228,0.30492593320852024,0.16085792171735164,0.008241758241758242,1.0,0.10145291662196199,0.02725825155844608,0.06435558409020403,0.048583596117389626,0,0,0.032177792045102016,0.024291798058694813,0,0,0,0
P07,V7_video1_normal,normal,364,12.132374934175882,1,0.30142269687055206,0.2971584894622353,0.30568690427886885,0.16107963076383566,0.00821917808219178,1.0,0.015822422808870584,0.0711792058307219,0.043500814319796244,0.12766235609641363,0,0,0.021750407159898122,0.06383117804820682,0,0,0,0
P07,V7_video1_normal,normal,365,12.165705634544498,1,0.29807050904689336,0.2946156872184006,0.3015253308753862,0.16061569434535092,0.00819672131147541,1.0,0.10474349775577574,0.012922467876830046,0.05883298281630289,0.10747520649979167,0,0,0.029416491408151446,0.053737603249895835,0,0,0,0
P07,V7_video1_normal,normal,366,12.199036334913112,1,0.2925121993097391,0.28936652788978856,0.29565787072968963,0.16048555705472142,0.008174386920980926,1.0,0.04525676038899806,0.05632273215542105,0.05078974627220956,0.02827682084662146,0,0,0.02539487313610478,0.01413841042331073,0,0,0,0
P07,V7_video1_normal,normal,367,12.232367035281728,1,0.28956260951522295,0.2863200262300674,0.29280519280037853,0.160228018512712,0.008152173913043478,1.0,0.03328631366102763,0.05647955107773461,0.04488293236938112,0.042137816555151794,0,0,0.02244146618469056,0.021068908277575897,0,0,0,0
P07,V7_video1_normal,normal,368,12.265697735650342,1,0.285916641432,0.28011301151305856,0.29172027135094153,0.15964045237474184,0.008130081300813009,1.0,0.11662479380797486,0.11340364270552239,0.11501421825674862,0.03342483137907858,0,0,0.05750710912837431,0.01671241568953929,0,0,0,0
P07,V7_video1_normal,normal,369,12.299028436018958,1,0.2838058645927533,0.27760389125629426,0.29000783792921236,0.16016060566786022,0.008108108108108109,1.0,0.05441143640488433,0.03596906678550982,0.04519025159519707,0.036473291435401956,0,0,0.022595125797598536,0.018236645717700978,0,0,0,0
P07,V7_video1_normal,normal,370,12.332359136387572,1,0.28231902215282056,0.2762773604213683,0.28836068388427283,0.16002306752376666,0.008086253369272238,1.0,0.053461609015536204,0.06579044646501564,0.05962602774027592,0.05497082134277584,0,0,0.02981301387013796,0.02748541067138792,0,0,0,0
P07,V7_video1_normal,normal,371,12.365689836756188,1,0.28793091469948395,0.28181674332064105,0.2940450860783268,0.16001858824632229,0.008064516129032258,1.0,0.20282369346234896,0.04576961850889949,0.12429665598562423,0.03130786066553136,0,0,0.062148327992812114,0.01565393033276568,0,0,0,0
P07,V7_video1_normal,normal,372,12.399020537124802,1,0.28895261275433404,0.28317657192885476,0.29472865357981337,0.1593024517214425,0.00804289544235925,1.0,0.08093057368761036,0.05774702286188893,0.06933879827474965,0.0808617224546883,0,0,0.03466939913737482,0.04043086122734415,0,0,0,0
P07,V7_video1_normal,normal,373,12.432351237493418,1,0.29578327701792495,0.29108870877506826,0.3004778452607816,0.16013843799220204,0.008021390374331552,1.0,0.11545900626177075,0.02674074258890624,0.0710998744253385,0.07500631082509707,0,0,0.03554993721266925,0.03750315541254853,0,0,0,0
P07,V7_video1_normal,normal,374,12.465681937862033,1,0.2956841346366542,0.29237701711824726,0.29899125215506117,0.1597289492074335,0.008,1.0,0.06637670748701041,0.04444359085860683,0.05541014917280862,0.033713121109982,0,0,0.02770507458640431,0.016856560554991,0,0,0,0
P07,V7_video1_normal,normal,375,12.499012638230647,1,0.2979195277429721,0.2952000248711469,0.3006390306147973,0.1599628728453876,0.007978723404255319,1.0,0.05112501720779827,0.04815335683923294,0.04963918702351561,0.14241381818698276,0,0,0.024819593511757804,0.07120690909349138,0,0,0,0
P07,V7_video1_normal,normal,376,12.532343338599263,1,0.299089917248049,0.29553919281919655,0.3026406416769014,0.1600925567877956,0.007957559681697613,1.0,0.04910582294987953,0.030105049832777064,0.0396054363913283,0.11097197393558801,0,0,0.01980271819566415,0.055485986967794006,0,0,0,0
P07,V7_video1_normal,normal,377,12.565674038967877,1,0.3004584898744171,0.2958323031399114,0.3050846766089228,0.1602837683627874,0.007936507936507936,1.0,0.034599027795335635,0.030694558534025695,0.032646793164680665,0.13531136809387048,0,0,0.016323396582340333,0.06765568404693524,0,0,0,0
P07,V7_video1_normal,normal,378,12.599004739336493,1,0.30219216611683997,0.2980440719605121,0.30634026027316785,0.1606029830658336,0.0079155672823219,1.0,0.06614527816299143,0.03768930827159278,0.051917293217292104,0.08849675737697543,0,0,0.025958646608646052,0.044248378688487716,0,0,0,0
P07,V7_video1_normal,normal,379,12.632335439705107,1,0.29816856847844797,0.29349499806832297,0.30284213888857303,0.1606501659622368,0.007894736842105263,1.0,0.07250801018862618,0.0456432372698814,0.05907562372925379,0.03931916253120101,0,0,0.029537811864626895,0.019659581265600506,0,0,0,0
P07,V7_video1_normal,normal,380,12.665666140073723,1,0.29671720347771036,0.2908509164074349,0.3025834905479858,0.16066225737823694,0.007874015748031496,1.0,0.08254695493499387,0.018158950594401313,0.05035295276469759,0.07078621180676407,0,0,0.025176476382348795,0.03539310590338204,0,0,0,0
P07,V7_video1_normal,normal,381,12.698996840442337,1,0.2977700631315393,0.292229339664827,0.3033107865982516,0.16087352597393612,0.007853403141361256,1.0,0.02576787804979197,0.015341012538732768,0.02055444529426237,0.05116420539577226,0,0,0.010277222647131184,0.02558210269788613,0,0,0,0
P07,V7_video1_normal,normal,382,12.732327540810953,1,0.3017446883443625,0.2965857868972758,0.3069035897914492,0.16137859442774588,0.007832898172323759,1.0,0.010017244191829477,0.11771773157726884,0.06386748788454916,0.10248974575153809,0,0,0.03193374394227458,0.051244872875769044,0,0,0,0
P07,V7_video1_normal,normal,383,12.765658241179569,1,0.2960296748150939,0.2899239106218286,0.30213543900835915,0.16077889563579018,0.0078125,1.0,0.011704041102872043,0.055750564865617136,0.03372730298424459,0.0642020788476231,0,0,0.016863651492122295,0.03210103942381155,0,0,0,0
P07,V7_video1_normal,normal,384,12.798988941548183,1,0.3000886250665089,0.29399076790604134,0.30618648222697653,0.16048838152169423,0.007792207792207792,1.0,0.01028441756207632,0.05379494672908247,0.032039682145579396,0.07289152416060724,0,0,0.016019841072789698,0.03644576208030362,0,0,0,0
P07,V7_video1_normal,normal,385,12.832319641916799,1,0.3003270835695394,0.2945125958054091,0.30614157133366976,0.16049148076353384,0.007772020725388601,1.0,0.016509863476670383,0.0256611436926234,0.021085503584646892,0.06861941031666727,0,0,0.010542751792323446,0.034309705158333634,0,0,0,0
P07,V7_video1_normal,normal,386,12.865650342285413,1,0.2988621050270319,0.29282500567760966,0.30489920437645424,0.16067263553205077,0.007751937984496124,1.0,0.00611945393989155,0.12531331832616333,0.06571638613302744,0.08794617727252114,0,0,0.03285819306651372,0.04397308863626057,0,0,0,0
P07,V7_video1_normal,normal,387,12.898981042654029,1,0.291018234147162,0.284955209874001,0.297081258420323,0.16018409708470993,0.007731958762886598,1.0,0.03790173678359532,0.058492749919314635,0.04819724335145498,0.03360739592035561,0,0,0.02409862167572749,0.016803697960177805,0,0,0,0
P07,V7_video1_normal,normal,388,12.932311743022643,1,0.29197176903750777,0.28522589326821957,0.298717644806796,0.16004061650888687,0.007712082262210797,1.0,0.11844331231568972,0.02085269665953049,0.0696480044876101,0.11593476422163759,0,0,0.03482400224380505,0.057967382110818796,0,0,0,0
P07,V7_video1_normal,normal,389,12.965642443391259,1,0.29326560675104524,0.2868521025243216,0.2996791109777689,0.16014502521322724,0.007692307692307693,1.0,0.34689085667850494,0.026827824710442094,0.18685934069447352,0.10350948668145347,0,0,0.09342967034723676,0.05175474334072674,0,0,0,0
P07,V7_video1_normal,normal,390,12.998973143759873,1,0.293665571452336,0.2886829310711956,0.29864821183347645,0.1610923191826453,0.0076726342710997444,1.0,0.27992647115687486,0.10124374175741302,0.19058510645714394,0.047116771034754146,0,0,0.09529255322857197,0.023558385517377073,0,0,0,0
P07,V7_video1_normal,normal,391,13.032303844128489,1,0.29470422417726105,0.2898803705149747,0.29952807783954744,0.161221499934309,0.007653061224489796,1.0,0.24765448462253203,0.07276418137126983,0.16020933299690093,0.052240618536401995,0,0,0.08010466649845047,0.026120309268200997,0,0,0,0
P07,V7_video1_normal,normal,392,13.065634544497104,1,0.29934377873009954,0.29372826728892537,0.30495929017127377,0.16109097466207548,0.007633587786259542,1.0,0.08182284972364373,0.11233056146156006,0.0970767055926019,0.05118262335512926,0,0,0.04853835279630095,0.02559131167756463,0,0,0,0
P07,V7_video1_normal,normal,393,13.098965244865719,1,0.2937222676988194,0.2881075636815531,0.2993369717160857,0.16039170810550915,0.007614213197969543,1.0,0.07255184275077264,0.03642357110251093,0.05448770692664179,0.021281650125535893,0,0,0.027243853463320894,0.010640825062767947,0,0,0,0
P07,V7_video1_normal,normal,394,13.132295945234334,1,0.29649492751889284,0.2905975851382355,0.30239226989955015,0.1603230582512081,0.007594936708860759,1.0,0.18343906195290094,0.004290735426148218,0.09386489868952458,0.10715781618804653,0,0,0.04693244934476229,0.05357890809402326,0,0,0,0
P07,V7_video1_normal,normal,395,13.165626645602948,1,0.2892785608701376,0.28413276651252933,0.29442435522774585,0.1596924532390583,0.007575757575757576,1.0,0.032462560779032645,0.048619733988175096,0.04054114738360387,0.06335201036684067,0,0,0.020270573691801935,0.031676005183420335,0,0,0,0
P07,V7_video1_normal,normal,396,13.198957345971564,1,0.29266570149113,0.28642933941226784,0.2989020635699922,0.1601147149187264,0.007556675062972292,1.0,0.055811543565519206,0.019713013293158776,0.03776227842933899,0.1531731428701584,0,0,0.018881139214669496,0.0765865714350792,0,0,0,0
P07,V7_video1_normal,normal,397,13.232288046340178,1,0.2856921612594474,0.2809153211563487,0.29046900136254605,0.15974479749458811,0.007537688442211055,1.0,0.046056187904359835,0.022404511981463537,0.034230349942911686,0.153302874112042,0,0,0.017115174971455843,0.076651437056021,0,0,0,0
P07,V7_video1_normal,normal,398,13.265618746708794,1,0.2897526935040036,0.2847813743854723,0.29472401262253495,0.16020019723843676,0.007518796992481203,1.0,0.03580444138416794,0.004056371689908356,0.019930406537038148,0.02617844384793395,0,0,0.009965203268519074,0.013089221923966976,0,0,0,0
P07,V7_video1_normal,normal,399,13.298949447077408,1,0.2898159627026853,0.28774466744588245,0.29188725795948817,0.1605283584593594,0.0075,1.0,0.05511067356433741,0.024417375916931938,0.039764024740634674,0.08932767805936494,0,0,0.019882012370317337,0.04466383902968247,0,0,0,0
P07,V7_video1_normal,normal,400,13.332280147446024,1,0.29782809257176857,0.2932963116806312,0.3023598734629059,0.16088488562004089,0.007481296758104738,1.0,0.023097907548954466,0.040839458162553965,0.031968682855754216,0.043428758010781,0,0,0.015984341427877108,0.0217143790053905,0,0,0,0
P07,V7_video1_normal,normal,401,13.36561084781464,1,0.2975137309554,0.2922547776496908,0.30277268426110926,0.16089410502926338,0.007462686567164179,1.0,0.022322886714961188,0.01748725910143345,0.01990507290819732,0.05941351003010924,0,0,0.00995253645409866,0.02970675501505462,0,0,0,0
P07,V7_video1_normal,normal,402,13.398941548183254,1,0.2952580591878309,0.29079231743283745,0.29972380094282425,0.16046100675714497,0.007444168734491315,1.0,0.05336113804286058,0.027742538184334253,0.040551838113597416,0.03584339346153721,0,0,0.020275919056798708,0.017921696730768606,0,0,0,0
P07,V7_video1_normal,normal,403,13.43227224855187,1,0.2955479574073765,0.2915431659882582,0.29955274882649474,0.16038216073390418,0.007425742574257425,1.0,0.015434048632949948,0.036048135480921895,0.02574109205693592,0.02132518549605631,0,0,0.01287054602846796,0.010662592748028155,0,0,0,0
P07,V7_video1_normal,normal,404,13.465602948920484,1,0.2923333582070693,0.2875991276261283,0.2970675887880103,0.1605005679450738,0.007407407407407408,1.0,0.044310633885420225,0.056218607729858205,0.050264620807639215,0.01574231791159692,0,0,0.025132310403819608,0.00787115895579846,0,0,0,0
P07,V7_video1_normal,normal,405,13.4989336492891,1,0.29325508860729643,0.2877077260969525,0.2988024511176403,0.16059240427019555,0.007389162561576354,1.0,0.02569784188180546,0.07346378441799306,0.04958081314989926,0.010052577447086352,0,0,0.02479040657494963,0.005026288723543176,0,0,0,0
P07,V7_video1_normal,normal,406,13.532264349657714,1,0.2872888911906417,0.2815330881239656,0.2930446942573179,0.16061695265803222,0.007371007371007371,1.0,0.10375776097994704,0.06627852126309741,0.08501814112152223,0.005664649441026493,0,0,0.042509070560761114,0.0028323247205132465,0,0,0,0
P07,V7_video1_normal,normal,407,13.56559505002633,1,0.2853846024116284,0.27974549568082985,0.2910237091424269,0.1603632720514847,0.007352941176470588,1.0,0.04326516227798294,0.08698212975417119,0.06512364601607706,0.020012094715875246,0,0,0.03256182300803853,0.010006047357937623,0,0,0,0
P07,V7_video1_normal,normal,408,13.598925750394944,1,0.28194417013019235,0.27508557275817397,0.28880276750221073,0.16033416363038042,0.007334963325183374,1.0,0.15109193302379187,0.19800896623295983,0.17455044962837585,0.019378425877197354,0,0,0.08727522481418792,0.009689212938598677,0,0,0,0
P07,V7_video1_normal,normal,409,13.63225645076356,1,0.2868151956756203,0.2820532250893567,0.29157716626188396,0.16051134948140722,0.007317073170731708,1.0,0.07832646281776923,0.21715633328809103,0.14774139805293013,0.02484186730488889,0,0,0.07387069902646506,0.012420933652444444,0,0,0,0
P07,V7_video1_normal,normal,410,13.665587151132176,1,0.2863504022568977,0.2823929484386338,0.2903078560751615,0.16045929788088098,0.0072992700729927005,1.0,0.06338198118635352,0.07885634207249426,0.07111916162942389,0.06918900278759563,0,0,0.035559580814711944,0.034594501393797814,0,0,0,0
P07,V7_video1_normal,normal,411,13.69891785150079,1,0.2895934585738035,0.28475393555561623,0.29443298159199066,0.1603753369820454,0.007281553398058253,1.0,0.024510321096629983,0.05199961417593124,0.03825496763628061,0.10282168714444753,0,0,0.019127483818140306,0.051410843572223766,0,0,0,0
P07,V7_video1_normal,normal,412,13.732248551869406,1,0.2888475527217521,0.28407311637683885,0.29362198906666537,0.16033684958875735,0.007263922518159807,1.0,0.03160869462304294,0.21994154275402755,0.12577511868853525,0.03958368462435742,0,0,0.06288755934426762,0.01979184231217871,0,0,0,0
P07,V7_video1_normal,normal,413,13.76557925223802,1,0.2917815159757817,0.2866349771712997,0.2969280547802637,0.16052274043134088,0.007246376811594203,1.0,0.026055693164194427,0.017061695053942394,0.02155869410906841,0.10257673514820881,0,0,0.010779347054534205,0.051288367574104404,0,0,0,0
P07,V7_video1_normal,normal,414,13.798909952606635,1,0.2934672865504172,0.28816208806175536,0.29877248503907905,0.16039244604114233,0.007228915662650603,1.0,0.048349123097828794,0.07510687928960735,0.061728001193718074,0.16139752454526288,0,0,0.030864000596859037,0.08069876227263144,0,0,0,0
P07,V7_video1_normal,normal,415,13.83224065297525,1,0.29121469345964834,0.28598835170899706,0.2964410352102997,0.159999824613757,0.007211538461538462,1.0,0.017653251342709675,0.026417080261466386,0.02203516580208803,0.0877864705121147,0,0,0.011017582901044015,0.04389323525605735,0,0,0,0
P07,V7_video1_normal,normal,416,13.865571353343865,1,0.2939710137490105,0.28761105856763347,0.3003309689303876,0.15994034140954647,0.007194244604316547,1.0,0.054222163460288186,0.010535312633672356,0.03237873804698027,0.07204657013255462,0,0,0.016189369023490136,0.03602328506627731,0,0,0,0
P07,V7_video1_normal,normal,417,13.89890205371248,1,0.298082844923901,0.29099510795334715,0.3051705818944549,0.160129200804298,0.007177033492822967,1.0,0.013791517925096364,0.024568910428939383,0.019180214177017874,0.07260907190885069,0,0,0.009590107088508937,0.03630453595442534,0,0,0,0
P07,V7_video1_normal,normal,418,13.932232754081095,1,0.2951019623531346,0.28800173648565663,0.30220218822061257,0.16066270916067962,0.007159904534606206,1.0,0.04564087982000342,0.023670234325770423,0.03465555707288692,0.044832974346386716,0,0,0.01732777853644346,0.022416487173193358,0,0,0,0
P07,V7_video1_normal,normal,419,13.965563454449711,1,0.29397679071411076,0.2864107437628683,0.3015428376653532,0.16065606494051432,0.007142857142857143,1.0,0.04748333696286633,0.05428350036320573,0.05088341866303603,0.0377297805577043,0,0,0.025441709331518014,0.01886489027885215,0,0,0,0
P07,V7_video1_normal,normal,420,13.998894154818325,1,0.29272177596229576,0.28538789052148245,0.300055661403109,0.1608425431047142,0.007125890736342043,1.0,0.028424152702504202,0.028781800806894742,0.028602976754699472,0.045515064974101654,0,0,0.014301488377349736,0.022757532487050827,0,0,0,0
P07,V7_video1_normal,normal,421,14.032224855186941,1,0.28820439074426957,0.28164495933528405,0.2947638221532551,0.16094015913130005,0.0071090047393364926,1.0,0.019060035626185856,0.052548103138793434,0.035804069382489645,0.04765708854345633,0,0,0.017902034691244822,0.023828544271728164,0,0,0,0
P07,V7_video1_normal,normal,422,14.065555555555555,1,0.2879541821287833,0.28154196351529026,0.29436640074227644,0.16075077501727197,0.0070921985815602835,1.0,0.07249351697592643,0.025227177150637825,0.04886034706328213,0.06660278196786004,0,0,0.024430173531641064,0.03330139098393002,0,0,0,0
P07,V7_video1_normal,normal,423,14.098886255924171,1,0.28539763195359946,0.2795346766909234,0.29126058721627557,0.16050350728320628,0.007075471698113208,1.0,0.19313430162275247,0.021134566313413483,0.10713443396808298,0.03890266649244282,0,0,0.05356721698404149,0.01945133324622141,0,0,0,0
P07,V7_video1_normal,normal,424,14.132216956292785,1,0.29199171286859626,0.28503379531976747,0.2989496304174251,0.16077450131730778,0.007058823529411765,1.0,0.12297136006568221,0.03636018830179644,0.07966577418373932,0.23179031919990162,0,0,0.03983288709186966,0.11589515959995081,0,0,0,0
P07,V7_video1_normal,normal,425,14.165547656661401,1,0.29211875741262044,0.2872932112739532,0.2969443035512877,0.1605263582952161,0.007042253521126761,1.0,0.04897616572768537,0.01408878706912775,0.03153247639840656,0.12434269533416946,0,0,0.01576623819920328,0.06217134766708473,0,0,0,0
P07,V7_video1_normal,normal,426,14.198878357030015,1,0.2914421301500807,0.28633290269269884,0.2965513576074626,0.15992747849541825,0.00702576112412178,1.0,0.07955634714586735,0.010866710213623398,0.04521152867974537,0.14375376352357494,0,0,0.022605764339872686,0.07187688176178747,0,0,0,0
P07,V7_video1_normal,normal,427,14.23220905739863,1,0.29271163441256215,0.2880961155650866,0.2973271532600377,0.15991465051329617,0.007009345794392523,1.0,0.10667223504844414,0.008424011396315767,0.057548123222379954,0.02812145850705027,0,0,0.028774061611189977,0.014060729253525134,0,0,0,0
P07,V7_video1_normal,normal,428,14.265539757767247,1,0.2950391477198221,0.28940357554352264,0.30067471989612155,0.15999116411312184,0.006993006993006993,1.0,0.06965399824203677,0.018550396975310468,0.04410219760867362,0.029126434830572537,0,0,0.02205109880433681,0.014563217415286269,0,0,0,0
P07,V7_video1_normal,normal,429,14.29887045813586,1,0.29157212355267503,0.28410191669730706,0.299042330408043,0.15985468271870243,0.0069767441860465115,1.0,0.12114243545733916,0.003053528659058835,0.062097982058199,0.016434265653806516,0,0,0.0310489910290995,0.008217132826903258,0,0,0,0
P07,V7_video1_normal,normal,430,14.332201158504477,1,0.28873022341218935,0.2827638914215996,0.2946965554027791,0.15991521709736733,0.0069605568445475635,1.0,0.05543191586145346,0.007467510805908795,0.03144971333368113,0.031221064509362826,0,0,0.015724856666840564,0.015610532254681413,0,0,0,0
P07,V7_video1_normal,normal,431,14.36553185887309,1,0.28972960694489536,0.2839795020712816,0.2954797118185091,0.15994449708776082,0.006944444444444444,1.0,0.05503321623474067,0.008457099069426488,0.03174515765208358,0.026079445068024152,0,0,0.01587257882604179,0.013039722534012076,0,0,0,0
P07,V7_video1_normal,normal,432,14.398862559241707,1,0.2909971966444529,0.2853399961512435,0.2966543971376623,0.16020221990656733,0.006928406466512702,1.0,0.036856438612629105,0.022172372182651334,0.02951440539764022,0.018625187438264537,0,0,0.01475720269882011,0.009312593719132269,0,0,0,0
P07,V7_video1_normal,normal,433,14.43219325961032,1,0.292794774131684,0.2849715312782726,0.3006180169850953,0.16022336654621638,0.0069124423963133645,1.0,0.09653720704459567,0.03500101293510682,0.06576910998985125,0.012091189313255951,0,0,0.032884554994925624,0.006045594656627976,0,0,0,0
P07,V7_video1_normal,normal,434,14.465523959978936,1,0.29314443308494714,0.28655500652159144,0.29973385964830285,0.15998628604019755,0.006896551724137931,1.0,0.033807545865989,0.024886147044908102,0.02934684645544855,0.02493487403345415,0,0,0.014673423227724275,0.012467437016727074,0,0,0,0
P07,V7_video1_normal,normal,435,14.49885466034755,1,0.29209878882159074,0.28658696226225977,0.2976106153809217,0.15978652652195086,0.006880733944954129,1.0,0.03757288308270945,0.055618024857366555,0.046595453970038,0.0431611646086903,0,0,0.023297726985019,0.02158058230434515,0,0,0,0
P07,V7_video1_normal,normal,436,14.532185360716166,1,0.29241482583396927,0.2863347175967323,0.29849493407120625,0.15985805058540245,0.006864988558352402,1.0,0.029588093958031525,0.03642363804458393,0.033005866001307727,0.06014124696673063,0,0,0.016502933000653863,0.030070623483365314,0,0,0,0
P07,V7_video1_normal,normal,437,14.565516061084782,1,0.29217075722307173,0.2857955392048426,0.2985459752413009,0.15979036467470234,0.00684931506849315,1.0,0.025506218951769855,0.04202696332426603,0.03376659113801794,0.08507484249559594,0,0,0.01688329556900897,0.04253742124779797,0,0,0,0
P07,V7_video1_normal,normal,438,14.598846761453396,1,0.29398866393065615,0.2876992528182094,0.30027807504310283,0.16068935573115048,0.00683371298405467,1.0,0.13496732590046878,0.012308778058817138,0.07363805197964296,0.020996268091246155,0,0,0.03681902598982148,0.010498134045623077,0,0,0,0
P07,V7_video1_normal,normal,439,14.632177461822012,1,0.29330867018231555,0.28731935120067664,0.2992979891639544,0.16075136648110377,0.006818181818181818,1.0,0.06249371094385103,0.04338361566700144,0.05293866330542624,0.0985467918010594,0,0,0.02646933165271312,0.0492733959005297,0,0,0,0
P07,V7_video1_normal,normal,440,14.665508162190626,1,0.2941178720024244,0.2892053571893551,0.2990303868154937,0.16077677729758943,0.006802721088435374,1.0,0.13554593131161263,0.07959425825356647,0.10757009478258955,0.11098112421022982,0,0,0.05378504739129478,0.05549056210511491,0,0,0,0
P07,V7_video1_normal,normal,441,14.698838862559242,1,0.29142067708322084,0.2869570401079447,0.29588431405849697,0.1607074253937856,0.006787330316742082,1.0,0.04515781244977535,0.17893895082674727,0.11204838163826131,0.09770884109581301,0,0,0.056024190819130654,0.04885442054790651,0,0,0,0
P07,V7_video1_normal,normal,442,14.732169562927856,1,0.2918418545682865,0.28872392085028176,0.29495978828629127,0.1609534152510899,0.006772009029345372,1.0,0.17950895849130388,0.1354397945541861,0.15747437652274499,0.17396208902818547,0,0,0.07873718826137249,0.08698104451409273,0,0,0,0
P07,V7_video1_normal,normal,443,14.765500263296472,1,0.2959428368057757,0.29361256146755504,0.2982731121439963,0.16087770823654352,0.006756756756756757,1.0,0.18263776634007167,0.04485500202721704,0.11374638418364436,0.08020280282864403,0,0,0.05687319209182218,0.040101401414322016,0,0,0,0
P07,V7_video1_normal,normal,444,14.798830963665086,1,0.2940326203490129,0.29201059367157156,0.29605464702645423,0.1610642160934421,0.006741573033707865,1.0,0.12805912125413288,0.03514320524378056,0.08160116324895672,0.3646455742513527,0,0,0.04080058162447836,0.18232278712567634,0,0,0,0
P07,V7_video1_normal,normal,445,14.832161664033702,1,0.29088031787907975,0.28920583772614344,0.292554798032016,0.16156099925873527,0.006726457399103139,1.0,0.1312252665306921,0.01570270635920845,0.07346398644495028,0.0699361649951625,0,0,0.03673199322247514,0.03496808249758125,0,0,0,0
P07,V7_video1_normal,normal,446,14.865492364402318,1,0.29264397161287414,0.29064087921819476,0.2946470640075535,0.16051501620577222,0.006711409395973154,1.0,0.10037899632363678,0.06115546136854988,0.08076722884609333,0.13196265766327864,0,0,0.040383614423046665,0.06598132883163932,0,0,0,0
P07,V7_video1_normal,normal,447,14.898823064770932,1,0.2942030674068092,0.29216190228176414,0.2962442325318542,0.1607057028591121,0.006696428571428571,1.0,0.09085001321003783,0.08916776033451668,0.09000888677227725,0.03622564084775849,0,0,0.045004443386138626,0.018112820423879246,0,0,0,0
P07,V7_video1_normal,normal,448,14.932153765139548,1,0.29779035143557864,0.2939261885196275,0.30165451435152985,0.1605835764748866,0.0066815144766146995,1.0,0.059714095922961286,0.018936564684166712,0.039325330303564,0.15253307764940505,0,0,0.019662665151782,0.07626653882470252,0,0,0,0
P07,V7_video1_normal,normal,449,14.965484465508162,1,0.29584030595982125,0.2928453589251412,0.2988352529945013,0.16071211576907213,0.006666666666666667,1.0,0.04664365876342924,0.02851847179135414,0.03758106527739169,0.15246448588813233,0,0,0.018790532638695845,0.07623224294406616,0,0,0,0
P07,V7_video1_normal,normal,450,14.998815165876778,1,0.2952789898574516,0.2908587912217617,0.29969918849314153,0.16047573550646174,0.0066518847006651885,1.0,0.07840930874151708,0.07403692590808575,0.07622311732480141,0.17278842981779155,0,0,0.03811155866240071,0.08639421490889578,0,0,0,0
P07,V7_video1_normal,normal,451,15.032145866245392,1,0.27250037099119406,0.2705612843326519,0.2744394576497362,0.1598084211197723,0.0066518847006651885,1.0,0.05837231952526112,0.036271283962319156,0.04732180174379014,0.04317355292235101,0,0,0.02366090087189507,0.021586776461175506,0,0,0,0
P07,V7_video1_normal,normal,452,15.065476566614008,1,0.17978441594276018,0.18197120338553158,0.17759762849998875,0.16004364766446202,0.0066518847006651885,1.0,0.17742670525191429,0.5164876236529709,0.34695716445244257,0.06331686314971859,0,0,0.17347858222622128,0.03165843157485929,0,0,0,0
P07,V7_video1_normal,normal,453,15.098807266982622,1,0.1363782592518044,0.12620510195224033,0.14655141655136847,0.16024875412338985,0.008869179600886918,1.0,0.16265078117175624,0.28475218955761494,0.2237014853646856,0.13939442044727704,1,0,0.6118507426823427,0.06969721022363852,1,0,1,0
P07,V7_video1_normal,normal,454,15.132137967351238,1,0.1106750671570767,0.1069185197749817,0.1144316145391717,0.1605409199811396,0.011086474501108648,1.0,0.4449174326064853,0.18581844350358856,0.31536793805503693,0.08010865084309804,1,0,0.6576839690275185,0.04005432542154902,1,0,1,0
P07,V7_video1_normal,normal,455,15.165468667719853,1,0.14034872831495526,0.13200257179739341,0.14869488483251708,0.16026548965383813,0.013303769401330377,1.0,0.4191579017795154,0.1308128033878263,0.27498535258367085,0.1729741986093571,1,0,0.6374926762918354,0.08648709930467854,1,0,1,0
P07,V7_video1_normal,normal,456,15.198799368088467,1,0.1717374198208016,0.17843459300069114,0.16504024664091207,0.16029244687039562,0.013303769401330377,1.0,0.3267017641378209,0.1441249707611233,0.2354133674494721,0.06173143716984016,0,0,0.11770668372473606,0.03086571858492008,0,0,0,0
P07,V7_video1_normal,normal,457,15.232130068457083,1,0.1876093107923025,0.1941976086031638,0.18102101298144121,0.1601830430043292,0.013303769401330377,1.0,0.21558625185451752,0.504006389463974,0.35979632065924577,0.06200663532521991,0,0,0.17989816032962289,0.031003317662609955,0,0,0,0
P07,V7_video1_normal,normal,458,15.265460768825697,1,0.2056149348431557,0.20391617434138207,0.20731369534492936,0.15994918666543453,0.013303769401330377,1.0,0.13256229149471133,0.18604523424227792,0.15930376286849462,0.0701993110121072,0,0,0.07965188143424731,0.0350996555060536,0,0,0,0
P07,V7_video1_normal,normal,459,15.298791469194313,1,0.2232344789724751,0.22030868461202358,0.2261602733329266,0.16014387700963242,0.013303769401330377,1.0,0.04155020921893293,0.07154459244464051,0.05654740083178672,0.19789828336762383,0,0,0.02827370041589336,0.09894914168381191,0,0,0,0
P07,V7_video1_normal,normal,460,15.332122169562927,1,0.2272421035417711,0.2279278708866645,0.22655633619687768,0.16002734255923018,0.013303769401330377,1.0,0.034713520154051714,0.08429822250746744,0.059505871330759574,0.2781162351731374,0,0,0.029752935665379787,0.1390581175865687,0,0,0,0
P07,V7_video1_normal,normal,461,15.365452869931543,1,0.2330472426053382,0.23327608095883945,0.232818404251837,0.1601357869276866,0.013303769401330377,1.0,0.005533980977663777,0.044923632668190994,0.025228806822927385,0.22435517276419115,0,0,0.012614403411463693,0.11217758638209557,0,0,0,0
P07,V7_video1_normal,normal,462,15.398783570300157,1,0.23630283634300814,0.23741820428090318,0.23518746840511312,0.1598773858603428,0.013303769401330377,1.0,0.07263768602822862,0.1702995720808984,0.12146862905456352,0.16039069577795623,0,0,0.06073431452728176,0.08019534788897811,0,0,0,0
P07,V7_video1_normal,normal,463,15.432114270668773,1,0.24261610711599427,0.2432076014837478,0.24202461274824075,0.1597223406876895,0.013303769401330377,1.0,0.05335207008150311,0.08698315221217656,0.07016761114683984,0.11352228320735112,0,0,0.03508380557341992,0.05676114160367556,0,0,0,0
P07,V7_video1_normal,normal,464,15.465444971037389,1,0.2486920880307366,0.2504639925480472,0.24692018351342607,0.1595608343571836,0.013303769401330377,1.0,0.06935089253981241,0.09461424733660828,0.08198256993821035,0.6039362107155458,0,0,0.040991284969105174,0.3019681053577729,0,0,0,0
P07,V7_video1_normal,normal,465,15.498775671406003,1,0.25323511585041636,0.2546685361648583,0.2518016955359744,0.1595202327016898,0.013303769401330377,1.0,0.09085342006824904,0.07296330314494737,0.0819083616065982,0.04763067101149148,0,0,0.0409541808032991,0.02381533550574574,0,0,0,0
P07,V7_video1_normal,normal,466,15.532106371774619,1,0.2555978843685166,0.25556700543718736,0.2556287632998459,0.159551675959082,0.013303769401330377,1.0,0.05052890095667373,0.06279921283915246,0.056664056897913095,0.21213380847879992,0,0,0.028332028448956548,0.10606690423939996,0,0,0,0
P07,V7_video1_normal,normal,467,15.565437072143233,1,0.26275949326113324,0.2613878026583852,0.26413118386388124,0.16024932123768124,0.013303769401330377,1.0,0.016765080496546125,0.0389650163674784,0.027865048432012263,0.19342776144669677,0,0,0.013932524216006131,0.09671388072334838,0,0,0,0
P07,V7_video1_normal,normal,468,15.598767772511849,1,0.26204147802072986,0.26051242463314317,0.2635705314083166,0.16019684739374143,0.013303769401330377,1.0,0.1188172624499998,0.04973975468339953,0.08427850856669966,0.17228510276744763,0,0,0.04213925428334983,0.08614255138372381,0,0,0,0
P07,V7_video1_normal,normal,469,15.632098472880463,1,0.2626120975739109,0.2614640863172611,0.26376010883056067,0.16016494054987604,0.013303769401330377,1.0,0.03145323373849285,0.039450506269522734,0.03545187000400779,0.06215107683797374,0,0,0.017725935002003895,0.03107553841898687,0,0,0,0
P07,V7_video1_normal,normal,470,15.665429173249079,1,0.2695072960593512,0.2688472725167304,0.270167319601972,0.15990567825426655,0.013303769401330377,1.0,0.03107833102466817,0.034875838825814465,0.03297708492524132,0.14205225781569097,0,0,0.01648854246262066,0.07102612890784549,0,0,0,0
P07,V7_video1_normal,normal,471,15.698759873617693,1,0.2693635251308055,0.2662603025060373,0.27246674775557367,0.15970145547497014,0.013303769401330377,1.0,0.04244874290556411,0.08988447474585193,0.06616660882570802,0.20844197532238334,0,0,0.03308330441285401,0.10422098766119167,0,0,0,0
P07,V7_video1_normal,normal,472,15.732090573986309,1,0.2708015179718314,0.2677584889935806,0.2738445469500821,0.15931934508844148,0.013303769401330377,1.0,0.04522000773934076,0.010039270983785431,0.027629639361563096,0.10959604973257756,0,0,0.013814819680781548,0.05479802486628878,0,0,0,0
P07,V7_video1_normal,normal,473,15.765421274354924,1,0.2675670123341969,0.2636109049307974,0.2715231197375963,0.15946882327394107,0.013303769401330377,1.0,0.06761979852786004,0.07688135531451612,0.07225057692118808,0.23423216416324735,0,0,0.03612528846059404,0.11711608208162368,0,0,0,0
P07,V7_video1_normal,normal,474,15.798751974723539,1,0.2684149636638055,0.2637885496005875,0.2730413777270235,0.15932411133079688,0.013303769401330377,1.0,0.06278191331330485,0.018054637531059847,0.04041827542218235,0.4450330121399992,0,0,0.020209137711091174,0.2225165060699996,0,0,0,0
P07,V7_video1_normal,normal,475,15.832082675092154,1,0.2713504761377209,0.2661953164329125,0.27650563584252935,0.15950001202640018,0.013303769401330377,1.0,0.21645426621040886,0.042840306330316213,0.12964728627036254,0.3209001144071645,0,0,0.06482364313518127,0.16045005720358224,0,0,0,0
P07,V7_video1_normal,normal,476,15.865413375460768,1,0.27601907679140314,0.2710881011268324,0.2809500524559739,0.15941554493120622,0.013303769401330377,1.0,0.029614276012402962,0.019108845695457788,0.024361560853930375,0.16775019898119567,0,0,0.012180780426965188,0.08387509949059783,0,0,0,0
P07,V7_video1_normal,normal,477,15.898744075829384,1,0.2702172453864743,0.2649587622847721,0.2754757284881764,0.15943902347664837,0.013303769401330377,1.0,0.14027689256414755,0.039214657289027954,0.08974577492658775,0.12665469173664515,0,0,0.044872887463293876,0.06332734586832257,0,0,0,0
P07,V7_video1_normal,normal,478,15.932074776197998,1,0.266936040770246,0.26239289839484825,0.2714791831456438,0.15960342282343218,0.013303769401330377,1.0,0.06904424175109847,0.02742119773780649,0.04823271974445248,0.14516180571477852,0,0,0.02411635987222624,0.07258090285738926,0,0,0,0
P07,V7_video1_normal,normal,479,15.965405476566614,1,0.267191069864141,0.26381726766796537,0.27056487206031665,0.15981999929374516,0.013303769401330377,1.0,0.19843530674056709,0.10701369229654711,0.1527244995185571,0.07022242396053004,0,0,0.07636224975927855,0.03511121198026502,0,0,0,0
P07,V7_video1_normal,normal,480,15.998736176935228,1,0.2718349394062709,0.2678709133754804,0.27579896543706134,0.16055314724925063,0.013303769401330377,1.0,0.03589708726691765,0.1866270693337585,0.11126207830033807,0.0771568019833513,0,0,0.05563103915016904,0.03857840099167565,0,0,0,0
P07,V7_video1_normal,normal,481,16.032066877303844,1,0.2723903757175812,0.26854659130084824,0.2762341601343141,0.1598358984128258,0.013303769401330377,1.0,0.021247927633197827,0.36644687463753,0.19384740113536392,0.09807516872972653,0,0,0.09692370056768196,0.04903758436486327,0,0,0,0
P07,V7_video1_normal,normal,482,16.06539757767246,1,0.27042727783293374,0.2660457457804806,0.2748088098853868,0.15970870768416798,0.013303769401330377,1.0,0.03804745546334365,0.1660123397977592,0.10202989763055142,0.16438682978658276,0,0,0.05101494881527571,0.08219341489329138,0,0,0,0
P07,V7_video1_normal,normal,483,16.098728278041076,1,0.2704826392122185,0.2667772420211323,0.27418803640330464,0.15981749886356533,0.013303769401330377,1.0,0.02936203718165098,0.30195240533369083,0.1656572212576709,0.2647532373813746,0,0,0.08282861062883545,0.1323766186906873,0,0,0,0
P07,V7_video1_normal,normal,484,16.132058978409688,1,0.27618464614398336,0.2732646319177882,0.2791046603701785,0.16036712058636626,0.013303769401330377,1.0,0.06073980987644789,0.09825109146926092,0.0794954506728544,0.23549556017473497,0,0,0.0397477253364272,0.11774778008736748,0,0,0,0
P07,V7_video1_normal,normal,485,16.165389678778304,1,0.2771252902350987,0.27367011024180193,0.2805804702283955,0.16057179718981834,0.013303769401330377,1.0,0.03560808096999857,0.20469180866777625,0.12014994481888741,0.167283587552992,0,0,0.060074972409443705,0.083641793776496,0,0,0,0
P07,V7_video1_normal,normal,486,16.19872037914692,1,0.2803215894325751,0.2762679997863686,0.2843751790787816,0.16048641241037373,0.013303769401330377,1.0,0.15615983852348125,0.024440666637333353,0.0903002525804073,0.24892751151133075,0,0,0.04515012629020365,0.12446375575566537,0,0,0,0
P07,V7_video1_normal,normal,487,16.232051079515536,1,0.27993692610531296,0.27621355129384284,0.283660300916783,0.16044499145747648,0.013303769401330377,1.0,0.11494632680756223,0.06220042954045213,0.08857337817400718,0.10867822117867376,0,0,0.04428668908700359,0.05433911058933688,0,0,0,0
P07,V7_video1_normal,normal,488,16.265381779884148,1,0.28299987931563325,0.27860463148280634,0.28739512714846016,0.1601426216107435,0.013303769401330377,1.0,0.05672342610417691,0.07750526276487002,0.06711434443452347,0.22580956390389442,0,0,0.03355717221726173,0.11290478195194721,0,0,0,0
P07,V7_video1_normal,normal,489,16.298712480252764,1,0.2883385693285667,0.2834313794181343,0.2932457592389992,0.16035639920333075,0.013303769401330377,1.0,0.10865877675347013,0.13410284306520504,0.12138080990933758,0.11518572391358317,0,0,0.06069040495466879,0.057592861956791586,0,0,0,0
P07,V7_video1_normal,normal,490,16.33204318062138,1,0.2892019701002597,0.2848360929083492,0.29356784729217017,0.16001239739354756,0.013303769401330377,1.0,0.07234193139913991,0.09517402126549634,0.08375797633231813,0.06886543144252477,0,0,0.041878988166159065,0.034432715721262386,0,0,0,0
P07,V7_video1_normal,normal,491,16.365373880989996,1,0.28929322218624487,0.28638450687481193,0.29220193749767787,0.15939674878508228,0.013303769401330377,1.0,0.08677424789655441,0.0671171674107317,0.07694570765364306,0.05011111409520953,0,0,0.03847285382682153,0.025055557047604766,0,0,0,0
P07,V7_video1_normal,normal,492,16.39870458135861,1,0.28870817572943525,0.2878996576097317,0.2895166938491388,0.15968448719632156,0.013303769401330377,1.0,0.05482038174267656,0.09150485440144585,0.0731626180720612,0.09672374745540975,0,0,0.0365813090360306,0.048361873727704875,0,0,0,0
P07,V7_video1_normal,normal,493,16.432035281727224,1,0.28928891801263223,0.2873539893161463,0.2912238467091181,0.15953040745621389,0.013303769401330377,1.0,0.07565158590747556,0.09150485440144585,0.0835782201544607,0.12323289741698369,0,0,0.04178911007723035,0.061616448708491846,0,0,0,0
P07,V7_video1_normal,normal,494,16.46536598209584,1,0.28796227157341847,0.28393437569592167,0.2919901674509152,0.15979862789247948,0.013303769401330377,1.0,0.08229862633480911,0.06794380212847706,0.07512121423164309,0.11309743391354533,0,0,0.03756060711582154,0.05654871695677267,0,0,0,0
P07,V7_video1_normal,normal,495,16.498696682464455,1,0.2878622070764214,0.28316978689725325,0.2925546272555896,0.16018556338936857,0.013303769401330377,1.0,0.038337212280979416,0.012730760569560129,0.025533986425269772,0.0668922548322411,0,0,0.012766993212634886,0.03344612741612055,0,0,0,0
P07,V7_video1_normal,normal,496,16.53202738283307,1,0.28543461539843795,0.2818242383545182,0.28904499244235776,0.16018781358550924,0.013303769401330377,1.0,0.06623202961814478,0.05354724933694133,0.059889639477543055,0.05567163445280004,0,0,0.029944819738771528,0.02783581722640002,0,0,0,0
P07,V7_video1_normal,normal,497,16.565358083201684,1,0.28448990728610235,0.28120551328220933,0.2877743012899953,0.16010882630252218,0.013303769401330377,1.0,0.06251211002083346,0.0779543637709349,0.07023323689588418,0.07550153921592867,0,0,0.03511661844794209,0.037750769607964335,0,0,0,0
P07,V7_video1_normal,normal,498,16.5986887835703,1,0.2845089253903388,0.28161450549916833,0.2874033452815093,0.1600967513232777,0.013303769401330377,1.0,0.06735578069410997,0.03798442480615716,0.05267010275013356,0.06365434604670783,0,0,0.02633505137506678,0.031827173023353916,0,0,0,0
P07,V7_video1_normal,normal,499,16.632019483938915,1,0.2863298981274077,0.28245931400758406,0.29020048224723144,0.159853939985,0.013303769401330377,1.0,0.037119277690565555,0.05521859971531318,0.046168938702939366,0.06546942565606406,0,0,0.023084469351469683,0.03273471282803203,0,0,0,0
P07,V7_video1_normal,normal,500,16.66535018430753,1,0.2840844144760395,0.2790768030993239,0.289092025852755,0.16002086125718926,0.013303769401330377,1.0,0.01655157006115071,0.020328174601452087,0.0184398723313014,0.0637670558529677,0,0,0.0092199361656507,0.03188352792648385,0,0,0,0
P07,V7_video1_normal,normal,501,16.698680884676147,1,0.2866243395947509,0.281902240097327,0.29134643909217484,0.15979528503242665,0.013303769401330377,1.0,0.0856258953856025,0.05523050426115128,0.07042819982337689,0.03208491720260156,0,0,0.035214099911688446,0.01604245860130078,0,0,0,0
P07,V7_video1_normal,normal,502,16.73201158504476,1,0.2858462952193488,0.2808857581679428,0.29080683227075477,0.15964770583113883,0.013303769401330377,1.0,0.06542881200464457,0.016604464075436476,0.04101663804004052,0.0170681977039969,0,0,0.02050831902002026,0.00853409885199845,0,0,0,0
P07,V7_video1_normal,normal,503,16.765342285413375,1,0.2852079466848947,0.2821510740895862,0.28826481928020325,0.16007188558658442,0.013303769401330377,1.0,0.04896894802015783,0.0328188413905377,0.040893894705347766,0.03005346606290569,0,0,0.020446947352673883,0.015026733031452844,0,0,0,0
P07,V7_video1_normal,normal,504,16.79867298578199,1,0.2856997056511503,0.2842543933510286,0.28714501795127206,0.16019106422301393,0.013303769401330377,1.0,0.0208098964601221,0.06207021755251263,0.041440057006317366,0.07416456623787207,0,0,0.020720028503158683,0.037082283118936035,0,0,0,0
P07,V7_video1_normal,normal,505,16.832003686150607,1,0.2835821223693774,0.2799259661242781,0.28723827861447676,0.15994253480261594,0.013303769401330377,1.0,0.19894977203512676,0.13987869020481425,0.1694142311199705,0.06618098568988733,0,0,0.08470711555998525,0.03309049284494366,0,0,0,0
P07,V7_video1_normal,normal,506,16.86533438651922,1,0.2836146872425651,0.2800864777069174,0.2871428967782128,0.1600590944081892,0.013303769401330377,1.0,0.1423805534643643,0.04395690864496382,0.09316873105466406,0.07178178376927413,0,0,0.04658436552733203,0.035890891884637066,0,0,0,0
P07,V7_video1_normal,normal,507,16.898665086887835,1,0.28253891799850445,0.2803146131018274,0.28476322289518147,0.1598902304531065,0.013303769401330377,1.0,0.09554136955262715,0.07460696871642292,0.08507416913452504,0.0706697823072993,0,0,0.04253708456726252,0.03533489115364965,0,0,0,0
P07,V7_video1_normal,normal,508,16.93199578725645,1,0.2796625328281057,0.27590064916026735,0.28342441649594413,0.16019937875924437,0.013303769401330377,1.0,0.04958276454091615,0.02640257596791329,0.03799267025441472,0.14792647137728257,0,0,0.01899633512720736,0.07396323568864129,0,0,0,0
P07,V7_video1_normal,normal,509,16.965326487625067,1,0.28079804102062184,0.2768227891613118,0.28477329287993186,0.1603387204858719,0.013303769401330377,1.0,0.041325633861491684,0.024124870401293186,0.032725252131392435,0.11325987000045815,0,0,0.016362626065696217,0.05662993500022907,0,0,0,0
P07,V7_video1_normal,normal,510,16.998657187993683,1,0.28443601967459176,0.28158300816033494,0.2872890311888486,0.1610018491219688,0.013303769401330377,1.0,0.04300027795042449,0.025475338750052923,0.03423780835023871,0.2910292576518115,0,0,0.017118904175119354,0.14551462882590574,0,0,0,0
P07,V7_video1_normal,normal,511,17.031987888362295,1,0.287032248391956,0.2868443848829924,0.2872201119009196,0.1608744490387286,0.013303769401330377,1.0,0.045021681645381784,0.27363355052527527,0.15932761608532853,0.3615692727804793,0,0,0.07966380804266426,0.18078463639023964,0,0,0,0
P07,V7_video1_normal,normal,512,17.06531858873091,1,0.28642459878486026,0.28568913671166446,0.287160060858056,0.16093045319679922,0.013303769401330377,1.0,0.05528437234701422,0.27121964992593406,0.16325201113647414,0.1609950288873102,0,0,0.08162600556823707,0.0804975144436551,0,0,0,0
P07,V7_video1_normal,normal,513,17.098649289099527,1,0.286836179938028,0.28611459528945976,0.2875577645865962,0.1604458432121357,0.013303769401330377,1.0,0.14324612511476587,0.08413054790728747,0.11368833651102667,0.22831801970951907,0,0,0.05684416825551333,0.11415900985475953,0,0,0,0
P07,V7_video1_normal,normal,514,17.131979989468142,1,0.28598311659506315,0.2851016328893386,0.2868646003007877,0.16065853788416373,0.013303769401330377,1.0,0.2736169651593545,0.046391145939018164,0.16000405554918634,0.2375616611711601,0,0,0.08000202777459317,0.11878083058558005,0,0,0,0
P07,V7_video1_normal,normal,515,17.165310689836755,1,0.28449285766231125,0.2826356698291876,0.28635004549543497,0.16067420617955533,0.013303769401330377,1.0,0.06778361695057289,0.10758819141199027,0.08768590418128158,0.28503750712516396,0,0,0.04384295209064079,0.14251875356258198,0,0,0,0
P07,V7_video1_normal,normal,516,17.19864139020537,1,0.28273049576250797,0.28210998337603055,0.28335100814898534,0.1609177953106148,0.013303769401330377,1.0,0.031716406216927506,0.09044388742033316,0.06108014681863033,0.5263633575196585,0,0,0.030540073409315166,0.26318167875982923,0,0,0,0
P07,V7_video1_normal,normal,517,17.231972090573986,1,0.28484704090918617,0.28357104046104026,0.2861230413573321,0.1610134146401442,0.013303769401330377,1.0,0.046678891269879896,0.12769258793026583,0.08718573960007286,0.3794880935846377,0,0,0.04359286980003643,0.18974404679231885,0,0,0,0
P07,V7_video1_normal,normal,518,17.265302790942602,1,0.2828216398889162,0.28172633751048237,0.2839169422673499,0.1611779304669181,0.013303769401330377,1.0,0.16475889728688065,0.05006336888335938,0.10741113308512001,0.27155810963183474,0,0,0.05370556654256001,0.13577905481591737,0,0,0,0
P07,V7_video1_normal,normal,519,17.298633491311218,1,0.2818898256992087,0.28163746530341044,0.2821421860950069,0.16080981590603094,0.013303769401330377,1.0,0.11541968801922409,0.15923892100033166,0.13732930450977787,0.4264151542004245,0,0,0.06866465225488894,0.21320757710021224,0,0,0,0
P07,V7_video1_normal,normal,520,17.33196419167983,1,0.2877975255013251,0.2842703049683803,0.29132474603426983,0.1610634583639553,0.011086474501108648,1.0,0.10676867303948945,0.012164559680086673,0.05946661635978806,0.23089249571481646,0,0,0.02973330817989403,0.11544624785740823,0,0,0,0
P07,V7_video1_normal,normal,521,17.365294892048446,1,0.2848270392940899,0.2811263558993264,0.2885277226888534,0.16155081326336046,0.008869179600886918,1.0,0.02597085747033434,0.049270002328604234,0.03762042989946929,0.27690570752315546,0,0,0.018810214949734644,0.13845285376157773,0,0,0,0
P07,V7_video1_normal,normal,522,17.398625592417062,1,0.280031697436515,0.2771014978331653,0.2829618970398648,0.16101191558246575,0.0066518847006651885,1.0,0.06069241097534883,0.06425501286382307,0.06247371191958595,0.1809313392911561,0,0,0.031236855959792975,0.09046566964557805,0,0,0,0
P07,V7_video1_normal,normal,523,17.431956292785678,1,0.28501492438652976,0.28034734120971444,0.289682507563345,0.16081520244207284,0.0066518847006651885,1.0,0.008423167033074996,0.2372816197939277,0.12285239341350135,0.4356728518655862,0,0,0.061426196706750674,0.2178364259327931,0,0,0,0
P07,V7_video1_normal,normal,524,17.46528699315429,1,0.28629335231537045,0.2817972108904057,0.2907894937403352,0.16052771975268268,0.0066518847006651885,1.0,0.03592473113371786,0.06265573201226704,0.04929023157299245,0.4932697811062332,0,0,0.024645115786496224,0.2466348905531166,0,0,0,0
P07,V7_video1_normal,normal,525,17.498617693522906,1,0.29169098318529935,0.28656179859751396,0.29682016777308473,0.16034434162860783,0.0066518847006651885,1.0,0.0660258383306378,0.08881689644839386,0.07742136738951583,0.2720425161499419,0,0,0.038710683694757914,0.13602125807497095,0,0,0,0
P07,V7_video1_normal,normal,526,17.531948393891522,1,0.28467304054463155,0.2798029813675521,0.289543099721711,0.16062517217647013,0.0066518847006651885,1.0,0.0987297261659954,0.22402001133169502,0.1613748687488452,0.2378945097640558,0,0,0.0806874343744226,0.1189472548820279,0,0,0,0
P07,V7_video1_normal,normal,527,17.565279094260138,1,0.2835807622776835,0.2792644673667358,0.28789705718863107,0.1605425104664299,0.0066518847006651885,1.0,0.08922931704885828,0.05283169967465018,0.07103050836175423,0.13456277438796072,0,0,0.035515254180877115,0.06728138719398036,0,0,0,0
P07,V7_video1_normal,normal,528,17.598609794628754,1,0.2864551586613877,0.28186176368905824,0.2910485536337172,0.1608775671990056,0.0066518847006651885,1.0,0.08304108368010177,0.11749273055439458,0.10026690711724817,0.09520572683745895,0,0,0.050133453558624086,0.04760286341872948,0,0,0,0
P07,V7_video1_normal,normal,529,17.631940494997366,1,0.2822837225249395,0.27841157951678824,0.2861558655330907,0.16065834339819018,0.0066518847006651885,1.0,0.020017739152741854,0.09631167857840472,0.05816470886557329,0.33216473216304393,0,0,0.029082354432786645,0.16608236608152196,0,0,0,0
P07,V7_video1_normal,normal,530,17.665271195365982,1,0.2894267231389087,0.28642440488717047,0.292429041390647,0.16025109222760633,0.0066518847006651885,1.0,0.05159675833075161,0.039055307233837766,0.04532603278229469,0.215457119006097,0,0,0.022663016391147345,0.1077285595030485,0,0,0,0
P07,V7_video1_normal,normal,531,17.698601895734598,1,0.28857627278380454,0.2854393840204142,0.2917131615471949,0.16069227295555313,0.0066518847006651885,1.0,0.04172047875979201,0.06267409156477322,0.052197285162282614,0.20008950720514557,0,0,0.026098642581141307,0.10004475360257278,0,0,0,0
P07,V7_video1_normal,normal,532,17.731932596103213,1,0.2904802496512926,0.28553082511086947,0.2954296741917157,0.16069347733211162,0.0066518847006651885,1.0,0.026392422671463023,0.128532135655135,0.07746227916329901,0.07599628629717532,0,0,0.038731139581649504,0.03799814314858766,0,0,0,0
P07,V7_video1_normal,normal,533,17.765263296471826,1,0.2863569987968943,0.2824482670223045,0.2902657305714841,0.1607107416940501,0.0066518847006651885,1.0,0.0574436755711667,0.03718902881423081,0.04731635219269875,0.20537891376383316,0,0,0.023658176096349376,0.10268945688191658,0,0,0,0
P07,V7_video1_normal,normal,534,17.79859399684044,1,0.28744681634376834,0.2843616482554264,0.2905319844321103,0.1606550309327552,0.0066518847006651885,1.0,0.1210961685952876,0.05265709416214648,0.08687663137871704,0.0667088356821366,0,0,0.04343831568935852,0.0333544178410683,0,0,0,0
P07,V7_video1_normal,normal,535,17.831924697209057,1,0.29000694818611295,0.2867776007515734,0.29323629562065257,0.16050743579399712,0.0066518847006651885,1.0,0.08036372384894197,0.037453683356917344,0.05890870360292966,0.10696421617102474,0,0,0.02945435180146483,0.05348210808551237,0,0,0,0
P07,V7_video1_normal,normal,536,17.865255397577673,1,0.28890929620614053,0.2863666593580452,0.2914519330542359,0.16019268210267,0.0066518847006651885,1.0,0.05984276564407587,0.05526503737610067,0.05755390151008827,0.07790154701269399,0,0,0.028776950755044134,0.03895077350634699,0,0,0,0
P07,V7_video1_normal,normal,537,17.89858609794629,1,0.28532859535275595,0.2830043511236236,0.2876528395818883,0.16002841685548966,0.0066518847006651885,1.0,0.09533400076766962,0.07261849639981732,0.08397624858374347,0.08189610334091375,0,0,0.04198812429187174,0.04094805167045688,0,0,0,0
P07,V7_video1_normal,normal,538,17.9319167983149,1,0.2886435054089541,0.2875114823813887,0.2897755284365196,0.1599510464817107,0.0066518847006651885,1.0,0.05591112019016786,0.10424952195927395,0.0800803210747209,0.08412084864791886,0,0,0.04004016053736045,0.04206042432395943,0,0,0,0
P07,V7_video1_normal,normal,539,17.965247498683517,1,0.28908735393458296,0.28766031775507794,0.2905143901140879,0.1598070798740237,0.0066518847006651885,1.0,0.1213860506362151,0.047008583915638336,0.08419731727592672,0.0641575305723483,0,0,0.04209865863796336,0.03207876528617415,0,0,0,0
P07,V7_video1_normal,normal,540,17.998578199052133,1,0.2840041939978666,0.2792575747855822,0.2887508132101509,0.16048990990294407,0.0066518847006651885,1.0,0.07468731974524645,0.030466277947730713,0.05257679884648858,0.16127342208106202,0,0,0.02628839942324429,0.08063671104053101,0,0,0,0
P07,V7_video1_normal,normal,541,18.03190889942075,1,0.28495286009605536,0.2811011608158668,0.288804559376244,0.16078245089778648,0.0066518847006651885,1.0,0.08306822860963614,0.041380056034251766,0.062224142321943954,0.23587911115536409,0,0,0.031112071160971977,0.11793955557768204,0,0,0,0
P07,V7_video1_normal,normal,542,18.06523959978936,1,0.2838967371748516,0.280881205747908,0.2869122686017952,0.16053549061171815,0.0066518847006651885,1.0,0.03398418967874339,0.14792193369056328,0.09095306168465334,0.1399841974036712,0,0,0.04547653084232667,0.0699920987018356,0,0,0,0
P07,V7_video1_normal,normal,543,18.098570300157977,1,0.2854966625373173,0.28181821824638026,0.28917510682825437,0.16071405507483308,0.0066518847006651885,1.0,0.0666169529438102,0.10707009503073106,0.08684352398727063,0.09534814871545706,0,0,0.043421761993635316,0.04767407435772853,0,0,0,0
P07,V7_video1_normal,normal,544,18.131901000526593,1,0.2848196393468906,0.28238329862321193,0.2872559800705692,0.1607961522569563,0.0066518847006651885,1.0,0.039148265004015914,0.08073293846144014,0.05994060173272803,0.06913818097398822,0,0,0.029970300866364014,0.03456909048699411,0,0,0,0
P07,V7_video1_normal,normal,545,18.16523170089521,1,0.28583414713174404,0.2819244368777027,0.28974385738578545,0.16089337435258957,0.0066518847006651885,1.0,0.0541957478230396,0.05640593128240545,0.055300839552722525,0.08773918974915546,0,0,0.027650419776361262,0.04386959487457773,0,0,0,0
P07,V7_video1_normal,normal,546,18.198562401263825,1,0.28568935698360653,0.282805621033854,0.28857309293335903,0.16076285683573094,0.0066518847006651885,1.0,0.05105730613859816,0.1629581631791015,0.10700773465884983,0.17215932513276166,0,0,0.053503867329424915,0.08607966256638083,0,0,0,0
P07,V7_video1_normal,normal,547,18.231893101632437,1,0.28390058226352277,0.27917786059045446,0.288623303936591,0.16074041427063673,0.0066518847006651885,1.0,0.07518072921917562,0.05200949933674559,0.06359511427796061,0.04575214888059715,0,0,0.031797557138980304,0.022876074440298575,0,0,0,0
P07,V7_video1_normal,normal,548,18.265223802001053,1,0.2871475695786656,0.2847171296692755,0.28957800948805573,0.1602099495717122,0.0066518847006651885,1.0,0.04140100007075054,0.25001005469970616,0.14570552738522835,0.08141328211343665,0,0,0.07285276369261418,0.040706641056718326,0,0,0,0
P07,V7_video1_normal,normal,549,18.29855450236967,1,0.2888205429240607,0.28625537780581384,0.29138570804230757,0.16004444250590877,0.0066518847006651885,1.0,0.06135032521977912,0.15938721308675896,0.11036876915326904,0.028731439151397396,0,0,0.05518438457663452,0.014365719575698698,0,0,0,0
P07,V7_video1_normal,normal,550,18.331885202738285,1,0.28850444668218056,0.2855879094747437,0.2914209838896174,0.16018139900583003,0.0066518847006651885,1.0,0.015093319629432944,0.062325796684223556,0.03870955815682825,0.1020912443844315,0,0,0.019354779078414125,0.05104562219221575,0,0,0,0
P07,V7_video1_normal,normal,551,18.365215903106897,1,0.28746921556334926,0.2848523762316652,0.2900860548950333,0.1601980657910667,0.0066518847006651885,1.0,0.032260213945178084,0.04552724720998791,0.038893730577583,0.10665042611346745,0,0,0.0194468652887915,0.053325213056733725,0,0,0,0
P07,V7_video1_normal,normal,552,18.398546603475513,1,0.2897326751665211,0.2869576556154733,0.2925076947175689,0.16015966778142643,0.0066518847006651885,1.0,0.06378944925901009,0.13194608107629746,0.09786776516765378,0.12016417062109434,0,0,0.04893388258382689,0.06008208531054717,0,0,0,0
P07,V7_video1_normal,normal,553,18.43187730384413,1,0.2861007431431759,0.28141321665433555,0.2907882696320163,0.16064123362062452,0.0066518847006651885,1.0,0.026154689219348493,0.06427386626478615,0.04521427774206732,0.09801680804307031,0,0,0.02260713887103366,0.049008404021535154,0,0,0,0
P07,V7_video1_normal,normal,554,18.465208004212744,1,0.28569239414507447,0.28143708466687894,0.28994770362327,0.16068088580658701,0.0066518847006651885,1.0,0.020855247642959873,0.0582688132499285,0.039562030446444185,0.04107399230864321,0,0,0.019781015223222093,0.020536996154321606,0,0,0,0
P07,V7_video1_normal,normal,555,18.49853870458136,1,0.2844354979347202,0.2795591452301256,0.2893118506393148,0.16056253504094964,0.0066518847006651885,1.0,0.020042397469156148,0.19278335018674242,0.10641287382794928,0.05102064262167031,0,0,0.05320643691397464,0.025510321310835155,0,0,0,0
P07,V7_video1_normal,normal,556,18.531869404949973,1,0.28288521189535426,0.2789064026234396,0.28686402116726895,0.16060326919705273,0.0066518847006651885,1.0,0.031752765187365584,0.04164538408207852,0.03669907463472205,0.060124659613151735,0,0,0.018349537317361025,0.030062329806575867,0,0,0,0
P07,V7_video1_normal,normal,557,18.56520010531859,1,0.2829419158056227,0.2783881125132832,0.28749571909796223,0.16074482718679767,0.0066518847006651885,1.0,0.03555315208937859,0.09471694575168288,0.06513504892053074,0.045693716574190274,0,0,0.03256752446026537,0.022846858287095137,0,0,0,0
P07,V7_video1_normal,normal,558,18.598530805687204,1,0.2846223016312097,0.28091040433121345,0.28833419893120604,0.1601695374349635,0.0066518847006651885,1.0,0.024691545275884796,0.09773284789906322,0.06121219658747401,0.05542265389931733,0,0,0.030606098293737005,0.027711326949658666,0,0,0,0
P07,V7_video1_normal,normal,559,18.63186150605582,1,0.28475288611099353,0.2803328392388758,0.28917293298311125,0.16072939758965032,0.0066518847006651885,1.0,0.07431156266567263,0.05024518725909155,0.06227837496238209,0.06438577354685303,0,0,0.031139187481191044,0.032192886773426514,0,0,0,0
P07,V7_video1_normal,normal,560,18.665192206424432,1,0.26315884902887854,0.26203257276581876,0.26428512529193826,0.16033826758213382,0.0066518847006651885,1.0,0.08277749930430567,0.06949293378532051,0.07613521654481309,0.08675405302621121,0,0,0.038067608272406545,0.043377026513105606,0,0,0,0
P07,V7_video1_normal,normal,561,18.69852290679305,1,0.1861544331260095,0.1898465769064828,0.18246228934553618,0.16000341168077936,0.0066518847006651885,1.0,0.1252163838390874,0.2750801690453072,0.2001482764421973,0.1690895980194907,0,0,0.10007413822109865,0.08454479900974535,0,0,0,0
P07,V7_video1_normal,normal,562,18.731853607161664,1,0.1297790529514387,0.12634366289541424,0.1332144430074632,0.16076917495954907,0.008869179600886918,1.0,0.04078639763368419,0.28789677727820395,0.16434158745594407,0.08248388870449379,1,0,0.5821707937279721,0.041241944352246894,1,0,1,0
P07,V7_video1_normal,normal,563,18.76518430753028,1,0.10162148412763547,0.11941419855068029,0.08382876970459065,0.16121617848221056,0.011086474501108648,1.0,0.10239412193996256,0.39659267701175005,0.2494933994758563,0.06214146079581128,1,0,0.6247466997379282,0.03107073039790564,1,0,1,0
P07,V7_video1_normal,normal,564,18.798515007898896,1,0.08858345141848492,0.10173317981571983,0.07543372302125,0.16090601807844823,0.013303769401330377,1.0,0.36613632182609923,0.4595852993612971,0.41286081059369817,0.03552874094803167,1,0,0.7064304052968491,0.017764370474015835,1,0,1,0
P07,V7_video1_normal,normal,565,18.831845708267508,1,0.127437612831432,0.13185048993455656,0.12302473572830745,0.16149583721384955,0.015521064301552107,1.0,0.2056262552924507,0.2461159099919431,0.2258710826421969,0.015953147209364377,1,0,0.6129355413210984,0.007976573604682189,1,0,1,0
P07,V7_video1_normal,normal,566,18.865176408636124,1,0.1835415701300143,0.17967497779428893,0.18740816246573966,0.1607758384668851,0.015521064301552107,1.0,0.11931320889260788,0.16177726183771424,0.14054523536516106,0.11418869088359002,0,0,0.07027261768258053,0.05709434544179501,0,0,0,0
P07,V7_video1_normal,normal,567,18.89850710900474,1,0.19240612401833693,0.19753196758428274,0.18728028045239112,0.16051409925241258,0.015521064301552107,1.0,0.06772914559230003,0.1858074603371611,0.12676830296473057,0.04882481665016581,0,0,0.06338415148236529,0.024412408325082905,0,0,0,0
P07,V7_video1_normal,normal,568,18.931837809373356,1,0.21365225675549177,0.21644397388975906,0.2108605396212245,0.16099937000412773,0.015521064301552107,1.0,0.1176259195561914,0.08733864030228444,0.10248227992923792,0.0604979708272066,0,0,0.05124113996461896,0.0302489854136033,0,0,0,0
P07,V7_video1_normal,normal,569,18.965168509741968,1,0.23742348014065062,0.2397543642414734,0.23509259603982782,0.16085276721072123,0.015521064301552107,1.0,0.12202483918924212,0.08243707768498854,0.10223095843711533,0.25131379913502283,0,0,0.05111547921855766,0.12565689956751142,0,0,0,0
P07,V7_video1_normal,normal,570,18.998499210110584,1,0.24501904565887442,0.24369823164622514,0.2463398596715237,0.16137680476258626,0.015521064301552107,1.0,0.058320564487753135,0.05300415904657463,0.05566236176716388,0.09662951090939342,0,0,0.02783118088358194,0.04831475545469671,0,0,0,0
P07,V7_video1_normal,normal,571,19.0318299104792,1,0.25256599961928444,0.2485556090676073,0.25657639017096157,0.1613647426980921,0.015521064301552107,1.0,0.07122611354060249,0.06398816401583485,0.06760713877821867,0.07209548838044752,0,0,0.033803569389109334,0.03604774419022376,0,0,0,0
P07,V7_video1_normal,normal,572,19.065160610847816,1,0.25971184732829566,0.25568387341182375,0.2637398212447676,0.16129347648981254,0.015521064301552107,1.0,0.10210494859973485,0.06710147981374437,0.08460321420673961,0.10161275349888507,0,0,0.042301607103369804,0.050806376749442536,0,0,0,0
P07,V7_video1_normal,normal,573,19.09849131121643,1,0.26401591075534075,0.2587975251408874,0.2692342963697941,0.1608488004786594,0.015521064301552107,1.0,0.0552651369604078,0.06876052206146854,0.06201282951093817,0.11694249429612386,0,0,0.031006414755469086,0.05847124714806193,0,0,0,0
P07,V7_video1_normal,normal,574,19.131822011585044,1,0.2662481375742831,0.2615833545866991,0.27091292056186717,0.16054958516132206,0.015521064301552107,1.0,0.04402127855610283,0.02379719810385772,0.033909238329980274,0.025297298332546906,0,0,0.016954619164990137,0.012648649166273453,0,0,0,0
P07,V7_video1_normal,normal,575,19.16515271195366,1,0.26991035938594254,0.26391200975544604,0.2759087090164391,0.16077718236401356,0.015521064301552107,1.0,0.08675726427399788,0.031486981387429114,0.0591221228307135,0.16511400695314096,0,0,0.02956106141535675,0.08255700347657048,0,0,0,0
P07,V7_video1_normal,normal,576,19.198483412322275,1,0.2730826139308149,0.267764783129947,0.2784004447316828,0.16082614237615606,0.015521064301552107,1.0,0.038942880963559134,0.06404349182050417,0.051493186392031653,0.32407003183307503,0,0,0.025746593196015827,0.16203501591653752,0,0,0,0
P07,V7_video1_normal,normal,577,19.23181411269089,1,0.27384123021971846,0.26813953581625966,0.27954292462317726,0.16042096777786832,0.015521064301552107,1.0,0.050208769075201776,0.09534298696456367,0.07277587801988272,0.05598425848973267,0,0,0.03638793900994136,0.027992129244866337,0,0,0,0
P07,V7_video1_normal,normal,578,19.265144813059504,1,0.2800265367623982,0.27454728626464897,0.2855057872601474,0.1608521417579697,0.015521064301552107,1.0,0.03157735061696343,0.1615902505553053,0.09658380058613436,0.11053184894131314,0,0,0.04829190029306718,0.05526592447065657,0,0,0,0
P07,V7_video1_normal,normal,579,19.29847551342812,1,0.2819283641353286,0.27740744334482853,0.2864492849258287,0.1607185197757382,0.015521064301552107,1.0,0.05178878257089348,0.07201472914444007,0.061901755857666774,0.07197853734688914,0,0,0.030950877928833387,0.03598926867344457,0,0,0,0
P07,V7_video1_normal,normal,580,19.331806213796735,1,0.2868277966744155,0.28181241509858085,0.2918431782502501,0.16101563372772326,0.015521064301552107,1.0,0.037173810664099194,0.03786285039863391,0.03751833053136655,0.21255484451925521,0,0,0.018759165265683275,0.10627742225962761,0,0,0,0
P07,V7_video1_normal,normal,581,19.36513691416535,1,0.2731114619828477,0.27112773426888365,0.27509518969681174,0.1612930312931247,0.015521064301552107,1.0,0.05081615489184799,0.04317190817336225,0.04699403153260512,0.06481573570386279,0,0,0.02349701576630256,0.03240786785193139,0,0,0,0
P07,V7_video1_normal,normal,582,19.398467614533967,1,0.12177450901350875,0.12693847483207849,0.116610543194939,0.1616060774627742,0.017738359201773836,1.0,0.14936215083911364,0.24214334204666688,0.19575274644289026,0.06516068096983993,1,0,0.5978763732214452,0.032580340484919965,1,0,1,0
P07,V7_video1_normal,normal,583,19.43179831490258,1,0.06073486484642282,0.08244526659370112,0.03902446309914452,0.16194534705521446,0.019955654101995565,1.0,0.20932971878119333,0.30159973237362714,0.25546472557741023,0.07069837966156503,1,0,0.6277323627887051,0.035349189830782515,1,0,1,0
P07,V7_video1_normal,normal,584,19.465129015271195,1,0.047036050920416524,0.0608651119901662,0.03320698985066685,0.16217807941575807,0.022172949002217297,1.0,0.24047256127928907,0.12652291545524152,0.1834977383672653,0.09296265153169431,1,0,0.5917488691836327,0.046481325765847153,1,0,1,0
P07,V7_video1_normal,normal,585,19.49845971563981,1,0.06398528731967246,0.08005476166991747,0.04791581296942746,0.16163957138871254,0.024390243902439025,1.0,0.3324051021383966,0.25089911944306564,0.2916521107907311,0.05739075902636196,1,0,0.6458260553953655,0.02869537951318098,1,0,1,0
P07,V7_video1_normal,normal,586,19.531790416008427,1,0.12046842835639965,0.12479310129999013,0.11614375541280916,0.16271625666946932,0.026607538802660754,1.0,0.18802275236979238,0.4252663076752412,0.3066445300225168,0.06286221899220532,1,1,0.6533222650112585,0.5314311094961026,1,1,1,0
P07,V7_video1_normal,normal,587,19.56512111637704,1,0.1948652265111295,0.19377588801173112,0.19595456501052788,0.16246670242569725,0.026607538802660754,1.0,0.269536739646849,0.3046076860810354,0.2870722128639422,0.7356378628942271,0,1,0.1435361064319711,0.8678189314471135,0,1,0,1
P07,V7_video1_normal,normal,588,19.598451816745655,1,0.21744043975771757,0.21274669491277995,0.2221341846026552,0.16211535540595687,0.026607538802660754,1.0,0.29408323561943595,0.05662657776625679,0.17535490669284637,0.1076129851764675,0,0,0.08767745334642318,0.05380649258823375,0,0,0,0
P07,V7_video1_normal,normal,589,19.63178251711427,1,0.23826320043445284,0.2353928543228808,0.2411335465460249,0.16214209356285988,0.026607538802660754,1.0,0.17839674186513277,0.07838427948285431,0.12839051067399354,0.18336181052820652,0,0,0.06419525533699677,0.09168090526410326,0,0,0,0
P07,V7_video1_normal,normal,590,19.665113217482887,1,0.2517174320258819,0.24896121058645282,0.2544736534653111,0.1625732525287828,0.026607538802660754,1.0,0.05958155726770442,0.04184614749619531,0.050713852381949864,0.13862789835426131,0,1,0.025356926190974932,0.5693139491771306,0,1,0,0
P07,V7_video1_normal,normal,591,19.698443917851503,1,0.26627084757433567,0.2632023153114372,0.26933937983723416,0.16235573019273297,0.026607538802660754,1.0,0.0419145889409922,0.014577673260766977,0.02824613110087959,0.1040673214847879,0,0,0.014123065550439795,0.05203366074239395,0,0,0,0
P07,V7_video1_normal,normal,592,19.731774618220115,1,0.27138117096055,0.2679906740884803,0.27477166783261964,0.16227051373970325,0.026607538802660754,1.0,0.0916822207048823,0.03798113173230955,0.06483167621859592,0.4052554824263783,0,0,0.03241583810929796,0.20262774121318916,0,0,0,0
P07,V7_video1_normal,normal,593,19.76510531858873,1,0.275305151547702,0.27271616500623574,0.2778941380891683,0.1633246263063191,0.026607538802660754,1.0,0.006881039621399521,0.025015354188641536,0.01594819690502053,0.23078639096596595,0,1,0.007974098452510264,0.615393195482983,0,1,0,1
P07,V7_video1_normal,normal,594,19.798436018957347,1,0.28144515003174175,0.27747418989043093,0.28541611017305263,0.16298522275308572,0.026607538802660754,1.0,0.08077778709060757,0.08058420173402991,0.08068099441231874,0.26272491138891924,0,1,0.04034049720615937,0.6313624556944596,0,1,0,1
P07,V7_video1_normal,normal,595,19.831766719325962,1,0.28414588817729647,0.28113768618435636,0.2871540901702366,0.16282685913047557,0.026607538802660754,1.0,0.07735069011952889,0.08307527490010058,0.08021298250981473,0.39715709046905145,0,1,0.04010649125490737,0.6985785452345257,0,1,0,1
P07,V7_video1_normal,normal,596,19.865097419694575,1,0.2874308581562899,0.28548423844084964,0.2893774778717301,0.16264456669316255,0.026607538802660754,1.0,0.14151669777847709,0.06327903480817731,0.1023978662933272,0.36879541661662996,0,1,0.0511989331466636,0.684397708308315,0,1,0,1
P07,V7_video1_normal,normal,597,19.89842812006319,1,0.2846812209749894,0.2818555586840123,0.2875068832659664,0.16316982335197044,0.026607538802660754,1.0,0.1104951472111938,0.0151196331691974,0.0628073901901956,0.15082542021136988,0,1,0.0314036950950978,0.575412710105685,0,1,0,0
P07,V7_video1_normal,normal,598,19.931758820431806,1,0.2857317024351196,0.28226351050847254,0.2891998943617667,0.16299506422261528,0.026607538802660754,1.0,0.07540565480279815,0.10643436663643457,0.09092001071961636,0.07915752886550946,0,1,0.04546000535980818,0.5395787644327548,0,1,0,0
P07,V7_video1_normal,normal,599,19.965089520800422,1,0.286185010639813,0.2836967650917053,0.28867325618792067,0.16326058054674394,0.026607538802660754,1.0,0.0748920885916029,0.13790601133277303,0.10639904996218796,0.1084862433079299,0,1,0.05319952498109398,0.5542431216539649,0,1,0,0
P07,V7_video1_normal,normal,600,19.998420221169038,1,0.29136279343331417,0.2888781373830827,0.2938474494835456,0.1628060858528553,0.026607538802660754,1.0,0.1381554531920235,0.04018417792877116,0.08916981556039733,0.4850016653895656,0,1,0.04458490778019866,0.7425008326947828,0,1,0,1
P07,V7_video1_normal,normal,601,20.03175092153765,1,0.29172603014801674,0.28926379532747454,0.29418826496855893,0.1630925195181576,0.026607538802660754,1.0,0.06948083240020997,0.03419528267639882,0.051838057538304394,0.09464897300146527,0,1,0.025919028769152197,0.5473244865007326,0,1,0,0
P07,V7_video1_normal,normal,602,20.065081621906266,1,0.29122994462761587,0.288728912539682,0.2937309767155497,0.16305905132878884,0.026607538802660754,1.0,0.14538287374651393,0.041548785032593405,0.09346582938955367,0.10322721428166833,0,1,0.046732914694776834,0.5516136071408342,0,1,0,0
P07,V7_video1_normal,normal,603,20.098412322274882,1,0.2920269270631935,0.28818925127368994,0.29586460285269706,0.16279190599872573,0.026607538802660754,1.0,0.1003038173173485,0.13256917297177429,0.11643649514456139,0.06852903082506688,0,1,0.058218247572280696,0.5342645154125334,0,1,0,0
P07,V7_video1_normal,normal,604,20.131743022643498,1,0.2866706222312013,0.2843807290607509,0.28896051540165174,0.16277871272806574,0.026607538802660754,1.0,0.17562423199189514,0.086032396031271,0.13082831401158307,0.09068884085864465,0,1,0.06541415700579153,0.5453444204293223,0,1,0,0
P07,V7_video1_normal,normal,605,20.16507372301211,1,0.28816768587232444,0.28564638561399963,0.2906889861306492,0.16250907417356467,0.026607538802660754,1.0,0.12370338069596065,0.08422127042354222,0.10396232555975143,0.11756545507854968,0,1,0.05198116277987572,0.5587827275392748,0,1,0,0
P07,V7_video1_normal,normal,606,20.198404423380726,1,0.28679752622312327,0.2842029933509575,0.2893920590952891,0.16241272294168094,0.026607538802660754,1.0,0.141473877835803,0.03953945829561578,0.0905066680657094,0.12642857732767307,0,1,0.0452533340328547,0.5632142886638365,0,1,0,0
P07,V7_video1_normal,normal,607,20.231735123749342,1,0.28697612256291516,0.28484767636513625,0.289104568760694,0.1623321562680262,0.026607538802660754,1.0,0.1621483748928435,0.04623323337958518,0.10419080413621434,0.2041952188874836,0,0,0.05209540206810717,0.1020976094437418,0,0,0,0
P07,V7_video1_normal,normal,608,20.265065824117958,1,0.18011985639466654,0.19086314161516318,0.16937657117416993,0.16376548689319034,0.026607538802660754,1.0,0.16202728649757991,0.24105202623764688,0.2015396563676134,0.6586711776295491,0,1,0.1007698281838067,0.8293355888147745,0,1,0,1
P07,V7_video1_normal,normal,609,20.298396524486574,1,0.08273583000686363,0.1057758716048168,0.059695788408910454,0.16319032588429622,0.028824833702882482,1.0,0.2973626678850686,0.23497018709770057,0.2661664274913846,0.12819316865732636,1,1,0.6330832137456923,0.5640965843286632,1,1,1,0
P07,V7_video1_normal,normal,610,20.331727224855186,1,0.04330299139387884,0.059004323092899366,0.02760165969485831,0.16373810343306894,0.031042128603104215,1.0,0.37945659839487245,0.3054502119801943,0.34245340518753337,0.1763394381466015,1,1,0.6712267025937667,0.5881697190733007,1,1,1,1
P07,V7_video1_normal,normal,611,20.3650579252238,1,0.06501366584099968,0.08710924989371518,0.04291808178828418,0.16498628563260684,0.03325942350332594,1.0,0.09627653222150112,0.2034264180729275,0.1498514751472143,0.20342738393279927,1,1,0.5749257375736072,0.6017136919663997,1,1,0,1
P07,V7_video1_normal,normal,612,20.398388625592418,1,0.11119615035683339,0.13222501533961892,0.09016728537404786,0.16420757307967157,0.03547671840354767,1.0,0.1278298032846953,0.24917554449637758,0.18850267389053643,0.2182180682710605,1,1,0.5942513369452682,0.6091090341355303,1,1,1,1
P07,V7_video1_normal,normal,613,20.431719325961033,1,0.15317296170746705,0.14696862565395,0.1593772977609841,0.163722984008108,0.03547671840354767,1.0,0.2512061512023155,0.291558330697681,0.27138224094999824,0.14713469473244536,0,1,0.13569112047499912,0.5735673473662227,0,1,0,0
P07,V7_video1_normal,normal,614,20.465050026329646,1,0.19729326841951644,0.19753028336593917,0.1970562534730937,0.16282732487619794,0.03547671840354767,1.0,0.03817029935164806,0.16260323220465067,0.10038676577814937,0.26480164616925345,0,1,0.050193382889074684,0.6324008230846268,0,1,0,1
P07,V7_video1_normal,normal,615,20.49838072669826,1,0.22937468180148166,0.23477123016596171,0.2239781334370016,0.16181993968160585,0.03547671840354767,1.0,0.015661038959323692,0.07908607970177917,0.04737355933055143,0.13902056142100502,0,0,0.023686779665275715,0.06951028071050251,0,0,0,0
P07,V7_video1_normal,normal,616,20.531711427066877,1,0.2541453473327444,0.25735755302328744,0.25093314164220143,0.16108762391477863,0.03547671840354767,1.0,0.04573849409424813,0.07281129521583973,0.05927489465504393,0.18661709882980085,0,0,0.029637447327521965,0.09330854941490042,0,0,0,0
P07,V7_video1_normal,normal,617,20.565042127435493,1,0.2710497064259384,0.2721643242651136,0.2699350885867632,0.1608814691044834,0.03547671840354767,1.0,0.030614453434298805,0.050563238353151685,0.040588845893725245,0.15386377553988462,0,0,0.020294422946862622,0.07693188776994231,0,0,0,0
P07,V7_video1_normal,normal,618,20.598372827804106,1,0.27442171102347723,0.27611983356851166,0.27272358847844286,0.16107872309637772,0.03547671840354767,1.0,0.05249774924460071,0.07073502683177302,0.061616388038186864,0.1755851779215267,0,0,0.030808194019093432,0.08779258896076335,0,0,0,0
P07,V7_video1_normal,normal,619,20.63170352817272,1,0.2752172498951103,0.27661746149394917,0.2738170382962715,0.16077733020370263,0.03547671840354767,1.0,0.19832749599288668,0.0762642049165626,0.13729585045472464,0.17027232023846153,0,0,0.06864792522736232,0.08513616011923077,0,0,0,0
P07,V7_video1_normal,normal,620,20.665034228541337,1,0.2818832678521812,0.2841500346513408,0.27961650105302155,0.16158756235730226,0.03547671840354767,1.0,0.021043062827679315,0.16317879172451566,0.09211092727609749,0.172991627858764,0,0,0.046055463638048744,0.086495813929382,0,0,0,0
P07,V7_video1_normal,normal,621,20.698364928909953,1,0.2824024328823277,0.2842916442846679,0.2805132214799875,0.16132823360429935,0.03547671840354767,1.0,0.01602469567377296,0.10697920266838701,0.061501949171079984,0.3439386126526878,0,0,0.030750974585539992,0.1719693063263439,0,0,0,0
P07,V7_video1_normal,normal,622,20.73169562927857,1,0.2851085445527882,0.2858366282862938,0.2843804608192827,0.16103713073737344,0.03547671840354767,1.0,0.02142102729660955,0.14225315932707727,0.08183709331184341,0.38268317562418247,0,0,0.040918546655921706,0.19134158781209124,0,0,0,0
P07,V7_video1_normal,normal,623,20.76502632964718,1,0.2867705101556821,0.2846343952227738,0.2889066250885905,0.16065047410675112,0.03547671840354767,1.0,0.10278626026697857,0.15308029652214628,0.12793327839456242,0.187982315965492,0,0,0.06396663919728121,0.093991157982746,0,0,0,0
P07,V7_video1_normal,normal,624,20.798357030015797,1,0.2881110373503924,0.2836405035968346,0.29258157110395017,0.16057258809320824,0.03547671840354767,1.0,0.06493306628817797,0.028525170457758597,0.04672911837296828,0.5080908291243387,0,0,0.02336455918648414,0.25404541456216934,0,0,0,0
P07,V7_video1_normal,normal,625,20.831687730384413,1,0.2804106114451298,0.2757490193664319,0.2850722035238277,0.16024807885412226,0.03547671840354767,1.0,0.44208211220206506,0.024900951058346,0.23349153163020553,0.08268025294204324,0,0,0.11674576581510276,0.04134012647102162,0,0,0,0
P07,V7_video1_normal,normal,626,20.86501843075303,1,0.2854608991400621,0.2802581097359957,0.2906636885441286,0.16077586359179863,0.03547671840354767,1.0,0.14588250520913282,0.019226452681610495,0.08255447894537166,0.18030667280515625,0,0,0.04127723947268583,0.09015333640257812,0,0,0,0
P07,V7_video1_normal,normal,627,20.89834913112164,1,0.2920706121561486,0.28936628415719523,0.294774940155102,0.16114160266562488,0.03547671840354767,1.0,0.1587655931857782,0.039767710292797465,0.09926665173928784,0.21391005795437298,0,0,0.04963332586964392,0.10695502897718649,0,0,0,0
P07,V7_video1_normal,normal,628,20.931679831490257,1,0.2909681657455928,0.2879678595686922,0.29396847192249337,0.16110999152296632,0.03547671840354767,1.0,0.13100483682907216,0.02222948491768839,0.07661716087338027,0.4932391182358195,0,0,0.03830858043669014,0.24661955911790975,0,0,0,0
P07,V7_video1_normal,normal,629,20.965010531858873,1,0.2958231491787636,0.2932580532094236,0.2983882451481036,0.16146974873051104,0.03547671840354767,1.0,0.035340940455060976,0.042753517709532396,0.039047229082296686,0.48559763574753184,0,0,0.019523614541148343,0.24279881787376592,0,0,0,0
P07,V7_video1_normal,normal,630,20.99834123222749,1,0.28928508448193313,0.28537541494753627,0.29319475401633,0.1609416001484882,0.03547671840354767,1.0,0.07666000357843794,0.008997971870035926,0.04282898772423693,0.11909232311155346,0,0,0.021414493862118467,0.05954616155577673,0,0,0,0
P07,V7_video1_normal,normal,631,21.031671932596105,1,0.28902437189287916,0.2834658278694296,0.29458291591632874,0.16082637633992536,0.03547671840354767,1.0,0.08687778265868573,0.03437007406198944,0.06062392836033759,0.11333368907005707,0,0,0.030311964180168793,0.056666844535028536,0,0,0,0
P07,V7_video1_normal,normal,632,21.065002632964717,1,0.2886468501364725,0.2852896332481036,0.2920040670248415,0.16087048257448464,0.03547671840354767,1.0,0.2255991273463943,0.024605922797353297,0.1251025250718738,0.12727920662793338,0,0,0.0625512625359369,0.06363960331396669,0,0,0,0
P07,V7_video1_normal,normal,633,21.098333333333333,1,0.28899569196882374,0.2846996434822491,0.2932917404553984,0.16085826237198322,0.03547671840354767,1.0,0.06432232090041967,0.025233932087231792,0.04477812649382573,0.14581429597586473,0,0,0.022389063246912866,0.07290714798793237,0,0,0,0
P07,V7_video1_normal,normal,634,21.13166403370195,1,0.2868729830004674,0.2828886185676296,0.2908573474333051,0.16085158629542876,0.03547671840354767,1.0,0.1154106574235817,0.051671769684036195,0.08354121355380895,0.15017778476774396,0,0,0.04177060677690447,0.07508889238387198,0,0,0,0
P07,V7_video1_normal,normal,635,21.164994734070564,1,0.28720794878526085,0.2834271089218144,0.2909887886487073,0.16100144253482646,0.03547671840354767,1.0,0.0884051978988456,0.020770212747603822,0.05458770532322471,0.1868383196553857,0,0,0.027293852661612356,0.09341915982769285,0,0,0,0
P07,V7_video1_normal,normal,636,21.198325434439177,1,0.28722986602389955,0.2813017049966897,0.2931580270511094,0.16095650529971572,0.03547671840354767,1.0,0.08714214403728204,0.01736972228642719,0.05225593316185462,0.17771723233540335,0,0,0.02612796658092731,0.08885861616770167,0,0,0,0
P07,V7_video1_normal,normal,637,21.231656134807793,1,0.28915154146692,0.282011487028283,0.296291595905557,0.16120767907828423,0.03547671840354767,1.0,0.04698036245738135,0.03837080378213864,0.04267558311976,0.09083207494611505,0,0,0.02133779155988,0.04541603747305752,0,0,0,0
P07,V7_video1_normal,normal,638,21.26498683517641,1,0.29202594266155835,0.28719318837513796,0.29685869694797873,0.1616777548191409,0.03547671840354767,1.0,0.011500714638470022,0.0894529320815437,0.05047682336000686,0.14661968232860376,0,0,0.02523841168000343,0.07330984116430188,0,0,0,0
P07,V7_video1_normal,normal,639,21.298317535545024,1,0.29260277860889117,0.2900264460667729,0.2951791111510094,0.1611192313106711,0.03547671840354767,1.0,0.03803310365651946,0.00730566150090961,0.022669382578714536,0.1773826747567962,0,0,0.011334691289357268,0.0886913373783981,0,0,0,0
P07,V7_video1_normal,normal,640,21.33164823591364,1,0.2934572293225521,0.28993281809071253,0.29698164055439163,0.16112792207895033,0.03547671840354767,1.0,0.02522391758580511,0.021601148839474393,0.023412533212639752,0.21939499062498838,0,0,0.011706266606319876,0.10969749531249419,0,0,0,0
P07,V7_video1_normal,normal,641,21.364978936282252,1,0.2917630891112023,0.287894005421014,0.2956321728013906,0.16144612846738046,0.03547671840354767,1.0,0.030922044414297467,0.017324521051537922,0.024123282732917695,0.07468300291235772,0,0,0.012061641366458847,0.03734150145617886,0,0,0,0
P07,V7_video1_normal,normal,642,21.39830963665087,1,0.28844100407492834,0.2841156822188449,0.2927663259310118,0.1615933715018843,0.03547671840354767,1.0,0.04031179599467327,0.03529978631724129,0.03780579115595728,0.17976214083347522,0,0,0.01890289557797864,0.08988107041673761,0,0,0,0
P07,V7_video1_normal,normal,643,21.431640337019484,1,0.2899710823780575,0.2841340592244152,0.29580810553169984,0.16117132524555844,0.03547671840354767,1.0,0.01357523294574503,0.006273269585487684,0.009924251265616357,0.22192056959406398,0,0,0.004962125632808179,0.11096028479703199,0,0,0,0
P07,V7_video1_normal,normal,644,21.4649710373881,1,0.29244499349664377,0.2890412407540492,0.29584874623923835,0.16107247074005943,0.03547671840354767,1.0,0.015143843967225568,0.04657430712880173,0.030859075548013648,0.12626462000586916,0,0,0.015429537774006824,0.06313231000293458,0,0,0,0
P07,V7_video1_normal,normal,645,21.498301737756712,1,0.2866321262849052,0.2805452631086061,0.2927189894612042,0.16092429062466734,0.03547671840354767,1.0,0.06904110022034293,0.06584525785385598,0.06744317903709945,0.1100666041155216,0,0,0.03372158951854973,0.0550333020577608,0,0,0,0
P07,V7_video1_normal,normal,646,21.531632438125328,1,0.2836227009754885,0.2780654073294577,0.28917999462151917,0.1609539962334205,0.03547671840354767,1.0,0.037182054863609815,0.0243724410386289,0.030777247951119358,0.21799556187511115,0,0,0.015388623975559679,0.10899778093755558,0,0,0,0
P07,V7_video1_normal,normal,647,21.564963138493944,1,0.2821388755007568,0.27635813267268544,0.2879196183288282,0.16102829182929893,0.03547671840354767,1.0,0.08275320963298205,0.050805587568356625,0.06677939860066934,0.33245000926839147,0,0,0.03338969930033467,0.16622500463419573,0,0,0,0
P07,V7_video1_normal,normal,648,21.59829383886256,1,0.29040967172339816,0.2848543129603393,0.29596503048645695,0.16080787943525046,0.03547671840354767,1.0,0.025173651539948994,0.02345185996431509,0.024312755752132043,0.15161356131896594,0,0,0.012156377876066021,0.07580678065948297,0,0,0,0
P07,V7_video1_normal,normal,649,21.631624539231176,1,0.29062906846282965,0.2841496212348439,0.2971085156908154,0.16021953158073748,0.03547671840354767,1.0,0.044545643378377964,0.021247635097779494,0.03289663923807873,0.09997465777392911,0,0,0.016448319619039364,0.049987328886964555,0,0,0,0
P07,V7_video1_normal,normal,650,21.664955239599788,1,0.28195263651606894,0.27728595539337053,0.28661931763876736,0.16052326744094572,0.03547671840354767,1.0,0.20815648906146345,0.01983137605210694,0.1139939325567852,0.1872071130552987,0,0,0.0569969662783926,0.09360355652764935,0,0,0,0
P07,V7_video1_normal,normal,651,21.698285939968404,1,0.2528315738072131,0.2543064861005484,0.25135666151387787,0.16111939561235675,0.03547671840354767,1.0,0.018675303762681117,0.15503544368256517,0.08685537372262314,0.22084841164103555,0,0,0.04342768686131157,0.11042420582051778,0,0,0,0
P07,V7_video1_normal,normal,652,21.73161664033702,1,0.14386352475583639,0.16032626066745503,0.12740078884421774,0.16236545615308223,0.03547671840354767,1.0,0.2727223810781,0.37962118038829207,0.326171780733196,0.267839884702637,0,0,0.163085890366598,0.1339199423513185,0,0,0,0
P07,V7_video1_normal,normal,653,21.764947340705636,1,0.08976873831277965,0.10798350970813417,0.07155396691742512,0.1633719619020646,0.037694013303769404,1.0,0.17765766202401434,0.16519577818258735,0.17142672010330084,0.16628230276067235,1,1,0.5857133600516504,0.5831411513803362,1,1,1,0
P07,V7_video1_normal,normal,654,21.798278041074248,1,0.040891582119108184,0.05682978196018843,0.02495338227802794,0.16264203363671595,0.03991130820399113,1.0,0.18680767703627887,0.14382037850242757,0.16531402776935322,0.1689020284767125,1,1,0.5826570138846766,0.5844510142383562,1,1,1,0
P07,V7_video1_normal,normal,655,21.831608741442864,1,0.039485835141467716,0.04836537005641465,0.03060630022652078,0.16221742276318046,0.04212860310421286,1.0,0.20717929443833827,0.2227792867621331,0.21497929060023568,0.2726742788873532,1,0,0.6074896453001178,0.1363371394436766,1,0,1,0
P07,V7_video1_normal,normal,656,21.86493944181148,1,0.03626072588913888,0.045834136965977636,0.026687314812300123,0.16264213074440137,0.04434589800443459,1.0,0.1355891126237424,0.3103078085386176,0.22294846058118,0.27141194203076763,1,1,0.61147423029059,0.6357059710153838,1,1,1,1
P07,V7_video1_normal,normal,657,21.898270142180095,1,0.03674298798152462,0.04049751313114256,0.032988462831906686,0.16306895317528589,0.04656319290465632,1.0,0.2601596697749471,0.33181047286662535,0.2959850713207862,0.15469659057294338,1,1,0.647992535660393,0.5773482952864717,1,1,1,0
P07,V7_video1_normal,normal,658,21.93160084254871,1,0.025158641787244522,0.03282434120986069,0.017492942364628356,0.16371609073140592,0.04878048780487805,1.0,0.09429895102876384,0.4264772011060137,0.2603880760673888,0.17904605773665574,1,1,0.6301940380336943,0.5895230288683279,1,1,1,1
P07,V7_video1_normal,normal,659,21.964931542917324,1,0.01919216900016745,0.028383633895674897,0.010000704104660006,0.16340721677492023,0.050997782705099776,1.0,0.12259746412453021,0.34244705083148064,0.23252225747800542,0.25090859697741114,1,1,0.6162611287390027,0.6254542984887056,1,1,1,1
P07,V7_video1_normal,normal,660,21.99826224328594,1,0.01705555274902027,0.022170998571606797,0.011940106926433748,0.1626184585615081,0.05321507760532151,1.0,0.19246367550416055,0.1954174438924745,0.19394055969831753,0.23255010949225935,1,1,0.5969702798491587,0.6162750547461296,1,1,1,1
P07,V7_video1_normal,normal,661,22.031592943654555,1,0.017292542960328047,0.022401466275246185,0.012183619645409906,0.1626676591413199,0.05543237250554324,1.0,0.1781443144325534,0.1438585773874298,0.1610014459099916,0.1618521217094644,1,1,0.5805007229549958,0.5809260608547322,1,1,1,0
P07,V7_video1_normal,normal,662,22.06492364402317,1,0.020866060823742604,0.030917989011385254,0.010814132636099956,0.1626800948467312,0.057649667405764965,1.0,0.17301861012063935,0.146664942487976,0.15984177630430768,0.23456026332902882,1,1,0.5799208881521538,0.6172801316645145,1,1,0,1
P07,V7_video1_normal,normal,663,22.098254344391783,1,0.023015769595189233,0.03057424811893089,0.015457291071447577,0.16275718369530726,0.0598669623059867,1.0,0.08945891345453705,0.4384339798469067,0.26394644665072187,0.27563660795127626,1,1,0.631973223325361,0.6378183039756381,1,1,1,1
P07,V7_video1_normal,normal,664,22.1315850447604,1,0.021412834649904667,0.02484592431593293,0.017979744983876403,0.1635502295597796,0.06208425720620843,1.0,0.11890628209466525,0.26012580438321764,0.18951604323894145,0.6302929115156609,1,1,0.5947580216194708,0.8151464557578305,1,1,1,1
P07,V7_video1_normal,normal,665,22.164915745129015,1,0.020950412825875862,0.024157158245083393,0.01774366740666833,0.16319654452352805,0.06430155210643015,1.0,0.1862587773206632,0.11063420609585461,0.1484464917082589,0.2543482774484359,1,1,0.5742232458541294,0.627174138724218,1,1,0,1
P07,V7_video1_normal,normal,666,22.19824644549763,1,0.017477905865044892,0.027231206718560438,0.0077246050115293485,0.16336483125848808,0.06651884700665188,1.0,0.1253779073095892,0.07309902747152686,0.09923846739055803,0.15070327125437774,1,1,0.549619233695279,0.5753516356271888,1,1,0,0
P07,V7_video1_normal,normal,667,22.231577145866247,1,0.02255860009414163,0.03666322912507375,0.008453971063209512,0.16324365129678586,0.06873614190687362,1.0,0.10427067455893979,0.2766425080518655,0.19045659130540266,0.19747831003134358,1,1,0.5952282956527013,0.5987391550156718,1,1,1,1
P07,V7_video1_normal,normal,668,22.26490784623486,1,0.024663308003779867,0.04175638372408713,0.0075702322834726,0.16348557143633735,0.07095343680709534,1.0,0.45583065652061416,0.2541237935009756,0.3549772250107949,0.1912908282900199,1,1,0.6774886125053974,0.5956454141450099,1,1,1,1
P07,V7_video1_normal,normal,669,22.298238546603475,1,0.034684048740493884,0.05176075443686151,0.017607343044126252,0.16331941597641342,0.07317073170731707,1.0,0.2152080615422629,0.4032443489782138,0.30922620526023836,0.12281414542294626,1,1,0.6546131026301192,0.5614070727114732,1,1,1,0
P07,V7_video1_normal,normal,670,22.33156924697209,1,0.021144944712348502,0.03423429474999164,0.008055594674705365,0.1629873561331394,0.07538802660753881,1.0,0.3245732164310178,0.2991732206922537,0.31187321856163575,0.1615117268762509,1,1,0.6559366092808179,0.5807558634381255,1,1,1,0
P07,V7_video1_normal,normal,671,22.364899947340707,1,0.01918960739168058,0.02554613724335218,0.012833077540008982,0.1634494577033819,0.07760532150776053,1.0,0.11194617635138482,0.3272386805733918,0.2195924284623883,0.09586728231532607,1,1,0.6097962142311941,0.5479336411576631,1,1,1,0
P07,V7_video1_normal,normal,672,22.39823064770932,1,0.020446105792045123,0.030797715782434804,0.01009449580165544,0.1636060867379763,0.07982261640798226,1.0,0.13065470717689265,0.21426816546934024,0.17246143632311645,0.12330227381544202,1,1,0.5862307181615583,0.5616511369077211,1,1,1,0
P07,V7_video1_normal,normal,673,22.431561348077935,1,0.02209456103007043,0.028611203413058155,0.015577918647082703,0.16357569349253304,0.082039911308204,1.0,0.2589838155177885,0.5006040108245975,0.379793913171193,0.2102560054364521,1,1,0.6898969565855965,0.6051280027182261,1,1,1,1
P07,V7_video1_normal,normal,674,22.46489204844655,1,0.024832253870784037,0.03566902709725919,0.013995480644308883,0.16327221198090328,0.08425720620842572,1.0,0.15040100432364967,0.4348935595995914,0.29264728196162054,0.44338946339754937,1,1,0.6463236409808103,0.7216947316987747,1,1,1,1
P07,V7_video1_normal,normal,675,22.498222748815166,1,0.023432907588638974,0.03699919991475348,0.009866615262524471,0.16337094453241774,0.08647450110864745,1.0,0.3610904338058504,0.3546984700541804,0.3578944519300154,0.41028004457592626,1,1,0.6789472259650077,0.7051400222879631,1,1,1,1
P07,V7_video1_normal,normal,676,22.531553449183782,1,0.025422194674695912,0.04399697030956668,0.006847419039825146,0.1625719473893321,0.08869179600886919,1.0,0.18915585773375188,0.23186054498460562,0.21050820135917875,0.23347736106686887,1,1,0.6052541006795894,0.6167386805334344,1,1,1,1
P07,V7_video1_normal,normal,677,22.564884149552395,1,0.025319541317763972,0.044423391204842025,0.006215691430685921,0.16271521752079265,0.09090909090909091,1.0,0.21341771638413154,0.2229270694932759,0.21817239293870372,0.2516019528456038,1,1,0.6090861964693519,0.6258009764228019,1,1,1,1
P07,V7_video1_normal,normal,678,22.59821484992101,1,0.023523652032459354,0.041294717279943736,0.005752586784974969,0.1622345117715532,0.09312638580931264,1.0,0.26157223044273903,0.397022139880274,0.3292971851615065,0.2848482962432117,1,0,0.6646485925807533,0.14242414812160584,1,0,1,0
P07,V7_video1_normal,normal,679,22.631545550289626,1,0.026908457327444894,0.047828089919969154,0.005988824734920633,0.162890622925115,0.09534368070953436,1.0,0.3936187944926801,0.343885677434854,0.36875223596376705,0.26005957322575785,1,1,0.6843761179818835,0.6300297866128789,1,1,1,1
P07,V7_video1_normal,normal,680,22.664876250658242,1,0.030967770049458436,0.049245473428557326,0.012690066670359545,0.16234833996637107,0.0975609756097561,1.0,0.337376734405875,0.2991057275565151,0.31824123098119506,0.3091458934736269,1,0,0.6591206154905975,0.15457294673681346,1,0,1,0
P07,V7_video1_normal,normal,681,22.698206951026854,1,0.029354122501320887,0.0472097544794633,0.011498490523178475,0.16160584147243467,0.09977827050997783,1.0,0.22290582064961983,0.2913236559626079,0.25711473830611387,0.2533205035516545,1,0,0.6285573691530569,0.12666025177582724,1,0,1,0
P07,V7_video1_normal,normal,682,22.73153765139547,1,0.0339398831755178,0.05273603036539962,0.015143735985635969,0.16162559762233564,0.10199556541019955,1.0,0.2156859968477649,0.4499374310629167,0.3328117139553408,0.31765475147789823,1,0,0.6664058569776704,0.15882737573894912,1,0,1,0
P07,V7_video1_normal,normal,683,22.764868351764086,1,0.03284249198314558,0.05530618403691134,0.010378799929379819,0.16198786877236804,0.10421286031042129,1.0,0.23652678453091014,0.3218247785522723,0.27917578154159123,0.0685227152403472,1,0,0.6395878907707956,0.0342613576201736,1,0,1,0
P07,V7_video1_normal,normal,684,22.798199052132702,1,0.02805508418873485,0.05015624144276652,0.005953926934703181,0.16161792597856822,0.10643015521064302,1.0,0.21895373501469995,0.3691276622605377,0.29404069863761884,0.15444304260248892,1,0,0.6470203493188094,0.07722152130124446,1,0,1,0
P07,V7_video1_normal,normal,685,22.831529752501318,1,0.032255035637819764,0.056177098433797985,0.008332972841841538,0.162223896704503,0.10864745011086474,1.0,0.22442473771577887,0.28324382180032714,0.253834279758053,0.2410633234058781,1,0,0.6269171398790265,0.12053166170293905,1,0,1,0
P07,V7_video1_normal,normal,686,22.86486045286993,1,0.03132381636048023,0.05496543684144281,0.007682195879517651,0.16262280590221814,0.11086474501108648,1.0,0.20057109764403203,0.30670270566385005,0.25363690165394104,0.4644984431250954,1,1,0.6268184508269705,0.7322492215625477,1,1,1,1
P07,V7_video1_normal,normal,687,22.898191153238546,1,0.0314098293691387,0.051638025923345904,0.011181632814931492,0.16232322647701022,0.1130820399113082,1.0,0.2571677474514531,0.5389958688983489,0.398081808174901,0.4054830261652753,1,0,0.6990409040874506,0.20274151308263766,1,0,1,0
P07,V7_video1_normal,normal,688,22.931521853607162,1,0.034890757242698085,0.05804367313932126,0.01173784134607491,0.1628367739180168,0.11529933481152993,1.0,0.24771723682737046,0.3095828699142199,0.2786500533707952,0.18471167303841557,1,1,0.6393250266853976,0.5923558365192078,1,1,1,1
P07,V7_video1_normal,normal,689,22.964852553975778,1,0.03612020344167305,0.05568854529641906,0.01655186158692703,0.1625955474350439,0.11751662971175167,1.0,0.18290595803603105,0.32869537755086764,0.25580066779344934,0.3416745060885744,1,1,0.6279003338967246,0.6708372530442872,1,1,1,1
P07,V7_video1_normal,normal,690,22.99818325434439,1,0.022770113073529653,0.033593343147450445,0.011946882999608862,0.16354542577207185,0.1197339246119734,1.0,0.22315461966145822,0.4387293150883934,0.3309419673749258,0.0437439077386459,1,1,0.6654709836874629,0.521871953869323,1,1,1,0
P07,V7_video1_normal,normal,691,23.031513954713006,1,0.020449345358045705,0.029844704529228255,0.011053986186863152,0.16323940727875377,0.12195121951219512,1.0,0.2097378387333525,0.28485805854961244,0.24729794864148247,0.10866318727560714,1,1,0.6236489743207412,0.5543315936378036,1,1,1,0
P07,V7_video1_normal,normal,692,23.06484465508162,1,0.020444021931642388,0.029234520532038507,0.011653523331246267,0.16322825103791372,0.12416851441241686,1.0,0.16107062728069432,0.46472241981045637,0.31289652354557534,0.07681300658280259,1,1,0.6564482617727877,0.5384065032914013,1,1,1,0
P07,V7_video1_normal,normal,693,23.098175355450238,1,0.021820592768605523,0.03147844671514666,0.012162738822064386,0.16288419839986418,0.12638580931263857,1.0,0.07679676060650442,0.28413530689528665,0.18046603375089554,0.06335940986449205,1,1,0.5902330168754477,0.531679704932246,1,1,1,0
P07,V7_video1_normal,normal,694,23.131506055818853,1,0.02134345542914796,0.030579955401298754,0.012106955456997168,0.16196006690083078,0.1286031042128603,1.0,0.3551151480410243,0.2794918896712355,0.3173035188561299,0.058404263814772706,1,0,0.658651759428065,0.029202131907386353,1,0,1,0
P07,V7_video1_normal,normal,695,23.164836756187466,1,0.02303979378371058,0.03287599630944851,0.013203591257972644,0.16189142908396847,0.13082039911308205,1.0,0.20143026410977438,0.3381027476644659,0.26976650588712014,0.021310372311822087,1,0,0.6348832529435601,0.010655186155911043,1,0,1,0
P07,V7_video1_normal,normal,696,23.19816745655608,1,0.018101395566034614,0.021811106812365977,0.014391684319703252,0.16224855823854986,0.13303769401330376,1.0,0.14418202014170478,0.5635438948258056,0.3538629574837552,0.013971296523029699,1,0,0.6769314787418776,0.006985648261514849,1,0,1,0
P07,V7_video1_normal,normal,697,23.231498156924697,1,0.018963632967136983,0.023835738274416728,0.01409152765985724,0.16214211239637918,0.1352549889135255,1.0,0.19005350283936984,0.47333891110707726,0.33169620697322355,0.11551714068072899,1,0,0.6658481034866117,0.057758570340364496,1,0,1,0
P07,V7_video1_normal,normal,698,23.264828857293313,1,0.022598992818744515,0.031162275356033355,0.014035710281455673,0.16279410455830975,0.13747228381374724,1.0,0.052384430217507605,0.3655385520952201,0.20896149115636387,0.2799683791886793,1,1,0.604480745578182,0.6399841895943397,1,1,1,1
P07,V7_video1_normal,normal,699,23.298159557661926,1,0.02197272567220769,0.03035464131324055,0.013590810031174832,0.16247392561325008,0.13968957871396895,1.0,0.11952457518496928,0.6358042786683546,0.37766442692666197,0.11236420506703708,1,1,0.688832213463331,0.5561821025335185,1,1,1,0
P07,V7_video1_normal,normal,700,23.33149025803054,1,0.021237373849827185,0.027659469829460763,0.014815277870193605,0.16246334928722664,0.1419068736141907,1.0,0.09339107802240232,0.5822373637772034,0.33781422089980284,0.23904656447621003,1,1,0.6689071104499014,0.619523282238105,1,1,1,1
P07,V7_video1_normal,normal,701,23.364820958399157,1,0.02373547182640417,0.03150138145203283,0.015969562200775504,0.1630077183051622,0.14412416851441243,1.0,0.10246665463356008,0.3354826750779226,0.21897466485574135,0.18075421446532647,1,1,0.6094873324278707,0.5903771072326632,1,1,1,1
P07,V7_video1_normal,normal,702,23.398151658767773,1,0.025156675152077815,0.03578557390164511,0.014527776402510524,0.16242047436015675,0.14634146341463414,1.0,0.2707394823469055,0.3575024607963574,0.31412097157163144,0.07403852772376197,1,1,0.6570604857858158,0.537019263861881,1,1,1,0
P07,V7_video1_normal,normal,703,23.43148235913639,1,0.02486792388481019,0.0359750777688916,0.01376077000072878,0.16220478466623037,0.14855875831485588,1.0,0.281862920713835,0.40055458266653654,0.3412087516901858,0.08171748224775886,1,0,0.6706043758450929,0.04085874112387943,1,0,1,0
P07,V7_video1_normal,normal,704,23.464813059505,1,0.028889875190372265,0.043897478662449786,0.013882271718294743,0.16205463354929345,0.15077605321507762,1.0,0.3805842764823668,0.2785898846711301,0.32958708057674846,0.12927563104248974,1,0,0.6647935402883742,0.06463781552124487,1,0,1,0
P07,V7_video1_normal,normal,705,23.498143759873617,1,0.048878462948479605,0.06699611102685467,0.030760814870104538,0.16229583290003144,0.15299334811529933,1.0,0.3569544381744584,0.26379495639878403,0.3103746972866212,0.059562416739186975,1,0,0.6551873486433106,0.029781208369593488,1,0,1,0
P07,V7_video1_normal,normal,706,23.531474460242233,1,0.13835115067870288,0.15484740171177372,0.12185489964563205,0.16006676142092827,0.15521064301552107,1.0,0.1924582469534749,0.4047518918315677,0.2986050693925213,0.16880506097518086,1,0,0.6493025346962606,0.08440253048759043,1,0,1,0
P07,V7_video1_normal,normal,707,23.56480516061085,1,0.19358952884642713,0.18985504324881122,0.19732401444404304,0.16104294432040153,0.15521064301552107,1.0,0.06411954911420903,0.21975302956857412,0.14193628934139157,0.42666749659565334,0,0,0.07096814467069579,0.21333374829782667,0,0,0,0
P07,V7_video1_normal,normal,708,23.59813586097946,1,0.19876229153413594,0.2047709543472229,0.192753628721049,0.16122457864195774,0.15521064301552107,1.0,0.11184214226716571,0.12651059790511465,0.11917637008614018,0.37490296812480334,0,0,0.05958818504307009,0.18745148406240167,0,0,0,0
P07,V7_video1_normal,normal,709,23.631466561348077,1,0.2078859067810747,0.2139393890950956,0.20183242446705377,0.16038715838689252,0.15521064301552107,1.0,0.06171548928028647,0.10113679450299407,0.08142614189164027,0.202130869285804,0,0,0.040713070945820135,0.101065434642902,0,0,0,0
P07,V7_video1_normal,normal,710,23.664797261716693,1,0.2110657306387797,0.22105513222319104,0.2010763290543684,0.1606847124916847,0.15521064301552107,1.0,0.08662720043144645,0.17457641308539262,0.13060180675841954,0.4953857582594783,0,0,0.06530090337920977,0.24769287912973914,0,0,0,0
P07,V7_video1_normal,normal,711,23.69812796208531,1,0.2135676551178869,0.22385160771282234,0.20328370252295144,0.16056168659844397,0.15521064301552107,1.0,0.06126937005773492,0.11502804357230711,0.08814870681502102,0.15830069787121825,0,0,0.04407435340751051,0.07915034893560913,0,0,0,0
P07,V7_video1_normal,normal,712,23.731458662453925,1,0.2140603076360197,0.22393764695629126,0.20418296831574814,0.16045363735449866,0.15521064301552107,1.0,0.057545572924777244,0.10252510404671533,0.08003533848574629,0.2212616943869279,0,0,0.040017669242873144,0.11063084719346394,0,0,0,0
P07,V7_video1_normal,normal,713,23.764789362822537,1,0.21194889756674803,0.22012883530904623,0.20376895982444984,0.1602927010603935,0.15521064301552107,1.0,0.1838681256251644,0.26415866196779636,0.2240133937964804,0.2608589300892922,0,0,0.1120066968982402,0.1304294650446461,0,0,0,0
P07,V7_video1_normal,normal,714,23.798120063191153,1,0.21061017797105214,0.21795522316488702,0.20326513277721728,0.1605444492964183,0.15521064301552107,1.0,0.09709401083787716,0.1693651252968399,0.13322956806735853,0.1440507420310301,0,0,0.06661478403367926,0.07202537101551505,0,0,0,0
P07,V7_video1_normal,normal,715,23.83145076355977,1,0.21563874196511285,0.22453418517716425,0.2067432987530614,0.16037485951068345,0.15521064301552107,1.0,0.12326846392828039,0.13791000803975162,0.130589235984016,0.14458545969831185,0,0,0.065294617992008,0.07229272984915593,0,0,0,0
P07,V7_video1_normal,normal,716,23.864781463928384,1,0.23161446931220064,0.23431012585982833,0.22891881276457296,0.1595239125194312,0.15521064301552107,1.0,0.17342933145701944,0.20297278402027674,0.1882010577386481,0.27424424456839774,0,0,0.09410052886932405,0.13712212228419887,0,0,0,0
P07,V7_video1_normal,normal,717,23.898112164296997,1,0.2438984383741387,0.24769087393855954,0.24010600280971783,0.16006440215274528,0.15521064301552107,1.0,0.04336040857379475,0.11914788671615306,0.0812541476449739,0.07302273564891486,0,0,0.04062707382248695,0.03651136782445743,0,0,0,0
P07,V7_video1_normal,normal,718,23.931442864665613,1,0.249081326752967,0.2519070615216987,0.2462555919842353,0.16066506601623146,0.15521064301552107,1.0,0.12207723740487542,0.08788908991583799,0.1049831636603567,0.05744519884170524,0,0,0.05249158183017835,0.02872259942085262,0,0,0,0
P07,V7_video1_normal,normal,719,23.96477356503423,1,0.2761510295028915,0.27689377061770115,0.27540828838808185,0.1608762176018279,0.15521064301552107,1.0,0.11691558649283218,0.036802175939474435,0.07685888121615331,0.06907063583487033,0,0,0.038429440608076654,0.034535317917435165,0,0,0,0
P07,V7_video1_normal,normal,720,23.998104265402844,1,0.2874998157414367,0.2861424946534977,0.28885713682937564,0.1613471028745873,0.15521064301552107,1.0,0.07284246242910453,0.032302630510836705,0.052572546469970616,0.1289864540826858,0,0,0.026286273234985308,0.0644932270413429,0,0,0,0
P07,V7_video1_normal,normal,721,24.03143496577146,1,0.2921567466880166,0.29089121186120004,0.2934222815148332,0.16146641269367956,0.15521064301552107,1.0,0.01058935158609886,0.06504169182411734,0.0378155217051081,0.06819694079313585,0,0,0.01890776085255405,0.03409847039656792,0,0,0,0
P07,V7_video1_normal,normal,722,24.064765666140072,1,0.29456649322686695,0.2926859229511611,0.2964470635025728,0.16110475526816562,0.15521064301552107,1.0,0.03131832515436739,0.04631504260524777,0.03881668387980758,0.060948784822505354,0,0,0.01940834193990379,0.030474392411252677,0,0,0,0
P07,V7_video1_normal,normal,723,24.09809636650869,1,0.2951087420954229,0.29378226645179073,0.2964352177390551,0.16134749910684665,0.15521064301552107,1.0,0.10476527552898751,0.14265121196628383,0.12370824374763567,0.05284245016668935,0,0,0.061854121873817836,0.026421225083344674,0,0,0,0
P07,V7_video1_normal,normal,724,24.131427066877304,1,0.2958544514274627,0.294556242174109,0.2971526606808164,0.16121674733924093,0.15521064301552107,1.0,0.05290767746931069,0.021484961949074677,0.03719631970919268,0.09842202733805833,0,0,0.01859815985459634,0.04921101366902916,0,0,0,0
P07,V7_video1_normal,normal,725,24.16475776724592,1,0.29815691577396797,0.29674932988114416,0.2995645016667917,0.1612311049799086,0.15521064301552107,1.0,0.0958907607189492,0.020751193210062358,0.05832097696450578,0.2664526352642338,0,0,0.02916048848225289,0.1332263176321169,0,0,0,0
P07,V7_video1_normal,normal,726,24.198088467614532,1,0.3026939762058022,0.30117559069678274,0.30421236171482163,0.1609392142214349,0.15521064301552107,1.0,0.0865299097394534,0.01210777536499652,0.04931884255222496,0.2922270226273761,0,0,0.02465942127611248,0.14611351131368805,0,0,0,0
P07,V7_video1_normal,normal,727,24.231419167983148,1,0.3113760226142742,0.308695272646429,0.3140567725821194,0.16115739016669006,0.15521064301552107,1.0,0.015269601024591739,0.018417842620742864,0.0168437218226673,0.1900054114558634,0,0,0.00842186091133365,0.0950027057279317,0,0,0,0
P07,V7_video1_normal,normal,728,24.264749868351764,1,0.3161495974292519,0.31285706908756117,0.31944212577094266,0.16083152050126967,0.15521064301552107,1.0,0.05961666097270546,0.016344803952923592,0.037980732462814526,0.1822171144967766,0,0,0.018990366231407263,0.0911085572483883,0,0,0,0
P07,V7_video1_normal,normal,729,24.29808056872038,1,0.3172326427190275,0.31260015218462905,0.3218651332534259,0.1608300562961035,0.15521064301552107,1.0,0.026179604777959886,0.06179916535148988,0.043989385064724884,0.15832037868811627,0,0,0.021994692532362442,0.07916018934405814,0,0,0,0
P07,V7_video1_normal,normal,730,24.331411269088996,1,0.31094722312821366,0.3094486192303384,0.31244582702608886,0.16091334293045623,0.15521064301552107,1.0,0.03501263500212881,0.02694226512743414,0.030977450064781475,0.2474666027987232,0,0,0.015488725032390738,0.1237333013993616,0,0,0,0
P07,V7_video1_normal,normal,731,24.364741969457608,1,0.3125893939903681,0.30957147669829865,0.31560731128243763,0.16050793027101545,0.15521064301552107,1.0,0.017358705968775756,0.04874677127590299,0.03305273862233937,0.4696804818352304,0,0,0.016526369311169686,0.2348402409176152,0,0,0,0
P07,V7_video1_normal,normal,732,24.398072669826224,1,0.31637572545629256,0.3153999603882844,0.3173514905243008,0.16053748829445044,0.15521064301552107,1.0,0.012460333831956216,0.02819464228091828,0.02032748805643725,0.37355272732423933,0,0,0.010163744028218624,0.18677636366211967,0,0,0,0
P07,V7_video1_normal,normal,733,24.43140337019484,1,0.3191076271552312,0.31768775816044664,0.3205274961500158,0.1605082716962683,0.15521064301552107,1.0,0.008374903540044332,0.17444926371929836,0.09141208362967135,0.3389859976138455,0,0,0.045706041814835674,0.16949299880692276,0,0,0,0
P07,V7_video1_normal,normal,734,24.464734070563456,1,0.31503860890129215,0.31217534685416826,0.31790187094841604,0.16041770621606583,0.15521064301552107,1.0,0.005067318189015846,0.030338268374136446,0.017702793281576146,0.175793798617446,0,0,0.008851396640788073,0.087896899308723,0,0,0,0
P07,V7_video1_normal,normal,735,24.498064770932068,1,0.3112221736249814,0.30781093575338186,0.3146334114965809,0.15998821622797832,0.15521064301552107,1.0,0.018223428498941208,0.06058542177001014,0.039404425134475674,0.20013312739258343,0,0,0.019702212567237837,0.10006656369629172,0,0,0,0
P07,V7_video1_normal,normal,736,24.531395471300684,1,0.3137633271306083,0.31073224463785665,0.31679440962335986,0.16032827282430884,0.15521064301552107,1.0,0.026032989973112985,0.040221243627361014,0.033127116800237,0.17165312802635047,0,0,0.0165635584001185,0.08582656401317523,0,0,0,0
P07,V7_video1_normal,normal,737,24.5647261716693,1,0.3168416897054187,0.31285592349088365,0.32082745591995376,0.1604690310452814,0.15521064301552107,1.0,0.020247032036314172,0.022447325094862802,0.021347178565588487,0.09324545213655237,0,0,0.010673589282794244,0.04662272606827619,0,0,0,0
P07,V7_video1_normal,normal,738,24.598056872037915,1,0.3114738087032651,0.30966186113595984,0.3132857562705703,0.1608465798490931,0.15521064301552107,1.0,0.015511189649301316,0.07507151062705086,0.04529135013817609,0.1578428190253649,0,0,0.022645675069088045,0.07892140951268245,0,0,0,0
P07,V7_video1_normal,normal,739,24.63138757240653,1,0.30894742188162166,0.3074792488123935,0.3104155949508498,0.16099466941429602,0.15521064301552107,1.0,0.008849023626579355,0.11103629859524078,0.05994266111091007,0.2140783466954754,0,0,0.029971330555455034,0.1070391733477377,0,0,0,0
P07,V7_video1_normal,normal,740,24.664718272775144,1,0.31629799987171847,0.31393815613459897,0.318657843608838,0.16097971877023645,0.15521064301552107,1.0,0.015173464617751709,0.028180933593514146,0.021677199105632927,0.06389286991303872,0,0,0.010838599552816464,0.03194643495651936,0,0,0,0
P07,V7_video1_normal,normal,741,24.69804897314376,1,0.3116047199938754,0.30929367324454077,0.3139157667432101,0.16047605512210764,0.15521064301552107,1.0,0.0020031597839677007,0.006839124999636459,0.00442114239180208,0.23756105659804497,0,0,0.00221057119590104,0.11878052829902248,0,0,0,0
P07,V7_video1_normal,normal,742,24.731379673512375,1,0.3090677307617635,0.3072861382656892,0.3108493232578378,0.1596643062291388,0.15521064301552107,1.0,0.0004745633235930802,0.12472234150100958,0.06259845241230133,0.1258191985556434,0,0,0.031299226206150665,0.0629095992778217,0,0,0,0
P07,V7_video1_normal,normal,743,24.76471037388099,1,0.31362825458262394,0.30917620254910017,0.3180803066161477,0.1589146518125308,0.15521064301552107,1.0,0.005447437701569635,0.027633051385016594,0.016540244543293114,0.09114903267416032,0,0,0.008270122271646557,0.04557451633708016,0,0,0,0
P07,V7_video1_normal,normal,744,24.798041074249603,1,0.3149716596805813,0.3112063366563195,0.3187369827048431,0.15863165357101439,0.15521064301552107,1.0,0.0006607084136245334,0.004310727916636337,0.002485718165130435,0.028894941213938135,0,0,0.0012428590825652175,0.014447470606969067,0,0,0,0
P07,V7_video1_normal,normal,745,24.83137177461822,1,0.3146315097321406,0.31114666331948665,0.3181163561447946,0.15864026433019676,0.15521064301552107,1.0,0.000404162935161434,0.009817800924752484,0.005110981929956959,0.37504072056458243,0,0,0.0025554909649784796,0.18752036028229122,0,0,0,0
P07,V7_video1_normal,normal,746,24.864702474986835,1,0.311511996049473,0.30738725013217694,0.315636741966769,0.15871104348924273,0.15521064301552107,1.0,0.0015523244323980556,0.025736241065880683,0.01364428274913937,0.14174026977495877,0,0,0.006822141374569685,0.07087013488747938,0,0,0,0
P07,V7_video1_normal,normal,747,24.89803317535545,1,0.3080280415601857,0.30710039412636375,0.30895568899400766,0.15996008539859252,0.15521064301552107,1.0,0.00046814619479684794,0.011268336403603807,0.0058682412992003274,0.0793344682615818,0,0,0.0029341206496001637,0.0396672341307909,0,0,0,0
P07,V7_video1_normal,normal,748,24.931363875724067,1,0.30905847720402374,0.3083532485612102,0.30976370584683727,0.1604324185577192,0.15521064301552107,1.0,0.0007081516711734404,0.026026044976565688,0.013367098323869564,0.24936913597494692,0,0,0.006683549161934782,0.12468456798747346,0,0,0,0
P07,V7_video1_normal,normal,749,24.96469457609268,1,0.30798895812944527,0.3075260601358026,0.308451856123088,0.160958139442687,0.15521064301552107,1.0,0.0042681614316221195,0.016788944991814714,0.010528553211718417,0.1803771582575579,0,0,0.005264276605859208,0.09018857912877895,0,0,0,0
P07,V7_video1_normal,normal,750,24.998025276461295,1,0.3121619387791178,0.30771282097601066,0.31661105658222494,0.16081599090589768,0.15521064301552107,1.0,0.010451820720549732,0.014359189713118226,0.012405505216833979,0.3398573585283231,0,0,0.006202752608416989,0.16992867926416155,0,0,0,0
P07,V7_video1_normal,normal,751,25.03135597682991,1,0.3131082273576931,0.30963194183931786,0.31658451287606837,0.1607567997278402,0.15521064301552107,1.0,0.00478488122570353,0.020749773729985765,0.012767327477844648,0.11433831922188865,0,0,0.006383663738922324,0.05716915961094433,0,0,0,0
P07,V7_video1_normal,normal,752,25.064686677198527,1,0.312445336116261,0.30804449512625076,0.31684617710627133,0.16059059576916274,0.15521064301552107,1.0,0.006014672287526945,0.0077168212370944955,0.0068657467623107205,0.15410416035183838,0,0,0.0034328733811553602,0.07705208017591919,0,0,0,0
P07,V7_video1_normal,normal,753,25.09801737756714,1,0.3125825822571473,0.30951169310539495,0.31565347140889966,0.16065210686101367,0.15521064301552107,1.0,0.006918568680028603,0.037435998437968854,0.02217728355899873,0.10880577100524795,0,0,0.011088641779499364,0.054402885502623975,0,0,0,0
P07,V7_video1_normal,normal,754,25.131348077935755,1,0.3086683777709638,0.3048934517133312,0.3124433038285963,0.16093041091014876,0.15521064301552107,1.0,0.012845619562388388,0.04652499650552955,0.029685308033958968,0.11047394194631664,0,0,0.014842654016979484,0.05523697097315832,0,0,0,0
P07,V7_video1_normal,normal,755,25.16467877830437,1,0.3117626481271558,0.3076496241121944,0.3158756721421172,0.16099109400133133,0.15521064301552107,1.0,0.02010381889473012,0.006312868891144796,0.013208343892937457,0.04516878276890594,0,0,0.006604171946468729,0.02258439138445297,0,0,0,0
P07,V7_video1_normal,normal,756,25.198009478672986,1,0.3102902776294356,0.3077570125553413,0.31282354270352997,0.16094262355892236,0.15521064301552107,1.0,0.060420788486553856,0.011103305871556057,0.03576204717905496,0.15407000728732329,0,0,0.01788102358952748,0.07703500364366164,0,0,0,0
P07,V7_video1_normal,normal,757,25.231340179041602,1,0.3099880113366229,0.3057286417340505,0.3142473809391953,0.1609606209037468,0.15521064301552107,1.0,0.12377822076237277,0.017399591966204886,0.07058890636428883,0.04690134704376325,0,0,0.035294453182144414,0.023450673521881626,0,0,0,0
P07,V7_video1_normal,normal,758,25.264670879410215,1,0.31245296687658364,0.30733185869430363,0.3175740750588636,0.16072641375308153,0.15521064301552107,1.0,0.03531018015914811,0.01493984196093312,0.025125011060040614,0.02604506489879769,0,0,0.012562505530020307,0.013022532449398844,0,0,0,0
P07,V7_video1_normal,normal,759,25.29800157977883,1,0.3108608687784222,0.30654535513982817,0.3151763824170162,0.16026151598787813,0.15521064301552107,1.0,0.05810143448705496,0.01339101587698488,0.03574622518201992,0.0988674545601029,0,0,0.01787311259100996,0.04943372728005145,0,0,0,0
P07,V7_video1_normal,normal,760,25.331332280147446,1,0.30927755985409194,0.3045820905782786,0.31397302912990527,0.16025136688030797,0.15521064301552107,1.0,0.018302424837850495,0.01779783647121158,0.018050130654531038,0.10050771088252708,0,0,0.009025065327265519,0.05025385544126354,0,0,0,0
P07,V7_video1_normal,normal,761,25.364662980516062,1,0.3095556748491548,0.3056700154895112,0.3134413342087984,0.16015006649872288,0.15521064301552107,1.0,0.0495788098605886,0.008447567846049386,0.029013188853318994,0.24272539306185292,0,0,0.014506594426659497,0.12136269653092646,0,0,0,0
P07,V7_video1_normal,normal,762,25.397993680884674,1,0.30900991350904466,0.3046780253782171,0.31334180163987224,0.1600606450035192,0.15521064301552107,1.0,0.02165019611278063,0.027988003811202145,0.024819099961991387,0.16322310583913638,0,0,0.012409549980995693,0.08161155291956819,0,0,0,0
P07,V7_video1_normal,normal,763,25.43132438125329,1,0.30994063895481005,0.30497932491158747,0.31490195299803264,0.1601540312904112,0.15521064301552107,1.0,0.019865495440233083,0.011206781262805166,0.015536138351519124,0.04977710223994739,0,0,0.007768069175759562,0.024888551119973696,0,0,0,0
P07,V7_video1_normal,normal,764,25.464655081621906,1,0.3107745069936183,0.306402560387699,0.31514645359953763,0.16004910556519394,0.15521064301552107,1.0,0.028674933478714748,0.009568789978358416,0.019121861728536582,0.04092859143381351,0,0,0.009560930864268291,0.020464295716906757,0,0,0,0
P07,V7_video1_normal,normal,765,25.497985781990522,1,0.3092606142060401,0.304682994272581,0.3138382341394993,0.15996440647991161,0.15521064301552107,1.0,0.025365593446534107,0.005271345713746878,0.015318469580140492,0.0396010728747167,0,0,0.007659234790070246,0.01980053643735835,0,0,0,0
P07,V7_video1_normal,normal,766,25.531316482359138,1,0.3120997077126666,0.3079162373115366,0.3162831781137965,0.16010369733713947,0.15521064301552107,1.0,0.027029609074745164,0.004759900615489254,0.01589475484511721,0.11407797310393727,0,0,0.007947377422558605,0.05703898655196864,0,0,0,0
P07,V7_video1_normal,normal,767,25.56464718272775,1,0.31033546352012775,0.3063117789313512,0.3143591481089043,0.16022378240856397,0.15521064301552107,1.0,0.0499019744999919,0.007009614451571888,0.028455794475781893,0.11931771840624332,0,0,0.014227897237890946,0.05965885920312166,0,0,0,0
P07,V7_video1_normal,normal,768,25.597977883096366,1,0.31105940328623505,0.30647098578669063,0.31564782078577946,0.16010708489369369,0.15521064301552107,1.0,0.006147197964542661,0.0039377013632508895,0.005042449663896775,0.08905891936019368,0,0,0.0025212248319483876,0.04452945968009684,0,0,0,0
P07,V7_video1_normal,normal,769,25.631308583464982,1,0.3092181887203381,0.30514874837936035,0.31328762906131585,0.16032578342774745,0.15521064301552107,1.0,0.13764486336894866,0.008405856194801387,0.07302535978187502,0.2505112155932636,0,0,0.03651267989093751,0.1252556077966318,0,0,0,0
P07,V7_video1_normal,normal,770,25.664639283833598,1,0.3097648172683287,0.3055381379438025,0.31399149659285486,0.16029787080255256,0.15521064301552107,1.0,0.15254779458671675,0.015730427085967724,0.08413911083634223,0.0869705426567029,0,0,0.04206955541817112,0.04348527132835145,0,0,0,0
P07,V7_video1_normal,normal,771,25.69796998420221,1,0.31082085417816674,0.3073208189304914,0.3143208894258421,0.16014495244928767,0.15521064301552107,1.0,0.08930068399234437,0.006832100290126264,0.048066392141235315,0.15721830853832328,0,0,0.024033196070617657,0.07860915426916164,0,0,0,0
P07,V7_video1_normal,normal,772,25.731300684570826,1,0.30708293212056714,0.3031388058723468,0.31102705836878747,0.16042357454142217,0.15521064301552107,1.0,0.18005644697146306,0.011441258861404235,0.09574885291643365,0.09269776413615459,0,0,0.04787442645821682,0.046348882068077295,0,0,0,0
P07,V7_video1_normal,normal,773,25.76463138493944,1,0.31091109725378074,0.3084377694245074,0.31338442508305403,0.16009780030529985,0.15521064301552107,1.0,0.016607158300811165,0.006455765671156799,0.011531461985983982,0.06397191556460927,0,0,0.005765730992991991,0.03198595778230463,0,0,0,0
P07,V7_video1_normal,normal,774,25.797962085308058,1,0.31118178048730627,0.308566671338038,0.3137968896365745,0.16011111582094978,0.15521064301552107,1.0,0.011657163249114477,0.004285374806795916,0.007971269027955197,0.05070990953363808,0,0,0.003985634513977598,0.02535495476681904,0,0,0,0
P07,V7_video1_normal,normal,775,25.831292785676673,1,0.3122432390195651,0.30793252081341094,0.31655395722571916,0.15999686444330588,0.15521064301552107,1.0,0.009559936611632347,0.021233791275780955,0.015396863943706651,0.023048642558925723,0,0,0.007698431971853326,0.011524321279462861,0,0,0,0
P07,V7_video1_normal,normal,776,25.864623486045286,1,0.3093474781549071,0.30523106265412414,0.31346389365569005,0.15991638593950966,0.15521064301552107,1.0,0.013441868596150264,0.007241822236900397,0.01034184541652533,0.06785616284357356,0,0,0.005170922708262665,0.03392808142178678,0,0,0,0
P07,V7_video1_normal,normal,777,25.8979541864139,1,0.3094380060091544,0.3059982463320773,0.3128777656862315,0.1600360533457197,0.15521064301552107,1.0,0.017922765884643588,0.022112072259817928,0.020017419072230758,0.039837252597388254,0,0,0.010008709536115379,0.019918626298694127,0,0,0,0
P07,V7_video1_normal,normal,778,25.931284886782517,1,0.30697573322700483,0.30262548462988936,0.3113259818241203,0.15971737787308068,0.15521064301552107,1.0,0.008607674578511415,0.02787032745173712,0.018239001015124268,0.06426362887409331,0,0,0.009119500507562134,0.03213181443704666,0,0,0,0
P07,V7_video1_normal,normal,779,25.964615587151133,1,0.30733830600571077,0.30463641605783903,0.3100401959535825,0.15984570074476895,0.15521064301552107,1.0,0.003290005559740794,0.015589178440659879,0.009439592000200336,0.17128386187853706,0,0,0.004719796000100168,0.08564193093926853,0,0,0,0
P07,V7_video1_normal,normal,780,25.997946287519746,1,0.30496839001295456,0.3007270865332314,0.30920969349267774,0.15978878907134847,0.15521064301552107,1.0,0.023651453037199177,0.044756932075164735,0.034204192556181956,0.14864933721929585,0,0,0.017102096278090978,0.07432466860964793,0,0,0,0
P07,V7_video1_normal,normal,781,26.03127698788836,1,0.309082244417369,0.3033750663596905,0.31478942247504743,0.1596674564971764,0.15521064301552107,1.0,0.03175122590949542,0.010652159067231826,0.02120169248836362,0.1425264568129923,0,0,0.01060084624418181,0.07126322840649615,0,0,0,0
P07,V7_video1_normal,normal,782,26.064607688256977,1,0.309707832542793,0.3036115009916108,0.3158041640939752,0.15965801478081557,0.15521064301552107,1.0,0.2720444519821803,0.006469059152487633,0.13925675556733397,0.10919966851098847,0,0,0.06962837778366698,0.05459983425549424,0,0,0,0
P07,V7_video1_normal,normal,783,26.097938388625593,1,0.3097215531251363,0.30331506052013946,0.31612804573013314,0.1598036231071299,0.15521064301552107,1.0,0.2869273996346361,0.004816106556874367,0.14587175309575523,0.11609506577939648,0,0,0.07293587654787761,0.05804753288969824,0,0,0,0
P07,V7_video1_normal,normal,784,26.13126908899421,1,0.30620091154564044,0.30156338680072226,0.3108384362905587,0.15998977524008998,0.15521064301552107,1.0,0.15297689965880035,0.016740786248746864,0.0848588429537736,0.20666062794182896,0,0,0.0424294214768868,0.10333031397091448,0,0,0,0
P07,V7_video1_normal,normal,785,26.16459978936282,1,0.30417164933553686,0.300049130381437,0.30829416828963674,0.15995698480431456,0.15521064301552107,1.0,0.20549060664008745,0.005298867986353484,0.10539473731322047,0.11354551074271144,0,0,0.05269736865661023,0.05677275537135572,0,0,0,0
P07,V7_video1_normal,normal,786,26.197930489731437,1,0.3018208324174457,0.29917885386707244,0.3044628109678189,0.15999550047669242,0.15521064301552107,1.0,0.02442261287945169,0.008017210341294323,0.016219911610373006,0.09423254939658207,0,0,0.008109955805186503,0.047116274698291036,0,0,0,0
P07,V7_video1_normal,normal,787,26.231261190100053,1,0.29615473839180484,0.29250839874375845,0.2998010780398512,0.16025158765812586,0.15521064301552107,1.0,0.029152396085624033,0.013079442298939536,0.021115919192281785,0.11238306359988126,0,0,0.010557959596140892,0.05619153179994063,0,0,0,0
P07,V7_video1_normal,normal,788,26.26459189046867,1,0.2957233092010828,0.29212147997744464,0.29932513842472097,0.1605984527049829,0.15521064301552107,1.0,0.04974893974135175,0.0337832406444335,0.041766090192892624,0.18363440074484877,0,0,0.020883045096446312,0.09181720037242438,0,0,0,0
P07,V7_video1_normal,normal,789,26.29792259083728,1,0.29432788520880815,0.2907132724975056,0.29794249792011074,0.16051527486619327,0.15521064301552107,1.0,0.025989288920418185,0.01538088853869568,0.020685088729556933,0.14950400234042857,0,0,0.010342544364778467,0.07475200117021429,0,0,0,0
P07,V7_video1_normal,normal,790,26.331253291205897,1,0.29451523469107344,0.2913205770047449,0.2977098923774019,0.16051596040305363,0.15521064301552107,1.0,0.013715119309825496,0.019421568378143905,0.0165683438439847,0.22462326773637098,0,0,0.00828417192199235,0.11231163386818549,0,0,0,0
P07,V7_video1_normal,normal,791,26.364583991574513,1,0.2961810556956774,0.29211025184001854,0.3002518595513362,0.16052439126016382,0.15521064301552107,1.0,0.011036774974554131,0.03689522056031003,0.02396599776743208,0.10145602466776087,0,0,0.01198299888371604,0.05072801233388043,0,0,0,0
P07,V7_video1_normal,normal,792,26.39791469194313,1,0.2947319255553724,0.29085418657778356,0.29860966453296134,0.1601172314911361,0.15521064301552107,1.0,0.01457818700800928,0.0047242666996647475,0.009651226853837014,0.2746846665391572,0,0,0.004825613426918507,0.1373423332695786,0,0,0,0
P07,V7_video1_normal,normal,793,26.431245392311745,1,0.3140516857967002,0.3072124325262812,0.3208909390671192,0.16130642478840007,0.15521064301552107,1.0,0.05692132706556263,0.0007652193802392127,0.028843273222900923,0.11335645162299096,0,0,0.014421636611450461,0.05667822581149548,0,0,0,0
P07,V7_video1_normal,normal,794,26.464576092680357,1,0.31431488666382984,0.30772935752397446,0.3209004158036852,0.16159489504052701,0.15521064301552107,1.0,0.017077151828803427,0.003115186184762253,0.01009616900678284,0.14531466590455538,0,0,0.00504808450339142,0.07265733295227769,0,0,0,0
P07,V7_video1_normal,normal,795,26.497906793048973,1,0.3170608930438716,0.3094032060836322,0.32471858000411097,0.16138777426476494,0.15521064301552107,1.0,0.028533324543972616,0.007274917141733117,0.017904120842852866,0.04938736636044179,0,0,0.008952060421426433,0.024693683180220895,0,0,0,0
P07,V7_video1_normal,normal,796,26.53123749341759,1,0.31606655351994223,0.308021539123589,0.3241115679162955,0.16147317799146957,0.15521064301552107,1.0,0.04118910581802182,0.004156833979015451,0.022672969898518636,0.0538650008892109,0,0,0.011336484949259318,0.02693250044460545,0,0,0,0
P07,V7_video1_normal,normal,797,26.564568193786204,1,0.3152869441489332,0.30904713000250195,0.3215267582953645,0.16135785829030094,0.15521064301552107,1.0,0.022416609265075826,0.0055867424753272,0.014001675870201513,0.11775230403121742,0,0,0.007000837935100757,0.05887615201560871,0,0,0,0
P07,V7_video1_normal,normal,798,26.597898894154817,1,0.30508359294634463,0.30031253760245846,0.3098546482902308,0.1617432350651367,0.15521064301552107,1.0,0.02436251620814245,0.0030409214899949077,0.013701718849068678,0.1682380492724637,0,0,0.006850859424534339,0.08411902463623185,0,0,0,0
P07,V7_video1_normal,normal,799,26.631229594523433,1,0.2992448340455165,0.2958139071064783,0.30267576098455473,0.16171662080362395,0.15521064301552107,1.0,0.09133418769253376,0.010174137088212132,0.05075416239037295,0.08199058967429633,0,0,0.025377081195186474,0.040995294837148165,0,0,0,0
P07,V7_video1_normal,normal,800,26.66456029489205,1,0.29905197126094063,0.294740593927133,0.3033633485947483,0.161089357969296,0.15521064301552107,1.0,0.03209495881986668,0.04366672086155032,0.0378808398407085,0.19395422645358082,0,0,0.01894041992035425,0.09697711322679041,0,0,0,0
P07,V7_video1_normal,normal,801,26.697890995260664,1,0.30190613168776775,0.2969794076601102,0.3068328557154253,0.1609510005444473,0.15521064301552107,1.0,0.03383881243775522,0.016415207722722203,0.02512701008023871,0.11975321568975603,0,0,0.012563505040119355,0.05987660784487801,0,0,0,0
P07,V7_video1_normal,normal,802,26.73122169562928,1,0.3052231113968944,0.3008191914624323,0.3096270313313565,0.1610533810441312,0.15521064301552107,1.0,0.030775271938646265,0.02328183763626368,0.027028554787454973,0.12275193698759686,0,0,0.013514277393727486,0.06137596849379843,0,0,0,0
P07,V7_video1_normal,normal,803,26.764552395997892,1,0.30559814065810953,0.3005536469730995,0.31064263434311956,0.1606000534736618,0.15521064301552107,1.0,0.04671946861120935,0.011570794780278226,0.029145131695743787,0.32024916999815495,0,0,0.014572565847871893,0.16012458499907747,0,0,0,0
P07,V7_video1_normal,normal,804,26.79788309636651,1,0.3087406290502534,0.3024316162387535,0.3150496418617533,0.1601337582654595,0.15521064301552107,1.0,0.03636103203895402,0.005361386087524345,0.020861209063239183,0.50860321540666,0,0,0.010430604531619592,0.25430160770333,0,0,0,0
P07,V7_video1_normal,normal,805,26.831213796735124,1,0.31450071115299494,0.308314997414462,0.3206864248915278,0.15985676588857436,0.15521064301552107,1.0,0.03497594513356006,0.011227666691067117,0.02310180591231359,0.3594612634537391,0,0,0.011550902956156794,0.17973063172686954,0,0,0,0
P07,V7_video1_normal,normal,806,26.86454449710374,1,0.3124966364349132,0.30759518116578427,0.3173980917040421,0.1591050347519229,0.15521064301552107,1.0,0.023506420380392745,0.002615610262992063,0.013061015321692404,0.2634021509742664,0,0,0.006530507660846202,0.1317010754871332,0,0,0,0
P07,V7_video1_normal,normal,807,26.897875197472352,1,0.3114727925028453,0.30461912695302173,0.3183264580526689,0.15924144575537283,0.15521064301552107,1.0,0.022372799989965886,0.0028037212354299346,0.01258826061269791,0.05830027244759149,0,0,0.006294130306348955,0.029150136223795746,0,0,0,0
P07,V7_video1_normal,normal,808,26.931205897840968,1,0.3150645209548134,0.3065565297059712,0.32357251220365557,0.1590479740897842,0.15521064301552107,1.0,0.011370914277138766,0.018105908614809985,0.014738411445974375,0.14568820903558968,0,0,0.007369205722987188,0.07284410451779484,0,0,0,0
P07,V7_video1_normal,normal,809,26.964536598209584,1,0.31081318955768256,0.3019774454080117,0.3196489337073534,0.15963258893454998,0.15521064301552107,1.0,0.043394026108144135,0.020891861574922954,0.032142943841533544,0.08621079154199418,0,0,0.016071471920766772,0.04310539577099709,0,0,0,0
P07,V7_video1_normal,normal,810,26.9978672985782,1,0.31458932301871023,0.30413295868458307,0.32504568735283734,0.16009626535051333,0.15521064301552107,1.0,0.08588809725856106,0.05889254826238344,0.07239032276047225,0.08258009401025328,0,0,0.036195161380236124,0.04129004700512664,0,0,0,0
P07,V7_video1_normal,normal,811,27.031197998946816,1,0.32214033826343724,0.31205245295223105,0.3322282235746435,0.15990091703767892,0.15521064301552107,1.0,0.013413518592240936,0.02351793206864572,0.018465725330443328,0.04720272548091654,0,0,0.009232862665221664,0.02360136274045827,0,0,0,0
P07,V7_video1_normal,normal,812,27.064528699315428,1,0.3111897230717812,0.3064557768647485,0.31592366927881393,0.15983236926482275,0.15521064301552107,1.0,0.0182851521012809,0.009357525653531651,0.013821338877406275,0.054961570022429136,0,0,0.0069106694387031375,0.027480785011214568,0,0,0,0
P07,V7_video1_normal,normal,813,27.097859399684044,1,0.3129141900837663,0.3082043160962738,0.31762406407125876,0.15988931095368536,0.15521064301552107,1.0,0.02281084538397038,0.00354917183283443,0.013180008608402405,0.04585414112876358,0,0,0.006590004304201202,0.02292707056438179,0,0,0,0
P07,V7_video1_normal,normal,814,27.13119010005266,1,0.31569502869875665,0.31213259314595887,0.3192574642515545,0.16016554944634387,0.15521064301552107,1.0,0.010212384341702574,0.006351052269530033,0.008281718305616304,0.12504435652164533,0,0,0.004140859152808152,0.06252217826082267,0,0,0,0
P07,V7_video1_normal,normal,815,27.164520800421275,1,0.31461022263502736,0.31132262770689384,0.3178978175631608,0.15987413876011528,0.15521064301552107,1.0,0.004930020866761975,0.001964359463157095,0.003447190164959535,0.20457271763770618,0,0,0.0017235950824797674,0.10228635881885309,0,0,0,0
P07,V7_video1_normal,normal,816,27.197851500789888,1,0.31070666780488965,0.3075868358655934,0.31382649974418586,0.1603309996829355,0.15521064301552107,1.0,0.006481430957975043,0.0019423862355699706,0.004211908596772507,0.28839250254427634,0,0,0.0021059542983862534,0.14419625127213817,0,0,0,0
P07,V7_video1_normal,normal,817,27.231182201158504,1,0.3103163919948613,0.30775132259792776,0.31288146139179474,0.16050316447569368,0.15521064301552107,1.0,0.006481430957975043,0.0020076260381394206,0.004244528498057232,0.2083744013697049,0,0,0.002122264249028616,0.10418720068485245,0,0,0,0
P07,V7_video1_normal,normal,818,27.26451290152712,1,0.3132424584392168,0.30937693370489444,0.3171079831735391,0.1612312185599543,0.15521064301552107,1.0,0.018717274224615554,0.011193241377858598,0.014955257801237076,0.21294410200399008,0,0,0.007477628900618538,0.10647205100199504,0,0,0,0
P07,V7_video1_normal,normal,819,27.297843601895735,1,0.31690766894782085,0.31136410211025534,0.3224512357853863,0.16089074291953018,0.15521064301552107,1.0,0.058488115190037715,0.010662173998151836,0.034575144594094775,0.1600248722417244,0,0,0.017287572297047388,0.0800124361208622,0,0,0,0
P07,V7_video1_normal,normal,820,27.33117430226435,1,0.31132877198836706,0.3070746711925211,0.31558287278421304,0.16084332135963814,0.15521064301552107,1.0,0.012830662863125952,0.007955052830438847,0.0103928578467824,0.035665608911486464,0,0,0.0051964289233912,0.017832804455743232,0,0,0,0
P07,V7_video1_normal,normal,821,27.364505002632963,1,0.30118780220172414,0.2969223442314711,0.3054532601719772,0.15984693041748246,0.15521064301552107,1.0,0.025354043323496667,0.006955428145731801,0.016154735734614234,0.221003240595796,0,0,0.008077367867307117,0.110501620297898,0,0,0,0
P07,V7_video1_normal,normal,822,27.39783570300158,1,0.22816189220957653,0.22667804379096249,0.22964574062819057,0.16014320106216157,0.15521064301552107,1.0,0.02362159818046261,0.07767349118464717,0.05064754468255489,0.24433179345641337,0,0,0.025323772341277445,0.12216589672820669,0,0,0,0
P07,V7_video1_normal,normal,823,27.431166403370195,1,0.12320169395519022,0.118461552627876,0.12794183528250444,0.16076360881734747,0.1574279379157428,1.0,0.17466312741513257,0.31444839379856526,0.24455576060684892,0.1347644632792738,1,0,0.6222778803034245,0.0673822316396369,1,0,1,0
P07,V7_video1_normal,normal,824,27.46449710373881,1,0.10382160747870435,0.10956698446516099,0.09807623049224772,0.16179130080364673,0.15964523281596452,1.0,0.16161903252383547,0.1456945594566903,0.15365679599026288,0.0952072466423324,1,0,0.5768283979951314,0.0476036233211662,1,0,0,0
P07,V7_video1_normal,normal,825,27.497827804107423,1,0.04850515322273094,0.06114911623889721,0.03586119020656466,0.16201505105511935,0.16186252771618626,1.0,0.15217865152975318,0.21198340275171945,0.18208102714073632,0.06504798447221719,1,0,0.5910405135703681,0.03252399223610859,1,0,1,0
P07,V7_video1_normal,normal,826,27.53115850447604,1,0.04646485235752673,0.053682512300723836,0.03924719241432963,0.161088517336101,0.164079822616408,1.0,0.1637565288388092,0.09730127801528465,0.13052890342704693,0.06313200732443591,1,0,0.5652644517135235,0.031566003662217956,1,0,0,0
P07,V7_video1_normal,normal,827,27.564489204844655,1,0.04547818102720906,0.05213240561109145,0.038823956443326674,0.1609918170461764,0.1662971175166297,1.0,0.16947948005117652,0.22399365309384023,0.19673656657250838,0.07941617935540363,1,0,0.5983682832862542,0.03970808967770181,1,0,1,0
P07,V7_video1_normal,normal,828,27.59781990521327,1,0.03957149974803164,0.05031616099572858,0.028826838500334698,0.16184798956515906,0.16851441241685144,1.0,0.11445957541484897,0.1793558177581115,0.14690769658648023,0.0672367496468876,1,0,0.5734538482932401,0.0336183748234438,1,0,0,0
P07,V7_video1_normal,normal,829,27.631150605581887,1,0.03839697043841922,0.053552496924411754,0.023241443952426687,0.16207729246262034,0.17073170731707318,1.0,0.1543742308314512,0.25079461349159904,0.2025844221615251,0.17002678904902546,1,0,0.6012922110807626,0.08501339452451273,1,0,1,0
P07,V7_video1_normal,normal,830,27.6644813059505,1,0.030816516408537303,0.047982435998244345,0.013650596818830261,0.16244752692605838,0.1729490022172949,1.0,0.1740577995995316,0.22797290843568074,0.20101535401760617,0.11610421630171544,1,1,0.6005076770088031,0.5580521081508577,1,1,1,0
P07,V7_video1_normal,normal,831,27.697812006319115,1,0.0306046547684769,0.05082001291819005,0.01038929661876375,0.16225470656759733,0.17516629711751663,1.0,0.1401241681605705,0.4837249141916826,0.31192454117612656,0.2373983569880487,1,0,0.6559622705880632,0.11869917849402435,1,0,1,0
P07,V7_video1_normal,normal,832,27.73114270668773,1,0.028191866674665597,0.04880339156578989,0.007580341783541306,0.16195366052122373,0.17738359201773837,1.0,0.2825762891475012,0.3737141493619921,0.32814521925474666,0.07400907902598365,1,0,0.6640726096273734,0.037004539512991826,1,0,1,0
P07,V7_video1_normal,normal,833,27.764473407056347,1,0.023696211378315613,0.039426435962803215,0.00796598679382801,0.1623584611417888,0.17960088691796008,1.0,0.14360964376683483,0.4594857638837637,0.3015477038252993,0.21922868736085357,1,0,0.6507738519126496,0.10961434368042679,1,0,1,0
P07,V7_video1_normal,normal,834,27.79780410742496,1,0.019832148112912854,0.03231977276402395,0.007344523461801757,0.1622954661938312,0.18181818181818182,1.0,0.07744626836335444,0.2598845159663097,0.16866539216483206,0.23691621433092647,1,0,0.584332696082416,0.11845810716546323,1,0,1,0
P07,V7_video1_normal,normal,835,27.831134807793575,1,0.020467975401457787,0.032590248115360515,0.00834570268755506,0.16194635231378005,0.18403547671840353,1.0,0.14329795294594294,0.25595303621272547,0.1996254945793342,0.29904586453986404,1,0,0.599812747289667,0.14952293226993202,1,0,1,0
P07,V7_video1_normal,normal,836,27.86446550816219,1,0.024745801845003818,0.03744368633225525,0.012047917357752388,0.1620452236618503,0.18625277161862527,1.0,0.1413802098558642,0.41404349323491185,0.277711851545388,0.16081725869154487,1,0,0.638855925772694,0.08040862934577243,1,0,1,0
P07,V7_video1_normal,normal,837,27.897796208530806,1,0.029898022700433888,0.035663969283207024,0.024132076117660755,0.16173927220112536,0.188470066518847,1.0,0.1964879809522918,0.45450794288811514,0.32549796192020347,0.32323441528193575,1,0,0.6627489809601017,0.16161720764096787,1,0,1,0
P07,V7_video1_normal,normal,838,27.931126908899422,1,0.02027200249446897,0.02106036731385813,0.019483637675079806,0.161584482342703,0.19068736141906872,1.0,0.12600811489932662,0.33498462841272336,0.230496371656025,0.40341763362412486,1,0,0.6152481858280126,0.20170881681206243,1,0,1,0
P07,V7_video1_normal,normal,839,27.964457609268035,1,0.01946568988767508,0.021797975304125538,0.017133404471224623,0.16137748890973705,0.19290465631929046,1.0,0.10380767860840034,0.27916393078518253,0.19148580469679144,0.2586726874866334,1,0,0.5957429023483958,0.1293363437433167,1,0,1,0
P07,V7_video1_normal,normal,840,27.99778830963665,1,0.020186387360044543,0.027345692905318783,0.013027081814770303,0.16240081665766745,0.1951219512195122,1.0,0.09375871971548833,0.1949844084180694,0.14437156406677887,0.09017908613854947,1,1,0.5721857820333894,0.5450895430692747,1,1,0,0
P07,V7_video1_normal,normal,841,28.031119010005266,1,0.021766079842650266,0.030837718389538134,0.0126944412957624,0.16248458093955165,0.1973392461197339,1.0,0.32896064315529894,0.5225306877417353,0.4257456654485171,0.09017908613854947,1,1,0.7128728327242586,0.5450895430692747,1,1,1,0
P07,V7_video1_normal,normal,842,28.064449710373882,1,0.022370290839180983,0.028523553776898296,0.016217027901463673,0.16245516318352346,0.19955654101995565,1.0,0.20362309890966457,0.2577753171762628,0.23069920804296368,0.39625162985330126,1,1,0.6153496040214819,0.6981258149266506,1,1,1,1
P07,V7_video1_normal,normal,843,28.097780410742494,1,0.02404627657571875,0.029624393273171366,0.018468159878266135,0.16259528711811314,0.2017738359201774,1.0,0.20795812400344849,0.22409026929688103,0.21602419665016476,0.09185629614549579,1,1,0.6080120983250824,0.5459281480727479,1,1,1,0
P07,V7_video1_normal,normal,844,28.13111111111111,1,0.019367332404419766,0.025533623037459777,0.013201041771379754,0.16275031009078866,0.2039911308203991,1.0,0.18213449159415118,0.17643215867545847,0.17928332513480483,0.17542289118679721,1,1,0.5896416625674024,0.5877114455933986,1,1,1,1
P07,V7_video1_normal,normal,845,28.164441811479726,1,0.022736682327253812,0.03005109307153053,0.015422271582977097,0.16189351313235134,0.20620842572062084,1.0,0.1547368442778021,0.14165813691841433,0.14819749059810822,0.03474064519074599,1,0,0.5740987452990541,0.017370322595372995,1,0,0,0
P07,V7_video1_normal,normal,846,28.197772511848342,1,0.021705809082986628,0.031292634781594324,0.012118983384378933,0.1622060203074585,0.20842572062084258,1.0,0.27400003359000535,0.20799052385536754,0.24099527872268645,0.24187954863343844,1,0,0.6204976393613433,0.12093977431671922,1,0,1,0
P07,V7_video1_normal,normal,847,28.231103212216958,1,0.02085568253057228,0.029178516950941064,0.012532848110203497,0.1623256181781121,0.2106430155210643,1.0,0.17786036955192386,0.16371875731242191,0.1707895634321729,0.05129829839141285,1,0,0.5853947817160865,0.025649149195706426,1,0,1,0
P07,V7_video1_normal,normal,848,28.26443391258557,1,0.02771065801053056,0.037484110812465596,0.01793720520859553,0.16228837821748715,0.21286031042128603,1.0,0.17828745908349397,0.28070675870006556,0.22949710889177977,0.08898809398870026,1,0,0.6147485544458899,0.04449404699435013,1,0,1,0
P07,V7_video1_normal,normal,849,28.297764612954186,1,0.01765872200733222,0.025044130258515894,0.010273313756148547,0.1623179974650144,0.21507760532150777,1.0,0.0797918862438709,0.2003252669576393,0.1400585766007551,0.20255787387715068,1,0,0.5700292883003776,0.10127893693857534,1,0,0,0
P07,V7_video1_normal,normal,850,28.331095313322802,1,0.011906549430241598,0.01796354557837614,0.005849553282107058,0.1624752013953336,0.21729490022172948,1.0,0.057258519877659175,0.20029964036304415,0.12877908012035166,0.28208161318306463,1,1,0.5643895400601758,0.6410408065915323,1,1,0,1
P07,V7_video1_normal,normal,851,28.364426013691418,1,0.011664632699985474,0.017337672137596214,0.005991593262374732,0.16223999985670845,0.21951219512195122,1.0,0.16251506331887644,0.10448789706127681,0.13350148019007663,0.5171047955376052,1,0,0.5667507400950383,0.2585523977688026,1,0,0,0
P07,V7_video1_normal,normal,852,28.39775671406003,1,0.012567718341418201,0.019159494430855413,0.00597594225198099,0.1623298290558851,0.22172949002217296,1.0,0.3419763763597462,0.2519218216085237,0.29694909898413496,0.1359727624141225,1,0,0.6484745494920675,0.06798638120706126,1,0,1,0
P07,V7_video1_normal,normal,853,28.431087414428646,1,0.012953574649050583,0.019846114038313805,0.006061035259787361,0.16233075292190197,0.22394678492239467,1.0,0.16742348856461742,0.18709065255932555,0.17725707056197149,0.3361033578352809,1,0,0.5886285352809857,0.16805167891764045,1,0,1,0
P07,V7_video1_normal,normal,854,28.46441811479726,1,0.013314716232999813,0.020806928315608653,0.005822504150390974,0.16250028902624553,0.2261640798226164,1.0,0.36398449587161275,0.2672790426646726,0.3156317692681427,0.3174475100729333,1,1,0.6578158846340714,0.6587237550364666,1,1,1,1
P07,V7_video1_normal,normal,855,28.497748815165878,1,0.013732769494901395,0.018441249102134252,0.009024289887668537,0.16225221461848396,0.22838137472283815,1.0,0.12144631444471965,0.22661502825451108,0.17403067134961536,0.13509018391890246,1,0,0.5870153356748077,0.06754509195945123,1,0,1,0
P07,V7_video1_normal,normal,856,28.531079515534493,1,0.015210561150049193,0.020423280223213377,0.009997842076885009,0.16250286128046043,0.23059866962305986,1.0,0.26825807478164954,0.44893896835605385,0.3585985215688517,0.21334400243348728,1,1,0.6792992607844258,0.6066720012167437,1,1,1,1
P07,V7_video1_normal,normal,857,28.564410215903106,1,0.01361505272494734,0.01828687924886877,0.008943226201025913,0.16229446539041562,0.2328159645232816,1.0,0.12491471972069101,0.8411520595067189,0.48303338961370496,0.2347311027460307,1,0,0.7415166948068524,0.11736555137301535,1,0,1,0
P07,V7_video1_normal,normal,858,28.59774091627172,1,0.027789076797062176,0.03325585652592801,0.022322297068196342,0.16240334308535856,0.23503325942350334,1.0,0.17167377431768538,0.5043507982846827,0.338012286301184,0.1084524202041616,1,1,0.669006143150592,0.5542262101020808,1,1,1,0
P07,V7_video1_normal,normal,859,28.631071616640337,1,0.030276761498758083,0.036125053968222805,0.02442846902929336,0.16224075275911043,0.23725055432372505,1.0,0.17701472685542918,0.31807551451096905,0.24754512068319912,0.07325924462522815,1,0,0.6237725603415996,0.036629622312614074,1,0,1,0
P07,V7_video1_normal,normal,860,28.664402317008953,1,0.024895584186347672,0.029420596902152037,0.02037057147054331,0.16183530404817986,0.2394678492239468,1.0,0.2898508561655253,0.3518242536030868,0.32083755488430604,0.18341649271578936,1,0,0.660418777442153,0.09170824635789468,1,0,1,0
P07,V7_video1_normal,normal,861,28.697733017377566,1,0.02730085077231545,0.030998358166208342,0.023603343378422553,0.16175551689371645,0.24168514412416853,1.0,0.19125116372947182,0.48628180999810744,0.33876648686378963,0.13429671479688315,1,0,0.6693832434318948,0.06714835739844158,1,0,1,0
P07,V7_video1_normal,normal,862,28.73106371774618,1,0.03111455146324032,0.03361393111694367,0.02861517180953697,0.1611044164834607,0.24390243902439024,1.0,0.16823067620766352,0.2975092187271,0.23286994746738177,0.042960020886849366,1,0,0.6164349737336909,0.021480010443424683,1,0,1,0
P07,V7_video1_normal,normal,863,28.764394418114797,1,0.03098548642004214,0.030659986360126942,0.03131098647995734,0.161414397366931,0.24611973392461198,1.0,0.34143280465156745,0.5721568637071748,0.4567948341793711,0.06796803912945062,1,0,0.7283974170896855,0.03398401956472531,1,0,1,0
P07,V7_video1_normal,normal,864,28.797725118483413,1,0.02638576685185305,0.028125531707192262,0.024646001996513844,0.16156146909751107,0.24833702882483372,1.0,0.13526163813004555,0.6535502375833296,0.3944059378566876,0.2203774069599843,1,0,0.6972029689283438,0.11018870347999216,1,0,1,0
P07,V7_video1_normal,normal,865,28.83105581885203,1,0.02739698984526381,0.027259715231960645,0.027534264458566975,0.16139247708969626,0.25055432372505543,1.0,0.10571143631660374,0.4967423691361311,0.30122690272636743,0.08191220276636416,1,0,0.6506134513631837,0.04095610138318208,1,0,1,0
P07,V7_video1_normal,normal,866,28.86438651922064,1,0.0162853476035454,0.019989436529000305,0.012581258678090495,0.16183944860320246,0.25277161862527714,1.0,0.1380479256539181,0.28669423692362794,0.21237108128877302,0.14972207164850257,1,0,0.6061855406443866,0.07486103582425128,1,0,1,0
P07,V7_video1_normal,normal,867,28.897717219589257,1,0.013519108128563169,0.015473611862798763,0.011564604394327575,0.16226681922608152,0.2549889135254989,1.0,0.26957776843895265,0.49584949609523643,0.38271363226709454,0.12416168979282739,1,0,0.6913568161335473,0.062080844896413696,1,0,1,0
P07,V7_video1_normal,normal,868,28.931047919957873,1,0.014370350995953192,0.019933427350049184,0.008807274641857201,0.163061128452861,0.2572062084257206,1.0,0.36050762220345145,0.27653970419198026,0.31852366319771586,0.21114645531973808,1,1,0.6592618315988579,0.6055732276598691,1,1,1,1
P07,V7_video1_normal,normal,869,28.96437862032649,1,0.018980924221885374,0.022987879400736367,0.014973969043034382,0.16293740939524548,0.25942350332594233,1.0,0.12425892263462135,0.2706706902553693,0.1974648064449953,0.13177244718896305,1,1,0.5987324032224977,0.5658862235944815,1,1,1,0
P07,V7_video1_normal,normal,870,28.9977093206951,1,0.015063224112956141,0.016637326356299567,0.013489121869612717,0.16147716634591217,0.2616407982261641,1.0,0.19060831766188036,0.2678606441149457,0.22923448088841303,0.4355944737827188,1,0,0.6146172404442065,0.2177972368913594,1,0,1,0
P07,V7_video1_normal,normal,871,29.031040021063717,1,0.016915835593829833,0.02335719129957517,0.010474479888084497,0.16310237385624435,0.2638580931263858,1.0,0.195106962093056,0.21806667700274696,0.20658681954790148,0.4455706309675883,1,1,0.6032934097739507,0.7227853154837942,1,1,1,1
P07,V7_video1_normal,normal,872,29.064370721432333,1,0.0176946248726774,0.02122886467598128,0.01416038506937352,0.16308071434087434,0.2660753880266075,1.0,0.16135957914005572,0.18216800257531096,0.17176379085768334,0.4433540710807904,1,1,0.5858818954288416,0.7216770355403952,1,1,1,1
P07,V7_video1_normal,normal,873,29.09770142180095,1,0.016091227197626852,0.02102586000214198,0.011156594393111719,0.16282803067178908,0.2682926829268293,1.0,0.20430096863102842,0.1456491174587976,0.17497504304491301,0.23147624714674214,1,1,0.5874875215224565,0.6157381235733711,1,1,1,1
P07,V7_video1_normal,normal,874,29.131032122169565,1,0.016828720930468128,0.023248874334660042,0.010408567526276212,0.16278232523155448,0.270509977827051,1.0,0.3314675911247462,0.1559542123939952,0.2437109017593707,0.10989805788185221,1,1,0.6218554508796854,0.5549490289409261,1,1,1,0
P07,V7_video1_normal,normal,875,29.164362822538177,1,0.019380626753192205,0.02367411967702034,0.015087133829364068,0.16341096311796674,0.2727272727272727,1.0,0.34803760087982183,0.3676916071668327,0.35786460402332726,0.10750194460920545,1,1,0.6789323020116637,0.5537509723046027,1,1,1,0
P07,V7_video1_normal,normal,876,29.197693522906793,1,0.016213817669757595,0.02191003885760143,0.010517596481913756,0.1627116737293038,0.2749445676274945,1.0,0.14489423390654088,0.3383405807789561,0.2416174073427485,0.12427044240027996,1,1,0.6208087036713743,0.56213522120014,1,1,1,0
P07,V7_video1_normal,normal,877,29.23102422327541,1,0.018566963031023224,0.023493587153621553,0.013640338908424898,0.16375343572967582,0.2771618625277162,1.0,0.19523796509820013,0.23082785093692315,0.21303290801756164,0.18304266413745374,1,1,0.6065164540087808,0.5915213320687269,1,1,1,1
P07,V7_video1_normal,normal,878,29.264354923644024,1,0.015893246380600648,0.021175493280839695,0.010610999480361604,0.16233970952407262,0.2793791574279379,1.0,0.24910360350911387,0.3239006883359944,0.28650214592255413,0.26072134281568304,1,0,0.643251072961277,0.13036067140784152,1,0,1,0
P07,V7_video1_normal,normal,879,29.297685624012637,1,0.026293407025311025,0.029656246603775097,0.022930567446846954,0.16138910628880926,0.28159645232815966,1.0,0.12778498091516022,0.3121357358021384,0.2199603583586493,0.16852107266699803,1,0,0.6099801791793247,0.08426053633349902,1,0,1,0
P07,V7_video1_normal,normal,880,29.331016324381253,1,0.020003376715631592,0.023792976973289113,0.01621377645797407,0.16131736705470398,0.2838137472283814,1.0,0.08370890944762166,0.4066989782880186,0.24520394386782013,0.16065652513036033,1,0,0.6226019719339101,0.08032826256518016,1,0,1,0
P07,V7_video1_normal,normal,881,29.36434702474987,1,0.025683039754727424,0.027332190994779935,0.02403388851467491,0.16135720912099716,0.2860310421286031,1.0,0.11781751041234068,0.6199893580062862,0.36890343420931343,0.5356426200746391,1,0,0.6844517171046567,0.26782131003731957,1,0,1,0
P07,V7_video1_normal,normal,882,29.397677725118484,1,0.029120957370872044,0.03662775155817391,0.021614163183570175,0.16281711761559006,0.28824833702882485,1.0,0.10290974036691591,0.45922921450116716,0.28106947743404154,0.20702048003014895,1,1,0.6405347387170208,0.6035102400150745,1,1,1,1
P07,V7_video1_normal,normal,883,29.4310084254871,1,0.029458898296864502,0.03975898817525899,0.019158808418470015,0.16228920919530843,0.29046563192904656,1.0,0.18373535764955762,0.5079459712231835,0.34584066443637057,0.1918308603101494,1,0,0.6729203322181853,0.0959154301550747,1,0,1,0
P07,V7_video1_normal,normal,884,29.464339125855712,1,0.028032740898571523,0.03232016582939039,0.023745315967752662,0.16205291007643258,0.2926829268292683,1.0,0.18509040352938988,0.3383390062516112,0.2617147048905005,0.03023059624197862,1,0,0.6308573524452503,0.01511529812098931,1,0,1,0
P07,V7_video1_normal,normal,885,29.497669826224328,1,0.042779332014351384,0.05475330605172457,0.03080535797697819,0.16169973515649186,0.29490022172949004,1.0,0.15943098126274102,0.29831314731161884,0.22887206428717993,0.13525784556327058,1,0,0.61443603214359,0.06762892278163529,1,0,1,0
P07,V7_video1_normal,normal,886,29.531000526592944,1,0.04045650833401655,0.0409700581540949,0.0399429585139382,0.1616447612439929,0.29711751662971175,1.0,0.09947429305880273,0.5552156718905205,0.3273449824746616,0.23923509766472717,1,0,0.6636724912373309,0.11961754883236358,1,0,1,0
P07,V7_video1_normal,normal,887,29.56433122696156,1,0.03469035696686493,0.03580510919202579,0.03357560474170407,0.1616715254414809,0.29933481152993346,1.0,0.20770755351454961,0.24774425132493716,0.2277259024197434,0.13629298651528293,1,0,0.6138629512098717,0.06814649325764147,1,0,1,0
P07,V7_video1_normal,normal,888,29.597661927330172,1,0.039949435580770756,0.04066374537697645,0.03923512578456507,0.16163290886330348,0.30155210643015523,1.0,0.301904566448725,0.2408931190524063,0.27139884275056564,0.157838889180809,1,0,0.6356994213752828,0.0789194445904045,1,0,1,0
P07,V7_video1_normal,normal,889,29.630992627698788,1,0.04199235281150938,0.052922037833114215,0.031062667789904536,0.16157130750238707,0.30376940133037694,1.0,0.12626696097207413,0.6788656186027247,0.4025662897873994,0.21605502315983935,1,0,0.7012831448936997,0.10802751157991967,1,0,1,0
P07,V7_video1_normal,normal,890,29.664323328067404,1,0.040282847859714324,0.054426308777602427,0.026139386941826215,0.1615223916610215,0.30598669623059865,1.0,0.21830782866220688,0.6432075210922489,0.4307576748772279,0.06737053474675629,1,0,0.715378837438614,0.033685267373378146,1,0,1,0
P07,V7_video1_normal,normal,891,29.69765402843602,1,0.04497065907556214,0.055823373944101105,0.03411794420702318,0.16274146755802787,0.3082039911308204,1.0,0.22057849856948963,0.29729465036216607,0.25893657446582785,0.19096096100711057,1,1,0.6294682872329139,0.5954804805035553,1,1,1,1
P07,V7_video1_normal,normal,892,29.730984728804636,1,0.031209437628729776,0.03198074582664674,0.03043812943081281,0.1627406821404056,0.31042128603104213,1.0,0.21254532724239028,0.12543050656746613,0.1689879169049282,0.20324010965158315,1,1,0.5844939584524641,0.6016200548257916,1,1,1,1
P07,V7_video1_normal,normal,893,29.764315429173248,1,0.023991455989562458,0.028404904157161542,0.019578007821963374,0.16252071371852655,0.31263858093126384,1.0,0.2678106409104648,0.25370947919771303,0.2607600600540889,0.2606395527145739,1,1,0.6303800300270445,0.630319776357287,1,1,1,1
P07,V7_video1_normal,normal,894,29.797646129541864,1,0.025127340222695384,0.032412737650031026,0.017841942795359743,0.16310728385879464,0.3148558758314856,1.0,0.21049056738051175,0.19785120807440093,0.20417088772745634,0.4361761101393545,1,1,0.6020854438637282,0.7180880550696772,1,1,1,1
P07,V7_video1_normal,normal,895,29.83097682991048,1,0.025359798905103148,0.032749731587779427,0.01796986622242687,0.1632110338681425,0.3170731707317073,1.0,0.16424253470228367,0.42185409943810726,0.29304831707019546,0.404256777178667,1,1,0.6465241585350977,0.7021283885893335,1,1,1,1
P07,V7_video1_normal,normal,896,29.864307530279095,1,0.028785651060855497,0.036844963293661,0.020726338828049997,0.16354315449111193,0.31929046563192903,1.0,0.2991022163028698,0.4310785645370456,0.3650903904199577,0.4280037304854583,1,1,0.6825451952099788,0.7140018652427291,1,1,1,1
P07,V7_video1_normal,normal,897,29.897638230647708,1,0.030317748033922703,0.03830621585443912,0.02232928021340629,0.16351193311226356,0.3215077605321508,1.0,0.290188722078942,0.35747672239775574,0.32383272223834886,0.5056225336266174,1,1,0.6619163611191744,0.7528112668133087,1,1,1,1
P07,V7_video1_normal,normal,898,29.930968931016324,1,0.029771162743547942,0.04044740872599644,0.019094916761099447,0.1639620765790628,0.3237250554323725,1.0,0.11249265471232484,0.19176651690400626,0.15212958580816555,0.4479494586320311,1,1,0.5760647929040827,0.7239747293160156,1,1,0,1
P07,V7_video1_normal,normal,899,29.96429963138494,1,0.028985366955266063,0.03679951944278282,0.021171214467749305,0.16372166220244036,0.3259423503325942,1.0,0.18974115781616063,0.28683365275074313,0.23828740528345188,0.19240665375331895,1,1,0.6191437026417259,0.5962033268766594,1,1,1,1
P07,V7_video1_normal,normal,900,29.997630331753555,1,0.03061688636322954,0.03946911443710381,0.02176465828935527,0.1636335400654678,0.328159645232816,1.0,0.22791146096665738,0.22605342399305073,0.22698244247985405,0.3217086458594719,1,1,0.613491221239927,0.6608543229297359,1,1,1,1
P07,V7_video1_normal,normal,901,30.03096103212217,1,0.034263746114468155,0.04703816747325388,0.021489324755682437,0.16364349847416232,0.3303769401330377,1.0,0.17344989029699331,0.12823386197219322,0.15084187613459327,0.21987861714953932,1,1,0.5754209380672967,0.6099393085747696,1,1,0,1
P07,V7_video1_normal,normal,902,30.064291732490783,1,0.033066122170233754,0.04515004379994977,0.02098220054051774,0.1633691542531628,0.3325942350332594,1.0,0.08823420755261535,0.145722768190526,0.11697848787157067,0.38500020516606276,1,1,0.5584892439357854,0.6925001025830314,1,1,0,1
P07,V7_video1_normal,normal,903,30.0976224328594,1,0.02646438766391763,0.034133877617700696,0.018794897710134567,0.1634978668367949,0.3348115299334812,1.0,0.13468584943364348,0.10889131677756081,0.12178858310560214,0.31293116864880993,1,1,0.560894291552801,0.6564655843244049,1,1,0,1
P07,V7_video1_normal,normal,904,30.130953133228015,1,0.031862111322614864,0.039979190674891855,0.023745031970337872,0.16387679890755016,0.3348115299334812,1.0,0.13383178966206521,0.3569442044560345,0.24538799705904984,0.12455129923020858,1,1,0.6226939985295249,0.5622756496151042,1,1,1,0
P07,V7_video1_normal,normal,905,30.16428383359663,1,0.03139263106263408,0.03807185560105173,0.024713406524216427,0.16391072944120103,0.3348115299334812,1.0,0.20468177571755475,0.47222627033186126,0.338454023024708,0.07576623719541319,1,1,0.669227011512354,0.5378831185977065,1,1,1,0
P07,V7_video1_normal,normal,906,30.197614533965243,1,0.03278670682636664,0.04404983614672273,0.021523577506010545,0.16375218947307127,0.3348115299334812,1.0,0.24704633071554438,0.26738091385807305,0.2572136222868087,0.3792913424956243,1,1,0.6286068111434043,0.6896456712478122,1,1,1,1
P07,V7_video1_normal,normal,907,30.23094523433386,1,0.02391209100385141,0.034542898412853434,0.01328128359484938,0.16414454337072382,0.3370288248337029,1.0,0.18322923687085613,0.12348710617033609,0.1533581715205961,0.20517306160859347,1,1,0.576679085760298,0.6025865308042967,1,1,0,1
P07,V7_video1_normal,normal,908,30.264275934702475,1,0.026591492926374485,0.04221125256050416,0.01097173329224481,0.1645797649999166,0.3392461197339246,1.0,0.25833254363035796,0.11846716318657002,0.188399853408464,0.5745560008735455,1,1,0.5941999267042319,0.7872780004367728,1,1,1,1
P07,V7_video1_normal,normal,909,30.29760663507109,1,0.037450437173148124,0.05626365137232793,0.018637222973968318,0.1635841218514509,0.34146341463414637,1.0,0.4302993317817062,0.09351087423893967,0.26190510301032294,0.17085320646806684,1,1,0.6309525515051615,0.5854266032340334,1,1,1,1
P07,V7_video1_normal,normal,910,30.330937335439707,1,0.051465287260263365,0.07091228762423939,0.03201828689628734,0.16332715946511953,0.3436807095343681,1.0,0.45866585516874125,0.16530809189016593,0.3119869735294536,0.22075187270550234,1,1,0.6559934867647268,0.6103759363527512,1,1,1,1
P07,V7_video1_normal,normal,911,30.36426803580832,1,0.08056450711369492,0.09028290519743941,0.07084610902995044,0.16244181490083595,0.3458980044345898,1.0,0.3356003496905422,0.195947219893031,0.2657737847917866,0.25843022002770966,1,1,0.6328868923958932,0.6292151100138548,1,1,1,1
P07,V7_video1_normal,normal,912,30.397598736176935,1,0.0998421941620633,0.11067320227635179,0.08901118604777483,0.16221954186106907,0.34811529933481156,1.0,0.3637482714109377,0.20220851240744842,0.28297839190919305,0.22891365373253666,1,0,0.6414891959545965,0.11445682686626833,1,0,1,0
P07,V7_video1_normal,normal,913,30.43092943654555,1,0.15039160059431794,0.1710516514479943,0.1297315497406416,0.1621691617220096,0.34811529933481156,1.0,0.6073826166399012,0.2732262532450176,0.4403044349424594,0.20991445695232624,0,0,0.2201522174712297,0.10495722847616312,0,0,0,0
P07,V7_video1_normal,normal,914,30.464260136914167,1,0.18814749294024863,0.19776503886697702,0.1785299470135202,0.16180609967943024,0.34811529933481156,1.0,0.21918894149463175,0.41142555623592625,0.315307248865279,0.08922501574385674,0,0,0.1576536244326395,0.04461250787192837,0,0,0,0
P07,V7_video1_normal,normal,915,30.49759083728278,1,0.20376335852119704,0.21268146879629643,0.19484524824609767,0.16220904237750514,0.34811529933481156,1.0,0.24048153188665244,0.301890258332262,0.27118589510945723,0.3644965588280144,0,0,0.13559294755472862,0.1822482794140072,0,0,0,0
P07,V7_video1_normal,normal,916,30.530921537651395,1,0.213243649590788,0.21959289814547772,0.20689440103609832,0.1625750129674342,0.34811529933481156,1.0,0.1893128926839145,0.2711513937294163,0.2302321432066654,0.2519189684561629,0,1,0.1151160716033327,0.6259594842280815,0,1,0,1
P07,V7_video1_normal,normal,917,30.56425223802001,1,0.21839407540454026,0.2270561495192734,0.20973200128980715,0.16240286887932032,0.34811529933481156,1.0,0.11365325619251432,0.33398013128539816,0.22381669373895624,0.4012508972302299,0,1,0.11190834686947812,0.7006254486151149,0,1,0,1
P07,V7_video1_normal,normal,918,30.597582938388626,1,0.22245821004506383,0.23564700600547345,0.20926941408465422,0.16244673371547225,0.34811529933481156,1.0,0.2540649592792421,0.175400475649923,0.21473271746458256,0.16842200888664433,0,1,0.10736635873229128,0.5842110044433222,0,1,0,0
P07,V7_video1_normal,normal,919,30.630913638757242,1,0.245310930007087,0.25194610325765826,0.23867575675651576,0.16175952555978118,0.34811529933481156,1.0,0.006602832546166448,0.1351917689115929,0.07089730072887968,0.11905520980681587,0,0,0.03544865036443984,0.05952760490340794,0,0,0,0
P07,V7_video1_normal,normal,920,30.664244339125855,1,0.2615918279662005,0.2654408874605091,0.257742768471892,0.16088234545636051,0.34811529933481156,1.0,0.016259001284767316,0.16745346764007873,0.09185623446242303,0.15370265572392433,0,0,0.04592811723121151,0.07685132786196217,0,0,0,0
P07,V7_video1_normal,normal,921,30.69757503949447,1,0.2650508165097328,0.26777858422773054,0.262323048791735,0.16139936104166436,0.34811529933481156,1.0,0.0027689766500073043,0.26280409777400515,0.13278653721200623,0.23380250482881557,0,0,0.06639326860600311,0.11690125241440778,0,0,0,0
P07,V7_video1_normal,normal,922,30.730905739863086,1,0.2750673654560778,0.27632757135552766,0.27380715955662793,0.1611981869078881,0.34811529933481156,1.0,0.05361421676672484,0.10492295931237638,0.07926858803955061,0.3925092424860976,0,0,0.03963429401977531,0.1962546212430488,0,0,0,0
P07,V7_video1_normal,normal,923,30.764236440231702,1,0.2740000187172935,0.27486374909806965,0.2731362883365173,0.16082666762889733,0.34811529933481156,1.0,0.022167431065476584,0.09451015919134342,0.058338795128410004,0.4715989077144774,0,0,0.029169397564205002,0.2357994538572387,0,0,0,0
P07,V7_video1_normal,normal,924,30.797567140600314,1,0.28185523130185186,0.2834271882380848,0.28028327436561884,0.16053817815878293,0.34811529933481156,1.0,0.01608405862598916,0.12447203078745595,0.07027804470672255,0.3671428317491338,0,0,0.03513902235336128,0.1835714158745669,0,0,0,0
P07,V7_video1_normal,normal,925,30.83089784096893,1,0.28839095923093,0.2905413349470554,0.2862405835148046,0.1604079836950551,0.34811529933481156,1.0,0.01601013841584309,0.10537876853707318,0.06069445347645813,0.4811233226203321,0,0,0.030347226738229066,0.24056166131016604,0,0,0,0
P07,V7_video1_normal,normal,926,30.864228541337546,1,0.2895953443916506,0.28993772775757803,0.2892529610257231,0.16010832049569276,0.34811529933481156,1.0,0.02188754411426097,0.048792108147046265,0.03533982613065362,0.30118703557374943,0,0,0.01766991306532681,0.15059351778687471,0,0,0,0
P07,V7_video1_normal,normal,927,30.897559241706162,1,0.29891076937225836,0.2980650918507047,0.299756446893812,0.16015372695183214,0.34811529933481156,1.0,0.010354392852530037,0.12239696346209339,0.06637567815731171,0.10230426997360625,0,0,0.033187839078655856,0.05115213498680313,0,0,0,0
P07,V7_video1_normal,normal,928,30.930889942074778,1,0.3022994389191299,0.30021938972233736,0.3043794881159225,0.16082842645438708,0.34811529933481156,1.0,0.003866420212088606,0.09226710238933733,0.04806676130071297,0.27576369015510194,0,0,0.024033380650356484,0.13788184507755097,0,0,0,0
P07,V7_video1_normal,normal,929,30.96422064244339,1,0.3098484845380078,0.30599200061,0.3137049684660156,0.16066797177031625,0.34811529933481156,1.0,0.0023290307624659334,0.014396997529051991,0.008363014145758962,0.22843994608904022,0,0,0.004181507072879481,0.11421997304452011,0,0,0,0
P07,V7_video1_normal,normal,930,30.997551342812006,1,0.2999598300470381,0.2986066030978618,0.3013130569962143,0.16069047656672186,0.34811529933481156,1.0,0.034389323236443725,0.02018449364331143,0.027286908439877577,0.04229026894979205,0,0,0.013643454219938789,0.021145134474896025,0,0,0,0
P07,V7_video1_normal,normal,931,31.030882043180622,1,0.3008392283775083,0.30031598528725306,0.30136247146776357,0.16080739346136355,0.34811529933481156,1.0,0.012948647842360383,0.009312097691893562,0.011130372767126973,0.0824594970553053,0,0,0.005565186383563486,0.04122974852765265,0,0,0,0
P07,V7_video1_normal,normal,932,31.064212743549238,1,0.2933747900748428,0.2941486723670978,0.29260090778258774,0.160196860990105,0.34811529933481156,1.0,0.01791295702368989,0.028762999233474806,0.02333797812858235,0.1589021834625297,0,0,0.011668989064291174,0.07945109173126486,0,0,0,0
P07,V7_video1_normal,normal,933,31.09754344391785,1,0.29941536088825327,0.2999074585159216,0.298923263260585,0.15970706000754786,0.34811529933481156,1.0,0.006467349256157773,0.0954647968557657,0.050966073055961736,0.11203013333984405,0,0,0.025483036527980868,0.05601506666992202,0,0,0,0
P07,V7_video1_normal,normal,934,31.130874144286466,1,0.29200710512518485,0.2932582051516459,0.2907560050987238,0.15985258437681216,0.34811529933481156,1.0,0.021367392045101963,0.054632058748392054,0.03799972539674701,0.12190076770950495,0,0,0.018999862698373504,0.060950383854752474,0,0,0,0
P07,V7_video1_normal,normal,935,31.16420484465508,1,0.3005526261169512,0.3003862702164901,0.30071898201741226,0.1596037898728321,0.34811529933481156,1.0,0.0326751531226267,0.0770525813297106,0.05486386722616865,0.061341552538850375,0,0,0.027431933613084325,0.030670776269425187,0,0,0,0
P07,V7_video1_normal,normal,936,31.197535545023698,1,0.3033166242291977,0.3045402253290941,0.3020930231293013,0.1594585655401241,0.34811529933481156,1.0,0.05692130146833463,0.009887172104879993,0.03340423678660731,0.05673225445240367,0,0,0.016702118393303655,0.028366127226201836,0,0,0,0
P07,V7_video1_normal,normal,937,31.230866245392313,1,0.29687395154655083,0.29753490219191153,0.29621300090119007,0.15936984821348574,0.34811529933481156,1.0,0.027576624148985207,0.048668435837236346,0.038122529993110776,0.2871960111322176,0,0,0.019061264996555388,0.1435980055661088,0,0,0,0
P07,V7_video1_normal,normal,938,31.264196945760926,1,0.29971658227689635,0.30128302465507506,0.2981501398987177,0.15965973976692516,0.34811529933481156,1.0,0.007500145459944152,0.06994610625076458,0.03872312585535437,0.05470199344281899,0,0,0.019361562927677184,0.027350996721409494,0,0,0,0
P07,V7_video1_normal,normal,939,31.29752764612954,1,0.30181926207778265,0.30296488961997603,0.3006736345355892,0.15960754938087526,0.34811529933481156,1.0,0.019689773691418444,0.06363993828566161,0.04166485598854003,0.05323836850766401,0,0,0.020832427994270014,0.026619184253832005,0,0,0,0
P07,V7_video1_normal,normal,940,31.330858346498157,1,0.3004321747062245,0.30119110057079707,0.2996732488416519,0.15963763564329453,0.34811529933481156,1.0,0.08540158226639416,0.06165390169545126,0.07352774198092271,0.09032898053904118,0,0,0.036763870990461356,0.04516449026952059,0,0,0,0
P07,V7_video1_normal,normal,941,31.364189046866773,1,0.306892073515443,0.30553772463612056,0.3082464223947654,0.15917875980196952,0.34811529933481156,1.0,0.04668145886512043,0.05708008397150077,0.0518807714183106,0.06269502001235427,0,0,0.0259403857091553,0.03134751000617714,0,0,0,0
P07,V7_video1_normal,normal,942,31.397519747235386,1,0.3040300833452985,0.30551411921970706,0.30254604747089,0.1594288846043077,0.34811529933481156,1.0,0.013847555297865077,0.04740215040329954,0.030624852850582307,0.09341817210741102,0,0,0.015312426425291153,0.04670908605370551,0,0,0,0
P07,V7_video1_normal,normal,943,31.430850447604,1,0.3029331421678704,0.3048852237674834,0.3009810605682573,0.15898569732123483,0.34811529933481156,1.0,0.0015675640852665929,0.08230660365363607,0.04193708386945133,0.1492250716642991,0,0,0.020968541934725665,0.07461253583214955,0,0,0,0
P07,V7_video1_normal,normal,944,31.464181147972617,1,0.30400545359143394,0.30487899828392045,0.30313190889894737,0.15902434223832806,0.34811529933481156,1.0,0.005095267049145424,0.04105720524786971,0.023076236148507567,0.07412764213282734,0,0,0.011538118074253784,0.03706382106641367,0,0,0,0
P07,V7_video1_normal,normal,945,31.497511848341233,1,0.2992104925738865,0.3006344602375979,0.2977865249101751,0.15928825695690435,0.34811529933481156,1.0,0.023696287821782458,0.033114692017982006,0.028405489919882232,0.038101926185316375,0,0,0.014202744959941116,0.019050963092658187,0,0,0,0
P07,V7_video1_normal,normal,946,31.53084254870985,1,0.3040419694100608,0.3037500054928897,0.3043339333272319,0.15922706405450646,0.34811529933481156,1.0,0.010289884105316949,0.03149943849030323,0.02089466129781009,0.21484185497845473,0,0,0.010447330648905045,0.10742092748922737,0,0,0,0
P07,V7_video1_normal,normal,947,31.56417324907846,1,0.30777281564294945,0.30710854442165275,0.3084370868642461,0.15918910755231308,0.34811529933481156,1.0,0.022150212761257393,0.013853625414003479,0.018001919087630436,0.1484793651820986,0,0,0.009000959543815218,0.0742396825910493,0,0,0,0
P07,V7_video1_normal,normal,948,31.597503949447077,1,0.30702493790706586,0.30650801105859227,0.30754186475553946,0.15938229951804334,0.34811529933481156,1.0,0.022150212761257393,0.034811158599714065,0.02848068568048573,0.18933111564368027,0,0,0.014240342840242864,0.09466555782184014,0,0,0,0
P07,V7_video1_normal,normal,949,31.630834649815693,1,0.309250191695309,0.30908144281030675,0.3094189405803112,0.15938880269558697,0.34811529933481156,1.0,0.018106099353952354,0.017726831351726258,0.017916465352839306,0.14628414294224543,0,0,0.008958232676419653,0.07314207147112271,0,0,0,0
P07,V7_video1_normal,normal,950,31.66416535018431,1,0.3068869895159855,0.3076491994055912,0.30612477962637974,0.1588233468164581,0.34811529933481156,1.0,0.008161789835829603,0.023017375276284446,0.015589582556057024,0.16403130942604036,0,0,0.007794791278028512,0.08201565471302018,0,0,0,0
P07,V7_video1_normal,normal,951,31.69749605055292,1,0.3085403688664687,0.3100009263693512,0.30707981136358614,0.15883316810203563,0.34811529933481156,1.0,0.0052748097936135,0.0629240891514179,0.0340994494725157,0.1494881025409872,0,0,0.01704972473625785,0.0747440512704936,0,0,0,0
P07,V7_video1_normal,normal,952,31.730826750921537,1,0.3067882933922241,0.30828670226749993,0.3052898845169482,0.1590502183052703,0.34811529933481156,1.0,0.008049124328801116,0.030687742388919137,0.019368433358860127,0.12548012905137723,0,0,0.009684216679430063,0.06274006452568862,0,0,0,0
P07,V7_video1_normal,normal,953,31.764157451290153,1,0.3130693890027342,0.3125753399972819,0.3135634380081864,0.1596163727377204,0.34811529933481156,1.0,0.015019875737542376,0.03979396632049026,0.027406921029016318,0.156515073444584,0,0,0.013703460514508159,0.078257536722292,0,0,0,0
P07,V7_video1_normal,normal,954,31.79748815165877,1,0.3061666738354025,0.30600496169352526,0.30632838597727974,0.15999103228637765,0.34811529933481156,1.0,0.009516901476451345,0.030396080010459348,0.019956490743455346,0.10733518437062671,0,0,0.009978245371727673,0.053667592185313355,0,0,0,0
P07,V7_video1_normal,normal,955,31.830818852027384,1,0.31070666158861726,0.31034308041473296,0.3110702427625015,0.15998066196620658,0.34811529933481156,1.0,0.014677309394335203,0.0030070951364025156,0.00884220226536886,0.04763981063876286,0,0,0.00442110113268443,0.02381990531938143,0,0,0,0
P07,V7_video1_normal,normal,956,31.864149552395997,1,0.3095541494735462,0.3095407754769147,0.3095675234701777,0.15977423997426274,0.34811529933481156,1.0,0.016576783634913328,0.0030158024032811426,0.009796293019097235,0.11491014301053734,0,0,0.004898146509548618,0.05745507150526867,0,0,0,0
P07,V7_video1_normal,normal,957,31.897480252764613,1,0.30791072711859646,0.309487025423972,0.30633442881322087,0.15958608442112385,0.34811529933481156,1.0,0.006863150462299239,0.041057158313396735,0.023960154387847987,0.18370557375116242,0,0,0.011980077193923994,0.09185278687558121,0,0,0,0
P07,V7_video1_normal,normal,958,31.93081095313323,1,0.3088739052914176,0.309006599947847,0.3087412106349882,0.16011215365644516,0.34811529933481156,1.0,0.04605964475272739,0.03976155623643407,0.04291060049458073,0.11644065071411244,0,0,0.021455300247290365,0.05822032535705622,0,0,0,0
P07,V7_video1_normal,normal,959,31.964141653501844,1,0.3047337742785422,0.305864647957753,0.3036029005993315,0.1595340198264799,0.34811529933481156,1.0,0.013533498168199376,0.07406761112527227,0.04380055464673582,0.23527939790403873,0,0,0.02190027732336791,0.11763969895201937,0,0,0,0
P07,V7_video1_normal,normal,960,31.997472353870457,1,0.30653945415509876,0.30695557091322473,0.3061233373969728,0.15937853166598487,0.34811529933481156,1.0,0.0025860057442376183,0.013319506551458082,0.00795275614784785,0.46689079239126857,0,0,0.003976378073923925,0.23344539619563429,0,0,0,0
P07,V7_video1_normal,normal,961,32.03080305423907,1,0.30487266768329885,0.3049946989088059,0.3047506364577918,0.16121314056424438,0.34811529933481156,1.0,0.0024944760250735776,0.004868468357277278,0.003681472191175428,0.6712358467261156,0,0,0.001840736095587714,0.3356179233630578,0,0,0,0
P07,V7_video1_normal,normal,962,32.06413375460769,1,0.30298837048890814,0.3027700263126307,0.3032067146651856,0.16027419715711952,0.34811529933481156,1.0,0.0016438397668525617,0.016489582531162172,0.009066711149007367,0.5060621733042406,0,0,0.0045333555745036835,0.2530310866521203,0,0,0,0
P07,V7_video1_normal,normal,963,32.097464454976304,1,0.30464688171889764,0.3059112651810122,0.30338249825678315,0.16023739650974544,0.34811529933481156,1.0,0.001920811898350916,0.01764446341056458,0.009782637654457749,0.22235515636239078,0,0,0.004891318827228874,0.11117757818119539,0,0,0,0
P07,V7_video1_normal,normal,964,32.13079515534492,1,0.30074377702313126,0.30158712718483,0.2999004268614325,0.16003415343606764,0.34811529933481156,1.0,0.004087006002065463,0.05303558213885007,0.028561294070457766,0.5720833681407218,0,0,0.014280647035228883,0.2860416840703609,0,0,0,0
P07,V7_video1_normal,normal,965,32.164125855713536,1,0.29573808505536603,0.2981038804085186,0.2933722897022134,0.15990419443252177,0.34811529933481156,1.0,0.004532881394593402,0.030240187512389105,0.017386534453491254,0.37366789039548676,0,0,0.008693267226745627,0.18683394519774338,0,0,0,0
P07,V7_video1_normal,normal,966,32.19745655608215,1,0.296000486848948,0.2981680734312292,0.2938329002666667,0.1606968628229137,0.34811529933481156,1.0,0.0031831795753662906,0.008601520168088017,0.005892349871727154,0.5589741419014025,0,0,0.002946174935863577,0.27948707095070124,0,0,0,0
P07,V7_video1_normal,normal,967,32.23078725645076,1,0.29762264688866424,0.2990025963674247,0.2962426974099037,0.16136964626446132,0.34811529933481156,1.0,0.0043663728301573945,0.0239283563554189,0.014147364592788148,0.23443381638997915,0,0,0.007073682296394074,0.11721690819498957,0,0,0,0
P07,V7_video1_normal,normal,968,32.264117956819376,1,0.29786559787000955,0.29802660928014396,0.2977045864598752,0.16143871597961,0.34811529933481156,1.0,0.005639314252711691,0.014806107113021882,0.010222710682866787,0.26591349202352993,0,0,0.005111355341433393,0.13295674601176496,0,0,0,0
P07,V7_video1_normal,normal,969,32.29744865718799,1,0.3051885001050709,0.3045902792422024,0.3057867209679394,0.1606552734820916,0.34811529933481156,1.0,0.03875349352460622,0.005179533406150072,0.021966513465378146,0.3853347279509255,0,0,0.010983256732689073,0.19266736397546275,0,0,0,0
P07,V7_video1_normal,normal,970,32.33077935755661,1,0.3115553668916651,0.3108074066309107,0.31230332715241943,0.16078372623913842,0.34811529933481156,1.0,0.0013527425138304405,0.013576452592197641,0.007464597553014041,0.28067433808490927,0,0,0.0037322987765070204,0.14033716904245463,0,0,0,0
P07,V7_video1_normal,normal,971,32.364110057925224,1,0.3121698095372692,0.3116974373507324,0.312642181723806,0.160848079514607,0.34811529933481156,1.0,0.009671801136612923,0.05594425298605865,0.03280802706133579,0.14949872751462115,0,0,0.016404013530667894,0.07474936375731057,0,0,0,0
P07,V7_video1_normal,normal,972,32.39744075829384,1,0.30564664812574593,0.3032740503235188,0.3080192459279731,0.1616513318870058,0.34811529933481156,1.0,0.01254945187239398,0.010804185345674067,0.011676818609034023,0.11266577291973694,0,0,0.005838409304517012,0.05633288645986847,0,0,0,0
P07,V7_video1_normal,normal,973,32.430771458662456,1,0.3109476015165783,0.30714177399597764,0.314753429037179,0.16251700262689944,0.34811529933481156,1.0,0.015474213513289703,0.013171745344378594,0.014322979428834148,0.12664200722209118,0,1,0.007161489714417074,0.5633210036110456,0,1,0,0
P07,V7_video1_normal,normal,974,32.46410215903107,1,0.30654084251521807,0.3025032808183312,0.31057840421210486,0.16144478971980392,0.34811529933481156,1.0,0.0030698369861813513,0.023448567670371956,0.013259202328276654,0.23667207975514312,0,0,0.006629601164138327,0.11833603987757156,0,0,0,0
P07,V7_video1_normal,normal,975,32.49743285939969,1,0.3072682575371689,0.3035620593275092,0.31097445574682864,0.16168314519458443,0.34811529933481156,1.0,0.0073362674373996795,0.022305540017854564,0.014820903727627122,0.2133364800120451,0,0,0.007410451863813561,0.10666824000602255,0,0,0,0
P07,V7_video1_normal,normal,976,32.530763559768296,1,0.30626027452442356,0.3021204700877697,0.3104000789610774,0.16093979468062475,0.34811529933481156,1.0,0.010375654892152752,0.08060091395559765,0.0454882844238752,0.2979192987675596,0,0,0.0227441422119376,0.1489596493837798,0,0,0,0
P07,V7_video1_normal,normal,977,32.56409426013691,1,0.3086789762299087,0.30512137480174584,0.31223657765807156,0.16109966400595208,0.34811529933481156,1.0,0.027851975109013938,0.03857677563289108,0.03321437537095251,0.4364862473721553,0,0,0.016607187685476255,0.21824312368607765,0,0,0,0
P07,V7_video1_normal,normal,978,32.59742496050553,1,0.309198587592885,0.30567683401752943,0.3127203411682405,0.16096906357856686,0.34811529933481156,1.0,0.026275282809700595,0.03353472315423489,0.029905002981967743,0.28618085983363356,0,0,0.014952501490983872,0.14309042991681678,0,0,0,0
P07,V7_video1_normal,normal,979,32.630755660874144,1,0.308759995028138,0.30628210438439846,0.3112378856718775,0.16108680788741725,0.34811529933481156,1.0,0.012284737763950115,0.016940718445928482,0.014612728104939299,0.2544770100369334,0,0,0.007306364052469649,0.1272385050184667,0,0,0,0
P07,V7_video1_normal,normal,980,32.66408636124276,1,0.3094410726751041,0.3063907183800201,0.31249142697018817,0.16143267518934984,0.34811529933481156,1.0,0.019291430136147314,0.013161088955864875,0.016226259546006094,0.4748119851793076,0,0,0.008113129773003047,0.2374059925896538,0,0,0,0
P07,V7_video1_normal,normal,981,32.697417061611375,1,0.3086947491627041,0.305151968618213,0.3122375297071952,0.16129862102039744,0.34811529933481156,1.0,0.0139921946271927,0.023433013180519713,0.018712603903856206,0.20106347508480446,0,0,0.009356301951928103,0.10053173754240223,0,0,0,0
P07,V7_video1_normal,normal,982,32.73074776197999,1,0.30357643665105316,0.3016650654756523,0.30548780782645396,0.1603680918989061,0.34811529933481156,1.0,0.009610246450864723,0.030342568106519252,0.019976407278691988,0.18312416233984957,0,0,0.009988203639345994,0.09156208116992479,0,0,0,0
P07,V7_video1_normal,normal,983,32.76407846234861,1,0.30667954429698013,0.30368558586029676,0.3096735027336635,0.16061279529765551,0.34811529933481156,1.0,0.015042389015516244,0.011307962854691045,0.013175175935103645,0.3614011140594196,0,0,0.006587587967551822,0.1807005570297098,0,0,0,0
P07,V7_video1_normal,normal,984,32.79740916271722,1,0.3101963435731696,0.30467494340551216,0.315717743740827,0.1605582521677837,0.34811529933481156,1.0,0.022454232009101904,0.016560475167997746,0.019507353588549825,0.6895135225610517,0,0,0.009753676794274913,0.34475676128052585,0,0,0,0
P07,V7_video1_normal,normal,985,32.83073986308583,1,0.31425434052179146,0.3080044914674272,0.3205041895761557,0.1608493389147954,0.34811529933481156,1.0,0.0030263585461446363,0.013090107377469518,0.008058232961807077,0.4497831913061075,0,0,0.0040291164809035385,0.22489159565305375,0,0,0,0
P07,V7_video1_normal,normal,986,32.86407056345445,1,0.3090212284417897,0.30478901039208245,0.313253446491497,0.160853084350712,0.34811529933481156,1.0,0.005496946026932514,0.003830790887528912,0.004663868457230713,0.2832219804707098,0,0,0.0023319342286153566,0.1416109902353549,0,0,0,0
P07,V7_video1_normal,normal,987,32.89740126382306,1,0.30797284444658246,0.30811831057323946,0.3078273783199255,0.15985933415119957,0.34811529933481156,1.0,0.015773282869276595,0.04495319486735039,0.03036323886831349,0.1521537215455242,0,0,0.015181619434156746,0.0760768607727621,0,0,0,0
P07,V7_video1_normal,normal,988,32.93073196419168,1,0.3001527322242275,0.30013784230494056,0.30016762214351445,0.15941881588246384,0.34811529933481156,1.0,0.04196258271554798,0.006924976607868283,0.02444377966170813,0.08678237238372555,0,0,0.012221889830854066,0.043391186191862774,0,0,0,0
P07,V7_video1_normal,normal,989,32.964062664560295,1,0.30414094320664264,0.30397174403228105,0.30431014238100423,0.15938543822697251,0.34811529933481156,1.0,0.026262908920758776,0.006222501321184071,0.016242705120971423,0.04001004356208934,0,0,0.008121352560485712,0.02000502178104467,0,0,0,0
P07,V7_video1_normal,normal,990,32.99739336492891,1,0.3099145533430685,0.3074377345387403,0.31239137214739665,0.16054963978115755,0.34811529933481156,1.0,0.0013588105746771273,0.09508726943665713,0.04822304000566713,0.09422202913429474,0,0,0.024111520002833564,0.04711101456714737,0,0,0,0
P07,V7_video1_normal,normal,991,33.03072406529753,1,0.31052349967520354,0.30750763840946854,0.3135393609409385,0.1602230483536551,0.34811529933481156,1.0,0.0017574680877645577,0.005124903139380965,0.0034411856135727614,0.124263696480369,0,0,0.0017205928067863807,0.0621318482401845,0,0,0,0
P07,V7_video1_normal,normal,992,33.06405476566614,1,0.30858775213102263,0.3064402837810644,0.31073522048098084,0.1608426507822969,0.34811529933481156,1.0,0.022590664432560303,0.015020595309638396,0.01880562987109935,0.08040420725498625,0,0,0.009402814935549675,0.04020210362749312,0,0,0,0
P07,V7_video1_normal,normal,993,33.09738546603476,1,0.3056038001188533,0.3032149897786527,0.3079926104590539,0.16040399135182787,0.34811529933481156,1.0,0.008586906205298783,0.024042328125996604,0.016314617165647693,0.1506714767354678,0,0,0.008157308582823847,0.0753357383677339,0,0,0,0
P07,V7_video1_normal,normal,994,33.13071616640337,1,0.30417984082627725,0.302296575543725,0.3060631061088295,0.15995601489402456,0.34811529933481156,1.0,0.006365931921771706,0.045734935328663795,0.02605043362521775,0.17425570912616764,0,0,0.013025216812608875,0.08712785456308382,0,0,0,0
P07,V7_video1_normal,normal,995,33.16404686677198,1,0.29119980340417423,0.29114035508321146,0.291259251725137,0.1606891493661853,0.34811529933481156,1.0,0.022057902876102875,0.01350433500518633,0.017781118940644602,0.04327291992006731,0,0,0.008890559470322301,0.021636459960033654,0,0,0,0
P07,V7_video1_normal,normal,996,33.1973775671406,1,0.2654518799218771,0.2668504988975044,0.26405326094624976,0.16103620207810856,0.34811529933481156,1.0,0.09868724065938861,0.14861164060434184,0.12364944063186523,0.08834156232296754,0,0,0.06182472031593261,0.04417078116148377,0,0,0,0
P07,V7_video1_normal,normal,997,33.230708267509215,1,0.2543953101261585,0.25454533541588276,0.25424528483643427,0.16039301056511537,0.34811529933481156,1.0,0.18949615315973767,0.169128776851029,0.17931246500538334,0.2614887024112829,0,0,0.08965623250269167,0.13074435120564146,0,0,0,0
P07,V7_video1_normal,normal,998,33.26403896787783,1,0.20366586407741308,0.20495271958270567,0.2023790085721205,0.16089199574868362,0.34811529933481156,1.0,0.09264728512159925,0.18898326389727826,0.14081527450943876,0.10962848677125232,0,0,0.07040763725471938,0.05481424338562616,0,0,0,0
P07,V7_video1_normal,normal,999,33.297369668246446,1,0.15495394406371066,0.16601960248236577,0.14388828564505557,0.16045085229261247,0.34811529933481156,1.0,0.13582661431041965,0.21782250844030682,0.17682456137536323,0.14112214227726114,0,0,0.08841228068768162,0.07056107113863057,0,0,0,0
P07,V7_video1_normal,normal,1000,33.33070036861506,1,0.15383045761440312,0.14902563882868905,0.15863527640011715,0.16035931283060212,0.34811529933481156,1.0,0.26069639047887383,0.44739976937026205,0.35404807992456794,0.051263024946793606,0,0,0.17702403996228397,0.025631512473396803,0,0,0,0
P07,V7_video1_normal,normal,1001,33.36403106898368,1,0.1563067565259449,0.15153139000583454,0.1610821230460552,0.15970745762317318,0.34811529933481156,1.0,0.15824146091423252,0.4884622614630558,0.3233518611886442,0.08831447262287018,0,0,0.1616759305943221,0.04415723631143509,0,0,0,0
P07,V7_video1_normal,normal,1002,33.397361769352294,1,0.08603626029047373,0.10322487191864331,0.06884764866230415,0.16074483526389197,0.35033259423503327,1.0,0.09583232224861404,0.17255692592284855,0.1341946240857313,0.10316247672666032,1,0,0.5670973120428656,0.05158123836333016,1,0,0,0
P07,V7_video1_normal,normal,1003,33.4306924697209,1,0.06409242928827001,0.08457199417385332,0.0436128644026867,0.1612158986456481,0.352549889135255,1.0,0.2636851875956301,0.24455892062150042,0.25412205410856525,0.0937671676239668,1,0,0.6270610270542827,0.0468835838119834,1,0,1,0
P07,V7_video1_normal,normal,1004,33.46402317008952,1,0.08152958275434086,0.08895615788169044,0.07410300762699128,0.15988221520912282,0.35476718403547675,1.0,0.28992427853456626,0.2074631447954396,0.24869371166500293,0.09109759488656147,1,0,0.6243468558325015,0.045548797443280734,1,0,1,0
P07,V7_video1_normal,normal,1005,33.497353870458134,1,0.07890306626882612,0.08976077830874038,0.06804535422891188,0.15931278792290998,0.35698447893569846,1.0,0.14573517493835098,0.1122626828653367,0.12899892890184383,0.049347812941271746,1,0,0.5644994644509219,0.024673906470635873,1,0,0,0
P07,V7_video1_normal,normal,1006,33.53068457082675,1,0.07145706866202847,0.07854614600802896,0.064367991316028,0.1601991239335487,0.35920177383592017,1.0,0.28577752590912797,0.16197250579753253,0.22387501585333025,0.024824205773317898,1,0,0.6119375079266651,0.012412102886658949,1,0,1,0
P07,V7_video1_normal,normal,1007,33.564015271195366,1,0.07124145271954087,0.07846806896651046,0.06401483647257128,0.1605164337822816,0.3614190687361419,1.0,0.3785094327387123,0.07584447565430796,0.22717695419651013,0.024158931397932227,1,0,0.613588477098255,0.012079465698966113,1,0,1,0
P07,V7_video1_normal,normal,1008,33.59734597156398,1,0.07983696658346406,0.09008176270868999,0.06959217045823815,0.1605914122983622,0.36363636363636365,1.0,0.22847766347376885,0.2198970006414277,0.22418733205759828,0.10688309797408604,1,0,0.6120936660287991,0.05344154898704302,1,0,1,0
P07,V7_video1_normal,normal,1009,33.6306766719326,1,0.05080632808605634,0.05563635559825402,0.04597630057385866,0.161689210441856,0.36585365853658536,1.0,0.3527624874519697,0.22840330453843194,0.2905828959952008,0.04873736382646597,1,0,0.6452914479976004,0.024368681913232985,1,0,1,0
P07,V7_video1_normal,normal,1010,33.664007372301214,1,0.037813154506522055,0.03563063626463954,0.03999567274840457,0.1608290979759921,0.36807095343680707,1.0,0.1809790607165228,0.329580103656254,0.2552795821863884,0.036307955087586774,1,0,0.6276397910931942,0.018153977543793387,1,0,1,0
P07,V7_video1_normal,normal,1011,33.69733807266983,1,0.03280405274831891,0.03663364960459443,0.028974455892043387,0.16076328746419993,0.37028824833702884,1.0,0.22877186226419877,0.21087832647138116,0.21982509436778996,0.031564579471526896,1,0,0.609912547183895,0.015782289735763448,1,0,1,0
P07,V7_video1_normal,normal,1012,33.73066877303844,1,0.03414097293466364,0.04367965819537419,0.024602287673953085,0.16109170405530615,0.37250554323725055,1.0,0.14425698205353898,0.2660306267404339,0.20514380439698643,0.09365183263588428,1,0,0.6025719021984932,0.04682591631794214,1,0,1,0
P07,V7_video1_normal,normal,1013,33.763999473407054,1,0.027762456091038286,0.035544230720241904,0.01998068146183467,0.16073836276961595,0.37250554323725055,1.0,0.1583928288291322,0.2340237728294351,0.19620830082928364,0.07588579620939039,1,0,0.5981041504146418,0.03794289810469519,1,0,1,0
P07,V7_video1_normal,normal,1014,33.79733017377567,1,0.024817227845925077,0.03479025073309031,0.014844204958759844,0.160717314505709,0.37250554323725055,1.0,0.10746201114613052,0.15508857794466846,0.1312752945453995,0.07483485586595745,1,0,0.5656376472726997,0.037417427932978725,1,0,0,0
P07,V7_video1_normal,normal,1015,33.830660874144286,1,0.02403425900582538,0.034821522553407896,0.013246995458242867,0.1615317970451509,0.37250554323725055,1.0,0.24750154721422357,0.432316233011922,0.3399088901130728,0.054773518390400185,1,0,0.6699544450565365,0.027386759195200092,1,0,1,0
P07,V7_video1_normal,normal,1016,33.8639915745129,1,0.022202767577058267,0.03138390875549021,0.013021626398626331,0.16095143444414162,0.37250554323725055,1.0,0.076255320251149,0.211591630918746,0.1439234755849475,0.023419246314749356,1,0,0.5719617377924737,0.011709623157374678,1,0,0,0
P07,V7_video1_normal,normal,1017,33.89732227488152,1,0.02245744276414975,0.03226411676877275,0.012650768759526754,0.16145276034205058,0.37472283813747226,1.0,0.11089089701914201,0.2850194814717123,0.19795518924542715,0.09630518373070461,1,0,0.5989775946227136,0.048152591865352305,1,0,1,0
P07,V7_video1_normal,normal,1018,33.93065297525013,1,0.021402468612938177,0.029628048242739027,0.013176888983137328,0.16256836828322463,0.376940133037694,1.0,0.026982009100714244,0.2775890993139929,0.15228555420735357,0.043978786338052564,1,1,0.5761427771036768,0.5219893931690263,1,1,0,0
P07,V7_video1_normal,normal,1019,33.96398367561875,1,0.02123250988159718,0.024064386727734782,0.01840063303545958,0.16488227859888566,0.37915742793791574,1.0,0.17094301589371963,0.5540757970448749,0.36250940646929725,0.035396343119111384,1,1,0.6812547032346487,0.5176981715595557,1,1,1,0
P07,V7_video1_normal,normal,1020,33.997314375987365,1,0.020630744354881346,0.02734311757737161,0.013918371132391085,0.16420765475906166,0.38137472283813745,1.0,0.22464996931311187,0.1338055498578472,0.17922775958547954,0.03946231628153326,1,1,0.5896138797927397,0.5197311581407666,1,1,1,0
P07,V7_video1_normal,normal,1021,34.030645076355974,1,0.020996619723570496,0.030522096743683613,0.011471142703457383,0.1641123866791178,0.3835920177383592,1.0,0.1717074770909326,0.33700485896046284,0.2543561680256977,0.033685474289605534,1,1,0.6271780840128489,0.5168427371448028,1,1,1,0
P07,V7_video1_normal,normal,1022,34.06397577672459,1,0.0200854104077886,0.029683797662126737,0.010487023153450462,0.1639550424864088,0.3858093126385809,1.0,0.15964793709830893,0.22591590793173522,0.19278192251502207,0.04415112335150674,1,1,0.596390961257511,0.5220755616757534,1,1,1,0
P07,V7_video1_normal,normal,1023,34.097306477093206,1,0.018354385627589592,0.025640857083675892,0.011067914171503296,0.16370386002740248,0.38802660753880264,1.0,0.060058487603204314,0.4097312433723289,0.2348948654877666,0.0511301990167327,1,1,0.6174474327438833,0.5255650995083664,1,1,1,0
P07,V7_video1_normal,normal,1024,34.13063717746182,1,0.01648956527766479,0.019973262369870303,0.013005868185459284,0.16238634135442254,0.3902439024390244,1.0,0.11513346678108549,0.5619081659923921,0.3385208163867388,0.013291367367142468,1,0,0.6692604081933694,0.006645683683571234,1,0,1,0
P07,V7_video1_normal,normal,1025,34.16396787783044,1,0.016646720987553362,0.020700781167240265,0.012592660807866462,0.16292376603217784,0.3924611973392461,1.0,0.21195580397159686,0.23050860196324163,0.22123220296741924,0.03253572740307726,1,1,0.6106161014837096,0.5162678637015387,1,1,1,0
P07,V7_video1_normal,normal,1026,34.19729857819905,1,0.019801057230802485,0.02038675804602729,0.01921535641557768,0.16348342748281539,0.3946784922394678,1.0,0.46036044235557005,0.31388039882952457,0.3871204205925473,0.11314718647213905,1,1,0.6935602102962737,0.5565735932360695,1,1,1,0
P07,V7_video1_normal,normal,1027,34.23062927856767,1,0.01693166503320883,0.020164705642922658,0.013698624423495002,0.1639670462943191,0.3968957871396896,1.0,0.469200042634755,0.1464350918716113,0.30781756725318316,0.11910267860806525,1,1,0.6539087836265915,0.5595513393040327,1,1,1,0
P07,V7_video1_normal,normal,1028,34.263959978936285,1,0.01769303163317981,0.020799801567448213,0.014586261698911402,0.16440140142878515,0.3991130820399113,1.0,0.2818585170292356,0.31392062958765365,0.2978895733084446,0.14338379144984745,1,1,0.6489447866542223,0.5716918957249237,1,1,1,0
P07,V7_video1_normal,normal,1029,34.2972906793049,1,0.015200844527189096,0.019615894869875205,0.010785794184502989,0.16346825161729672,0.401330376940133,1.0,0.2332472421149021,0.3833651424500696,0.30830619228248585,0.1680619835623126,1,1,0.654153096141243,0.5840309917811564,1,1,1,0
P07,V7_video1_normal,normal,1030,34.33062137967351,1,0.014823099228973072,0.01876624233138164,0.010879956126564507,0.16374109829036443,0.4035476718403548,1.0,0.12527221683915302,0.406326868376786,0.2657995426079695,0.1712682441332612,1,1,0.6328997713039848,0.5856341220666306,1,1,1,1
P07,V7_video1_normal,normal,1031,34.363952080042125,1,0.014290726697348658,0.019687454219443384,0.008893999175253934,0.16340249525212938,0.4057649667405765,1.0,0.22680679698390893,0.411125407744683,0.31896610236429596,0.24519881738923244,1,1,0.659483051182148,0.6225994086946163,1,1,1,1
P07,V7_video1_normal,normal,1032,34.39728278041074,1,0.013989623730016918,0.019635161779761604,0.008344085680272232,0.16360643017412282,0.4079822616407982,1.0,0.2516131091288767,0.40310557228080746,0.3273593407048421,0.2430890075687482,1,1,0.663679670352421,0.6215445037843741,1,1,1,1
P07,V7_video1_normal,normal,1033,34.43061348077936,1,0.018501384105126747,0.024087745724077556,0.01291502248617594,0.16490695650417267,0.4079822616407982,1.0,0.3018819424660064,0.35421101538068356,0.328046478923345,0.20900541714949136,1,1,0.6640232394616725,0.6045027085747456,1,1,1,1
P07,V7_video1_normal,normal,1034,34.46394418114797,1,0.0174835481708613,0.02193367554019258,0.013033420801530015,0.1642777380740161,0.4079822616407982,1.0,0.17110764829656966,0.18537923756953367,0.17824344293305167,0.27277285329443995,1,1,0.5891217214665259,0.63638642664722,1,1,1,1
P07,V7_video1_normal,normal,1035,34.49727488151659,1,0.019906895412124377,0.025061498363734315,0.014752292460514443,0.16527039554305667,0.4079822616407982,1.0,0.28482007896710526,0.06737255710941703,0.17609631803826115,0.25552954975271086,1,1,0.5880481590191305,0.6277647748763554,1,1,1,1
P07,V7_video1_normal,normal,1036,34.530605581885204,1,0.01871529725333476,0.024358889554459244,0.013071704952210278,0.164955967260183,0.4079822616407982,1.0,0.3418071544522381,0.36934698379454334,0.3555770691233907,0.19370240114396228,1,1,0.6777885345616954,0.5968512005719812,1,1,1,1
P07,V7_video1_normal,normal,1037,34.56393628225382,1,0.017611865637817175,0.021965160721293432,0.013258570554340918,0.1649828955698321,0.4079822616407982,1.0,0.2632003987185175,0.21062358749423638,0.23691199310637695,0.6046396839548969,1,1,0.6184559965531885,0.8023198419774484,1,1,1,1
P07,V7_video1_normal,normal,1038,34.597266982622436,1,0.017972079370711613,0.02141956145271418,0.014524597288709046,0.1648504569469839,0.41019955654101997,1.0,0.34992326090425907,0.4720468140290528,0.41098503746665593,0.4302918506630724,1,1,0.705492518733328,0.7151459253315362,1,1,1,1
P07,V7_video1_normal,normal,1039,34.630597682991045,1,0.01696922247358975,0.022757196698268645,0.011181248248910858,0.16459555470122034,0.4124168514412417,1.0,0.16176142035115781,0.20326532182148582,0.18251337108632182,0.038340051516362175,1,1,0.5912566855431609,0.519170025758181,1,1,1,0
P07,V7_video1_normal,normal,1040,34.66392838335966,1,0.014746778881763222,0.020388694975949737,0.009104862787576707,0.16393794518855406,0.4146341463414634,1.0,0.2761918013511131,0.2001701891633607,0.2381809952572369,0.24160553171832233,1,1,0.6190904976286185,0.6208027658591612,1,1,1,1
P07,V7_video1_normal,normal,1041,34.69725908372828,1,0.015274081290388432,0.02101636321360469,0.009531799367172175,0.1640075224149161,0.41685144124168516,1.0,0.29916948403603905,0.2674360975699289,0.283302790802984,0.3271066720737066,1,1,0.641651395401492,0.6635533360368533,1,1,1,1
P07,V7_video1_normal,normal,1042,34.73058978409689,1,0.016639339865746953,0.02280230248746084,0.010476377244033067,0.1642215141075078,0.4190687361419069,1.0,0.4260480519353348,0.36059576402858795,0.39332190798196137,0.3147266542871535,1,1,0.6966609539909807,0.6573633271435768,1,1,1,1
P07,V7_video1_normal,normal,1043,34.76392048446551,1,0.016334968374504565,0.022397556594474302,0.01027238015453483,0.1641390748380949,0.4212860310421286,1.0,0.1870574220439596,0.3856063484995267,0.28633188527174314,0.14473765341206093,1,1,0.6431659426358716,0.5723688267060305,1,1,1,0
P07,V7_video1_normal,normal,1044,34.797251184834124,1,0.015594779897418316,0.021523453865359057,0.009666105929477574,0.16356405620076897,0.42350332594235035,1.0,0.17000685527024895,0.2576298518733857,0.21381835357181733,0.5716050076278069,1,1,0.6069091767859087,0.7858025038139034,1,1,1,1
P07,V7_video1_normal,normal,1045,34.83058188520274,1,0.01819924806517057,0.024982417872140256,0.011416078258200884,0.1637331159297691,0.42572062084257206,1.0,0.23007155727870832,0.2462134653024879,0.2381425112905981,0.3872298621112891,1,1,0.6190712556452991,0.6936149310556445,1,1,1,1
P07,V7_video1_normal,normal,1046,34.863912585571356,1,0.0167927007612743,0.021830775763199167,0.011754625759349435,0.16270827679848973,0.4279379157427938,1.0,0.18876900129356977,0.23647757726044394,0.21262328927700685,0.5515391265835866,1,1,0.6063116446385034,0.7757695632917934,1,1,1,1
P07,V7_video1_normal,normal,1047,34.89724328593997,1,0.020975312963094603,0.029165316965684765,0.012785308960504442,0.16327550126315732,0.43015521064301554,1.0,0.23612093915755872,0.1697843456248055,0.2029526423911821,0.30084275702228697,1,1,0.601476321195591,0.6504213785111435,1,1,1,1
P07,V7_video1_normal,normal,1048,34.93057398630858,1,0.022438044973025914,0.02918998781393529,0.015686102132116537,0.1647321958210029,0.43237250554323725,1.0,0.26990630503193447,0.29049126697825123,0.28019878600509285,0.16647535326566146,1,1,0.6400993930025465,0.5832376766328308,1,1,1,0
P07,V7_video1_normal,normal,1049,34.963904686677196,1,0.026430631317469352,0.030132979535130222,0.02272828309980848,0.16522973106817154,0.43458980044345896,1.0,0.10968409607851326,0.14547415030474076,0.127579123191627,0.1538639928175367,1,1,0.5637895615958135,0.5769319964087684,1,1,0,0
P07,V7_video1_normal,normal,1050,34.99723538704581,1,0.021134654545810594,0.02595140708188272,0.016317902009738466,0.1645172731196354,0.43680709534368073,1.0,0.060232047917519016,0.3477708325733212,0.2040014402454201,0.2573601795168703,1,1,0.60200072012271,0.6286800897584351,1,1,1,1
P07,V7_video1_normal,normal,1051,35.03056608741443,1,0.022907824567915812,0.028251649997718682,0.01756399913811294,0.16513244456420975,0.43902439024390244,1.0,0.10162472468742434,0.1899618968752298,0.14579331078132707,0.1450783358524969,1,1,0.5728966553906636,0.5725391679262485,1,1,0,0
P07,V7_video1_normal,normal,1052,35.063896787783044,1,0.0199067833119359,0.026955853449569172,0.012857713174302633,0.16434407367775347,0.44124168514412415,1.0,0.23454254207290626,0.5822496145837233,0.40839607832831476,0.13720698410412605,1,1,0.7041980391641574,0.5686034920520631,1,1,1,0
P07,V7_video1_normal,normal,1053,35.09722748815166,1,0.01875136884952138,0.026326779774703754,0.011175957924339008,0.16272438077159979,0.4434589800443459,1.0,0.2826142448611403,0.4200762436619566,0.35134524426154845,0.3423857435968184,1,1,0.6756726221307743,0.6711928717984093,1,1,1,1
P07,V7_video1_normal,normal,1054,35.130558188520276,1,0.019968429155001986,0.02878537606309286,0.011151482246911114,0.16332153669096666,0.44567627494456763,1.0,0.06856894561418503,0.637853022895305,0.353210984254745,0.13437026980647698,1,1,0.6766054921273725,0.5671851349032385,1,1,1,0
P07,V7_video1_normal,normal,1055,35.16388888888889,1,0.020913695904264208,0.031511329860400665,0.010316061948127751,0.16251705272272116,0.44789356984478934,1.0,0.11053578692569077,0.5609409448050511,0.3357383658653709,0.10397255079684493,1,1,0.6678691829326855,0.5519862753984225,1,1,1,0
P07,V7_video1_normal,normal,1056,35.19721958925751,1,0.0220178751644779,0.03353878993016491,0.010496960398790887,0.16241549035853006,0.4501108647450111,1.0,0.12464140591232487,0.7970120574984151,0.46082673170537,0.16379239705388546,1,1,0.730413365852685,0.5818961985269427,1,1,1,0
P07,V7_video1_normal,normal,1057,35.230550289626116,1,0.020243275596022955,0.02976701440499996,0.01071953678704595,0.16284615367347338,0.4523281596452328,1.0,0.13564935672083467,0.544827688210664,0.3402385224657493,0.22389321362313175,1,1,0.6701192612328747,0.6119466068115659,1,1,1,1
P07,V7_video1_normal,normal,1058,35.26388098999473,1,0.01847665723701406,0.024824691681356967,0.01212862279267116,0.16271628006895406,0.45454545454545453,1.0,0.24641064628356935,0.5322947744570492,0.3893527103703093,0.08807188357850994,1,1,0.6946763551851547,0.544035941789255,1,1,1,0
P07,V7_video1_normal,normal,1059,35.29721169036335,1,0.01848508580326866,0.02500094197643177,0.011969229630105554,0.16261407836629543,0.4567627494456763,1.0,0.17867383443055307,0.32105213344006656,0.2498629839353098,0.5212015818883241,1,1,0.624931491967655,0.7606007909441621,1,1,1,1
P07,V7_video1_normal,normal,1060,35.330542390731964,1,0.021057066558429635,0.025561459967245535,0.016552673149613735,0.1635814591845863,0.4567627494456763,1.0,0.3392988091568767,0.5571937081264451,0.4482462586416609,0.08556881099516171,1,1,0.7241231293208304,0.5427844054975809,1,1,1,0
P07,V7_video1_normal,normal,1061,35.36387309110058,1,0.018498945953563672,0.022047491453288035,0.014950400453839309,0.16216785784200669,0.4567627494456763,1.0,0.1922256144721296,0.4157428468458094,0.3039842306589695,0.40833217067228833,1,0,0.6519921153294848,0.20416608533614417,1,0,1,0
P07,V7_video1_normal,normal,1062,35.397203791469195,1,0.01870505621776788,0.02441797818250889,0.012992134253026873,0.16149367972327283,0.4567627494456763,1.0,0.17842235823290664,0.4559379561150938,0.3171801571740002,0.3205441706725811,1,0,0.6585900785870001,0.16027208533629056,1,0,1,0
P07,V7_video1_normal,normal,1063,35.43053449183781,1,0.02418163453447166,0.03222085672889792,0.016142412340045396,0.16277236846897536,0.4567627494456763,1.0,0.14399181099274028,0.5180770459309194,0.33103442846182984,0.5581081498080988,1,1,0.6655172142309149,0.7790540749040493,1,1,1,1
P07,V7_video1_normal,normal,1064,35.46386519220643,1,0.021666524330184296,0.03312591159803903,0.010207137062329565,0.16290408879659413,0.458980044345898,1.0,0.09196745411408691,0.1305351794993378,0.11125131680671235,0.24780572999923273,1,1,0.5556256584033562,0.6239028649996163,1,1,0,1
P07,V7_video1_normal,normal,1065,35.49719589257504,1,0.024798205356072946,0.03293786283821764,0.016658547873928255,0.16213975827769808,0.4611973392461197,1.0,0.18835125891148052,0.3628695955492772,0.2756104272303789,0.5358104993083396,1,0,0.6378052136151895,0.2679052496541698,1,0,1,0
P07,V7_video1_normal,normal,1066,35.53052659294365,1,0.027197024898687687,0.03346630253855481,0.020927747258820562,0.1623912797640706,0.4634146341463415,1.0,0.13795542426714558,0.3538418310068646,0.2458986276370051,0.4772162821952719,1,0,0.6229493138185025,0.23860814109763595,1,0,1,0
P07,V7_video1_normal,normal,1067,35.56385729331227,1,0.027156581641307107,0.03145721629284157,0.022855946989772648,0.16248421277255173,0.4656319290465632,1.0,0.08412523890656176,0.3062763875378204,0.19520081322219107,0.6428389715206316,1,1,0.5976004066110956,0.8214194857603159,1,1,1,1
P07,V7_video1_normal,normal,1068,35.59718799368088,1,0.02095190330433852,0.032723506314637635,0.009180300294039405,0.16264529738043243,0.4678492239467849,1.0,0.28836087110600883,0.4192998828867126,0.3538303769963607,0.38072949920488974,1,1,0.6769151884981803,0.6903647496024449,1,1,1,1
P07,V7_video1_normal,normal,1069,35.6305186940495,1,0.021273736274409403,0.03117097126128178,0.011376501287537024,0.16283159588028304,0.4700665188470067,1.0,0.2970825984462997,0.5006202828682296,0.39885144065726463,0.2154051551965593,1,1,0.6994257203286323,0.6077025775982796,1,1,1,1
P07,V7_video1_normal,normal,1070,35.663849394418115,1,0.020541032436083368,0.03385043140127672,0.0072316334708900165,0.16270400913617225,0.4722838137472284,1.0,0.10660890912309207,0.6493259219955947,0.3779674155593434,0.23402105897006245,1,1,0.6889837077796717,0.6170105294850312,1,1,1,1
P07,V7_video1_normal,normal,1071,35.69718009478673,1,0.023973021996558694,0.038658773799038454,0.009287270194078937,0.16295901384822178,0.4745011086474501,1.0,0.26598931280835125,0.2915533815143585,0.2787713471613549,0.3306501431561194,1,1,0.6393856735806774,0.6653250715780596,1,1,1,1
P07,V7_video1_normal,normal,1072,35.73051079515535,1,0.023576965695156056,0.03700321534514424,0.010150716045167874,0.16250070928502083,0.47671840354767187,1.0,0.20735030690193945,0.433579704955941,0.3204650059289402,0.19769927377309515,1,1,0.6602325029644701,0.5988496368865476,1,1,1,1
P07,V7_video1_normal,normal,1073,35.76384149552396,1,0.023504201640755076,0.03615710233645152,0.010851300945058632,0.1623467793404844,0.4789356984478936,1.0,0.09799158000816133,0.4224472047509473,0.2602193923795543,0.1574954778986952,1,0,0.6301096961897772,0.0787477389493476,1,0,1,0
P07,V7_video1_normal,normal,1074,35.79717219589258,1,0.03748628597738206,0.05206378904326138,0.022908782911502744,0.1620843913130273,0.4811529933481153,1.0,0.1087220862706938,0.2897817873474138,0.1992519368090538,0.020997272777778818,1,0,0.5996259684045269,0.010498636388889409,1,0,1,0
P07,V7_video1_normal,normal,1075,35.83050289626119,1,0.07329757032925299,0.0836188184140914,0.0629763222444146,0.1627311036737953,0.48337028824833705,1.0,0.1842573070967688,0.300234548128706,0.2422459276127374,0.11372987011908828,1,1,0.6211229638063687,0.5568649350595442,1,1,1,0
P07,V7_video1_normal,normal,1076,35.8638335966298,1,0.1512744306054229,0.15872617263911135,0.14382268857173447,0.16171029683133828,0.48337028824833705,1.0,0.12749782794786246,0.5422643962842864,0.3348811121160744,0.0459954819301476,0,0,0.1674405560580372,0.0229977409650738,0,0,0,0
P07,V7_video1_normal,normal,1077,35.89716429699842,1,0.2001680112868588,0.2020324154117493,0.19830360716196832,0.16208169762532054,0.48337028824833705,1.0,0.17238198802797544,0.2457762846143946,0.20907913632118502,0.0680354767412755,0,0,0.10453956816059251,0.03401773837063775,0,0,0,0
P07,V7_video1_normal,normal,1078,35.930494997367035,1,0.2174924184411757,0.22092365206141293,0.21406118482093847,0.1603432845425814,0.48337028824833705,1.0,0.07145981488314335,0.0965064565939866,0.08398313573856497,0.07646312364278807,0,0,0.04199156786928249,0.03823156182139403,0,0,0,0
P07,V7_video1_normal,normal,1079,35.96382569773565,1,0.2414139601441862,0.24572571858673203,0.2371022017016404,0.16052862762477968,0.48337028824833705,1.0,0.032910603903448354,0.015604801936001,0.024257702919724677,0.10817430213879503,0,0,0.012128851459862339,0.054087151069397515,0,0,0,0
P07,V7_video1_normal,normal,1080,35.997156398104266,1,0.2547824257267442,0.2602198215829309,0.24934502987055754,0.1596957496758555,0.48337028824833705,1.0,0.018535982616173285,0.05028177846898785,0.03440888054258057,0.26197759036401386,0,0,0.017204440271290283,0.13098879518200693,0,0,0,0
P07,V7_video1_normal,normal,1081,36.03048709847288,1,0.25807599374355555,0.26207416570987896,0.25407782177723215,0.15970275468056475,0.48337028824833705,1.0,0.03602530973015161,0.05489281937531354,0.045459064552732575,0.23580509887758855,0,0,0.022729532276366288,0.11790254943879427,0,0,0,0
P07,V7_video1_normal,normal,1082,36.0638177988415,1,0.26681340495773226,0.2705766789469405,0.26305013096852403,0.15957894349692325,0.48337028824833705,1.0,0.009383273344739984,0.1622062653362789,0.08579476934050945,0.17904313151411255,0,0,0.04289738467025472,0.08952156575705628,0,0,0,0
P07,V7_video1_normal,normal,1083,36.097148499210114,1,0.26842791601654703,0.27103383513430007,0.26582199689879393,0.1604542676602177,0.48337028824833705,1.0,0.026876101746286962,0.07676240254843458,0.05181925214736077,0.17120150496495723,0,0,0.025909626073680386,0.08560075248247861,0,0,0,0
P07,V7_video1_normal,normal,1084,36.13047919957872,1,0.2782889116918478,0.2801371050187644,0.2764407183649312,0.16066928511811956,0.48337028824833705,1.0,0.01324980777468343,0.009700713551751172,0.011475260663217302,0.060550231915051655,0,0,0.005737630331608651,0.030275115957525828,0,0,0,0
P07,V7_video1_normal,normal,1085,36.16380989994734,1,0.2853603343442709,0.2847397847265071,0.28598088396203464,0.16110359230559101,0.48337028824833705,1.0,0.034370066149170375,0.06145545511309969,0.04791276063113503,0.15564948497700956,0,0,0.023956380315567516,0.07782474248850478,0,0,0,0
P07,V7_video1_normal,normal,1086,36.197140600315954,1,0.289901016302832,0.288197111003793,0.29160492160187096,0.1606650353758239,0.48337028824833705,1.0,0.00889742113909231,0.037002039391386576,0.022949730265239443,0.09251861328178727,0,0,0.011474865132619722,0.04625930664089364,0,0,0,0
P07,V7_video1_normal,normal,1087,36.23047130068457,1,0.28870049691810484,0.2901386247133689,0.28726236912284087,0.16019450038653288,0.48337028824833705,1.0,0.014047998824137209,0.07865063916231929,0.04634931899322825,0.1299892934856543,0,0,0.023174659496614125,0.06499464674282715,0,0,0,0
P07,V7_video1_normal,normal,1088,36.263802001053186,1,0.30635499078256884,0.30639917813159456,0.3063108034335431,0.1601503869805503,0.48337028824833705,1.0,0.0030756593278961075,0.0808748007857466,0.041975230056821355,0.09706331103533773,0,0,0.020987615028410678,0.048531655517668866,0,0,0,0
P07,V7_video1_normal,normal,1089,36.2971327014218,1,0.3172446353091142,0.315370584139056,0.3191186864791723,0.1599327311103635,0.48337028824833705,1.0,0.007624258127075012,0.0072935022884135225,0.007458880207744267,0.12172407168908689,0,0,0.0037294401038721336,0.060862035844543444,0,0,0,0
P07,V7_video1_normal,normal,1090,36.33046340179042,1,0.3189821755203003,0.317005490255462,0.3209588607851385,0.16029765861814724,0.48337028824833705,1.0,0.023484386716172145,0.09703832290411796,0.06026135481014505,0.02376531065255756,0,0,0.030130677405072526,0.01188265532627878,0,0,0,0
P07,V7_video1_normal,normal,1091,36.363794102159034,1,0.32647110770385857,0.324953351940054,0.3279888634676632,0.159914132882277,0.48337028824833705,1.0,0.0020630831749952616,0.02083586490790379,0.011449474041449526,0.039456975603771836,0,0,0.005724737020724763,0.019728487801885918,0,0,0,0
P07,V7_video1_normal,normal,1092,36.39712480252765,1,0.3280300053434561,0.327091635550218,0.32896837513669425,0.1619123287055155,0.48337028824833705,1.0,0.007530187851762071,0.022553675068001433,0.015041931459881752,0.05637487503003746,0,0,0.007520965729940876,0.02818743751501873,0,0,0,0
P07,V7_video1_normal,normal,1093,36.43045550289626,1,0.3398704734113883,0.3336381441739317,0.34610280264884496,0.16074805301418732,0.48337028824833705,1.0,0.0018493816995472923,0.001406631547887227,0.0016280066237172597,0.09557291666209165,0,0,0.0008140033118586298,0.04778645833104583,0,0,0,0
P07,V7_video1_normal,normal,1094,36.463786203264874,1,0.3336703676801904,0.3289860701352836,0.33835466522509733,0.1586031595317277,0.48337028824833705,1.0,0.012429830334898195,0.007746987977755748,0.010088409156326972,0.07127200820653036,0,0,0.005044204578163486,0.03563600410326518,0,0,0,0
P07,V7_video1_normal,normal,1095,36.49711690363349,1,0.3285286333023732,0.3228683223815216,0.3341889442232248,0.1585937218306193,0.48337028824833705,1.0,0.04219752982933345,0.029870217878320116,0.03603387385382678,0.040770925925081636,0,0,0.01801693692691339,0.020385462962540818,0,0,0,0
P07,V7_video1_normal,normal,1096,36.530447604002106,1,0.326053199169395,0.32235730267703744,0.3297490956617526,0.16042803518708962,0.48337028824833705,1.0,0.008212955330736182,0.015608362205389081,0.011910658768062632,0.03851866865703235,0,0,0.005955329384031316,0.019259334328516176,0,0,0,0
P07,V7_video1_normal,normal,1097,36.56377830437072,1,0.32997634626299144,0.324341272182996,0.33561142034298685,0.1599932720746453,0.48337028824833705,1.0,0.003074374429037352,0.005699599275987066,0.004386986852512209,0.04551646328731675,0,0,0.0021934934262561046,0.022758231643658373,0,0,0,0
P07,V7_video1_normal,normal,1098,36.59710900473934,1,0.3277982404757237,0.3223759437256079,0.33322053722583944,0.15998028972114153,0.48337028824833705,1.0,0.0033172984494483915,0.04646464282357221,0.0248909706365103,0.037972098966832964,0,0,0.01244548531825515,0.018986049483416482,0,0,0,0
P07,V7_video1_normal,normal,1099,36.63043970510795,1,0.33895350626558773,0.33324230634182955,0.3446647061893459,0.16024368636864705,0.48337028824833705,1.0,0.008279510900854548,0.0021838913365177515,0.0052317011186861495,0.05368933007121819,0,0,0.0026158505593430748,0.026844665035609096,0,0,0,0
P07,V7_video1_normal,normal,1100,36.66377040547657,1,0.3322556645463498,0.32960574921121866,0.3349055798814809,0.16022595250044033,0.48337028824833705,1.0,0.009936873740774566,0.011460744689716806,0.010698809215245686,0.13281668212270728,0,0,0.005349404607622843,0.06640834106135364,0,0,0,0
P07,V7_video1_normal,normal,1101,36.697101105845185,1,0.32958782838942224,0.3220408388535,0.33713481792534444,0.16132703229791598,0.48337028824833705,1.0,0.0353961640300674,0.018043093418302347,0.026719628724184874,0.08731323464326786,0,0,0.013359814362092437,0.04365661732163393,0,0,0,0
P07,V7_video1_normal,normal,1102,36.730431806213794,1,0.32399808561248955,0.32085014424889,0.3271460269760891,0.1607793010914987,0.48337028824833705,1.0,0.034805111022093826,0.03822714783928294,0.03651612943068838,0.11252850739154761,0,0,0.01825806471534419,0.05626425369577381,0,0,0,0
P07,V7_video1_normal,normal,1103,36.76376250658241,1,0.32606267669062067,0.3242997536800962,0.3278255997011451,0.16114671731549082,0.48337028824833705,1.0,0.039969815846678025,0.01943061972495208,0.029700217785815053,0.1465978917640371,0,0,0.014850108892907526,0.07329894588201855,0,0,0,0
P07,V7_video1_normal,normal,1104,36.797093206951025,1,0.32629764979246956,0.3253368603003871,0.32725843928455206,0.15992068201064524,0.4811529933481153,1.0,0.009180698297913903,0.02035913623281227,0.014769917265363086,0.08916462347931886,0,0,0.007384958632681543,0.04458231173965943,0,0,0,0
P07,V7_video1_normal,normal,1105,36.83042390731964,1,0.3267424131364045,0.3231851124301734,0.33029971384263557,0.16108140242914876,0.4789356984478936,1.0,0.019514562599358576,0.0060815907798252855,0.01279807668959193,0.1024052761687235,0,0,0.006399038344795965,0.05120263808436175,0,0,0,0
P07,V7_video1_normal,normal,1106,36.86375460768826,1,0.329268440125997,0.3268674281565033,0.3316694520954907,0.16057134782182828,0.47671840354767187,1.0,0.007828389788327339,0.020344063045289573,0.014086226416808456,0.06462878032485839,0,0,0.007043113208404228,0.032314390162429193,0,0,0,0
P07,V7_video1_normal,normal,1107,36.89708530805687,1,0.31972264567287323,0.3181925791543706,0.32125271219137586,0.15946405622570403,0.4745011086474501,1.0,0.020061282173530537,0.03846786752641895,0.029264574849974745,0.06126662756548242,0,0,0.014632287424987372,0.03063331378274121,0,0,0,0
P07,V7_video1_normal,normal,1108,36.93041600842549,1,0.2990575656359864,0.3012305321664938,0.296884599105479,0.1591590833512926,0.4722838137472284,1.0,0.012114501676021683,0.30998200221524164,0.16104825194563166,0.019643485193221566,0,0,0.08052412597281583,0.009821742596610783,0,0,0,0
P07,V7_video1_normal,normal,1109,36.963746708794105,1,0.29629423330351057,0.2979433311136562,0.294645135493365,0.15945518389029645,0.4700665188470067,1.0,0.018901281883494936,0.06815858953494391,0.043529935709219425,0.011932420535275585,0,0,0.021764967854609713,0.005966210267637793,0,0,0,0
P07,V7_video1_normal,normal,1110,36.99707740916272,1,0.31854755922499345,0.31726948422314233,0.3198256342268445,0.15924178193827507,0.4678492239467849,1.0,0.05225470306295288,0.01409078747828918,0.03317274527062103,0.1959600292955757,0,0,0.016586372635310515,0.09798001464778786,0,0,0,0
P07,V7_video1_normal,normal,1111,37.03040810953133,1,0.31734476112148924,0.3157386087743748,0.3189509134686037,0.15979165232616427,0.4656319290465632,1.0,0.005845253599141564,0.006210967963976133,0.006028110781558849,0.11767888521388367,0,0,0.0030140553907794243,0.058839442606941836,0,0,0,0
P07,V7_video1_normal,normal,1112,37.063738809899945,1,0.3247696122026087,0.322404542818409,0.32713468158680836,0.1600135999610018,0.4634146341463415,1.0,0.0019262771502611686,0.0023351359559589113,0.00213070655311004,0.08095036678008792,0,0,0.00106535327655502,0.04047518339004396,0,0,0,0
P07,V7_video1_normal,normal,1113,37.09706951026856,1,0.31932585563470006,0.31744546409121116,0.3212062471781889,0.1607786265338502,0.4611973392461197,1.0,0.0020377666435630326,0.030086934276759014,0.016062350460161023,0.03910033979190732,0,0,0.008031175230080512,0.01955016989595366,0,0,0,0
P07,V7_video1_normal,normal,1114,37.13040021063718,1,0.3125169333811745,0.31090846224846863,0.3141254045138803,0.16010223898873446,0.458980044345898,1.0,0.013152997027957913,0.022270081457221202,0.017711539242589558,0.02038393497266949,0,0,0.008855769621294779,0.010191967486334745,0,0,0,0
P07,V7_video1_normal,normal,1115,37.16373091100579,1,0.31720431279491024,0.316398794999361,0.3180098305904594,0.1577937163234729,0.4567627494456763,1.0,0.012798168020242695,0.0022414812398203754,0.007519824630031535,0.05584974997460978,0,0,0.0037599123150157676,0.02792487498730489,0,0,0,0
P07,V7_video1_normal,normal,1116,37.19706161137441,1,0.31448798782571996,0.31161527847923826,0.31736069717220167,0.15873642316241854,0.45454545454545453,1.0,0.012310383942076841,0.018288143925499822,0.015299263933788332,0.034770519133322166,0,0,0.007649631966894166,0.017385259566661083,0,0,0,0
P07,V7_video1_normal,normal,1117,37.230392311743024,1,0.31145450588428547,0.3074419661475323,0.31546704562103867,0.1594616634623708,0.4523281596452328,1.0,0.02104019962377368,0.06016670900152743,0.040603454312650555,0.07234021942515549,0,0,0.020301727156325278,0.036170109712577746,0,0,0,0
P07,V7_video1_normal,normal,1118,37.26372301211164,1,0.3105105266044809,0.3112538796669089,0.30976717354205296,0.15923431116317677,0.4501108647450111,1.0,0.04618772186902831,0.0067357124698450566,0.026461717169436683,0.061604940364298616,0,0,0.013230858584718341,0.030802470182149308,0,0,0,0
P07,V7_video1_normal,normal,1119,37.297053712480256,1,0.30707108067259137,0.30721873268412087,0.30692342866106187,0.15976987656618008,0.44789356984478934,1.0,0.03136575061826996,0.017263499402594307,0.024314625010432134,0.15786906228343658,0,0,0.012157312505216067,0.07893453114171829,0,0,0,0
P07,V7_video1_normal,normal,1120,37.330384412848865,1,0.3092316086342543,0.30858896374660044,0.30987425352190817,0.15852745349904307,0.44567627494456763,1.0,0.015049787730229802,0.010964214285811957,0.01300700100802088,0.15221181467851325,0,0,0.00650350050401044,0.07610590733925662,0,0,0,0
P07,V7_video1_normal,normal,1121,37.36371511321748,1,0.3126728903473599,0.30751102217117615,0.31783475852354365,0.15852543412977585,0.4434589800443459,1.0,0.014039633371546012,0.005746134117611379,0.009892883744578695,0.31109087937565233,0,0,0.004946441872289348,0.15554543968782616,0,0,0,0
P07,V7_video1_normal,normal,1122,37.3970458135861,1,0.30101695776326587,0.3010391347701901,0.30099478075634156,0.15842415808043206,0.44124168514412415,1.0,0.011954197004259037,0.017144041255334308,0.014549119129796673,0.13508731467116844,0,0,0.007274559564898336,0.06754365733558422,0,0,0,0
P07,V7_video1_normal,normal,1123,37.43037651395471,1,0.3033469620127749,0.30483296893955714,0.3018609550859927,0.16002650268368684,0.43902439024390244,1.0,0.024283694279662926,0.006815053962286988,0.015549374120974957,0.3865208927063903,0,0,0.0077746870604874785,0.19326044635319514,0,0,0,0
P07,V7_video1_normal,normal,1124,37.46370721432333,1,0.28713326069397777,0.2910017477493227,0.28326477363863284,0.15983507008404127,0.43680709534368073,1.0,0.022883122194619743,0.013304794234935358,0.01809395821477755,0.11257249172978001,0,0,0.009046979107388775,0.056286245864890005,0,0,0,0
P07,V7_video1_normal,normal,1125,37.497037914691944,1,0.28435650956754993,0.2849923258597929,0.28372069327530697,0.1615172762050551,0.43458980044345896,1.0,0.051584614437551246,0.043782130761750415,0.04768337259965083,0.13702644866152472,0,0,0.023841686299825415,0.06851322433076236,0,0,0,0
P07,V7_video1_normal,normal,1126,37.53036861506056,1,0.27548355136511427,0.27788690105966196,0.27308020167056657,0.16050631624497283,0.43237250554323725,1.0,0.08626157351963226,0.15212611945828902,0.11919384648896064,0.07909215744684782,0,0,0.05959692324448032,0.03954607872342391,0,0,0,0
P07,V7_video1_normal,normal,1127,37.563699315429176,1,0.26221118305256996,0.2626489377416985,0.26177342836344136,0.1624559243743544,0.43015521064301554,1.0,0.043206963135905996,0.3095542057019509,0.17638058441892845,0.09487840779002978,0,1,0.08819029220946423,0.5474392038950149,0,1,0,0
P07,V7_video1_normal,normal,1128,37.59703001579779,1,0.21747480105693967,0.22135237503879288,0.21359722707508647,0.16599612476788264,0.4279379157427938,1.0,0.268650561932523,0.20825060357583913,0.23845058275418107,0.0974933940040591,0,1,0.11922529137709054,0.5487466970020296,0,1,0,0
P07,V7_video1_normal,normal,1129,37.6303607161664,1,0.10930286372396662,0.12369443879503221,0.09491128865290104,0.16443570173458674,0.4279379157427938,1.0,0.07404532762280569,0.0983052228126311,0.0861752752177184,0.09801493207519212,1,1,0.5430876376088591,0.5490074660375961,1,1,0,0
P07,V7_video1_normal,normal,1130,37.663691416535016,1,0.06682233798745335,0.09494066048072311,0.03870401549418358,0.1632553581052634,0.4279379157427938,1.0,0.27763645848401153,0.16096353533712293,0.21929999691056723,0.06577330371498627,1,1,0.6096499984552837,0.5328866518574932,1,1,1,0
P07,V7_video1_normal,normal,1131,37.69702211690363,1,0.03520117183975419,0.058802336884805836,0.011600006794702545,0.1624013370813779,0.4279379157427938,1.0,0.11157863337650853,0.1412934926925018,0.12643606303450516,0.0710993628490887,1,1,0.5632180315172526,0.5355496814245444,1,1,0,0
P07,V7_video1_normal,normal,1132,37.73035281727225,1,0.02187124712094316,0.03409893088784209,0.009643563354044232,0.16340031059074084,0.4279379157427938,1.0,0.3338856327727997,0.5213011314747156,0.42759338212375764,0.10635557383399345,1,1,0.7137966910618788,0.5531777869169967,1,1,1,0
P07,V7_video1_normal,normal,1133,37.763683517640864,1,0.028858577397261793,0.04420978114188902,0.01350737365263457,0.1621186644310893,0.4279379157427938,1.0,0.36963896407182883,0.3580794353322877,0.36385919970205827,0.06845020837821744,1,0,0.6819295998510291,0.03422510418910872,1,0,1,0
P07,V7_video1_normal,normal,1134,37.79701421800948,1,0.017719346102287988,0.03116743415103586,0.004271258053540112,0.16177596240815828,0.4279379157427938,1.0,0.13535186352058048,0.25474290969518865,0.19504738660788457,0.04849751048819496,1,0,0.5975236933039423,0.02424875524409748,1,0,1,0
P07,V7_video1_normal,normal,1135,37.830344918378096,1,0.015286356457122497,0.023493423084084405,0.0070792898301605895,0.1607643662975461,0.4279379157427938,1.0,0.21967690071506785,0.21323238635093988,0.21645464353300387,0.056330361222790386,1,0,0.608227321766502,0.028165180611395193,1,0,1,0
P07,V7_video1_normal,normal,1136,37.86367561874671,1,0.017047920527816923,0.018770079569963065,0.015325761485670783,0.1616042250480317,0.4279379157427938,1.0,0.2971547333554809,0.30707397925368485,0.3021143563045829,0.05605125483845081,1,0,0.6510571781522915,0.028025627419225405,1,0,1,0
P07,V7_video1_normal,normal,1137,37.89700631911533,1,0.017605348096128032,0.024706288236941307,0.010504407955314758,0.16150830266635097,0.4279379157427938,1.0,0.21844149136021596,0.16854349036981842,0.19349249086501719,0.09495621916000116,1,0,0.5967462454325085,0.04747810958000058,1,0,1,0
P07,V7_video1_normal,normal,1138,37.930337019483936,1,0.015835037619501474,0.008144289270989608,0.023525785968013344,0.16187385463384163,0.4279379157427938,1.0,0.2473914413476962,0.32008072196751014,0.28373608165760317,0.04778040263290037,1,0,0.6418680408288016,0.023890201316450185,1,0,1,0
P07,V7_video1_normal,normal,1139,37.96366771985255,1,0.015602653332530789,0.008377034906593295,0.022828271758468282,0.1622230410101196,0.4279379157427938,1.0,0.3744154446684611,0.31873965647499825,0.3465775505717297,0.20114697951612245,1,0,0.6732887752858648,0.10057348975806123,1,0,1,0
P07,V7_video1_normal,normal,1140,37.99699842022117,1,0.016126151602871286,0.01022993930200153,0.022022363903741043,0.16463430768639842,0.4279379157427938,1.0,0.07898391599356325,0.2654136716856903,0.17219879383962677,0.8186236463907435,1,1,0.5860993969198134,0.9093118231953717,1,1,1,1
P07,V7_video1_normal,normal,1141,38.03032912058978,1,0.015775728325756022,0.009146173954814653,0.022405282696697393,0.17148832944995346,0.4279379157427938,1.0,0.10139991897102896,0.1792736465657141,0.14033678276837153,0.7150424977368184,1,1,0.5701683913841857,0.8575212488684092,1,1,0,1
P07,V7_video1_normal,normal,1142,38.0636598209584,1,0.012736948696938583,0.006165909129194271,0.019307988264682895,0.1945169610051057,0.4279379157427938,1.0,0.11596477555511753,0.11373662314334587,0.1148506993492317,0.7287880079339653,1,1,0.5574253496746159,0.8643940039669826,1,1,0,1
P07,V7_video1_normal,normal,1143,38.096990521327015,1,0.012526806866710084,0.012027951382112954,0.013025662351307215,0.20734872829314713,0.4279379157427938,1.0,0.07437300648775713,0.4352426803770507,0.2548078434324039,0.9231008929795358,1,1,0.627403921716202,0.961550446489768,1,1,1,1
P07,V7_video1_normal,normal,1144,38.13032122169563,1,0.013959436562021386,0.01329602429943809,0.014622848824604684,0.210095057183999,0.4279379157427938,1.0,0.10125780067778811,0.21283399661438762,0.15704589864608787,0.7474933247571085,1,1,0.5785229493230439,0.8737466623785543,1,1,0,1
P07,V7_video1_normal,normal,1145,38.16365192206425,1,0.014688803560361608,0.007923691196019487,0.02145391592470373,0.20829853302014967,0.4279379157427938,1.0,0.1230649485181794,0.5060144369469133,0.31453969273254634,0.9047085140250638,1,1,0.6572698463662732,0.9523542570125318,1,1,1,1
P07,V7_video1_normal,normal,1146,38.19698262243286,1,0.016265858497803057,0.006368347069474399,0.026163369926131712,0.21219913683577477,0.4279379157427938,1.0,0.06287217789690203,0.3303588949846701,0.19661553644078605,0.8641934637014917,1,1,0.598307768220393,0.9320967318507458,1,1,1,1
P07,V7_video1_normal,normal,1147,38.23031332280147,1,0.014679591078739635,0.008879400531113009,0.020479781626366263,0.21510473079806947,0.4279379157427938,1.0,0.05802570030221865,0.31468951691631586,0.18635760860926726,0.9477858997462454,1,1,0.5931788043046337,0.9738929498731227,1,1,1,1
P07,V7_video1_normal,normal,1148,38.26364402317009,1,0.01621389993036039,0.011299986274860249,0.021127813585860532,0.21527227170558838,0.4279379157427938,1.0,0.05046550180230336,0.4259931116700566,0.23822930673617998,0.9296763566152384,1,1,0.61911465336809,0.9648381783076192,1,1,1,1
P07,V7_video1_normal,normal,1149,38.2969747235387,1,0.01368241563402445,0.01684513897817888,0.01051969228987002,0.21602137218809853,0.4279379157427938,1.0,0.08766601393134943,0.5041680488079057,0.29591703136962755,0.9767382408956117,1,1,0.6479585156848138,0.9883691204478058,1,1,1,1
P07,V7_video1_normal,normal,1150,38.33030542390732,1,0.016324321816173236,0.020354480166390597,0.012294163465955877,0.2183674560199631,0.4279379157427938,1.0,0.12103440591712322,0.28642125251050077,0.203727829213812,0.9481530448818057,1,1,0.601863914606906,0.9740765224409029,1,1,1,1
P07,V7_video1_normal,normal,1151,38.363636124275935,1,0.013142266230536716,0.009828814299237546,0.016455718161835886,0.2199163126054178,0.4279379157427938,1.0,0.12463503289650535,0.4088822616314204,0.26675864726396287,0.9462645481028201,1,1,0.6333793236319815,0.9731322740514101,1,1,1,1
P07,V7_video1_normal,normal,1152,38.39696682464455,1,0.018069622299348383,0.026806947235408857,0.009332297363287912,0.22063609179105004,0.4279379157427938,1.0,0.18690360206382406,0.15279572249699302,0.16984966228040854,0.9504816078615164,1,1,0.5849248311402042,0.9752408039307582,1,1,1,1
P07,V7_video1_normal,normal,1153,38.43029752501317,1,0.029985516349659024,0.04525069158748434,0.014720341111833707,0.2163685537526537,0.4279379157427938,1.0,0.16344017640305053,0.12663594224556518,0.14503805932430786,0.9580558929618033,1,1,0.572519029662154,0.9790279464809016,1,1,0,1
P07,V7_video1_normal,normal,1154,38.46362822538178,1,0.03694902717840272,0.05534539429277709,0.018552660064028337,0.21805853577729825,0.4279379157427938,1.0,0.21053494680364893,0.14929982099989603,0.17991738390177248,0.9802454644081788,1,1,0.5899586919508862,0.9901227322040894,1,1,1,1
P07,V7_video1_normal,normal,1155,38.4969589257504,1,0.056262513715973,0.08073820536036497,0.03178682207158104,0.21896784779568426,0.4279379157427938,1.0,0.15859966619709276,0.39597736497266145,0.2772885155848771,0.9751629837628487,1,1,0.6386442577924385,0.9875814918814243,1,1,1,1
P07,V7_video1_normal,normal,1156,38.53028962611901,1,0.07503428018699837,0.10655322428365871,0.043515336090338044,0.21883667414232127,0.4279379157427938,1.0,0.10639664122852666,0.3771778920325498,0.24178726663053823,0.9647925891088364,1,1,0.6208936333152691,0.9823962945544182,1,1,1,1
P07,V7_video1_normal,normal,1157,38.56362032648762,1,0.09980266695361448,0.13332490615719159,0.06628042775003735,0.222265326128017,0.4279379157427938,1.0,0.296371177710134,0.41736586325494074,0.35686852048253737,0.8291333844608938,1,1,0.6784342602412687,0.914566692230447,1,1,1,1
P07,V7_video1_normal,normal,1158,38.59695102685624,1,0.12055621973149494,0.15734440666558752,0.08376803279740237,0.21678813139493563,0.43015521064301554,1.0,0.11824358148119496,0.16462250394396827,0.1414330427125816,0.8719252775519238,1,1,0.5707165213562908,0.9359626387759619,1,1,0,1
P07,V7_video1_normal,normal,1159,38.630281727224855,1,0.1408816349505376,0.1783828164372644,0.10338045346381079,0.22539225913566613,0.43015521064301554,1.0,0.4306976449320955,0.07594431883967157,0.25332098188588353,0.959095089001307,0,1,0.12666049094294177,0.9795475445006535,0,1,0,1
P07,V7_video1_normal,normal,1160,38.66361242759347,1,0.1562403133970545,0.2064499570856334,0.10603066970847556,0.22490502827348863,0.43015521064301554,1.0,0.11746830821866006,0.40219116242557273,0.2598297353221164,0.9292601774990846,0,1,0.1299148676610582,0.9646300887495423,0,1,0,1
P07,V7_video1_normal,normal,1161,38.696943127962086,1,0.1698894692566508,0.21796911145579365,0.12180982705750797,0.2326580957460408,0.43015521064301554,1.0,0.12747259421558388,0.3307076616617848,0.22909012793868433,0.966166323957095,0,1,0.11454506396934216,0.9830831619785475,0,1,0,1
P07,V7_video1_normal,normal,1162,38.7302738283307,1,0.1860185837313279,0.2206286488878205,0.15140851857483534,0.24041739047382807,0.43015521064301554,1.0,0.1563111728128277,0.11295185001805641,0.13463151141544205,0.9738256220512129,0,1,0.06731575570772103,0.9869128110256065,0,1,0,1
P07,V7_video1_normal,normal,1163,38.76360452869932,1,0.2105561276226598,0.23704551313224928,0.18406674211307034,0.2462533439221529,0.43015521064301554,1.0,0.10933114485667716,0.33738879348941087,0.22335996917304402,0.9501731198810354,0,1,0.11167998458652201,0.9750865599405176,0,1,0,1
P07,V7_video1_normal,normal,1164,38.796935229067934,1,0.21505664236658525,0.23729953999581,0.19281374473736052,0.24532371055100946,0.43015521064301554,1.0,0.03776634355130393,0.3343006875911907,0.1860335155712473,0.8905906135750103,0,1,0.09301675778562365,0.9452953067875052,0,1,0,1
P07,V7_video1_normal,normal,1165,38.83026592943654,1,0.21141039198424963,0.24052648285736541,0.18229430111113384,0.24587006555541385,0.43015521064301554,1.0,0.035146439121309214,0.28253389019127495,0.15884016465629208,0.9900418197626312,0,1,0.07942008232814604,0.9950209098813156,0,1,0,1
P07,V7_video1_normal,normal,1166,38.86359662980516,1,0.21561213414465705,0.2399256344492757,0.1912986338400384,0.24739367065980644,0.43015521064301554,1.0,0.2997859810914455,0.3304617659325061,0.3151238735119758,0.9452682871490974,0,1,0.1575619367559879,0.9726341435745487,0,1,0,1
P07,V7_video1_normal,normal,1167,38.896927330173774,1,0.22922351042219474,0.24740800190736473,0.21103901893702476,0.2542695833491266,0.43015521064301554,1.0,0.04381547094624216,0.23178815407016695,0.13780181250820456,0.9479763104143446,0,1,0.06890090625410228,0.9739881552071723,0,1,0,1
P07,V7_video1_normal,normal,1168,38.93025803054239,1,0.23699930535336455,0.2496987431272605,0.2242998675794686,0.258079284438204,0.43015521064301554,1.0,0.513771246441034,0.7611393527263259,0.63745529958368,0.9048935063735529,0,1,0.31872764979184,0.9524467531867764,0,1,0,1
P07,V7_video1_normal,normal,1169,38.963588730911006,1,0.2416332665909054,0.25226626898089255,0.23100026420091824,0.25790435332004835,0.43015521064301554,1.0,0.11075841225321736,0.27707075722409646,0.19391458473865691,0.7968832342270019,0,1,0.09695729236932846,0.898441617113501,0,1,0,1
P07,V7_video1_normal,normal,1170,38.99691943127962,1,0.22913545930178605,0.24373755737057182,0.2145333612330003,0.2648586632009679,0.43015521064301554,1.0,0.07289091190947872,0.2248504899899041,0.1488707009496914,0.9973628409255986,0,1,0.0744353504748457,0.9986814204627993,0,1,0,1
P07,V7_video1_normal,normal,1171,39.03025013164824,1,0.2363138711668658,0.24788032122526907,0.22474742110846258,0.2665010529272348,0.43015521064301554,1.0,0.04324206500398031,0.34894987269997324,0.19609596885197678,0.9942615240519633,0,1,0.09804798442598839,0.9971307620259817,0,1,0,1
P07,V7_video1_normal,normal,1172,39.063580832016854,1,0.23458618812959492,0.24691395571515276,0.22225842054403708,0.27529377907052127,0.43015521064301554,1.0,0.080453175256193,0.167497214205225,0.123975194730709,0.9929951832136646,0,1,0.0619875973653545,0.9964975916068324,0,1,0,1
P07,V7_video1_normal,normal,1173,39.09691153238547,1,0.23209941092676512,0.24424726675119032,0.21995155510233988,0.2788215165934723,0.43015521064301554,1.0,0.07195127714801575,0.287393088293897,0.17967218272095636,0.9967642997106922,0,1,0.08983609136047818,0.9983821498553461,0,1,0,1
P07,V7_video1_normal,normal,1174,39.13024223275408,1,0.22749610265186118,0.24171531695695503,0.21327688834676733,0.2813469262478837,0.43015521064301554,1.0,0.045235718616429166,0.08253057949109777,0.06388314905376347,0.9968341548559464,0,1,0.03194157452688173,0.9984170774279733,0,1,0,1
P07,V7_video1_normal,normal,1175,39.163572933122694,1,0.21458036063982122,0.22696270975168442,0.20219801152795805,0.28961557732492316,0.43015521064301554,1.0,0.2211193004058647,0.2042302447087042,0.21267477255728445,0.9985238081875032,0,1,0.10633738627864223,0.9992619040937516,0,1,0,1
P07,V7_video1_normal,normal,1176,39.19690363349131,1,0.19958257372209898,0.21832947394675853,0.1808356734974394,0.2956311673035648,0.43015521064301554,1.0,0.058297314290539526,0.5041094689067507,0.2812033915986451,0.9997247458142186,0,1,0.14060169579932255,0.9998623729071092,0,1,0,1
P07,V7_video1_normal,normal,1177,39.230234333859926,1,0.18536698133741003,0.20952109055931697,0.1612128721155031,0.30412477802807947,0.43015521064301554,1.0,0.12279653941910507,0.34119146693697844,0.23199400317804175,0.9998714287231633,0,1,0.11599700158902088,0.9999357143615817,0,1,0,1
P07,V7_video1_normal,normal,1178,39.26356503422854,1,0.1822398492638771,0.20543262282113908,0.15904707570661508,0.3094814241705912,0.43015521064301554,1.0,0.2338871667771083,0.26180432522075536,0.24784574599893183,0.9997105577950519,0,1,0.12392287299946592,0.9998552788975259,0,1,0,1
P07,V7_video1_normal,normal,1179,39.29689573459716,1,0.14613981264883472,0.1764174896705317,0.11586213562713774,0.31316918924148607,0.43015521064301554,1.0,0.13097806338860396,0.30814376785821684,0.2195609156234104,0.9995700716553526,0,1,0.1097804578117052,0.9997850358276763,0,1,0,1
P07,V7_video1_normal,normal,1180,39.33022643496577,1,0.12726698175639528,0.1606870757876373,0.09384688772515326,0.31321544296894516,0.43237250554323725,1.0,0.11468835824567336,0.1526277641149666,0.13365806118031998,0.9991142335313118,1,1,0.56682903059016,0.9995571167656558,1,1,0,1
P07,V7_video1_normal,normal,1181,39.36355713533439,1,0.14609628898034546,0.17708055193595124,0.11511202602473967,0.30784679720013186,0.43237250554323725,1.0,0.45492208537792667,0.18035151668775096,0.3176368010328388,0.9990963965146693,0,1,0.1588184005164194,0.9995481982573347,0,1,0,1
P07,V7_video1_normal,normal,1182,39.396887835703005,1,0.15204693688032414,0.1827948291891419,0.12129904457150638,0.30490365907793743,0.43237250554323725,1.0,0.18720774791966432,0.26331954193808893,0.22526364492887663,0.9932297520720688,0,1,0.11263182246443831,0.9966148760360344,0,1,0,1
P07,V7_video1_normal,normal,1183,39.430218536071614,1,0.15248971449371182,0.18373754802304829,0.12124188096437535,0.2992602676052637,0.43237250554323725,1.0,0.0702214121354412,0.3296313899255584,0.1999264010304998,0.9862724843671128,0,1,0.0999632005152499,0.9931362421835563,0,1,0,1
P07,V7_video1_normal,normal,1184,39.46354923644023,1,0.15738622126798718,0.18520016765014735,0.129572274885827,0.29639762543550896,0.43237250554323725,1.0,0.2389026303915548,0.6675538532613157,0.45322824182643523,0.9849859007726878,0,1,0.22661412091321761,0.9924929503863439,0,1,0,1
P07,V7_video1_normal,normal,1185,39.496879936808845,1,0.1553113114556225,0.18440540033159297,0.126217222579652,0.2921307241527395,0.43237250554323725,1.0,0.2966648134095934,0.5833807291363715,0.44002277127298245,0.9020023716923105,0,1,0.22001138563649122,0.9510011858461552,0,1,0,1
P07,V7_video1_normal,normal,1186,39.53021063717746,1,0.16650013735176697,0.19342426798376122,0.13957600671977272,0.28790133220511854,0.43237250554323725,1.0,0.13448686857176517,0.4455711905016625,0.29002902953671383,0.8688397638149088,0,1,0.14501451476835692,0.9344198819074544,0,1,0,1
P07,V7_video1_normal,normal,1187,39.56354133754608,1,0.17074342427063327,0.1971560071237049,0.1443308414175616,0.28558602411275275,0.43237250554323725,1.0,0.27890725255894044,0.18525573795608585,0.23208149525751315,0.9058092202152324,0,1,0.11604074762875657,0.9529046101076162,0,1,0,1
P07,V7_video1_normal,normal,1188,39.59687203791469,1,0.17070076936978223,0.19948575431211785,0.14191578442744662,0.2795938153554718,0.43237250554323725,1.0,0.2169477924863389,0.30055494779304115,0.25875137013969,0.9728375104238419,0,1,0.129375685069845,0.986418755211921,0,1,0,1
P07,V7_video1_normal,normal,1189,39.63020273828331,1,0.17949081625382698,0.20255261082060239,0.15642902168705158,0.27306701187959803,0.43237250554323725,1.0,0.0997791351638927,0.302354758660894,0.20106694691239335,0.9191948394834156,0,1,0.10053347345619668,0.9595974197417079,0,1,0,1
P07,V7_video1_normal,normal,1190,39.663533438651925,1,0.1782791853808951,0.19968774436362396,0.1568706263981662,0.27112868394642126,0.43237250554323725,1.0,0.3629099866080052,0.5079431109225365,0.43542654876527087,0.9024131296954991,0,1,0.21771327438263544,0.9512065648477496,0,1,0,1
P07,V7_video1_normal,normal,1191,39.69686413902054,1,0.16833258455614006,0.19066746526264236,0.14599770384963776,0.26674742628636017,0.43237250554323725,1.0,0.2536012880786027,0.44599517282316103,0.3497982304508819,0.8880429438770557,0,1,0.17489911522544094,0.9440214719385278,0,1,0,1
P07,V7_video1_normal,normal,1192,39.73019483938915,1,0.16691220289947603,0.18977030724466523,0.14405409855428683,0.2662589854149442,0.43237250554323725,1.0,0.22105518910564614,0.5195193282398927,0.3702872586727694,0.5256957297905859,0,1,0.1851436293363847,0.762847864895293,0,1,0,1
P07,V7_video1_normal,normal,1193,39.763525539757765,1,0.1656310485351669,0.19068671309648405,0.14057538397384975,0.25818552465194894,0.43237250554323725,1.0,0.18367513225283438,0.43936827947241197,0.3115217058626232,0.9185931365176906,0,1,0.1557608529313116,0.9592965682588452,0,1,0,1
P07,V7_video1_normal,normal,1194,39.79685624012638,1,0.1611873048377851,0.19255160044008077,0.1298230092354894,0.26088770194991806,0.43237250554323725,1.0,0.4598818412720611,0.27480047689615417,0.36734115908410764,0.8912744251059627,0,1,0.18367057954205382,0.9456372125529813,0,1,0,1
P07,V7_video1_normal,normal,1195,39.830186940495,1,0.1729752729562269,0.2015033305416961,0.14444721537075764,0.25037896300226253,0.43237250554323725,1.0,0.30605745340843926,0.2973512977988565,0.3017043756036479,0.8421597955978083,0,1,0.15085218780182394,0.9210798977989041,0,1,0,1
P07,V7_video1_normal,normal,1196,39.86351764086361,1,0.18510992345178895,0.20883802178555158,0.16138182511802632,0.24908311816693454,0.43237250554323725,1.0,0.4185157766334189,0.2537406738668079,0.3361282252501134,0.8965823808188897,0,1,0.1680641126250567,0.9482911904094449,0,1,0,1
P07,V7_video1_normal,normal,1197,39.89684834123223,1,0.1903690438632626,0.2106879017921675,0.1700501859343577,0.24270536733505765,0.43237250554323725,1.0,0.4014677919403272,0.2780181309939753,0.33974296146715127,0.5921540305169054,0,1,0.16987148073357564,0.7960770152584526,0,1,0,1
P07,V7_video1_normal,normal,1198,39.930179041600844,1,0.1854292638649388,0.20766448735639995,0.16319404037347762,0.2414115401062425,0.43237250554323725,1.0,0.30051795997607444,0.37583755516498063,0.33817775757052754,0.864286685232296,0,1,0.16908887878526377,0.9321433426161481,0,1,0,1
P07,V7_video1_normal,normal,1199,39.96350974196946,1,0.18757610298728034,0.208426454769779,0.1667257512047817,0.24130671937269568,0.43237250554323725,1.0,0.12162303242493433,0.1431317699326219,0.1323774011787781,0.7847350553558126,0,1,0.06618870058938905,0.8923675276779063,0,1,0,1
P07,V7_video1_normal,normal,1200,39.996840442338076,1,0.18421139394567693,0.2055406719634845,0.1628821159278694,0.2381796573532713,0.43237250554323725,1.0,0.1819942130777551,0.18898922032821652,0.1854917167029858,0.6894464497172201,0,1,0.0927458583514929,0.8447232248586101,0,1,0,1
P07,V7_video1_normal,normal,1201,40.030171142706685,1,0.1825808183360721,0.20816342909443597,0.15699820757770824,0.23181795827376367,0.43237250554323725,1.0,0.23102595293573225,0.5124256614323602,0.37172580718404624,0.5809800611075965,0,1,0.18586290359202312,0.7904900305537983,0,1,0,1
P07,V7_video1_normal,normal,1202,40.0635018430753,1,0.1823416048099742,0.20487784382707463,0.15980536579287372,0.22949698039948738,0.43237250554323725,1.0,0.10886300312686448,0.6310383720105273,0.36995068756869587,0.8918410844786264,0,1,0.18497534378434793,0.9459205422393132,0,1,0,1
P07,V7_video1_normal,normal,1203,40.09683254344392,1,0.17946209802239493,0.20175499843331213,0.15716919761147774,0.22801063182439305,0.43237250554323725,1.0,0.07415467887071969,0.3652089104756795,0.2196817946731996,0.8654319640222661,0,1,0.1098408973365998,0.932715982011133,0,1,0,1
P07,V7_video1_normal,normal,1204,40.13016324381253,1,0.18420255991565399,0.20940663389033326,0.15899848594097468,0.22275289445223442,0.43237250554323725,1.0,0.05154896830817557,0.37794576163361493,0.21474736497089525,0.8049605357409295,0,1,0.10737368248544762,0.9024802678704648,0,1,0,1
P07,V7_video1_normal,normal,1205,40.16349394418115,1,0.1865332032216363,0.2119794064721389,0.16108699997113368,0.22052906848063158,0.43237250554323725,1.0,0.06664454694336885,0.437404342032797,0.2520244444880829,0.9262646102929629,0,1,0.12601222224404146,0.9631323051464815,0,1,0,1
P07,V7_video1_normal,normal,1206,40.196824644549764,1,0.1828965994058943,0.20793550842702238,0.15785769038476624,0.21893818974961804,0.43237250554323725,1.0,0.3781730547812361,0.4715083549742678,0.42484070487775194,0.8432586887692423,0,1,0.21242035243887597,0.9216293443846211,0,1,0,1
P07,V7_video1_normal,normal,1207,40.23015534491838,1,0.19994780654382605,0.21566341771832867,0.1842321953693234,0.21430067601217062,0.43237250554323725,1.0,0.14386894333694278,0.11295904051981775,0.12841399192838027,0.6636291920680321,0,1,0.06420699596419013,0.831814596034016,0,1,0,1
P07,V7_video1_normal,normal,1208,40.263486045286996,1,0.20476922469065137,0.21809986261649322,0.19143858676480952,0.21313139160035854,0.43237250554323725,1.0,0.1566602463538619,0.44801451308590357,0.3023373797198827,0.7664799034667311,0,1,0.15116868985994136,0.8832399517333656,0,1,0,1
P07,V7_video1_normal,normal,1209,40.29681674565561,1,0.20643648518260344,0.21973692913443404,0.19313604123077283,0.20576614458122694,0.43237250554323725,1.0,0.07337235733303105,0.2169435802149885,0.14515796877400977,0.9553133082503033,0,1,0.07257898438700489,0.9776566541251517,0,1,0,1
P07,V7_video1_normal,normal,1210,40.33014744602422,1,0.20975745619734762,0.22034291621859886,0.19917199617609638,0.20058023888729593,0.43237250554323725,1.0,0.192757157384006,0.12045152117669589,0.15660433928035095,0.8066318575696007,0,1,0.07830216964017547,0.9033159287848003,0,1,0,1
P07,V7_video1_normal,normal,1211,40.363478146392836,1,0.20764056509669732,0.2196530326109953,0.19562809758239935,0.1961424985540561,0.43237250554323725,1.0,0.1594400076634156,0.19868269670886052,0.17906135218613806,0.790345886301617,0,1,0.08953067609306903,0.8951729431508084,0,1,0,1
P07,V7_video1_normal,normal,1212,40.39680884676145,1,0.20023553751863762,0.21299867382681262,0.18747240121046263,0.19235974057384006,0.43237250554323725,1.0,0.22875476310709397,0.2348776051753697,0.23181618414123184,0.9365844947104359,0,1,0.11590809207061592,0.968292247355218,0,1,0,1
P07,V7_video1_normal,normal,1213,40.43013954713007,1,0.20366406639467044,0.216613527125062,0.1907146056642789,0.1733951171319354,0.43237250554323725,1.0,0.10611970723170416,0.29872711074659686,0.2024234089891505,0.8697324084293492,0,1,0.10121170449457526,0.9348662042146746,0,1,0,1
P07,V7_video1_normal,normal,1214,40.463470247498684,1,0.1958212449747602,0.2128355125942788,0.1788069773552416,0.1692079706276876,0.43237250554323725,1.0,0.059380143004365116,0.14039197323943986,0.09988605812190249,0.3905928299898589,0,1,0.049943029060951244,0.6952964149949294,0,1,0,1
P07,V7_video1_normal,normal,1215,40.4968009478673,1,0.20067799681152054,0.21669587163738582,0.18466012198565526,0.17424828813723467,0.43237250554323725,1.0,0.10227523964605256,0.18517352414011157,0.14372438189308206,0.44594217716550855,0,1,0.07186219094654103,0.7229710885827543,0,1,0,1
P07,V7_video1_normal,normal,1216,40.530131648235916,1,0.20558111683102193,0.22183439504581753,0.1893278386162263,0.17152362776090674,0.43237250554323725,1.0,0.2291482922035054,0.23076224542189494,0.22995526881270018,0.7526454234480827,0,1,0.11497763440635009,0.8763227117240413,0,1,0,1
P07,V7_video1_normal,normal,1217,40.56346234860453,1,0.2030084360852839,0.21761560259393423,0.1884012695766336,0.17337689444775092,0.43237250554323725,1.0,0.14637098798018477,0.24087786005242684,0.1936244240163058,0.29243742061876443,0,1,0.0968122120081529,0.6462187103093822,0,1,0,1
P07,V7_video1_normal,normal,1218,40.59679304897315,1,0.20368641875372917,0.21663901311876244,0.19073382438869593,0.16614832970051158,0.43237250554323725,1.0,0.2242760413033973,0.2886806808842499,0.2564783610938236,0.8235518356243707,0,1,0.1282391805469118,0.9117759178121854,0,1,0,1
P07,V7_video1_normal,normal,1219,40.630123749341756,1,0.20092642600534344,0.21538691372777635,0.18646593828291053,0.16590945462519027,0.43237250554323725,1.0,0.1029825523541602,0.06219547871780717,0.08258901553598369,0.831988596235881,0,1,0.041294507767991845,0.9159942981179405,0,1,0,1
P07,V7_video1_normal,normal,1220,40.66345444971037,1,0.20356208896080286,0.22052550607609417,0.18659867184551157,0.1650492790647791,0.43237250554323725,1.0,0.08730806692049964,0.23137440685474597,0.1593412368876228,0.8138129244353289,0,1,0.0796706184438114,0.9069064622176645,0,1,0,1
P07,V7_video1_normal,normal,1221,40.69678515007899,1,0.20400569171043298,0.22186311276013038,0.1861482706607356,0.16362532641330915,0.43237250554323725,1.0,0.04921167052648667,0.5690760290195709,0.3091438497730288,0.6468843875724086,0,1,0.1545719248865144,0.8234421937862043,0,1,0,1
P07,V7_video1_normal,normal,1222,40.7301158504476,1,0.19912513924686803,0.21662054564440195,0.18162973284933415,0.16391939114640658,0.43237250554323725,1.0,0.09455042274431769,0.21038899603384242,0.15246970938908005,0.8343983045967248,0,1,0.07623485469454003,0.9171991522983625,0,1,0,1
P07,V7_video1_normal,normal,1223,40.76344655081622,1,0.20347001464973968,0.21953027911325457,0.18740975018622477,0.16382035546707646,0.43237250554323725,1.0,0.11026430732209958,0.17878725806701112,0.14452578269455535,0.795937520966837,0,1,0.07226289134727767,0.8979687604834186,0,1,0,1
P07,V7_video1_normal,normal,1224,40.796777251184835,1,0.20057771570436314,0.21958165641611577,0.18157377499261051,0.1611349707774822,0.43237250554323725,1.0,0.06912081339883336,0.4840967374273373,0.2766087754130853,0.23695278913976833,0,0,0.13830438770654266,0.11847639456988417,0,0,0,0
P07,V7_video1_normal,normal,1225,40.83010795155345,1,0.20025396678384327,0.21493839758438302,0.18556953598330356,0.16000338107540682,0.43237250554323725,1.0,0.12477152852093565,0.4138892775436872,0.2693304030323114,0.2202439580748144,0,0,0.1346652015161557,0.1101219790374072,0,0,0,0
P07,V7_video1_normal,normal,1226,40.86343865192207,1,0.19372373990957256,0.21105394326159338,0.17639353655755174,0.16207670540043684,0.43237250554323725,1.0,0.16678434865752023,0.438385790617433,0.3025850696374766,0.12089598580395138,0,0,0.1512925348187383,0.06044799290197569,0,0,0,0
P07,V7_video1_normal,normal,1227,40.89676935229068,1,0.18412406258577543,0.20466015037097376,0.1635879748005771,0.15987607173735746,0.43237250554323725,1.0,0.07032423570767299,0.2534755998754151,0.16189991779154406,0.1777605787037782,0,0,0.08094995889577203,0.0888802893518891,0,0,0,0
P07,V7_video1_normal,normal,1228,40.93010005265929,1,0.16597405007330057,0.20186850995114447,0.1300795901954567,0.15465717610863322,0.43237250554323725,1.0,0.11366725907708253,0.18760707893451734,0.15063716900579993,0.08568955183450176,0,0,0.07531858450289997,0.04284477591725088,0,0,0,0
P07,V7_video1_normal,normal,1229,40.96343075302791,1,0.17965982606627323,0.20975811621883336,0.14956153591371307,0.15266647547634768,0.43237250554323725,1.0,0.138178065905892,0.46580804637209094,0.30199305613899147,0.07205674031015612,0,0,0.15099652806949573,0.03602837015507806,0,0,0,0
P07,V7_video1_normal,normal,1230,40.99676145339652,1,0.19624250993119222,0.21291916375372216,0.17956585610866227,0.15329941899971994,0.43237250554323725,1.0,0.1462504558278418,0.13785999952123795,0.14205522767453987,0.49201236081032873,0,0,0.07102761383726994,0.24600618040516437,0,0,0,0
P07,V7_video1_normal,normal,1231,41.03009215376514,1,0.19662995925887153,0.21461071732920486,0.1786492011885382,0.15354677198662534,0.43237250554323725,1.0,0.2633764321548556,0.1717789008980405,0.21757766652644805,0.24101541106568009,0,0,0.10878883326322403,0.12050770553284004,0,0,0,0
P07,V7_video1_normal,normal,1232,41.063422854133755,1,0.20483777626298294,0.22601778661580363,0.18365776591016228,0.15287737087981854,0.43237250554323725,1.0,0.1291272133315453,0.5729787399198913,0.3510529766257183,0.06672954555365698,0,0,0.17552648831285916,0.03336477277682849,0,0,0,0
P07,V7_video1_normal,normal,1233,41.09675355450237,1,0.19558591598582536,0.21973494704683966,0.17143688492481104,0.1529673701191481,0.43237250554323725,1.0,0.11210875800484654,0.49463119131108113,0.30336997465796384,0.05400909474332417,0,0,0.15168498732898192,0.027004547371662083,0,0,0,0
P07,V7_video1_normal,normal,1234,41.13008425487099,1,0.18609177196155674,0.20895873126124256,0.16322481266187092,0.15352115858348703,0.43237250554323725,1.0,0.11039025696469118,0.3204667791325999,0.21542851804864555,0.13274357266633782,0,0,0.10771425902432277,0.06637178633316891,0,0,0,0
P07,V7_video1_normal,normal,1235,41.1634149552396,1,0.18838284242343614,0.21557600661149387,0.16118967823537841,0.15368940912590817,0.43237250554323725,1.0,0.14799041690723203,0.18003872485764028,0.16401457088243615,0.0970028145382391,0,0,0.08200728544121808,0.04850140726911955,0,0,0,0
P07,V7_video1_normal,normal,1236,41.19674565560821,1,0.19203295461205225,0.21976514812243925,0.16430076110166525,0.15337779859016942,0.43237250554323725,1.0,0.3952190863032149,0.21156482506920204,0.30339195568620847,0.1348166530134863,0,0,0.15169597784310423,0.06740832650674315,0,0,0,0
P07,V7_video1_normal,normal,1237,41.23007635597683,1,0.18633214218245006,0.212905208446014,0.15975907591888613,0.1538208523809009,0.43237250554323725,1.0,0.11884137820546503,0.35762053938646476,0.2382309587959649,0.14862781041458667,0,0,0.11911547939798245,0.07431390520729333,0,0,0,0
P07,V7_video1_normal,normal,1238,41.26340705634544,1,0.18914825370691965,0.21811552819540309,0.16018097921843621,0.15385143391561634,0.43237250554323725,1.0,0.1424426771251026,0.5394627214407713,0.340952699282937,0.10485598469583013,0,0,0.1704763496414685,0.052427992347915064,0,0,0,0
P07,V7_video1_normal,normal,1239,41.29673775671406,1,0.19186991731991376,0.2196995244436387,0.1640403101961888,0.15452264574482627,0.43237250554323725,1.0,0.4360305727612124,0.08107042585049284,0.2585504993058526,0.17692055079041757,0,0,0.1292752496529263,0.08846027539520879,0,0,0,0
P07,V7_video1_normal,normal,1240,41.330068457082675,1,0.19362270000926482,0.22063106163702126,0.16661433838150838,0.15399791939788565,0.43237250554323725,1.0,0.13493234032539225,0.3220438750492597,0.22848810768732597,0.13848057690687907,0,0,0.11424405384366298,0.06924028845343953,0,0,0,0
P07,V7_video1_normal,normal,1241,41.36339915745129,1,0.2020972300544348,0.22675857089416251,0.17743588921470707,0.15486931767957296,0.43237250554323725,1.0,0.2753145005674109,0.21291795021004367,0.2441162253887273,0.0318992746173918,0,0,0.12205811269436365,0.0159496373086959,0,0,0,0
P07,V7_video1_normal,normal,1242,41.396729857819906,1,0.21429082551748735,0.23508738764634515,0.19349426338862954,0.1551584225249563,0.43237250554323725,1.0,0.24436797980862845,0.545504270942621,0.3949361253756247,0.09147693164828224,0,0,0.19746806268781236,0.04573846582414112,0,0,0,0
P07,V7_video1_normal,normal,1243,41.43006055818852,1,0.22831376356870636,0.24471979048169326,0.2119077366557195,0.1551611137079885,0.43237250554323725,1.0,0.12933783903147378,0.4233578385251917,0.27634783877833274,0.0330540348225147,0,0,0.13817391938916637,0.01652701741125735,0,0,0,0
P07,V7_video1_normal,normal,1244,41.46339125855714,1,0.2480034727688712,0.2566723602832743,0.23933458525446813,0.15566310923069307,0.43237250554323725,1.0,0.024293282629016755,0.23756513748712693,0.13092921005807184,0.04745785161193801,0,0,0.06546460502903592,0.023728925805969005,0,0,0,0
P07,V7_video1_normal,normal,1245,41.49672195892575,1,0.25936630598942284,0.26108635595156415,0.25764625602728153,0.1562581337352901,0.43237250554323725,1.0,0.20197920450373807,0.21357861487581586,0.20777890968977697,0.02443239677690554,0,0,0.10388945484488848,0.01221619838845277,0,0,0,0
P07,V7_video1_normal,normal,1246,41.53005265929436,1,0.2543207449360423,0.260219950896511,0.24842153897557362,0.1574136940058657,0.43237250554323725,1.0,0.030527070515503962,0.24305924420372305,0.1367931573596135,0.033260415344348676,0,0,0.06839657867980675,0.016630207672174338,0,0,0,0
P07,V7_video1_normal,normal,1247,41.56338335966298,1,0.26147804881528913,0.2623480357397779,0.2606080618908004,0.15719927077764745,0.43237250554323725,1.0,0.10719913337693165,0.06949043626971396,0.08834478482332281,0.01765335884166872,0,0,0.044172392411661404,0.00882667942083436,0,0,0,0
P07,V7_video1_normal,normal,1248,41.596714060031594,1,0.2728563729957661,0.2744151261043721,0.2712976198871601,0.15682601635155854,0.43237250554323725,1.0,0.034132543082521005,0.11213384547385796,0.07313319427818948,0.20026133872365437,0,0,0.03656659713909474,0.10013066936182718,0,0,0,0
P07,V7_video1_normal,normal,1249,41.63004476040021,1,0.2681984867209053,0.26987388540318485,0.26652308803862573,0.15681572684525785,0.43237250554323725,1.0,0.12182145928817634,0.09075016263461455,0.10628581096139544,0.08339140842865274,0,0,0.05314290548069772,0.04169570421432637,0,0,0,0
P07,V7_video1_normal,normal,1250,41.663375460768826,1,0.2732109754827578,0.27153299169274986,0.27488895927276574,0.1571115328204815,0.43237250554323725,1.0,0.10777574589245031,0.05368426694467199,0.08073000641856115,0.050583833073699264,0,0,0.040365003209280576,0.025291916536849632,0,0,0,0
P07,V7_video1_normal,normal,1251,41.69670616113744,1,0.27941407112493666,0.2754855172600177,0.2833426249898556,0.15763758717883597,0.43237250554323725,1.0,0.11197822573368987,0.06400945844696004,0.08799384209032496,0.051325351882069936,0,0,0.04399692104516248,0.025662675941034968,0,0,0,0
P07,V7_video1_normal,normal,1252,41.73003686150606,1,0.2787651828584665,0.2768500931297687,0.2806802725871643,0.15840507789644617,0.43237250554323725,1.0,0.06317129164776336,0.050159652134672994,0.05666547189121818,0.08371622458482637,0,0,0.02833273594560909,0.04185811229241319,0,0,0,0
P07,V7_video1_normal,normal,1253,41.763367561874674,1,0.2805404919863298,0.276670058382664,0.28441092558999564,0.1585277895870871,0.43237250554323725,1.0,0.06567417706778222,0.06038564752582176,0.063029912296802,0.05058040960999058,0,0,0.031514956148401,0.02529020480499529,0,0,0,0
P07,V7_video1_normal,normal,1254,41.79669826224328,1,0.28524789954760743,0.2796054296752302,0.2908903694199847,0.1595882031723582,0.43237250554323725,1.0,0.14403732280179726,0.01496303828915857,0.07950018054547792,0.011700087076120289,0,0,0.03975009027273896,0.005850043538060144,0,0,0,0
P07,V7_video1_normal,normal,1255,41.8300289626119,1,0.276243985605107,0.27453395418315785,0.2779540170270561,0.15951833942882326,0.43237250554323725,1.0,0.09784355319078253,0.11074624911996434,0.10429490115537343,0.044667499896972794,0,0,0.052147450577686716,0.022333749948486397,0,0,0,0
P07,V7_video1_normal,normal,1256,41.863359662980514,1,0.28219062793799704,0.2785317068025535,0.28584954907344057,0.16095637767272514,0.43237250554323725,1.0,0.028376909573321618,0.03915095557567849,0.033763932574500055,0.031136119473123954,0,0,0.016881966287250028,0.015568059736561977,0,0,0,0
P07,V7_video1_normal,normal,1257,41.89669036334913,1,0.2843188979890192,0.28088785589310006,0.2877499400849384,0.16137404546626138,0.43237250554323725,1.0,0.007512735451661978,0.22717159062031866,0.11734216303599032,0.052591053854167354,0,0,0.05867108151799516,0.026295526927083677,0,0,0,0
P07,V7_video1_normal,normal,1258,41.930021063717746,1,0.2846188045113325,0.27845377118935394,0.290783837833311,0.16146148607297042,0.43237250554323725,1.0,0.023197459257335518,0.10372521840450843,0.06346133883092198,0.0367871184932795,0,0,0.03173066941546099,0.01839355924663975,0,0,0,0
P07,V7_video1_normal,normal,1259,41.96335176408636,1,0.28369896214934776,0.2790337279593104,0.28836419633938515,0.16164231511678998,0.43237250554323725,1.0,0.06659089592353262,0.43769239843971797,0.2521416471816253,0.019575821792734385,0,0,0.12607082359081265,0.009787910896367193,0,0,0,0
P07,V7_video1_normal,normal,1260,41.99668246445498,1,0.26989687755930825,0.26452705148475797,0.2752667036338586,0.16196928918582132,0.43237250554323725,1.0,0.05960611580003283,0.05222794198896097,0.0559170288944969,0.11844376041481919,0,0,0.02795851444724845,0.059221880207409594,0,0,0,0
P07,V7_video1_normal,normal,1261,42.03001316482359,1,0.2835898550801275,0.2757581495237012,0.29142156063655383,0.161627807843007,0.43237250554323725,1.0,0.0368293230368546,0.008946863111737091,0.022888093074295845,0.0791552349054914,0,0,0.011444046537147923,0.0395776174527457,0,0,0,0
P07,V7_video1_normal,normal,1262,42.06334386519221,1,0.2698023707230581,0.26368627188072347,0.27591846956539273,0.16333909811204075,0.43237250554323725,1.0,0.20606608945094895,0.006367041975481436,0.1062165657132152,0.046975601741691124,0,1,0.0531082828566076,0.5234878008708456,0,1,0,0
P07,V7_video1_normal,normal,1263,42.09667456556082,1,0.27186379231390745,0.26487993071965316,0.2788476539081617,0.16429313734004036,0.43237250554323725,1.0,0.08423377562300716,0.004113203690376377,0.04417348965669177,0.037136784660691965,0,1,0.022086744828345883,0.518568392330346,0,1,0,0
P07,V7_video1_normal,normal,1264,42.130005265929434,1,0.27098101023804816,0.26336138141367943,0.2786006390624169,0.16312807176854058,0.43237250554323725,1.0,0.17083020695946916,0.013197020090373823,0.09201361352492149,0.02410011799324266,0,1,0.046006806762460745,0.5120500589966214,0,1,0,0
P07,V7_video1_normal,normal,1265,42.16333596629805,1,0.2681932007080499,0.26330183286725395,0.2730845685488459,0.1631588827360353,0.43237250554323725,1.0,0.18515186900059843,0.07893278406328774,0.1320423265319431,0.01779436084867768,0,1,0.06602116326597154,0.5088971804243388,0,1,0,0
