participante,video,condicion,frame,tiempo_s,deteccion_rostro,ear,ear_ojo1,ear_ojo2,mar,perclos,cobertura_perclos,p_cerrado_ojo1,p_cerrado_ojo2,p_cerrado,p_bostezo,d_ear,d_mar,score_ojo_o2,score_bostezo_o2,cond_o1_cierre,cond_o1_bostezo,cond_o2_cierre,cond_o2_bostezo
P04,V4_video1_normal,normal,0,0.0,1,0.33454188521528583,0.32991278110167227,0.33917098932889933,0.16542012960520444,0.0,1.0,0.060581663113037254,0.013908982860506569,0.03724532298677191,0.009477016504709883,0,1,0.018622661493385956,0.5047385082523549,0,1,0,0
P04,V4_video1_normal,normal,1,0.03412896210163652,1,0.3384358413141908,0.33330933005317026,0.3435623525752113,0.16587669295179347,0.0,1.0,0.12785771607285346,0.028018770823626693,0.07793824344824007,0.009638685329896476,0,1,0.03896912172412004,0.5048193426649482,0,1,0,0
P04,V4_video1_normal,normal,2,0.06825792420327303,1,0.34369247575839557,0.33653055274419547,0.3508543987725956,0.1641803759093217,0.0,1.0,0.0657037789924304,0.03471201824454406,0.050207898618487234,0.022950056642091474,0,1,0.025103949309243617,0.5114750283210457,0,1,0,0
P04,V4_video1_normal,normal,3,0.10238688630490955,1,0.3513475637741457,0.3542158123184145,0.34847931522987696,0.16575572353234144,0.0,1.0,0.04302442984698929,0.004729208536260243,0.023876819191624765,0.046727125067687,0,1,0.011938409595812383,0.5233635625338435,0,1,0,0
P04,V4_video1_normal,normal,4,0.13651584840654607,1,0.3470419638279283,0.3432811801765458,0.35080274747931084,0.16904069117572557,0.0,1.0,0.015435461655027516,0.06643760642010921,0.04093653403756836,0.02669895884425563,0,1,0.02046826701878418,0.5133494794221278,0,1,0,0
P04,V4_video1_normal,normal,5,0.1706448105081826,1,0.36171762109997535,0.3616142589217637,0.361820983278187,0.1692349693298174,0.0,1.0,0.034646012158417894,0.17579697673853112,0.1052214944484745,0.04593087134470777,0,1,0.05261074722423725,0.5229654356723539,0,1,0,0
P04,V4_video1_normal,normal,6,0.2047737726098191,1,0.3736425535766068,0.36854018114603615,0.3787449260071774,0.16945855937533394,0.0,1.0,0.04664014962564855,0.08218903203540617,0.06441459083052736,0.009346017884656626,0,1,0.03220729541526368,0.5046730089423284,0,1,0,0
P04,V4_video1_normal,normal,7,0.23890273471145562,1,0.355538796900236,0.35189050193759025,0.3591870918628817,0.1677915467880627,0.0,1.0,0.014308494306817798,0.05514169516949263,0.034725094738155216,0.03062287451723435,0,1,0.017362547369077608,0.5153114372586172,0,1,0,0
P04,V4_video1_normal,normal,8,0.27303169681309214,1,0.37303546021132494,0.368839264162035,0.37723165626061483,0.16768932839624917,0.0,1.0,0.012406906167335974,0.01661272720925011,0.014509816688293042,0.025816210999748353,0,1,0.007254908344146521,0.5129081054998742,0,1,0,0
P04,V4_video1_normal,normal,9,0.30716065891472866,1,0.30891254847509514,0.3049785113641998,0.3128465855859905,0.16797386591339747,0.0,1.0,0.07366707646830051,0.21183821005346837,0.14275264326088444,0.002598770370993174,0,1,0.07137632163044222,0.5012993851854965,0,1,0,0
P04,V4_video1_normal,normal,10,0.3412896210163652,1,0.07312622923760209,0.05336045184732203,0.09289200662788215,0.16797377634516006,0.09090909090909091,1.0,0.17579305591088235,0.12988680010679454,0.15283992800883844,0.0035269811569506333,1,1,0.5764199640044192,0.5017634905784754,1,1,0,0
P04,V4_video1_normal,normal,11,0.3754185831180017,1,0.09274229408581983,0.06534263661908979,0.12014195155254985,0.16795109658047405,0.16666666666666666,1.0,0.22096790172517378,0.11628326674552103,0.1686255842353474,0.012503845896702065,1,1,0.5843127921176737,0.5062519229483511,1,1,1,0
P04,V4_video1_normal,normal,12,0.4095475452196382,1,0.22783464227672187,0.19222399994988315,0.2634452846035606,0.16571527723536325,0.15384615384615385,1.0,0.15775980211900553,0.16012068539652335,0.15894024375776444,0.005466380802557823,0,1,0.07947012187888222,0.502733190401279,0,1,0,0
P04,V4_video1_normal,normal,13,0.4436765073212747,1,0.30847567361004435,0.29497649860937397,0.3219748486107148,0.16453608722643448,0.14285714285714285,1.0,0.13723271256743885,0.4383004139706561,0.2877665632690475,0.056114171862419154,0,1,0.14388328163452374,0.5280570859312096,0,1,0,0
P04,V4_video1_normal,normal,14,0.47780546942291124,1,0.3256566757347893,0.31939132312691937,0.33192202834265927,0.1650941150884416,0.13333333333333333,1.0,0.13530675145527038,0.08884746423293766,0.11207710784410402,0.011164309601730012,0,1,0.05603855392205201,0.505582154800865,0,1,0,0
P04,V4_video1_normal,normal,15,0.5119344315245478,1,0.2983335128559711,0.29274921122279063,0.30391781448915156,0.16292597480322776,0.125,1.0,0.018140252220550046,0.17231985271614925,0.09523005246834965,0.020502636209416,0,1,0.04761502623417482,0.510251318104708,0,1,0,0
P04,V4_video1_normal,normal,16,0.5460633936261843,1,0.29423733654255935,0.2910729382322248,0.2974017348528939,0.15744305554189097,0.11764705882352941,1.0,0.18603198432859813,0.3533581095085525,0.2696950469185753,0.0025456389411457597,0,0,0.13484752345928766,0.0012728194705728798,0,0,0,0
P04,V4_video1_normal,normal,17,0.5801923557278208,1,0.3180814595906778,0.3146189994632065,0.3215439197181491,0.15760351254135418,0.1111111111111111,1.0,0.048451718918562925,0.09674718398489857,0.07259945145173075,0.006934328648058876,0,0,0.03629972572586537,0.003467164324029438,0,0,0,0
P04,V4_video1_normal,normal,18,0.6143213178294573,1,0.30799975051756195,0.3051045545478193,0.3108949464873046,0.1638113151545843,0.10526315789473684,1.0,0.12688585331987456,0.14162216466451283,0.1342540089921937,0.0019275729545095914,0,1,0.06712700449609685,0.5009637864772548,0,1,0,0
P04,V4_video1_normal,normal,19,0.6484502799310938,1,0.30763231702895233,0.2979022664844302,0.3173623675734745,0.16319595419167002,0.1,1.0,0.1846870978550239,0.18199758502509578,0.18334234144005984,0.006270894954654543,0,1,0.09167117072002992,0.5031354474773273,0,1,0,0
P04,V4_video1_normal,normal,20,0.6825792420327303,1,0.35305653365677087,0.35102641336477536,0.3550866539487664,0.15987768718142858,0.09523809523809523,1.0,0.01773875004684311,0.2820256329711399,0.1498821915089915,0.007710791674628797,0,0,0.07494109575449576,0.0038553958373143985,0,0,0,0
P04,V4_video1_normal,normal,21,0.7167082041343669,1,0.348075127787691,0.34593053581359445,0.3502197197617876,0.15925065007117997,0.09090909090909091,1.0,0.056270761243918055,0.16465039185103014,0.1104605765474741,0.01932051408359524,0,0,0.05523028827373705,0.00966025704179762,0,0,0,0
P04,V4_video1_normal,normal,22,0.7508371662360034,1,0.32849400818702196,0.328129525128535,0.3288584912455089,0.15789001033860578,0.08695652173913043,1.0,0.05525504246077717,0.03254480936111659,0.04389992591094688,0.008578081516497383,0,0,0.02194996295547344,0.004289040758248691,0,0,0,0
P04,V4_video1_normal,normal,23,0.7849661283376399,1,0.32666001352251295,0.3237463236685037,0.32957370337652214,0.15585269648795652,0.08333333333333333,1.0,0.0061465250534114,0.00514233036314915,0.005644427708280275,0.001731733245673259,0,0,0.0028222138541401376,0.0008658666228366295,0,0,0,0
P04,V4_video1_normal,normal,24,0.8190950904392764,1,0.3154735037729856,0.3119744297981962,0.31897257774777504,0.15730616667968983,0.08,1.0,0.0015461559685391313,0.0074217132727488755,0.004483934620644003,0.004885920361637819,0,0,0.0022419673103220017,0.0024429601808189094,0,0,0,0
P04,V4_video1_normal,normal,25,0.8532240525409129,1,0.3111500069485582,0.3049086883049628,0.31739132559215355,0.15567511290695485,0.07692307692307693,1.0,0.0017893294919222313,0.0277279953329318,0.014758662412427015,0.004334394385107,0,0,0.0073793312062135075,0.0021671971925535,0,0,0,0
P04,V4_video1_normal,normal,26,0.8873530146425495,1,0.31369463375903006,0.31167377664975043,0.31571549086830974,0.1548678588925669,0.07407407407407407,1.0,0.028942833471640506,0.01610123506527028,0.022522034268455393,0.0027467337565251567,0,0,0.011261017134227697,0.0013733668782625783,0,0,0,0
P04,V4_video1_normal,normal,27,0.921481976744186,1,0.2971705264810236,0.2964867566212483,0.29785429634079885,0.15393708770519152,0.07142857142857142,1.0,0.029132617900328173,0.044885952145187424,0.0370092850227578,0.001045457569302018,0,0,0.0185046425113789,0.000522728784651009,0,0,0,0
P04,V4_video1_normal,normal,28,0.9556109388458225,1,0.27208311120811346,0.27304065026266194,0.27112557215356503,0.15613505232593913,0.06896551724137931,1.0,0.13580660625239493,0.03472325212814431,0.08526492919026962,0.01882363375681704,0,0,0.04263246459513481,0.00941181687840852,0,0,0,0
P04,V4_video1_normal,normal,29,0.989739900947459,1,0.24291948749158576,0.2377586234200722,0.2480803515630993,0.15859560021060262,0.06666666666666667,1.0,0.11693313873244926,0.14819108799331937,0.13256211336288432,0.006970799462021095,0,0,0.06628105668144216,0.0034853997310105474,0,0,0,0
P04,V4_video1_normal,normal,30,1.0238688630490955,1,0.0762070418548636,0.08410840299173108,0.0683056807179961,0.15888073186173363,0.0967741935483871,1.0,0.5909223601949407,0.2833583935333952,0.43714037686416796,0.011311465912961978,1,0,0.718570188432084,0.005655732956480989,1,0,1,0
P04,V4_video1_normal,normal,31,1.057997825150732,1,0.024531543507899697,0.03884939790724774,0.010213689108551654,0.1633618694225181,0.125,1.0,0.6697733193340871,0.32946743035784276,0.49962037484596494,0.0016737450295495422,1,1,0.7498101874229824,0.5008368725147748,1,1,1,0
P04,V4_video1_normal,normal,32,1.0921267872523686,1,0.02209038534003155,0.02494349845375486,0.019237272226308232,0.16168680064765173,0.15151515151515152,1.0,0.5895695033720805,0.3772417573277691,0.4834056303499248,0.0026680656951257073,1,0,0.7417028151749624,0.0013340328475628536,1,0,1,0
P04,V4_video1_normal,normal,33,1.126255749354005,1,0.052382343651448025,0.05466952045151038,0.050095166851385674,0.15958178800537975,0.17647058823529413,1.0,0.1266926462817507,0.3773151495704279,0.2520038979260893,0.0046321359136479575,1,0,0.6260019489630446,0.0023160679568239788,1,0,1,0
P04,V4_video1_normal,normal,34,1.1603847114556416,1,0.23934262869495637,0.22845396603824844,0.2502312913516643,0.15636024377968225,0.17142857142857143,1.0,0.059753813545924905,0.072207311608954,0.06598056257743945,0.007977010356355294,0,0,0.032990281288719725,0.003988505178177647,0,0,0,0
P04,V4_video1_normal,normal,35,1.194513673557278,1,0.2878118896835642,0.27871400479370295,0.2969097745734254,0.1564764467218834,0.16666666666666666,1.0,0.08021824663698573,0.00545191396242517,0.04283508029970545,0.00569530154371972,0,0,0.021417540149852726,0.00284765077185986,0,0,0,0
P04,V4_video1_normal,normal,36,1.2286426356589146,1,0.32277563239626406,0.318971655577084,0.32657960921544404,0.1580787580516783,0.16216216216216217,1.0,0.01266753180696023,0.028455800385601138,0.020561666096280684,0.0011973583165219906,0,0,0.010280833048140342,0.0005986791582609953,0,0,0,0
P04,V4_video1_normal,normal,37,1.2627715977605511,1,0.32494153264707726,0.3185635371875245,0.33131952810663,0.1581104320120815,0.15789473684210525,1.0,0.08711388911828832,0.03734129153807464,0.06222759032818148,0.0025661391805096813,0,0,0.03111379516409074,0.0012830695902548406,0,0,0,0
P04,V4_video1_normal,normal,38,1.2969005598621877,1,0.3200242502875861,0.31415114625421164,0.3258973543209605,0.16060856365308657,0.15384615384615385,1.0,0.09654596181539554,0.0921915095815039,0.09436873569844972,0.0034479613672069274,0,0,0.04718436784922486,0.0017239806836034637,0,0,0,0
P04,V4_video1_normal,normal,39,1.3310295219638242,1,0.31523776481948496,0.31009808213827483,0.320377447500695,0.1618276314820657,0.15,1.0,0.2445963631878708,0.21556788726095644,0.23008212522441363,0.002217667101687794,0,0,0.11504106261220681,0.001108833550843897,0,0,0,0
P04,V4_video1_normal,normal,40,1.3651584840654607,1,0.3210863023325799,0.31537094018910705,0.32680166447605274,0.16029450889550187,0.14634146341463414,1.0,0.07425190270144433,0.05741323102727236,0.06583256686435834,0.0030739243294329597,0,0,0.03291628343217917,0.0015369621647164798,0,0,0,0
P04,V4_video1_normal,normal,41,1.3992874461670972,1,0.3193254854560621,0.3130528474979836,0.32559812341414057,0.1587405429944017,0.14285714285714285,1.0,0.17009812850853523,0.11975874489956106,0.14492843670404815,0.0011792666791813292,0,0,0.07246421835202407,0.0005896333395906646,0,0,0,0
P04,V4_video1_normal,normal,42,1.4334164082687337,1,0.3002893185356925,0.2929331898327879,0.3076454472385972,0.1590279112343275,0.13953488372093023,1.0,0.15007299031254018,0.101130790910413,0.12560189061147659,0.002207848793792051,0,0,0.06280094530573829,0.0011039243968960254,0,0,0,0
P04,V4_video1_normal,normal,43,1.4675453703703703,1,0.3056010596890234,0.29887409353403943,0.3123280258440074,0.15953052846736435,0.13636363636363635,1.0,0.03934518861574876,0.04643091530239085,0.042888051959069806,0.001591851821735944,0,0,0.021444025979534903,0.000795925910867972,0,0,0,0
P04,V4_video1_normal,normal,44,1.5016743324720068,1,0.30266295909775975,0.2932641423062088,0.3120617758893107,0.16058385633262934,0.13333333333333333,1.0,0.20452882332658895,0.04843272812729682,0.12648077572694288,0.014525671790431988,0,0,0.06324038786347144,0.007262835895215994,0,0,0,0
P04,V4_video1_normal,normal,45,1.5358032945736433,1,0.2967314556709557,0.2915831754537581,0.30187973588815337,0.16097001758547888,0.13043478260869565,1.0,0.08635714256057458,0.02138823152158753,0.05387268704108106,0.007361245868685544,0,0,0.02693634352054053,0.003680622934342772,0,0,0,0
P04,V4_video1_normal,normal,46,1.5699322566752798,1,0.2851646845500748,0.2793163612034499,0.29101300789669976,0.16635154391930418,0.1276595744680851,1.0,0.4710102511183194,0.08944434905301368,0.28022730008566654,0.00913873711824932,0,1,0.14011365004283327,0.5045693685591247,0,1,0,0
P04,V4_video1_normal,normal,47,1.6040612187769163,1,0.28747701091907263,0.2764559575420471,0.29849806429609815,0.17989124097666645,0.125,1.0,0.5319326414814005,0.13883199481830855,0.33538231814985453,0.09474070359766579,0,1,0.16769115907492727,0.5473703517988329,0,1,0,0
P04,V4_video1_normal,normal,48,1.6381901808785528,1,0.29491531182470554,0.28332831464478825,0.3065023090046228,0.19132796599930882,0.12244897959183673,1.0,0.4481247898653241,0.22070704889057358,0.33441591937794884,0.05248884358341123,0,1,0.16720795968897442,0.5262444217917056,0,1,0,0
P04,V4_video1_normal,normal,49,1.6723191429801894,1,0.292657789822444,0.2813487669206645,0.3039668127242235,0.19865850511927688,0.12,1.0,0.26963833300897544,0.07427739091834318,0.1719578619636593,0.040979561466993684,0,1,0.08597893098182965,0.5204897807334968,0,1,0,0
P04,V4_video1_normal,normal,50,1.7064481050818259,1,0.2946288446606936,0.2872927334589882,0.30196495586239896,0.20295156294761782,0.11764705882352941,1.0,0.2425273212161556,0.2673013854384382,0.2549143533272969,0.15009452225312317,0,1,0.12745717666364845,0.5750472611265616,0,1,0,0
P04,V4_video1_normal,normal,51,1.7405770671834624,1,0.2992959543418949,0.2903390140560615,0.30825289462772826,0.18188386401351386,0.11538461538461539,1.0,0.3290924943633664,0.17721908379514062,0.2531557890792535,0.0431956397182137,0,1,0.12657789453962676,0.5215978198591068,0,1,0,0
P04,V4_video1_normal,normal,52,1.774706029285099,1,0.3001040079438829,0.29274772706318974,0.30746028882457616,0.1749330099890782,0.11320754716981132,1.0,0.2988935453433884,0.5155344065284825,0.40721397593593545,0.019774896753699374,0,1,0.20360698796796772,0.5098874483768497,0,1,0,0
P04,V4_video1_normal,normal,53,1.8088349913867354,1,0.30223428370667127,0.2923221959907575,0.31214637142258506,0.16941736525209453,0.1111111111111111,1.0,0.2950618260844786,0.2664610699950718,0.2807614480397752,0.02296131296912402,0,1,0.1403807240198876,0.511480656484562,0,1,0,0
P04,V4_video1_normal,normal,54,1.842963953488372,1,0.3129969783820253,0.30644127063051635,0.3195526861335342,0.16819431925730802,0.10909090909090909,1.0,0.08520654688286666,0.15753861827422355,0.12137258257854511,0.02511565361162546,0,1,0.060686291289272554,0.5125578268058127,0,1,0,0
P04,V4_video1_normal,normal,55,1.8770929155900085,1,0.3067135174639283,0.30100691659318984,0.31242011833466676,0.16824647843731205,0.10714285714285714,1.0,0.3753689297208045,0.057615825294727085,0.2164923775077658,0.03094971959285379,0,1,0.1082461887538829,0.5154748597964269,0,1,0,0
P04,V4_video1_normal,normal,56,1.911221877691645,1,0.3182355168605253,0.31118702682575694,0.3252840068952937,0.16535737197980582,0.10526315789473684,1.0,0.1432090709127557,0.1519279972177604,0.14756853406525805,0.00735414134928184,0,1,0.07378426703262903,0.503677070674641,0,1,0,0
P04,V4_video1_normal,normal,57,1.9453508397932815,1,0.3204079547345594,0.3129438768745629,0.327872032594556,0.16700203011232675,0.10344827586206896,1.0,0.06708810848873559,0.25510931006382753,0.16109870927628156,0.002900653592843134,0,1,0.08054935463814078,0.5014503267964215,0,1,0,0
P04,V4_video1_normal,normal,58,1.979479801894918,1,0.3209890127075391,0.3149384290060745,0.32703959640900365,0.16811992747583096,0.1016949152542373,1.0,0.09438752457091759,0.2591003481712214,0.1767439363710695,0.004216961329752523,0,1,0.08837196818553475,0.5021084806648762,0,1,0,0
P04,V4_video1_normal,normal,59,2.0136087639965545,1,0.31695368578644056,0.31194482558201725,0.3219625459908639,0.16333320054111244,0.1,1.0,0.09773263765904772,0.08084253376182193,0.08928758571043482,0.0021411352583626006,0,1,0.04464379285521741,0.5010705676291813,0,1,0,0
P04,V4_video1_normal,normal,60,2.047737726098191,1,0.3204941862962011,0.3147204441230064,0.3262679284693957,0.16457040774832316,0.09836065573770492,1.0,0.06123208199317398,0.030444735498500353,0.04583840874583717,0.003949664706725868,0,1,0.022919204372918583,0.5019748323533629,0,1,0,0
P04,V4_video1_normal,normal,61,2.0818666881998276,1,0.3224763121351929,0.3171253437443078,0.327827280526078,0.16590767207780774,0.0967741935483871,1.0,0.08273873303321555,0.022840870174157257,0.052789801603686404,0.006350089403155154,0,1,0.026394900801843202,0.5031750447015776,0,1,0,0
P04,V4_video1_normal,normal,62,2.115995650301464,1,0.32216666071457817,0.3169862545659364,0.32734706686321996,0.16086805679697358,0.09523809523809523,1.0,0.13999646833691526,0.26825163975668187,0.20412405404679856,0.006031698181013958,0,0,0.10206202702339928,0.003015849090506979,0,0,0,0
P04,V4_video1_normal,normal,63,2.1501246124031006,1,0.3156678744558973,0.30959648235352677,0.3217392665582678,0.16245321623839265,0.09375,1.0,0.09227572913586446,0.08172614184539173,0.0870009354906281,0.016724781826866576,0,1,0.04350046774531405,0.5083623909134333,0,1,0,0
P04,V4_video1_normal,normal,64,2.184253574504737,1,0.31301207767845113,0.3067182025520575,0.31930595280484475,0.16481553374883812,0.09230769230769231,1.0,0.11805491539304869,0.03934016048372002,0.07869753793838435,0.014576549928942441,0,1,0.03934876896919218,0.5072882749644713,0,1,0,0
P04,V4_video1_normal,normal,65,2.2183825366063736,1,0.3141670837959938,0.3098445123803495,0.318489655211638,0.1704117075019694,0.09090909090909091,1.0,0.14731983517654712,0.0762164169398456,0.11176812605819636,0.011738298313191831,0,1,0.05588406302909818,0.5058691491565959,0,1,0,0
P04,V4_video1_normal,normal,66,2.25251149870801,1,0.31690501295668894,0.31126301404438333,0.3225470118689946,0.16873000601034668,0.08955223880597014,1.0,0.11911781304085756,0.21121530405423183,0.1651665585475447,0.018384773144914688,0,1,0.08258327927377235,0.5091923865724574,0,1,0,0
P04,V4_video1_normal,normal,67,2.2866404608096467,1,0.3110127065091726,0.3046218667334513,0.3174035462848939,0.16774496841176542,0.08823529411764706,1.0,0.15126405843700907,0.14645625140822682,0.14886015492261795,0.005009690068433196,0,1,0.07443007746130897,0.5025048450342166,0,1,0,0
P04,V4_video1_normal,normal,68,2.320769422911283,1,0.31001676529473543,0.30551978639108957,0.31451374419838124,0.16571682405579471,0.08695652173913043,1.0,0.10588890646357152,0.3884081000402706,0.24714850325192106,0.019518787311488178,0,1,0.12357425162596053,0.5097593936557441,0,1,0,0
P04,V4_video1_normal,normal,69,2.3548983850129197,1,0.3122615158975864,0.30751592936005845,0.3170071024351143,0.16213378632620534,0.08571428571428572,1.0,0.036120879672228545,0.006264776746645939,0.021192828209437242,0.0411918741407398,0,0,0.010596414104718621,0.0205959370703699,0,0,0,0
P04,V4_video1_normal,normal,70,2.389027347114556,1,0.30483372377725315,0.30179699648752206,0.30787045106698424,0.1632977641679311,0.08450704225352113,1.0,0.19363495589697377,0.03884453354335171,0.11623974472016274,0.015836247311800136,0,1,0.05811987236008137,0.5079181236559001,0,1,0,0
P04,V4_video1_normal,normal,71,2.4231563092161927,1,0.30901146888795916,0.3031014064665949,0.3149215313093234,0.16297406867244132,0.08333333333333333,1.0,0.10910508033548849,0.10424453495138153,0.10667480764343501,0.01545215944367075,0,1,0.053337403821717505,0.5077260797218354,0,1,0,0
P04,V4_video1_normal,normal,72,2.4572852713178293,1,0.30208642152667353,0.29422961664502295,0.3099432264083241,0.16345275892514521,0.0821917808219178,1.0,0.18994054596760002,0.03962039166197029,0.11478046881478515,0.00111650180962025,0,1,0.057390234407392576,0.5005582509048101,0,1,0,0
P04,V4_video1_normal,normal,73,2.4914142334194658,1,0.303430132503439,0.299017936881628,0.3078423281252499,0.16313804811366484,0.08108108108108109,1.0,0.45758024138694575,0.22259693612812947,0.3400885887575376,0.009693679986765619,0,1,0.1700442943787688,0.5048468399933828,0,1,0,0
P04,V4_video1_normal,normal,74,2.5255431955211023,1,0.3006953486534162,0.2934129650325804,0.30797773227425196,0.15930261573559468,0.08,1.0,0.2752837010819721,0.13317588763075294,0.20422979435636252,0.004789827064114555,0,0,0.10211489717818126,0.0023949135320572774,0,0,0,0
P04,V4_video1_normal,normal,75,2.559672157622739,1,0.3059465427808016,0.30063923090648875,0.3112538546551144,0.15988779521712979,0.07894736842105263,1.0,0.042654384791511735,0.2850065335480416,0.16383045916977668,0.002831215442928133,0,0,0.08191522958488834,0.0014156077214640666,0,0,0,0
P04,V4_video1_normal,normal,76,2.5938011197243753,1,0.300486494849324,0.2940457101753168,0.3069272795233312,0.1613189616983192,0.07792207792207792,1.0,0.10852595750344618,0.6671813462785897,0.38785365189101795,0.0078085558144803495,0,0,0.19392682594550897,0.0039042779072401747,0,0,0,0
P04,V4_video1_normal,normal,77,2.627930081826012,1,0.30133398410050316,0.2969022159564748,0.30576575224453145,0.16236879938272136,0.07692307692307693,1.0,0.0560820803021338,0.20765255088136592,0.13186731559174986,0.001617282703175685,0,0,0.06593365779587493,0.0008086413515878425,0,0,0,0
P04,V4_video1_normal,normal,78,2.6620590439276484,1,0.2988686602168335,0.29041459172402184,0.30732272870964517,0.1628421896413342,0.0759493670886076,1.0,0.2430702763194359,0.18965007020023328,0.2163601732598346,0.006020659011212759,0,1,0.1081800866299173,0.5030103295056064,0,1,0,0
P04,V4_video1_normal,normal,79,2.696188006029285,1,0.2976096898637903,0.292698323568866,0.30252105615871466,0.1584180113235107,0.075,1.0,0.030839297942091615,0.3031725017099086,0.16700589982600011,0.005680706338369862,0,0,0.08350294991300006,0.002840353169184931,0,0,0,0
P04,V4_video1_normal,normal,80,2.7303169681309214,1,0.3033698249765899,0.2996243133792742,0.30711533657390555,0.1600826112952017,0.07407407407407407,1.0,0.037766178932944316,0.18268229541440106,0.11022423717367269,0.0016332655466305714,0,0,0.055112118586836345,0.0008166327733152857,0,0,0,0
P04,V4_video1_normal,normal,81,2.764445930232558,1,0.3046375382295501,0.30160669515574784,0.3076683813033523,0.1615570684907104,0.07317073170731707,1.0,0.05937921084466402,0.14844128222786013,0.10391024653626207,0.003544845549347293,0,0,0.05195512326813104,0.0017724227746736465,0,0,0,0
P04,V4_video1_normal,normal,82,2.7985748923341944,1,0.3027877288071107,0.3014577494632676,0.30411770815095374,0.16202683222078065,0.07228915662650602,1.0,0.08199687075583817,0.12516758172181075,0.10358222623882446,0.008040110015945496,0,0,0.05179111311941223,0.004020055007972748,0,0,0,0
P04,V4_video1_normal,normal,83,2.832703854435831,1,0.2967740543718135,0.2927010398471238,0.30084706889650314,0.16244346269760707,0.07142857142857142,1.0,0.1405177001083343,0.19366909514677344,0.16709339762755387,0.005714510959622523,0,1,0.08354669881377694,0.5028572554798113,0,1,0,0
P04,V4_video1_normal,normal,84,2.8668328165374675,1,0.2903393667514623,0.2860480596835629,0.2946306738193617,0.15988276624993888,0.07058823529411765,1.0,0.08702064984870117,0.08200735216462696,0.08451400100666406,0.0010065458251334186,0,0,0.04225700050333203,0.0005032729125667093,0,0,0,0
P04,V4_video1_normal,normal,85,2.900961778639104,1,0.2788418333470956,0.2703734870448132,0.28731017964937805,0.16085233965206108,0.06976744186046512,1.0,0.16919631406963886,0.1082358908560479,0.13871610246284338,0.0031500973186658105,0,0,0.06935805123142169,0.0015750486593329052,0,0,0,0
P04,V4_video1_normal,normal,86,2.9350907407407405,1,0.281411019610555,0.27390159118944446,0.2889204480316655,0.16101905824739457,0.06896551724137931,1.0,0.10702298840130497,0.12147157721138557,0.11424728280634527,0.0034846095458730218,0,0,0.05712364140317264,0.0017423047729365109,0,0,0,0
P04,V4_video1_normal,normal,87,2.969219702842377,1,0.2874369319486879,0.2825457122874607,0.29232815160991504,0.15895109430242427,0.06818181818181818,1.0,0.2585465904964699,0.28285222420082345,0.27069940734864667,0.0016669869557335362,0,0,0.13534970367432334,0.0008334934778667681,0,0,0,0
P04,V4_video1_normal,normal,88,3.0033486649440135,1,0.28713500104448575,0.2797042751636481,0.29456572692532346,0.16241104472480036,0.06741573033707865,1.0,0.08296317990070268,0.4514874863936579,0.2672253331471803,0.0020957203133978304,0,1,0.13361266657359014,0.5010478601566989,0,1,0,0
P04,V4_video1_normal,normal,89,3.03747762704565,1,0.2906703620560419,0.28154695571575344,0.2997937683963304,0.16177246206244839,0.06666666666666667,1.0,0.07464989285393675,0.22259062375646377,0.14862025830520026,0.004095161873904632,0,0,0.07431012915260013,0.002047580936952316,0,0,0,0
P04,V4_video1_normal,normal,90,3.0716065891472866,1,0.2819280027995481,0.27325286481553535,0.2906031407835609,0.15817422281245078,0.06593406593406594,1.0,0.3386264568121111,0.3242530821783428,0.33143976949522697,0.0008012246074696148,0,0,0.16571988474761348,0.0004006123037348074,0,0,0,0
P04,V4_video1_normal,normal,91,3.105735551248923,1,0.2835057592232112,0.2744088264203722,0.29260269202605027,0.15894640359624962,0.06521739130434782,1.0,0.3058462246328847,0.1771183590191724,0.24148229182602854,0.0016535319573322484,0,0,0.12074114591301427,0.0008267659786661242,0,0,0,0
P04,V4_video1_normal,normal,92,3.1398645133505596,1,0.2813667469319202,0.27482875665232276,0.2879047372115177,0.16167127406348272,0.06451612903225806,1.0,0.20734264622917387,0.3681415448159111,0.2877420955225425,0.0027248672964140263,0,0,0.14387104776127124,0.0013624336482070132,0,0,0,0
P04,V4_video1_normal,normal,93,3.173993475452196,1,0.2862472387996276,0.2831114602293879,0.2893830173698673,0.1627460836741478,0.06382978723404255,1.0,0.1778757097943161,0.14496778932953658,0.16142174956192634,0.005018989710383578,0,1,0.08071087478096317,0.5025094948551918,0,1,0,0
P04,V4_video1_normal,normal,94,3.2081224375538326,1,0.28776203074944606,0.28511282101141655,0.2904112404874755,0.16274364794896612,0.06315789473684211,1.0,0.05916188671175593,0.1851173219540574,0.12213960433290666,0.01004987775531004,0,1,0.06106980216645333,0.505024938877655,0,1,0,0
P04,V4_video1_normal,normal,95,3.242251399655469,1,0.28428537122240904,0.27866534444860563,0.2899053979962125,0.16592875773207907,0.0625,1.0,0.12121434048083912,0.4295405554789986,0.27537744797991887,0.030270616647931226,0,1,0.13768872398995943,0.5151353083239656,0,1,0,0
P04,V4_video1_normal,normal,96,3.2763803617571057,1,0.27690204737454704,0.2691699974195951,0.284634097329499,0.16458079588924066,0.061855670103092786,1.0,0.34525249803211533,0.03493883409308873,0.19009566606260203,0.005077820238614159,0,1,0.09504783303130102,0.5025389101193071,0,1,0,0
P04,V4_video1_normal,normal,97,3.310509323858742,1,0.27787242048782756,0.27023401086732185,0.28551083010833334,0.16344198869203067,0.061224489795918366,1.0,0.22447092917599742,0.13379271480311528,0.17913182198955635,0.002657640981291699,0,1,0.08956591099477818,0.5013288204906459,0,1,0,0
P04,V4_video1_normal,normal,98,3.3446382859603787,1,0.27191630933101507,0.2617099519422932,0.2821226667197369,0.16297831246671932,0.06060606060606061,1.0,0.1661800302666523,0.10153714626396049,0.1338585882653064,0.005403126755203548,0,1,0.0669292941326532,0.5027015633776017,0,1,0,0
P04,V4_video1_normal,normal,99,3.3787672480620152,1,0.2805871357201146,0.27271337099131726,0.28846090044891204,0.16168426707847808,0.06,1.0,0.11715282098671265,0.3872320472321997,0.2521924341094562,0.0010273413963763586,0,0,0.1260962170547281,0.0005136706981881793,0,0,0,0
P04,V4_video1_normal,normal,100,3.4128962101636517,1,0.27897361972564694,0.27256874928684155,0.2853784901644523,0.15770757757629444,0.0594059405940594,1.0,0.14411697152411806,0.31659739599789494,0.2303571837610065,0.002572332067885958,0,0,0.11517859188050325,0.001286166033942979,0,0,0,0
P04,V4_video1_normal,normal,101,3.4470251722652883,1,0.2714124597835199,0.26571480316007123,0.2771101164069686,0.15642435517282263,0.058823529411764705,1.0,0.1087338694328932,0.15199494657235746,0.13036440800262533,0.001715849135641703,0,0,0.06518220400131267,0.0008579245678208515,0,0,0,0
P04,V4_video1_normal,normal,102,3.481154134366925,1,0.27295192390361683,0.26715470294165433,0.27874914486557933,0.15728231476803986,0.05825242718446602,1.0,0.16011089038651216,0.26097922815847896,0.21054505927249556,0.0012603398665080162,0,0,0.10527252963624778,0.0006301699332540081,0,0,0,0
P04,V4_video1_normal,normal,103,3.5152830964685613,1,0.27698227394182834,0.2695485802217716,0.2844159676618851,0.1562692736798923,0.057692307692307696,1.0,0.2046277360302753,0.4508956844429397,0.3277617102366075,0.0021192630975190737,0,0,0.16388085511830375,0.0010596315487595368,0,0,0,0
P04,V4_video1_normal,normal,104,3.549412058570198,1,0.28231942496400453,0.2789633698104564,0.28567548011755267,0.1581837718978205,0.05714285714285714,1.0,0.24603308584717298,0.4306370891678877,0.33833508750753033,0.0008616708473395202,0,0,0.16916754375376516,0.0004308354236697601,0,0,0,0
P04,V4_video1_normal,normal,105,3.5835410206718343,1,0.26650110928565013,0.26274118251120204,0.2702610360600982,0.15620864764251097,0.05660377358490566,1.0,0.4180212171324693,0.2571863077606571,0.3376037624465632,0.000760762333670469,0,0,0.1688018812232816,0.0003803811668352345,0,0,0,0
P04,V4_video1_normal,normal,106,3.617669982773471,1,0.06412545466148269,0.06797574442504432,0.060275164897921056,0.15812505579417693,0.06542056074766354,1.0,0.16445060413064327,0.0839411921048746,0.12419589811775894,0.000512230309002479,1,0,0.5620979490588794,0.0002561151545012395,1,0,0,0
P04,V4_video1_normal,normal,107,3.6517989448751074,1,0.0637925494911406,0.06394956426391872,0.0636355347183625,0.15924979359435953,0.07407407407407407,1.0,0.15722949194540758,0.10433633856046487,0.13078291525293623,0.000489785447852982,1,0,0.5653914576264681,0.000244892723926491,1,0,0,0
P04,V4_video1_normal,normal,108,3.685927906976744,1,0.05974115478985473,0.06127430999927948,0.05820799958042997,0.1582650259458462,0.08256880733944955,1.0,0.15357816411431646,0.07839675013350411,0.11598745712391029,0.001153821638430093,1,0,0.5579937285619552,0.0005769108192150465,1,0,0,0
P04,V4_video1_normal,normal,109,3.7200568690783804,1,0.08087410008170523,0.08331318221211799,0.07843501795129248,0.15638867226163689,0.09090909090909091,1.0,0.06854848316989104,0.1042060485770202,0.08637726587345562,0.003720483596968907,1,0,0.5431886329367278,0.0018602417984844536,1,0,0,0
P04,V4_video1_normal,normal,110,3.754185831180017,1,0.1852518911055284,0.1657953668370406,0.20470841537401618,0.15710256404691353,0.09009009009009009,1.0,0.10396679812962306,0.25471018555434977,0.1793384918419864,0.0019247376226040355,0,0,0.0896692459209932,0.0009623688113020178,0,0,0,0
P04,V4_video1_normal,normal,111,3.7883147932816534,1,0.2540555912771108,0.2447988558631409,0.2633123266910807,0.15585794570114167,0.08928571428571429,1.0,0.11554851996878523,0.12694577100063276,0.121247145484709,0.0031476426156878206,0,0,0.0606235727423545,0.0015738213078439103,0,0,0,0
P04,V4_video1_normal,normal,112,3.82244375538329,1,0.2614381624716043,0.25585755550530154,0.26701876943790703,0.15593376046012491,0.08849557522123894,1.0,0.30076257629292225,0.18923802067892825,0.24500029848592525,0.0030101674440144864,0,0,0.12250014924296262,0.0015050837220072432,0,0,0,0
P04,V4_video1_normal,normal,113,3.8565727174849265,1,0.2678038791093144,0.2671180129473124,0.2684897452713164,0.15666216702403782,0.08771929824561403,1.0,0.4141724602804143,0.15779046988022583,0.2859814650803201,0.0025358336765219794,0,0,0.14299073254016004,0.0012679168382609897,0,0,0,0
P04,V4_video1_normal,normal,114,3.890701679586563,1,0.27413195780121763,0.2753929511392426,0.27287096446319264,0.1568882457608162,0.08695652173913043,1.0,0.0791587453841146,0.33001570491102306,0.20458722514756883,0.008556433273996869,0,0,0.10229361257378441,0.0042782166369984345,0,0,0,0
P04,V4_video1_normal,normal,115,3.9248306416881995,1,0.2297862143201562,0.2292678172644107,0.2303046113759017,0.1559511557021036,0.08620689655172414,1.0,0.12612516283064013,0.4493950495340415,0.2877601061823408,0.0008682316075680092,0,0,0.1438800530911704,0.0004341158037840046,0,0,0,0
P04,V4_video1_normal,normal,116,3.958959603789836,1,0.05671411219090597,0.06259254244757084,0.05083568193424109,0.15710444616763908,0.09401709401709402,1.0,0.19574160490370007,0.20637710154519873,0.2010593532244494,0.0005491163589311067,1,0,0.6005296766122247,0.00027455817946555336,1,0,1,0
P04,V4_video1_normal,normal,117,3.9930885658914725,1,0.053886612156123455,0.05531668915554012,0.05245653515670679,0.1581443125394605,0.1016949152542373,1.0,0.37712339776635495,0.12670086357359645,0.2519121306699757,0.0022629070155281007,1,0,0.6259560653349878,0.0011314535077640504,1,0,1,0
P04,V4_video1_normal,normal,118,4.027217527993109,1,0.059255438435063035,0.05478487679787384,0.06372600007225222,0.15811486035995492,0.1092436974789916,1.0,0.07147770921456686,0.23795749499068541,0.15471760210262614,0.004722623551562987,1,0,0.5773588010513131,0.0023613117757814934,1,0,0,0
P04,V4_video1_normal,normal,119,4.061346490094746,1,0.06977558721147546,0.06585380257736503,0.07369737184558589,0.15716053255126125,0.11666666666666667,1.0,0.2886947442328771,0.43762656898102503,0.36316065660695107,0.000823376283541606,1,0,0.6815803283034756,0.000411688141770803,1,0,1,0
P04,V4_video1_normal,normal,120,4.095475452196382,1,0.06530156522960749,0.06707696299528214,0.06352616746393284,0.1576058144444922,0.12396694214876033,1.0,0.11029764293401656,0.27498661369826705,0.1926421283161418,0.0006044402895052493,1,0,0.596321064158071,0.00030222014475262467,1,0,1,0
P04,V4_video1_normal,normal,121,4.129604414298019,1,0.073768772045643,0.06951225964286734,0.07802528444841868,0.15694584624592842,0.13114754098360656,1.0,0.16020405077403577,0.1251954274819026,0.14269973912796918,0.0005351726557932568,1,0,0.5713498695639846,0.0002675863278966284,1,0,0,0
P04,V4_video1_normal,normal,122,4.163733376399655,1,0.07619729332083819,0.07628235387534966,0.07611223276632673,0.15726711319768577,0.13821138211382114,1.0,0.21219789053228666,0.2714632406578318,0.24183056559505922,0.0013489491922112342,1,0,0.6209152827975296,0.0006744745961056171,1,0,1,0
P04,V4_video1_normal,normal,123,4.197862338501292,1,0.08513269318837516,0.08578449264240788,0.08448089373434245,0.15805631811097046,0.14516129032258066,1.0,0.2548610428703896,0.2842362113773367,0.2695486271238631,0.0013304859574327088,1,0,0.6347743135619316,0.0006652429787163544,1,0,1,0
P04,V4_video1_normal,normal,124,4.231991300602928,1,0.0715734278986479,0.06757311501832912,0.07557374077896667,0.15796400913222383,0.152,1.0,0.13586708575213224,0.21784931933973217,0.1768582025459322,0.0020181378432591766,1,0,0.5884291012729661,0.0010090689216295883,1,0,1,0
P04,V4_video1_normal,normal,125,4.266120262704565,1,0.057945755975977994,0.05558190158297548,0.06030961036898051,0.15623248363897158,0.15873015873015872,1.0,0.2911218233302617,0.26773610294701955,0.27942896313864063,0.00030427544592500234,1,0,0.6397144815693203,0.00015213772296250117,1,0,1,0
P04,V4_video1_normal,normal,126,4.300249224806201,1,0.04923562492643804,0.05254658668327492,0.045924663169601164,0.1578990779669517,0.16535433070866143,1.0,0.1635527371582196,0.08720938233499509,0.12538105974660735,0.0017004641723064732,1,0,0.5626905298733037,0.0008502320861532366,1,0,0,0
P04,V4_video1_normal,normal,127,4.334378186907838,1,0.05453891024284198,0.059539405158124385,0.049538415327559565,0.1575039360663877,0.171875,1.0,0.18314513427060874,0.11529402082892637,0.14921957754976756,0.00037498663872053626,1,0,0.5746097887748838,0.00018749331936026813,1,0,0,0
P04,V4_video1_normal,normal,128,4.368507149009474,1,0.09958945058879427,0.10292616171144602,0.09625273946614253,0.1573726081803609,0.17829457364341086,1.0,0.4018667239473589,0.23406264538681454,0.3179646846670867,0.0020120773349889477,1,0,0.6589823423335434,0.0010060386674944739,1,0,1,0
P04,V4_video1_normal,normal,129,4.402636111111111,1,0.23449204194714132,0.23295201731234477,0.23603206658193787,0.15541553322580018,0.17692307692307693,1.0,0.2547031024773895,0.3343503655068939,0.2945267339921417,0.0015295153822058002,0,0,0.14726336699607084,0.0007647576911029001,0,0,0,0
P04,V4_video1_normal,normal,130,4.436765073212747,1,0.28171565446021873,0.2843364766503044,0.27909483227013304,0.15613615360768385,0.17557251908396945,1.0,0.2521484797609618,0.135931326335198,0.1940399030480799,0.0008482504645197042,0,0,0.09701995152403994,0.0004241252322598521,0,0,0,0
P04,V4_video1_normal,normal,131,4.470894035314384,1,0.3027589315940175,0.3045364437111727,0.3009814194768623,0.15676912532328366,0.17424242424242425,1.0,0.10079783856841706,0.15581347721797,0.12830565789319354,0.0014405065757595956,0,0,0.06415282894659677,0.0007202532878797978,0,0,0,0
P04,V4_video1_normal,normal,132,4.50502299741602,1,0.30675884982651763,0.3054093594265931,0.3081083402264422,0.15716491359174115,0.17293233082706766,1.0,0.11845984316611857,0.10955613162081601,0.11400798739346729,0.0009385626021987026,0,0,0.057003993696733646,0.0004692813010993513,0,0,0,0
P04,V4_video1_normal,normal,133,4.539151959517657,1,0.3127416477773136,0.31297490190464206,0.31250839364998517,0.15675935039660072,0.17164179104477612,1.0,0.058263684974302565,0.02140084061723213,0.03983226279576735,0.0008306099575979484,0,0,0.019916131397883674,0.0004153049787989742,0,0,0,0
P04,V4_video1_normal,normal,134,4.573280921619293,1,0.31349393297619177,0.31337203569992156,0.31361583025246204,0.15642682752852965,0.17037037037037037,1.0,0.1741699945555365,0.03164188769589482,0.10290594112571566,0.00045452688003241214,0,0,0.05145297056285783,0.00022726344001620607,0,0,0,0
P04,V4_video1_normal,normal,135,4.60740988372093,1,0.3163665840644754,0.31473253399585244,0.3180006341330983,0.15630819343589547,0.16911764705882354,1.0,0.04771874025329437,0.023911345060544598,0.03581504265691948,0.0006958213778415773,0,0,0.01790752132845974,0.00034791068892078863,0,0,0,0
P04,V4_video1_normal,normal,136,4.641538845822566,1,0.3123138905786186,0.31230409970142214,0.312323681455815,0.1561507123958974,0.1678832116788321,1.0,0.19769375260918554,0.09423429948427475,0.14596402604673014,0.0019451299467636318,0,0,0.07298201302336507,0.0009725649733818159,0,0,0,0
P04,V4_video1_normal,normal,137,4.675667807924203,1,0.30853368827877536,0.3073309399512334,0.3097364366063174,0.15663321642842784,0.16666666666666666,1.0,0.15059131314702046,0.4189658962979107,0.2847786047224656,0.0011818868949052307,0,0,0.1423893023612328,0.0005909434474526153,0,0,0,0
P04,V4_video1_normal,normal,138,4.709796770025839,1,0.310315736678363,0.31012362869313526,0.31050784466359066,0.15643715999837537,0.16546762589928057,1.0,0.15539511605167688,0.22233897567474503,0.18886704586321096,0.0009800194816289918,0,0,0.09443352293160548,0.0004900097408144959,0,0,0,0
P04,V4_video1_normal,normal,139,4.743925732127476,1,0.3100310438350314,0.30852855705353305,0.3115335306165297,0.15631505817609506,0.16428571428571428,1.0,0.27595921068895646,0.2355554018552367,0.2557573062720966,0.0035237532397792404,0,0,0.1278786531360483,0.0017618766198896202,0,0,0,0
P04,V4_video1_normal,normal,140,4.778054694229112,1,0.3104955382498945,0.310437974626269,0.31055310187352003,0.15656033968660638,0.16312056737588654,1.0,0.12455879948631288,0.08532163285937278,0.10494021617284283,0.004479995700747103,0,0,0.05247010808642141,0.0022399978503735516,0,0,0,0
P04,V4_video1_normal,normal,141,4.812183656330749,1,0.3124126106305403,0.3100266802717753,0.3147985409893053,0.1562835345462192,0.1619718309859155,1.0,0.07397382667557562,0.2563308951916502,0.1651523609336129,0.001714555848069704,0,0,0.08257618046680645,0.000857277924034852,0,0,0,0
P04,V4_video1_normal,normal,142,4.8463126184323855,1,0.3110087470786209,0.3102387320521967,0.31177876210504507,0.15577959994094362,0.16083916083916083,1.0,0.07885582252645817,0.30376364401234646,0.19130973326940232,0.0016857865957962802,0,0,0.09565486663470116,0.0008428932978981401,0,0,0,0
P04,V4_video1_normal,normal,143,4.880441580534022,1,0.31229708964877434,0.3122317765980423,0.3123624026995063,0.15638367483109827,0.1597222222222222,1.0,0.06264668712213117,0.3868990843817429,0.22477288575193705,0.0012906681229596338,0,0,0.11238644287596852,0.0006453340614798169,0,0,0,0
P04,V4_video1_normal,normal,144,4.9145705426356585,1,0.31124043007255964,0.3105175243183996,0.31196333582671976,0.15586656441068777,0.15862068965517243,1.0,0.058236088518499485,0.1706541615186531,0.11444512501857629,0.0007792658373739933,0,0,0.057222562509288144,0.00038963291868699665,0,0,0,0
P04,V4_video1_normal,normal,145,4.948699504737295,1,0.3108960925177614,0.31071690828855353,0.3110752767469693,0.1563533161607861,0.15753424657534246,1.0,0.06742045112577189,0.1200482930832093,0.0937343721044906,0.0026577231356710584,0,0,0.0468671860522453,0.0013288615678355292,0,0,0,0
P04,V4_video1_normal,normal,146,4.9828284668389315,1,0.31180183175706755,0.3120572694991092,0.31154639401502593,0.15673232102254817,0.1564625850340136,1.0,0.09280172677341003,0.38650424345599843,0.23965298511470423,0.0020870713068844595,0,0,0.11982649255735212,0.0010435356534422297,0,0,0,0
P04,V4_video1_normal,normal,147,5.016957428940568,1,0.3129136756031624,0.31399335630788544,0.3118339948984394,0.1561374730079414,0.1554054054054054,1.0,0.14172917625583037,0.42712913927473595,0.28442915776528316,0.002157181763266092,0,0,0.14221457888264158,0.001078590881633046,0,0,0,0
P04,V4_video1_normal,normal,148,5.051086391042205,1,0.321981557764579,0.3227988867276455,0.32116422880151246,0.15875840161341653,0.15436241610738255,1.0,0.05381119882146046,0.22729442506792708,0.14055281194469377,0.0005566547084466843,0,0,0.07027640597234688,0.00027832735422334215,0,0,0,0
P04,V4_video1_normal,normal,149,5.085215353143841,1,0.3208052991186269,0.3198142113490153,0.32179638688823853,0.15807518383795408,0.15333333333333332,1.0,0.09921842640452361,0.20264887211286664,0.15093364925869512,0.0021220703249620367,0,0,0.07546682462934756,0.0010610351624810183,0,0,0,0
P04,V4_video1_normal,normal,150,5.119344315245478,1,0.32192526020482226,0.3221895192002903,0.3216610012093542,0.1586538351780046,0.152317880794702,1.0,0.17483050107542764,0.18336966484769812,0.17910008296156288,0.004892230475063518,0,0,0.08955004148078144,0.002446115237531759,0,0,0,0
P04,V4_video1_normal,normal,151,5.153473277347114,1,0.31700803480991563,0.3139072069992087,0.32010886262062255,0.15771391027644785,0.1513157894736842,1.0,0.028883710770018167,0.1023525167420104,0.06561811375601428,0.0014488339950851177,0,0,0.03280905687800714,0.0007244169975425588,0,0,0,0
P04,V4_video1_normal,normal,152,5.187602239448751,1,0.31325477849309685,0.31161924901009913,0.3148903079760946,0.15775993953967601,0.1503267973856209,1.0,0.11991209234606859,0.4881540654556925,0.30403307890088055,0.002877673417099567,0,0,0.15201653945044027,0.0014388367085497835,0,0,0,0
P04,V4_video1_normal,normal,153,5.221731201550387,1,0.31765896672513416,0.31576036176165495,0.3195575716886133,0.15622738175373418,0.14935064935064934,1.0,0.0917143109262949,0.46354196927926217,0.27762814010277853,0.006141150219789927,0,0,0.13881407005138927,0.0030705751098949637,0,0,0,0
P04,V4_video1_normal,normal,154,5.255860163652024,1,0.3106406836468112,0.3092495720377519,0.31203179525587055,0.15649602665214252,0.14838709677419354,1.0,0.059350866421681525,0.5079767715630363,0.28366381899235893,0.004883896810974962,0,0,0.14183190949617946,0.002441948405487481,0,0,0,0
P04,V4_video1_normal,normal,155,5.28998912575366,1,0.3111417022680607,0.30831119715946814,0.3139722073766533,0.15698946847179698,0.14743589743589744,1.0,0.1287608024146688,0.10570309707868597,0.11723194974667739,0.0023722708793528723,0,0,0.058615974873338694,0.0011861354396764362,0,0,0,0
P04,V4_video1_normal,normal,156,5.324118087855297,1,0.3159607993106214,0.31218429322389196,0.31973730539735085,0.1568408484951407,0.1464968152866242,1.0,0.26952486362665806,0.11280900672413541,0.19116693517539673,0.002529594882564361,0,0,0.09558346758769837,0.0012647974412821805,0,0,0,0
P04,V4_video1_normal,normal,157,5.358247049956933,1,0.31042308350269127,0.30928779885715796,0.3115583681482246,0.15677927544193979,0.14556962025316456,1.0,0.19609652066702232,0.19677999911649946,0.1964382598917609,0.0028680598414451853,0,0,0.09821912994588045,0.0014340299207225926,0,0,0,0
P04,V4_video1_normal,normal,158,5.39237601205857,1,0.3156371408351886,0.3144115459831285,0.31686273568724876,0.15670504575067606,0.14465408805031446,1.0,0.16370085338025142,0.5590898344715292,0.3613953439258903,0.004165650790059587,0,0,0.18069767196294514,0.0020828253950297936,0,0,0,0
P04,V4_video1_normal,normal,159,5.426504974160206,1,0.323910917634453,0.3225158956111044,0.3253059396578017,0.1567448562097758,0.14375,1.0,0.14338316185073197,0.11011243216632216,0.12674779700852706,0.0036627443996603247,0,0,0.06337389850426353,0.0018313721998301623,0,0,0,0
P04,V4_video1_normal,normal,160,5.460633936261843,1,0.3190078642945639,0.3184336884091212,0.31958204018000663,0.15750215525714034,0.14285714285714285,1.0,0.0908749863757673,0.17838063263667903,0.13462780950622316,0.0009023709938566099,0,0,0.06731390475311158,0.0004511854969283049,0,0,0,0
P04,V4_video1_normal,normal,161,5.494762898363479,1,0.3176474035635879,0.316280076303319,0.31901473082385684,0.15740000852850092,0.1419753086419753,1.0,0.04894831094526508,0.4413585718686399,0.2451534414069525,0.021388356279084718,0,0,0.12257672070347625,0.010694178139542359,0,0,0,0
P04,V4_video1_normal,normal,162,5.528891860465116,1,0.31829825561608044,0.3169329518350455,0.3196635593971154,0.15814107360249188,0.1411042944785276,1.0,0.08720300558501459,0.36239083834739727,0.22479692196620593,0.0028706519915546137,0,0,0.11239846098310297,0.0014353259957773068,0,0,0,0
P04,V4_video1_normal,normal,163,5.563020822566752,1,0.3140927313730706,0.3122493304257416,0.31593613232039963,0.15796396861393108,0.1402439024390244,1.0,0.14481331298028377,0.175137451427115,0.1599753822036994,0.0027178880970436447,0,0,0.0799876911018497,0.0013589440485218224,0,0,0,0
P04,V4_video1_normal,normal,164,5.597149784668389,1,0.31401540753202783,0.3137108059366347,0.314320009127421,0.1583535160991258,0.1393939393939394,1.0,0.18611613545233907,0.09914444670174749,0.14263029107704328,0.0004395849277889924,0,0,0.07131514553852164,0.0002197924638944962,0,0,0,0
P04,V4_video1_normal,normal,165,5.631278746770025,1,0.3126328826051105,0.31229547383733325,0.3129702913728878,0.15874671303770438,0.13855421686746988,1.0,0.15343930720396215,0.08120948432418229,0.11732439576407222,0.0018009285781558709,0,0,0.05866219788203611,0.0009004642890779354,0,0,0,0
P04,V4_video1_normal,normal,166,5.665407708871662,1,0.3153906055901927,0.314201952770834,0.3165792584095514,0.15814094514954274,0.1377245508982036,1.0,0.07271640433934001,0.2868489670672687,0.17978268570330436,0.0013667281903875052,0,0,0.08989134285165218,0.0006833640951937526,0,0,0,0
P04,V4_video1_normal,normal,167,5.699536670973298,1,0.313977597500337,0.3122817020706606,0.3156734929300134,0.1585238021155756,0.13690476190476192,1.0,0.1635178731801208,0.2746418228496076,0.2190798480148642,0.0029064599895836855,0,0,0.1095399240074321,0.0014532299947918428,0,0,0,0
P04,V4_video1_normal,normal,168,5.733665633074935,1,0.3140023685863174,0.31270933749056035,0.3152953996820745,0.1580388098674185,0.13609467455621302,1.0,0.04271775149058066,0.137380415643923,0.09004908356725183,0.0010125006964963568,0,0,0.045024541783625915,0.0005062503482481784,0,0,0,0
P04,V4_video1_normal,normal,169,5.7677945951765714,1,0.3050975304669371,0.30362196862943397,0.30657309230444024,0.1583378781291677,0.13529411764705881,1.0,0.02267054132127244,0.21059173869588232,0.11663114000857738,0.0014854330140863328,0,0,0.05831557000428869,0.0007427165070431664,0,0,0,0
P04,V4_video1_normal,normal,170,5.801923557278208,1,0.29233798148271817,0.2913830138411407,0.2932929491242956,0.15840154303645873,0.13450292397660818,1.0,0.2586845061313756,0.1906781773235311,0.22468134172745335,0.0022730496326846678,0,0,0.11234067086372668,0.0011365248163423339,0,0,0,0
P04,V4_video1_normal,normal,171,5.8360525193798445,1,0.27937186716751883,0.27887857216488066,0.279865162170157,0.15858500503326864,0.13372093023255813,1.0,0.08483552987105736,0.4061376945738907,0.24548661222247403,0.0009231964536929597,0,0,0.12274330611123702,0.00046159822684647983,0,0,0,0
P04,V4_video1_normal,normal,172,5.870181481481481,1,0.10116202113264912,0.10733013827019923,0.09499390399509901,0.15950586303305198,0.13872832369942195,1.0,0.2269655066227103,0.17616686252669156,0.20156618457470094,0.0007441689949584114,1,0,0.6007830922873505,0.0003720844974792057,1,0,1,0
P04,V4_video1_normal,normal,173,5.9043104435831175,1,0.06681624952494473,0.07814405527044002,0.05548844377944944,0.1593099238452872,0.14367816091954022,1.0,0.5875318455150662,0.24706254074154743,0.4172971931283068,0.00065666659620355,1,0,0.7086485965641534,0.000328333298101775,1,0,1,0
P04,V4_video1_normal,normal,174,5.938439405684754,1,0.06444223749697822,0.07215049007862111,0.05673398491533533,0.15853840505570604,0.14857142857142858,1.0,0.2509666772807507,0.29103486570828174,0.27100077149451623,0.0022710131654072054,1,0,0.6355003857472581,0.0011355065827036027,1,0,1,0
P04,V4_video1_normal,normal,175,5.9725683677863906,1,0.05832413904534697,0.06854477740889343,0.048103500681800505,0.15768600843738975,0.1534090909090909,1.0,0.1856356723972885,0.43642684306144774,0.3110312577293681,0.00368220519886207,1,0,0.6555156288646841,0.001841102599431035,1,0,1,0
P04,V4_video1_normal,normal,176,6.006697329888027,1,0.054161426690397065,0.05869332845657482,0.049629524924219307,0.15766460573475527,0.15819209039548024,1.0,0.09471991007970049,0.1546007924984314,0.12466035128906594,0.01719554765453909,1,0,0.5623301756445329,0.008597773827269546,1,0,0,0
P04,V4_video1_normal,normal,177,6.040826291989664,1,0.07437074634267371,0.08130186673349861,0.0674396259518488,0.15836478275385618,0.16292134831460675,1.0,0.2639573485214254,0.13312010828246323,0.1985387284019443,0.002283810129833053,1,0,0.5992693642009721,0.0011419050649165265,1,0,1,0
P04,V4_video1_normal,normal,178,6.0749552540913,1,0.1207896176751624,0.1140498203361843,0.1275294150141405,0.15911428526529017,0.16759776536312848,1.0,0.21452326206975558,0.10128748630968187,0.15790537418971873,0.01655573088501863,1,0,0.5789526870948594,0.008277865442509314,1,0,0,0
P04,V4_video1_normal,normal,179,6.109084216192937,1,0.2214358785796326,0.21728760525045185,0.22558415190881337,0.15927710516454918,0.16666666666666666,1.0,0.179762931806007,0.33583413820740526,0.25779853500670613,0.01130619307182729,0,0,0.12889926750335307,0.005653096535913645,0,0,0,0
P04,V4_video1_normal,normal,180,6.143213178294573,1,0.2582453676500302,0.24640166880359918,0.27008906649646125,0.1587757384823392,0.16574585635359115,1.0,0.06758228915122877,0.27588546218895127,0.17173387567009002,0.005842491618851268,0,0,0.08586693783504501,0.002921245809425634,0,0,0,0
P04,V4_video1_normal,normal,181,6.17734214039621,1,0.2655809064261148,0.25407896213003806,0.2770828507221916,0.15860083119773824,0.16483516483516483,1.0,0.08077778709060757,0.32310173415225574,0.20193976062143165,0.0017090873081600064,0,0,0.10096988031071583,0.0008545436540800032,0,0,0,0
P04,V4_video1_normal,normal,182,6.211471102497846,1,0.26963015017759306,0.26246531723081207,0.2767949831243741,0.15743595989266274,0.16393442622950818,1.0,0.14014462296869845,0.12687724280085277,0.1335109328847756,0.009481171289489025,0,0,0.0667554664423878,0.004740585644744512,0,0,0,0
P04,V4_video1_normal,normal,183,6.245600064599483,1,0.2749432363637572,0.2642036470308788,0.28568282569663567,0.1567537462088887,0.16304347826086957,1.0,0.1806095951685227,0.31302277979692594,0.24681618748272433,0.005971353856601331,0,0,0.12340809374136216,0.0029856769283006655,0,0,0,0
P04,V4_video1_normal,normal,184,6.279729026701119,1,0.28326311553536676,0.2761560902249959,0.2903701408457377,0.15795420439418573,0.16216216216216217,1.0,0.08533871529367909,0.070347589374823,0.07784315233425104,0.007600015882334865,0,0,0.03892157616712552,0.0038000079411674324,0,0,0,0
P04,V4_video1_normal,normal,185,6.313857988802756,1,0.2725905495181056,0.2706270828233729,0.2745540162128382,0.15770839593482736,0.16129032258064516,1.0,0.13524917319254204,0.2161051618828037,0.17567716753767287,0.008620045397090274,0,0,0.08783858376883644,0.004310022698545137,0,0,0,0
P04,V4_video1_normal,normal,186,6.347986950904392,1,0.264666236951138,0.26133471449840145,0.2679977594038746,0.15664451744194563,0.16042780748663102,1.0,0.1438800734759017,0.21585332171494964,0.17986669759542567,0.009141470732204329,0,0,0.08993334879771284,0.0045707353661021645,0,0,0,0
P04,V4_video1_normal,normal,187,6.382115913006029,1,0.25849436728972763,0.25469113444596475,0.26229760013349046,0.15710017469936002,0.1595744680851064,1.0,0.13184204666827615,0.33702399664728255,0.23443302165777935,0.004256290267436804,0,0,0.11721651082888968,0.002128145133718402,0,0,0,0
P04,V4_video1_normal,normal,188,6.416244875107665,1,0.25522902321696517,0.2530406242150583,0.2574174222188721,0.15447020447727125,0.15873015873015872,1.0,0.11370310178239984,0.26674657630906295,0.1902248390457314,0.05890868482718954,0,0,0.0951124195228657,0.02945434241359477,0,0,0,0
P04,V4_video1_normal,normal,189,6.450373837209302,1,0.2555913859076624,0.2526434041998633,0.2585393676154615,0.15403316903333986,0.15789473684210525,1.0,0.21479488455411377,0.19481747899238477,0.20480618177324927,0.044756942268453885,0,0,0.10240309088662464,0.022378471134226943,0,0,0,0
P04,V4_video1_normal,normal,190,6.484502799310938,1,0.26217840069636117,0.25863445756838765,0.2657223438243347,0.1543835485475119,0.15706806282722513,1.0,0.17220715658742336,0.06398162419446252,0.11809439039094294,0.0019112526295220664,0,0,0.05904719519547147,0.0009556263147610332,0,0,0,0
P04,V4_video1_normal,normal,191,6.518631761412575,1,0.2531545380275232,0.25104605529594004,0.2552630207591063,0.15392780635568235,0.15625,1.0,0.3647982204500658,0.3408741279575762,0.352836174203821,0.0024553148800167705,0,0,0.1764180871019105,0.0012276574400083852,0,0,0,0
P04,V4_video1_normal,normal,192,6.552760723514211,1,0.25923492657964664,0.25632364393084756,0.2621462092284457,0.15365903225046923,0.15544041450777202,1.0,0.06522810109933608,0.16889630555992718,0.11706220332963163,0.0019652477611771728,0,0,0.058531101664815816,0.0009826238805885864,0,0,0,0
P04,V4_video1_normal,normal,193,6.586889685615848,1,0.2618406135695975,0.25760159582437375,0.2660796313148212,0.1528357451724443,0.15463917525773196,1.0,0.03888547446998769,0.029411428835762754,0.03414845165287522,0.0010745012405672589,0,0,0.01707422582643761,0.0005372506202836294,0,0,0,0
P04,V4_video1_normal,normal,194,6.621018647717484,1,0.2638933108092434,0.2586224425916041,0.2691641790268826,0.15288593879239137,0.15384615384615385,1.0,0.07848252638533848,0.07348600419531004,0.07598426529032426,0.0027517500056437223,0,0,0.03799213264516213,0.0013758750028218612,0,0,0,0
P04,V4_video1_normal,normal,195,6.655147609819121,1,0.2598729222933631,0.25518444270101226,0.2645614018857139,0.1528268495422842,0.15306122448979592,1.0,0.12630692094051343,0.16805069996472155,0.1471788104526175,0.0018056820199220283,0,0,0.07358940522630875,0.0009028410099610141,0,0,0,0
P04,V4_video1_normal,normal,196,6.689276571920757,1,0.2653923877680058,0.2620426113149683,0.2687421642210432,0.1533304194632013,0.15228426395939088,1.0,0.1778582777810176,0.08012253173863904,0.12899040475982831,0.0008585593753792363,0,0,0.06449520237991416,0.00042927968768961816,0,0,0,0
P04,V4_video1_normal,normal,197,6.723405534022394,1,0.2662315014788965,0.26337425163296774,0.2690887513248253,0.15312676208358517,0.15151515151515152,1.0,0.06561489347434724,0.191220631275125,0.12841776237473612,0.0038483049000213945,0,0,0.06420888118736806,0.0019241524500106973,0,0,0,0
P04,V4_video1_normal,normal,198,6.7575344961240305,1,0.26913843437588963,0.2671202781733565,0.2711565905784228,0.15266956528074402,0.1507537688442211,1.0,0.16297622937980938,0.11021145631120643,0.1365938428455079,0.005038905038979765,0,0,0.06829692142275395,0.0025194525194898827,0,0,0,0
P04,V4_video1_normal,normal,199,6.791663458225667,1,0.26858022150317074,0.264711217446285,0.27244922556005646,0.15244516830246344,0.15,1.0,0.07338685021751534,0.1950388653558378,0.13421285778667658,0.008172771364345268,0,0,0.06710642889333829,0.004086385682172634,0,0,0,0
P04,V4_video1_normal,normal,200,6.8257924203273035,1,0.26658309424328597,0.26373580531557805,0.2694303831709938,0.1521959373140911,0.14925373134328357,1.0,0.05191989263140884,0.25227076405361704,0.15209532834251294,0.003358600011817247,0,0,0.07604766417125647,0.0016793000059086235,0,0,0,0
P04,V4_video1_normal,normal,201,6.85992138242894,1,0.2583402705054195,0.25587065645592655,0.26080988455491255,0.15306844134618303,0.1485148514851485,1.0,0.1892778776377103,0.12815024875110692,0.15871406319440862,0.01154584961339273,0,0,0.07935703159720431,0.005772924806696365,0,0,0,0
P04,V4_video1_normal,normal,202,6.8940503445305765,1,0.2746828822029648,0.2737796972874347,0.2755860671184948,0.15284594166401236,0.1477832512315271,1.0,0.09609401382098648,0.23749993540525116,0.16679697461311882,0.006610593737562839,0,0,0.08339848730655941,0.0033052968687814193,0,0,0,0
P04,V4_video1_normal,normal,203,6.928179306632213,1,0.2663577121973476,0.264144354330552,0.2685710700641432,0.15287608490377744,0.14705882352941177,1.0,0.09286047517539586,0.07493194075543319,0.08389620796541453,0.012101468879545767,0,0,0.04194810398270726,0.006050734439772883,0,0,0,0
P04,V4_video1_normal,normal,204,6.96230826873385,1,0.2712103170885031,0.27007856073310477,0.2723420734439013,0.15241177301297437,0.14634146341463414,1.0,0.145101994415897,0.11063863992919798,0.1278703171725475,0.010160690552599444,0,0,0.06393515858627374,0.005080345276299722,0,0,0,0
P04,V4_video1_normal,normal,205,6.996437230835486,1,0.26787910168282225,0.26690308216447617,0.26885512120116833,0.15140498163956856,0.14563106796116504,1.0,0.2021793599775138,0.08248336544192825,0.14233136270972102,0.016334350242711713,0,0,0.07116568135486051,0.008167175121355856,0,0,0,0
P04,V4_video1_normal,normal,206,7.030566192937123,1,0.2717322520448656,0.2675607350920183,0.275903768997713,0.15121670913393073,0.14492753623188406,1.0,0.1858335935208263,0.09427645283321917,0.14005502317702273,0.022530865056084228,0,0,0.07002751158851137,0.011265432528042114,0,0,0,0
P04,V4_video1_normal,normal,207,7.064695155038759,1,0.2686762350748362,0.2657338638208582,0.2716186063288141,0.15025897570087357,0.14423076923076922,1.0,0.15951862674520745,0.16744125280954092,0.16347993977737418,0.007275161649540274,0,0,0.08173996988868709,0.003637580824770137,0,0,0,0
P04,V4_video1_normal,normal,208,7.098824117140396,1,0.2699516619333959,0.26583776369990186,0.27406556016688993,0.1511213474768543,0.14354066985645933,1.0,0.0324700051011273,0.20132734946165864,0.11689867728139297,0.0026409468977861106,0,0,0.058449338640696485,0.0013204734488930553,0,0,0,0
P04,V4_video1_normal,normal,209,7.132953079242032,1,0.27140179711510365,0.267475434903869,0.2753281593263383,0.15060070542817336,0.14285714285714285,1.0,0.08786468602244912,0.0381917152978869,0.06302820066016801,0.009162013827103837,0,0,0.031514100330084005,0.0045810069135519185,0,0,0,0
P04,V4_video1_normal,normal,210,7.167082041343669,1,0.2670083985601499,0.26367139136486184,0.2703454057554379,0.15110035088281076,0.14218009478672985,1.0,0.10919145874604652,0.08541134092758484,0.09730139983681568,0.0034405422516327502,0,0,0.04865069991840784,0.0017202711258163751,0,0,0,0
P04,V4_video1_normal,normal,211,7.201211003445305,1,0.2628471060609685,0.26018127207010566,0.2655129400518314,0.15112343086826693,0.14150943396226415,1.0,0.07828113899894651,0.13102005077320145,0.10465059488607398,0.0018227354066503237,0,0,0.05232529744303699,0.0009113677033251618,0,0,0,0
P04,V4_video1_normal,normal,212,7.235339965546942,1,0.2607594350149568,0.2571177236658045,0.26440114636410905,0.1516585474727326,0.14084507042253522,1.0,0.19644840378619954,0.17089970270244337,0.18367405324432146,0.016515299621056093,0,0,0.09183702662216073,0.008257649810528046,0,0,0,0
P04,V4_video1_normal,normal,213,7.269468927648578,1,0.2705001384608552,0.266596418216536,0.27440385870517436,0.151163402917634,0.14018691588785046,1.0,0.03495637144580499,0.023978585051019574,0.029467478248412282,0.003964412314912655,0,0,0.014733739124206141,0.0019822061574563273,0,0,0,0
P04,V4_video1_normal,normal,214,7.303597889750215,1,0.26526557420910557,0.2596376744157508,0.2708934740024603,0.1506101664649015,0.13953488372093023,1.0,0.1976169788783112,0.11931645322226969,0.15846671605029045,0.0029289159173968367,0,0,0.07923335802514522,0.0014644579586984183,0,0,0,0
P04,V4_video1_normal,normal,215,7.337726851851851,1,0.2680364905524391,0.26351312951784556,0.27255985158703266,0.15097829306166835,0.1388888888888889,1.0,0.288579446580827,0.021771658662621984,0.1551755526217245,0.0030366137109855786,0,0,0.07758777631086225,0.0015183068554927893,0,0,0,0
P04,V4_video1_normal,normal,216,7.371855813953488,1,0.2611007742428246,0.2572954574690483,0.26490609101660084,0.15030646537481862,0.1382488479262673,1.0,0.028025336018428604,0.02579362707616273,0.026909481547295666,0.01606895073051524,0,0,0.013454740773647833,0.00803447536525762,0,0,0,0
P04,V4_video1_normal,normal,217,7.405984776055124,1,0.2554856413968347,0.2545623384525037,0.2564089443411658,0.15178024593627842,0.13761467889908258,1.0,0.19059954520133715,0.25917752147703577,0.22488853333918646,0.020919805237217304,0,0,0.11244426666959323,0.010459902618608652,0,0,0,0
P04,V4_video1_normal,normal,218,7.440113738156761,1,0.26357075053340134,0.26337412521878395,0.26376737584801874,0.15352803384991706,0.136986301369863,1.0,0.0702569586237789,0.13945506679614628,0.10485601270996259,0.005055254593713685,0,0,0.052428006354981294,0.0025276272968568427,0,0,0,0
P04,V4_video1_normal,normal,219,7.474242700258397,1,0.2695729012129441,0.2655234061550484,0.27362239627083984,0.15176668957913517,0.13636363636363635,1.0,0.10797734247458901,0.04473404353031607,0.07635569300245254,0.007125195788504214,0,0,0.03817784650122627,0.003562597894252107,0,0,0,0
P04,V4_video1_normal,normal,220,7.508371662360034,1,0.26297274445537566,0.2608993950820523,0.265046093828699,0.15217242461881056,0.13574660633484162,1.0,0.27808752801584957,0.09962507060487324,0.1888562993103614,0.008851863795016809,0,0,0.0944281496551807,0.0044259318975084045,0,0,0,0
P04,V4_video1_normal,normal,221,7.54250062446167,1,0.27997722552635285,0.2790496233950469,0.28090482765765884,0.15376096597238317,0.13513513513513514,1.0,0.06311988104296029,0.2766133460906792,0.16986661356681976,0.006631110518120379,0,0,0.08493330678340988,0.0033155552590601895,0,0,0,0
P04,V4_video1_normal,normal,222,7.576629586563307,1,0.29398170388254385,0.2946087174250799,0.2933546903400079,0.15598955804683984,0.13452914798206278,1.0,0.03382191738970752,0.1718830264670047,0.10285247192835612,0.021131986833291903,0,0,0.05142623596417806,0.010565993416645951,0,0,0,0
P04,V4_video1_normal,normal,223,7.610758548664943,1,0.3123586650144552,0.3080902886326351,0.31662704139627534,0.15508150146168734,0.13392857142857142,1.0,0.048224273299918075,0.06191631264932784,0.05507029297462296,0.03247577296352621,0,0,0.02753514648731148,0.016237886481763105,0,0,0,0
P04,V4_video1_normal,normal,224,7.64488751076658,1,0.316000339943149,0.30979593235316666,0.3222047475331314,0.1555346608959892,0.13333333333333333,1.0,0.03942566842053197,0.03463350302319135,0.03702958572186166,0.005330925800758193,0,0,0.01851479286093083,0.0026654629003790963,0,0,0,0
P04,V4_video1_normal,normal,225,7.679016472868216,1,0.31735573665059214,0.313955339513269,0.32075613378791523,0.15536497324818516,0.13274336283185842,1.0,0.1423275325616734,0.030543614208696335,0.08643557338518487,0.0164296108622357,0,0,0.043217786692592436,0.00821480543111785,0,0,0,0
P04,V4_video1_normal,normal,226,7.713145434969853,1,0.31589834668724814,0.3091692014262651,0.32262749194823115,0.1563148457225462,0.13215859030837004,1.0,0.08702673038844033,0.18539653835046555,0.13621163436945294,0.012308801246994789,0,0,0.06810581718472647,0.006154400623497394,0,0,0,0
P04,V4_video1_normal,normal,227,7.7472743970714895,1,0.31642160222758636,0.31091494260785724,0.3219282618473155,0.15564285084229854,0.13157894736842105,1.0,0.06693454567770918,0.06506542995806175,0.06599998781788546,0.0017346736283149885,0,0,0.03299999390894273,0.0008673368141574943,0,0,0,0
P04,V4_video1_normal,normal,228,7.781403359173126,1,0.3104306879233887,0.30544983029917705,0.3154115455476003,0.1556918779861657,0.13100436681222707,1.0,0.26720483208178925,0.02241385077361291,0.14480934142770108,0.0026487403706086676,0,0,0.07240467071385054,0.0013243701853043338,0,0,0,0
P04,V4_video1_normal,normal,229,7.8155323212747625,1,0.3101071277644918,0.30198333397221727,0.31823092155676624,0.15444704103672544,0.13043478260869565,1.0,0.04167300692330567,0.022385694487886076,0.03202935070559587,0.002235185369093646,0,0,0.016014675352797936,0.001117592684546823,0,0,0,0
P04,V4_video1_normal,normal,230,7.849661283376399,1,0.3099736306741453,0.3012166526143385,0.3187306087339521,0.1546805310229741,0.12987012987012986,1.0,0.08402528812591348,0.03150492316289488,0.05776510564440418,0.0037493174038626745,0,0,0.02888255282220209,0.0018746587019313372,0,0,0,0
P04,V4_video1_normal,normal,231,7.8837902454780355,1,0.30852435651792076,0.3017410263343427,0.3153076867014989,0.15460340917277274,0.12931034482758622,1.0,0.023990523260952856,0.017248757944290705,0.02061964060262178,0.005699026419034651,0,0,0.01030982030131089,0.0028495132095173255,0,0,0,0
P04,V4_video1_normal,normal,232,7.917919207579672,1,0.3094609843652214,0.3023663961024119,0.31655557262803086,0.15541585717514336,0.12875536480686695,1.0,0.04253649392187098,0.012703364744550583,0.02761992933321078,0.006738750224181726,0,0,0.01380996466660539,0.003369375112090863,0,0,0,0
P04,V4_video1_normal,normal,233,7.952048169681309,1,0.31270228111926224,0.304891116689694,0.32051344554883043,0.15534082061172383,0.1282051282051282,1.0,0.11255248616346247,0.010678271668848494,0.06161537891615548,0.005336164743025142,0,0,0.03080768945807774,0.002668082371512571,0,0,0,0
P04,V4_video1_normal,normal,234,7.986177131782945,1,0.31071959626833956,0.30151438445227885,0.3199248080844003,0.1554921981585794,0.1276595744680851,1.0,0.02811673469604714,0.041267365358878205,0.03469205002746267,0.0056344872982674295,0,0,0.017346025013731337,0.0028172436491337148,0,0,0,0
P04,V4_video1_normal,normal,235,8.020306093884582,1,0.30836496686455017,0.3005223721527504,0.31620756157635,0.15609909389787674,0.1271186440677966,1.0,0.12027374963514148,0.011569982230364317,0.0659218659327529,0.002761816493864043,0,0,0.03296093296637645,0.0013809082469320214,0,0,0,0
P04,V4_video1_normal,normal,236,8.054435055986218,1,0.3161281580131746,0.3116564107300448,0.32059990529630444,0.15663610261268476,0.12658227848101267,1.0,0.12876789030903746,0.04568645001765359,0.08722717016334552,0.006436531912417415,0,0,0.04361358508167276,0.0032182659562087074,0,0,0,0
P04,V4_video1_normal,normal,237,8.088564018087855,1,0.30957865508153815,0.304156365046668,0.3150009451164083,0.156123796345824,0.12605042016806722,1.0,0.35371055108824245,0.06693211860480919,0.21032133484652582,0.003450478937676194,0,0,0.10516066742326291,0.001725239468838097,0,0,0,0
P04,V4_video1_normal,normal,238,8.122692980189491,1,0.31142017004670774,0.3062789811587956,0.31656135893461984,0.156145282932649,0.12552301255230125,1.0,0.3887496466687058,0.167484980203765,0.2781173134362354,0.014889582275438247,0,0,0.1390586567181177,0.0074447911377191235,0,0,0,0
P04,V4_video1_normal,normal,239,8.156821942291128,1,0.2931523396472959,0.28543323498374573,0.30087144431084606,0.15614571643416342,0.125,1.0,0.20744189849158268,0.03982847137996515,0.12363518493577391,0.008634800986143446,0,0,0.061817592467886956,0.004317400493071723,0,0,0,0
P04,V4_video1_normal,normal,240,8.190950904392764,1,0.2781628046635811,0.2687215480306459,0.2876040612965163,0.15533893676501875,0.12448132780082988,1.0,0.11105051370980112,0.04331134277333304,0.07718092824156708,0.005307286674983347,0,0,0.03859046412078354,0.0026536433374916733,0,0,0,0
P04,V4_video1_normal,normal,241,8.2250798664944,1,0.26548384715500056,0.25808098109075184,0.2728867132192493,0.1558639364159657,0.12396694214876033,1.0,0.17930727284952797,0.03814292021267951,0.10872509653110374,0.0046637545579221165,0,0,0.05436254826555187,0.0023318772789610582,0,0,0,0
P04,V4_video1_normal,normal,242,8.259208828596037,1,0.08569489403431627,0.08322325576729633,0.08816653230133621,0.15976447602560503,0.12757201646090535,1.0,0.0982303713951993,0.27520870911049533,0.18671954025284732,0.00221227144228194,1,0,0.5933597701264237,0.00110613572114097,1,0,1,0
P04,V4_video1_normal,normal,243,8.293337790697674,1,0.06458132312871177,0.06455013716787966,0.06461250908954388,0.1578580026669238,0.13114754098360656,1.0,0.2251388024423996,0.10959588687055222,0.1673673446564759,0.0008710630647979063,1,0,0.5836836723282379,0.00043553153239895317,1,0,1,0
P04,V4_video1_normal,normal,244,8.32746675279931,1,0.05880980381667325,0.059221411534113214,0.058398196099233295,0.15793852078552711,0.1346938775510204,1.0,0.18700596269241654,0.178258400367738,0.18263218153007726,0.0006703338976144134,1,0,0.5913160907650387,0.0003351669488072067,1,0,1,0
P04,V4_video1_normal,normal,245,8.361595714900947,1,0.05934238411801206,0.04927103406667835,0.06941373416934578,0.1578382519014172,0.13821138211382114,1.0,0.12206114032889537,0.09212153557878244,0.1070913379538389,0.0005958737148802827,1,0,0.5535456689769195,0.00029793685744014135,1,0,0,0
P04,V4_video1_normal,normal,246,8.395724677002583,1,0.0626870748937144,0.0569172951744451,0.0684568546129837,0.15865015889827316,0.1417004048582996,1.0,0.12914161150831305,0.15197649390903134,0.1405590527086722,0.001053080569292176,1,0,0.5702795263543361,0.000526540284646088,1,0,0,0
P04,V4_video1_normal,normal,247,8.42985363910422,1,0.04451661497943829,0.04494152412991759,0.044091705828958994,0.1599533998131783,0.14516129032258066,1.0,0.17860999061154847,0.173728281947636,0.17616913627959224,0.0008901991481199602,1,0,0.5880845681397961,0.0004450995740599801,1,0,1,0
P04,V4_video1_normal,normal,248,8.463982601205856,1,0.046074801882439925,0.04532942177813018,0.04682018198674968,0.15907202409103802,0.14859437751004015,1.0,0.05604796251603983,0.11294021706213964,0.08449408978908973,0.0008089815851965346,1,0,0.5422470448945449,0.0004044907925982673,1,0,0,0
P04,V4_video1_normal,normal,249,8.498111563307493,1,0.05164191979514007,0.048207362580456735,0.05507647700982342,0.15823335038501496,0.152,1.0,0.08681421567135716,0.077011457949834,0.08191283681059558,0.0007804091442316991,1,0,0.5409564184052977,0.00039020457211584955,1,0,0,0
P04,V4_video1_normal,normal,250,8.53224052540913,1,0.0501191028553539,0.04643337838174774,0.05380482732896005,0.1585332342476185,0.1553784860557769,1.0,0.14259261234863452,0.15134162254920636,0.14696711744892044,0.0007692713531725956,1,0,0.5734835587244602,0.0003846356765862978,1,0,0,0
P04,V4_video1_normal,normal,251,8.566369487510766,1,0.05132405201923068,0.04312872398812004,0.059519380050341325,0.1595936538021618,0.15873015873015872,1.0,0.21081870125108015,0.09569098667705744,0.1532548439640688,0.003004285885605185,1,0,0.5766274219820344,0.0015021429428025924,1,0,0,0
P04,V4_video1_normal,normal,252,8.600498449612402,1,0.055130886439502376,0.05167473410121915,0.0585870387777856,0.1591683465818632,0.16205533596837945,1.0,0.22924310483003774,0.3365942533929822,0.28291867911151,0.0013279338062923284,1,0,0.641459339555755,0.0006639669031461642,1,0,1,0
P04,V4_video1_normal,normal,253,8.634627411714039,1,0.05338279823242165,0.05480004546876807,0.05196555099607522,0.15907017771057536,0.16535433070866143,1.0,0.3783065433351569,0.3054050833147298,0.34185581332494336,0.0006748500621757966,1,0,0.6709279066624717,0.0003374250310878983,1,0,1,0
P04,V4_video1_normal,normal,254,8.668756373815675,1,0.0492749073407763,0.04457450039112378,0.05397531429042882,0.1580793112907059,0.16862745098039217,1.0,0.38983664096833304,0.19756118504209197,0.2936989130052125,0.0022381702971024783,1,0,0.6468494565026063,0.0011190851485512391,1,0,1,0
P04,V4_video1_normal,normal,255,8.702885335917312,1,0.05642997916750836,0.053367919885468275,0.05949203844954845,0.15746568120295223,0.171875,1.0,0.3182668734117179,0.40595948721882,0.36211318031526896,0.00024071882873300194,1,0,0.6810565901576344,0.00012035941436650097,1,0,1,0
P04,V4_video1_normal,normal,256,8.737014298018948,1,0.05610453710461101,0.05109201308314513,0.061117061126076885,0.15746729816563126,0.17509727626459143,1.0,0.13450286837966086,0.22587932341926664,0.18019109589946375,0.0005343158516950255,1,0,0.5900955479497318,0.00026715792584751277,1,0,1,0
P04,V4_video1_normal,normal,257,8.771143260120585,1,0.048909214352473,0.046331558752657834,0.051486869952288176,0.15656994725087847,0.17829457364341086,1.0,0.25516671743896213,0.04740316240209341,0.15128493992052777,0.0007170245823018926,1,0,0.5756424699602639,0.0003585122911509463,1,0,0,0
P04,V4_video1_normal,normal,258,8.805272222222222,1,0.04410457065627525,0.045740715639259424,0.04246842567329107,0.15794211431048835,0.18146718146718147,1.0,0.12323093964716725,0.15713243269694044,0.14018168617205384,0.002222414934278188,1,0,0.570090843086027,0.001111207467139094,1,0,0,0
P04,V4_video1_normal,normal,259,8.839401184323858,1,0.05882589706159354,0.05174234036177033,0.06590945376141674,0.1561682566627698,0.18461538461538463,1.0,0.29856401227847784,0.24176368839500118,0.2701638503367395,0.0034671530997042793,1,0,0.6350819251683697,0.0017335765498521396,1,0,1,0
P04,V4_video1_normal,normal,260,8.873530146425495,1,0.08549184390897283,0.08021915246040738,0.09076453535753827,0.15578729950433698,0.18773946360153257,1.0,0.2563913919945451,0.17341012443886084,0.21490075821670296,0.001257659136756944,1,0,0.6074503791083514,0.000628829568378472,1,0,1,0
P04,V4_video1_normal,normal,261,8.907659108527131,1,0.15861984282727518,0.14811614225996303,0.16912354339458732,0.15614989751544653,0.18702290076335878,1.0,0.29676589719985447,0.17984851350562625,0.23830720535274036,0.005065236714499255,0,0,0.11915360267637018,0.0025326183572496274,0,0,0,0
P04,V4_video1_normal,normal,262,8.941788070628768,1,0.23897327327355064,0.23397654496329923,0.24397000158380205,0.15662265612987056,0.18631178707224336,1.0,0.1548741640795247,0.37552992529395157,0.26520204468673814,0.0022848414681087593,0,0,0.13260102234336907,0.0011424207340543797,0,0,0,0
P04,V4_video1_normal,normal,263,8.975917032730404,1,0.26421081724878903,0.2637530623203924,0.2646685721771857,0.1573323284437813,0.1856060606060606,1.0,0.2077120067657936,0.2660071180295558,0.2368595623976747,0.0013638214827854666,0,0,0.11842978119883735,0.0006819107413927333,0,0,0,0
P04,V4_video1_normal,normal,264,9.01004599483204,1,0.2775494511183654,0.2750290703722725,0.28006983186445833,0.1578507079342821,0.18490566037735848,1.0,0.1011381816596193,0.39392435267491,0.24753126716726465,0.0008611804122898896,0,0,0.12376563358363232,0.0004305902061449448,0,0,0,0
P04,V4_video1_normal,normal,265,9.044174956933677,1,0.28704656563280934,0.2835444831611754,0.29054864810444325,0.15688417864277673,0.18421052631578946,1.0,0.22501573350041792,0.04456552638694855,0.13479062994368324,0.0006918602360992017,0,0,0.06739531497184162,0.00034593011804960085,0,0,0,0
P04,V4_video1_normal,normal,266,9.078303919035314,1,0.3017350028802752,0.2971685896424155,0.306301416118135,0.15646094118217763,0.18352059925093633,1.0,0.03264737999387035,0.19000304474160512,0.11132521236773774,0.0021079167264838336,0,0,0.05566260618386887,0.0010539583632419168,0,0,0,0
P04,V4_video1_normal,normal,267,9.11243288113695,1,0.29653212413890384,0.29090070186901185,0.30216354640879584,0.1574337517506651,0.1828358208955224,1.0,0.06599235410655979,0.045549268053808434,0.05577081108018411,0.0016017846467910202,0,0,0.027885405540092056,0.0008008923233955101,0,0,0,0
P04,V4_video1_normal,normal,268,9.146561843238587,1,0.3018441974968548,0.2971765915895033,0.3065118034042063,0.15735570029038723,0.1821561338289963,1.0,0.020278611558927406,0.05681281531539806,0.03854571343716273,0.0007826955677187231,0,0,0.019272856718581366,0.00039134778385936154,0,0,0,0
P04,V4_video1_normal,normal,269,9.180690805340223,1,0.3028531179333279,0.2989608418358247,0.3067453940308311,0.15705625151520594,0.1814814814814815,1.0,0.10390591262976201,0.10147847900409424,0.10269219581692812,0.0012945437224690269,0,0,0.05134609790846406,0.0006472718612345134,0,0,0,0
P04,V4_video1_normal,normal,270,9.21481976744186,1,0.30471825814942827,0.29965782372916866,0.3097786925696879,0.1584955887930008,0.18081180811808117,1.0,0.11747129897672348,0.14518263502558204,0.13132696700115276,0.001206597182753313,0,0,0.06566348350057638,0.0006032985913766565,0,0,0,0
P04,V4_video1_normal,normal,271,9.248948729543496,1,0.30518729734345507,0.30207185302824663,0.30830274165866345,0.1572890542142344,0.1801470588235294,1.0,0.31116950922962505,0.0520150245165254,0.18159226687307523,0.0007919751791323935,0,0,0.09079613343653761,0.00039598758956619674,0,0,0,0
P04,V4_video1_normal,normal,272,9.283077691645133,1,0.3049356255545764,0.30234513534467994,0.3075261157644728,0.15842299988067618,0.1794871794871795,1.0,0.181221564819126,0.14406501488238388,0.16264328985075494,0.0008836737510176496,0,0,0.08132164492537747,0.0004418368755088248,0,0,0,0
P04,V4_video1_normal,normal,273,9.31720665374677,1,0.30826539898084393,0.3047322096943383,0.31179858826734963,0.15855910673607235,0.17883211678832117,1.0,0.2050142410852609,0.20133969407563657,0.20317696758044873,0.006821812496655158,0,0,0.10158848379022437,0.003410906248327579,0,0,0,0
P04,V4_video1_normal,normal,274,9.351335615848406,1,0.3127679057844067,0.3077819785243679,0.3177538330444456,0.1584977251222416,0.1781818181818182,1.0,0.1579341786183206,0.2514173943371599,0.20467578647774026,0.00301638741343435,0,0,0.10233789323887013,0.001508193706717175,0,0,0,0
P04,V4_video1_normal,normal,275,9.385464577950042,1,0.31110079539593855,0.3032051779405647,0.3189964128513124,0.1577846502989852,0.17753623188405798,1.0,0.15939162141087326,0.1342139402785626,0.14680278084471793,0.002476906766283279,0,0,0.07340139042235896,0.0012384533831416395,0,0,0,0
P04,V4_video1_normal,normal,276,9.419593540051679,1,0.30949513182633936,0.3036032621574524,0.3153870014952263,0.1573778575384503,0.17689530685920576,1.0,0.08186486290439243,0.12804502566527076,0.1049549442848316,0.0011818593130524537,0,0,0.0524774721424158,0.0005909296565262268,0,0,0,0
P04,V4_video1_normal,normal,277,9.453722502153315,1,0.3062320947281113,0.29944295348572625,0.3130212359704964,0.15748383261878524,0.17625899280575538,1.0,0.3130618740558435,0.06328481512955297,0.18817334459269824,0.001287532331013367,0,0,0.09408667229634912,0.0006437661655066835,0,0,0,0
P04,V4_video1_normal,normal,278,9.487851464254952,1,0.30758335728888975,0.30092062355934507,0.3142460910184344,0.1577592832584541,0.17562724014336917,1.0,0.2500462672404147,0.1580358753673663,0.2040410713038905,0.0023244117298441306,0,0,0.10202053565194524,0.0011622058649220653,0,0,0,0
P04,V4_video1_normal,normal,279,9.521980426356588,1,0.30831304219695177,0.29889447385989143,0.31773161053401205,0.1569187179584239,0.175,1.0,0.20185954335177114,0.2452737283907186,0.22356663587124487,0.000517291195320911,0,0,0.11178331793562243,0.0002586455976604555,0,0,0,0
P04,V4_video1_normal,normal,280,9.556109388458225,1,0.3116071883362646,0.3043928183962713,0.3188215582762579,0.1584257961223876,0.17437722419928825,1.0,0.14335524217667606,0.16376227516473185,0.15355875867070395,0.0011083848556514158,0,0,0.07677937933535198,0.0005541924278257079,0,0,0,0
P04,V4_video1_normal,normal,281,9.590238350559861,1,0.30984861791896334,0.30257758151447195,0.3171196543234548,0.15744122210817107,0.17375886524822695,1.0,0.4865453844145927,0.14143371773100855,0.31398955107280063,0.0017287097872751055,0,0,0.15699477553640032,0.0008643548936375527,0,0,0,0
P04,V4_video1_normal,normal,282,9.624367312661498,1,0.31459133112563586,0.30873766557985466,0.320444996671417,0.15790245101175004,0.17314487632508835,1.0,0.03467556822854756,0.5210507798945763,0.2778631740615619,0.0006790072828488078,0,0,0.13893158703078096,0.0003395036414244039,0,0,0,0
P04,V4_video1_normal,normal,283,9.658496274763134,1,0.3097140697791505,0.3026111094946192,0.3168170300636818,0.1573704209644878,0.17253521126760563,1.0,0.0644458487969286,0.18862397041943857,0.1265349096081836,0.001670910933589712,0,0,0.0632674548040918,0.000835455466794856,0,0,0,0
P04,V4_video1_normal,normal,284,9.692625236864771,1,0.31104684524424975,0.3069620133186091,0.31513167716989043,0.15685117329952822,0.17192982456140352,1.0,0.13441667159559223,0.2044858280402423,0.16945124981791726,0.0005874326798827381,0,0,0.08472562490895863,0.00029371633994136907,0,0,0,0
P04,V4_video1_normal,normal,285,9.726754198966407,1,0.3141873447112359,0.30788960672472043,0.3204850826977514,0.15738694075513085,0.17132867132867133,1.0,0.12527203395943332,0.23193259067098781,0.17860231231521057,0.0018026712559845483,0,0,0.08930115615760528,0.0009013356279922741,0,0,0,0
P04,V4_video1_normal,normal,286,9.760883161068044,1,0.3144722100763403,0.3106400226351666,0.31830439751751394,0.15769092781302047,0.17073170731707318,1.0,0.11229134151439879,0.11567484289601249,0.11398309220520564,0.0007437744482264537,0,0,0.05699154610260282,0.00037188722411322684,0,0,0,0
P04,V4_video1_normal,normal,287,9.79501212316968,1,0.3169055404153082,0.31350330126166037,0.32030777956895606,0.15780170916516043,0.1701388888888889,1.0,0.3184753833616635,0.05132693070909766,0.18490115703538057,0.0004256759473080562,0,0,0.09245057851769029,0.0002128379736540281,0,0,0,0
P04,V4_video1_normal,normal,288,9.829141085271317,1,0.3139783881442059,0.31035010304576255,0.3176066732426493,0.15852835005993046,0.1695501730103806,1.0,0.04622980618445882,0.12916553105492068,0.08769766861968975,0.0012394287537274451,0,0,0.043848834309844875,0.0006197143768637226,0,0,0,0
P04,V4_video1_normal,normal,289,9.863270047372954,1,0.32000641811092084,0.3151503024961435,0.3248625337256982,0.1565843198457888,0.16896551724137931,1.0,0.17162926350226626,0.10833737116317455,0.1399833173327204,0.0017210648016116662,0,0,0.0699916586663602,0.0008605324008058331,0,0,0,0
P04,V4_video1_normal,normal,290,9.89739900947459,1,0.3189340813207272,0.31397011306361666,0.3238980495778377,0.15828673495458284,0.16838487972508592,1.0,0.02639782666892787,0.12899311056906881,0.07769546861899834,0.001534929003528025,0,0,0.03884773430949917,0.0007674645017640125,0,0,0,0
P04,V4_video1_normal,normal,291,9.931527971576227,1,0.3225247826809844,0.31628536909488913,0.32876419626707964,0.15813937637629957,0.1678082191780822,1.0,0.05226749203929415,0.0574486069741742,0.054858049506734174,0.0015962921490946286,0,0,0.027429024753367087,0.0007981460745473143,0,0,0,0
P04,V4_video1_normal,normal,292,9.965656933677863,1,0.3195949236593049,0.3144742377373473,0.32471560958126255,0.15857012855607164,0.16723549488054607,1.0,0.030491366033336686,0.027939878262984053,0.02921562214816037,0.0011266275759157245,0,0,0.014607811074080185,0.0005633137879578622,0,0,0,0
P04,V4_video1_normal,normal,293,9.9997858957795,1,0.07476572750823386,0.07475462486416158,0.07477683015230614,0.1577609948438736,0.17006802721088435,1.0,0.28933835993314694,0.1751485940100016,0.23224347697157427,0.0015404152934169737,1,0,0.6161217384857871,0.0007702076467084869,1,0,1,0
P04,V4_video1_normal,normal,294,10.033914857881136,1,0.05536086403234568,0.05681002653452095,0.053911701530170414,0.15772192933598264,0.17288135593220338,1.0,0.21109114200017676,0.3080552693652707,0.25957320568272374,0.0029721542387229384,1,0,0.6297866028413619,0.0014860771193614692,1,0,1,0
P04,V4_video1_normal,normal,295,10.068043819982773,1,0.05544961067866644,0.05127814502731311,0.05962107633001978,0.15766551642409682,0.17567567567567569,1.0,0.27725053425601687,0.15490442087348222,0.21607747756474954,0.003306615491991643,1,0,0.6080387387823748,0.0016533077459958215,1,0,1,0
P04,V4_video1_normal,normal,296,10.10217278208441,1,0.06215732995603489,0.05687857912775578,0.067436080784314,0.1570389879967851,0.17845117845117844,1.0,0.08417909620055963,0.2663931309724581,0.17528611358650886,0.0023419076560799207,1,0,0.5876430567932545,0.0011709538280399604,1,0,1,0
P04,V4_video1_normal,normal,297,10.136301744186046,1,0.048044110369374435,0.04786314686493991,0.04822507387380897,0.15745741554260798,0.18120805369127516,1.0,0.2475263033623093,0.07948486562730617,0.16350558449480773,0.0033450459028490226,1,0,0.5817527922474038,0.0016725229514245113,1,0,1,0
P04,V4_video1_normal,normal,298,10.170430706287682,1,0.06666800100871752,0.07163320140987228,0.06170280060756275,0.1570417788026714,0.18394648829431437,1.0,0.3133972965361028,0.05776497998171315,0.18558113825890798,0.0020467580721135535,1,0,0.5927905691294539,0.0010233790360567767,1,0,1,0
P04,V4_video1_normal,normal,299,10.204559668389319,1,0.08353217767477411,0.08384303907131542,0.08322131627823282,0.15724485249988657,0.18666666666666668,1.0,0.17590113702758226,0.2039822736183502,0.18994170532296623,0.002037397220220769,1,0,0.5949708526614831,0.0010186986101103845,1,0,1,0
P04,V4_video1_normal,normal,300,10.238688630490955,1,0.12108247618198745,0.11572457621789425,0.12644037614608064,0.15656714841454059,0.1893687707641196,1.0,0.18189671382733685,0.08736728431316176,0.1346319990702493,0.00645176335934346,1,0,0.5673159995351247,0.00322588167967173,1,0,0,0
P04,V4_video1_normal,normal,301,10.272817592592592,1,0.22595408374737885,0.21861779737886386,0.23329037011589382,0.15592857510396577,0.18874172185430463,1.0,0.1651752460306587,0.09392624521792892,0.1295507456242938,0.003741458454635847,0,0,0.0647753728121469,0.0018707292273179234,0,0,0,0
P04,V4_video1_normal,normal,302,10.306946554694228,1,0.27586431701923103,0.26996540638985145,0.2817632276486106,0.15670473014217678,0.18811881188118812,1.0,0.23524645461517957,0.0575214883003603,0.14638397145776993,0.0028684171465260468,0,0,0.07319198572888497,0.0014342085732630234,0,0,0,0
P04,V4_video1_normal,normal,303,10.341075516795865,1,0.3001059039696913,0.29649499476813534,0.3037168131712472,0.15688115097387498,0.1875,1.0,0.13490124382515845,0.4462835224915356,0.290592383158347,0.0018545567025199032,0,0,0.1452961915791735,0.0009272783512599516,0,0,0,0
P04,V4_video1_normal,normal,304,10.375204478897501,1,0.298428310401541,0.2931718255400433,0.3036847952630387,0.1576820987297199,0.18688524590163935,1.0,0.10133255030906785,0.2362643628898825,0.16879845659947518,0.0022042318681074207,0,0,0.08439922829973759,0.0011021159340537103,0,0,0,0
P04,V4_video1_normal,normal,305,10.409333440999138,1,0.30240203320537085,0.2959556093896175,0.3088484570211241,0.1578501223550524,0.18627450980392157,1.0,0.11633654086896605,0.20726540462925147,0.16180097274910876,0.0019439888852980948,0,0,0.08090048637455438,0.0009719944426490474,0,0,0,0
P04,V4_video1_normal,normal,306,10.443462403100774,1,0.3056090358955704,0.30137678411329155,0.3098412876778493,0.15698186610908943,0.18566775244299674,1.0,0.18889397124003204,0.09289795826584868,0.14089596475294036,0.005146225183859653,0,0,0.07044798237647018,0.0025731125919298266,0,0,0,0
P04,V4_video1_normal,normal,307,10.47759136520241,1,0.3077042730809372,0.30171911514661554,0.31368943101525887,0.157631948535993,0.18506493506493507,1.0,0.20609579407500156,0.12143475308770035,0.16376527358135096,0.008592839014258611,0,0,0.08188263679067548,0.004296419507129306,0,0,0,0
P04,V4_video1_normal,normal,308,10.511720327304047,1,0.30698708572752476,0.3015763516081721,0.3123978198468775,0.1567249150598023,0.18446601941747573,1.0,0.05679634969631353,0.13925899005216724,0.09802766987424039,0.001382316127753637,0,0,0.04901383493712019,0.0006911580638768185,0,0,0,0
P04,V4_video1_normal,normal,309,10.545849289405684,1,0.3088660346502402,0.30217320638814565,0.31555886291233476,0.15673645555696147,0.18387096774193548,1.0,0.0253597588154304,0.16243585293300844,0.09389780587421942,0.003556258256039127,0,0,0.04694890293710971,0.0017781291280195635,0,0,0,0
P04,V4_video1_normal,normal,310,10.57997825150732,1,0.3044662603828151,0.30280948031368526,0.3061230404519449,0.15606540946859154,0.1832797427652733,1.0,0.07396464857173335,0.19408285206738018,0.13402375031955677,0.0016072745874834383,0,0,0.06701187515977838,0.0008036372937417192,0,0,0,0
P04,V4_video1_normal,normal,311,10.614107213608957,1,0.30486307253686745,0.30070860827103135,0.30901753680270355,0.15534406185791144,0.18269230769230768,1.0,0.1416449471724911,0.16929044290542294,0.15546769503895702,0.009870912855850213,0,0,0.07773384751947851,0.004935456427925106,0,0,0,0
P04,V4_video1_normal,normal,312,10.648236175710593,1,0.3118652007521445,0.30943526465472704,0.31429513684956206,0.15513412743016244,0.18210862619808307,1.0,0.048240230847210075,0.22286621781687133,0.1355532243320407,0.004789429300701473,0,0,0.06777661216602035,0.0023947146503507364,0,0,0,0
P04,V4_video1_normal,normal,313,10.68236513781223,1,0.3153608782557604,0.31011872767152737,0.32060302883999353,0.15439838634958802,0.18152866242038215,1.0,0.04594220853338482,0.22364954090202094,0.13479587471770288,0.0011649943733217675,0,0,0.06739793735885144,0.0005824971866608838,0,0,0,0
P04,V4_video1_normal,normal,314,10.716494099913866,1,0.3171180936573055,0.31241716803386116,0.3218190192807498,0.1552760019895515,0.18095238095238095,1.0,0.08900342260625016,0.4241068470366731,0.25655513482146164,0.004803131265051393,0,0,0.12827756741073082,0.0024015656325256964,0,0,0,0
P04,V4_video1_normal,normal,315,10.750623062015503,1,0.3098330181825253,0.30639555730741547,0.31327047905763516,0.15485165148093832,0.18037974683544303,1.0,0.20674667652779155,0.28239194399661516,0.24456931026220335,0.001604037324617972,0,0,0.12228465513110168,0.000802018662308986,0,0,0,0
P04,V4_video1_normal,normal,316,10.78475202411714,1,0.3148624085556375,0.31100008887002734,0.31872472824124765,0.1557952760714292,0.17981072555205047,1.0,0.06159179276621163,0.3362054168033841,0.19889860478479787,0.004624179599261671,0,0,0.09944930239239894,0.0023120897996308353,0,0,0,0
P04,V4_video1_normal,normal,317,10.818880986218776,1,0.31109144839473035,0.3068419234773107,0.31534097331215,0.1554758014037832,0.1792452830188679,1.0,0.23408457328196286,0.2390659076437497,0.23657524046285627,0.00803968409126479,0,0,0.11828762023142814,0.004019842045632395,0,0,0,0
P04,V4_video1_normal,normal,318,10.853009948320413,1,0.3118871504581179,0.3075642487603695,0.3162100521558663,0.15495287723265322,0.1786833855799373,1.0,0.4147361673468245,0.12273499325761217,0.26873558030221834,0.000972761245338995,0,0,0.13436779015110917,0.0004863806226694975,0,0,0,0
P04,V4_video1_normal,normal,319,10.887138910422049,1,0.3117307732580563,0.3078951530022271,0.3155663935138856,0.15458486230612015,0.178125,1.0,0.12623224483207107,0.03350431455989589,0.07986827969598348,0.0017191733603485742,0,0,0.03993413984799174,0.0008595866801742871,0,0,0,0
P04,V4_video1_normal,normal,320,10.921267872523686,1,0.30825707236222477,0.30297570023965176,0.31353844448479773,0.15468192045625045,0.17757009345794392,1.0,0.09578874144451965,0.16856335424048352,0.1321760478425016,0.006651413294914485,0,0,0.0660880239212508,0.0033257066474572427,0,0,0,0
P04,V4_video1_normal,normal,321,10.955396834625322,1,0.3110863444188455,0.30402485724471584,0.3181478315929751,0.15434217340707948,0.17701863354037267,1.0,0.1031109815484923,0.07169669924457434,0.08740384039653332,0.004694986349462297,0,0,0.04370192019826666,0.0023474931747311484,0,0,0,0
P04,V4_video1_normal,normal,322,10.989525796726959,1,0.3133958444793201,0.3093731530780861,0.31741853588055413,0.1543551126645897,0.17647058823529413,1.0,0.07345169517348737,0.077825334891101,0.07563851503229418,0.003973888840413422,0,0,0.03781925751614709,0.001986944420206711,0,0,0,0
P04,V4_video1_normal,normal,323,11.023654758828595,1,0.31163128387631334,0.30581226562164904,0.3174503021309776,0.15507395303437632,0.17592592592592593,1.0,0.09174245775233214,0.030576381359669114,0.06115941955600063,0.001707022916073859,0,0,0.030579709778000314,0.0008535114580369295,0,0,0,0
P04,V4_video1_normal,normal,324,11.057783720930232,1,0.32860872207249453,0.32372115822663977,0.3334962859183493,0.15520989288899334,0.1753846153846154,1.0,0.04090994351354349,0.031636686730784014,0.03627331512216375,0.002272048466303677,0,0,0.018136657561081876,0.0011360242331518386,0,0,0,0
P04,V4_video1_normal,normal,325,11.091912683031868,1,0.30409044428107934,0.3013260915386842,0.30685479702347446,0.1565871158934279,0.17484662576687116,1.0,0.0436855621446941,0.1250286803010383,0.0843571212228662,0.000560045793472712,0,0,0.0421785606114331,0.000280022896736356,0,0,0,0
P04,V4_video1_normal,normal,326,11.126041645133505,1,0.31387352376369493,0.3061699526310164,0.3215770948963735,0.15431020157008726,0.1743119266055046,1.0,0.05334671187693052,0.06249196490079112,0.05791933838886082,0.0013634513556622266,0,0,0.02895966919443041,0.0006817256778311133,0,0,0,0
P04,V4_video1_normal,normal,327,11.160170607235141,1,0.31839511811087173,0.31305465489359136,0.3237355813281521,0.15494767369011717,0.17378048780487804,1.0,0.06604751300593048,0.1615487484938194,0.11379813074987494,0.0171288942673323,0,0,0.05689906537493747,0.00856444713366615,0,0,0,0
P04,V4_video1_normal,normal,328,11.194299569336778,1,0.3132799866460576,0.307725165375062,0.3188348079170532,0.15439391578977532,0.17325227963525835,1.0,0.25129168395475543,0.20371000584986265,0.22750084490230904,0.0048740968433145454,0,0,0.11375042245115452,0.0024370484216572727,0,0,0,0
P04,V4_video1_normal,normal,329,11.228428531438414,1,0.3176272411980085,0.31168252033645627,0.32357196205956074,0.1546010905875566,0.17272727272727273,1.0,0.1767461061411425,0.11827130097160754,0.14750870355637502,0.006430914263343715,0,0,0.07375435177818751,0.0032154571316718576,0,0,0,0
P04,V4_video1_normal,normal,330,11.26255749354005,1,0.31319281750769573,0.30879485156266634,0.3175907834527251,0.1555959754022759,0.17220543806646527,1.0,0.08107777950256423,0.25472976086621957,0.1679037701843919,0.0028965935193426746,0,0,0.08395188509219595,0.0014482967596713373,0,0,0,0
P04,V4_video1_normal,normal,331,11.296686455641687,1,0.31507326299815464,0.30826764395145556,0.32187888204485365,0.15578799897688012,0.1716867469879518,1.0,0.20645319993027744,0.11807425439152763,0.16226372716090254,0.003267854701513741,0,0,0.08113186358045127,0.0016339273507568705,0,0,0,0
P04,V4_video1_normal,normal,332,11.330815417743324,1,0.32191624366619453,0.3158127831119361,0.32801970422045296,0.15521425641617867,0.17117117117117117,1.0,0.0533214087497198,0.0476365764263611,0.05047899258804045,0.002312208240774805,0,0,0.025239496294020225,0.0011561041203874026,0,0,0,0
P04,V4_video1_normal,normal,333,11.36494437984496,1,0.32005318137730926,0.31397118628916737,0.32613517646545115,0.1546919657106193,0.17065868263473055,1.0,0.04185547846947302,0.12059880692982794,0.08122714269965048,0.005056585850873188,0,0,0.04061357134982524,0.002528292925436594,0,0,0,0
P04,V4_video1_normal,normal,334,11.399073341946597,1,0.31415196060817685,0.31223323335190456,0.31607068786444914,0.155764093592335,0.1701492537313433,1.0,0.01756563916552767,0.2791964965492616,0.14838106785739463,0.0005990514913905963,0,0,0.07419053392869732,0.00029952574569529813,0,0,0,0
P04,V4_video1_normal,normal,335,11.433202304048233,1,0.3092589775360344,0.30814563805667666,0.31037231701539214,0.15565561557040344,0.16964285714285715,1.0,0.03887619078047244,0.4343662945650948,0.23662124267278362,0.003894395309823703,0,0,0.11831062133639181,0.0019471976549118514,0,0,0,0
P04,V4_video1_normal,normal,336,11.46733126614987,1,0.30948817509771454,0.307294114253991,0.3116822359414381,0.15491597180762456,0.16913946587537093,1.0,0.044995242130365654,0.37323031632621695,0.2091127792282913,0.004135008653563187,0,0,0.10455638961414565,0.0020675043267815935,0,0,0,0
P04,V4_video1_normal,normal,337,11.501460228251506,1,0.30436046799575545,0.30099125867861976,0.3077296773128912,0.1556559912820568,0.16863905325443787,1.0,0.05802769417742304,0.4708464395285167,0.26443706685296986,0.0026931571792177863,0,0,0.13221853342648493,0.0013465785896088931,0,0,0,0
P04,V4_video1_normal,normal,338,11.535589190353143,1,0.29394612408852216,0.2915729979984029,0.2963192501786414,0.155640191040484,0.168141592920354,1.0,0.05939862923084638,0.11384861566042348,0.08662362244563493,0.0073231459483615894,0,0,0.043311811222817465,0.0036615729741807947,0,0,0,0
P04,V4_video1_normal,normal,339,11.56971815245478,1,0.30171771537198744,0.29917086206503873,0.3042645686789361,0.15628054911680328,0.1676470588235294,1.0,0.032030090003083544,0.5010272697061253,0.26652867985460443,0.003438196918451374,0,0,0.13326433992730222,0.001719098459225687,0,0,0,0
P04,V4_video1_normal,normal,340,11.603847114556416,1,0.308113642713848,0.30417449673701574,0.3120527886906802,0.15600676371127134,0.16715542521994134,1.0,0.2577078113261373,0.3222009430134941,0.2899543771698157,0.005401056657037509,0,0,0.14497718858490785,0.0027005283285187545,0,0,0,0
P04,V4_video1_normal,normal,341,11.637976076658052,1,0.30854363692171427,0.3051484703280755,0.311938803515353,0.15536523638408467,0.16666666666666666,1.0,0.15935321161732807,0.3310559281123918,0.24520456986485994,0.00421702540461724,0,0,0.12260228493242997,0.00210851270230862,0,0,0,0
P04,V4_video1_normal,normal,342,11.672105038759689,1,0.3062066146720801,0.3025592596011646,0.30985396974299567,0.15642368102980184,0.1661807580174927,1.0,0.14099752263848608,0.12862302902329104,0.13481027583088856,0.006316037369605815,0,0,0.06740513791544428,0.0031580186848029074,0,0,0,0
P04,V4_video1_normal,normal,343,11.706234000861325,1,0.2988555853303172,0.2974509127204603,0.30026025794017414,0.15603946515999417,0.16569767441860464,1.0,0.06789265137927813,0.0963695892418881,0.08213112031058312,0.001824427071480433,0,0,0.04106556015529156,0.0009122135357402164,0,0,0,0
P04,V4_video1_normal,normal,344,11.740362962962962,1,0.29745014280297444,0.2941047473314328,0.300795538274516,0.1564106578155397,0.16521739130434782,1.0,0.07382239147960767,0.0929578468834712,0.08339011918153943,0.005159750453407472,0,0,0.04169505959076972,0.002579875226703736,0,0,0,0
P04,V4_video1_normal,normal,345,11.774491925064599,1,0.2980535156479346,0.29623691715198097,0.2998701141438882,0.15664233772803693,0.16473988439306358,1.0,0.036509873904533086,0.46338247416742406,0.24994617403597857,0.004954827107603381,0,0,0.12497308701798929,0.0024774135538016906,0,0,0,0
P04,V4_video1_normal,normal,346,11.808620887166235,1,0.30040237358276944,0.3011054638794888,0.29969928328605017,0.156380336853123,0.1642651296829971,1.0,0.026846361731142854,0.3251394503091255,0.17599290602013418,0.006056485775002783,0,0,0.08799645301006709,0.0030282428875013914,0,0,0,0
P04,V4_video1_normal,normal,347,11.842749849267872,1,0.3019700476153636,0.2968535527052294,0.3070865425254979,0.15670737327595793,0.16379310344827586,1.0,0.10829115595295236,0.302763316706647,0.2055272363297997,0.0020586701286603826,0,0,0.10276361816489984,0.0010293350643301913,0,0,0,0
P04,V4_video1_normal,normal,348,11.876878811369508,1,0.30674553321441395,0.30027847724132867,0.3132125891874992,0.15560974366213973,0.16332378223495703,1.0,0.1470359770896924,0.2886598130448611,0.21784789506727675,0.0022939600046346467,0,0,0.10892394753363838,0.0011469800023173233,0,0,0,0
P04,V4_video1_normal,normal,349,11.911007773471145,1,0.30821890154140674,0.30296886991541694,0.31346893316739655,0.15816547996221667,0.16285714285714287,1.0,0.04677591652625168,0.1342071390008419,0.0904915277635468,0.00260729145493613,0,0,0.0452457638817734,0.001303645727468065,0,0,0,0
P04,V4_video1_normal,normal,350,11.945136735572781,1,0.30682252056280346,0.300796066166443,0.3128489749591639,0.1534940856559955,0.1623931623931624,1.0,0.01507072421420197,0.35801025006933784,0.1865404871417699,0.0050470852020060965,0,0,0.09327024357088495,0.0025235426010030483,0,0,0,0
P04,V4_video1_normal,normal,351,11.979265697674418,1,0.3109607679893718,0.3047451723373258,0.3171763636414178,0.1540020094382779,0.16193181818181818,1.0,0.044414085110624946,0.18980140655008404,0.11710774583035449,0.001536250835743325,0,0,0.058553872915177246,0.0007681254178716625,0,0,0,0
P04,V4_video1_normal,normal,352,12.013394659776054,1,0.31032730921914997,0.303531949038815,0.317122669399485,0.1535910923506629,0.16147308781869688,1.0,0.14222750284801178,0.2508499207509145,0.19653871179946314,0.0034983165707428323,0,0,0.09826935589973157,0.0017491582853714162,0,0,0,0
P04,V4_video1_normal,normal,353,12.04752362187769,1,0.3113206928434813,0.30343731191525114,0.3192040737717114,0.15371823765744885,0.16101694915254236,1.0,0.026767443268794544,0.4005943054642641,0.21368087436652933,0.003904357843225606,0,0,0.10684043718326466,0.001952178921612803,0,0,0,0
P04,V4_video1_normal,normal,354,12.081652583979327,1,0.31404228977453763,0.30943852724645904,0.3186460523026162,0.15461123289237458,0.16056338028169015,1.0,0.09203220265652634,0.08624967875226264,0.08914094070439449,0.00925896328215602,0,0,0.044570470352197245,0.00462948164107801,0,0,0,0
P04,V4_video1_normal,normal,355,12.115781546080964,1,0.3224585377353459,0.3181559024635737,0.32676117300711804,0.1549553160263098,0.1601123595505618,1.0,0.1623869601570893,0.10351048227095805,0.13294872121402368,0.004866334230761758,0,0,0.06647436060701184,0.002433167115380879,0,0,0,0
P04,V4_video1_normal,normal,356,12.1499105081826,1,0.3183076674071079,0.314586940348652,0.3220283944655638,0.15420282625744838,0.15966386554621848,1.0,0.028346896804973487,0.1269424019711377,0.0776446493880556,0.0033001378005485253,0,0,0.0388223246940278,0.0016500689002742627,0,0,0,0
P04,V4_video1_normal,normal,357,12.184039470284237,1,0.31187079262377704,0.30825076669733953,0.3154908185502145,0.15361500822444468,0.15921787709497207,1.0,0.08932121975733509,0.37936820956699735,0.23434471466216622,0.0022141247211499944,0,0,0.11717235733108311,0.0011070623605749972,0,0,0,0
P04,V4_video1_normal,normal,358,12.218168432385873,1,0.3068462307658345,0.30155983558621896,0.3121326259454501,0.1533276848255442,0.15877437325905291,1.0,0.21896472344924,0.3585173574439483,0.28874104044659415,0.0034616908697773746,0,0,0.14437052022329708,0.0017308454348886873,0,0,0,0
P04,V4_video1_normal,normal,359,12.25229739448751,1,0.30929167111109623,0.3058803432169869,0.3127029990052055,0.15400985604772957,0.15833333333333333,1.0,0.040416401974592175,0.4466881573619509,0.24355227966827153,0.004768220573359776,0,0,0.12177613983413577,0.002384110286679888,0,0,0,0
P04,V4_video1_normal,normal,360,12.286426356589146,1,0.3023429269527989,0.29890167522170275,0.30578417868389507,0.15491933552076498,0.15789473684210525,1.0,0.21778347440297574,0.13245572208714784,0.1751195982450618,0.004311472962966949,0,0,0.0875597991225309,0.0021557364814834743,0,0,0,0
P04,V4_video1_normal,normal,361,12.320555318690783,1,0.2957827403319503,0.2901001497600609,0.30146533090383965,0.15419470934409243,0.1574585635359116,1.0,0.2854763101476545,0.14346054657195695,0.21446842835980573,0.001568093301913464,0,0,0.10723421417990286,0.000784046650956732,0,0,0,0
P04,V4_video1_normal,normal,362,12.35468428079242,1,0.1493313491686445,0.16554093566600078,0.1331217626712882,0.15443458763811596,0.15702479338842976,1.0,0.3374385377793324,0.3135303399734576,0.325484438876395,0.002665093190406926,0,0,0.1627422194381975,0.001332546595203463,0,0,0,0
P04,V4_video1_normal,normal,363,12.388813242894056,1,0.05407419506721323,0.05081201364888813,0.057336376485538326,0.15493884116225984,0.15934065934065933,1.0,0.08671159911183002,0.16275166296821986,0.12473163104002494,0.0012801442438265499,1,0,0.5623658155200124,0.0006400721219132749,1,0,0,0
P04,V4_video1_normal,normal,364,12.422942204995692,1,0.04475828553063603,0.04461895168350659,0.044897619377765464,0.1546029500140859,0.16164383561643836,1.0,0.2304381343091385,0.16705017343326212,0.1987441538712003,0.003012753006918324,1,0,0.5993720769356001,0.001506376503459162,1,0,1,0
P04,V4_video1_normal,normal,365,12.457071167097329,1,0.04837377747817827,0.053465599211643206,0.04328195574471334,0.1552302505480441,0.16393442622950818,1.0,0.2643110444910456,0.24460973332567948,0.25446038890836253,0.0013702875683084595,1,0,0.6272301944541813,0.0006851437841542298,1,0,1,0
P04,V4_video1_normal,normal,366,12.491200129198965,1,0.05189121980451052,0.05869522368356649,0.04508721592545455,0.1549938519711271,0.16621253405994552,1.0,0.18732577077207024,0.06570254959997013,0.12651416018602019,0.002892174685830964,1,0,0.5632570800930101,0.001446087342915482,1,0,0,0
P04,V4_video1_normal,normal,367,12.525329091300602,1,0.07384484325926022,0.0679738626104106,0.07971582390810984,0.1544610211160826,0.16847826086956522,1.0,0.07821959281591573,0.2300970248515133,0.1541583088337145,0.004995264344880413,1,0,0.5770791544168572,0.0024976321724402067,1,0,0,0
P04,V4_video1_normal,normal,368,12.559458053402238,1,0.22201597392208802,0.20707836906110874,0.2369535787830673,0.15328473590150823,0.16802168021680217,1.0,0.13854086121878262,0.3394908992387259,0.23901588022875425,0.0012974444542976729,0,0,0.11950794011437713,0.0006487222271488364,0,0,0,0
P04,V4_video1_normal,normal,369,12.593587015503875,1,0.2532117431770028,0.24315103734893675,0.2632724490050688,0.15406014387034095,0.16756756756756758,1.0,0.09895636393967455,0.4910616526112469,0.2950090082754607,0.0005250598307988884,0,0,0.14750450413773036,0.0002625299153994442,0,0,0,0
P04,V4_video1_normal,normal,370,12.627715977605511,1,0.2728298787516084,0.26486371963667965,0.2807960378665372,0.1544332675215688,0.16711590296495957,1.0,0.0915900373800741,0.23016467344842417,0.16087735541424913,0.0004900021220419837,0,0,0.08043867770712457,0.00024500106102099187,0,0,0,0
P04,V4_video1_normal,normal,371,12.661844939707148,1,0.28675648175520263,0.2815741113104136,0.29193885219999166,0.15664034016470077,0.16666666666666666,1.0,0.14784131127160982,0.18453837236672188,0.16618984181916585,0.0004522669269292153,0,0,0.08309492090958293,0.00022613346346460765,0,0,0,0
P04,V4_video1_normal,normal,372,12.695973901808784,1,0.29274396825740845,0.285454397692471,0.3000335388223459,0.1579320582195623,0.16621983914209115,1.0,0.17809599137073673,0.03691550778737607,0.1075057495790564,0.0009736959029854165,0,0,0.0537528747895282,0.00048684795149270824,0,0,0,0
P04,V4_video1_normal,normal,373,12.730102863910421,1,0.29500924773139015,0.28735988974595567,0.3026586057168246,0.15770793471436928,0.1657754010695187,1.0,0.057328365818837046,0.027761908003695046,0.042545136911266046,0.001764914895408554,0,0,0.021272568455633023,0.000882457447704277,0,0,0,0
P04,V4_video1_normal,normal,374,12.764231826012058,1,0.2889039798420616,0.28203022010919143,0.29577773957493186,0.15677609093649197,0.16533333333333333,1.0,0.3882924421148817,0.08019618990932431,0.234244316012103,0.0007889918650907329,0,0,0.1171221580060515,0.00039449593254536647,0,0,0,0
P04,V4_video1_normal,normal,375,12.798360788113694,1,0.2935598527664735,0.28845846646435014,0.2986612390685969,0.15661378010390853,0.16489361702127658,1.0,0.33890402404946884,0.15406511324705507,0.24648456864826196,0.0008909098024959624,0,0,0.12324228432413098,0.0004454549012479812,0,0,0,0
P04,V4_video1_normal,normal,376,12.83248975021533,1,0.29799229951724926,0.2955075824909802,0.3004770165435184,0.15553698396603566,0.16445623342175067,1.0,0.24799725260536787,0.24455768728526206,0.24627746994531496,0.0003611726681581277,0,0,0.12313873497265748,0.00018058633407906386,0,0,0,0
P04,V4_video1_normal,normal,377,12.866618712316967,1,0.30113056859219944,0.29875205009406397,0.303509087090335,0.15561713922546797,0.164021164021164,1.0,0.3813449490764176,0.653581560721278,0.5174632548988478,0.0005631249193215406,0,0,0.2587316274494239,0.0002815624596607703,0,0,0,0
P04,V4_video1_normal,normal,378,12.900747674418604,1,0.30005364624771713,0.29508579523146083,0.3050214972639734,0.15494560122847817,0.16358839050131926,1.0,0.14426441380171628,0.11858401281228048,0.13142421330699838,0.0014707231272097175,0,0,0.06571210665349919,0.0007353615636048588,0,0,0,0
P04,V4_video1_normal,normal,379,12.93487663652024,1,0.2970138220943033,0.2931117965569122,0.30091584763169443,0.156885383599425,0.1631578947368421,1.0,0.027558472503190212,0.14426928508064218,0.0859138787919162,0.0004966654299625069,0,0,0.0429569393959581,0.00024833271498125344,0,0,0,0
P04,V4_video1_normal,normal,380,12.969005598621877,1,0.30453851087517736,0.30128628593608314,0.30779073581427163,0.15664606975083153,0.16272965879265092,1.0,0.0557258697723888,0.3181447891969491,0.18693532948466896,0.0017106020195164205,0,0,0.09346766474233448,0.0008553010097582102,0,0,0,0
P04,V4_video1_normal,normal,381,13.003134560723513,1,0.2942038953271914,0.2911964774547184,0.2972113131996644,0.15359751704171817,0.16230366492146597,1.0,0.07000384097837453,0.04398220472597325,0.05699302285217389,0.0033224151748765477,0,0,0.028496511426086946,0.0016612075874382739,0,0,0,0
P04,V4_video1_normal,normal,382,13.03726352282515,1,0.30654461289602863,0.3033021923100488,0.30978703348200853,0.15425416826755967,0.1618798955613577,1.0,0.09656526224676953,0.19220271837683256,0.14438399031180105,0.002735877613919435,0,0,0.07219199515590052,0.0013679388069597175,0,0,0,0
P04,V4_video1_normal,normal,383,13.071392484926786,1,0.3010323549672747,0.29983514030774255,0.30222956962680686,0.15452497131728932,0.16145833333333334,1.0,0.2829543164095015,0.10553967506399642,0.19424699573674897,0.002503758524713563,0,0,0.09712349786837449,0.0012518792623567815,0,0,0,0
P04,V4_video1_normal,normal,384,13.105521447028423,1,0.305111255657495,0.30443619435723823,0.30578631695775177,0.15355624865860995,0.16103896103896104,1.0,0.19859700118333534,0.10119788874124991,0.14989744496229263,0.00424786932006116,0,0,0.07494872248114631,0.00212393466003058,0,0,0,0
P04,V4_video1_normal,normal,385,13.13965040913006,1,0.30005698008591297,0.29814596705501023,0.30196799311681577,0.15395572552381348,0.16062176165803108,1.0,0.17678404455157537,0.054149473327638975,0.11546675893960717,0.001555641898001799,0,0,0.057733379469803586,0.0007778209490008995,0,0,0,0
P04,V4_video1_normal,normal,386,13.173779371231696,1,0.2979486502407481,0.29403340202797645,0.30186389845351985,0.1530004049746537,0.16020671834625322,1.0,0.4115995708091551,0.0709559230263086,0.24127774691773185,0.0004905669053971887,0,0,0.12063887345886593,0.0002452834526985943,0,0,0,0
P04,V4_video1_normal,normal,387,13.207908333333332,1,0.2956995546577962,0.2911862195252418,0.3002128897903505,0.15374727053633475,0.15979381443298968,1.0,0.31361905691937575,0.4848470277386937,0.3992330423290347,0.004674204965718681,0,0,0.19961652116451736,0.0023371024828593404,0,0,0,0
P04,V4_video1_normal,normal,388,13.242037295434969,1,0.2903639335412016,0.28685746776519017,0.293870399317213,0.15609784826232084,0.15938303341902313,1.0,0.39494854396705015,0.23894307942182602,0.3169458116944381,0.005189021152289089,0,0,0.15847290584721904,0.0025945105761445444,0,0,0,0
P04,V4_video1_normal,normal,389,13.276166257536605,1,0.29182394214855,0.29054053089784715,0.2931073533992529,0.15626099119917608,0.15897435897435896,1.0,0.0813190280995788,0.10107679447140583,0.09119791128549232,0.0013480341372765889,0,0,0.04559895564274616,0.0006740170686382944,0,0,0,0
P04,V4_video1_normal,normal,390,13.310295219638242,1,0.3012336288745985,0.29777625583125383,0.3046910019179431,0.1555703949580286,0.1585677749360614,1.0,0.46386440603700063,0.3740066275181956,0.4189355167775981,0.004571776237783688,0,0,0.20946775838879905,0.002285888118891844,0,0,0,0
P04,V4_video1_normal,normal,391,13.344424181739878,1,0.29594821436449914,0.2933183735949406,0.2985780551340577,0.15615172438000788,0.15816326530612246,1.0,0.4742190273553003,0.47445479291093795,0.4743369101331191,0.0009999612238549753,0,0,0.23716845506655956,0.0004999806119274877,0,0,0,0
P04,V4_video1_normal,normal,392,13.378553143841515,1,0.29101984102576584,0.2820920969453881,0.29994758510614355,0.15611069161228947,0.15776081424936386,1.0,0.39121843156545477,0.2005116205638401,0.29586502606464743,0.0007241305079412368,0,0,0.14793251303232371,0.0003620652539706184,0,0,0,0
P04,V4_video1_normal,normal,393,13.412682105943151,1,0.287209657933965,0.2806022654366058,0.29381705043132417,0.15634641560694182,0.15736040609137056,1.0,0.33830918431241974,0.210732736538766,0.2745209604255929,0.0012488336186542628,0,0,0.13726048021279644,0.0006244168093271314,0,0,0,0
P04,V4_video1_normal,normal,394,13.446811068044788,1,0.2880288565482989,0.28272197901453483,0.2933357340820629,0.1553667848556029,0.1569620253164557,1.0,0.27545067415978863,0.22038342857756754,0.2479170513686781,0.001635384130659454,0,0,0.12395852568433904,0.000817692065329727,0,0,0,0
P04,V4_video1_normal,normal,395,13.480940030146424,1,0.28766285479656084,0.28076187759884047,0.29456383199428127,0.1555209774127144,0.15656565656565657,1.0,0.3336916927742456,0.33954218476147724,0.3366169387678614,0.0029041075975949067,0,0,0.1683084693839307,0.0014520537987974533,0,0,0,0
P04,V4_video1_normal,normal,396,13.515068992248061,1,0.290684360874752,0.28226520050526155,0.29910352124424244,0.15656231588563588,0.1561712846347607,1.0,0.3492339261644558,0.10686978455844842,0.22805185536145212,0.004403841069198356,0,0,0.11402592768072606,0.002201920534599178,0,0,0,0
P04,V4_video1_normal,normal,397,13.549197954349697,1,0.2958473110699337,0.2952507135252496,0.29644390861461783,0.15821157531993324,0.15577889447236182,1.0,0.3218696479873622,0.14465329469674548,0.23326147134205383,0.001935850612909367,0,0,0.11663073567102691,0.0009679253064546835,0,0,0,0
P04,V4_video1_normal,normal,398,13.583326916451334,1,0.2905437002896828,0.2841336120444552,0.2969537885349104,0.15893102783516663,0.15538847117794485,1.0,0.3663488377491404,0.2678348118932765,0.31709182482120846,0.0015648275479092915,0,0,0.15854591241060423,0.0007824137739546457,0,0,0,0
P04,V4_video1_normal,normal,399,13.61745587855297,1,0.29116248944539147,0.2863149232855544,0.29601005560522853,0.15915514841732498,0.155,1.0,0.03992122823264377,0.27057169883538623,0.155246463534015,0.0011423526869936613,0,0,0.0776232317670075,0.0005711763434968307,0,0,0,0
P04,V4_video1_normal,normal,400,13.651584840654607,1,0.28760162152294544,0.28641463446760407,0.28878860857828675,0.1587589183418381,0.1546134663341646,1.0,0.15545276433756616,0.07869202737751668,0.11707239585754142,0.006558989987788791,0,0,0.05853619792877071,0.0032794949938943956,0,0,0,0
P04,V4_video1_normal,normal,401,13.685713802756243,1,0.2867972611215892,0.28692959809525387,0.2866649241479246,0.15935762857756758,0.15422885572139303,1.0,0.10176878165801584,0.14460939063685563,0.12318908614743573,0.011900670336631069,0,0,0.06159454307371787,0.005950335168315534,0,0,0,0
P04,V4_video1_normal,normal,402,13.71984276485788,1,0.28212636973589633,0.27963313075106716,0.28461960872072545,0.16009958143684874,0.15384615384615385,1.0,0.2577977152476557,0.19627323005631014,0.22703547265198293,0.012527955588544084,0,0,0.11351773632599146,0.006263977794272042,0,0,0,0
P04,V4_video1_normal,normal,403,13.753971726959517,1,0.2840436734086632,0.28194497629039456,0.28614237052693187,0.16040941886950097,0.15346534653465346,1.0,0.196854209230089,0.10129295555774742,0.1490735823939182,0.017891302236900296,0,0,0.0745367911969591,0.008945651118450148,0,0,0,0
P04,V4_video1_normal,normal,404,13.788100689061153,1,0.28114042429380265,0.2798116979541065,0.2824691506334988,0.16026279266445792,0.15308641975308643,1.0,0.1966711154685009,0.17598681321856646,0.1863289643435337,0.0007683240769690014,0,0,0.09316448217176684,0.0003841620384845007,0,0,0,0
P04,V4_video1_normal,normal,405,13.82222965116279,1,0.2787415174946716,0.27650114815555926,0.28098188683378383,0.16110956626110728,0.15270935960591134,1.0,0.08357277112579053,0.1335929869779494,0.10858287905186997,0.004886641438603984,0,0,0.05429143952593499,0.002443320719301992,0,0,0,0
P04,V4_video1_normal,normal,406,13.856358613264426,1,0.27377659799799575,0.26896384068391266,0.27858935531207885,0.1666901081594596,0.15233415233415235,1.0,0.08390154587270715,0.311456335399099,0.19767894063590308,0.016276185857132235,0,1,0.09883947031795154,0.5081380929285662,0,1,0,0
P04,V4_video1_normal,normal,407,13.890487575366063,1,0.270939037796151,0.2680047983068799,0.2738732772854222,0.17808525690528312,0.15196078431372548,1.0,0.4364686692531684,0.2567878522817333,0.34662826076745085,0.026753801018242065,0,1,0.17331413038372542,0.513376900509121,0,1,0,0
P04,V4_video1_normal,normal,408,13.9246165374677,1,0.26059475587357384,0.25814419261276716,0.26304531913438056,0.19360403969582674,0.15158924205378974,1.0,0.30630832775212957,0.34641296022807,0.3263606439900998,0.05209690916037,0,1,0.1631803219950499,0.526048454580185,0,1,0,0
P04,V4_video1_normal,normal,409,13.958745499569336,1,0.25739299499478546,0.25193562118969137,0.26285036879987955,0.19744603235178712,0.15121951219512195,1.0,0.595186823609518,0.45527766441579964,0.5252322440126589,0.02047315340040578,0,1,0.26261612200632944,0.5102365767002028,0,1,0,0
P04,V4_video1_normal,normal,410,13.992874461670972,1,0.25794536555372205,0.2509636143328608,0.2649271167745833,0.16262196422365113,0.15085158150851583,1.0,0.30041626939495725,0.03708315524691308,0.16874971232093516,0.010317698192572314,0,1,0.08437485616046758,0.5051588490962862,0,1,0,0
P04,V4_video1_normal,normal,411,14.027003423772609,1,0.2524704574906607,0.24594801049638154,0.2589929044849399,0.17275824693077563,0.15048543689320387,1.0,0.3482138084076546,0.12581249864084965,0.23701315352425212,0.01626435619464226,0,1,0.11850657676212606,0.5081321780973211,0,1,0,0
P04,V4_video1_normal,normal,412,14.061132385874245,1,0.2522805887937064,0.24336424757383826,0.2611969300135745,0.17125651129606628,0.15012106537530268,1.0,0.39718332752551755,0.03250920110391897,0.21484626431471826,0.012411622089804356,0,1,0.10742313215735913,0.5062058110449021,0,1,0,0
P04,V4_video1_normal,normal,413,14.095261347975882,1,0.2478642632711162,0.23737778659818026,0.2583507399440521,0.17171827210036622,0.1497584541062802,1.0,0.4913947586355444,0.1828706493864557,0.33713270401100004,0.017761670977660304,0,1,0.16856635200550002,0.5088808354888301,0,1,0,0
P04,V4_video1_normal,normal,414,14.129390310077518,1,0.25304283694012353,0.24272486749271355,0.2633608063875335,0.19499351320806388,0.1493975903614458,1.0,0.25796332246206566,0.13557393986742738,0.19676863116474652,0.0015557396647445682,0,1,0.09838431558237326,0.5007778698323723,0,1,0,0
P04,V4_video1_normal,normal,415,14.163519272179155,1,0.24792821857889202,0.23885175571338732,0.2570046814443967,0.19309316467019366,0.14903846153846154,1.0,0.4684296735533625,0.16826959622273896,0.31834963488805074,0.012552980004190353,0,1,0.15917481744402537,0.5062764900020952,0,1,0,0
P04,V4_video1_normal,normal,416,14.197648234280791,1,0.244670276642035,0.23347030974334643,0.2558702435407236,0.20393150044807487,0.1486810551558753,1.0,0.29058277327627624,0.13061418647567613,0.21059847987597619,0.04662356148280842,0,1,0.10529923993798809,0.5233117807414042,0,1,0,0
P04,V4_video1_normal,normal,417,14.231777196382428,1,0.2411349492754264,0.2291066591294647,0.2531632394213881,0.2104660478490637,0.14832535885167464,1.0,0.24167722766580935,0.14392746534274214,0.19280234650427575,0.04167550164658527,0,1,0.09640117325213787,0.5208377508232926,0,1,0,0
P04,V4_video1_normal,normal,418,14.265906158484064,1,0.23509963915707544,0.22285758154058546,0.2473416967735654,0.21209579092449676,0.14797136038186157,1.0,0.2573029730862898,0.12328820257425577,0.19029558783027278,0.09062618096299543,0,1,0.09514779391513639,0.5453130904814977,0,1,0,0
P04,V4_video1_normal,normal,419,14.3000351205857,1,0.23540246496094536,0.2212728183535925,0.24953211156829821,0.21949572942922918,0.14761904761904762,1.0,0.19734619128879638,0.22521007908465385,0.2112781351867251,0.11313828701651801,0,1,0.10563906759336256,0.556569143508259,0,1,0,0
P04,V4_video1_normal,normal,420,14.334164082687337,1,0.23016597428561142,0.2184303035090765,0.24190164506214631,0.22257407755714267,0.14726840855106887,1.0,0.16427452783352248,0.14704781851771043,0.15566117317561645,0.24788324280875704,0,1,0.07783058658780823,0.6239416214043785,0,1,0,1
P04,V4_video1_normal,normal,421,14.368293044788974,1,0.22678496390620254,0.2147604784240332,0.23880944938837187,0.22641518396262225,0.14691943127962084,1.0,0.19349048248780776,0.2041637033405359,0.19882709291417183,0.5564703370794155,0,1,0.09941354645708592,0.7782351685397078,0,1,0,1
P04,V4_video1_normal,normal,422,14.40242200689061,1,0.22023918694262296,0.2108591272956968,0.22961924658954913,0.22728958410268066,0.14657210401891252,1.0,0.12411010433603809,0.26097766472013595,0.19254388452808702,0.25849892314654643,0,1,0.09627194226404351,0.6292494615732732,0,1,0,1
P04,V4_video1_normal,normal,423,14.436550968992247,1,0.20862930364230828,0.2035619851864956,0.21369662209812096,0.23584080353205925,0.14622641509433962,1.0,0.4772712130653378,0.3460823358423497,0.41167677445384376,0.5028370873129205,0,1,0.20583838722692188,0.7514185436564602,0,1,0,1
P04,V4_video1_normal,normal,424,14.470679931093883,1,0.19787853260468227,0.19468972479617996,0.20106734041318458,0.2423752676190886,0.14588235294117646,1.0,0.22016146461381247,0.2165101542931709,0.21833580945349168,0.5168309262138918,0,1,0.10916790472674584,0.758415463106946,0,1,0,1
P04,V4_video1_normal,normal,425,14.50480889319552,1,0.18983899164546028,0.18172410609471273,0.19795387719620783,0.24952337123695967,0.14553990610328638,1.0,0.5567500688720086,0.2564553305994175,0.40660269973571306,0.7339639032210492,0,1,0.20330134986785653,0.8669819516105246,0,1,0,1
P04,V4_video1_normal,normal,426,14.538937855297156,1,0.19961527104140114,0.1924182568114907,0.2068122852713116,0.2506439615693331,0.1451990632318501,1.0,0.1537045165159947,0.37595023107308245,0.2648273737945386,0.5501450853082798,0,1,0.1324136868972693,0.7750725426541398,0,1,0,1
P04,V4_video1_normal,normal,427,14.573066817398793,1,0.18761783225088952,0.17842210783706033,0.19681355666471867,0.2480116265833365,0.14485981308411214,1.0,0.41600262747810757,0.08732178479198638,0.251662206135047,0.32711170996360295,0,1,0.1258311030675235,0.6635558549818015,0,1,0,1
P04,V4_video1_normal,normal,428,14.60719577950043,1,0.1540243259486094,0.1254659784956971,0.1825826734015217,0.25845780263884577,0.1445221445221445,1.0,0.4430598708364194,0.3776373801578642,0.4103486254971418,0.8584178132681547,0,1,0.2051743127485709,0.9292089066340774,0,1,0,1
P04,V4_video1_normal,normal,429,14.641324741602066,1,0.1348871065489723,0.1112818737908347,0.1584923393071099,0.26213081532384397,0.14651162790697675,1.0,0.20895731415032814,0.36915996225495895,0.28905863820264355,0.7721369293502055,1,1,0.6445293191013217,0.8860684646751027,1,1,1,1
P04,V4_video1_normal,normal,430,14.675453703703703,1,0.13262693676897797,0.10399310430420242,0.16126076923375351,0.26087940838124374,0.14849187935034802,1.0,0.32821415323199077,0.4377264325803356,0.3829702929061632,0.9092016269755351,1,1,0.6914851464530816,0.9546008134877675,1,1,1,1
P04,V4_video1_normal,normal,431,14.709582665805339,1,0.15722684412807036,0.1403443333236041,0.17410935493253665,0.2681764606657731,0.14814814814814814,1.0,0.1646273074106468,0.40059870646713025,0.2826130069388885,0.9916362998405681,0,1,0.14130650346944426,0.9958181499202841,0,1,0,1
P04,V4_video1_normal,normal,432,14.743711627906976,1,0.15895918084501642,0.13737640413679184,0.18054195755324098,0.27465620171775496,0.14780600461893764,1.0,0.15005731434866665,0.24510360673742682,0.19758046054304673,0.9344818800030065,0,1,0.09879023027152337,0.9672409400015032,0,1,0,1
P04,V4_video1_normal,normal,433,14.777840590008612,1,0.1610318217696533,0.14323791527971422,0.17882572825959236,0.2775536426781418,0.14746543778801843,1.0,0.19905105200638284,0.3539680625601581,0.2765095572832705,0.9649771735015817,0,1,0.13825477864163524,0.9824885867507909,0,1,0,1
P04,V4_video1_normal,normal,434,14.811969552110249,1,0.16858129859228765,0.15444360305075397,0.1827189941338213,0.28265868556790247,0.1471264367816092,1.0,0.3506349506930623,0.32866957375243566,0.33965226222274897,0.941424134163759,0,1,0.16982613111137448,0.9707120670818795,0,1,0,1
P04,V4_video1_normal,normal,435,14.846098514211885,1,0.17666156205178274,0.16304362634007985,0.19027949776348563,0.2915795266825278,0.14678899082568808,1.0,0.19124972552309227,0.2683621017471536,0.22980591363512293,0.7987204901529938,0,1,0.11490295681756146,0.8993602450764969,0,1,0,1
P04,V4_video1_normal,normal,436,14.880227476313522,1,0.17394689204307495,0.16403326579281005,0.18386051829333983,0.29314809982112827,0.14645308924485126,1.0,0.1175445560752898,0.4915247705780539,0.30453466332667184,0.9618496003042382,0,1,0.15226733166333592,0.9809248001521191,0,1,0,1
P04,V4_video1_normal,normal,437,14.914356438415158,1,0.1687409107379876,0.15248494866942316,0.18499687280655205,0.29085515537305584,0.1461187214611872,1.0,0.3748501830583709,0.565821407898048,0.4703357954782095,0.9860224878818995,0,1,0.23516789773910474,0.9930112439409498,0,1,0,1
P04,V4_video1_normal,normal,438,14.948485400516795,1,0.16966932404412488,0.15701512447054408,0.1823235236177057,0.2930510635893655,0.14578587699316628,1.0,0.1836292182117366,0.13274313350864098,0.1581861758601888,0.9903177570761591,0,1,0.0790930879300944,0.9951588785380796,0,1,0,1
P04,V4_video1_normal,normal,439,14.982614362618431,1,0.17756525728879885,0.16298885562877263,0.19214165894882504,0.2890021473900738,0.14545454545454545,1.0,0.07878566062667813,0.09159743675145593,0.08519154868906703,0.9876348578105834,0,1,0.042595774344533516,0.9938174289052917,0,1,0,1
P04,V4_video1_normal,normal,440,15.016743324720068,1,0.15138635905980408,0.12469891590337603,0.17807380221623212,0.2972355508539302,0.14545454545454545,1.0,0.1812731496504285,0.2537155283278838,0.21749433898915616,0.9733383131904186,0,1,0.10874716949457808,0.9866691565952093,0,1,0,1
P04,V4_video1_normal,normal,441,15.050872286821704,1,0.16199983091404685,0.14011611694080617,0.18388354488728753,0.3020008484765978,0.14545454545454545,1.0,0.19961901200697818,0.2210169093282056,0.2103179606675919,0.9913076270766519,0,1,0.10515898033379595,0.9956538135383259,0,1,0,1
P04,V4_video1_normal,normal,442,15.08500124892334,1,0.14945923501268432,0.13168385125462626,0.1672346187707424,0.3007418853890994,0.14545454545454545,1.0,0.23109127198650314,0.3758105977189188,0.30345093485271096,0.972784236149813,0,1,0.15172546742635548,0.9863921180749065,0,1,0,1
P04,V4_video1_normal,normal,443,15.119130211024977,1,0.16303696300036913,0.14335049534048708,0.18272343066025118,0.3029245216431208,0.14545454545454545,1.0,0.5012344767401684,0.12497679907170967,0.31310563790593904,0.995555288986249,0,1,0.15655281895296952,0.9977776444931246,0,1,0,1
P04,V4_video1_normal,normal,444,15.153259173126614,1,0.16249972739239704,0.14440030133805482,0.18059915344673927,0.31008603059433687,0.14545454545454545,1.0,0.1940256895625332,0.10758956489628868,0.15080762722941093,0.9914970707765252,0,1,0.07540381361470547,0.9957485353882626,0,1,0,1
P04,V4_video1_normal,normal,445,15.18738813522825,1,0.16128218667469119,0.14547290375455313,0.17709146959482922,0.31618590050491147,0.14545454545454545,1.0,0.3129831242706892,0.16073706060373072,0.23686009243720996,0.9958010133256219,0,1,0.11843004621860498,0.9979005066628109,0,1,0,1
P04,V4_video1_normal,normal,446,15.221517097329887,1,0.15223985209830584,0.13846914569367572,0.16601055850293597,0.3340038595281894,0.14545454545454545,1.0,0.3043855469231169,0.3742142589005807,0.3392999029118488,0.9889568006259497,0,1,0.1696499514559244,0.9944784003129749,0,1,0,1
P04,V4_video1_normal,normal,447,15.255646059431523,1,0.1619987402481765,0.14920467608301236,0.17479280441334064,0.3267326114929062,0.14545454545454545,1.0,0.26801206905743935,0.09467594432965665,0.181344006693548,0.9932997651788171,0,1,0.090672003346774,0.9966498825894086,0,1,0,1
P04,V4_video1_normal,normal,448,15.28977502153316,1,0.1605440779934975,0.15170184447392132,0.1693863115130737,0.34038587224806777,0.14545454545454545,1.0,0.2972292813065046,0.33615197127083163,0.3166906262886681,0.9982861361180275,0,1,0.15834531314433406,0.9991430680590138,0,1,0,1
P04,V4_video1_normal,normal,449,15.323903983634796,1,0.1402594313805923,0.12058582213985448,0.15993304062133012,0.34484720927928214,0.14772727272727273,1.0,0.2402164511806152,0.26430677933205593,0.25226161525633556,0.9983252308108819,1,1,0.6261308076281678,0.9991626154054409,1,1,1,1
P04,V4_video1_normal,normal,450,15.358032945736433,1,0.1356013781992977,0.1164558602630831,0.15474689613551232,0.34545543871733875,0.14772727272727273,1.0,0.14845492003193972,0.2656301356509463,0.207042527841443,0.9963343101116675,1,1,0.6035212639207215,0.9981671550558338,1,1,1,1
P04,V4_video1_normal,normal,451,15.39216190783807,1,0.12513129603190065,0.10959462357859519,0.14066796848520613,0.3557547153199618,0.14772727272727273,1.0,0.3628719657660807,0.34259846250324466,0.3527352141346627,0.998592705873315,1,1,0.6763676070673313,0.9992963529366574,1,1,1,1
P04,V4_video1_normal,normal,452,15.426290869939706,1,0.12200196831612398,0.11146806797041128,0.13253586866183667,0.3680309133368719,0.15,1.0,0.36176280114803927,0.17513304276951247,0.26844792195877587,0.9800739541364604,1,1,0.6342239609793879,0.9900369770682302,1,1,1,1
P04,V4_video1_normal,normal,453,15.460419832041342,1,0.11875390990050765,0.10835693050867701,0.12915088929233828,0.3787265744789514,0.15227272727272728,1.0,0.3656789966280659,0.22212402756954208,0.293901512098804,0.9929817807396185,1,1,0.646950756049402,0.9964908903698093,1,1,1,1
P04,V4_video1_normal,normal,454,15.494548794142979,1,0.1401331387647235,0.12649589318325458,0.15377038434619245,0.3843496642456332,0.15454545454545454,1.0,0.2701665470086825,0.4018636006304337,0.3360150738195581,0.9874961128890041,1,1,0.6680075369097791,0.993748056444502,1,1,1,1
P04,V4_video1_normal,normal,455,15.528677756244615,1,0.13529251774164017,0.1314789556252558,0.13910607985802453,0.3850118464614727,0.15681818181818183,1.0,0.2531160446163857,0.13678101598240566,0.19494853029939568,0.9973028952625772,1,1,0.5974742651496978,0.9986514476312887,1,1,1,1
P04,V4_video1_normal,normal,456,15.562806718346252,1,0.12272324821034182,0.12059711346400957,0.12484938295667407,0.38792060817702245,0.1590909090909091,1.0,0.4121533439798486,0.3911421245210013,0.40164773425042494,0.9933303707260266,1,1,0.7008238671252125,0.9966651853630133,1,1,1,1
P04,V4_video1_normal,normal,457,15.596935680447888,1,0.12578232445867044,0.11816862834249811,0.13339602057484276,0.3979139100212369,0.16136363636363638,1.0,0.36926979378019475,0.2591767432611769,0.31422326852068583,0.9926134990012893,1,1,0.6571116342603429,0.9963067495006446,1,1,1,1
P04,V4_video1_normal,normal,458,15.631064642549525,1,0.11640325878795618,0.1153857997614544,0.11742071781445795,0.3985984982912144,0.16363636363636364,1.0,0.6863636086479457,0.34435777948720836,0.515360694067577,0.9948919298111565,1,1,0.7576803470337885,0.9974459649055782,1,1,1,1
P04,V4_video1_normal,normal,459,15.665193604651162,1,0.10354635901152678,0.10334535719964844,0.10374736082340515,0.40202863747517054,0.16590909090909092,1.0,0.6249466640384639,0.3225442947884152,0.47374547941343953,0.9915348760577595,1,1,0.7368727397067197,0.9957674380288797,1,1,1,1
P04,V4_video1_normal,normal,460,15.699322566752798,1,0.11579010859449868,0.10661670782347014,0.12496350936552719,0.40349375306897123,0.16818181818181818,1.0,0.47141692967016813,0.22862742055408414,0.35002217511212613,0.9907057848294206,1,1,0.6750110875560631,0.9953528924147104,1,1,1,1
P04,V4_video1_normal,normal,461,15.733451528854435,1,0.10157709739740312,0.09916688020544022,0.10398731458936601,0.3995177723748994,0.17045454545454544,1.0,0.7259669795694575,0.19190775397040616,0.45893736676993185,0.9969245307363795,1,1,0.729468683384966,0.9984622653681898,1,1,1,1
P04,V4_video1_normal,normal,462,15.767580490956071,1,0.1017965023772999,0.09751847990676309,0.1060745248478367,0.40075237660626745,0.17272727272727273,1.0,0.467458557399862,0.2880675408108261,0.37776304910534403,0.9992366654960354,1,1,0.688881524552672,0.9996183327480177,1,1,1,1
P04,V4_video1_normal,normal,463,15.801709453057708,1,0.089522020423553,0.09241016406959494,0.08663387677751108,0.40250405540649864,0.175,1.0,0.4099782176313228,0.3323138290223535,0.37114602332683816,0.9970227573727031,1,1,0.6855730116634191,0.9985113786863515,1,1,1,1
P04,V4_video1_normal,normal,464,15.835838415159344,1,0.08850738546231234,0.08957079328613718,0.08744397763848749,0.40416370355424014,0.17727272727272728,1.0,0.6408960563746551,0.28837882713715535,0.4646374417559052,0.9939876705909643,1,1,0.7323187208779526,0.9969938352954821,1,1,1,1
P04,V4_video1_normal,normal,465,15.86996737726098,1,0.1004973616231189,0.10178444256998231,0.0992102806762555,0.39709838063263053,0.17954545454545454,1.0,0.4213203570390074,0.2641128075939808,0.3427165823164941,0.9929878327641483,1,1,0.6713582911582471,0.9964939163820741,1,1,1,1
P04,V4_video1_normal,normal,466,15.904096339362617,1,0.0840451621790732,0.08663625663134267,0.08145406772680372,0.39731944114299095,0.18181818181818182,1.0,0.35740260587915074,0.29412897134045823,0.3257657886098045,0.996781948288813,1,1,0.6628828943049022,0.9983909741444065,1,1,1,1
P04,V4_video1_normal,normal,467,15.938225301464254,1,0.07722868489246054,0.08101262928998558,0.07344474049493552,0.3847535598552147,0.18409090909090908,1.0,0.1816162598876191,0.4114691678635436,0.29654271387558134,0.9980706832619924,1,1,0.6482713569377907,0.9990353416309963,1,1,1,1
P04,V4_video1_normal,normal,468,15.97235426356589,1,0.09034873797228116,0.08954253897665203,0.0911549369679103,0.3689480530287601,0.18636363636363637,1.0,0.4005128432931194,0.4836502383596062,0.4420815408263628,0.9976047781630253,1,1,0.7210407704131814,0.9988023890815126,1,1,1,1
P04,V4_video1_normal,normal,469,16.006483225667527,1,0.08871726934194818,0.08319424724188351,0.09424029144201286,0.3589095927934366,0.18863636363636363,1.0,0.5481674583711335,0.32252201082059617,0.4353447345958648,0.9995278333387568,1,1,0.7176723672979324,0.9997639166693784,1,1,1,1
P04,V4_video1_normal,normal,470,16.040612187769163,1,0.0768086198304935,0.06889013111352281,0.0847271085474642,0.3597055448931648,0.18863636363636363,1.0,0.4115125571477969,0.15558303794351436,0.2835477975456556,0.9958757710882932,1,1,0.6417738987728279,0.9979378855441465,1,1,1,1
P04,V4_video1_normal,normal,471,16.0747411498708,1,0.08104262570319613,0.07865637445292627,0.083428876953466,0.3422179692235603,0.18863636363636363,1.0,0.4943280418021294,0.24678425331402754,0.3705561475580785,0.9972492979246288,1,1,0.6852780737790393,0.9986246489623144,1,1,1,1
P04,V4_video1_normal,normal,472,16.108870111972436,1,0.08800579958961588,0.09224843796564049,0.08376316121359126,0.3490811905110522,0.18863636363636363,1.0,0.5455417987586331,0.3893022987089403,0.4674220487337867,0.9983011329637338,1,1,0.7337110243668934,0.999150566481867,1,1,1,1
P04,V4_video1_normal,normal,473,16.142999074074073,1,0.08396345806335678,0.07938181716563375,0.08854509896107982,0.34870104792005124,0.18863636363636363,1.0,0.5996987580401177,0.3967359443946351,0.4982173512173764,0.9994145797524212,1,1,0.7491086756086882,0.9997072898762106,1,1,1,1
P04,V4_video1_normal,normal,474,16.17712803617571,1,0.09227715492702293,0.08841175157634427,0.09614255827770157,0.35677203196167184,0.19090909090909092,1.0,0.4135106206648643,0.23265524754720324,0.3230829341060338,0.999179452774712,1,1,0.6615414670530169,0.999589726387356,1,1,1,1
P04,V4_video1_normal,normal,475,16.211256998277346,1,0.08807178028306004,0.07714728299836915,0.09899627756775091,0.357232649702229,0.19318181818181818,1.0,0.2905814462642199,0.27685513164626896,0.2837182889552444,0.9982981211039594,1,1,0.6418591444776223,0.9991490605519797,1,1,1,1
P04,V4_video1_normal,normal,476,16.245385960378982,1,0.06342499236260005,0.05025347026925629,0.07659651445594381,0.36371666156178833,0.19545454545454546,1.0,0.3207060601974787,0.22695515360315932,0.273830606900319,0.9986487356826212,1,1,0.6369153034501596,0.9993243678413106,1,1,1,1
P04,V4_video1_normal,normal,477,16.27951492248062,1,0.084101509715618,0.07036260913333102,0.09784041029790498,0.366712406258771,0.19772727272727272,1.0,0.4975907318495769,0.4154761286609623,0.4565334302552696,0.9968234194713161,1,1,0.7282667151276347,0.9984117097356581,1,1,1,1
P04,V4_video1_normal,normal,478,16.313643884582255,1,0.08461894129590117,0.08214046062255262,0.0870974219692497,0.3772421928600602,0.2,1.0,0.23720038024586076,0.1138156907592538,0.17550803550255728,0.993247674965473,1,1,0.5877540177512787,0.9966238374827365,1,1,1,1
P04,V4_video1_normal,normal,479,16.347772846683892,1,0.0569212872017222,0.04621644905005018,0.06762612535339423,0.3740958985072438,0.20227272727272727,1.0,0.36727280115176253,0.15762215787349165,0.2624474795126271,0.9976886803867898,1,1,0.6312237397563135,0.9988443401933949,1,1,1,1
P04,V4_video1_normal,normal,480,16.38190180878553,1,0.08841380166727475,0.07314362456662372,0.10368397876792577,0.37674325861595775,0.20454545454545456,1.0,0.6657460951658363,0.22750279391880956,0.4466244445423229,0.9970083817111726,1,1,0.7233122222711614,0.9985041908555863,1,1,1,1
P04,V4_video1_normal,normal,481,16.416030770887165,1,0.08986219009588708,0.07439631902031205,0.10532806117146211,0.37100711027509675,0.20681818181818182,1.0,0.5168481882333393,0.15410740816756974,0.33547779820045454,0.9974424363079063,1,1,0.6677388991002273,0.9987212181539531,1,1,1,1
P04,V4_video1_normal,normal,482,16.4501597329888,1,0.07574773876918775,0.06981656245274084,0.08167891508563467,0.3760011860463995,0.20909090909090908,1.0,0.7879769268683573,0.1805541008543341,0.4842655138613457,0.9955187238689397,1,1,0.7421327569306728,0.9977593619344698,1,1,1,1
P04,V4_video1_normal,normal,483,16.484288695090438,1,0.07853772763486545,0.06823556967382631,0.0888398855959046,0.36839568404625866,0.21136363636363636,1.0,0.45150730664733785,0.21094711115621056,0.3312272089017742,0.9976836113029387,1,1,0.6656136044508871,0.9988418056514694,1,1,1,1
P04,V4_video1_normal,normal,484,16.518417657192074,1,0.0740830140106382,0.06228205550139037,0.08588397251988604,0.37758179667982006,0.21363636363636362,1.0,0.36378844231980845,0.2633438002559153,0.3135661212878619,0.9955137113754378,1,1,0.6567830606439309,0.9977568556877189,1,1,1,1
P04,V4_video1_normal,normal,485,16.55254661929371,1,0.07397023285624102,0.06686466108328987,0.08107580462919219,0.38049407534268714,0.2159090909090909,1.0,0.729571430181674,0.25051739312605514,0.4900444116538646,0.9977861955012954,1,1,0.7450222058269322,0.9988930977506477,1,1,1,1
P04,V4_video1_normal,normal,486,16.586675581395347,1,0.08397939765820137,0.07851574108867006,0.08944305422773266,0.37157851467165026,0.21818181818181817,1.0,0.7620925439689338,0.06844275942704081,0.4152676516979873,0.9886103948496162,1,1,0.7076338258489936,0.994305197424808,1,1,1,1
P04,V4_video1_normal,normal,487,16.620804543496984,1,0.07436227979815166,0.06372837538005949,0.08499618421624382,0.3737226788374712,0.22045454545454546,1.0,0.5885184837959572,0.25566092106661475,0.42208970243128596,0.9907703847585977,1,1,0.711044851215643,0.9953851923792989,1,1,1,1
P04,V4_video1_normal,normal,488,16.65493350559862,1,0.06920394434334265,0.05615182595296734,0.08225606273371797,0.36486666358520387,0.22272727272727272,1.0,0.33422296129747364,0.18609351052081646,0.26015823590914505,0.9993227418707947,1,1,0.6300791179545725,0.9996613709353974,1,1,1,1
P04,V4_video1_normal,normal,489,16.689062467700257,1,0.08703305184802994,0.08377756235356795,0.09028854134249192,0.36976991648518104,0.225,1.0,0.40324101419728464,0.31324815301829023,0.35824458360778744,0.9908639568364391,1,1,0.6791222918038937,0.9954319784182195,1,1,1,1
P04,V4_video1_normal,normal,490,16.723191429801894,1,0.12317918485765052,0.12607067283784965,0.12028769687745139,0.35806363873461716,0.22727272727272727,1.0,0.532908814838158,0.5757166220524121,0.5543127184452851,0.9913733099353367,1,1,0.7771563592226425,0.9956866549676684,1,1,1,1
P04,V4_video1_normal,normal,491,16.75732039190353,1,0.12418030849007863,0.1272587470708247,0.12110186990933257,0.35587655659579626,0.22954545454545455,1.0,0.4114138146040065,0.09365707421443004,0.25253544440921827,0.9933813663940207,1,1,0.6262677222046091,0.9966906831970104,1,1,1,1
P04,V4_video1_normal,normal,492,16.791449354005167,1,0.140845625821732,0.13777796631082806,0.1439132853326359,0.3541536559438142,0.22954545454545455,1.0,0.4675435988790507,0.32065214849041035,0.39409787368473054,0.9944234419560161,0,1,0.19704893684236527,0.997211720978008,0,1,0,1
P04,V4_video1_normal,normal,493,16.825578316106803,1,0.1417856684438691,0.14149507102907513,0.1420762658586631,0.34746081793215094,0.22954545454545455,1.0,0.43738443084317324,0.44499663666187506,0.44119053375252415,0.9915746701140248,0,1,0.22059526687626207,0.9957873350570123,0,1,0,1
P04,V4_video1_normal,normal,494,16.85970727820844,1,0.13446932244311427,0.1368337382812242,0.13210490660500435,0.34434283830991036,0.2318181818181818,1.0,0.7453947121889033,0.31776327074461186,0.5315789914667576,0.9941134759187855,1,1,0.7657894957333788,0.9970567379593928,1,1,1,1
P04,V4_video1_normal,normal,495,16.893836240310076,1,0.12739165684757153,0.12641837333654338,0.1283649403585997,0.33942442000254724,0.2340909090909091,1.0,0.38987894835617143,0.3917892596994754,0.3908341040278234,0.9679677588642215,1,1,0.6954170520139117,0.9839838794321107,1,1,1,1
P04,V4_video1_normal,normal,496,16.927965202411713,1,0.08411664861240986,0.0856761272703443,0.08255716995447542,0.3274577234764013,0.23636363636363636,1.0,0.5604563286273667,0.2801100995046715,0.4202832140660191,0.9803674714211728,1,1,0.7101416070330095,0.9901837357105864,1,1,1,1
P04,V4_video1_normal,normal,497,16.96209416451335,1,0.0973719724335588,0.09760247017235214,0.09714147469476545,0.3204354689867369,0.23863636363636365,1.0,0.4204079841465238,0.3340823473343514,0.3772451657404376,0.9934496233636235,1,1,0.6886225828702188,0.9967248116818117,1,1,1,1
P04,V4_video1_normal,normal,498,16.996223126614986,1,0.08793343290225868,0.07845508591789616,0.0974117798866212,0.29943750566033306,0.2409090909090909,1.0,0.4550836507724437,0.21527644340368668,0.3351800470880652,0.9588563953152623,1,1,0.6675900235440326,0.9794281976576311,1,1,1,1
P04,V4_video1_normal,normal,499,17.030352088716622,1,0.09399889072781245,0.08331743982630961,0.1046803416293153,0.2796604828392941,0.2431818181818182,1.0,0.6500806982211664,0.20427397513436862,0.4271773366777675,0.9678206190743754,1,1,0.7135886683388838,0.9839103095371877,1,1,1,1
P04,V4_video1_normal,normal,500,17.06448105081826,1,0.10623277075786695,0.09354239630212713,0.11892314521360678,0.25110678360842437,0.24545454545454545,1.0,0.4810756661209553,0.256703751454186,0.36888970878757066,0.8055302103053705,1,1,0.6844448543937853,0.9027651051526853,1,1,1,1
P04,V4_video1_normal,normal,501,17.098610012919895,1,0.09893088761166396,0.08290817816790859,0.11495359705541934,0.2333603094148861,0.24772727272727274,1.0,0.4067896978134722,0.37687772211401327,0.3918337099637427,0.6156343332351137,1,1,0.6959168549818714,0.8078171666175569,1,1,1,1
P04,V4_video1_normal,normal,502,17.13273897502153,1,0.1032760344560088,0.09279809061416738,0.11375397829785021,0.22042191949623505,0.25,1.0,0.20593307192352683,0.24491658922611104,0.22542483057481894,0.24460178166851543,1,1,0.6127124152874095,0.6223008908342578,1,1,1,1
P04,V4_video1_normal,normal,503,17.16686793712317,1,0.10781099803382906,0.10277158842582058,0.11285040764183753,0.21749014336841302,0.25227272727272726,1.0,0.44777338130161237,0.2624554141383286,0.3551143977199705,0.21511544094907564,1,1,0.6775571988599852,0.6075577204745378,1,1,1,1
P04,V4_video1_normal,normal,504,17.200996899224805,1,0.1144105954136887,0.11308310155931547,0.11573808926806194,0.21272508598509898,0.2545454545454545,1.0,0.39868596434703074,0.2919404410091039,0.3453132026780673,0.015518363643872548,1,1,0.6726566013390336,0.5077591818219362,1,1,1,0
P04,V4_video1_normal,normal,505,17.23512586132644,1,0.0987898765673377,0.09374340831680257,0.10383634481787284,0.20711651307371173,0.25681818181818183,1.0,0.42295796070037694,0.14792537450869236,0.28544166760453465,0.07485819984812749,1,1,0.6427208338022673,0.5374290999240637,1,1,1,0
P04,V4_video1_normal,normal,506,17.269254823428078,1,0.11014627027404673,0.10689339079009923,0.11339914975799424,0.20616838944889956,0.2590909090909091,1.0,0.5218357644176675,0.13383453963534908,0.3278351520265083,0.023710572323409906,1,1,0.6639175760132542,0.511855286161705,1,1,1,0
P04,V4_video1_normal,normal,507,17.303383785529714,1,0.11420766393056625,0.11212904987833365,0.11628627798279886,0.19965407627982987,0.26136363636363635,1.0,0.5860002643796858,0.09303975740579684,0.3395200108927413,0.009288438871423261,1,1,0.6697600054463706,0.5046442194357116,1,1,1,0
P04,V4_video1_normal,normal,508,17.33751274763135,1,0.13222912485241478,0.13725096138290271,0.12720728832192685,0.19634606388813938,0.2636363636363636,1.0,0.4070845100195173,0.183157190407489,0.29512085021350315,0.02254783645797882,1,1,0.6475604251067516,0.5112739182289894,1,1,1,0
P04,V4_video1_normal,normal,509,17.371641709732987,1,0.11712465691892543,0.11862833941477487,0.11562097442307599,0.19029905154798707,0.26590909090909093,1.0,0.2443947477158902,0.13720606681747194,0.19080040726668107,0.025545585620142093,1,1,0.5954002036333406,0.512772792810071,1,1,1,0
P04,V4_video1_normal,normal,510,17.405770671834624,1,0.11643852911180139,0.12118745740337736,0.11168960082022542,0.1703887509558471,0.2681818181818182,1.0,0.2675355539296336,0.2133355997413191,0.24043557683547634,0.009248584842156732,1,1,0.6202177884177382,0.5046242924210783,1,1,1,0
P04,V4_video1_normal,normal,511,17.43989963393626,1,0.12888781004747007,0.1367820841770792,0.12099353591786093,0.16399236301782597,0.27045454545454545,1.0,0.24890424390113652,0.11210633733542597,0.18050529061828124,0.007733818196680428,1,1,0.5902526453091406,0.5038669090983402,1,1,1,0
P04,V4_video1_normal,normal,512,17.474028596037897,1,0.1361431037458924,0.1444292395782035,0.12785696791358128,0.16234849035109314,0.2727272727272727,1.0,0.38711189353614117,0.14901893692405221,0.2680654152300967,0.00923090601032045,1,0,0.6340327076150484,0.004615453005160225,1,0,1,0
P04,V4_video1_normal,normal,513,17.508157558139533,1,0.1140668884959298,0.11379839560833636,0.11433538138352323,0.15915273796391136,0.275,1.0,0.27116967600215247,0.34899304332668335,0.3100813596644179,0.009082659449676997,1,0,0.6550406798322089,0.0045413297248384984,1,0,1,0
P04,V4_video1_normal,normal,514,17.54228652024117,1,0.07675845195421671,0.07414242800897337,0.07937447589946003,0.15696700670875324,0.2772727272727273,1.0,0.2537911730627145,0.16272234488869308,0.20825675897570378,0.004571465934498469,1,0,0.6041283794878519,0.0022857329672492347,1,0,1,0
P04,V4_video1_normal,normal,515,17.576415482342806,1,0.07861838188843995,0.07202013365451915,0.08521663012236075,0.15588642664873348,0.27954545454545454,1.0,0.4506927335450299,0.3417124088408313,0.3962025711929306,0.009419603558112825,1,0,0.6981012855964653,0.004709801779056413,1,0,1,0
P04,V4_video1_normal,normal,516,17.610544444444443,1,0.14337912921977247,0.1551786263846644,0.13157963205488057,0.15446167300666797,0.27954545454545454,1.0,0.3308680937886943,0.12089186825068587,0.2258799810196901,0.010270094884910444,0,0,0.11293999050984505,0.005135047442455222,0,0,0,0
P04,V4_video1_normal,normal,517,17.64467340654608,1,0.1624913500730782,0.17764078630714805,0.1473419138390083,0.1548548261388012,0.27954545454545454,1.0,0.45241757934217575,0.4604657550973412,0.4564416672197585,0.007729922068080469,0,0,0.22822083360987924,0.0038649610340402347,0,0,0,0
P04,V4_video1_normal,normal,518,17.678802368647716,1,0.1766759690907404,0.18403218314583872,0.16931975503564206,0.15607700728216903,0.27954545454545454,1.0,0.43879916604656044,0.34472482505167656,0.3917619955491185,0.006819874348307624,0,0,0.19588099777455925,0.003409937174153812,0,0,0,0
P04,V4_video1_normal,normal,519,17.712931330749353,1,0.18343273041316935,0.18762938979327137,0.17923607103306732,0.1561474855322893,0.27954545454545454,1.0,0.2216508912040015,0.5970254309659793,0.4093381610849904,0.007928746921124918,0,0,0.2046690805424952,0.003964373460562459,0,0,0,0
P04,V4_video1_normal,normal,520,17.74706029285099,1,0.18964024497970455,0.1901056070446953,0.18917488291471377,0.15844461012585828,0.27954545454545454,1.0,0.44461368479594765,0.19646082393159392,0.3205372543637708,0.007544341539311002,0,0,0.1602686271818854,0.003772170769655501,0,0,0,0
P04,V4_video1_normal,normal,521,17.781189254952626,1,0.1998839739897902,0.19454164923909606,0.20522629874048434,0.15977161888122024,0.27954545454545454,1.0,0.2505619370344634,0.12045246838371515,0.18550720270908927,0.002702493217128557,0,0,0.09275360135454463,0.0013512466085642786,0,0,0,0
P04,V4_video1_normal,normal,522,17.815318217054262,1,0.2134325262465863,0.20950992022654763,0.21735513226662495,0.1623385973508504,0.27954545454545454,1.0,0.42713578988869705,0.16425431675644975,0.2956950533225734,0.010033495740814044,0,0,0.1478475266612867,0.005016747870407022,0,0,0,0
P04,V4_video1_normal,normal,523,17.8494471791559,1,0.2169254425651455,0.20798606741994988,0.22586481771034117,0.16202026120757831,0.27954545454545454,1.0,0.30744450037405524,0.24680692250284708,0.27712571143845116,0.004575375551076302,0,0,0.13856285571922558,0.002287687775538151,0,0,0,0
P04,V4_video1_normal,normal,524,17.883576141257535,1,0.2306870694804119,0.2228352444837123,0.23853889447711146,0.16313488066617612,0.27954545454545454,1.0,0.19005144761834025,0.07715598712641758,0.13360371737237892,0.002768403946779672,0,1,0.06680185868618946,0.5013842019733898,0,1,0,0
P04,V4_video1_normal,normal,525,17.91770510335917,1,0.23021293431515188,0.22007216602957866,0.24035370260072514,0.1634503344464412,0.27954545454545454,1.0,0.06364397328900273,0.13696025075124196,0.10030211202012235,0.003938197010233408,0,1,0.050151056010061174,0.5019690985051167,0,1,0,0
P04,V4_video1_normal,normal,526,17.951834065460808,1,0.23292672816613108,0.22441830088507825,0.2414351554471839,0.1627472773818693,0.27954545454545454,1.0,0.07380861805603489,0.21545466064504093,0.1446316393505379,0.00504474632339548,0,1,0.07231581967526896,0.5025223731616978,0,1,0,0
P04,V4_video1_normal,normal,527,17.985963027562445,1,0.23946452339951962,0.22867106272573332,0.2502579840733059,0.1633465636452317,0.27954545454545454,1.0,0.13971745927669577,0.12482450874202822,0.132270984009362,0.006929221208884327,0,1,0.066135492004681,0.5034646106044421,0,1,0,0
P04,V4_video1_normal,normal,528,18.02009198966408,1,0.23441258461309983,0.22472963420029762,0.24409553502590206,0.16386057367363183,0.27954545454545454,1.0,0.11910688106064116,0.13468551599443757,0.12689619852753936,0.007005005844173862,0,1,0.06344809926376968,0.503502502922087,0,1,0,0
P04,V4_video1_normal,normal,529,18.054220951765718,1,0.2334316026751504,0.22271178791395457,0.24415141743634622,0.1644153681678194,0.27954545454545454,1.0,0.4603515060392017,0.12550952594080889,0.2929305159900053,0.005737774071719417,0,1,0.14646525799500265,0.5028688870358597,0,1,0,0
P04,V4_video1_normal,normal,530,18.088349913867354,1,0.22894155635478378,0.21555299643652823,0.24233011627303933,0.1637700049931944,0.27954545454545454,1.0,0.18322877302041107,0.2390620909696337,0.2111454319950224,0.00545095999521761,0,1,0.1055727159975112,0.5027254799976089,0,1,0,0
P04,V4_video1_normal,normal,531,18.12247887596899,1,0.23528126665121663,0.22383868073988372,0.24672385256254956,0.16426248730055268,0.27954545454545454,1.0,0.12538631303122072,0.24954349434423861,0.18746490368772967,0.011505041319698863,0,1,0.09373245184386483,0.5057525206598494,0,1,0,0
P04,V4_video1_normal,normal,532,18.156607838070627,1,0.23340214547932153,0.22307023591537037,0.24373405504327267,0.1641817407538457,0.27954545454545454,1.0,0.28366101106043473,0.08826252210284524,0.18596176658164,0.006176386901924912,0,1,0.09298088329082,0.5030881934509625,0,1,0,0
P04,V4_video1_normal,normal,533,18.190736800172264,1,0.23539195951913364,0.2241877812732427,0.24659613776502456,0.16445496876284055,0.27954545454545454,1.0,0.21977894835793754,0.12634220729595502,0.17306057782694628,0.01313920811603937,0,1,0.08653028891347314,0.5065696040580197,0,1,0,0
P04,V4_video1_normal,normal,534,18.2248657622739,1,0.2261708248121183,0.21304106991216018,0.23930057971207647,0.16394909901087124,0.27954545454545454,1.0,0.2567828698801202,0.3713586539661444,0.3140707619231323,0.0027270995366260784,0,1,0.15703538096156616,0.501363549768313,0,1,0,0
P04,V4_video1_normal,normal,535,18.258994724375537,1,0.22951536143003007,0.21955769049773566,0.23947303236232448,0.16376584940021968,0.27954545454545454,1.0,0.19203837915463828,0.05895980468202233,0.1254990919183303,0.005818260273634796,0,1,0.06274954595916515,0.5029091301368174,0,1,0,0
P04,V4_video1_normal,normal,536,18.293123686477173,1,0.22136162198019266,0.2043945873585924,0.23832865660179295,0.16459515399867017,0.27954545454545454,1.0,0.23432613092421806,0.14480049902263936,0.1895633149734287,0.0026848605166902174,0,1,0.09478165748671435,0.5013424302583451,0,1,0,0
P04,V4_video1_normal,normal,537,18.32725264857881,1,0.21959571429878827,0.2038952226360597,0.23529620596151682,0.16411512321204766,0.27954545454545454,1.0,0.2389527046418658,0.2615604415396725,0.25025657309076915,0.004129243682809476,0,1,0.12512828654538458,0.5020646218414048,0,1,0,0
P04,V4_video1_normal,normal,538,18.361381610680446,1,0.2186030719463926,0.2092880047812229,0.22791813911156236,0.17007330810876245,0.27954545454545454,1.0,0.19623926995713303,0.21374591239713547,0.20499259117713425,0.005560870351547034,0,1,0.10249629558856713,0.5027804351757735,0,1,0,0
P04,V4_video1_normal,normal,539,18.395510572782083,1,0.22243428894315276,0.20544352349369585,0.23942505439260967,0.17864043985643527,0.27954545454545454,1.0,0.3081239068831876,0.08682761757995683,0.1974757622315722,0.012224842585143543,0,1,0.0987378811157861,0.5061124212925717,0,1,0,0
P04,V4_video1_normal,normal,540,18.42963953488372,1,0.2162709352165959,0.19827137715522888,0.23427049327796295,0.19808576982134135,0.27954545454545454,1.0,0.430217757162473,0.05354310500566162,0.24188043108406732,0.010630702600401384,0,1,0.12094021554203366,0.5053153513002007,0,1,0,0
P04,V4_video1_normal,normal,541,18.463768496985356,1,0.22068612116405129,0.20662150119634867,0.23475074113175393,0.20654458772874662,0.27954545454545454,1.0,0.31637857403724834,0.06331173049086292,0.18984515226405563,0.03233837072092272,0,1,0.09492257613202781,0.5161691853604614,0,1,0,0
P04,V4_video1_normal,normal,542,18.497897459086992,1,0.21191427050589923,0.19590102309423502,0.22792751791756347,0.20078599151173301,0.27954545454545454,1.0,0.3292170013467426,0.10343004383284637,0.21632352258979448,0.07112026085849743,0,1,0.10816176129489724,0.5355601304292488,0,1,0,0
P04,V4_video1_normal,normal,543,18.53202642118863,1,0.2177498364506678,0.20306082740905337,0.23243884549228225,0.20511647464306879,0.27954545454545454,1.0,0.08841832199936694,0.05099777951894069,0.06970805075915382,0.03574529255482471,0,1,0.03485402537957691,0.5178726462774124,0,1,0,0
P04,V4_video1_normal,normal,544,18.566155383290265,1,0.21889854505236045,0.20350293302181724,0.23429415708290363,0.20800869529602162,0.27954545454545454,1.0,0.23962365559295817,0.17616009790088005,0.2078918767469191,0.11601489094741174,0,1,0.10394593837345956,0.5580074454737058,0,1,0,0
P04,V4_video1_normal,normal,545,18.600284345391902,1,0.21529259613496926,0.2022141205197701,0.22837107175016844,0.20185468996180955,0.27954545454545454,1.0,0.15459465384905635,0.11549699654992751,0.13504582519949193,0.12840261549985163,0,1,0.06752291259974597,0.5642013077499258,0,1,0,0
P04,V4_video1_normal,normal,546,18.63441330749354,1,0.21138289341356203,0.19742481267216438,0.2253409741549597,0.20470124355651306,0.2772727272727273,1.0,0.11719418073817778,0.14037491180866224,0.12878454627342,0.007470706397882672,0,1,0.06439227313671,0.5037353531989414,0,1,0,0
P04,V4_video1_normal,normal,547,18.668542269595175,1,0.21356496878892434,0.2007935187928904,0.2263364187849583,0.1874410365194386,0.275,1.0,0.22695471439152493,0.09219783512592417,0.15957627475872455,0.03377962199531386,0,1,0.07978813737936227,0.516889810997657,0,1,0,0
P04,V4_video1_normal,normal,548,18.70267123169681,1,0.2123001943010438,0.2001237639581826,0.224476624643905,0.17673017344068112,0.2727272727272727,1.0,0.285512542757937,0.41479587737507473,0.3501542100665059,0.013611594091194692,0,1,0.17507710503325294,0.5068057970455974,0,1,0,0
P04,V4_video1_normal,normal,549,18.736800193798448,1,0.20397595143568426,0.18834747533270033,0.21960442753866818,0.17108617009013075,0.27045454545454545,1.0,0.27976987864457903,0.12944337572103048,0.20460662718280476,0.005259340277590452,0,1,0.10230331359140238,0.5026296701387952,0,1,0,0
P04,V4_video1_normal,normal,550,18.770929155900085,1,0.2141719786047412,0.20387878115305708,0.2244651760564253,0.16682494299548917,0.27045454545454545,1.0,0.13100133552711413,0.08557858697722176,0.10828996125216794,0.001235568480986792,0,1,0.05414498062608397,0.5006177842404934,0,1,0,0
P04,V4_video1_normal,normal,551,18.80505811800172,1,0.19613292256599713,0.1841220466969815,0.20814379843501277,0.1637238787003023,0.27045454545454545,1.0,0.2227347674483916,0.04942661378012714,0.13608069061425937,0.0010863670494925188,0,1,0.06804034530712968,0.5005431835247462,0,1,0,0
P04,V4_video1_normal,normal,552,18.839187080103358,1,0.14158538323571235,0.14028792940102963,0.14288283707039504,0.16188288757084873,0.27045454545454545,1.0,0.13330883884358347,0.30994522247753964,0.22162703066056155,0.0018701045097903365,0,0,0.11081351533028078,0.0009350522548951683,0,0,0,0
P04,V4_video1_normal,normal,553,18.873316042204994,1,0.04943488759825804,0.04882254042438918,0.0500472347721269,0.16185413956623934,0.2727272727272727,1.0,0.7482765000494296,0.11499370570067369,0.43163510287505163,0.0027669773105536677,1,0,0.7158175514375258,0.0013834886552768339,1,0,1,0
P04,V4_video1_normal,normal,554,18.90744500430663,1,0.03188157480834525,0.03778983045192515,0.025973319164765356,0.16373370689912142,0.275,1.0,0.4855912000671939,0.19132277103134931,0.3384569855492716,0.0050735292081617485,1,1,0.6692284927746358,0.5025367646040809,1,1,1,0
P04,V4_video1_normal,normal,555,18.941573966408267,1,0.03087113203493426,0.03960754707584348,0.022134716994025038,0.16282612276543995,0.2772727272727273,1.0,0.38244572377506314,0.26564287917368756,0.32404430147437535,0.006997010139796459,1,1,0.6620221507371877,0.5034985050698982,1,1,1,0
P04,V4_video1_normal,normal,556,18.975702928509904,1,0.028294391939606256,0.03840902973588268,0.018179754143329837,0.16371181204350724,0.2772727272727273,1.0,0.3854114592602713,0.11479983394895477,0.25010564660461304,0.0018682202945150663,1,1,0.6250528233023065,0.5009341101472575,1,1,1,0
P04,V4_video1_normal,normal,557,19.00983189061154,1,0.032362930751670745,0.046993382132240816,0.017732479371100673,0.16427281227655327,0.2772727272727273,1.0,0.5617480545077173,0.21427486884422475,0.388011461675971,0.0041367507078557955,1,1,0.6940057308379854,0.5020683753539279,1,1,1,0
P04,V4_video1_normal,normal,558,19.043960852713177,1,0.026846691389950363,0.036336111434471914,0.01735727134542881,0.16240890973004823,0.2772727272727273,1.0,0.18330603451536087,0.2101079411574983,0.1967069878364296,0.0003651170151558283,1,1,0.5983534939182148,0.5001825585075779,1,1,1,0
P04,V4_video1_normal,normal,559,19.078089814814813,1,0.026736969344725678,0.037673373736955965,0.01580056495249539,0.16249386020731738,0.2772727272727273,1.0,0.4723948835385461,0.1918319691863043,0.3321134263624252,0.0007544150258145462,1,1,0.6660567131812126,0.5003772075129073,1,1,1,0
P04,V4_video1_normal,normal,560,19.11221877691645,1,0.029540432565041574,0.044675323003625776,0.014405542126457374,0.16381223412346613,0.2772727272727273,1.0,0.32051489780374987,0.12105036089259213,0.220782629348171,0.0031992519167442558,1,1,0.6103913146740855,0.5015996259583722,1,1,1,0
P04,V4_video1_normal,normal,561,19.146347739018086,1,0.029636740228841656,0.04297006177424619,0.016303418683437123,0.1634991813236285,0.2772727272727273,1.0,0.5431001543723994,0.14816365786556973,0.3456319061189846,0.0006956758370641179,1,1,0.6728159530594923,0.5003478379185321,1,1,1,0
P04,V4_video1_normal,normal,562,19.180476701119723,1,0.02554514605608015,0.035604828804313794,0.015485463307846505,0.1630046716128294,0.2772727272727273,1.0,0.23328173923379403,0.04823133209052388,0.14075653566215895,0.0015015897165377187,1,1,0.5703782678310795,0.5007507948582689,1,1,0,0
P04,V4_video1_normal,normal,563,19.21460566322136,1,0.028793745654866667,0.03280163158011496,0.024785859729618373,0.16240244204461185,0.2772727272727273,1.0,0.21440224186726098,0.37530022951776765,0.2948512356925143,0.0005170538355336821,1,1,0.6474256178462572,0.5002585269177668,1,1,1,0
P04,V4_video1_normal,normal,564,19.248734625322996,1,0.03171926029100872,0.039871799455114244,0.023566721126903206,0.16209559594548387,0.2772727272727273,1.0,0.157125091278547,0.1062002696889871,0.13166268048376706,0.002947265201562538,1,0,0.5658313402418835,0.001473632600781269,1,0,0,0
P04,V4_video1_normal,normal,565,19.282863587424632,1,0.029014221369260833,0.03784885208671891,0.020179590651802755,0.16251703708170007,0.2772727272727273,1.0,0.3241913629475086,0.15414825150839884,0.23916980722795372,0.002756197339955992,1,1,0.6195849036139769,0.501378098669978,1,1,1,0
P04,V4_video1_normal,normal,566,19.31699254952627,1,0.028134085384999376,0.037422391212990784,0.018845779557007968,0.1617433046847036,0.2772727272727273,1.0,0.15860824078664781,0.27240111087992835,0.21550467583328808,0.001686355657479393,1,0,0.6077523379166441,0.0008431778287396965,1,0,1,0
P04,V4_video1_normal,normal,567,19.351121511627905,1,0.03271513370698102,0.03046050042004435,0.0349697669939177,0.16090463471766736,0.2772727272727273,1.0,0.4883793940061226,0.08521320014310574,0.2867962970746142,0.0020607009199464744,1,0,0.643398148537307,0.0010303504599732372,1,0,1,0
P04,V4_video1_normal,normal,568,19.385250473729542,1,0.029829931583634936,0.025460741258305917,0.03419912190896395,0.16142071162881058,0.2772727272727273,1.0,0.6145215179508262,0.14606482322744907,0.38029317058913764,0.0017127767204751685,1,0,0.6901465852945688,0.0008563883602375843,1,0,1,0
P04,V4_video1_normal,normal,569,19.41937943583118,1,0.036696342527775386,0.033075005239235795,0.04031767981631497,0.16149822375600048,0.27954545454545454,1.0,0.43499320136708164,0.2817145335453767,0.35835386745622916,0.0010596773507020793,1,0,0.6791769337281146,0.0005298386753510397,1,0,1,0
P04,V4_video1_normal,normal,570,19.453508397932815,1,0.034991555503797234,0.028298609103509367,0.041684501904085104,0.16251601231614174,0.2818181818181818,1.0,0.13183246841060758,0.2328746524012486,0.1823535604059281,0.0012482669535809935,1,1,0.591176780202964,0.5006241334767905,1,1,1,0
P04,V4_video1_normal,normal,571,19.48763736003445,1,0.04153696610879515,0.028948996286980874,0.05412493593060942,0.1600555042942739,0.2840909090909091,1.0,0.16110023668075846,0.1312378110512673,0.14616902386601288,0.0018421945707177568,1,0,0.5730845119330065,0.0009210972853588784,1,0,0,0
P04,V4_video1_normal,normal,572,19.521766322136088,1,0.037168031097109935,0.029325171764777582,0.045010890429442285,0.16225271858065932,0.2863636363636364,1.0,0.32831614484988325,0.21835616750596587,0.27333615617792456,0.0012839448695740473,1,0,0.6366680780889623,0.0006419724347870236,1,0,1,0
P04,V4_video1_normal,normal,573,19.555895284237724,1,0.040723476295104755,0.03201886203984688,0.049428090550362624,0.1601895568055293,0.28863636363636364,1.0,0.3214470508545515,0.08768277692624094,0.20456491389039622,0.0020548619095809564,1,0,0.6022824569451981,0.0010274309547904782,1,0,1,0
P04,V4_video1_normal,normal,574,19.59002424633936,1,0.032298137128101166,0.0262906044978947,0.03830566975830763,0.16082258000248512,0.2909090909090909,1.0,0.39437922235628364,0.14470983914223734,0.2695445307492605,0.0012741375682193746,1,0,0.6347722653746303,0.0006370687841096873,1,0,1,0
P04,V4_video1_normal,normal,575,19.624153208440998,1,0.03164821003774171,0.02713754385303131,0.036158876222452105,0.15958718545234934,0.29318181818181815,1.0,0.12764812521860225,0.04440599074524798,0.08602705798192511,0.0036250337808451257,1,0,0.5430135289909626,0.0018125168904225628,1,0,0,0
P04,V4_video1_normal,normal,576,19.658282170542634,1,0.027804178397137735,0.026007101673760993,0.029601255120514477,0.16096744025689635,0.29545454545454547,1.0,0.2671892866350758,0.05330872533687048,0.16024900598597314,0.004532164951941908,1,0,0.5801245029929866,0.002266082475970954,1,0,1,0
P04,V4_video1_normal,normal,577,19.69241113264427,1,0.03681126184708952,0.029328245461177474,0.04429427823300156,0.1595149770680421,0.29772727272727273,1.0,0.49792571065728863,0.09292763698568185,0.29542667382148524,0.0016838649226382717,1,0,0.6477133369107426,0.0008419324613191359,1,0,1,0
P04,V4_video1_normal,normal,578,19.726540094745907,1,0.03065639348032352,0.02722208453798718,0.03409070242265986,0.15974853782820622,0.3,1.0,0.3262327570396294,0.10825651166678962,0.2172446343532095,0.00031106895831950563,1,0,0.6086223171766048,0.00015553447915975281,1,0,1,0
P04,V4_video1_normal,normal,579,19.760669056847544,1,0.033954166767047114,0.028915703961731695,0.03899262957236253,0.15936239126230248,0.30227272727272725,1.0,0.16525531491120315,0.1875426609948765,0.17639898795303982,0.0015120252539229401,1,0,0.5881994939765199,0.0007560126269614701,1,0,1,0
P04,V4_video1_normal,normal,580,19.79479801894918,1,0.03428579596903648,0.028250241321786444,0.04032135061628651,0.1587004277129046,0.30454545454545456,1.0,0.34984505844990677,0.12809603693833227,0.23897054769411952,0.0008275829516713804,1,0,0.6194852738470598,0.0004137914758356902,1,0,1,0
P04,V4_video1_normal,normal,581,19.828926981050817,1,0.025308715917535602,0.026609474574628884,0.02400795726044232,0.1587908845918228,0.3068181818181818,1.0,0.20049623741645417,0.1323963504416773,0.16644629392906574,0.0012036969321867267,1,0,0.5832231469645328,0.0006018484660933633,1,0,1,0
P04,V4_video1_normal,normal,582,19.863055943152453,1,0.030935935645025153,0.028277487349736723,0.03359438394031358,0.15915218777263487,0.3090909090909091,1.0,0.08487459508281614,0.15372639771230368,0.11930049639755991,0.0019261799770806847,1,0,0.55965024819878,0.0009630899885403423,1,0,0,0
P04,V4_video1_normal,normal,583,19.89718490525409,1,0.03499958631054029,0.02946106241815,0.04053811020293057,0.15932216968125693,0.31136363636363634,1.0,0.06205653314828419,0.19199698745478233,0.12702676030153326,0.0009450246159825179,1,0,0.5635133801507666,0.0004725123079912589,1,0,0,0
P04,V4_video1_normal,normal,584,19.931313867355726,1,0.0328286957044592,0.028478466515094572,0.03717892489382382,0.15801504272605246,0.31363636363636366,1.0,0.3989809689354825,0.22547665027364938,0.31222880960456595,0.002396753672461817,1,0,0.656114404802283,0.0011983768362309084,1,0,1,0
P04,V4_video1_normal,normal,585,19.965442829457363,1,0.044885741113743466,0.03945337025043662,0.05031811197705032,0.1583254429129292,0.3159090909090909,1.0,0.3596480670429647,0.12347613905580246,0.24156210304938358,0.004204846607857246,1,0,0.6207810515246918,0.002102423303928623,1,0,1,0
P04,V4_video1_normal,normal,586,19.999571791559,1,0.045475705896506305,0.0391717933438287,0.05177961844918391,0.15736363717969196,0.3181818181818182,1.0,0.06539773688668815,0.18631065648704093,0.12585419668686454,0.0018517739283070063,1,0,0.5629270983434322,0.0009258869641535031,1,0,0,0
P04,V4_video1_normal,normal,587,20.033700753660636,1,0.04243272119096228,0.03200516341132921,0.05286027897059535,0.1578771644353817,0.32045454545454544,1.0,0.27496540248525436,0.11697568716514684,0.1959705448252006,0.00340515361928154,1,0,0.5979852724126002,0.00170257680964077,1,0,1,0
P04,V4_video1_normal,normal,588,20.067829715762272,1,0.039211863256339144,0.02950294672288605,0.04892077978979224,0.1576583533205484,0.32272727272727275,1.0,0.2329274494273842,0.09288240896940925,0.16290492919839672,0.0017560147583408066,1,0,0.5814524645991983,0.0008780073791704033,1,0,1,0
P04,V4_video1_normal,normal,589,20.10195867786391,1,0.03500975633642097,0.028569272506997912,0.04145024016584403,0.15878205406175455,0.325,1.0,0.11270215060529754,0.18784889778752112,0.15027552419640933,0.0013169804052987275,1,0,0.5751377620982047,0.0006584902026493637,1,0,0,0
P04,V4_video1_normal,normal,590,20.136087639965545,1,0.028268843265117256,0.025528067443977922,0.03100961908625659,0.15745853287317646,0.32727272727272727,1.0,0.30092422890036996,0.2153583774125315,0.25814130315645073,0.001695255954021626,1,0,0.6290706515782254,0.000847627977010813,1,0,1,0
P04,V4_video1_normal,normal,591,20.170216602067182,1,0.02658689311903179,0.02526321129571368,0.027910574942349907,0.157522754440037,0.32954545454545453,1.0,0.28067224418158876,0.14610843928901818,0.21339034173530347,0.001037293628910647,1,0,0.6066951708676518,0.0005186468144553235,1,0,1,0
P04,V4_video1_normal,normal,592,20.20434556416882,1,0.028183834090370407,0.024768696023458277,0.03159897215728254,0.15748806522966216,0.33181818181818185,1.0,0.4576804718187646,0.10090156924812066,0.2792910205334426,0.0011016588640445745,1,0,0.6396455102667213,0.0005508294320222873,1,0,1,0
P04,V4_video1_normal,normal,593,20.238474526270455,1,0.026973235354395112,0.024070467444519808,0.029876003264270416,0.15752809644512616,0.3340909090909091,1.0,0.2894341500242924,0.11100794372821099,0.2002210468762517,0.001981384116286268,1,0,0.6001105234381259,0.000990692058143134,1,0,1,0
P04,V4_video1_normal,normal,594,20.27260348837209,1,0.027706582153761244,0.025227656552106265,0.030185507755416223,0.15755376050066802,0.33636363636363636,1.0,0.326241875676757,0.06002985307674824,0.19313586437675262,0.00039259043984330404,1,0,0.5965679321883763,0.00019629521992165202,1,0,1,0
P04,V4_video1_normal,normal,595,20.306732450473728,1,0.029933846454466784,0.025174170746403022,0.03469352216253054,0.15776013283459778,0.3386363636363636,1.0,0.483814159964871,0.0789113623884028,0.2813627611766369,0.0015700699230177017,1,0,0.6406813805883185,0.0007850349615088508,1,0,1,0
P04,V4_video1_normal,normal,596,20.340861412575364,1,0.030903839096830484,0.027178755680503344,0.03462892251315762,0.15718755718951777,0.3409090909090909,1.0,0.14624850595311878,0.15269545985496968,0.14947198290404423,0.002680501210774684,1,0,0.5747359914520221,0.001340250605387342,1,0,0,0
P04,V4_video1_normal,normal,597,20.374990374677,1,0.03184268224418598,0.024402204658557154,0.03928315982981481,0.15781222496427066,0.3431818181818182,1.0,0.1960522681728556,0.057613055077422315,0.12683266162513895,0.0025046780647400187,1,0,0.5634163308125695,0.0012523390323700093,1,0,0,0
P04,V4_video1_normal,normal,598,20.409119336778637,1,0.037696204383332106,0.025005087475820108,0.050387321290844105,0.15814637264766246,0.34545454545454546,1.0,0.38302493957576733,0.23156447891541998,0.30729470924559366,0.006793370283372881,1,0,0.6536473546227968,0.0033966851416864403,1,0,1,0
P04,V4_video1_normal,normal,599,20.443248298880274,1,0.03215892259703804,0.026186999044524883,0.038130846149551194,0.15857650148326266,0.3477272727272727,1.0,0.3453856045627951,0.16316007265411303,0.25427283860845407,0.001525496551218312,1,0,0.627136419304227,0.000762748275609156,1,0,1,0
P04,V4_video1_normal,normal,600,20.47737726098191,1,0.03896878552339138,0.028676366633533214,0.049261204413249535,0.15720101767654793,0.35,1.0,0.24254795130991658,0.28940560101772717,0.26597677616382187,0.0002877330453473314,1,0,0.6329883880819109,0.0001438665226736657,1,0,1,0
P04,V4_video1_normal,normal,601,20.511506223083547,1,0.028503860985282174,0.020884954767341566,0.03612276720322278,0.15797233670895286,0.3522727272727273,1.0,0.17099098477607522,0.14395947357866068,0.15747522917736795,0.0021562499879382666,1,0,0.578737614588684,0.0010781249939691333,1,0,0,0
P04,V4_video1_normal,normal,602,20.545635185185184,1,0.03423617175635646,0.023050462440588813,0.04542188107212411,0.15753504500801055,0.35454545454545455,1.0,0.1850862860144563,0.1252127146274239,0.1551495003209401,0.002757084782264414,1,0,0.57757475016047,0.001378542391132207,1,0,0,0
P04,V4_video1_normal,normal,603,20.57976414728682,1,0.03413479245452536,0.023884541485863574,0.044385043423187144,0.1573783304283989,0.3568181818181818,1.0,0.3780287935205483,0.41469775574965995,0.3963632746351041,0.0009762243344668932,1,0,0.698181637317552,0.0004881121672334466,1,0,1,0
P04,V4_video1_normal,normal,604,20.613893109388457,1,0.07953161312670828,0.06670909138902506,0.0923541348643915,0.1556790222884879,0.35909090909090907,1.0,0.09397743010281367,0.18056748812583268,0.13727245911432318,0.0015168331612515939,1,0,0.5686362295571616,0.0007584165806257969,1,0,0,0
P04,V4_video1_normal,normal,605,20.648022071490093,1,0.1920002664082639,0.18405116491955578,0.19994936789697199,0.15701709768148234,0.35909090909090907,1.0,0.4094063075547958,0.5104360695392285,0.45992118854701214,0.004149802976768898,0,0,0.22996059427350607,0.002074901488384449,0,0,0,0
P04,V4_video1_normal,normal,606,20.68215103359173,1,0.26718906345225324,0.26134866916486216,0.27302945773964427,0.15641002714389848,0.35909090909090907,1.0,0.08038645712387205,0.10717040834655389,0.09377843273521297,0.006160236576367254,0,0,0.046889216367606484,0.003080118288183627,0,0,0,0
P04,V4_video1_normal,normal,607,20.716279995693366,1,0.2951928779032027,0.29218163438073635,0.29820412142566904,0.1566096651344713,0.35909090909090907,1.0,0.07579457420589053,0.008328138925172035,0.04206135656553128,0.0028966045369846656,0,0,0.02103067828276564,0.0014483022684923328,0,0,0,0
P04,V4_video1_normal,normal,608,20.750408957795003,1,0.3013790128428926,0.2983636179796276,0.3043944077061576,0.1565788896704152,0.35909090909090907,1.0,0.0207470464633579,0.04790242128565636,0.03432473387450713,0.003143599512327808,0,0,0.017162366937253565,0.001571799756163904,0,0,0,0
P04,V4_video1_normal,normal,609,20.78453791989664,1,0.2363802944506234,0.24118726553512773,0.23157332336611905,0.15773284248004285,0.35909090909090907,1.0,0.1603022774249797,0.26683938618286496,0.21357083180392233,0.002831591059386235,0,0,0.10678541590196117,0.0014157955296931176,0,0,0,0
P04,V4_video1_normal,normal,610,20.818666881998276,1,0.023379497504722575,0.016619366235603287,0.030139628773841867,0.1574469603030587,0.3613636363636364,1.0,0.24311835662509684,0.1687753906948274,0.20594687365996212,0.00844365454026983,1,0,0.6029734368299811,0.004221827270134915,1,0,1,0
P04,V4_video1_normal,normal,611,20.852795844099912,1,0.03532729190407728,0.01894041332089763,0.05171417048725694,0.15592081731626048,0.36363636363636365,1.0,0.14049665271908585,0.4960772082444307,0.31828693048175827,0.012613149860630859,1,0,0.6591434652408792,0.006306574930315429,1,0,1,0
P04,V4_video1_normal,normal,612,20.88692480620155,1,0.19263664696045985,0.17673068102300205,0.20854261289791762,0.15584538722754443,0.3613636363636364,1.0,0.14141016755076097,0.20629671015533635,0.17385343885304866,0.004656183938461503,0,0,0.08692671942652433,0.0023280919692307517,0,0,0,0
P04,V4_video1_normal,normal,613,20.921053768303185,1,0.28091767937861145,0.27812270893386876,0.28371264982335415,0.15493665561403333,0.35909090909090907,1.0,0.1254605213219172,0.11630892095744838,0.1208847211396828,0.0036179362881451735,0,0,0.0604423605698414,0.0018089681440725868,0,0,0,0
P04,V4_video1_normal,normal,614,20.95518273040482,1,0.3119353364233635,0.3112041373765585,0.31266653547016854,0.1547520396870986,0.3568181818181818,1.0,0.02640589177768715,0.005610727997945264,0.016008309887816208,0.0163295241361213,0,0,0.008004154943908104,0.00816476206806065,0,0,0,0
P04,V4_video1_normal,normal,615,20.98931169250646,1,0.3485248158196774,0.35082818325287013,0.34622144838648466,0.1550165853801071,0.35454545454545455,1.0,0.012593769245367592,0.021233761545599528,0.01691376539548356,0.018360139265539276,0,0,0.00845688269774178,0.009180069632769638,0,0,0,0
P04,V4_video1_normal,normal,616,21.023440654608095,1,0.35420850695735967,0.3549016207214014,0.35351539319331793,0.15531135146867522,0.3522727272727273,1.0,0.011013191584536397,0.10166110300798947,0.056337147296262935,0.0027812476308808763,0,0,0.028168573648131467,0.0013906238154404382,0,0,0,0
P04,V4_video1_normal,normal,617,21.05756961670973,1,0.3440555417396012,0.3422326470805129,0.3458784363986895,0.15475729904733915,0.35,1.0,0.046393962176488834,0.02242374212975151,0.03440885215312017,0.0035435875831490863,0,0,0.017204426076560086,0.0017717937915745431,0,0,0,0
P04,V4_video1_normal,normal,618,21.091698578811368,1,0.35190083167856345,0.34653398994453033,0.3572676734125966,0.1546211378746476,0.3477272727272727,1.0,0.015440419108474268,0.09172652613212962,0.05358347262030194,0.015713883279229058,0,0,0.02679173631015097,0.007856941639614529,0,0,0,0
P04,V4_video1_normal,normal,619,21.125827540913004,1,0.35669345742250386,0.35409096834124887,0.35929594650375885,0.15411478820717758,0.3477272727272727,1.0,0.002021923362426681,0.28491968471866136,0.14347080404054402,0.003997700814058067,0,0,0.07173540202027201,0.0019988504070290337,0,0,0,0
P04,V4_video1_normal,normal,620,21.15995650301464,1,0.3506503095195336,0.34674560249178493,0.3545550165472822,0.15469901194166885,0.3477272727272727,1.0,0.010230262411078606,0.013217521860030002,0.011723892135554304,0.0037101353173468704,0,0,0.005861946067777152,0.0018550676586734352,0,0,0,0
P04,V4_video1_normal,normal,621,21.194085465116277,1,0.35100199434282686,0.3494048001132919,0.35259918857236183,0.15500787677696895,0.3477272727272727,1.0,0.021290883802254634,0.010044262419160455,0.015667573110707544,0.003320352076935466,0,0,0.007833786555353772,0.001660176038467733,0,0,0,0
P04,V4_video1_normal,normal,622,21.228214427217914,1,0.35218412766745655,0.3499022816779997,0.35446597365691335,0.15557709615493365,0.3477272727272727,1.0,0.029789496669005322,0.029619476743002693,0.029704486706004007,0.0032918417784116847,0,0,0.014852243353002004,0.0016459208892058424,0,0,0,0
P04,V4_video1_normal,normal,623,21.26234338931955,1,0.3445752213431521,0.341953675796905,0.3471967668893992,0.15545435671250152,0.3477272727272727,1.0,0.010017665058969838,0.06766359891140727,0.038840631985188556,0.0030413812301926186,0,0,0.019420315992594278,0.0015206906150963093,0,0,0,0
P04,V4_video1_normal,normal,624,21.296472351421187,1,0.3365515119680361,0.3364658986103145,0.33663712532575774,0.15564011850018855,0.3477272727272727,1.0,0.01931211807776312,0.044961609513593626,0.03213686379567837,0.0016280674834410003,0,0,0.016068431897839186,0.0008140337417205002,0,0,0,0
P04,V4_video1_normal,normal,625,21.330601313522823,1,0.34038649568255996,0.3384043347800848,0.34236865658503507,0.15650492884784187,0.3477272727272727,1.0,0.013533650951596199,0.07356275786488209,0.043548204408239144,0.000655071092961218,0,0,0.021774102204119572,0.000327535546480609,0,0,0,0
P04,V4_video1_normal,normal,626,21.36473027562446,1,0.3383739004106432,0.3337571907839041,0.34299061003738235,0.1581789904049222,0.3477272727272727,1.0,0.016304489216253493,0.06903158448847035,0.042668036852361924,0.008445375374714037,0,0,0.021334018426180962,0.004222687687357019,0,0,0,0
P04,V4_video1_normal,normal,627,21.398859237726096,1,0.33925915394068906,0.3345645988206868,0.34395370906069134,0.15818266469174905,0.3477272727272727,1.0,0.01088836046626962,0.04164075977772308,0.02626456012199635,0.002192153079380849,0,0,0.013132280060998175,0.0010960765396904246,0,0,0,0
P04,V4_video1_normal,normal,628,21.432988199827733,1,0.3279322060586879,0.3213523666989733,0.33451204541840246,0.16401373883404097,0.3477272727272727,1.0,0.0018471859649573652,0.09701578419075996,0.04943148507785866,0.009330886999514015,0,1,0.02471574253892933,0.5046654434997571,0,1,0,0
P04,V4_video1_normal,normal,629,21.46711716192937,1,0.33962814360256793,0.3332030875839463,0.3460531996211896,0.166081690959578,0.3477272727272727,1.0,0.02424710943382713,0.2809724193038774,0.15260976436885226,0.027003318140485625,0,1,0.07630488218442613,0.5135016590702428,0,1,0,0
P04,V4_video1_normal,normal,630,21.501246124031006,1,0.3341745960747742,0.327000191395775,0.3413490007537733,0.17361103094294753,0.3477272727272727,1.0,0.012463267931235755,0.040125220030495345,0.02629424398086555,0.06167246989805949,0,1,0.013147121990432775,0.5308362349490298,0,1,0,0
P04,V4_video1_normal,normal,631,21.535375086132643,1,0.3397849813063157,0.3299502345666157,0.34961972804601565,0.1820814997006167,0.3477272727272727,1.0,0.019353192710299116,0.027795422855407037,0.023574307782853077,0.06602946992165781,0,1,0.011787153891426538,0.533014734960829,0,1,0,0
P04,V4_video1_normal,normal,632,21.56950404823428,1,0.30271251877970157,0.29197580592907363,0.3134492316303295,0.18748445211832007,0.3477272727272727,1.0,0.17864775251074372,0.04016061606336341,0.10940418428705356,0.055600032254478626,0,1,0.05470209214352678,0.5278000161272394,0,1,0,0
P04,V4_video1_normal,normal,633,21.603633010335916,1,0.19314608274692752,0.18543404637816407,0.200858119115691,0.19038398263821998,0.3477272727272727,1.0,0.1383629309104849,0.31859948906869984,0.22848120998959237,0.05460368261812129,0,1,0.11424060499479619,0.5273018413090607,0,1,0,0
P04,V4_video1_normal,normal,634,21.637761972437552,1,0.052261399262619995,0.05217226091653034,0.052350537608709655,0.1876579997668533,0.35,1.0,0.3200114051628521,0.2827016357080947,0.3013565204354734,0.1368550969588678,1,1,0.6506782602177367,0.5684275484794339,1,1,1,0
P04,V4_video1_normal,normal,635,21.67189093453919,1,0.030426112052781163,0.030942283960037252,0.029909940145525074,0.1898522421644481,0.3522727272727273,1.0,0.5244878074170747,0.2871715346778223,0.4058296710474485,0.1771656398476428,1,1,0.7029148355237242,0.5885828199238214,1,1,1,1
P04,V4_video1_normal,normal,636,21.706019896640825,1,0.030220483802088555,0.03306080535497513,0.027380162249201978,0.19280583486457206,0.35454545454545455,1.0,0.4683040475293483,0.367574447692819,0.41793924761108364,0.054604174927116875,1,1,0.7089696238055418,0.5273020874635584,1,1,1,0
P04,V4_video1_normal,normal,637,21.74014885874246,1,0.03363593100298046,0.03439961754031382,0.03287224446564709,0.19653569714060956,0.3568181818181818,1.0,0.31757097559810765,0.16990928227567192,0.2437401289368898,0.5647670992794208,1,1,0.621870064468445,0.7823835496397105,1,1,1,1
P04,V4_video1_normal,normal,638,21.774277820844098,1,0.033498501699142674,0.037880138223594,0.029116865174691343,0.20231339115745617,0.35909090909090907,1.0,0.47014510836889456,0.11054113152958189,0.2903431199492382,0.3278371616369226,1,1,0.6451715599746191,0.6639185808184613,1,1,1,1
P04,V4_video1_normal,normal,639,21.808406782945735,1,0.04931437636471017,0.04772587844399331,0.05090287428542703,0.19997615361682133,0.3613636363636364,1.0,0.33845893410151495,0.09278450612580469,0.21562172011365982,0.6862760688736903,1,1,0.6078108600568299,0.8431380344368451,1,1,1,1
P04,V4_video1_normal,normal,640,21.84253574504737,1,0.07646261654785687,0.06688778791164995,0.08603744518406378,0.20124353787193164,0.36363636363636365,1.0,0.18765315927874715,0.19932749815221873,0.19349032871548294,0.48506570902751545,1,1,0.5967451643577415,0.7425328545137577,1,1,1,1
P04,V4_video1_normal,normal,641,21.876664707149008,1,0.11010926132983459,0.09848872277217299,0.12172979988749617,0.1965820309767378,0.3659090909090909,1.0,0.1642809597937126,0.0991072730335395,0.13169411641362605,0.5560653769549179,1,1,0.565847058206813,0.7780326884774589,1,1,0,1
P04,V4_video1_normal,normal,642,21.910793669250644,1,0.19576540662251568,0.17155106781027687,0.21997974543475451,0.19891439743320335,0.3659090909090909,1.0,0.1581505441937553,0.23865089426998942,0.19840071923187236,0.55102322322486,0,1,0.09920035961593618,0.77551161161243,0,1,0,1
P04,V4_video1_normal,normal,643,21.94492263135228,1,0.20388559574837667,0.17992854314238266,0.22784264835437065,0.19564595087015424,0.3659090909090909,1.0,0.13861635433024055,0.3421143800576282,0.24036536719393437,0.687575107571029,0,1,0.12018268359696718,0.8437875537855145,0,1,0,1
P04,V4_video1_normal,normal,644,21.979051593453917,1,0.2057011421473708,0.17890581655808652,0.2324964677366551,0.1945117251918993,0.3659090909090909,1.0,0.313025907239843,0.4436573221125012,0.3783416146761721,0.4361657393759174,0,1,0.18917080733808606,0.7180828696879586,0,1,0,1
P04,V4_video1_normal,normal,645,22.013180555555554,1,0.21724726540411088,0.19626085528329104,0.2382336755249307,0.19564804363729174,0.3659090909090909,1.0,0.21176449681527898,0.08109762318736147,0.14643106000132022,0.6177286107295143,0,1,0.07321553000066011,0.8088643053647572,0,1,0,1
P04,V4_video1_normal,normal,646,22.04730951765719,1,0.22470622883282076,0.2057842619657799,0.24362819569986163,0.18789013725758985,0.3659090909090909,1.0,0.4440379715525308,0.18147149321692435,0.31275473238472756,0.4980507842058717,0,1,0.15637736619236378,0.7490253921029358,0,1,0,1
P04,V4_video1_normal,normal,647,22.081438479758827,1,0.22753140311685216,0.20859699495774833,0.24646581127595601,0.19584897500647955,0.3659090909090909,1.0,0.3730673616487462,0.4183718609394148,0.3957196112940805,0.013229760811643301,0,1,0.19785980564704025,0.5066148804058217,0,1,0,0
P04,V4_video1_normal,normal,648,22.115567441860463,1,0.23305703531108177,0.2158635013619557,0.25025056926020783,0.19517381898162356,0.3659090909090909,1.0,0.4244624690835228,0.18035599274320369,0.30240923091336325,0.042354424137060274,0,1,0.15120461545668162,0.5211772120685302,0,1,0,0
P04,V4_video1_normal,normal,649,22.1496964039621,1,0.2389953806840227,0.22545659801181722,0.2525341633562282,0.1922671702311372,0.3659090909090909,1.0,0.4937353283406889,0.15163233050163905,0.32268382942116397,0.05121950126496337,0,1,0.16134191471058199,0.5256097506324817,0,1,0,0
P04,V4_video1_normal,normal,650,22.183825366063736,1,0.23768422765011749,0.22392036935764129,0.2514480859425937,0.1965278670791503,0.3659090909090909,1.0,0.3577761600627485,0.28423197930862165,0.32100406968568507,0.08202664904386815,0,1,0.16050203484284253,0.5410133245219341,0,1,0,0
P04,V4_video1_normal,normal,651,22.217954328165373,1,0.24066316167534446,0.2283999088099873,0.2529264145407016,0.19648290248125258,0.3659090909090909,1.0,0.2984621141926266,0.18093658622468412,0.23969935020865535,0.0643037411694884,0,1,0.11984967510432767,0.5321518705847442,0,1,0,0
P04,V4_video1_normal,normal,652,22.25208329026701,1,0.23431624243791288,0.22335111694587956,0.2452813679299462,0.1954857571880009,0.3659090909090909,1.0,0.16699708421040815,0.15471840009692717,0.16085774215366766,0.04496959560227216,0,1,0.08042887107683383,0.5224847978011361,0,1,0,0
P04,V4_video1_normal,normal,653,22.286212252368646,1,0.2323407388931612,0.22227746438286966,0.24240401340345274,0.19437506330639817,0.3659090909090909,1.0,0.41153617212022486,0.11347751950470775,0.2625068458124663,0.1980717097391287,0,1,0.13125342290623315,0.5990358548695643,0,1,0,1
P04,V4_video1_normal,normal,654,22.320341214470282,1,0.24247317060145676,0.23439151892301968,0.25055482227989384,0.19029543543331975,0.3659090909090909,1.0,0.2521870561112384,0.2698311051614686,0.2610090806363535,0.013428621139191833,0,1,0.13050454031817674,0.5067143105695959,0,1,0,0
P04,V4_video1_normal,normal,655,22.35447017657192,1,0.24296217071481144,0.23537235287604846,0.2505519885535744,0.18870881378821225,0.3659090909090909,1.0,0.27952721573495676,0.22766756953278444,0.2535973926338706,0.05660675057565267,0,1,0.1267986963169353,0.5283033752878263,0,1,0,0
P04,V4_video1_normal,normal,656,22.388599138673555,1,0.24527908440582394,0.23554203869492235,0.2550161301167255,0.17994837511954875,0.3659090909090909,1.0,0.11106979138399364,0.2862356311554889,0.19865271126974127,0.10426960570505024,0,1,0.09932635563487063,0.5521348028525251,0,1,0,0
P04,V4_video1_normal,normal,657,22.422728100775192,1,0.24214983714812666,0.23176993451575348,0.25252973978049986,0.18423017421572593,0.3659090909090909,1.0,0.2528295800965755,0.18742418805997263,0.22012688407827408,0.04525853231954697,0,1,0.11006344203913704,0.5226292661597735,0,1,0,0
P04,V4_video1_normal,normal,658,22.45685706287683,1,0.24269072733014097,0.2342100536813436,0.25117140097893836,0.17307843040227555,0.3659090909090909,1.0,0.3059194221362931,0.2101494713796641,0.2580344467579786,0.034818881747290385,0,1,0.1290172233789893,0.5174094408736452,0,1,0,0
P04,V4_video1_normal,normal,659,22.490986024978465,1,0.2429500238296389,0.23385445728492865,0.25204559037434915,0.16691167517905142,0.3659090909090909,1.0,0.2764570846513512,0.15321526820446763,0.21483617642790942,0.003917621176668672,0,1,0.10741808821395471,0.5019588105883344,0,1,0,0
P04,V4_video1_normal,normal,660,22.5251149870801,1,0.2471516378641574,0.2385711092167798,0.25573216651153496,0.1605004283376446,0.3659090909090909,1.0,0.1870095693857362,0.1514870418246861,0.16924830560521115,0.003132729523320334,0,0,0.08462415280260557,0.001566364761660167,0,0,0,0
P04,V4_video1_normal,normal,661,22.559243949181738,1,0.24476029253143722,0.23591005078965374,0.2536105342732207,0.15557961711861953,0.3659090909090909,1.0,0.11834441790692862,0.13312451047210383,0.12573446418951623,0.034586343955934254,0,0,0.06286723209475811,0.017293171977967127,0,0,0,0
P04,V4_video1_normal,normal,662,22.593372911283375,1,0.2499910801116088,0.2404019974075595,0.25958016281565816,0.15496202455363633,0.3659090909090909,1.0,0.3503177177605914,0.13863189838305612,0.24447480807182376,0.011053322435699254,0,0,0.12223740403591188,0.005526661217849627,0,0,0,0
P04,V4_video1_normal,normal,663,22.62750187338501,1,0.2503301681703419,0.23670948841700887,0.26395084792367496,0.1543651052642,0.3659090909090909,1.0,0.2362016869100787,0.0528956005695409,0.1445486437398098,0.003596453367077707,0,0,0.0722743218699049,0.0017982266835388535,0,0,0,0
P04,V4_video1_normal,normal,664,22.661630835486648,1,0.24554901980373306,0.23664020859799834,0.2544578310094678,0.15366484576175352,0.3659090909090909,1.0,0.17547704263167374,0.3062182869539668,0.24084766479282027,0.006680018155803541,0,0,0.12042383239641014,0.0033400090779017707,0,0,0,0
P04,V4_video1_normal,normal,665,22.695759797588284,1,0.24912445274412043,0.24225975582641465,0.2559891496618262,0.15293064450449384,0.3659090909090909,1.0,0.1855611471391807,0.1431362438428181,0.1643486954909994,0.0011252268142202552,0,0,0.0821743477454997,0.0005626134071101276,0,0,0,0
P04,V4_video1_normal,normal,666,22.72988875968992,1,0.2505336702825559,0.24245676787547277,0.258610572689639,0.1525362435629122,0.3659090909090909,1.0,0.2511647597604212,0.1787252373021675,0.21494499853129434,0.002653467083773252,0,0,0.10747249926564717,0.001326733541886626,0,0,0,0
P04,V4_video1_normal,normal,667,22.764017721791557,1,0.2548224459997503,0.24555744673266847,0.26408744526683214,0.15274778058410315,0.3659090909090909,1.0,0.20243506980591075,0.2393098493853525,0.22087245959563162,0.0018534016315923118,0,0,0.11043622979781581,0.0009267008157961559,0,0,0,0
P04,V4_video1_normal,normal,668,22.798146683893194,1,0.2647255686747649,0.2550695880074344,0.27438154934209535,0.15308942850589893,0.3659090909090909,1.0,0.16516964073082885,0.07282908284799816,0.1189993617894135,0.014683655032705273,0,0,0.05949968089470675,0.007341827516352636,0,0,0,0
P04,V4_video1_normal,normal,669,22.83227564599483,1,0.2681468939806013,0.2598405378390083,0.2764532501221943,0.15414346178574254,0.3659090909090909,1.0,0.12270375532079725,0.27477845503513,0.19874110517796362,0.005009573604659546,0,0,0.09937055258898181,0.002504786802329773,0,0,0,0
P04,V4_video1_normal,normal,670,22.866404608096467,1,0.28710825423673414,0.28101281388605814,0.2932036945874101,0.15455059094827034,0.3659090909090909,1.0,0.15561000870121844,0.27338379390462486,0.21449690130292165,0.007032589471593317,0,0,0.10724845065146082,0.0035162947357966585,0,0,0,0
P04,V4_video1_normal,normal,671,22.900533570198103,1,0.3118957340172762,0.30797483279305826,0.3158166352414941,0.15408233865113488,0.3659090909090909,1.0,0.05622091007984631,0.19954740786678982,0.12788415897331806,0.0012416158700740377,0,0,0.06394207948665903,0.0006208079350370189,0,0,0,0
P04,V4_video1_normal,normal,672,22.93466253229974,1,0.32793843141695284,0.31962319225464236,0.3362536705792633,0.1543129428498236,0.3659090909090909,1.0,0.02089959781181505,0.11580106613572183,0.06835033197376844,0.006451537175471622,0,0,0.03417516598688422,0.003225768587735811,0,0,0,0
P04,V4_video1_normal,normal,673,22.968791494401376,1,0.3291837859307323,0.32114970843509155,0.337217863426373,0.15304593774608566,0.3659090909090909,1.0,0.054759065672476015,0.188445550441674,0.121602308057075,0.002919131654732951,0,0,0.0608011540285375,0.0014595658273664756,0,0,0,0
P04,V4_video1_normal,normal,674,23.002920456503013,1,0.33092095144294625,0.3254199010733175,0.33642200181257503,0.1532827369277918,0.3659090909090909,1.0,0.06360430137672546,0.18127966048266275,0.1224419809296941,0.001538171269130998,0,0,0.06122099046484705,0.000769085634565499,0,0,0,0
P04,V4_video1_normal,normal,675,23.03704941860465,1,0.3440134238764265,0.3378442090550454,0.35018263869780764,0.15415174516462618,0.3659090909090909,1.0,0.1015979327238995,0.024236642331740388,0.06291728752781994,0.0019837768161901203,0,0,0.03145864376390997,0.0009918884080950601,0,0,0,0
P04,V4_video1_normal,normal,676,23.071178380706286,1,0.35378683191238186,0.34817887176925183,0.3593947920555119,0.153464303119601,0.3659090909090909,1.0,0.014707219590591514,0.018186925070060145,0.01644707233032583,0.0068867574895969015,0,0,0.008223536165162915,0.0034433787447984508,0,0,0,0
P04,V4_video1_normal,normal,677,23.105307342807922,1,0.3724156376902371,0.3689778957129859,0.3758533796674883,0.15399808396625211,0.3659090909090909,1.0,0.022615177747126958,0.10867420272160344,0.0656446902343652,0.002757058561273017,0,0,0.0328223451171826,0.0013785292806365085,0,0,0,0
P04,V4_video1_normal,normal,678,23.13943630490956,1,0.3765131596001856,0.3706453192206772,0.382380999979694,0.1543833771007143,0.3659090909090909,1.0,0.04178224179541701,0.09644230179107605,0.06911227179324653,0.005479763094147846,0,0,0.03455613589662326,0.002739881547073923,0,0,0,0
P04,V4_video1_normal,normal,679,23.173565267011195,1,0.37890270474091947,0.3744640638688928,0.38334134561294614,0.1538145375435911,0.3659090909090909,1.0,0.0073334239733160445,0.010334910045450618,0.008834167009383331,0.010833813849751666,0,0,0.004417083504691666,0.005416906924875833,0,0,0,0
P04,V4_video1_normal,normal,680,23.207694229112832,1,0.3697694578041658,0.3671453371114058,0.3723935784969258,0.1545653014846079,0.3659090909090909,1.0,0.023887023172393995,0.025852566653984943,0.02486979491318947,0.012311242043929737,0,0,0.012434897456594735,0.006155621021964868,0,0,0,0
P04,V4_video1_normal,normal,681,23.24182319121447,1,0.37153320940239754,0.36654129858083334,0.3765251202239617,0.15696447647404463,0.3659090909090909,1.0,0.03599537411411369,0.026499981597427724,0.031247677855770706,0.005261126755347625,0,0,0.015623838927885353,0.0026305633776738126,0,0,0,0
P04,V4_video1_normal,normal,682,23.275952153316105,1,0.36653266985248456,0.36339841808721457,0.36966692161775455,0.1575353448395134,0.36363636363636365,1.0,0.03836390730626138,0.02220891089624577,0.030286409101253575,0.018476385434227936,0,0,0.015143204550626788,0.009238192717113968,0,0,0,0
P04,V4_video1_normal,normal,683,23.31008111541774,1,0.3622005081400996,0.35689509465202124,0.3675059216281779,0.15675467398576143,0.3613636363636364,1.0,0.03594995782855548,0.02157015134580531,0.028760054587180395,0.0024618451408718804,0,0,0.014380027293590197,0.0012309225704359402,0,0,0,0
P04,V4_video1_normal,normal,684,23.344210077519378,1,0.3587054265966804,0.35440573202577735,0.3630051211675835,0.15741060307259372,0.35909090909090907,1.0,0.02791123946862417,0.01646275437507505,0.02218699692184961,0.0015056280978114854,0,0,0.011093498460924806,0.0007528140489057427,0,0,0,0
P04,V4_video1_normal,normal,685,23.378339039621014,1,0.3566198460464698,0.35241982818631384,0.3608198639066258,0.1573273467420538,0.3568181818181818,1.0,0.052207788251954046,0.007036369822268296,0.02962207903711117,0.00047926959471340054,0,0,0.014811039518555585,0.00023963479735670027,0,0,0,0
P04,V4_video1_normal,normal,686,23.41246800172265,1,0.34525308525730247,0.34192697617503237,0.3485791943395726,0.15584083009874608,0.35454545454545455,1.0,0.2045133853649106,0.058052759934842824,0.1312830726498767,0.0008558761705398599,0,0,0.06564153632493835,0.00042793808526992995,0,0,0,0
P04,V4_video1_normal,normal,687,23.446596963824287,1,0.34929603732470693,0.34435635589372776,0.35423571875568616,0.15634522245691804,0.3522727272727273,1.0,0.03396149838185869,0.30260024845776357,0.16828087341981113,0.0010635229897823161,0,0,0.08414043670990556,0.0005317614948911581,0,0,0,0
P04,V4_video1_normal,normal,688,23.480725925925924,1,0.3447619848498404,0.34024306727915726,0.3492809024205235,0.15617534701955124,0.35,1.0,0.2602188033980889,0.08118428019154378,0.17070154179481634,0.0007756548555621847,0,0,0.08535077089740817,0.0003878274277810923,0,0,0,0
P04,V4_video1_normal,normal,689,23.51485488802756,1,0.3395729717026681,0.33267775604334443,0.3464681873619918,0.1573621143144712,0.3477272727272727,1.0,0.07139159807314277,0.022682356091810685,0.04703697708247673,0.003965675931192005,0,0,0.023518488541238364,0.0019828379655960023,0,0,0,0
P04,V4_video1_normal,normal,690,23.548983850129197,1,0.32129021159006654,0.31620108571593813,0.326379337464195,0.1563082006989736,0.34545454545454546,1.0,0.15127809317578245,0.035775225291937884,0.09352665923386017,0.001830436479547988,0,0,0.04676332961693008,0.000915218239773994,0,0,0,0
P04,V4_video1_normal,normal,691,23.583112812230834,1,0.2663836844351367,0.2587775245737076,0.27398984429656587,0.15647215348083265,0.3431818181818182,1.0,0.19761357647515376,0.11316034538839725,0.1553869609317755,0.001474545216910532,0,0,0.07769348046588775,0.000737272608455266,0,0,0,0
P04,V4_video1_normal,normal,692,23.61724177433247,1,0.04705069204056472,0.05102677580323711,0.04307460827789233,0.1570588185202516,0.3431818181818182,1.0,0.32929195400454836,0.4050072314131741,0.3671495927088612,0.002998122152305167,1,0,0.6835747963544306,0.0014990610761525835,1,0,1,0
P04,V4_video1_normal,normal,693,23.651370736434107,1,0.05650775465100158,0.054792460325017146,0.05822304897698601,0.15879784193889596,0.3431818181818182,1.0,0.2955636014548958,0.057945815785873656,0.17675470862038473,0.006430828954108156,1,0,0.5883773543101923,0.003215414477054078,1,0,1,0
P04,V4_video1_normal,normal,694,23.685499698535743,1,0.051283987391457904,0.04791257967614777,0.054655395106768034,0.15698397942549996,0.3431818181818182,1.0,0.33190309066581414,0.4663511635011376,0.39912712708347586,0.0008920463287349588,1,0,0.6995635635417379,0.0004460231643674794,1,0,1,0
P04,V4_video1_normal,normal,695,23.71962866063738,1,0.07523458910187217,0.0750100977409922,0.07545908046275214,0.15800136016672828,0.3431818181818182,1.0,0.19930619063652733,0.23427950782335605,0.2167928492299417,0.001900991571221678,1,0,0.6083964246149709,0.000950495785610839,1,0,1,0
P04,V4_video1_normal,normal,696,23.753757622739016,1,0.06320366922538681,0.06577843475207461,0.06062890369869902,0.15756702082577922,0.3431818181818182,1.0,0.11805873828941493,0.11564436034823755,0.11685154931882624,0.002498097444645445,1,0,0.5584257746594131,0.0012490487223227225,1,0,0,0
P04,V4_video1_normal,normal,697,23.787886584840653,1,0.03944920584317485,0.04166398585810154,0.03723442582824816,0.15614150340693295,0.3431818181818182,1.0,0.5755595616531075,0.10168627633579153,0.3386229189944495,0.0017944896420825148,1,0,0.6693114594972247,0.0008972448210412574,1,0,1,0
P04,V4_video1_normal,normal,698,23.82201554694229,1,0.0734265136509333,0.06875678694168201,0.07809624036018462,0.15589445249023481,0.3431818181818182,1.0,0.1118984490158279,0.10075961745201789,0.1063290332339229,0.0023283272999940338,1,0,0.5531645166169614,0.0011641636499970169,1,0,0,0
P04,V4_video1_normal,normal,699,23.856144509043926,1,0.2120965884311724,0.19161079815668905,0.23258237870565573,0.153714113197152,0.3409090909090909,1.0,0.3379654108624327,0.18122478411403886,0.2595950974882358,0.0038579392383280855,0,0,0.1297975487441179,0.0019289696191640427,0,0,0,0
P04,V4_video1_normal,normal,700,23.890273471145562,1,0.26570001924904413,0.2575797930983998,0.27382024539968847,0.15508536528564887,0.3386363636363636,1.0,0.07572767975873651,0.18265073976849344,0.12918920976361498,0.003377759906200624,0,0,0.06459460488180749,0.001688879953100312,0,0,0,0
P04,V4_video1_normal,normal,701,23.9244024332472,1,0.2775029147129059,0.26991694752648804,0.2850888818993238,0.15564438975436035,0.3386363636363636,1.0,0.06889202221979585,0.33848757466683943,0.20368979844331764,0.0028273047163570996,0,0,0.10184489922165882,0.0014136523581785498,0,0,0,0
P04,V4_video1_normal,normal,702,23.958531395348835,1,0.2833513989854502,0.27858924010175434,0.28811355786914605,0.1552330504066859,0.3386363636363636,1.0,0.12061387785212085,0.12358996680088818,0.12210192232650452,0.0033545881436756256,0,0,0.06105096116325226,0.0016772940718378128,0,0,0,0
P04,V4_video1_normal,normal,703,23.99266035745047,1,0.2881659330774139,0.28599136134278624,0.29034050481204154,0.15558129733499218,0.3386363636363636,1.0,0.12466846182534241,0.04324527088444585,0.08395686635489413,0.003202897442956437,0,0,0.041978433177447066,0.0016014487214782184,0,0,0,0
P04,V4_video1_normal,normal,704,24.02678931955211,1,0.28268938610021305,0.2776327170223888,0.2877460551780373,0.15601950036784232,0.3386363636363636,1.0,0.15362958769553792,0.19095921137695637,0.17229439953624714,0.004003180204429077,0,0,0.08614719976812357,0.0020015901022145386,0,0,0,0
P04,V4_video1_normal,normal,705,24.060918281653745,1,0.2838053607647733,0.2777765400721009,0.2898341814574457,0.15521606855449505,0.3386363636363636,1.0,0.24781481824604767,0.0872446708449337,0.1675297445454907,0.0020847596179668438,0,0,0.08376487227274534,0.0010423798089834219,0,0,0,0
P04,V4_video1_normal,normal,706,24.09504724375538,1,0.28913520385985836,0.28362575450826255,0.29464465321145417,0.1564360800164673,0.3386363636363636,1.0,0.1351874762657015,0.13884458015283774,0.1370160282092696,0.006052015228754466,0,0,0.0685080141046348,0.003026007614377233,0,0,0,0
P04,V4_video1_normal,normal,707,24.129176205857018,1,0.28092479648409274,0.276410241601282,0.28543935136690346,0.1557481535980405,0.3386363636363636,1.0,0.33985675676336347,0.1717400150746785,0.255798385919021,0.0029788000098347925,0,0,0.1278991929595105,0.0014894000049173962,0,0,0,0
P04,V4_video1_normal,normal,708,24.163305167958654,1,0.2848303687807414,0.2815875238483606,0.2880732137131222,0.1569728455735147,0.3386363636363636,1.0,0.04960890440524679,0.08494914194404446,0.06727902317464562,0.006944041768519216,0,0,0.03363951158732281,0.003472020884259608,0,0,0,0
P04,V4_video1_normal,normal,709,24.19743413006029,1,0.2791859400779858,0.27818440407423134,0.2801874760817402,0.15496457719683449,0.3386363636363636,1.0,0.3005125222842283,0.36578298647655416,0.33314775438039124,0.00963353407499953,0,0,0.16657387719019562,0.004816767037499765,0,0,0,0
P04,V4_video1_normal,normal,710,24.231563092161927,1,0.2802585888255243,0.2770682184898387,0.2834489591612099,0.15445984631858972,0.3386363636363636,1.0,0.08702072561630181,0.09226506562436232,0.08964289562033206,0.008702445307192948,0,0,0.04482144781016603,0.004351222653596474,0,0,0,0
P04,V4_video1_normal,normal,711,24.265692054263564,1,0.2783036848926241,0.27636042623514334,0.2802469435501048,0.15477950310881608,0.3386363636363636,1.0,0.13524744435156333,0.15335968593910376,0.14430356514533355,0.013205287865620809,0,0,0.07215178257266677,0.0066026439328104045,0,0,0,0
P04,V4_video1_normal,normal,712,24.2998210163652,1,0.2784605825643739,0.27589527121100577,0.28102589391774196,0.1550312208310815,0.3386363636363636,1.0,0.19333880295508732,0.22131081026924015,0.20732480661216374,0.004157132047575954,0,0,0.10366240330608187,0.002078566023787977,0,0,0,0
P04,V4_video1_normal,normal,713,24.333949978466837,1,0.27971120933211885,0.2750050519836404,0.2844173666805973,0.1561844950088068,0.3386363636363636,1.0,0.10984643312157871,0.0744855803629032,0.09216600674224096,0.03857924279770505,0,0,0.04608300337112048,0.019289621398852524,0,0,0,0
P04,V4_video1_normal,normal,714,24.368078940568473,1,0.2708592972591008,0.26709100657672474,0.27462758794147685,0.16114368915272476,0.3386363636363636,1.0,0.08021559039012383,0.3048745046530038,0.19254504752156382,0.09792269081729504,0,0,0.09627252376078191,0.04896134540864752,0,0,0,0
P04,V4_video1_normal,normal,715,24.40220790267011,1,0.26355046092664136,0.25577169009709905,0.2713292317561836,0.1685628674713537,0.3386363636363636,1.0,0.030163944355949934,0.15181794751242383,0.09099094593418688,0.11938967760180645,0,1,0.04549547296709344,0.5596948388009032,0,1,0,0
P04,V4_video1_normal,normal,716,24.436336864771746,1,0.2627255617173327,0.2548155672114839,0.2706355562231815,0.1840097699506845,0.3386363636363636,1.0,0.21230952988793683,0.151429083990816,0.18186930693937642,0.023333072389201927,0,1,0.09093465346968821,0.511666536194601,0,1,0,0
P04,V4_video1_normal,normal,717,24.470465826873383,1,0.2642567167896227,0.2569314371160022,0.27158199646324327,0.18674768434280295,0.3386363636363636,1.0,0.14030445468610553,0.1658430532923264,0.15307375398921597,0.013301007580531222,0,1,0.07653687699460798,0.5066505037902657,0,1,0,0
P04,V4_video1_normal,normal,718,24.50459478897502,1,0.2503319687926192,0.2437051549049093,0.25695878268032907,0.21158874117467472,0.3386363636363636,1.0,0.25911648192394865,0.4324295019791907,0.3457729919515697,0.1837810240240139,0,1,0.17288649597578484,0.5918905120120069,0,1,0,1
P04,V4_video1_normal,normal,719,24.538723751076656,1,0.2399934125321666,0.23693422070462472,0.24305260435970852,0.2059457100537535,0.3386363636363636,1.0,0.22522915407234145,0.3182369351870149,0.2717330446296782,0.35729626182424845,0,1,0.1358665223148391,0.6786481309121242,0,1,0,1
P04,V4_video1_normal,normal,720,24.572852713178293,1,0.24282070833573827,0.24148163177268453,0.24415978489879198,0.2002348853968976,0.3386363636363636,1.0,0.05706239101005106,0.23868431714545424,0.14787335407775265,0.15873782808927714,0,1,0.07393667703887633,0.5793689140446385,0,1,0,0
P04,V4_video1_normal,normal,721,24.60698167527993,1,0.235867912196291,0.23103660392965117,0.24069922046293082,0.21182401073804466,0.3386363636363636,1.0,0.18975724959458662,0.29054542171141107,0.24015133565299884,0.7186352987868356,0,1,0.12007566782649942,0.8593176493934178,0,1,0,1
P04,V4_video1_normal,normal,722,24.641110637381566,1,0.22424873333652695,0.2192356133970011,0.22926185327605278,0.21912885173098548,0.3386363636363636,1.0,0.377320317066851,0.15105881752021777,0.2641895672935344,0.9171265999877627,0,1,0.1320947836467672,0.9585632999938813,0,1,0,1
P04,V4_video1_normal,normal,723,24.675239599483202,1,0.20021181286896714,0.1917106151318573,0.20871301060607697,0.2079921198363864,0.3386363636363636,1.0,0.34596952176441864,0.20542053063705978,0.2756950262007392,0.839868621297451,0,1,0.1378475131003696,0.9199343106487254,0,1,0,1
P04,V4_video1_normal,normal,724,24.70936856158484,1,0.18125311987510573,0.1665434889637099,0.19596275078650152,0.20380732241305924,0.3386363636363636,1.0,0.16784376908505982,0.1263563136713799,0.14710004137821986,0.9420059845594342,0,1,0.07355002068910993,0.9710029922797171,0,1,0,1
P04,V4_video1_normal,normal,725,24.743497523686475,1,0.15354456221544455,0.13059668063311683,0.17649244379777226,0.2080939757151989,0.3386363636363636,1.0,0.1829787297780635,0.17320399414302723,0.17809136196054537,0.8710144432482253,0,1,0.08904568098027268,0.9355072216241127,0,1,0,1
P04,V4_video1_normal,normal,726,24.77762648578811,1,0.14857584447188593,0.13043808509095745,0.16671360385281442,0.22254556337602147,0.3386363636363636,1.0,0.4631880769386889,0.2450398675012967,0.3541139722199928,0.7392404904448607,0,1,0.1770569861099964,0.8696202452224304,0,1,0,1
P04,V4_video1_normal,normal,727,24.811755447889748,1,0.1676236072567931,0.15872123036565172,0.17652598414793444,0.229978289243298,0.3386363636363636,1.0,0.16837768571019784,0.2802551218542081,0.22431640378220297,0.6825933251571311,0,1,0.11215820189110148,0.8412966625785656,0,1,0,1
P04,V4_video1_normal,normal,728,24.845884409991385,1,0.17206207152772854,0.16658467962372275,0.17753946343173432,0.2445093279742087,0.3386363636363636,1.0,0.46086491894515114,0.42128052484720957,0.44107272189618035,0.782611151642811,0,1,0.22053636094809018,0.8913055758214055,0,1,0,1
P04,V4_video1_normal,normal,729,24.88001337209302,1,0.17752440982540935,0.170571218138704,0.18447760151211473,0.2497973682818523,0.3386363636363636,1.0,0.35139081655105353,0.30096596020647226,0.3261783883787629,0.942101396923735,0,1,0.16308919418938145,0.9710506984618674,0,1,0,1
P04,V4_video1_normal,normal,730,24.914142334194658,1,0.17562971160023466,0.16930686113642282,0.1819525620640465,0.24584532588937716,0.3386363636363636,1.0,0.3659350324466665,0.17474875825661573,0.2703418953516411,0.7702550378283071,0,1,0.13517094767582055,0.8851275189141535,0,1,0,1
P04,V4_video1_normal,normal,731,24.948271296296294,1,0.17417926084674135,0.16675280662054245,0.18160571507294027,0.276000464543622,0.3386363636363636,1.0,0.49699148441260244,0.2712349424893038,0.3841132134509531,0.8951200905395472,0,1,0.19205660672547656,0.9475600452697737,0,1,0,1
P04,V4_video1_normal,normal,732,24.98240025839793,1,0.16020992553492264,0.14235573568165583,0.17806411538818942,0.27856827641396925,0.3386363636363636,1.0,0.2933396112842688,0.1744733175781128,0.23390646443119079,0.9616062287086594,0,1,0.11695323221559539,0.9808031143543297,0,1,0,1
P04,V4_video1_normal,normal,733,25.016529220499567,1,0.16464599844364264,0.16129561597023517,0.16799638091705013,0.27458491720069667,0.33636363636363636,1.0,0.4022312825727338,0.42635527442688015,0.41429327849980696,0.7855899473418615,0,1,0.20714663924990348,0.8927949736709307,0,1,0,1
P04,V4_video1_normal,normal,734,25.050658182601204,1,0.15759284198964507,0.15487830002442138,0.1603073839548688,0.26181380436747564,0.3340909090909091,1.0,0.2194982512033048,0.3956194832930421,0.30755886724817344,0.9059996077323623,0,1,0.15377943362408672,0.9529998038661811,0,1,0,1
P04,V4_video1_normal,normal,735,25.08478714470284,1,0.15659013103799274,0.14855823293198614,0.16462202914399932,0.2658335160012399,0.33181818181818185,1.0,0.251160230744518,0.22803103098545485,0.23959563086498642,0.6677189685587789,0,1,0.11979781543249321,0.8338594842793894,0,1,0,1
P04,V4_video1_normal,normal,736,25.118916106804477,1,0.1437568413977519,0.1359098403570075,0.1516038424384963,0.26178186381670493,0.32954545454545453,1.0,0.3462970055411393,0.18771986036156008,0.2670084329513497,0.9446296076731476,0,1,0.13350421647567484,0.9723148038365739,0,1,0,1
P04,V4_video1_normal,normal,737,25.153045068906113,1,0.1461550055926601,0.13965821027062356,0.15265180091469666,0.2615614764038065,0.32727272727272727,1.0,0.11727604968907923,0.3128607656398329,0.21506840766445606,0.9879889719747352,0,1,0.10753420383222803,0.9939944859873676,0,1,0,1
P04,V4_video1_normal,normal,738,25.18717403100775,1,0.1398391368652977,0.1254349364369377,0.15424333729365766,0.2733329267512961,0.32727272727272727,1.0,0.329028552375788,0.4032022238220647,0.36611538809892635,0.9959853543054256,1,1,0.6830576940494631,0.9979926771527128,1,1,1,1
P04,V4_video1_normal,normal,739,25.221302993109386,1,0.16335082172177834,0.15797833712148776,0.1687233063220689,0.27469326946340855,0.325,1.0,0.3322110642958719,0.09738754795948013,0.214799306127676,0.9902860023249501,0,1,0.107399653063838,0.9951430011624751,0,1,0,1
P04,V4_video1_normal,normal,740,25.255431955211023,1,0.13737183384863924,0.1244851303946209,0.1502585373026576,0.28916286735282437,0.325,1.0,0.36823620512883104,0.48878779501194924,0.42851200007039014,0.9904578539515759,1,1,0.7142560000351951,0.9952289269757879,1,1,1,1
P04,V4_video1_normal,normal,741,25.28956091731266,1,0.14787936012535657,0.1392226086297829,0.15653611162093023,0.30449093455201043,0.325,1.0,0.529295436090184,0.25687142500360804,0.39308343054689604,0.9950963862248162,0,1,0.19654171527344802,0.9975481931124082,0,1,0,1
P04,V4_video1_normal,normal,742,25.323689879414296,1,0.13960154851683682,0.12993261922350086,0.14927047781017277,0.306648558315992,0.32727272727272727,1.0,0.6119922317223707,0.29679911105806434,0.4543956713902175,0.9967202484387558,1,1,0.7271978356951088,0.9983601242193779,1,1,1,1
P04,V4_video1_normal,normal,743,25.357818841515932,1,0.11679952671131992,0.09916439044128009,0.13443466298135975,0.3078402895568181,0.32954545454545453,1.0,0.3377442516158745,0.3284661387480814,0.33310519518197795,0.9984281537804914,1,1,0.666552597590989,0.9992140768902458,1,1,1,1
P04,V4_video1_normal,normal,744,25.39194780361757,1,0.12030465509433341,0.1097011373048193,0.1309081728838475,0.30677807824409736,0.33181818181818185,1.0,0.1911119910108665,0.07503127586789282,0.13307163343937967,0.9994776922937695,1,1,0.5665358167196899,0.9997388461468848,1,1,0,1
P04,V4_video1_normal,normal,745,25.426076765719205,1,0.11003092747917684,0.09979837546953102,0.12026347948882267,0.30924362164095126,0.3340909090909091,1.0,0.2585806649627692,0.37974357334666675,0.319162119154718,0.9992215075542226,1,1,0.659581059577359,0.9996107537771113,1,1,1,1
P04,V4_video1_normal,normal,746,25.460205727820842,1,0.11308766633162375,0.10523804122386765,0.12093729143937984,0.3166821717331087,0.33636363636363636,1.0,0.2962700723079428,0.42505725920999926,0.360663665758971,0.9992034139001933,1,1,0.6803318328794855,0.9996017069500966,1,1,1,1
P04,V4_video1_normal,normal,747,25.49433468992248,1,0.1228531176566738,0.1201053076757767,0.12560092763757089,0.3191747583036679,0.3386363636363636,1.0,0.41000233937906805,0.21161110052286503,0.31080671995096654,0.9990078066707949,1,1,0.6554033599754833,0.9995039033353974,1,1,1,1
P04,V4_video1_normal,normal,748,25.528463652024115,1,0.11550877656833522,0.10719763226325822,0.1238199208734122,0.32978858932727934,0.3409090909090909,1.0,0.489668796839526,0.10386050219243537,0.2967646495159807,0.9964083467485354,1,1,0.6483823247579903,0.9982041733742677,1,1,1,1
P04,V4_video1_normal,normal,749,25.56259261412575,1,0.10655277476484742,0.10200014663491773,0.1111054028947771,0.3450305888806438,0.3431818181818182,1.0,0.3402696889076734,0.5110461095698172,0.4256578992387453,0.9989840705690757,1,1,0.7128289496193727,0.9994920352845378,1,1,1,1
P04,V4_video1_normal,normal,750,25.596721576227388,1,0.11565213836486235,0.10779503220908232,0.12350924452064238,0.35267435133006664,0.34545454545454546,1.0,0.3511644047828446,0.39036377246283716,0.3707640886228409,0.9963487971652112,1,1,0.6853820443114205,0.9981743985826056,1,1,1,1
P04,V4_video1_normal,normal,751,25.630850538329025,1,0.09656442617235653,0.09897743594210834,0.0941514164026047,0.3601451087827722,0.3477272727272727,1.0,0.3562398698460577,0.14833708137584367,0.2522884756109507,0.9968651954447427,1,1,0.6261442378054753,0.9984325977223714,1,1,1,1
P04,V4_video1_normal,normal,752,25.66497950043066,1,0.10629130716687164,0.11161382801721584,0.10096878631652745,0.3593184225944666,0.35,1.0,0.27561832881001047,0.21005884077904058,0.24283858479452552,0.9915040989406204,1,1,0.6214192923972628,0.9957520494703103,1,1,1,1
P04,V4_video1_normal,normal,753,25.699108462532298,1,0.09720398523415179,0.10355013340037506,0.09085783706792852,0.3755814931860269,0.3522727272727273,1.0,0.5866579829649035,0.23763665804259448,0.41214732050374897,0.9973451381353974,1,1,0.7060736602518745,0.9986725690676987,1,1,1,1
P04,V4_video1_normal,normal,754,25.733237424633934,1,0.0963823264459385,0.10216984349119673,0.09059480940068027,0.3698241252866092,0.35454545454545455,1.0,0.280203462002545,0.32473189431947413,0.30246767816100956,0.9984944414358571,1,1,0.6512338390805048,0.9992472207179286,1,1,1,1
P04,V4_video1_normal,normal,755,25.76736638673557,1,0.09208565389417231,0.09624034027887926,0.08793096750946537,0.3739477976637999,0.3568181818181818,1.0,0.690054917752562,0.16339077957670978,0.4267228486646359,0.9980541330518583,1,1,0.713361424332318,0.9990270665259291,1,1,1,1
P04,V4_video1_normal,normal,756,25.801495348837207,1,0.09121770455962444,0.08962337856747961,0.09281203055176926,0.38867760213828423,0.35909090909090907,1.0,0.5668479372548989,0.2987573290283462,0.43280263314162254,0.9610299836450554,1,1,0.7164013165708113,0.9805149918225278,1,1,1,1
P04,V4_video1_normal,normal,757,25.835624310938844,1,0.11252404378170627,0.11755778368020561,0.10749030388320693,0.3904957387997624,0.3613636363636364,1.0,0.22756868987546597,0.6311060092795238,0.42933734957749486,0.9755009804234461,1,1,0.7146686747887474,0.9877504902117231,1,1,1,1
P04,V4_video1_normal,normal,758,25.86975327304048,1,0.09232398272988043,0.08896328762603983,0.09568467783372102,0.3867891291916173,0.36363636363636365,1.0,0.4602833591364758,0.19332303763907666,0.3268031983877762,0.9996517646129697,1,1,0.6634015991938881,0.9998258823064848,1,1,1,1
P04,V4_video1_normal,normal,759,25.903882235142117,1,0.08713757395910786,0.08041220512652596,0.09386294279168976,0.3858930146544857,0.3659090909090909,1.0,0.3384283997045704,0.34276772445004355,0.340598062077307,0.9976262311249655,1,1,0.6702990310386535,0.9988131155624828,1,1,1,1
P04,V4_video1_normal,normal,760,25.938011197243753,1,0.07840791841235509,0.07458739012967437,0.08222844669503579,0.3919902992106516,0.36818181818181817,1.0,0.5486185277607636,0.40874695739170674,0.47868274257623517,0.996052051377935,1,1,0.7393413712881176,0.9980260256889675,1,1,1,1
P04,V4_video1_normal,normal,761,25.97214015934539,1,0.09846033927411396,0.09605453755423324,0.10086614099399467,0.39660358155645675,0.3704545454545455,1.0,0.6197289802112241,0.14589559169347976,0.38281228595235195,0.9997036651113426,1,1,0.691406142976176,0.9998518325556713,1,1,1,1
P04,V4_video1_normal,normal,762,26.006269121447026,1,0.10431042347425797,0.106158986786606,0.10246186016190993,0.4040402215196322,0.37272727272727274,1.0,0.4672489980508907,0.313218970033178,0.39023398404203435,0.9994536368200942,1,1,0.6951169920210172,0.9997268184100472,1,1,1,1
P04,V4_video1_normal,normal,763,26.040398083548663,1,0.11487691737484253,0.12556655713996548,0.10418727760971958,0.3906554597817814,0.375,1.0,0.38388305146895985,0.1635809686416997,0.27373201005532977,0.9990306558619204,1,1,0.6368660050276649,0.9995153279309602,1,1,1,1
P04,V4_video1_normal,normal,764,26.0745270456503,1,0.12110250288972743,0.12623756244800144,0.11596744333145344,0.3786818447688883,0.37727272727272726,1.0,0.5279916201929484,0.2661410888571245,0.39706635452503647,0.9979745076631611,1,1,0.6985331772625183,0.9989872538315805,1,1,1,1
P04,V4_video1_normal,normal,765,26.108656007751936,1,0.14201353201545264,0.13544835297163788,0.1485787110592674,0.3608002249587803,0.37727272727272726,1.0,0.2988855264896555,0.5839118329876252,0.44139867973864033,0.9962218092457312,0,1,0.22069933986932017,0.9981109046228656,0,1,0,1
P04,V4_video1_normal,normal,766,26.142784969853572,1,0.1391822983857945,0.13819505346417968,0.14016954330740933,0.33640334228665225,0.3795454545454545,1.0,0.24188833640758933,0.2839557765567011,0.2629220564821452,0.9727384609515299,1,1,0.6314610282410726,0.986369230475765,1,1,1,1
P04,V4_video1_normal,normal,767,26.17691393195521,1,0.1441641560395004,0.13701732581765658,0.15131098626134418,0.31667196053350494,0.3795454545454545,1.0,0.48253216979704805,0.3093795258080806,0.3959558478025643,0.9816499001959988,0,1,0.19797792390128216,0.9908249500979994,0,1,0,1
P04,V4_video1_normal,normal,768,26.211042894056845,1,0.11715441337349065,0.1120113643679217,0.12229746237905961,0.2884730888569239,0.38181818181818183,1.0,0.30420581196860763,0.14856114946425325,0.22638348071643044,0.947415467478599,1,1,0.6131917403582152,0.9737077337392994,1,1,1,1
P04,V4_video1_normal,normal,769,26.245171856158482,1,0.12309272931217077,0.11987236660667087,0.12631309201767066,0.26139767341349757,0.3840909090909091,1.0,0.5322991519584963,0.2667344052813193,0.3995167786199078,0.8084259529838558,1,1,0.6997583893099539,0.9042129764919279,1,1,1,1
P04,V4_video1_normal,normal,770,26.27930081826012,1,0.12107561531455666,0.11454670053787087,0.12760453009124242,0.25247857459773654,0.38636363636363635,1.0,0.35793168744209203,0.25727274429109326,0.30760221586659264,0.47146392683475274,1,1,0.6538011079332964,0.7357319634173763,1,1,1,1
P04,V4_video1_normal,normal,771,26.313429780361755,1,0.11364900567102224,0.1032335943618841,0.12406441698016035,0.24081027331795765,0.3886363636363636,1.0,0.3936287460559412,0.09636188678376634,0.24499531641985378,0.29738205863246575,1,1,0.6224976582099269,0.6486910293162329,1,1,1,1
P04,V4_video1_normal,normal,772,26.34755874246339,1,0.1149516505082973,0.11086233474807025,0.11904096626852434,0.23344185219131236,0.39090909090909093,1.0,0.45915686277960377,0.532515965595269,0.4958364141874364,0.2570524881864521,1,1,0.7479182070937183,0.628526244093226,1,1,1,1
P04,V4_video1_normal,normal,773,26.381687704565028,1,0.11377413436074443,0.11379758932394202,0.11375067939754685,0.22411972084161735,0.3931818181818182,1.0,0.22024264783166214,0.22296570933266058,0.22160417858216136,0.29010213778844174,1,1,0.6108020892910807,0.6450510688942208,1,1,1,1
P04,V4_video1_normal,normal,774,26.415816666666665,1,0.11096565030584545,0.11177179967913015,0.11015950093256074,0.21617412335223185,0.39545454545454545,1.0,0.32739359352377395,0.27699004515068937,0.30219181933723166,0.22411622103852977,1,1,0.6510959096686159,0.6120581105192648,1,1,1,1
P04,V4_video1_normal,normal,775,26.4499456287683,1,0.11450058455024982,0.11959122248776569,0.10940994661273395,0.19926233970901017,0.3977272727272727,1.0,0.4169525625516127,0.18547432625587146,0.3012134444037421,0.2229697573954804,1,1,0.650606722201871,0.6114848786977402,1,1,1,1
P04,V4_video1_normal,normal,776,26.484074590869938,1,0.12621572314859045,0.13437690499264277,0.11805454130453814,0.18822518551841042,0.4,1.0,0.257998693235282,0.45654934103524525,0.35727401713526363,0.037116252704054546,1,1,0.6786370085676319,0.5185581263520272,1,1,1,0
P04,V4_video1_normal,normal,777,26.518203552971574,1,0.07675914485817997,0.07735232337537468,0.07616596634098528,0.18369807222761697,0.4022727272727273,1.0,0.474724019107302,0.5683463353018697,0.5215351772045859,0.009036602084352138,1,1,0.7607675886022929,0.5045183010421761,1,1,1,0
P04,V4_video1_normal,normal,778,26.55233251507321,1,0.07293215430850948,0.06971179772810533,0.07615251088891363,0.18623098263409749,0.40454545454545454,1.0,0.33453508813908195,0.5708100519993822,0.45267257006923206,0.12722897618621193,1,1,0.726336285034616,0.563614488093106,1,1,1,0
P04,V4_video1_normal,normal,779,26.586461477174847,1,0.09958329575737945,0.09260667762825156,0.10655991388650733,0.17937934809734934,0.4068181818181818,1.0,0.28155008569418594,0.1966893851522763,0.23911973542323112,0.01846211823220859,1,1,0.6195598677116155,0.5092310591161043,1,1,1,0
P04,V4_video1_normal,normal,780,26.620590439276484,1,0.12925467472563792,0.12991849058262606,0.1285908588686498,0.17196372127007348,0.4090909090909091,1.0,0.6045312190554103,0.5786417571060201,0.5915864880807151,0.0013839336814487739,1,1,0.7957932440403576,0.5006919668407244,1,1,1,0
P04,V4_video1_normal,normal,781,26.65471940137812,1,0.1355235165076552,0.14049624995348892,0.13055078306182147,0.16274985038592435,0.4113636363636364,1.0,0.5185346219516982,0.3423665928750116,0.4304506074133549,0.00886350578596845,1,1,0.7152253037066775,0.5044317528929843,1,1,1,0
P04,V4_video1_normal,normal,782,26.688848363479757,1,0.14471622673328488,0.15022165899471762,0.13921079447185217,0.15783696149929097,0.4113636363636364,1.0,0.5991132470535729,0.33179375600006433,0.46545350152681864,0.006569686917668246,0,0,0.23272675076340932,0.003284843458834123,0,0,0,0
P04,V4_video1_normal,normal,783,26.722977325581393,1,0.14665390292412153,0.1491500836230833,0.14415772222515977,0.1548593229846704,0.4113636363636364,1.0,0.4517710697641608,0.17000456763055283,0.3108878186973568,0.0011903668505298577,0,0,0.1554439093486784,0.0005951834252649288,0,0,0,0
P04,V4_video1_normal,normal,784,26.75710628768303,1,0.14692499975154094,0.15030190299868704,0.14354809650439485,0.1536121075060026,0.4113636363636364,1.0,0.22156144115570953,0.43415613730913805,0.3278587892324238,0.005987599410808988,0,0,0.1639293946162119,0.002993799705404494,0,0,0,0
P04,V4_video1_normal,normal,785,26.791235249784666,1,0.14893927562736128,0.1510588827853457,0.14681966846937686,0.15368077524316612,0.4113636363636364,1.0,0.30835801415638275,0.39773379243398044,0.3530459032951816,0.007280608366743841,0,0,0.1765229516475908,0.0036403041833719205,0,0,0,0
P04,V4_video1_normal,normal,786,26.825364211886303,1,0.15918989107038967,0.1606764117076728,0.1577033704331065,0.15372406018037257,0.4113636363636364,1.0,0.379937677243801,0.18895783192260485,0.2844477545832029,0.014013439790217694,0,0,0.14222387729160146,0.007006719895108847,0,0,0,0
P04,V4_video1_normal,normal,787,26.85949317398794,1,0.16185636709519274,0.16699989882775973,0.15671283536262576,0.15390816184409276,0.4113636363636364,1.0,0.5401493457867579,0.1701302895204294,0.35513981765359365,0.005766178234845108,0,0,0.17756990882679682,0.002883089117422554,0,0,0,0
P04,V4_video1_normal,normal,788,26.893622136089576,1,0.16083914033049967,0.1613310563326714,0.160347224328328,0.15429408232555106,0.4113636363636364,1.0,0.12251064024097147,0.22678904896532748,0.17464984460314947,0.00929533924092987,0,0,0.08732492230157474,0.004647669620464935,0,0,0,0
P04,V4_video1_normal,normal,789,26.927751098191212,1,0.16060450049680136,0.16336744704473682,0.15784155394886587,0.15408686671396912,0.4113636363636364,1.0,0.17453362682802676,0.22656497325798375,0.20054930004300525,0.002220120555965209,0,0,0.10027465002150263,0.0011100602779826046,0,0,0,0
P04,V4_video1_normal,normal,790,26.96188006029285,1,0.16434930967539008,0.1647337500216668,0.1639648693291134,0.15404770012211627,0.4113636363636364,1.0,0.3129655531586458,0.17592344735610332,0.24444450025737458,0.01145625086629077,0,0,0.12222225012868729,0.005728125433145385,0,0,0,0
P04,V4_video1_normal,normal,791,26.996009022394485,1,0.16395389846649355,0.16379484528073948,0.1641129516522476,0.15443121953672975,0.4113636363636364,1.0,0.24306119618354016,0.10689049494697589,0.17497584556525803,0.009343400225303961,0,0,0.08748792278262901,0.004671700112651981,0,0,0,0
P04,V4_video1_normal,normal,792,27.030137984496122,1,0.16532830351903985,0.16623287490957764,0.16442373212850206,0.15438450822216665,0.4113636363636364,1.0,0.48100585039912613,0.33361317579722316,0.40730951309817465,0.011492445287081661,0,0,0.20365475654908732,0.0057462226435408305,0,0,0,0
P04,V4_video1_normal,normal,793,27.06426694659776,1,0.16369293306652238,0.16606149179463595,0.1613243743384088,0.15412678923708278,0.4113636363636364,1.0,0.43699791513645436,0.26561704371553596,0.35130747942599516,0.01742579687634016,0,0,0.17565373971299758,0.00871289843817008,0,0,0,0
P04,V4_video1_normal,normal,794,27.098395908699395,1,0.158495995988659,0.1601948810422568,0.1567971109350612,0.15469094712074713,0.4113636363636364,1.0,0.35450559875518917,0.2661177601757827,0.31031167946548593,0.03210100302733751,0,0,0.15515583973274297,0.016050501513668755,0,0,0,0
P04,V4_video1_normal,normal,795,27.13252487080103,1,0.16260452831313793,0.16264590127109416,0.16256315535518173,0.15535222741480847,0.4113636363636364,1.0,0.23176573943931988,0.30140214148916544,0.26658394046424266,0.010486161781961538,0,0,0.13329197023212133,0.005243080890980769,0,0,0,0
P04,V4_video1_normal,normal,796,27.166653832902668,1,0.15245768153169664,0.15487978367848868,0.15003557938490458,0.15467996858760538,0.4113636363636364,1.0,0.30529198092309406,0.31334976647516366,0.30932087369912886,0.03733022870978541,0,0,0.15466043684956443,0.018665114354892706,0,0,0,0
P04,V4_video1_normal,normal,797,27.200782795004304,1,0.04376651573492378,0.03289636200170262,0.054636669468144945,0.1547464910230079,0.41363636363636364,1.0,0.23439068674256613,0.20184487030583376,0.21811777852419995,0.01672075955269173,1,0,0.6090588892621,0.008360379776345865,1,0,1,0
P04,V4_video1_normal,normal,798,27.23491175710594,1,0.0372123187360039,0.026061874862644947,0.04836276260936285,0.15425510504361836,0.4159090909090909,1.0,0.2140397197943429,0.3715800652372139,0.2928098925157784,0.01281664638779874,1,0,0.6464049462578891,0.00640832319389937,1,0,1,0
P04,V4_video1_normal,normal,799,27.269040719207577,1,0.03816299426830709,0.026701020930342004,0.04962496760627218,0.15690309809436043,0.41818181818181815,1.0,0.48239896097991086,0.3507187450379724,0.41655885300894163,0.00807360357969766,1,0,0.7082794265044708,0.00403680178984883,1,0,1,0
P04,V4_video1_normal,normal,800,27.303169681309214,1,0.09086555234337113,0.07855487322704732,0.10317623145969493,0.15542797601177125,0.42045454545454547,1.0,0.06692043108489665,0.3549179579894779,0.21091919453718727,0.010299318950252583,1,0,0.6054595972685937,0.005149659475126292,1,0,1,0
P04,V4_video1_normal,normal,801,27.33729864341085,1,0.16336586998483055,0.15844573151748156,0.16828600845217956,0.1546095208164576,0.42045454545454547,1.0,0.4778358995462607,0.3358472735872814,0.40684158656677105,0.006435653738196814,0,0,0.20342079328338553,0.003217826869098407,0,0,0,0
P04,V4_video1_normal,normal,802,27.371427605512487,1,0.1764174713622365,0.17414229184255742,0.1786926508819156,0.1572707331912073,0.42045454545454547,1.0,0.46233398297974904,0.29593908110129263,0.37913653204052084,0.013398205883935683,0,0,0.18956826602026042,0.006699102941967842,0,0,0,0
P04,V4_video1_normal,normal,803,27.405556567614124,1,0.1818400081419362,0.17977482076625714,0.18390519551761528,0.15821001926096984,0.41818181818181815,1.0,0.0750783977056787,0.1428993308768134,0.10898886429124605,0.005157846518878113,0,0,0.05449443214562302,0.0025789232594390565,0,0,0,0
P04,V4_video1_normal,normal,804,27.43968552971576,1,0.20298351189277017,0.1949711567808931,0.21099586700464723,0.1585102725009304,0.4159090909090909,1.0,0.40899106965130716,0.4267191565601859,0.4178551131057465,0.005589712882894796,0,0,0.20892755655287326,0.002794856441447398,0,0,0,0
P04,V4_video1_normal,normal,805,27.473814491817397,1,0.22979272773488787,0.2312361405578811,0.22834931491189464,0.16020988610741355,0.41363636363636364,1.0,0.2821001419704371,0.07838813761179031,0.1802441397911137,0.0039021794418425877,0,0,0.09012206989555685,0.0019510897209212938,0,0,0,0
P04,V4_video1_normal,normal,806,27.507943453919033,1,0.2426217347402495,0.24401535028855165,0.2412281191919474,0.16216714125846798,0.4113636363636364,1.0,0.23916023180286505,0.16971793189141504,0.20443908184714005,0.0031113221830556897,0,0,0.10221954092357002,0.0015556610915278448,0,0,0,0
P04,V4_video1_normal,normal,807,27.54207241602067,1,0.24290355493554758,0.24368797558816774,0.24211913428292742,0.16248058022952938,0.4090909090909091,1.0,0.11948286801705432,0.11514573357162916,0.11731430079434174,0.030161719500927612,0,1,0.05865715039717087,0.5150808597504638,0,1,0,0
P04,V4_video1_normal,normal,808,27.576201378122306,1,0.24851882001297604,0.24953541648231992,0.24750222354363216,0.16052947275019666,0.4090909090909091,1.0,0.08067935875470422,0.09560350420129349,0.08814143147799886,0.007251962927436715,0,0,0.04407071573899943,0.0036259814637183575,0,0,0,0
P04,V4_video1_normal,normal,809,27.610330340223943,1,0.23861781722350417,0.23640963547140453,0.24082599897560378,0.16216780813786455,0.4090909090909091,1.0,0.05645937855467609,0.059377200089706705,0.057918289322191396,0.0013159472535915798,0,0,0.028959144661095698,0.0006579736267957899,0,0,0,0
P04,V4_video1_normal,normal,810,27.64445930232558,1,0.23968686524415433,0.23260100471012868,0.24677272577818,0.1619761543146937,0.4090909090909091,1.0,0.05696172016217993,0.2190019117448384,0.13798181595350917,0.004391283563537238,0,0,0.06899090797675458,0.002195641781768619,0,0,0,0
P04,V4_video1_normal,normal,811,27.678588264427216,1,0.23869808563417683,0.23514072196252683,0.24225544930582685,0.1624464242763435,0.4090909090909091,1.0,0.08045395134553879,0.08068954506817116,0.08057174820685498,0.004814107211397078,0,1,0.04028587410342749,0.5024070536056986,0,1,0,0
P04,V4_video1_normal,normal,812,27.712717226528852,1,0.23766673463622306,0.23246263329328257,0.24287083597916356,0.1623287682448045,0.4090909090909091,1.0,0.04111317827049543,0.10083961779645656,0.070976398033476,0.002732881749271505,0,0,0.035488199016738,0.0013664408746357525,0,0,0,0
P04,V4_video1_normal,normal,813,27.74684618863049,1,0.23418288534584514,0.2259838638670105,0.2423819068246798,0.1625626476719692,0.4090909090909091,1.0,0.13402591128815644,0.1390354442577647,0.13653067777296057,0.0063123125509290225,0,1,0.06826533888648029,0.5031561562754645,0,1,0,0
P04,V4_video1_normal,normal,814,27.780975150732125,1,0.23826960977717532,0.22851861413536886,0.24802060541898174,0.16238368971486586,0.4090909090909091,1.0,0.052013437440016186,0.2244934878379108,0.1382534626389635,0.008024984407592868,0,0,0.06912673131948174,0.004012492203796434,0,0,0,0
P04,V4_video1_normal,normal,815,27.81510411283376,1,0.23299167449576771,0.228043955380632,0.23793939361090344,0.16171088708173645,0.4090909090909091,1.0,0.07768015279572182,0.05700907387442633,0.06734461333507408,0.006145895904037812,0,0,0.03367230666753704,0.003072947952018906,0,0,0,0
P04,V4_video1_normal,normal,816,27.8492330749354,1,0.23293673657188274,0.22545578916595557,0.24041768397780988,0.1616954248283591,0.4090909090909091,1.0,0.12344747368104392,0.12008249954215033,0.12176498661159713,0.004158938679917015,0,0,0.06088249330579856,0.0020794693399585075,0,0,0,0
P04,V4_video1_normal,normal,817,27.883362037037035,1,0.23752362084472653,0.23679342310305107,0.238253818586402,0.16210823636718646,0.4090909090909091,1.0,0.10196234724386,0.06302444134289298,0.08249339429337649,0.04807813091293631,0,0,0.041246697146688244,0.024039065456468153,0,0,0,0
P04,V4_video1_normal,normal,818,27.91749099913867,1,0.23094626314096034,0.22305303498483736,0.23883949129708335,0.16164933202549048,0.4090909090909091,1.0,0.2045198823915224,0.0862662153246675,0.14539304885809495,0.009808098873665315,0,0,0.07269652442904748,0.0049040494368326575,0,0,0,0
P04,V4_video1_normal,normal,819,27.951619961240308,1,0.22924395371799353,0.2240182735466069,0.23446963388938016,0.16118775756777667,0.4090909090909091,1.0,0.0758453446442301,0.1264280375227601,0.1011366910834951,0.007943726412109019,0,0,0.05056834554174755,0.003971863206054509,0,0,0,0
P04,V4_video1_normal,normal,820,27.985748923341944,1,0.2397803431350559,0.23362868623040522,0.24593200003970656,0.16076875431408738,0.4090909090909091,1.0,0.2656631347363487,0.2372094826086495,0.2514363086724991,0.01337253217745555,0,0,0.12571815433624955,0.006686266088727775,0,0,0,0
P04,V4_video1_normal,normal,821,28.01987788544358,1,0.23866607185479066,0.23262414898671907,0.24470799472286223,0.16067626812648708,0.4090909090909091,1.0,0.1480538289312957,0.1609767053469554,0.15451526713912556,0.012856846865502664,0,0,0.07725763356956278,0.006428423432751332,0,0,0,0
P04,V4_video1_normal,normal,822,28.054006847545217,1,0.2395272937764379,0.2340065179975087,0.24504806955536704,0.160067538552296,0.4090909090909091,1.0,0.16472489296201476,0.2718551117980673,0.21829000238004104,0.008641350720442028,0,0,0.10914500119002052,0.004320675360221014,0,0,0,0
P04,V4_video1_normal,normal,823,28.088135809646854,1,0.24057576463672764,0.23689024172394818,0.24426128754950707,0.15965621046603892,0.4090909090909091,1.0,0.07849856401511757,0.12766896754327284,0.1030837657791952,0.0037825923000177845,0,0,0.0515418828895976,0.0018912961500088922,0,0,0,0
P04,V4_video1_normal,normal,824,28.12226477174849,1,0.2334583593009425,0.22462027309493185,0.24229644550695317,0.1599536570611269,0.4090909090909091,1.0,0.411656570063462,0.1438645971974748,0.2777605836304684,0.007231041782386801,0,0,0.1388802918152342,0.0036155208911934004,0,0,0,0
P04,V4_video1_normal,normal,825,28.156393733850127,1,0.23302471595016316,0.22911639555979607,0.23693303634053023,0.1605352999115144,0.4090909090909091,1.0,0.5211061285742473,0.17285393714095576,0.34698003285760154,0.0026274920172030007,0,0,0.17349001642880077,0.0013137460086015003,0,0,0,0
P04,V4_video1_normal,normal,826,28.190522695951763,1,0.22860910567021303,0.2212286794662729,0.23598953187415317,0.15982881918042668,0.4090909090909091,1.0,0.23875409748178866,0.16038613667016477,0.19957011707597672,0.0029279496637396826,0,0,0.09978505853798836,0.0014639748318698413,0,0,0,0
P04,V4_video1_normal,normal,827,28.2246516580534,1,0.23514933254792297,0.22675753780463656,0.24354112729120936,0.16007702839610163,0.4090909090909091,1.0,0.15635805880568332,0.1137371758974608,0.13504761735157206,0.0029625766555336133,0,0,0.06752380867578603,0.0014812883277668066,0,0,0,0
P04,V4_video1_normal,normal,828,28.258780620155036,1,0.23874817729531317,0.22807931598192363,0.24941703860870273,0.1600880910735355,0.4090909090909091,1.0,0.3362468273376037,0.09313661313208221,0.21469172023484295,0.0019554677824871556,0,0,0.10734586011742148,0.0009777338912435778,0,0,0,0
P04,V4_video1_normal,normal,829,28.292909582256673,1,0.24954028641259418,0.2378303021062541,0.26125027071893425,0.15985431125417773,0.4090909090909091,1.0,0.21293511143621457,0.05110272259263382,0.1320189170144242,0.00419460253888619,0,0,0.0660094585072121,0.002097301269443095,0,0,0,0
P04,V4_video1_normal,normal,830,28.32703854435831,1,0.13117807413730176,0.14289325470326783,0.11946289357133572,0.159411809006981,0.4113636363636364,1.0,0.44466038649967043,0.05066411256786374,0.2476622495337671,0.0007756312031754904,1,0,0.6238311247668835,0.0003878156015877452,1,0,1,0
P04,V4_video1_normal,normal,831,28.361167506459946,1,0.046902152398628306,0.046536281621457634,0.04726802317579898,0.15999521442733852,0.41363636363636364,1.0,0.16899781822429794,0.277696567085956,0.22334719265512698,0.0013364186755926164,1,0,0.6116735963275635,0.0006682093377963082,1,0,1,0
P04,V4_video1_normal,normal,832,28.395296468561583,1,0.05168430864226997,0.05184387929758347,0.051524737986956476,0.15897657136417254,0.4159090909090909,1.0,0.20309725896639952,0.295552370501327,0.24932481473386325,0.004242179302962202,1,0,0.6246624073669316,0.002121089651481101,1,0,1,0
P04,V4_video1_normal,normal,833,28.42942543066322,1,0.12456735863656143,0.11015144715250355,0.1389832701206193,0.15782921846402434,0.41818181818181815,1.0,0.09282093780363199,0.46346231712920594,0.27814162746641896,0.010191819011277891,1,0,0.6390708137332095,0.005095909505638946,1,0,1,0
P04,V4_video1_normal,normal,834,28.463554392764856,1,0.25373505631316984,0.24341325749027734,0.2640568551360623,0.15791428403447766,0.41818181818181815,1.0,0.14993692351875187,0.19135700518597176,0.17064696435236182,0.0036620553705705,0,0,0.08532348217618091,0.00183102768528525,0,0,0,0
P04,V4_video1_normal,normal,835,28.497683354866492,1,0.3030570324027543,0.2935374420630828,0.3125766227424258,0.15726588488098814,0.41818181818181815,1.0,0.1672245123514906,0.028837255499725933,0.09803088392560827,0.027326938900925673,0,0,0.049015441962804135,0.013663469450462836,0,0,0,0
P04,V4_video1_normal,normal,836,28.53181231696813,1,0.3273838834685928,0.3196109888607274,0.33515677807645816,0.15735102858036468,0.41818181818181815,1.0,0.0640586422338345,0.07123466248886945,0.06764665236135198,0.010535188366821501,0,0,0.03382332618067599,0.005267594183410751,0,0,0,0
P04,V4_video1_normal,normal,837,28.565941279069765,1,0.33129164972824576,0.3234549871791041,0.3391283122773875,0.1585502210391149,0.41818181818181815,1.0,0.01713412917206447,0.2699181446656751,0.14352613691886978,0.0056503011183258595,0,0,0.07176306845943489,0.0028251505591629297,0,0,0,0
P04,V4_video1_normal,normal,838,28.6000702411714,1,0.33628348914730244,0.3229078332403508,0.34965914505425405,0.15863523829152865,0.41818181818181815,1.0,0.029374440427700987,0.05523331592769687,0.04230387817769893,0.010603439369423158,0,0,0.021151939088849464,0.005301719684711579,0,0,0,0
P04,V4_video1_normal,normal,839,28.634199203273038,1,0.3358081896040499,0.31862846375248727,0.3529879154556125,0.16006115243396335,0.41818181818181815,1.0,0.05248865386447821,0.02248172848818142,0.03748519117632981,0.048951274450222675,0,0,0.018742595588164906,0.024475637225111337,0,0,0,0
P04,V4_video1_normal,normal,840,28.668328165374675,1,0.3290237283238238,0.31560380908117414,0.3424436475664735,0.16755220610548358,0.41818181818181815,1.0,0.021473606878862905,0.04943383942163915,0.035453723150251026,0.14153574360377344,0,1,0.017726861575125513,0.5707678718018867,0,1,0,0
P04,V4_video1_normal,normal,841,28.70245712747631,1,0.33196428888244367,0.3201810717188861,0.3437475060460013,0.17637005527198282,0.41818181818181815,1.0,0.1652230041121604,0.019034857294518925,0.09212893070333966,0.040312829055166165,0,1,0.04606446535166983,0.5201564145275831,0,1,0,0
P04,V4_video1_normal,normal,842,28.736586089577948,1,0.33244021376602295,0.3198921016322233,0.3449883258998226,0.19418983037741913,0.41818181818181815,1.0,0.05430893996758501,0.09759833472967172,0.07595363734862837,0.016581580502724045,0,1,0.03797681867431418,0.508290790251362,0,1,0,0
P04,V4_video1_normal,normal,843,28.770715051679584,1,0.33655595229387425,0.3217919919938588,0.3513199125938897,0.20398578853162636,0.41818181818181815,1.0,0.011919025292015717,0.024369770979403738,0.018144398135709727,0.20219957020051282,0,1,0.009072199067854864,0.6010997851002564,0,1,0,1
P04,V4_video1_normal,normal,844,28.80484401378122,1,0.3400482763275648,0.3249701308070785,0.3551264218480511,0.20877989753867413,0.41818181818181815,1.0,0.045074369061881,0.020100507943303314,0.03258743850259216,0.4498756034536144,0,1,0.01629371925129608,0.7249378017268072,0,1,0,1
P04,V4_video1_normal,normal,845,28.838972975882857,1,0.33452736040647835,0.3185685698116066,0.3504861510013501,0.20852107427497063,0.41818181818181815,1.0,0.010637977138873045,0.04267628602073248,0.026657131579802762,0.23188402765623775,0,1,0.013328565789901381,0.6159420138281189,0,1,0,1
P04,V4_video1_normal,normal,846,28.873101937984494,1,0.3369576521284024,0.322811633135359,0.3511036711214458,0.20991396512975005,0.41818181818181815,1.0,0.008158046409646569,0.00794604153559364,0.008052043972620104,0.3977075858375486,0,1,0.004026021986310052,0.6988537929187744,0,1,0,1
P04,V4_video1_normal,normal,847,28.90723090008613,1,0.3437974525465912,0.3310683516986542,0.35652655339452827,0.21251649522121158,0.41818181818181815,1.0,0.015672407373791497,0.011897183194610195,0.013784795284200846,0.3071360643173719,0,1,0.006892397642100423,0.653568032158686,0,1,0,1
P04,V4_video1_normal,normal,848,28.941359862187767,1,0.33615809215913167,0.3217839005255517,0.3505322837927116,0.2094854097812128,0.41818181818181815,1.0,0.04428913361530762,0.04338275483422671,0.043835944224767165,0.4404973980207693,0,1,0.021917972112383582,0.7202486990103847,0,1,0,1
P04,V4_video1_normal,normal,849,28.975488824289403,1,0.36149732501267107,0.3462698328594168,0.37672481716592526,0.214264793148754,0.41818181818181815,1.0,0.06721528081938966,0.10461432199695009,0.08591480140816987,0.269255394952513,0,1,0.042957400704084936,0.6346276974762565,0,1,0,1
P04,V4_video1_normal,normal,850,29.00961778639104,1,0.35997014039091724,0.3462462313788972,0.37369404940293727,0.21363822714937658,0.41818181818181815,1.0,0.009271380957019182,0.005542836834682596,0.007407108895850889,0.9068152675792529,0,1,0.0037035544479254445,0.9534076337896265,0,1,0,1
P04,V4_video1_normal,normal,851,29.043746748492676,1,0.35960567816274625,0.34987036518566633,0.3693409911398262,0.2120705367633067,0.41818181818181815,1.0,0.04086427973278928,0.02201150410955599,0.031437891921172634,0.09197279018744435,0,1,0.015718945960586317,0.5459863950937222,0,1,0,0
P04,V4_video1_normal,normal,852,29.077875710594313,1,0.35055683106666025,0.34286482790955214,0.3582488342237683,0.2069302610865736,0.41818181818181815,1.0,0.05801225309772284,0.14120943656448393,0.09961084483110338,0.09214636410323165,0,1,0.04980542241555169,0.5460731820516158,0,1,0,0
P04,V4_video1_normal,normal,853,29.11200467269595,1,0.3577355401356733,0.35058497790057935,0.3648861023707673,0.2040808620961099,0.41818181818181815,1.0,0.03448051788614981,0.12872233298511193,0.08160142543563087,0.3510153564727453,0,1,0.040800712717815435,0.6755076782363727,0,1,0,1
P04,V4_video1_normal,normal,854,29.146133634797586,1,0.3615901418232913,0.349294284199958,0.37388599944662454,0.19643560367493187,0.41818181818181815,1.0,0.06297931856540229,0.11270162608351753,0.0878404723244599,0.07958863428338438,0,1,0.04392023616222995,0.5397943171416922,0,1,0,0
P04,V4_video1_normal,normal,855,29.180262596899222,1,0.35270089635444013,0.34562517321249475,0.35977661949638556,0.19193356649491133,0.41818181818181815,1.0,0.02376005082568655,0.006931646448305795,0.015345848636996173,0.10879393476930878,0,1,0.007672924318498087,0.5543969673846544,0,1,0,0
P04,V4_video1_normal,normal,856,29.21439155900086,1,0.34935041239589243,0.335773924994322,0.36292689979746284,0.19883297338015776,0.41818181818181815,1.0,0.021834314758451878,0.03219260054277995,0.027013457650615913,0.10840542447112103,0,1,0.013506728825307956,0.5542027122355605,0,1,0,0
P04,V4_video1_normal,normal,857,29.248520521102495,1,0.341929917807961,0.335787512868556,0.34807232274736605,0.19917233309995194,0.41818181818181815,1.0,0.07087138158004258,0.020119159558685706,0.045495270569364143,0.08945831141690652,0,1,0.022747635284682072,0.5447291557084533,0,1,0,0
P04,V4_video1_normal,normal,858,29.282649483204132,1,0.3494567025992926,0.33772908657853007,0.36118431862005523,0.18931532526198921,0.41818181818181815,1.0,0.05387998461821841,0.014782379545691837,0.034331182081955125,0.29225197522988045,0,1,0.017165591040977562,0.6461259876149402,0,1,0,1
P04,V4_video1_normal,normal,859,29.31677844530577,1,0.35587617762569,0.3457619976862333,0.36599035756514675,0.18032657378272898,0.41818181818181815,1.0,0.01613076021468063,0.018387169894326094,0.01725896505450336,0.1391797328624107,0,1,0.00862948252725168,0.5695898664312053,0,1,0,0
P04,V4_video1_normal,normal,860,29.350907407407405,1,0.3454140909182617,0.33255028699949196,0.3582778948370315,0.18785404204499628,0.41818181818181815,1.0,0.09349343452793857,0.08266294947143349,0.08807819199968603,0.03984265173306123,0,1,0.044039095999843014,0.5199213258665306,0,1,0,0
P04,V4_video1_normal,normal,861,29.38503636950904,1,0.35215555300694357,0.343511776615103,0.36079932939878406,0.1820764006973353,0.41818181818181815,1.0,0.043660030686749174,0.02678146513346613,0.03522074791010765,0.16849827319510333,0,1,0.017610373955053826,0.5842491365975516,0,1,0,0
P04,V4_video1_normal,normal,862,29.419165331610678,1,0.3465194204776876,0.34001243956973615,0.353026401385639,0.17520007656349654,0.41818181818181815,1.0,0.050673516563912946,0.011396157351418856,0.0310348369576659,0.021231938172314318,0,1,0.01551741847883295,0.5106159690861571,0,1,0,0
P04,V4_video1_normal,normal,863,29.453294293712315,1,0.33561053269841024,0.3304720271064492,0.34074903829037134,0.17086630674449618,0.41818181818181815,1.0,0.11675058913769787,0.0910970026649609,0.10392379590132939,0.06691648604412474,0,1,0.05196189795066469,0.5334582430220624,0,1,0,0
P04,V4_video1_normal,normal,864,29.48742325581395,1,0.3330154264125963,0.32453712904017634,0.34149372378501625,0.17236021531029658,0.41818181818181815,1.0,0.059404543830473444,0.05771410644065811,0.058559325135565776,0.04521070309239051,0,1,0.029279662567782888,0.5226053515461953,0,1,0,0
P04,V4_video1_normal,normal,865,29.521552217915588,1,0.33988519042002263,0.3283700956600744,0.35140028517997085,0.17515888518066963,0.41818181818181815,1.0,0.09506932042510108,0.06496332769718305,0.08001632406114206,0.04458577331927013,0,1,0.04000816203057103,0.522292886659635,0,1,0,0
P04,V4_video1_normal,normal,866,29.555681180017224,1,0.3318768611223158,0.31790007952825877,0.3458536427163728,0.1736849527342957,0.41818181818181815,1.0,0.06512618231681533,0.04948581510700556,0.057305998711910444,0.005692294238781155,0,1,0.028652999355955222,0.5028461471193906,0,1,0,0
P04,V4_video1_normal,normal,867,29.58981014211886,1,0.31929628485755907,0.30739192632088297,0.33120064339423516,0.17294846292739735,0.41818181818181815,1.0,0.08456898985773431,0.03388923421794632,0.059229112037840315,0.030380098316110812,0,1,0.029614556018920157,0.5151900491580554,0,1,0,0
P04,V4_video1_normal,normal,868,29.623939104220497,1,0.32423990537073877,0.3112180665223009,0.3372617442191766,0.1674326016631379,0.41818181818181815,1.0,0.10879289452917817,0.16739143696902858,0.13809216574910338,0.009175629138362711,0,1,0.06904608287455169,0.5045878145691813,0,1,0,0
P04,V4_video1_normal,normal,869,29.658068066322134,1,0.33191831726616494,0.3213006706035431,0.3425359639287868,0.16587557592052718,0.4159090909090909,1.0,0.13917342019956858,0.03162281179832194,0.08539811599894526,0.05130791818560619,0,1,0.04269905799947263,0.5256539590928031,0,1,0,0
P04,V4_video1_normal,normal,870,29.69219702842377,1,0.33921725830854027,0.33218768051466757,0.34624683610241297,0.17103920302690961,0.41363636363636364,1.0,0.043749622703704305,0.051587507261941945,0.047668564982823125,0.01937376892272856,0,1,0.023834282491411563,0.5096868844613642,0,1,0,0
P04,V4_video1_normal,normal,871,29.726325990525407,1,0.33387342553620764,0.33509030663021033,0.33265654444220494,0.17204247262979058,0.41363636363636364,1.0,0.01782433810733086,0.16832884917390634,0.0930765936406186,0.048470573826847115,0,1,0.0465382968203093,0.5242352869134236,0,1,0,0
P04,V4_video1_normal,normal,872,29.760454952627043,1,0.317352561755851,0.31235050077171983,0.3223546227399822,0.18512150774444533,0.41363636363636364,1.0,0.14072611357327536,0.07099160852506059,0.10585886104916797,0.022511209393050517,0,1,0.05292943052458399,0.5112556046965253,0,1,0,0
P04,V4_video1_normal,normal,873,29.79458391472868,1,0.29401574373675166,0.29422605814847935,0.29380542932502396,0.1705942027253352,0.41363636363636364,1.0,0.11414531346479084,0.14199354397655617,0.1280694287206735,0.04605219712289463,0,1,0.06403471436033675,0.5230260985614473,0,1,0,0
P04,V4_video1_normal,normal,874,29.828712876830316,1,0.282320213462223,0.28072528885303055,0.2839151380714155,0.16606595093005966,0.41363636363636364,1.0,0.0692605895080004,0.18575399444330765,0.12750729197565402,0.03433012090839182,0,1,0.06375364598782701,0.5171650604541959,0,1,0,0
P04,V4_video1_normal,normal,875,29.862841838931953,1,0.285593020838005,0.2835523968810111,0.28763364479499887,0.1614730352183036,0.41363636363636364,1.0,0.0693031438543884,0.2582377684519166,0.1637704561531525,0.04058082029587031,0,0,0.08188522807657625,0.020290410147935155,0,0,0,0
P04,V4_video1_normal,normal,876,29.89697080103359,1,0.28140300495219045,0.27846715455965876,0.28433885534472214,0.16258450354086457,0.41363636363636364,1.0,0.034641251955031094,0.18407189287922388,0.10935657241712748,0.02531005839517542,0,1,0.05467828620856374,0.5126550291975878,0,1,0,0
P04,V4_video1_normal,normal,877,29.931099763135226,1,0.28107862124273975,0.27293192536844546,0.289225317117034,0.15998027975492018,0.41363636363636364,1.0,0.08238646963668983,0.053568326070340566,0.0679773978535152,0.006164733982147949,0,0,0.0339886989267576,0.0030823669910739746,0,0,0,0
P04,V4_video1_normal,normal,878,29.965228725236862,1,0.28385801479298234,0.27876056832550933,0.2889554612604554,0.159153607692463,0.41363636363636364,1.0,0.18402341385856236,0.101492284196263,0.14275784902741268,0.00815374550274921,0,0,0.07137892451370634,0.004076872751374605,0,0,0,0
P04,V4_video1_normal,normal,879,29.9993576873385,1,0.2805572769390862,0.2751316042467836,0.2859829496313888,0.15796628146370473,0.41363636363636364,1.0,0.21875358666939404,0.10544214714210609,0.16209786690575007,0.009740822360990274,0,0,0.08104893345287503,0.004870411180495137,0,0,0,0
P04,V4_video1_normal,normal,880,30.033486649440135,1,0.274741297141507,0.26991580798503556,0.2795667862979785,0.15965797770615345,0.41363636363636364,1.0,0.12738819895657583,0.11904328265477093,0.12321574080567338,0.014644162938798026,0,0,0.06160787040283669,0.007322081469399013,0,0,0,0
P04,V4_video1_normal,normal,881,30.067615611541772,1,0.2734108391988716,0.2673836870138717,0.2794379913838715,0.16042082795185805,0.41363636363636364,1.0,0.05077403596561347,0.170426411156411,0.11060022356101223,0.010177114788995176,0,0,0.05530011178050612,0.005088557394497588,0,0,0,0
P04,V4_video1_normal,normal,882,30.10174457364341,1,0.2589050743091917,0.2534897069034701,0.26432044171491326,0.15998151432995572,0.41363636363636364,1.0,0.12011855389428483,0.42764144476044463,0.27387999932736473,0.004229271456074383,0,0,0.13693999966368237,0.0021146357280371914,0,0,0,0
P04,V4_video1_normal,normal,883,30.135873535745045,1,0.24766687394502818,0.24394736908683415,0.25138637880322223,0.15866750340488886,0.41363636363636364,1.0,0.2928760484418018,0.5670621344499608,0.4299690914458813,0.004571617828591991,0,0,0.21498454572294065,0.0022858089142959955,0,0,0,0
P04,V4_video1_normal,normal,884,30.17000249784668,1,0.18810532347054126,0.19129593592345143,0.1849147110176311,0.15893165420403918,0.41363636363636364,1.0,0.04253508597862332,0.5729730595540439,0.3077540727663336,0.0024465664621578925,0,0,0.1538770363831668,0.0012232832310789463,0,0,0,0
P04,V4_video1_normal,normal,885,30.204131459948318,1,0.04054700734918858,0.030563582709420473,0.05053043198895668,0.16020045508929043,0.4159090909090909,1.0,0.1472548419637587,0.2255527712471186,0.18640380660543865,0.004864674228756129,1,0,0.5932019033027194,0.0024323371143780644,1,0,1,0
P04,V4_video1_normal,normal,886,30.238260422049954,1,0.04602343841089705,0.0420966394125094,0.049950237409284705,0.1606612521348828,0.41818181818181815,1.0,0.33083328331178774,0.36884947560838766,0.3498413794600877,0.0019761502471381713,1,0,0.6749206897300438,0.0009880751235690857,1,0,1,0
P04,V4_video1_normal,normal,887,30.27238938415159,1,0.1007269564618426,0.09754938558632771,0.10390452733735749,0.16038148244470243,0.42045454545454547,1.0,0.10033796773670045,0.3680705735764801,0.23420427065659027,0.0028282136441522368,1,0,0.6171021353282952,0.0014141068220761184,1,0,1,0
P04,V4_video1_normal,normal,888,30.306518346253227,1,0.19928397418244548,0.186538584973792,0.21202936339109896,0.15792414986222553,0.42045454545454547,1.0,0.270914289102954,0.39074576992999677,0.3308300295164754,0.002530952403060646,0,0,0.1654150147582377,0.001265476201530323,0,0,0,0
P04,V4_video1_normal,normal,889,30.340647308354864,1,0.2418005559561337,0.22892581728815187,0.25467529462411553,0.15946094858446677,0.41818181818181815,1.0,0.6073504431052015,0.23210298894341042,0.41972671602430595,0.008145450917172229,0,0,0.20986335801215297,0.0040727254585861145,0,0,0,0
P04,V4_video1_normal,normal,890,30.3747762704565,1,0.2741518954215378,0.2609357989646299,0.2873679918784457,0.15766727945723402,0.4159090909090909,1.0,0.24058967617762717,0.3311367165976057,0.2858631963876164,0.018709656252264763,0,0,0.1429315981938082,0.009354828126132381,0,0,0,0
P04,V4_video1_normal,normal,891,30.408905232558137,1,0.2911940684336863,0.28396861882610647,0.2984195180412661,0.15769262368096268,0.41363636363636364,1.0,0.17679754224501565,0.0669670733581269,0.12188230780157128,0.03398128594188967,0,0,0.06094115390078564,0.016990642970944835,0,0,0,0
P04,V4_video1_normal,normal,892,30.443034194659774,1,0.3038421101356972,0.2972926320697244,0.31039158820167,0.15298491621251167,0.4113636363636364,1.0,0.11416202135410314,0.23252145282898462,0.17334173709154388,0.021011255053686027,0,0,0.08667086854577194,0.010505627526843014,0,0,0,0
P04,V4_video1_normal,normal,893,30.47716315676141,1,0.30591116028169185,0.3069119342954974,0.30491038626788625,0.1538096450399558,0.4090909090909091,1.0,0.10022370015707971,0.5556168840707125,0.3279202921138961,0.01200263369002965,0,0,0.16396014605694806,0.006001316845014825,0,0,0,0
P04,V4_video1_normal,normal,894,30.511292118863047,1,0.3106743270680443,0.31038707712765456,0.3109615770084341,0.1553522643743157,0.4068181818181818,1.0,0.08443432782807947,0.14702621448568698,0.11573027115688322,0.009909088837672324,0,0,0.05786513557844161,0.004954544418836162,0,0,0,0
P04,V4_video1_normal,normal,895,30.545421080964683,1,0.30967175183119755,0.3087940114432721,0.3105494922191229,0.1539442019360619,0.40454545454545454,1.0,0.12007029457845231,0.030806257990368624,0.07543827628441047,0.021664103279664698,0,0,0.03771913814220523,0.010832051639832349,0,0,0,0
P04,V4_video1_normal,normal,896,30.57955004306632,1,0.31163842189155233,0.3127932352443706,0.310483608538734,0.15474941309304918,0.4022727272727273,1.0,0.04726184319370175,0.031134033775890635,0.03919793848479619,0.00462538908289581,0,0,0.019598969242398095,0.002312694541447905,0,0,0,0
P04,V4_video1_normal,normal,897,30.613679005167956,1,0.31328939885727464,0.3136621822988143,0.31291661541573496,0.1529530949423227,0.4,1.0,0.10940631993618033,0.05198681664774274,0.08069656829196153,0.0027191808712457295,0,0,0.04034828414598077,0.0013595904356228648,0,0,0,0
P04,V4_video1_normal,normal,898,30.647807967269593,1,0.31576388616397283,0.31703718429741395,0.3144905880305317,0.1541612637446849,0.3977272727272727,1.0,0.1805887964727515,0.11857005835109202,0.14957942741192176,0.0008973804163131567,0,0,0.07478971370596088,0.00044869020815657836,0,0,0,0
P04,V4_video1_normal,normal,899,30.68193692937123,1,0.3096236598770029,0.3118417490564915,0.30740557069751434,0.1530787956286448,0.39545454545454545,1.0,0.05024093225234705,0.18209841093575696,0.116169671594052,0.003822770896263294,0,0,0.058084835797026,0.001911385448131647,0,0,0,0
P04,V4_video1_normal,normal,900,30.716065891472866,1,0.29996323632505384,0.2965980304347362,0.3033284422153715,0.15426718730096797,0.3931818181818182,1.0,0.08981559129240901,0.10431062991631412,0.09706311060436157,0.001868798345932366,0,0,0.048531555302180784,0.000934399172966183,0,0,0,0
P04,V4_video1_normal,normal,901,30.750194853574502,1,0.30346494077793384,0.29834271419617125,0.30858716735969643,0.15436631501791764,0.39090909090909093,1.0,0.08698671196561603,0.025888376903273058,0.05643754443444454,0.0034302102459665496,0,0,0.02821877221722227,0.0017151051229832748,0,0,0,0
P04,V4_video1_normal,normal,902,30.78432381567614,1,0.3088104015487666,0.30423109497059275,0.3133897081269404,0.1541202909122877,0.3886363636363636,1.0,0.06460034958236116,0.0010311596908011422,0.03281575463658115,0.00456910137451127,0,0,0.016407877318290576,0.002284550687255635,0,0,0,0
P04,V4_video1_normal,normal,903,30.818452777777775,1,0.30721249949202867,0.30557993989277515,0.30884505909128224,0.15337010735555806,0.38636363636363635,1.0,0.02402852520098908,0.11897983858065964,0.07150418189082436,0.0010505033957622417,0,0,0.03575209094541218,0.0005252516978811209,0,0,0,0
P04,V4_video1_normal,normal,904,30.85258173987941,1,0.29489402684875643,0.2932344009993211,0.2965536526981917,0.154898586006063,0.3840909090909091,1.0,0.12179545805047798,0.0320267711754596,0.07691111461296879,0.0010699098813483768,0,0,0.038455557306484395,0.0005349549406741884,0,0,0,0
P04,V4_video1_normal,normal,905,30.88671070198105,1,0.2940859998438238,0.2915433480948299,0.29662865159281765,0.15449534023174102,0.38181818181818183,1.0,0.030044098928391993,0.026483920813179962,0.028264009870785978,0.0023024301488416606,0,0,0.014132004935392989,0.0011512150744208303,0,0,0,0
P04,V4_video1_normal,normal,906,30.920839664082685,1,0.2968375221136347,0.2933638628180021,0.30031118140926727,0.15394387701646914,0.3795454545454545,1.0,0.0407588434368491,0.012139779674306017,0.02644931155557756,0.0013861173415002338,0,0,0.01322465577778878,0.0006930586707501169,0,0,0,0
P04,V4_video1_normal,normal,907,30.95496862618432,1,0.29676376522401887,0.29601970560772406,0.2975078248403137,0.1542053616513783,0.37727272727272726,1.0,0.008282067977446461,0.05292238589361953,0.030602226935532995,0.00045974372907615305,0,0,0.015301113467766497,0.00022987186453807653,0,0,0,0
P04,V4_video1_normal,normal,908,30.989097588285958,1,0.2939287839250475,0.2925322619956117,0.29532530585448324,0.15358339803442497,0.375,1.0,0.0704813326685012,0.024007550395210298,0.04724444153185575,0.00531464471940675,0,0,0.023622220765927876,0.002657322359703375,0,0,0,0
P04,V4_video1_normal,normal,909,31.023226550387594,1,0.2858182440022329,0.28422136315275215,0.28741512485171355,0.1532449903926688,0.37272727272727274,1.0,0.13770223749170074,0.10082152526594124,0.11926188137882099,0.003671516430967212,0,0,0.059630940689410494,0.001835758215483606,0,0,0,0
P04,V4_video1_normal,normal,910,31.05735551248923,1,0.27441674642424146,0.27864812603463573,0.2701853668138472,0.1532190056908981,0.3704545454545455,1.0,0.2555729799406198,0.07472158244099258,0.16514728119080618,0.0021097098736591363,0,0,0.08257364059540309,0.0010548549368295682,0,0,0,0
P04,V4_video1_normal,normal,911,31.091484474590867,1,0.2537304383350901,0.2565982417152729,0.2508626349549073,0.15309763854763436,0.36818181818181817,1.0,0.016958094421618997,0.13047939295545197,0.07371874368853548,0.004996629667371859,0,0,0.03685937184426774,0.0024983148336859295,0,0,0,0
P04,V4_video1_normal,normal,912,31.125613436692504,1,0.21353510526462396,0.21998095142121285,0.20708925910803508,0.15348500664987544,0.3659090909090909,1.0,0.39660009421375264,0.2081952787586291,0.30239768648619086,0.0028127412372012956,0,0,0.15119884324309543,0.0014063706186006478,0,0,0,0
P04,V4_video1_normal,normal,913,31.15974239879414,1,0.08822073016850472,0.09139758994516395,0.0850438703918455,0.15321912520744144,0.3659090909090909,1.0,0.0911562617272279,0.1703174442993698,0.13073685301329885,0.000446073550119247,1,0,0.5653684265066494,0.0002230367750596235,1,0,0,0
P04,V4_video1_normal,normal,914,31.193871360895777,1,0.06522349624402254,0.0678419461814087,0.06260504630663638,0.1517079318274201,0.3659090909090909,1.0,0.06339694323931921,0.2506739916247187,0.15703546743201896,0.0020738067867923297,1,0,0.5785177337160095,0.0010369033933961649,1,0,0,0
P04,V4_video1_normal,normal,915,31.228000322997413,1,0.05422412342127388,0.052459167608225284,0.05598907923432248,0.15139568099833892,0.3659090909090909,1.0,0.11026112627952112,0.16145957241193565,0.13586034934572838,0.003554254804084783,1,0,0.5679301746728642,0.0017771274020423914,1,0,0,0
P04,V4_video1_normal,normal,916,31.26212928509905,1,0.04340955157963978,0.04075306928033406,0.0460660338789455,0.15102360695691813,0.3659090909090909,1.0,0.06575619441057379,0.27048158633492403,0.1681188903727489,0.0021351633057402775,1,0,0.5840594451863744,0.0010675816528701388,1,0,1,0
P04,V4_video1_normal,normal,917,31.296258247200686,1,0.030918018362344882,0.026235065058051777,0.03560097166663799,0.15177442476666098,0.3659090909090909,1.0,0.12577933135080765,0.2554764649171658,0.19062789813398673,0.005818908491401702,1,0,0.5953139490669934,0.002909454245700851,1,0,1,0
P04,V4_video1_normal,normal,918,31.330387209302323,1,0.026312080313644952,0.020861889722845257,0.031762270904444646,0.15174024581732548,0.3659090909090909,1.0,0.22646810270329376,0.09187059702927758,0.15916934986628567,0.002717239355494374,1,0,0.5795846749331428,0.001358619677747187,1,0,0,0
P04,V4_video1_normal,normal,919,31.36451617140396,1,0.04078731197705292,0.025116704133933132,0.0564579198201727,0.1508414832099677,0.3659090909090909,1.0,0.07770871824825631,0.22714172641151054,0.15242522232988343,0.007753555530518951,1,0,0.5762126111649417,0.0038767777652594757,1,0,0,0
P04,V4_video1_normal,normal,920,31.398645133505596,1,0.02626792012364297,0.014175555274903192,0.03836028497238275,0.15217557768263473,0.3659090909090909,1.0,0.10960468172362214,0.379086009787036,0.24434534575532907,0.004305438501889303,1,0,0.6221726728776645,0.0021527192509446513,1,0,1,0
P04,V4_video1_normal,normal,921,31.432774095607233,1,0.038125872688392855,0.01870770501964433,0.05754404035714138,0.1520211154034635,0.3659090909090909,1.0,0.10114535612977904,0.1649898425711579,0.13306759935046847,0.012093997672770633,1,0,0.5665337996752342,0.0060469988363853165,1,0,0,0
P04,V4_video1_normal,normal,922,31.46690305770887,1,0.03748368831024251,0.013788191976263887,0.061179184644221146,0.1527621327162285,0.3659090909090909,1.0,0.15506386757035218,0.16904141746883095,0.16205264251959156,0.002669710615274035,1,0,0.5810263212597958,0.0013348553076370174,1,0,1,0
P04,V4_video1_normal,normal,923,31.501032019810506,1,0.05132132637396706,0.026343825367866395,0.07629882738006773,0.15245065040210712,0.3659090909090909,1.0,0.23120586567804324,0.15896858582854245,0.19508722575329285,0.01818328123051531,1,0,0.5975436128766465,0.009091640615257655,1,0,1,0
P04,V4_video1_normal,normal,924,31.535160981912142,1,0.0911208932908269,0.08007089687080979,0.102170889710844,0.1531175562952757,0.3659090909090909,1.0,0.15581457484001549,0.2630652514024936,0.20943991312125454,0.008863740372359333,1,0,0.6047199565606273,0.004431870186179666,1,0,1,0
P04,V4_video1_normal,normal,925,31.56928994401378,1,0.14398722733156955,0.12264058270425506,0.16533387195888405,0.15290794778331193,0.36363636363636365,1.0,0.2319910795598562,0.20818596402919864,0.22008852179452743,0.022780875064798145,0,0,0.11004426089726371,0.011390437532399073,0,0,0,0
P04,V4_video1_normal,normal,926,31.603418906115415,1,0.19756154110017884,0.19076693009614945,0.20435615210420824,0.15446339805837997,0.3613636363636364,1.0,0.4506376564463338,0.23349133537128153,0.34206449590880766,0.018857239262308242,0,0,0.17103224795440383,0.009428619631154121,0,0,0,0
P04,V4_video1_normal,normal,927,31.63754786821705,1,0.2556269841143966,0.24291195928143866,0.26834200894735455,0.15569636058568684,0.35909090909090907,1.0,0.1890824956170697,0.05629002182539733,0.12268625872123351,0.01721973980368535,0,0,0.061343129360616755,0.008609869901842674,0,0,0,0
P04,V4_video1_normal,normal,928,31.671676830318688,1,0.2758061145399424,0.26705712806914644,0.2845551010107384,0.15153209333691114,0.3568181818181818,1.0,0.05688009116534676,0.07543587999353851,0.06615798557944264,0.034054217874152366,0,0,0.03307899278972132,0.017027108937076183,0,0,0,0
P04,V4_video1_normal,normal,929,31.705805792420325,1,0.2840282191773405,0.2714000619169649,0.2966563764377161,0.15431812090176694,0.35454545454545455,1.0,0.23967333373885003,0.007741612637308881,0.12370747318807945,0.09802892883157763,0,0,0.06185373659403973,0.049014464415788814,0,0,0,0
P04,V4_video1_normal,normal,930,31.73993475452196,1,0.1989551652388351,0.19345758359470283,0.20445274688296738,0.15771299927507815,0.3522727272727273,1.0,0.20246186288216395,0.12884716363716475,0.16565451325966435,0.02761754625154143,0,0,0.08282725662983217,0.013808773125770715,0,0,0,0
P04,V4_video1_normal,normal,931,31.774063716623598,1,0.190234329394716,0.17866222211847574,0.20180643667095624,0.15729609016590237,0.35,1.0,0.13645409514593665,0.4176801155915856,0.2770671053687611,0.033082302217990904,0,0,0.13853355268438056,0.016541151108995452,0,0,0,0
P04,V4_video1_normal,normal,932,31.808192678725234,1,0.2561639281130744,0.24267045652412042,0.2696573997020284,0.1595138006042692,0.35,1.0,0.08095426916504578,0.021567117381817713,0.051260693273431746,0.17870443331691696,0,0,0.025630346636715873,0.08935221665845848,0,0,0,0
P04,V4_video1_normal,normal,933,31.84232164082687,1,0.29586781933572415,0.28219848168859996,0.30953715698284834,0.1599861446998747,0.35,1.0,0.10745519677282689,0.10480776934474323,0.10613148305878506,0.17944674207705133,0,0,0.05306574152939253,0.08972337103852566,0,0,0,0
P04,V4_video1_normal,normal,934,31.876450602928507,1,0.3027509383417602,0.29250630600175226,0.31299557068176814,0.1597745915348296,0.3477272727272727,1.0,0.11820985333220557,0.02402381786789054,0.07111683560004806,0.1335039460837816,0,0,0.03555841780002403,0.0667519730418908,0,0,0,0
P04,V4_video1_normal,normal,935,31.910579565030144,1,0.30439323164475296,0.29145451374327946,0.31733194954622646,0.1610543498029741,0.34545454545454546,1.0,0.06791306815366449,0.037750872438451655,0.05283197029605807,0.04014527074208295,0,0,0.026415985148029036,0.020072635371041474,0,0,0,0
P04,V4_video1_normal,normal,936,31.94470852713178,1,0.294924792903836,0.2853826810293831,0.3044669047782889,0.1607326099203055,0.3431818181818182,1.0,0.061737624054118756,0.07891111977852039,0.07032437191631957,0.02946914403497777,0,0,0.035162185958159786,0.014734572017488885,0,0,0,0
P04,V4_video1_normal,normal,937,31.978837489233417,1,0.28674745590427114,0.2786915319424974,0.2948033798660449,0.16081345154309867,0.3409090909090909,1.0,0.31215247522380574,0.05876766657863419,0.18546007090121996,0.07026110134634911,0,0,0.09273003545060998,0.035130550673174554,0,0,0,0
P04,V4_video1_normal,normal,938,32.01296645133505,1,0.18408828754181916,0.17347250848422918,0.19470406659940914,0.16041396901993518,0.3386363636363636,1.0,0.15155375494750256,0.29451961386369685,0.2230366844055997,0.09033270285490995,0,0,0.11151834220279985,0.045166351427454975,0,0,0,0
P04,V4_video1_normal,normal,939,32.04709541343669,1,0.12620948892253772,0.10879557740042205,0.1436234004446534,0.1616574822659219,0.3386363636363636,1.0,0.35111888330493,0.3816011633266575,0.36636002331579376,0.01761744039982746,1,0,0.6831800116578969,0.00880872019991373,1,0,1,0
P04,V4_video1_normal,normal,940,32.081224375538326,1,0.10937458100525418,0.09031464086274184,0.12843452114776654,0.16202894090837575,0.3386363636363636,1.0,0.20344492454214191,0.4062681924799587,0.3048565585110503,0.07109130122973617,1,0,0.6524282792555252,0.035545650614868085,1,0,1,0
P04,V4_video1_normal,normal,941,32.11535333763997,1,0.1193064116370782,0.10324555779236846,0.13536726548178793,0.1618528444933166,0.3386363636363636,1.0,0.46446651539811834,0.2287692331840192,0.3466178742910688,0.020517877131367178,1,0,0.6733089371455344,0.010258938565683589,1,0,1,0
P04,V4_video1_normal,normal,942,32.1494822997416,1,0.12516351424102296,0.11430224166062936,0.13602478682141653,0.16156374036806326,0.3386363636363636,1.0,0.367991248940174,0.3455681769755312,0.3567797129578526,0.04585600834612468,1,0,0.6783898564789264,0.02292800417306234,1,0,1,0
P04,V4_video1_normal,normal,943,32.18361126184324,1,0.10772777865837793,0.09361326225382655,0.12184229506292932,0.16187033911825105,0.3386363636363636,1.0,0.35276825768899467,0.24192716260861236,0.2973477101488035,0.010785223664327754,1,0,0.6486738550744018,0.005392611832163877,1,0,1,0
P04,V4_video1_normal,normal,944,32.21774022394487,1,0.10539762594227757,0.09211794477156644,0.1186773071129887,0.1620708010775214,0.3386363636363636,1.0,0.1387400497267287,0.5293177444548802,0.33402889709080447,0.00332286363748158,1,0,0.6670144485454023,0.00166143181874079,1,0,1,0
P04,V4_video1_normal,normal,945,32.25186918604651,1,0.10711244575373419,0.09980924872863667,0.11441564277883169,0.1599461153520187,0.3386363636363636,1.0,0.5269989284490384,0.2079573582337949,0.36747814334141665,0.029308737332553046,1,0,0.6837390716707084,0.014654368666276523,1,0,1,0
P04,V4_video1_normal,normal,946,32.285998148148146,1,0.10643800762407878,0.08904117743451484,0.12383483781364271,0.16230134832565743,0.3386363636363636,1.0,0.18357194983485514,0.05722293231823328,0.12039744107654421,0.028639023049757066,1,0,0.5601987205382721,0.014319511524878533,1,0,0,0
P04,V4_video1_normal,normal,947,32.320127110249786,1,0.08364610530831709,0.07000852997255437,0.09728368064407981,0.1816735956211262,0.3386363636363636,1.0,0.3981681819148415,0.1929304474723541,0.2955493146935978,0.06692276843731089,1,1,0.6477746573467988,0.5334613842186554,1,1,1,0
P04,V4_video1_normal,normal,948,32.35425607235142,1,0.08190552720890909,0.07213800459582992,0.09167304982198826,0.19369426856061406,0.3386363636363636,1.0,0.29825110494853013,0.3221761593187106,0.31021363213362035,0.0642135391835697,1,1,0.6551068160668102,0.5321067695917848,1,1,1,0
P04,V4_video1_normal,normal,949,32.38838503445306,1,0.08923644792023355,0.07042831129699427,0.10804458454347282,0.19226212094903603,0.3386363636363636,1.0,0.25790662172740875,0.2986312854476577,0.27826895358753323,0.3001251749086057,1,1,0.6391344767937666,0.6500625874543029,1,1,1,1
P04,V4_video1_normal,normal,950,32.42251399655469,1,0.08082976733520757,0.06290214982986006,0.09875738484055507,0.2045624413340547,0.3386363636363636,1.0,0.41681305151469716,0.2541175797853157,0.3354653156500064,0.42240588228885184,1,1,0.6677326578250032,0.711202941144426,1,1,1,1
P04,V4_video1_normal,normal,951,32.45664295865633,1,0.0928906891987244,0.07787525850771174,0.10790611988973706,0.21607186756219832,0.3386363636363636,1.0,0.3334378081678312,0.33794124603868503,0.3356895271032581,0.096599961771707,1,1,0.667844763551629,0.5482999808858535,1,1,1,0
P04,V4_video1_normal,normal,952,32.490771920757965,1,0.08811394789550442,0.07207116442881034,0.10415673136219848,0.2145232621298142,0.3386363636363636,1.0,0.3391529527828986,0.11403106741272395,0.22659201009781127,0.16082017062235346,1,1,0.6132960050489056,0.5804100853111768,1,1,1,0
P04,V4_video1_normal,normal,953,32.524900882859605,1,0.08317891539627503,0.07066477491354345,0.09569305587900662,0.2157989380956417,0.3386363636363636,1.0,0.15405919395872447,0.20841290631784282,0.18123605013828364,0.07367122535970429,1,1,0.5906180250691418,0.5368356126798521,1,1,1,0
P04,V4_video1_normal,normal,954,32.55902984496124,1,0.08682605697310698,0.07249099342312355,0.10116112052309041,0.21738937544506853,0.3386363636363636,1.0,0.12186818171079361,0.20411414195171373,0.16299116183125367,0.06553101058817774,1,1,0.5814955809156268,0.5327655052940888,1,1,1,0
P04,V4_video1_normal,normal,955,32.59315880706288,1,0.09771331686297624,0.08274537635242636,0.11268125737352612,0.22557530766729442,0.3386363636363636,1.0,0.15460785063332816,0.1970724391470673,0.17584014489019772,0.23405563560037204,1,1,0.5879200724450988,0.617027817800186,1,1,1,1
P04,V4_video1_normal,normal,956,32.62728776916451,1,0.11049427798507634,0.09754752648243394,0.12344102948771875,0.23878663102348754,0.3409090909090909,1.0,0.25239787882364917,0.2414575326636259,0.24692770574363754,0.4231244423770453,1,1,0.6234638528718188,0.7115622211885226,1,1,1,1
P04,V4_video1_normal,normal,957,32.66141673126615,1,0.1187930628091502,0.10077433698266265,0.13681178863563775,0.24229448114129173,0.3431818181818182,1.0,0.39858551450133395,0.14258538353805106,0.2705854490196925,0.5743486880521864,1,1,0.6352927245098463,0.7871743440260932,1,1,1,1
P04,V4_video1_normal,normal,958,32.695545693367784,1,0.14032854584049215,0.13206457856981488,0.14859251311116944,0.25401725472428177,0.34545454545454546,1.0,0.28981195315143315,0.2345647794014667,0.2621883662764499,0.5804260072557303,1,1,0.631094183138225,0.7902130036278652,1,1,1,1
P04,V4_video1_normal,normal,959,32.729674655469424,1,0.12989825233785307,0.11397325371759721,0.1458232509581089,0.2522371287356229,0.3477272727272727,1.0,0.5866661925593727,0.5629026858475865,0.5747844392034795,0.3446127049161897,1,1,0.7873922196017398,0.6723063524580949,1,1,1,1
P04,V4_video1_normal,normal,960,32.76380361757106,1,0.12016236665451267,0.1087701924375859,0.13155454087143945,0.255538612762463,0.35,1.0,0.41643353335541367,0.4034375448651787,0.4099355391102962,0.7151133211905852,1,1,0.7049677695551481,0.8575566605952927,1,1,1,1
P04,V4_video1_normal,normal,961,32.7979325796727,1,0.13239467003288682,0.12058937463865758,0.14419996542711605,0.25922706584723265,0.3522727272727273,1.0,0.3216333040741859,0.13779395891851842,0.22971363149635216,0.6593998708612036,1,1,0.6148568157481761,0.8296999354306018,1,1,1,1
P04,V4_video1_normal,normal,962,32.83206154177433,1,0.13734745198916032,0.13079143275706678,0.14390347122125388,0.2537262581500962,0.35454545454545455,1.0,0.18732261307439357,0.3884516679265908,0.2878871405004922,0.9384855512842096,1,1,0.6439435702502461,0.9692427756421048,1,1,1,1
P04,V4_video1_normal,normal,963,32.86619050387597,1,0.11805228950971547,0.11210204070070423,0.12400253831872672,0.2523043664349499,0.3568181818181818,1.0,0.4207681820037492,0.47424311054804535,0.4475056462758973,0.852281873029976,1,1,0.7237528231379486,0.926140936514988,1,1,1,1
P04,V4_video1_normal,normal,964,32.9003194659776,1,0.11720579056353951,0.11611869478711831,0.11829288633996071,0.2591692976479095,0.35909090909090907,1.0,0.18332978902592656,0.4304673000341358,0.3068985445300312,0.9857278434624812,1,1,0.6534492722650156,0.9928639217312406,1,1,1,1
P04,V4_video1_normal,normal,965,32.93444842807924,1,0.11892475610187708,0.11373630500191098,0.12411320720184317,0.26610862650165007,0.3613636363636364,1.0,0.2902928570612494,0.11125558601751318,0.2007742215393813,0.9723374969803863,1,1,0.6003871107696906,0.9861687484901931,1,1,1,1
P04,V4_video1_normal,normal,966,32.968577390180876,1,0.1102270370622719,0.10170284303021233,0.11875123109433146,0.2738965559821654,0.36363636363636365,1.0,0.3532172700762458,0.40806789402327126,0.38064258204975854,0.9621417526004996,1,1,0.6903212910248793,0.9810708763002498,1,1,1,1
P04,V4_video1_normal,normal,967,33.002706352282516,1,0.11181791345897957,0.10199643093664268,0.12163939598131647,0.27345428884364353,0.3659090909090909,1.0,0.12445796191474312,0.12844712883227183,0.12645254537350747,0.8889041473254796,1,1,0.5632262726867537,0.9444520736627398,1,1,0,1
P04,V4_video1_normal,normal,968,33.03683531438415,1,0.10252329491483832,0.0953879646171061,0.10965862521257054,0.2791605818007491,0.36818181818181817,1.0,0.045784782044790306,0.5559926307049253,0.3008887063748578,0.562043007373699,1,1,0.6504443531874289,0.7810215036868495,1,1,1,1
P04,V4_video1_normal,normal,969,33.07096427648579,1,0.08810134111691792,0.08684597791177755,0.08935670432205828,0.2779805974180125,0.3704545454545455,1.0,0.04731436775265763,0.2411796529022332,0.1442470103274454,0.9558940316133974,1,1,0.5721235051637227,0.9779470158066987,1,1,0,1
P04,V4_video1_normal,normal,970,33.10509323858742,1,0.09401994457525711,0.0895135266872227,0.09852636246329151,0.28752716902637915,0.37272727272727274,1.0,0.10090429459011097,0.14732480683894567,0.12411455071452832,0.9566181554539569,1,1,0.5620572753572641,0.9783090777269785,1,1,0,1
P04,V4_video1_normal,normal,971,33.13922220068906,1,0.11405917143897075,0.10891524177012685,0.11920310110781465,0.2872304002367347,0.375,1.0,0.27651894353945294,0.5436317399887496,0.41007534176410126,0.9732751624407673,1,1,0.7050376708820506,0.9866375812203836,1,1,1,1
P04,V4_video1_normal,normal,972,33.173351162790695,1,0.11146624114973784,0.11668485163728382,0.10624763066219187,0.2912285386463382,0.37727272727272726,1.0,0.2886187531395126,0.3259875333852784,0.3073031432623955,0.9744452432704948,1,1,0.6536515716311977,0.9872226216352473,1,1,1,1
P04,V4_video1_normal,normal,973,33.207480124892335,1,0.12023847293351841,0.12428662232247357,0.11619032354456325,0.2938811256835586,0.3795454545454545,1.0,0.6891280259305208,0.38685569358019345,0.5379918597553571,0.9654824511419724,1,1,0.7689959298776785,0.9827412255709862,1,1,1,1
P04,V4_video1_normal,normal,974,33.24160908699397,1,0.11391706385768458,0.11077514108953808,0.11705898662583107,0.2859554051626731,0.38181818181818183,1.0,0.3410081803007251,0.24432021635028145,0.2926641983255033,0.9402473786105263,1,1,0.6463320991627517,0.9701236893052632,1,1,1,1
P04,V4_video1_normal,normal,975,33.27573804909561,1,0.09974641137396759,0.11471712519416771,0.08477569755376745,0.2823500139022711,0.3840909090909091,1.0,0.1608150063986057,0.1618298386797289,0.1613224225391673,0.9385475839356227,1,1,0.5806612112695837,0.9692737919678114,1,1,1,1
P04,V4_video1_normal,normal,976,33.30986701119724,1,0.088292683617784,0.09803165515718593,0.07855371207838206,0.2873734381000217,0.38636363636363635,1.0,0.265178458053269,0.368460923613408,0.3168196908333385,0.9663174436141309,1,1,0.6584098454166692,0.9831587218070654,1,1,1,1
P04,V4_video1_normal,normal,977,33.34399597329888,1,0.09740242455263483,0.10877878136218283,0.08602606774308683,0.28361194095310016,0.3886363636363636,1.0,0.4292264760389628,0.061906855146360296,0.24556666559266155,0.9828743647106248,1,1,0.6227833327963308,0.9914371823553124,1,1,1,1
P04,V4_video1_normal,normal,978,33.378124935400514,1,0.09633415075335247,0.1092687467199865,0.08339955478671846,0.28305780348076953,0.39090909090909093,1.0,0.10385368992144006,0.06038122412460689,0.08211745702302348,0.9007305068515563,1,1,0.5410587285115117,0.9503652534257782,1,1,0,1
P04,V4_video1_normal,normal,979,33.412253897502154,1,0.09255621232393002,0.09737585384385493,0.0877365708040051,0.285176039328599,0.3931818181818182,1.0,0.1384492627922358,0.14605640759613148,0.14225283519418364,0.8941896431425574,1,1,0.5711264175970918,0.9470948215712787,1,1,0,1
P04,V4_video1_normal,normal,980,33.44638285960379,1,0.09862799508677503,0.10295955900912417,0.0942964311644259,0.27409705932880213,0.39545454545454545,1.0,0.09534234947482545,0.20415246941638265,0.14974740944560405,0.7887834447206632,1,1,0.5748737047228021,0.8943917223603316,1,1,0,1
P04,V4_video1_normal,normal,981,33.48051182170543,1,0.1113468382602362,0.10290776672862313,0.11978590979184925,0.2771087653657133,0.3977272727272727,1.0,0.1884031120345272,0.14259850055723156,0.16550080629587938,0.8994810802489428,1,1,0.5827504031479397,0.9497405401244714,1,1,1,1
P04,V4_video1_normal,normal,982,33.51464078380706,1,0.10302294241979026,0.09972574226117963,0.10632014257840089,0.271279334548672,0.4,1.0,0.3310525093421588,0.17156510674121983,0.2513088080416893,0.9080558779827427,1,1,0.6256544040208447,0.9540279389913713,1,1,1,1
P04,V4_video1_normal,normal,983,33.5487697459087,1,0.09598687119917702,0.08800499531537903,0.10396874708297502,0.27330022077710364,0.4022727272727273,1.0,0.47962105346446837,0.3499152206472188,0.4147681370558436,0.888696714230923,1,1,0.7073840685279218,0.9443483571154615,1,1,1,1
P04,V4_video1_normal,normal,984,33.58289870801033,1,0.11668320136204635,0.11046981868146591,0.1228965840426268,0.2743294332060276,0.40454545454545454,1.0,0.1171850296964807,0.16828291041812748,0.1427339700573041,0.7015907241525748,1,1,0.571366985028652,0.8507953620762874,1,1,0,1
P04,V4_video1_normal,normal,985,33.61702767011197,1,0.11105026587241834,0.10797830849685798,0.11412222324797869,0.27372110558188595,0.4068181818181818,1.0,0.48127296052792035,0.32077726162505593,0.40102511107648814,0.7747179832952937,1,1,0.7005125555382441,0.8873589916476469,1,1,1,1
P04,V4_video1_normal,normal,986,33.651156632213606,1,0.11111600776584032,0.10428531934935399,0.11794669618232666,0.2726524157567974,0.4090909090909091,1.0,0.12474047069011795,0.12008412443235994,0.12241229756123895,0.9680402732266177,1,1,0.5612061487806195,0.9840201366133088,1,1,0,1
P04,V4_video1_normal,normal,987,33.685285594315246,1,0.10945683058311537,0.10516567921848081,0.1137479819477499,0.2680352800997469,0.4113636363636364,1.0,0.18873369837412268,0.36995012864798194,0.2793419135110523,0.8887553048427087,1,1,0.6396709567555261,0.9443776524213543,1,1,1,1
P04,V4_video1_normal,normal,988,33.71941455641688,1,0.11704495997100683,0.10340798182061624,0.13068193812139742,0.2604452581822829,0.41363636363636364,1.0,0.21420146115245908,0.18887384467452528,0.20153765291349218,0.8530159693433472,1,1,0.6007688264567461,0.9265079846716736,1,1,1,1
P04,V4_video1_normal,normal,989,33.75354351851852,1,0.11780422491905954,0.11072689952476665,0.12488155031335244,0.2482368990566139,0.4159090909090909,1.0,0.4259267179342392,0.2350469972092456,0.3304868575717424,0.818786553974123,1,1,0.6652434287858712,0.9093932769870615,1,1,1,1
P04,V4_video1_normal,normal,990,33.78767248062015,1,0.12929947482700085,0.11689366778864267,0.14170528186535905,0.24872636312937726,0.41818181818181815,1.0,0.3905645755565882,0.15698803958090457,0.2737763075687464,0.8087257685245182,1,1,0.6368881537843731,0.9043628842622591,1,1,1,1
P04,V4_video1_normal,normal,991,33.82180144272179,1,0.11812389680523619,0.10727925241779605,0.12896854119267634,0.25515118900707867,0.42045454545454547,1.0,0.0939238103982224,0.09310969298139771,0.09351675168981005,0.9100417537666028,1,1,0.546758375844905,0.9550208768833014,1,1,0,1
P04,V4_video1_normal,normal,992,33.855930404823425,1,0.10379850344180855,0.09861190710762559,0.1089850997759915,0.2567077076902703,0.42272727272727273,1.0,0.22082970447512773,0.12368230582175999,0.17225600514844386,0.6372701527747276,1,1,0.5861280025742219,0.8186350763873638,1,1,1,1
P04,V4_video1_normal,normal,993,33.890059366925065,1,0.11074771164785388,0.0998648769000655,0.12163054639564225,0.25849316652306603,0.42272727272727273,1.0,0.2274922350552574,0.5020567956780212,0.3647745153666393,0.6924357328463259,1,1,0.6823872576833196,0.846217866423163,1,1,1,1
P04,V4_video1_normal,normal,994,33.9241883290267,1,0.12406502236445602,0.1150950758209245,0.13303496890798755,0.2487993567624612,0.42272727272727273,1.0,0.32746264978888484,0.4773666667965051,0.40241465829269496,0.7126010157228317,1,1,0.7012073291463474,0.8563005078614159,1,1,1,1
P04,V4_video1_normal,normal,995,33.95831729112834,1,0.1310302999540916,0.1266436712682586,0.13541692863992458,0.2444543302783571,0.42272727272727273,1.0,0.3795943552337202,0.2574072768291452,0.3185008160314327,0.6735712681421729,1,1,0.6592504080157163,0.8367856340710864,1,1,1,1
P04,V4_video1_normal,normal,996,33.99244625322997,1,0.12284172826001157,0.11983957885864757,0.12584387766137556,0.23870919855178946,0.42272727272727273,1.0,0.2199318075609883,0.23861656497949735,0.22927418627024282,0.6509583935282564,1,1,0.6146370931351214,0.8254791967641282,1,1,1,1
P04,V4_video1_normal,normal,997,34.02657521533161,1,0.1303523428946594,0.11945836343722553,0.14124632235209328,0.22385152882430434,0.42272727272727273,1.0,0.3082109929326051,0.501528094421626,0.4048695436771156,0.17243757453627967,1,1,0.7024347718385577,0.5862187872681398,1,1,1,1
P04,V4_video1_normal,normal,998,34.060704177433244,1,0.13620552590771823,0.12378613880147224,0.14862491301396424,0.22809810927535404,0.42272727272727273,1.0,0.36175530081277474,0.4815354757397815,0.4216453882762781,0.054514569813126815,1,1,0.710822694138139,0.5272572849065634,1,1,1,0
P04,V4_video1_normal,normal,999,34.094833139534884,1,0.14433303349545443,0.14060923926956626,0.1480568277213426,0.21718600345270028,0.42045454545454547,1.0,0.12020637310599047,0.16840421172132825,0.14430529241365936,0.13739940362279116,0,1,0.07215264620682968,0.5686997018113956,0,1,0,0
P04,V4_video1_normal,normal,1000,34.12896210163652,1,0.1527754873754016,0.1620453424941418,0.14350563225666138,0.2129030591058188,0.41818181818181815,1.0,0.26515518326387133,0.3247029837681372,0.2949290835160043,0.05688692135951904,0,1,0.14746454175800214,0.5284434606797596,0,1,0,0
P04,V4_video1_normal,normal,1001,34.16309106373816,1,0.1601247401634896,0.17069203842531733,0.14955744190166184,0.2086470816935568,0.4159090909090909,1.0,0.3094014565218508,0.14309680141977266,0.22624912897081173,0.12503530532019877,0,1,0.11312456448540587,0.5625176526600993,0,1,0,0
P04,V4_video1_normal,normal,1002,34.19722002583979,1,0.1606889274313737,0.17492212189916617,0.14645573296358125,0.20933123359472616,0.41363636363636364,1.0,0.1270468377587226,0.27975890140042026,0.20340286957957143,0.06835541955045575,0,1,0.10170143478978572,0.5341777097752278,0,1,0,0
P04,V4_video1_normal,normal,1003,34.23134898794143,1,0.16183154450595005,0.1745016794670952,0.14916140954480492,0.1937884873984523,0.4113636363636364,1.0,0.4369618112873983,0.32135609035838353,0.3791589508228909,0.05517960655361859,0,1,0.18957947541144546,0.5275898032768093,0,1,0,0
P04,V4_video1_normal,normal,1004,34.26547795004306,1,0.16128683392705465,0.17439053048721834,0.14818313736689095,0.18577191722099848,0.4090909090909091,1.0,0.17829215702462942,0.3616323599682735,0.26996225849645145,0.11163900929325819,0,1,0.13498112924822572,0.5558195046466291,0,1,0,0
P04,V4_video1_normal,normal,1005,34.299606912144704,1,0.16703982297195868,0.17450159837343654,0.1595780475704808,0.1797501449282872,0.4068181818181818,1.0,0.41510924047999465,0.1804898209842224,0.2977995307321085,0.023915435377281268,0,1,0.14889976536605426,0.5119577176886406,0,1,0,0
P04,V4_video1_normal,normal,1006,34.33373587424634,1,0.16922737529343979,0.17742012695186155,0.161034623635018,0.17529781066096758,0.40454545454545454,1.0,0.6547364264027883,0.2131077787162009,0.4339221025594946,0.027772013053577755,0,1,0.2169610512797473,0.5138860065267888,0,1,0,0
P04,V4_video1_normal,normal,1007,34.36786483634798,1,0.16632651235282692,0.16817581061679332,0.16447721408886054,0.1799666182033004,0.4022727272727273,1.0,0.16468968072237433,0.38632676453136106,0.2755082226268677,0.43166864575234276,0,1,0.13775411131343385,0.7158343228761714,0,1,0,1
P04,V4_video1_normal,normal,1008,34.40199379844961,1,0.16111446433947324,0.16500398498687072,0.15722494369207576,0.1679330019331745,0.4,1.0,0.544008985830254,0.4221397227573833,0.4830743542938187,0.0436685727792271,0,1,0.24153717714690934,0.5218342863896136,0,1,0,0
P04,V4_video1_normal,normal,1009,34.43612276055125,1,0.17351407603884744,0.17887265243926886,0.16815549963842602,0.17085748774883094,0.3977272727272727,1.0,0.4065952645073012,0.44247792775723793,0.4245365961322696,0.004423041495318798,0,1,0.2122682980661348,0.5022115207476594,0,1,0,0
P04,V4_video1_normal,normal,1010,34.47025172265288,1,0.17979444985742826,0.1887031166767255,0.17088578303813098,0.17960384839725604,0.39545454545454545,1.0,0.4457855242729827,0.18206450160342613,0.3139250129382044,0.005172292747740214,0,1,0.1569625064691022,0.5025861463738701,0,1,0,0
P04,V4_video1_normal,normal,1011,34.50438068475452,1,0.17901031728750144,0.18918059016703498,0.16884004440796793,0.16507041706825418,0.3931818181818182,1.0,0.2904016937888717,0.2288720565676442,0.25963687517825795,0.009481229505104329,0,1,0.12981843758912898,0.5047406147525522,0,1,0,0
P04,V4_video1_normal,normal,1012,34.538509646856156,1,0.1705808608806859,0.1816443320484235,0.15951738971294827,0.15886085502183556,0.39090909090909093,1.0,0.47444483891861766,0.2590671673290812,0.36675600312384943,0.016344167652113026,0,0,0.18337800156192471,0.008172083826056513,0,0,0,0
P04,V4_video1_normal,normal,1013,34.572638608957796,1,0.1749878863417156,0.17881246915092291,0.1711633035325083,0.15660778366039732,0.3886363636363636,1.0,0.4922812082704512,0.2886060258855252,0.3904436170779882,0.006426348753259654,0,0,0.1952218085389941,0.003213174376629827,0,0,0,0
P04,V4_video1_normal,normal,1014,34.60676757105943,1,0.17149503187084017,0.17791869152028175,0.1650713722213986,0.15590691356368266,0.38636363636363635,1.0,0.6778038992575947,0.28284893556537993,0.4803264174114873,0.006429686528062659,0,0,0.24016320870574365,0.0032148432640313296,0,0,0,0
P04,V4_video1_normal,normal,1015,34.64089653316107,1,0.16985667013099037,0.17220716933746255,0.16750617092451817,0.15670383975157706,0.3840909090909091,1.0,0.18504576193770583,0.2404342645838674,0.21274001326078662,0.004895890338900613,0,0,0.10637000663039331,0.0024479451694503066,0,0,0,0
P04,V4_video1_normal,normal,1016,34.6750254952627,1,0.17329553317224294,0.18293521855093647,0.16365584779354944,0.1573822984822719,0.38181818181818183,1.0,0.19622558187087114,0.19798492546517,0.19710525366802056,0.0029877707346077304,0,0,0.09855262683401028,0.0014938853673038652,0,0,0,0
P04,V4_video1_normal,normal,1017,34.70915445736434,1,0.1693905375378924,0.17459305632483957,0.16418801875094524,0.1584830966965512,0.3795454545454545,1.0,0.3133423538831521,0.08353244343539801,0.19843739865927507,0.0009719932353364676,0,0,0.09921869932963753,0.0004859966176682338,0,0,0,0
P04,V4_video1_normal,normal,1018,34.743283419465975,1,0.14196360429259508,0.14247345138424813,0.141453757200942,0.15983073589642097,0.37727272727272726,1.0,0.3175370552174759,0.3251287912779559,0.3213329232477159,0.0032906342010855325,0,0,0.16066646162385795,0.0016453171005427663,0,0,0,0
P04,V4_video1_normal,normal,1019,34.777412381567615,1,0.1729788629650919,0.1756055173469538,0.17035220858323,0.1591010785415566,0.375,1.0,0.23491792587635818,0.263572162400606,0.24924504413848209,0.01798358241331313,0,0,0.12462252206924104,0.008991791206656566,0,0,0,0
P04,V4_video1_normal,normal,1020,34.81154134366925,1,0.18316125196061608,0.18365964963080067,0.1826628542904315,0.1588707660250065,0.37272727272727274,1.0,0.4863565243219584,0.3478848546112756,0.417120689466617,0.0009505348071345317,0,0,0.2085603447333085,0.00047526740356726584,0,0,0,0
P04,V4_video1_normal,normal,1021,34.84567030577089,1,0.18951743119947648,0.18839405505547516,0.1906408073434778,0.15929777524137503,0.3704545454545455,1.0,0.25944158451944066,0.11398673085302691,0.18671415768623378,0.002099553143110794,0,0,0.09335707884311689,0.001049776571555397,0,0,0,0
P04,V4_video1_normal,normal,1022,34.87979926787252,1,0.1796255176410841,0.17767597140355518,0.18157506387861302,0.15955754648728945,0.36818181818181817,1.0,0.6498091790669033,0.24273144077892095,0.4462703099229121,0.0019551867565069945,0,0,0.22313515496145606,0.0009775933782534972,0,0,0,0
P04,V4_video1_normal,normal,1023,34.91392822997416,1,0.18269664058011348,0.1789217120989216,0.18647156906130538,0.15977686274140385,0.3659090909090909,1.0,0.43594653723468046,0.26889023592540595,0.3524183865800432,0.0017471494446212401,0,0,0.1762091932900216,0.0008735747223106201,0,0,0,0
P04,V4_video1_normal,normal,1024,34.948057192075794,1,0.19640162054017773,0.19436556902422553,0.19843767205612992,0.15998096421625685,0.36363636363636365,1.0,0.20920528647413228,0.4518748486779023,0.3305400675760173,0.0013474122540259915,0,0,0.16527003378800864,0.0006737061270129958,0,0,0,0
P04,V4_video1_normal,normal,1025,34.982186154177434,1,0.1769709500444601,0.1846864945253582,0.16925540556356197,0.16023133566016756,0.3613636363636364,1.0,0.14293717993226318,0.2324043626542378,0.1876707712932505,0.014122686065355205,0,0,0.09383538564662525,0.007061343032677602,0,0,0,0
P04,V4_video1_normal,normal,1026,35.01631511627907,1,0.1925309230356524,0.19650438946167592,0.1885574566096289,0.16093871746131752,0.35909090909090907,1.0,0.1282223484041911,0.2713529655580966,0.19978765698114387,0.003750026352716904,0,0,0.09989382849057193,0.001875013176358452,0,0,0,0
P04,V4_video1_normal,normal,1027,35.05044407838071,1,0.17717230296009923,0.18033414704882417,0.17401045887137429,0.16115377540859321,0.3568181818181818,1.0,0.5980226438910106,0.20799313564189903,0.4030078897664548,0.004460892187077938,0,0,0.2015039448832274,0.002230446093538969,0,0,0,0
P04,V4_video1_normal,normal,1028,35.08457304048234,1,0.1720846178898262,0.17303334035324572,0.17113589542640673,0.16047668888183417,0.35454545454545455,1.0,0.26478166467449715,0.40702131851713974,0.33590149159581845,0.012763735382162049,0,0,0.16795074579790922,0.006381867691081024,0,0,0,0
P04,V4_video1_normal,normal,1029,35.11870200258398,1,0.1710254372563108,0.1732394279819889,0.16881144653063268,0.1604113402000071,0.3522727272727273,1.0,0.23750265551068395,0.43182431280614175,0.33466348415841285,0.001970901099506526,0,0,0.16733174207920642,0.000985450549753263,0,0,0,0
P04,V4_video1_normal,normal,1030,35.15283096468561,1,0.1775354742450433,0.17713276681862702,0.17793818167145958,0.16054835990099123,0.35,1.0,0.11943435301459449,0.36072718342505217,0.24008076821982333,0.007870880886974015,0,0,0.12004038410991166,0.003935440443487008,0,0,0,0
P04,V4_video1_normal,normal,1031,35.18695992678725,1,0.1753204744357874,0.1704434487325228,0.180197500139052,0.16118445547578014,0.3477272727272727,1.0,0.07593988512474181,0.31930446276569135,0.19762217394521658,0.005248564367117331,0,0,0.09881108697260829,0.0026242821835586656,0,0,0,0
