participante,video,condicion,frame,tiempo_s,deteccion_rostro,ear,ear_ojo1,ear_ojo2,mar,perclos,cobertura_perclos,p_cerrado_ojo1,p_cerrado_ojo2,p_cerrado,p_bostezo,d_ear,d_mar,score_ojo_o2,score_bostezo_o2,cond_o1_cierre,cond_o1_bostezo,cond_o2_cierre,cond_o2_bostezo
P02,V2_video1_normal,normal,0,0.0,1,0.26970091500483595,0.2800882381875823,0.2593135918220896,0.17153266652767413,0.0,1.0,0.05917822517693905,0.016758141361003398,0.03796818326897122,0.023162035095027324,0,1,0.01898409163448561,0.5115810175475136,0,1,0,0
P02,V2_video1_normal,normal,1,0.03334047619047619,1,0.26927796390711256,0.27624229941815676,0.2623136283960683,0.17539407473003849,0.0,1.0,0.0883751516797131,0.024269801397474033,0.05632247653859357,0.007946308419139967,0,1,0.028161238269296784,0.50397315420957,0,1,0,0
P02,V2_video1_normal,normal,2,0.06668095238095238,1,0.2732856288195773,0.27919845805823645,0.2673727995809182,0.17166405596827358,0.0,1.0,0.10433520227165782,0.0892015168710617,0.09676835957135976,0.009500168346893439,0,1,0.04838417978567988,0.5047500841734467,0,1,0,0
P02,V2_video1_normal,normal,3,0.10002142857142857,1,0.27841355195514406,0.28533912056910243,0.2714879833411857,0.17028203419538937,0.0,1.0,0.13034000173342308,0.17874203584689574,0.1545410187901594,0.005183778377446251,0,1,0.0772705093950797,0.5025918891887231,0,1,0,0
P02,V2_video1_normal,normal,4,0.13336190476190476,1,0.276769552668635,0.2846220235436066,0.2689170817936634,0.1663650716144974,0.0,1.0,0.06388698080601662,0.11286984445701165,0.08837841263151414,0.00818050545361835,0,1,0.04418920631575707,0.5040902527268092,0,1,0,0
P02,V2_video1_normal,normal,5,0.16670238095238094,1,0.2832540365592233,0.2903675554549649,0.2761405176634818,0.1642330830432262,0.0,1.0,0.07644140765891738,0.049698728941237946,0.06307006830007766,0.04036146692346455,0,1,0.03153503415003883,0.5201807334617323,0,1,0,0
P02,V2_video1_normal,normal,6,0.20004285714285713,1,0.2889649187464449,0.2968255231249068,0.28110431436798305,0.16266883485309275,0.0,1.0,0.10493411049064527,0.07790007416389966,0.09141709232727246,0.0030567921188537606,0,1,0.04570854616363623,0.5015283960594269,0,1,0,0
P02,V2_video1_normal,normal,7,0.23338333333333333,1,0.2882080117685755,0.2950509842002842,0.28136503933686685,0.1626242829323462,0.0,1.0,0.10033760186147223,0.055940387381054446,0.07813899462126334,0.005403526518496112,0,1,0.03906949731063167,0.5027017632592481,0,1,0,0
P02,V2_video1_normal,normal,8,0.26672380952380953,1,0.29484948223117224,0.3022331739765735,0.287465790485771,0.16043852245051327,0.0,1.0,0.012546480018773898,0.028741434087778295,0.020643957053276096,0.009792814501183326,0,0,0.010321978526638048,0.004896407250591663,0,0,0,0
P02,V2_video1_normal,normal,9,0.30006428571428573,1,0.28589596729903105,0.29128578657748155,0.28050614802058055,0.15871095198040838,0.0,1.0,0.15771615326981525,0.05444424723936914,0.1060802002545922,0.007694208986083721,0,0,0.0530401001272961,0.0038471044930418604,0,0,0,0
P02,V2_video1_normal,normal,10,0.33340476190476187,1,0.27951821340536454,0.2868749780193637,0.2721614487913654,0.1585799649919757,0.0,1.0,0.08646499124782725,0.014219985863911155,0.0503424885558692,0.0041145477525987295,0,0,0.0251712442779346,0.0020572738762993648,0,0,0,0
P02,V2_video1_normal,normal,11,0.36674523809523807,1,0.2871620343482833,0.2925301380079519,0.2817939306886147,0.15873706166234744,0.0,1.0,0.0905637171420387,0.003115482360620092,0.0468395997513294,0.002932441120103135,0,0,0.0234197998756647,0.0014662205600515675,0,0,0,0
P02,V2_video1_normal,normal,12,0.40008571428571427,1,0.2937702742055453,0.2968749773031211,0.2906655711079695,0.15798536345554934,0.0,1.0,0.053159650341931486,0.027997059829519833,0.04057835508572566,0.0042449175449403975,0,0,0.02028917754286283,0.0021224587724701987,0,0,0,0
P02,V2_video1_normal,normal,13,0.43342619047619046,1,0.2944603057470013,0.30222962023248723,0.28669099126151537,0.15750449451097542,0.0,1.0,0.09040841337917627,0.011587308841118138,0.0509978611101472,0.004970794370971014,0,0,0.0254989305550736,0.002485397185485507,0,0,0,0
P02,V2_video1_normal,normal,14,0.46676666666666666,1,0.2862459041612121,0.29335979951528257,0.2791320088071416,0.15795692749899676,0.0,1.0,0.09485416869257646,0.04970085716507755,0.072277512928827,0.003009039995825389,0,0,0.0361387564644135,0.0015045199979126945,0,0,0,0
P02,V2_video1_normal,normal,15,0.5001071428571429,1,0.2881339087708982,0.29694358621008277,0.27932423133171363,0.1579643736357776,0.0,1.0,0.19004627294072307,0.012235038437434786,0.10114065568907893,0.0021455123496918567,0,0,0.050570327844539464,0.0010727561748459283,0,0,0,0
P02,V2_video1_normal,normal,16,0.5334476190476191,1,0.2877233787744633,0.29450366161441843,0.2809430959345081,0.15854278477388548,0.0,1.0,0.05231604147383917,0.012533071013630992,0.03242455624373508,0.007063571053534831,0,0,0.01621227812186754,0.0035317855267674157,0,0,0,0
P02,V2_video1_normal,normal,17,0.5667880952380953,1,0.287533101769805,0.29288735127522936,0.28217885226438066,0.15854757748232032,0.0,1.0,0.046315695527842426,0.017545925555126463,0.031930810541484445,0.006551531054580731,0,0,0.015965405270742222,0.0032757655272903654,0,0,0,0
P02,V2_video1_normal,normal,18,0.6001285714285715,1,0.27201481048686094,0.2788944313647201,0.2651351896090018,0.158717276546916,0.0,1.0,0.0980119601017071,0.11525555374151408,0.10663375692161059,0.005562922223835845,0,0,0.053316878460805295,0.0027814611119179227,0,0,0,0
P02,V2_video1_normal,normal,19,0.6334690476190477,1,0.0864023752743571,0.1008217044360386,0.07198304611267557,0.15931935789657342,0.05,1.0,0.4229607537996586,0.196229887523499,0.3095953206615788,0.006345547834131724,1,0,0.6547976603307895,0.003172773917065862,1,0,1,0
P02,V2_video1_normal,normal,20,0.6668095238095237,1,0.08513519638585146,0.09779473602911046,0.07247565674259245,0.16012153652068273,0.09523809523809523,1.0,0.4985749760111111,0.1609779290106622,0.32977645251088666,0.007061698446216094,1,0,0.6648882262554433,0.003530849223108047,1,0,1,0
P02,V2_video1_normal,normal,21,0.7001499999999999,1,0.07195901695789407,0.0875740877121363,0.05634394620365184,0.1600908325740433,0.13636363636363635,1.0,0.3086044033965871,0.13282839433370952,0.22071639886514832,0.008308487236473358,1,0,0.6103581994325742,0.004154243618236679,1,0,1,0
P02,V2_video1_normal,normal,22,0.7334904761904761,1,0.10394189187935605,0.10970754739114627,0.09817623636756584,0.15854591918575223,0.17391304347826086,1.0,0.6568756971303797,0.15694300295840669,0.4069093500443932,0.011710082227549549,1,0,0.7034546750221966,0.005855041113774774,1,0,1,0
P02,V2_video1_normal,normal,23,0.7668309523809523,1,0.16452813710408432,0.17133051210889613,0.15772576209927247,0.1578409106729507,0.16666666666666666,1.0,0.24705954704409439,0.09944127949221293,0.17325041326815366,0.005044308352445159,0,0,0.08662520663407683,0.0025221541762225795,0,0,0,0
P02,V2_video1_normal,normal,24,0.8001714285714285,1,0.22454786895341566,0.23250702147391594,0.2165887164329154,0.15800227018994023,0.16,1.0,0.16398757067013414,0.19423866891978236,0.17911311979495825,0.004955280859536522,0,0,0.08955655989747913,0.002477640429768261,0,0,0,0
P02,V2_video1_normal,normal,25,0.8335119047619047,1,0.2484217894834887,0.2592226028870873,0.23762097607989008,0.15870318228623512,0.15384615384615385,1.0,0.10871774295647119,0.1747327021023135,0.14172522252939235,0.0023176761684707476,0,0,0.07086261126469617,0.0011588380842353738,0,0,0,0
P02,V2_video1_normal,normal,26,0.8668523809523809,1,0.2699438115224818,0.2810577528474746,0.25882987019748904,0.1595234302495047,0.14814814814814814,1.0,0.05642800266451897,0.03108229428254905,0.04375514847353401,0.0011237437562469045,0,0,0.021877574236767006,0.0005618718781234522,0,0,0,0
P02,V2_video1_normal,normal,27,0.9001928571428571,1,0.2879402849491098,0.2992492764399413,0.27663129345827825,0.1599593190318828,0.14285714285714285,1.0,0.07527613515562614,0.011013394139243737,0.04314476464743494,0.001589961360267318,0,0,0.02157238232371747,0.000794980680133659,0,0,0,0
P02,V2_video1_normal,normal,28,0.9335333333333333,1,0.28944778471568455,0.29903857586383464,0.27985699356753446,0.15988934269399746,0.13793103448275862,1.0,0.009011643702517058,0.037465460567734254,0.023238552135125656,0.0026012125553707827,0,0,0.011619276067562828,0.0013006062776853913,0,0,0,0
P02,V2_video1_normal,normal,29,0.9668738095238095,1,0.2727064238566383,0.28480169082310686,0.2606111568901697,0.1594853633850203,0.13333333333333333,1.0,0.218240683836203,0.08515801835713277,0.15169935109666788,0.0023063570528746424,0,0,0.07584967554833394,0.0011531785264373212,0,0,0,0
P02,V2_video1_normal,normal,30,1.0002142857142857,1,0.28628300626475395,0.2985775061503827,0.2739885063791252,0.1601850896238616,0.12903225806451613,1.0,0.04035432000479522,0.034184748824767186,0.0372695344147812,0.0038396902367398033,0,0,0.0186347672073906,0.0019198451183699017,0,0,0,0
P02,V2_video1_normal,normal,31,1.0335547619047618,1,0.28086984401366377,0.29722466920630775,0.2645150188210198,0.16006041777432087,0.125,1.0,0.025375132052268157,0.08158299019226956,0.053479061122268856,0.005230238141932794,0,0,0.026739530561134428,0.002615119070966397,0,0,0,0
P02,V2_video1_normal,normal,32,1.0668952380952381,1,0.06607796463060005,0.08278165141532828,0.04937427784587181,0.1609371769807832,0.15151515151515152,1.0,0.18437209915352504,0.13064781533164693,0.15750995724258599,0.0013212658262585601,1,0,0.578754978621293,0.0006606329131292801,1,0,0,0
P02,V2_video1_normal,normal,33,1.1002357142857142,1,0.07488808542556316,0.0992023553699785,0.050573815481147824,0.16166563754275368,0.17647058823529413,1.0,0.21983539268696528,0.13140351319935983,0.17561945294316256,0.0016600830443157626,1,0,0.5878097264715813,0.0008300415221578813,1,0,1,0
P02,V2_video1_normal,normal,34,1.1335761904761905,1,0.17776651487279774,0.19151807294842157,0.1640149567971739,0.16223460381319385,0.17142857142857143,1.0,0.11575142146068429,0.754564768780797,0.43515809512074066,0.002452230026728481,0,0,0.21757904756037033,0.0012261150133642405,0,0,0,0
P02,V2_video1_normal,normal,35,1.1669166666666666,1,0.26963723660679273,0.2801541359741856,0.2591203372393999,0.16190239279469268,0.16666666666666666,1.0,0.4000593490853097,0.0854046922643138,0.24273202067481175,0.0004786329431441348,0,0,0.12136601033740588,0.0002393164715720674,0,0,0,0
P02,V2_video1_normal,normal,36,1.200257142857143,1,0.30289420988171145,0.31456639251635743,0.29122202724706553,0.1616557750918297,0.16216216216216217,1.0,0.06314131501392051,0.03428133168552672,0.04871132334972361,0.002161531935038172,0,0,0.024355661674861806,0.001080765967519086,0,0,0,0
P02,V2_video1_normal,normal,37,1.233597619047619,1,0.32034048218991706,0.33332223339233374,0.30735873098750044,0.16124596178881176,0.15789473684210525,1.0,0.07346662443910934,0.09608411536177663,0.08477536990044299,0.005940922736023497,0,0,0.042387684950221494,0.0029704613680117484,0,0,0,0
P02,V2_video1_normal,normal,38,1.2669380952380953,1,0.3255289685171159,0.3358663228400493,0.3151916141941824,0.16307708067450127,0.15384615384615385,1.0,0.01467610954480747,0.02364863434590292,0.019162371945355194,0.0014768406983426778,0,1,0.009581185972677597,0.5007384203491714,0,1,0,0
P02,V2_video1_normal,normal,39,1.3002785714285714,1,0.33378369277964665,0.3424033991349736,0.3251639864243197,0.1633182936815079,0.15,1.0,0.019188616520948942,0.06266116513264541,0.04092489082679718,0.002547098330312902,0,1,0.02046244541339859,0.5012735491651564,0,1,0,0
P02,V2_video1_normal,normal,40,1.3336190476190475,1,0.33200380073693736,0.3415853400255181,0.32242226144835656,0.16226924077824828,0.14634146341463414,1.0,0.05696059314341129,0.057803688643233486,0.057382140893322386,0.0031266062697389327,0,0,0.028691070446661193,0.0015633031348694663,0,0,0,0
P02,V2_video1_normal,normal,41,1.3669595238095238,1,0.3428422431628498,0.3510125966596418,0.33467188966605776,0.16267245323566026,0.14285714285714285,1.0,0.259804179906186,0.007105858858385772,0.13345501938228588,0.002719445965689969,0,1,0.06672750969114294,0.501359722982845,0,1,0,0
P02,V2_video1_normal,normal,42,1.4002999999999999,1,0.34013992443601143,0.34810948304255296,0.3321703658294699,0.1628847335306558,0.13953488372093023,1.0,0.1280218819560085,0.00842317898102618,0.06822253046851734,0.0015914835512162774,0,1,0.03411126523425867,0.5007957417756081,0,1,0,0
P02,V2_video1_normal,normal,43,1.4336404761904762,1,0.3479800945617878,0.3561933743292786,0.33976681479429693,0.16230316454239377,0.13636363636363635,1.0,0.056590786600234866,0.0006712672698576672,0.028631026935046267,0.0011485847908657514,0,0,0.014315513467523133,0.0005742923954328757,0,0,0,0
P02,V2_video1_normal,normal,44,1.4669809523809523,1,0.3460153394325449,0.3548221648023181,0.3372085140627718,0.16283026703583822,0.13333333333333333,1.0,0.004781095202977204,0.040650032074985853,0.02271556363898153,0.0007102979575710101,0,1,0.011357781819490764,0.5003551489787855,0,1,0,0
P02,V2_video1_normal,normal,45,1.5003214285714286,1,0.33410895525177825,0.3425397352116759,0.3256781752918806,0.1639876686165474,0.13043478260869565,1.0,0.009163775800966945,0.003557562962571814,0.006360669381769379,0.0003535326128282346,0,1,0.0031803346908846897,0.5001767663064142,0,1,0,0
P02,V2_video1_normal,normal,46,1.5336619047619047,1,0.31188406962858645,0.3190117418756303,0.3047563973815426,0.1632837229967248,0.1276595744680851,1.0,0.06664169957013721,0.21802966415574265,0.14233568186293993,0.0012860573167112665,0,1,0.07116784093146997,0.5006430286583556,0,1,0,0
P02,V2_video1_normal,normal,47,1.567002380952381,1,0.054079972837173675,0.059996614897010234,0.048163330777337116,0.16133555864051805,0.14583333333333334,1.0,0.3218102997868546,0.08554665087634516,0.20367847533159988,0.006388030350326095,1,0,0.6018392376657999,0.0031940151751630474,1,0,1,0
P02,V2_video1_normal,normal,48,1.600342857142857,1,0.0659534731652283,0.07039877533268055,0.061508170997776064,0.16153870562939804,0.16326530612244897,1.0,0.5839371174190513,0.16905282105329422,0.37649496923617276,0.012236260198612337,1,0,0.6882474846180864,0.006118130099306169,1,0,1,0
P02,V2_video1_normal,normal,49,1.6336833333333334,1,0.11410367899322223,0.1167090511183272,0.11149830686811725,0.1621489608458015,0.18,1.0,0.12134080932322222,0.16613609665674434,0.14373845298998328,0.016784459004215265,1,0,0.5718692264949916,0.008392229502107633,1,0,0,0
P02,V2_video1_normal,normal,50,1.6670238095238095,1,0.24704443457765102,0.251649109293538,0.24243975986176403,0.16267819388449883,0.17647058823529413,1.0,0.11903633187720108,0.3051952822121471,0.2121158070446741,0.019261119009309713,0,1,0.10605790352233704,0.5096305595046549,0,1,0,0
P02,V2_video1_normal,normal,51,1.7003642857142858,1,0.2844695037945295,0.29464763995430954,0.2742913676347495,0.16348240299199648,0.17307692307692307,1.0,0.03580337139537648,0.05847171915385785,0.047137545274617165,0.008021151454548214,0,1,0.023568772637308583,0.5040105757272741,0,1,0,0
P02,V2_video1_normal,normal,52,1.7337047619047619,1,0.3026740602872148,0.31313068613776945,0.2922174344366601,0.16378431629036053,0.16981132075471697,1.0,0.0021391108657389246,0.09152612364026069,0.04683261725299981,0.01445196090038994,0,1,0.023416308626499904,0.507225980450195,0,1,0,0
P02,V2_video1_normal,normal,53,1.767045238095238,1,0.3005079482774874,0.3051342817786898,0.29588161477628494,0.16437142593230447,0.16666666666666666,1.0,0.005644359414711753,0.1249144330413815,0.06527939622804663,0.029769898613059457,0,1,0.03263969811402331,0.5148849493065297,0,1,0,0
P02,V2_video1_normal,normal,54,1.8003857142857143,1,0.30862073064179596,0.31482833981464714,0.3024131214689448,0.163406142628011,0.16363636363636364,1.0,0.0028971885318092028,0.18733266703583673,0.09511492778382297,0.00560434135201199,0,1,0.04755746389191148,0.502802170676006,0,1,0,0
P02,V2_video1_normal,normal,55,1.8337261904761903,1,0.3120611967583121,0.3185106832199598,0.3056117102966645,0.163497850057199,0.16071428571428573,1.0,0.035279526802835304,0.2261575335315844,0.13071853016720986,0.010270652289760589,0,1,0.06535926508360493,0.5051353261448803,0,1,0,0
P02,V2_video1_normal,normal,56,1.8670666666666667,1,0.3130123957746256,0.3185824545502842,0.30744233699896695,0.16323567577720424,0.15789473684210525,1.0,0.07774002828084359,0.049025183981335374,0.06338260613108948,0.017289276107810878,0,1,0.03169130306554474,0.5086446380539055,0,1,0,0
P02,V2_video1_normal,normal,57,1.9004071428571427,1,0.3093433535135035,0.3158514860159318,0.3028352210110752,0.1631932403886194,0.15517241379310345,1.0,0.029768851898216875,0.05246727906093229,0.041118065479574584,0.004698820467670004,0,1,0.020559032739787292,0.502349410233835,0,1,0,0
P02,V2_video1_normal,normal,58,1.933747619047619,1,0.3157447019536307,0.3230028205450183,0.30848658336224316,0.16243890279611414,0.15254237288135594,1.0,0.024998682383413295,0.0017041804299779972,0.013351431406695646,0.0017046120598050484,0,1,0.006675715703347823,0.5008523060299025,0,1,0,0
P02,V2_video1_normal,normal,59,1.9670880952380951,1,0.3175715575145325,0.32400741706752184,0.31113569796154317,0.16246742055654131,0.15,1.0,0.03460542316959536,0.05300917359155677,0.043807298380576065,0.004871116522383641,0,1,0.021903649190288033,0.5024355582611918,0,1,0,0
P02,V2_video1_normal,normal,60,2.0004285714285714,1,0.31457695137212144,0.32191231611257154,0.30724158663167134,0.16136006167260764,0.14754098360655737,1.0,0.029283359429271072,0.00730702760118962,0.018295193515230346,0.0037888253200844403,0,0,0.009147596757615173,0.0018944126600422201,0,0,0,0
P02,V2_video1_normal,normal,61,2.0337690476190478,1,0.31666587705394916,0.32420105435761115,0.3091306997502872,0.16029124632158742,0.14516129032258066,1.0,0.09808868802984261,0.017958151738556305,0.058023419884199456,0.010572483655438643,0,0,0.029011709942099728,0.005286241827719322,0,0,0,0
P02,V2_video1_normal,normal,62,2.0671095238095236,1,0.32062803762904024,0.32588051971434634,0.3153755555437342,0.1602763237348573,0.14285714285714285,1.0,0.18891950621957532,0.008968994320994184,0.09894425027028475,0.008336937293648955,0,0,0.049472125135142375,0.0041684686468244775,0,0,0,0
P02,V2_video1_normal,normal,63,2.10045,1,0.3190355803721776,0.3249298185900276,0.3131413421543276,0.16058421668757106,0.140625,1.0,0.27570747052172173,0.024167037894766485,0.1499372542082441,0.0024838640793979944,0,0,0.07496862710412205,0.0012419320396989972,0,0,0,0
P02,V2_video1_normal,normal,64,2.1337904761904762,1,0.3177316428773612,0.3188571902134701,0.3166060955412523,0.16003754771706247,0.13846153846153847,1.0,0.2030871684560509,0.009320851386374507,0.1062040099212127,0.011030806824953648,0,0,0.05310200496060635,0.005515403412476824,0,0,0,0
P02,V2_video1_normal,normal,65,2.1671309523809525,1,0.32807769817397126,0.33187744294022864,0.3242779534077138,0.16102878632268236,0.13636363636363635,1.0,0.06205056618693894,0.00785955437771646,0.0349550602823277,0.00807045756873423,0,0,0.01747753014116385,0.004035228784367115,0,0,0,0
P02,V2_video1_normal,normal,66,2.2004714285714284,1,0.3300115571069632,0.334768036110979,0.32525507810294746,0.16117840396525923,0.13432835820895522,1.0,0.22349365885494699,0.037526785293236276,0.13051022207409163,0.013432784862324652,0,0,0.06525511103704582,0.006716392431162326,0,0,0,0
P02,V2_video1_normal,normal,67,2.2338119047619047,1,0.3279433028599211,0.33152671405442513,0.3243598916654172,0.1606429375553391,0.1323529411764706,1.0,0.16158157801251605,0.006465878736854003,0.08402372837468502,0.006433108315625216,0,0,0.04201186418734251,0.003216554157812608,0,0,0,0
P02,V2_video1_normal,normal,68,2.267152380952381,1,0.32782263095249153,0.3347972516689565,0.3208480102360266,0.16112460984353402,0.13043478260869565,1.0,0.14062636211683044,0.009884413723134533,0.07525538791998249,0.012668211701995313,0,0,0.03762769395999124,0.0063341058509976565,0,0,0,0
P02,V2_video1_normal,normal,69,2.300492857142857,1,0.32540336121207847,0.32965071699211684,0.32115600543204015,0.160721700275083,0.12857142857142856,1.0,0.050129888211994045,0.0056631536387662385,0.02789652092538014,0.015018965739093143,0,0,0.01394826046269007,0.0075094828695465715,0,0,0,0
P02,V2_video1_normal,normal,70,2.333833333333333,1,0.3375190969652663,0.34546991200874144,0.3295682819217911,0.16194629376368844,0.1267605633802817,1.0,0.06268940203116768,0.0635042653205431,0.06309683367585539,0.002811936208985957,0,0,0.031548416837927695,0.0014059681044929786,0,0,0,0
P02,V2_video1_normal,normal,71,2.3671738095238095,1,0.3242262369545257,0.330897638269681,0.3175548356393704,0.16190836897311367,0.125,1.0,0.10428889109898509,0.01500750722889721,0.05964819916394115,0.007633160142914575,0,0,0.029824099581970576,0.0038165800714572875,0,0,0,0
P02,V2_video1_normal,normal,72,2.400514285714286,1,0.3313957106240156,0.33725592584828196,0.32553549539974924,0.161102347621363,0.1232876712328767,1.0,0.03356615608290747,0.009800812368918499,0.021683484225912986,0.00725514937941557,0,0,0.010841742112956493,0.003627574689707785,0,0,0,0
P02,V2_video1_normal,normal,73,2.4338547619047617,1,0.32730299489234616,0.32860747344997737,0.325998516334715,0.15894667621765302,0.12162162162162163,1.0,0.03808385121380542,0.013551257890253132,0.025817554552029276,0.014005035363415165,0,0,0.012908777276014638,0.0070025176817075825,0,0,0,0
P02,V2_video1_normal,normal,74,2.467195238095238,1,0.3204519057464718,0.3253423281345361,0.3155614833584075,0.1595530051557426,0.12,1.0,0.045902263319351544,0.014435866758206628,0.030169065038779086,0.006832559752386647,0,0,0.015084532519389543,0.0034162798761933236,0,0,0,0
P02,V2_video1_normal,normal,75,2.5005357142857143,1,0.3296840921955254,0.33594556594417546,0.3234226184468754,0.1603413655803865,0.11842105263157894,1.0,0.0975199974426536,0.01625917670305521,0.05688958707285441,0.0028208712345773115,0,0,0.028444793536427204,0.0014104356172886558,0,0,0,0
P02,V2_video1_normal,normal,76,2.5338761904761906,1,0.32585086851468,0.32960315596051065,0.3220985810688493,0.15905249093469198,0.11688311688311688,1.0,0.04430943243415697,0.0020847298576264217,0.023197081145891696,0.006092071112465516,0,0,0.011598540572945848,0.003046035556232758,0,0,0,0
P02,V2_video1_normal,normal,77,2.5672166666666665,1,0.32668784696004727,0.33103900784194934,0.3223366860781452,0.1595280673473609,0.11538461538461539,1.0,0.10884496348575301,0.001875563220713805,0.05536026335323341,0.002791423052992297,0,0,0.027680131676616704,0.0013957115264961485,0,0,0,0
P02,V2_video1_normal,normal,78,2.600557142857143,1,0.3274854753714884,0.3339234250091636,0.3210475257338132,0.15952165760937803,0.11392405063291139,1.0,0.08798707285991225,0.0040194533094233265,0.04600326308466779,0.01696690429713019,0,0,0.023001631542333895,0.008483452148565095,0,0,0,0
P02,V2_video1_normal,normal,79,2.633897619047619,1,0.32763990027368617,0.3340114837980453,0.3212683167493271,0.1603557620488196,0.1125,1.0,0.01838923125796388,0.027116769129487128,0.022753000193725503,0.008427716434289618,0,0,0.011376500096862752,0.004213858217144809,0,0,0,0
P02,V2_video1_normal,normal,80,2.667238095238095,1,0.32635886832781563,0.3322176401614078,0.32050009649422345,0.1604646272605831,0.1111111111111111,1.0,0.020286073291755247,0.026273086930063916,0.02327958011090958,0.006325234596093304,0,0,0.01163979005545479,0.003162617298046652,0,0,0,0
P02,V2_video1_normal,normal,81,2.7005785714285713,1,0.32520652671497485,0.3297128902610791,0.3207001631688707,0.1602843558159732,0.10975609756097561,1.0,0.008112014701950554,0.030855299629486854,0.019483657165718704,0.0034464821656261598,0,0,0.009741828582859352,0.0017232410828130799,0,0,0,0
P02,V2_video1_normal,normal,82,2.7339190476190476,1,0.3306069115231025,0.3343724109267546,0.32684141211945045,0.16066782482844455,0.10843373493975904,1.0,0.01869495429110757,0.0641288350338034,0.041411894662455484,0.0019525914994130726,0,0,0.020705947331227742,0.0009762957497065363,0,0,0,0
P02,V2_video1_normal,normal,83,2.767259523809524,1,0.32629169097352273,0.3311646587135101,0.32141872323353543,0.16056530568837205,0.10714285714285714,1.0,0.04279076758032685,0.011691648516464648,0.02724120804839575,0.006144119485168323,0,0,0.013620604024197874,0.0030720597425841615,0,0,0,0
P02,V2_video1_normal,normal,84,2.8005999999999998,1,0.3268380923285373,0.3324238231142335,0.32125236154284104,0.16201702890749073,0.10588235294117647,1.0,0.09248997241265877,0.02134361404903451,0.05691679323084664,0.0060853562116290885,0,0,0.02845839661542332,0.0030426781058145442,0,0,0,0
P02,V2_video1_normal,normal,85,2.833940476190476,1,0.3270204995070455,0.3322824896689966,0.32175850934509437,0.16239770178780188,0.10465116279069768,1.0,0.09578962940722979,0.031146585961080664,0.06346810768415523,0.006097333901414385,0,0,0.031734053842077614,0.0030486669507071924,0,0,0,0
P02,V2_video1_normal,normal,86,2.8672809523809524,1,0.33446120879741276,0.3386413362238111,0.3302810813710144,0.16255797613570885,0.10344827586206896,1.0,0.06767509090537316,0.013281084155113865,0.04047808753024351,0.02200955386824682,0,1,0.020239043765121756,0.5110047769341234,0,1,0,0
P02,V2_video1_normal,normal,87,2.9006214285714287,1,0.3375514913931299,0.343328131848032,0.3317748509382278,0.16214960982976812,0.10227272727272728,1.0,0.1401517769956404,0.0030203018601883125,0.07158603942791436,0.006589134899218985,0,0,0.03579301971395718,0.0032945674496094924,0,0,0,0
P02,V2_video1_normal,normal,88,2.9339619047619045,1,0.32659389061606175,0.3338312412656807,0.3193565399664428,0.16304476630774403,0.10112359550561797,1.0,0.04870526323962021,0.03629266694871469,0.04249896509416745,0.0025234290090978924,0,1,0.021249482547083726,0.5012617145045489,0,1,0,0
P02,V2_video1_normal,normal,89,2.967302380952381,1,0.33030351382263357,0.3357125517794437,0.3248944758658235,0.16356406979419227,0.1,1.0,0.02866182121038563,0.0037565056986088585,0.016209163454497244,0.006037009276456491,0,1,0.008104581727248622,0.5030185046382283,0,1,0,0
P02,V2_video1_normal,normal,90,3.000642857142857,1,0.3255999571652507,0.33126002904414986,0.3199398852863516,0.16449869870722103,0.0989010989010989,1.0,0.11600354610903851,0.05940231913029548,0.087702932619667,0.003929492025784906,0,1,0.0438514663098335,0.5019647460128924,0,1,0,0
P02,V2_video1_normal,normal,91,3.0339833333333335,1,0.32998594632067046,0.34073898852714735,0.3192329041141936,0.16354629592565761,0.09782608695652174,1.0,0.023098364833892715,0.01706183100079217,0.020080097917342443,0.0018777318516799344,0,1,0.010040048958671222,0.5009388659258399,0,1,0,0
P02,V2_video1_normal,normal,92,3.0673238095238093,1,0.3233539972365434,0.3325994546186787,0.3141085398544081,0.1639074782564187,0.0967741935483871,1.0,0.05105134589933358,0.04945658712381795,0.050253966511575765,0.009651342958171171,0,1,0.025126983255787882,0.5048256714790856,0,1,0,0
P02,V2_video1_normal,normal,93,3.1006642857142857,1,0.3289314597606162,0.33918768036539787,0.31867523915583457,0.16423845501612425,0.09574468085106383,1.0,0.16454681092682943,0.0008820997856753277,0.08271445535625238,0.05454414408990752,0,1,0.04135722767812619,0.5272720720449537,0,1,0,0
P02,V2_video1_normal,normal,94,3.134004761904762,1,0.3299538726751805,0.3379655005872575,0.32194224476310346,0.16350127672276105,0.09473684210526316,1.0,0.12131361305825761,0.0412999682802182,0.0813067906692379,0.014518581521177618,0,1,0.04065339533461895,0.5072592907605888,0,1,0,0
P02,V2_video1_normal,normal,95,3.167345238095238,1,0.3286917211066069,0.33780586286067626,0.3195775793525375,0.16258896536676398,0.09375,1.0,0.01461818379429436,0.17760764899044257,0.09611291639236846,0.007998074558736353,0,1,0.04805645819618423,0.5039990372793681,0,1,0,0
P02,V2_video1_normal,normal,96,3.200685714285714,1,0.3233659096586116,0.3305379356907084,0.31619388362651485,0.1634303411149521,0.09278350515463918,1.0,0.1502950921033116,0.060222925619212275,0.10525900886126194,0.013754753998832248,0,1,0.05262950443063097,0.5068773769994162,0,1,0,0
P02,V2_video1_normal,normal,97,3.2340261904761904,1,0.32042016046283217,0.32919763575317407,0.3116426851724902,0.16330834976038905,0.09183673469387756,1.0,0.13219517518809798,0.2510378333519214,0.1916165042700097,0.020844140438262306,0,1,0.09580825213500485,0.5104220702191311,0,1,0,0
P02,V2_video1_normal,normal,98,3.2673666666666668,1,0.32045794886601076,0.32534554571909574,0.3155703520129257,0.16301954325430656,0.09090909090909091,1.0,0.06431755712611242,0.044725934328727734,0.05452174572742008,0.008663576407710535,0,1,0.02726087286371004,0.5043317882038553,0,1,0,0
P02,V2_video1_normal,normal,99,3.3007071428571426,1,0.3155405635444432,0.32223343212826383,0.3088476949606226,0.1633046312978282,0.09,1.0,0.013694874033121085,0.03488236378269538,0.024288618907908233,0.008332172501372786,0,1,0.012144309453954116,0.5041660862506864,0,1,0,0
P02,V2_video1_normal,normal,100,3.334047619047619,1,0.28146746448450355,0.28769502200101255,0.27523990696799455,0.16321325555286997,0.0891089108910891,1.0,0.09802167727756883,0.04134128809975457,0.0696814826886617,0.023426243302934874,0,1,0.03484074134433085,0.5117131216514674,0,1,0,0
P02,V2_video1_normal,normal,101,3.3673880952380952,1,0.2786612449196404,0.28771830988505065,0.2696041799542301,0.1631268196284163,0.08823529411764706,1.0,0.1423461454905106,0.07900674353977888,0.11067644451514475,0.007255396662230746,0,1,0.05533822225757237,0.5036276983311154,0,1,0,0
P02,V2_video1_normal,normal,102,3.4007285714285715,1,0.06318800665407678,0.07214992893387841,0.054226084374275174,0.16294193428521964,0.0970873786407767,1.0,0.44585120304832815,0.08136645453131963,0.2636088287898239,0.022811860470159793,1,1,0.631804414394912,0.5114059302350799,1,1,1,0
P02,V2_video1_normal,normal,103,3.4340690476190474,1,0.06765919149526385,0.07241061594321646,0.06290776704731124,0.16451858524468574,0.10576923076923077,1.0,0.21782348334039048,0.2874709870122788,0.25264723517633464,0.02421315815763722,1,1,0.6263236175881673,0.5121065790788186,1,1,1,0
P02,V2_video1_normal,normal,104,3.4674095238095237,1,0.1156526539250439,0.11553002277438605,0.11577528507570173,0.16310332697750748,0.11428571428571428,1.0,0.11510002429825983,0.10878092083822721,0.11194047256824352,0.022488409894831484,1,1,0.5559702362841218,0.5112442049474157,1,1,0,0
P02,V2_video1_normal,normal,105,3.50075,1,0.2558962016063173,0.258913796336345,0.2528786068762896,0.163380416927705,0.11320754716981132,1.0,0.16625611025588294,0.3299769073714317,0.24811650881365732,0.028391236949404094,0,1,0.12405825440682866,0.5141956184747021,0,1,0,0
P02,V2_video1_normal,normal,106,3.534090476190476,1,0.2956551644380828,0.30313115232972015,0.2881791765464454,0.1633677410974436,0.11214953271028037,1.0,0.030571505453593217,0.005936663611603943,0.01825408453259858,0.005691522420618627,0,1,0.00912704226629929,0.5028457612103093,0,1,0,0
P02,V2_video1_normal,normal,107,3.567430952380952,1,0.30945227556107796,0.3163970928466721,0.3025074582754838,0.16307417127095175,0.1111111111111111,1.0,0.003357111154809189,0.005048256243376126,0.0042026836990926575,0.0076139899478344895,0,1,0.0021013418495463287,0.5038069949739172,0,1,0,0
P02,V2_video1_normal,normal,108,3.6007714285714285,1,0.3168270225543986,0.3236914953904145,0.3099625497183827,0.16334231764283888,0.11009174311926606,1.0,0.023925661371595575,0.0016707248153969845,0.01279819309349628,0.007066327357962331,0,1,0.00639909654674814,0.5035331636789812,0,1,0,0
P02,V2_video1_normal,normal,109,3.634111904761905,1,0.32456356212483184,0.33189574380515025,0.3172313804445134,0.16227397034933294,0.10909090909090909,1.0,0.029342311198687132,0.02171597970748107,0.0255291454530841,0.009290036215307532,0,0,0.01276457272654205,0.004645018107653766,0,0,0,0
P02,V2_video1_normal,normal,110,3.6674523809523807,1,0.31943574051871537,0.32331906329924465,0.31555241773818604,0.16159737431379356,0.10810810810810811,1.0,0.006261963176255603,0.01873874787163199,0.012500355523943796,0.008171074702569739,0,0,0.006250177761971898,0.0040855373512848694,0,0,0,0
P02,V2_video1_normal,normal,111,3.700792857142857,1,0.32599600431334486,0.3332946271132993,0.3186973815133904,0.16206576222828586,0.10714285714285714,1.0,0.017154714686200778,0.014259463167851316,0.015707088927026047,0.019232068752989905,0,0,0.007853544463513024,0.009616034376494952,0,0,0,0
P02,V2_video1_normal,normal,112,3.7341333333333333,1,0.3264708599683304,0.3333682134344874,0.3195735065021734,0.162972302201504,0.10619469026548672,1.0,0.07618545171232116,0.022649700490142366,0.049417576101231764,0.013929278204763867,0,1,0.024708788050615882,0.506964639102382,0,1,0,0
P02,V2_video1_normal,normal,113,3.7674738095238096,1,0.3234128042985476,0.3302281371665759,0.31659747143051925,0.16227507871051408,0.10526315789473684,1.0,0.033703002365136236,0.014037323338793373,0.023870162851964805,0.007103820406872397,0,0,0.011935081425982402,0.0035519102034361986,0,0,0,0
P02,V2_video1_normal,normal,114,3.8008142857142855,1,0.32006277091897956,0.32645088061936817,0.31367466121859094,0.16221146848136136,0.10434782608695652,1.0,0.018237454909009077,0.0176953573516897,0.01796640613034939,0.016693694724563727,0,0,0.008983203065174694,0.008346847362281863,0,0,0,0
P02,V2_video1_normal,normal,115,3.834154761904762,1,0.3211222258331249,0.32719384409298014,0.31505060757326964,0.16301864837490648,0.10344827586206896,1.0,0.022831421448228584,0.07743759819013618,0.05013450981918238,0.0071652170648810395,0,1,0.02506725490959119,0.5035826085324405,0,1,0,0
P02,V2_video1_normal,normal,116,3.867495238095238,1,0.32756044466848144,0.33355448885559996,0.32156640048136287,0.16347761741457476,0.10256410256410256,1.0,0.023649773894511505,0.004250038079169127,0.013949905986840316,0.014201242191849128,0,1,0.006974952993420158,0.5071006210959246,0,1,0,0
P02,V2_video1_normal,normal,117,3.9008357142857144,1,0.322492040037308,0.33023337471743197,0.31475070535718414,0.16245470976866955,0.1016949152542373,1.0,0.029482880486457974,0.03754663944880987,0.03351475996763392,0.010363450965981751,0,1,0.01675737998381696,0.5051817254829909,0,1,0,0
P02,V2_video1_normal,normal,118,3.9341761904761903,1,0.32046075196905216,0.3258218577030261,0.31509964623507825,0.1615459691795326,0.10084033613445378,1.0,0.09958598358674686,0.032336326541341553,0.06596115506404421,0.002931493219290642,0,0,0.032980577532022104,0.001465746609645321,0,0,0,0
P02,V2_video1_normal,normal,119,3.9675166666666666,1,0.3233102895229014,0.32809822534213545,0.31852235370366744,0.16184268630346066,0.1,1.0,0.27876614483349516,0.02734190503091838,0.15305402493220677,0.007215220322207019,0,0,0.07652701246610338,0.0036076101611035097,0,0,0,0
P02,V2_video1_normal,normal,120,4.000857142857143,1,0.3232306253059572,0.3303987113089494,0.316062539302965,0.1617107249261292,0.09917355371900827,1.0,0.07270937932571153,0.019941696297213207,0.04632553781146237,0.006401157957135505,0,0,0.023162768905731185,0.0032005789785677524,0,0,0,0
P02,V2_video1_normal,normal,121,4.034197619047619,1,0.32016304628763165,0.32906349269742935,0.31126259987783395,0.16254211768911658,0.09836065573770492,1.0,0.357891183066834,0.04258965934994041,0.2002404212083872,0.005151532812862116,0,1,0.1001202106041936,0.5025757664064311,0,1,0,0
P02,V2_video1_normal,normal,122,4.0675380952380955,1,0.32085750549892067,0.32601956344129585,0.31569544755654544,0.16226418118850858,0.0975609756097561,1.0,0.09932107382234712,0.012001434972471525,0.05566125439740932,0.0015518315595649736,0,0,0.02783062719870466,0.0007759157797824868,0,0,0,0
P02,V2_video1_normal,normal,123,4.100878571428571,1,0.3175112528184721,0.3242371437391988,0.31078536189774536,0.16194077091920256,0.0967741935483871,1.0,0.1219492140131716,0.0027622210196787123,0.06235571751642516,0.0027465300050987995,0,0,0.03117785875821258,0.0013732650025493997,0,0,0,0
P02,V2_video1_normal,normal,124,4.134219047619047,1,0.24726267519730827,0.25424288124960165,0.2402824691450149,0.1614901478443545,0.096,1.0,0.21254103758619525,0.263666787640109,0.2381039126131521,0.004973219474148729,0,0,0.11905195630657606,0.0024866097370743645,0,0,0,0
P02,V2_video1_normal,normal,125,4.1675595238095235,1,0.06569036935791037,0.07609266886087025,0.05528806985495047,0.16257794906843503,0.10317460317460317,1.0,0.10576838402050526,0.03862705077990247,0.07219771740020386,0.005193081710489322,1,1,0.5360988587001019,0.5025965408552446,1,1,0,0
P02,V2_video1_normal,normal,126,4.2009,1,0.07569892462463763,0.08321940901081208,0.06817844023846319,0.16245108054831772,0.11023622047244094,1.0,0.12294780862053212,0.31913169357361715,0.22103975109707463,0.005579448988451267,1,1,0.6105198755485373,0.5027897244942257,1,1,1,0
P02,V2_video1_normal,normal,127,4.234240476190476,1,0.1898853689990755,0.1946453859923404,0.18512535200581054,0.1629997382610654,0.109375,1.0,0.08846750978753803,0.2845911975543395,0.18652935367093876,0.0043083503571942254,0,1,0.09326467683546938,0.5021541751785971,0,1,0,0
P02,V2_video1_normal,normal,128,4.2675809523809525,1,0.2605410084335373,0.2662185676706057,0.25486344919646886,0.1619728910149591,0.10852713178294573,1.0,0.18016154049253408,0.10404038240344915,0.14210096144799161,0.004747941196139442,0,0,0.07105048072399581,0.002373970598069721,0,0,0,0
P02,V2_video1_normal,normal,129,4.300921428571429,1,0.29011634857598134,0.2981170989313037,0.28211559822065896,0.16201328357946138,0.1076923076923077,1.0,0.017793094120833186,0.01804708148695855,0.017920087803895868,0.011168100407046477,0,0,0.008960043901947934,0.005584050203523238,0,0,0,0
P02,V2_video1_normal,normal,130,4.334261904761905,1,0.30742680528092053,0.3175099671208963,0.29734364344094477,0.16208213628033313,0.10687022900763359,1.0,0.10809127402655272,0.0995127856006559,0.10380202981360431,0.008226599673287704,0,0,0.051901014906802156,0.004113299836643852,0,0,0,0
P02,V2_video1_normal,normal,131,4.3676023809523805,1,0.31703379599956955,0.3259846833489939,0.3080829086501452,0.16261871935171998,0.10606060606060606,1.0,0.002845580682755644,0.032308697613876114,0.01757713914831588,0.012529524807678612,0,1,0.00878856957415794,0.5062647624038393,0,1,0,0
P02,V2_video1_normal,normal,132,4.400942857142857,1,0.3161419339041883,0.32574421877392173,0.30653964903445496,0.16196703535472162,0.10526315789473684,1.0,0.09866043841450667,0.0056406994866533555,0.05215056895058001,0.010936466239288787,0,0,0.026075284475290006,0.005468233119644394,0,0,0,0
P02,V2_video1_normal,normal,133,4.434283333333333,1,0.32650865622537145,0.3346021559172809,0.31841515653346203,0.1623569841894723,0.1044776119402985,1.0,0.04560883208549993,0.007362005479913281,0.026485418782706605,0.01595323703797643,0,0,0.013242709391353302,0.007976618518988215,0,0,0,0
P02,V2_video1_normal,normal,134,4.467623809523809,1,0.32700588172279554,0.33432276089577917,0.31968900254981186,0.16229575069210136,0.1037037037037037,1.0,0.008873149842779982,0.00507607160533563,0.006974610724057806,0.01270710907372789,0,0,0.003487305362028903,0.006353554536863945,0,0,0,0
P02,V2_video1_normal,normal,135,4.500964285714286,1,0.3226554419748184,0.3317238280839658,0.313587055865671,0.1624700878255651,0.10294117647058823,1.0,0.030916293673524553,0.014645339571826455,0.022780816622675504,0.02460020128759267,0,1,0.011390408311337752,0.5123001006437964,0,1,0,0
P02,V2_video1_normal,normal,136,4.534304761904762,1,0.32823570809301006,0.3362748572562046,0.3201965589298156,0.1629018658946662,0.10218978102189781,1.0,0.04123923625363635,0.004392559604156854,0.0228158979288966,0.0035530846735892948,0,1,0.0114079489644483,0.5017765423367947,0,1,0,0
P02,V2_video1_normal,normal,137,4.567645238095238,1,0.3213037871833312,0.33018834288532306,0.3124192314813394,0.1622959868429391,0.10144927536231885,1.0,0.05202729945385354,0.00880222654491214,0.03041476299938284,0.003888292169138591,0,0,0.01520738149969142,0.0019441460845692955,0,0,0,0
P02,V2_video1_normal,normal,138,4.600985714285714,1,0.33325507170054647,0.3405976951511445,0.32591244824994836,0.1632328305924551,0.10071942446043165,1.0,0.007365051675062295,0.000875300452307104,0.0041201760636847,0.004421506849008124,0,1,0.00206008803184235,0.502210753424504,0,1,0,0
P02,V2_video1_normal,normal,139,4.63432619047619,1,0.33240165003677535,0.3403813725225236,0.32442192755102706,0.16321222022859266,0.1,1.0,0.008566268502610663,0.0014629873887136435,0.005014627945662153,0.0075760473122013965,0,1,0.0025073139728310767,0.5037880236561006,0,1,0,0
P02,V2_video1_normal,normal,140,4.667666666666666,1,0.3181760956569545,0.32632204948217264,0.31003014183173633,0.16267782936914899,0.09929078014184398,1.0,0.042698305193006325,0.0023538341398738893,0.022526069666440107,0.005318873692512791,0,1,0.011263034833220054,0.5026594368462564,0,1,0,0
P02,V2_video1_normal,normal,141,4.701007142857143,1,0.31845874163456095,0.32482826701702033,0.31208921625210156,0.16270011030934892,0.09859154929577464,1.0,0.01363032672992004,0.020890286379670053,0.017260306554795046,0.007607960912979083,0,1,0.008630153277397523,0.5038039804564896,0,1,0,0
P02,V2_video1_normal,normal,142,4.734347619047619,1,0.32771339939207655,0.3324462283794528,0.32298057040470024,0.16223941943142334,0.0979020979020979,1.0,0.1518857323538243,0.0007350998212815041,0.0763104160875529,0.0060598595068356844,0,0,0.03815520804377645,0.0030299297534178422,0,0,0,0
P02,V2_video1_normal,normal,143,4.767688095238095,1,0.3368934603710404,0.34306039206621936,0.33072652867586144,0.16236181189063387,0.09722222222222222,1.0,0.04440069981428352,0.02462971529273328,0.0345152075535084,0.005896770879104879,0,0,0.0172576037767542,0.0029483854395524396,0,0,0,0
P02,V2_video1_normal,normal,144,4.801028571428572,1,0.3363399988281814,0.3434338343228369,0.32924616333352585,0.16271753297026337,0.09655172413793103,1.0,0.03343057809623118,0.04071576224496687,0.037073170170599024,0.006730007595803686,0,1,0.018536585085299512,0.5033650037979018,0,1,0,0
P02,V2_video1_normal,normal,145,4.834369047619047,1,0.33437219107879373,0.34029292780865034,0.32845145434893713,0.1615781378862932,0.0958904109589041,1.0,0.16830224919841563,0.013346969795242969,0.0908246094968293,0.00490377199736994,0,0,0.04541230474841465,0.00245188599868497,0,0,0,0
P02,V2_video1_normal,normal,146,4.867709523809523,1,0.3361794903580603,0.3423474635020893,0.3300115172140312,0.16179465884453018,0.09523809523809523,1.0,0.06269782217356468,0.003402775730117602,0.03305029895184114,0.006103954902382124,0,0,0.01652514947592057,0.003051977451191062,0,0,0,0
P02,V2_video1_normal,normal,147,4.90105,1,0.33545147677150855,0.3395752683891152,0.3313276851539019,0.16085160223413753,0.0945945945945946,1.0,0.18702510234031688,0.00398803325113517,0.09550656779572603,0.010109136465579411,0,0,0.047753283897863014,0.005054568232789706,0,0,0,0
P02,V2_video1_normal,normal,148,4.934390476190476,1,0.3437607021931633,0.3466602037291032,0.34086120065722336,0.16110122855695166,0.09395973154362416,1.0,0.06466076982062585,0.0007853276179988766,0.032723048719312364,0.002943289803399201,0,0,0.016361524359656182,0.0014716449016996004,0,0,0,0
P02,V2_video1_normal,normal,149,4.967730952380952,1,0.34030876060335835,0.34416082833273764,0.33645669287397906,0.1613216753012365,0.09333333333333334,1.0,0.008420005399380592,0.005691263372113564,0.007055634385747078,0.0027106650367420145,0,0,0.003527817192873539,0.0013553325183710073,0,0,0,0
P02,V2_video1_normal,normal,150,5.001071428571429,1,0.3406119556610139,0.34542208272052066,0.3358018286015071,0.16120268537866683,0.09271523178807947,1.0,0.04736231119792733,0.0008277355581719492,0.02409502337804964,0.004482735670184897,0,0,0.01204751168902482,0.0022413678350924485,0,0,0,0
P02,V2_video1_normal,normal,151,5.034411904761905,1,0.34186049111011124,0.3465256428661259,0.33719533935409657,0.16092263767885037,0.09210526315789473,1.0,0.1146343374786537,0.002350878723034633,0.05849260810084417,0.013529335475352249,0,0,0.029246304050422084,0.006764667737676124,0,0,0,0
P02,V2_video1_normal,normal,152,5.067752380952381,1,0.33751412046457496,0.34213720824257143,0.3328910326865785,0.1607775705921279,0.0915032679738562,1.0,0.02389030324389485,0.0019444422684773421,0.012917372756186096,0.015029070471843235,0,0,0.006458686378093048,0.0075145352359216174,0,0,0,0
P02,V2_video1_normal,normal,153,5.101092857142857,1,0.33218876309405276,0.335204217256147,0.32917330893195856,0.1595609381764909,0.09090909090909091,1.0,0.15859755044714507,0.0016526513575397805,0.08012510090234243,0.019259948067241878,0,0,0.040062550451171214,0.009629974033620939,0,0,0,0
P02,V2_video1_normal,normal,154,5.134433333333333,1,0.3381241338533536,0.3411775351108155,0.33507073259589165,0.15903376620696474,0.09032258064516129,1.0,0.30639592592448983,0.002764428564475452,0.15458017724448264,0.0068220192647625785,0,0,0.07729008862224132,0.0034110096323812893,0,0,0,0
P02,V2_video1_normal,normal,155,5.167773809523809,1,0.33901036171017496,0.34068168245078795,0.337339040969562,0.1594498945268397,0.08974358974358974,1.0,0.17804429410042721,0.0014914959232826819,0.08976789501185495,0.0045905853748346255,0,0,0.044883947505927474,0.0022952926874173127,0,0,0,0
P02,V2_video1_normal,normal,156,5.201114285714286,1,0.33668600253257197,0.33918120577153255,0.3341907992936114,0.15972073609076295,0.08917197452229299,1.0,0.07799161045637204,0.0008300798394982323,0.039410845147935136,0.006947870262544083,0,0,0.019705422573967568,0.0034739351312720415,0,0,0,0
P02,V2_video1_normal,normal,157,5.234454761904762,1,0.33389670426244167,0.3359404554975433,0.3318529530273401,0.16002739962354262,0.08860759493670886,1.0,0.0507628450648997,0.008325205557766724,0.02954402531133321,0.0018948113871433579,0,0,0.014772012655666605,0.0009474056935716789,0,0,0,0
P02,V2_video1_normal,normal,158,5.267795238095238,1,0.3368278205411519,0.3403658889372398,0.33328975214506407,0.15966045599198866,0.0880503144654088,1.0,0.07243435339049209,0.006199870094588111,0.0393171117425401,0.0019232258665742785,0,0,0.01965855587127005,0.0009616129332871392,0,0,0,0
P02,V2_video1_normal,normal,159,5.3011357142857145,1,0.33775458390995494,0.33995138819944737,0.3355577796204625,0.15982561222710254,0.0875,1.0,0.17026075020162557,0.009834368227886081,0.09004755921475582,0.0038145737429757286,0,0,0.04502377960737791,0.0019072868714878643,0,0,0,0
P02,V2_video1_normal,normal,160,5.33447619047619,1,0.33670069441308303,0.3408023211898926,0.33259906763627345,0.16009592350174484,0.08695652173913043,1.0,0.06589017645873951,0.009010106563480003,0.03745014151110976,0.014540989944237666,0,0,0.01872507075555488,0.007270494972118833,0,0,0,0
P02,V2_video1_normal,normal,161,5.367816666666666,1,0.3356669711369539,0.34020175623292814,0.33113218604097955,0.16007214902854477,0.08641975308641975,1.0,0.057334486298768694,0.04760466734252189,0.05246957682064529,0.011369161553176452,0,0,0.026234788410322646,0.005684580776588226,0,0,0,0
P02,V2_video1_normal,normal,162,5.4011571428571425,1,0.34192687111549425,0.3455694258368142,0.3382843163941742,0.15988618967695203,0.08588957055214724,1.0,0.059197143790232554,0.025743720702562922,0.04247043224639774,0.013616268464905728,0,0,0.02123521612319887,0.006808134232452864,0,0,0,0
P02,V2_video1_normal,normal,163,5.434497619047619,1,0.3391322668177372,0.34232524033821937,0.3359392932972551,0.1595545837205179,0.08536585365853659,1.0,0.07166065493415186,0.02913900458787122,0.05039982976101154,0.01881271636835698,0,0,0.02519991488050577,0.00940635818417849,0,0,0,0
P02,V2_video1_normal,normal,164,5.467838095238095,1,0.33273085612112985,0.33593880962990713,0.3295229026123525,0.15964009225375447,0.08484848484848485,1.0,0.11380573555725759,0.0326978661488605,0.07325180085305905,0.00919215639648222,0,0,0.03662590042652952,0.00459607819824111,0,0,0,0
P02,V2_video1_normal,normal,165,5.5011785714285715,1,0.33174029878167505,0.3359502981244944,0.3275302994388557,0.16001813039594592,0.08433734939759036,1.0,0.11335223425965435,0.012901840863380198,0.06312703756151727,0.0191961204509258,0,0,0.03156351878075864,0.0095980602254629,0,0,0,0
P02,V2_video1_normal,normal,166,5.534519047619048,1,0.32901449274156086,0.3340530402329659,0.32397594525015583,0.16063551525457756,0.08383233532934131,1.0,0.06272168731089744,0.024424254625653563,0.043572970968275504,0.013349368733575524,0,0,0.021786485484137752,0.006674684366787762,0,0,0,0
P02,V2_video1_normal,normal,167,5.567859523809524,1,0.3313951778839132,0.3357705775791399,0.3270197781886865,0.1603031599123484,0.08333333333333333,1.0,0.07461007982984191,0.004745298871216885,0.0396776893505294,0.004386210160820775,0,0,0.0198388446752647,0.0021931050804103874,0,0,0,0
P02,V2_video1_normal,normal,168,5.6011999999999995,1,0.3271408086480912,0.3303522744728042,0.3239293428233782,0.1603061094633956,0.08284023668639054,1.0,0.07275834237080625,0.007912095980049605,0.04033521917542793,0.006536452668555649,0,0,0.020167609587713964,0.0032682263342778245,0,0,0,0
P02,V2_video1_normal,normal,169,5.634540476190476,1,0.33291806785310407,0.3369294239632897,0.3289067117429185,0.16024669300558642,0.08235294117647059,1.0,0.020209981026435897,0.002306847562385861,0.011258414294410879,0.02027956366852402,0,0,0.0056292071472054395,0.01013978183426201,0,0,0,0
P02,V2_video1_normal,normal,170,5.667880952380952,1,0.33647034922179053,0.33861927464211183,0.3343214238014692,0.1597814516256625,0.08187134502923976,1.0,0.1401318671489814,0.00938080930096774,0.07475633822497457,0.006969063473936983,0,0,0.037378169112487286,0.0034845317369684914,0,0,0,0
P02,V2_video1_normal,normal,171,5.701221428571428,1,0.3302946122887114,0.3331365483718623,0.3274526762055605,0.16009388106316605,0.08139534883720931,1.0,0.07593943340108511,0.013576854907660585,0.04475814415437285,0.018088436802306443,0,0,0.022379072077186424,0.009044218401153221,0,0,0,0
P02,V2_video1_normal,normal,172,5.734561904761905,1,0.3297910348878731,0.33327383241614456,0.3263082373596016,0.16034928953371716,0.08092485549132948,1.0,0.16780069935665942,0.0020329790241051526,0.08491683919038229,0.023595762141981134,0,0,0.042458419595191144,0.011797881070990567,0,0,0,0
P02,V2_video1_normal,normal,173,5.767902380952381,1,0.3300261459473248,0.3315652328015887,0.328487059093061,0.16006696327720807,0.08045977011494253,1.0,0.035504174499530916,0.03492549980469872,0.03521483715211482,0.007813189874413498,0,0,0.01760741857605741,0.003906594937206749,0,0,0,0
P02,V2_video1_normal,normal,174,5.801242857142857,1,0.3325714794331958,0.3354999198988138,0.32964303896757785,0.16069140993573267,0.08,1.0,0.05476162024674924,0.002486594740770731,0.028624107493759987,0.014843121460082065,0,0,0.014312053746879994,0.007421560730041033,0,0,0,0
P02,V2_video1_normal,normal,175,5.834583333333333,1,0.3316070057444295,0.3338797013550547,0.3293343101338042,0.16043797548813452,0.07954545454545454,1.0,0.09554351223580404,0.018316986780322453,0.056930249508063246,0.011832730195028058,0,0,0.028465124754031623,0.005916365097514029,0,0,0,0
P02,V2_video1_normal,normal,176,5.867923809523809,1,0.3305966985739325,0.3317381012656867,0.3294552958821782,0.1604560187636404,0.07909604519774012,1.0,0.1542740542247073,0.008277643515851918,0.08127584887027961,0.010998046781966662,0,0,0.040637924435139805,0.005499023390983331,0,0,0,0
P02,V2_video1_normal,normal,177,5.901264285714285,1,0.33210637673364185,0.33473621397213454,0.3294765394951491,0.1605949403384923,0.07865168539325842,1.0,0.2995867549278647,0.0039089800610887515,0.15174786749447672,0.0033972515143823457,0,0,0.07587393374723836,0.0016986257571911729,0,0,0,0
P02,V2_video1_normal,normal,178,5.934604761904762,1,0.32697881565571507,0.32741785551837127,0.3265397757930589,0.16039834775548903,0.0782122905027933,1.0,0.046059445715364467,0.01816406928153813,0.0321117574984513,0.007873949716887938,0,0,0.01605587874922565,0.003936974858443969,0,0,0,0
P02,V2_video1_normal,normal,179,5.967945238095238,1,0.32914914959029107,0.32808202651375123,0.33021627266683085,0.16062530419731663,0.07777777777777778,1.0,0.034727136063717245,0.009258062252904597,0.02199259915831092,0.010415339767873266,0,0,0.01099629957915546,0.005207669883936633,0,0,0,0
P02,V2_video1_normal,normal,180,6.001285714285714,1,0.3266267154895772,0.3243152435254243,0.3289381874537301,0.16032697573763524,0.07734806629834254,1.0,0.049674311221219236,0.004541541398291438,0.027107926309755337,0.005273854131788512,0,0,0.013553963154877668,0.002636927065894256,0,0,0,0
P02,V2_video1_normal,normal,181,6.034626190476191,1,0.32077556065911605,0.3204379138348301,0.32111320748340194,0.1603320879092285,0.07692307692307693,1.0,0.04681260574059476,0.0042484623409579925,0.025530534040776376,0.006772935462136843,0,0,0.012765267020388188,0.0033864677310684213,0,0,0,0
P02,V2_video1_normal,normal,182,6.067966666666667,1,0.3208923712988203,0.3196481581138505,0.32213658448379007,0.1601969090732543,0.07650273224043716,1.0,0.024241486202367768,0.010092620728188728,0.017167053465278248,0.005507487294354506,0,0,0.008583526732639124,0.002753743647177253,0,0,0,0
P02,V2_video1_normal,normal,183,6.101307142857142,1,0.3200636569068896,0.3193550358019399,0.3207722780118393,0.16026408328986252,0.07608695652173914,1.0,0.03012147640188423,0.007674309256256007,0.018897892829070118,0.004905312602377968,0,0,0.009448946414535059,0.002452656301188984,0,0,0,0
P02,V2_video1_normal,normal,184,6.134647619047619,1,0.322769776140313,0.32243816270234565,0.3231013895782803,0.16040031916050823,0.07567567567567568,1.0,0.02261731217131613,0.06783793293339468,0.045227622552355407,0.008852106443329247,0,0,0.022613811276177703,0.004426053221664623,0,0,0,0
P02,V2_video1_normal,normal,185,6.167988095238095,1,0.3230159274557386,0.3223260773479036,0.32370577756357355,0.1605859202915197,0.07526881720430108,1.0,0.08617759030512062,0.035068130640377615,0.06062286047274912,0.00429435705743864,0,0,0.03031143023637456,0.00214717852871932,0,0,0,0
P02,V2_video1_normal,normal,186,6.201328571428571,1,0.32528812271055474,0.3246611572152859,0.32591508820582366,0.16058379893247476,0.0748663101604278,1.0,0.10507531480777499,0.051166323547096604,0.0781208191774358,0.004640163114136004,0,0,0.0390604095887179,0.002320081557068002,0,0,0,0
P02,V2_video1_normal,normal,187,6.234669047619048,1,0.3272351163811654,0.3249467482607357,0.32952348450159513,0.16059445375453674,0.07446808510638298,1.0,0.04232918195859592,0.015183072768954364,0.02875612736377514,0.00974010485860229,0,0,0.01437806368188757,0.004870052429301145,0,0,0,0
P02,V2_video1_normal,normal,188,6.268009523809524,1,0.3307921238106577,0.3291617485692506,0.3324224990520648,0.1605012703044311,0.07407407407407407,1.0,0.03127744103485208,0.044334568419982956,0.03780600472741752,0.009068255250778765,0,0,0.01890300236370876,0.004534127625389382,0,0,0,0
P02,V2_video1_normal,normal,189,6.30135,1,0.32792369291029566,0.32640054558371556,0.3294468402368757,0.1603554559905762,0.07368421052631578,1.0,0.04388000334146169,0.021991009359137337,0.032935506350299515,0.007297034991168749,0,0,0.016467753175149757,0.0036485174955843743,0,0,0,0
P02,V2_video1_normal,normal,190,6.334690476190476,1,0.32672035411951,0.3258842682082869,0.3275564400307331,0.16028686052764082,0.07329842931937172,1.0,0.06096232271919155,0.012983004477196691,0.03697266359819412,0.006730941603621484,0,0,0.01848633179909706,0.003365470801810742,0,0,0,0
P02,V2_video1_normal,normal,191,6.368030952380952,1,0.3348569218134056,0.33263515989911085,0.33707868372770033,0.1605996751602389,0.07291666666666667,1.0,0.1646552943501124,0.03378949050427427,0.09922239242719333,0.00734380669436367,0,0,0.049611196213596664,0.003671903347181835,0,0,0,0
P02,V2_video1_normal,normal,192,6.401371428571428,1,0.33198471404772617,0.3298134112637346,0.33415601683171775,0.1604259840921652,0.07253886010362694,1.0,0.1661706316560143,0.09664582882127248,0.1314082302386434,0.004933205578573057,0,0,0.0657041151193217,0.0024666027892865285,0,0,0,0
P02,V2_video1_normal,normal,193,6.434711904761905,1,0.3303644500333186,0.3297336775841371,0.3309952224825002,0.16121754212858327,0.07216494845360824,1.0,0.059460893387611624,0.007158259706554482,0.03330957654708305,0.0010761823184432474,0,0,0.016654788273541526,0.0005380911592216237,0,0,0,0
P02,V2_video1_normal,normal,194,6.468052380952381,1,0.32862755241629515,0.32755655084186225,0.329698553990728,0.16064144103345687,0.07179487179487179,1.0,0.12255232140695493,0.09428594017358116,0.10841913079026805,0.00184398763792711,0,0,0.054209565395134024,0.000921993818963555,0,0,0,0
P02,V2_video1_normal,normal,195,6.501392857142857,1,0.3192142087654587,0.31956688650629184,0.31886153102462556,0.1600621576500782,0.07142857142857142,1.0,0.07544763723902592,0.030267523414535202,0.05285758032678056,0.0039555763441501135,0,0,0.02642879016339028,0.0019777881720750567,0,0,0,0
P02,V2_video1_normal,normal,196,6.5347333333333335,1,0.31896536556182087,0.32052990301654083,0.31740082810710085,0.16066091806551316,0.07106598984771574,1.0,0.024630310965116586,0.0013394265067541156,0.012984868735935351,0.0032463523737243294,0,0,0.0064924343679676755,0.0016231761868621647,0,0,0,0
P02,V2_video1_normal,normal,197,6.568073809523809,1,0.33111073971039295,0.3311093247348177,0.3311121546859683,0.16119237276716608,0.0707070707070707,1.0,0.10501656761417055,0.0038415656382400076,0.05442906662620528,0.00772858356653628,0,0,0.02721453331310264,0.00386429178326814,0,0,0,0
P02,V2_video1_normal,normal,198,6.601414285714285,1,0.3234542257647814,0.3248749528819378,0.322033498647625,0.16106056758327492,0.07035175879396985,1.0,0.05612618223128074,0.041676291989479974,0.04890123711038036,0.005157570041534246,0,0,0.02445061855519018,0.002578785020767123,0,0,0,0
P02,V2_video1_normal,normal,199,6.6347547619047615,1,0.3290485012827701,0.33123048540624983,0.3268665171592903,0.16182481555194517,0.07,1.0,0.16470809792155205,0.029783047563075038,0.09724557274231355,0.003154979458063462,0,0,0.04862278637115677,0.001577489729031731,0,0,0,0
P02,V2_video1_normal,normal,200,6.668095238095238,1,0.3306304963542671,0.33198434753798506,0.3292766451705491,0.16213375924534124,0.06965174129353234,1.0,0.03855480774524289,0.010358141266693988,0.02445647450596844,0.004357265431347876,0,0,0.01222823725298422,0.002178632715673938,0,0,0,0
P02,V2_video1_normal,normal,201,6.701435714285714,1,0.3260065498556108,0.3265216219689749,0.3254914777422467,0.16121825503633533,0.06930693069306931,1.0,0.06895710955011802,0.031074798967969497,0.05001595425904376,0.0037803253422537602,0,0,0.02500797712952188,0.0018901626711268801,0,0,0,0
P02,V2_video1_normal,normal,202,6.7347761904761905,1,0.32739340007026163,0.32883872776330186,0.3259480723772214,0.1613205105985167,0.06896551724137931,1.0,0.04627668298590215,0.017404973375107158,0.031840828180504654,0.004808225932379341,0,0,0.015920414090252327,0.0024041129661896703,0,0,0,0
P02,V2_video1_normal,normal,203,6.768116666666667,1,0.33295452024215355,0.33493304425391535,0.3309759962303917,0.16158648413221458,0.06862745098039216,1.0,0.07494427045299401,0.035217162866068796,0.055080716659531404,0.007228348303501161,0,0,0.027540358329765702,0.0036141741517505804,0,0,0,0
P02,V2_video1_normal,normal,204,6.801457142857143,1,0.334435638530442,0.33574103226534097,0.33313024479554304,0.1621894846158049,0.06829268292682927,1.0,0.21361862300929557,0.022914067257172155,0.11826634513323386,0.004515428478102425,0,0,0.05913317256661693,0.0022577142390512125,0,0,0,0
P02,V2_video1_normal,normal,205,6.8347976190476185,1,0.3283340473324028,0.3296119684540122,0.3270561262107934,0.1622999652100585,0.06796116504854369,1.0,0.14064484668869337,0.09954111876234983,0.1200929827255216,0.003559238485756238,0,0,0.0600464913627608,0.001779619242878119,0,0,0,0
P02,V2_video1_normal,normal,206,6.868138095238095,1,0.3291960431931613,0.33003366334579837,0.32835842304052426,0.16048173559792353,0.06763285024154589,1.0,0.0403663522721287,0.04185390085985985,0.041110126565994276,0.013778112110170005,0,0,0.020555063282997138,0.006889056055085003,0,0,0,0
P02,V2_video1_normal,normal,207,6.901478571428571,1,0.3296721268820541,0.3294619439523643,0.32988230981174393,0.16120148630230569,0.0673076923076923,1.0,0.12625357325065645,0.011500611641853564,0.068877092446255,0.01704422275400209,0,0,0.0344385462231275,0.008522111377001046,0,0,0,0
P02,V2_video1_normal,normal,208,6.934819047619047,1,0.32961271190205493,0.3314572474358692,0.3277681763682407,0.16086820945108127,0.06698564593301436,1.0,0.07743397026760279,0.0010830423034461356,0.039258506285524464,0.006482745288186485,0,0,0.019629253142762232,0.0032413726440932425,0,0,0,0
P02,V2_video1_normal,normal,209,6.968159523809524,1,0.3366240332377128,0.3365332947762911,0.33671477169913444,0.16120404237805996,0.06666666666666667,1.0,0.03642062576848992,0.0018211129161155304,0.019120869342302727,0.003257006902503528,0,0,0.009560434671151363,0.001628503451251764,0,0,0,0
P02,V2_video1_normal,normal,210,7.0015,1,0.3343202659786044,0.336836129552987,0.33180440240422193,0.16134017020554778,0.06635071090047394,1.0,0.09096342684376535,0.05289216074210068,0.07192779379293301,0.0019119695398665158,0,0,0.03596389689646651,0.0009559847699332579,0,0,0,0
P02,V2_video1_normal,normal,211,7.034840476190476,1,0.33673750930698576,0.33770010051061033,0.33577491810336124,0.1608248063940714,0.0660377358490566,1.0,0.041181027853407826,0.005449923487373498,0.023315475670390662,0.0036973452346033176,0,0,0.011657737835195331,0.0018486726173016588,0,0,0,0
P02,V2_video1_normal,normal,212,7.068180952380952,1,0.3320894223236971,0.33400727771583666,0.33017156693155747,0.16111621879261254,0.06572769953051644,1.0,0.025456552476891936,0.01670480528094853,0.021080678878920234,0.0029612600171205097,0,0,0.010540339439460117,0.0014806300085602549,0,0,0,0
P02,V2_video1_normal,normal,213,7.101521428571428,1,0.33237146733193235,0.33345806212669404,0.3312848725371707,0.16106390723343617,0.06542056074766354,1.0,0.05633546893211283,0.006050420629047482,0.031192944780580156,0.00398824349716263,0,0,0.015596472390290078,0.001994121748581315,0,0,0,0
P02,V2_video1_normal,normal,214,7.134861904761904,1,0.3324987316576069,0.3347899441603447,0.3302075191548691,0.16110176914017485,0.06511627906976744,1.0,0.05164273361415639,0.004790324882927743,0.028216529248542066,0.0024198004854471774,0,0,0.014108264624271033,0.0012099002427235887,0,0,0,0
P02,V2_video1_normal,normal,215,7.168202380952381,1,0.3339152789456079,0.33699557435642863,0.3308349835347872,0.16163257885661322,0.06481481481481481,1.0,0.08967578722363523,0.0027875313490067777,0.046231659286321,0.0035260863586920907,0,0,0.0231158296431605,0.0017630431793460453,0,0,0,0
P02,V2_video1_normal,normal,216,7.201542857142857,1,0.33842054065358895,0.3406707594570378,0.3361703218501402,0.16122009248038846,0.06451612903225806,1.0,0.1412920463366487,0.005591380284626468,0.07344171331063759,0.0011909288160418716,0,0,0.036720856655318795,0.0005954644080209358,0,0,0,0
P02,V2_video1_normal,normal,217,7.234883333333333,1,0.34158833127071053,0.34294352692393654,0.3402331356174845,0.1607761477986589,0.06422018348623854,1.0,0.22892400650854705,0.0002584892544494899,0.11459124788149827,0.0011791689552473619,0,0,0.057295623940749135,0.0005895844776236809,0,0,0,0
P02,V2_video1_normal,normal,218,7.26822380952381,1,0.341962757643401,0.3456734715907895,0.33825204369601247,0.1610896259989835,0.0639269406392694,1.0,0.2323279199645203,0.0007608533225346159,0.11654438664352745,0.0025985343114347916,0,0,0.05827219332176373,0.0012992671557173958,0,0,0,0
P02,V2_video1_normal,normal,219,7.301564285714286,1,0.3369252558691189,0.3393877628294852,0.3344627489087526,0.16100430572435728,0.06363636363636363,1.0,0.23151845123936154,0.002256398657075831,0.11688742494821869,0.004583222175101213,0,0,0.058443712474109344,0.0022916110875506063,0,0,0,0
P02,V2_video1_normal,normal,220,7.334904761904761,1,0.33442406580817274,0.33544152042450853,0.33340661119183695,0.1605098141794804,0.06334841628959276,1.0,0.07885199530044917,0.0023005797386933535,0.040576287519571264,0.002935180597012082,0,0,0.020288143759785632,0.001467590298506041,0,0,0,0
P02,V2_video1_normal,normal,221,7.368245238095238,1,0.33317527994283636,0.3368823538949726,0.3294682059907001,0.16187389376878017,0.06306306306306306,1.0,0.11097493770546207,0.005494892297584597,0.058234915001523335,0.006223816560289282,0,0,0.029117457500761668,0.003111908280144641,0,0,0,0
P02,V2_video1_normal,normal,222,7.401585714285714,1,0.33804775205636295,0.34271011969014137,0.3333853844225846,0.16227018562727807,0.06278026905829596,1.0,0.1989763709028357,0.002222241531550928,0.10059930621719332,0.008071369939420349,0,0,0.05029965310859666,0.0040356849697101745,0,0,0,0
P02,V2_video1_normal,normal,223,7.43492619047619,1,0.33638545254480323,0.3414165519798522,0.33135435310975425,0.16220621946069633,0.0625,1.0,0.0251697376663359,0.006393377534094857,0.01578155760021538,0.019173150988929282,0,0,0.00789077880010769,0.009586575494464641,0,0,0,0
P02,V2_video1_normal,normal,224,7.468266666666667,1,0.3394019923774048,0.34360697707179344,0.3351970076830162,0.16204022348178312,0.06222222222222222,1.0,0.22341228247862888,0.0035557885432526692,0.11348403551094077,0.006300995932213634,0,0,0.056742017755470386,0.003150497966106817,0,0,0,0
P02,V2_video1_normal,normal,225,7.501607142857143,1,0.3328043375054859,0.33748843091095304,0.32812024410001867,0.16217342018975148,0.061946902654867256,1.0,0.19958147455952835,0.04842329031089476,0.12400238243521156,0.006416114724501829,0,0,0.06200119121760578,0.0032080573622509144,0,0,0,0
P02,V2_video1_normal,normal,226,7.534947619047619,1,0.33451678794789985,0.33987763123479553,0.32915594466100423,0.161931317150502,0.06167400881057269,1.0,0.3461563002349166,0.03717617450431265,0.19166623736961463,0.0064005817562896306,0,0,0.09583311868480732,0.0032002908781448153,0,0,0,0
P02,V2_video1_normal,normal,227,7.568288095238095,1,0.33619050208326895,0.3409944291220759,0.33138657504446195,0.1618253068818895,0.06140350877192982,1.0,0.4867934491934931,0.005029065214665951,0.24591125720407953,0.004637888656726688,0,0,0.12295562860203976,0.002318944328363344,0,0,0,0
P02,V2_video1_normal,normal,228,7.601628571428571,1,0.3331215674215344,0.33879249173286763,0.3274506431102012,0.1620717511093561,0.0611353711790393,1.0,0.09150190124260471,0.009389839870511008,0.05044587055655786,0.006888130610384885,0,0,0.02522293527827893,0.0034440653051924426,0,0,0,0
P02,V2_video1_normal,normal,229,7.634969047619047,1,0.3377401946830989,0.34055604531846234,0.33492434404773547,0.16176647994705923,0.06086956521739131,1.0,0.07807130068601309,0.01007060642281643,0.04407095355441476,0.007800402948176168,0,0,0.02203547677720738,0.003900201474088084,0,0,0,0
P02,V2_video1_normal,normal,230,7.668309523809524,1,0.3352439233414251,0.3370163257942137,0.3334715208886365,0.16134189694649725,0.06060606060606061,1.0,0.3863471769224204,0.06859329781268597,0.22747023736755317,0.0064307741130504486,0,0,0.11373511868377659,0.0032153870565252243,0,0,0,0
P02,V2_video1_normal,normal,231,7.70165,1,0.32991482917648485,0.33288921611578337,0.3269404422371864,0.16155743269076053,0.0603448275862069,1.0,0.26506483742470566,0.15848314317830425,0.21177399030150496,0.0031440089696682513,0,0,0.10588699515075248,0.0015720044848341256,0,0,0,0
P02,V2_video1_normal,normal,232,7.734990476190476,1,0.3279233324663271,0.3314208458186992,0.32442581911395507,0.161998580125518,0.060085836909871244,1.0,0.19189172635804785,0.11730776933892817,0.154599747848488,0.0029664003239178336,0,0,0.077299873924244,0.0014832001619589168,0,0,0,0
P02,V2_video1_normal,normal,233,7.7683309523809525,1,0.3339194787524106,0.3349122886912849,0.33292666881353633,0.16135510926457244,0.05982905982905983,1.0,0.23561800218535867,0.21417178619976618,0.22489489419256242,0.003075223659438109,0,0,0.11244744709628121,0.0015376118297190545,0,0,0,0
P02,V2_video1_normal,normal,234,7.801671428571429,1,0.3325123831593914,0.333274266479778,0.33175049983900484,0.1613439092156417,0.059574468085106386,1.0,0.23929120877894983,0.03649866237306165,0.13789493557600574,0.0042721190466144185,0,0,0.06894746778800287,0.0021360595233072092,0,0,0,0
P02,V2_video1_normal,normal,235,7.835011904761904,1,0.3214009114021289,0.32236561246496,0.32043621033929787,0.15984565831923958,0.059322033898305086,1.0,0.20023802820040593,0.009611630787041192,0.10492482949372356,0.0010622557549510709,0,0,0.05246241474686178,0.0005311278774755354,0,0,0,0
P02,V2_video1_normal,normal,236,7.8683523809523805,1,0.3257294130348293,0.32786145376828085,0.32359737230137764,0.16061411326027378,0.05907172995780591,1.0,0.07840357186506719,0.09094907562412846,0.08467632374459783,0.0006929619012356128,0,0,0.04233816187229891,0.0003464809506178064,0,0,0,0
P02,V2_video1_normal,normal,237,7.901692857142857,1,0.32730475061833764,0.3301841914031369,0.32442530983353846,0.16085572743088827,0.058823529411764705,1.0,0.15307909102875716,0.030044064189094666,0.09156157760892591,0.0015170650004267352,0,0,0.04578078880446296,0.0007585325002133676,0,0,0,0
P02,V2_video1_normal,normal,238,7.935033333333333,1,0.31709915790470306,0.32033352500510914,0.31386479080429697,0.1609752702389497,0.058577405857740586,1.0,0.4128528427080965,0.007482167237845894,0.2101675049729712,0.0027619530803894904,0,0,0.1050837524864856,0.0013809765401947452,0,0,0,0
P02,V2_video1_normal,normal,239,7.9683738095238095,1,0.32076196590184425,0.32307708217671377,0.31844684962697467,0.16011861950521203,0.058333333333333334,1.0,0.2370305855147945,0.02894442830203714,0.13298750690841582,0.004058059550873118,0,0,0.06649375345420791,0.002029029775436559,0,0,0,0
P02,V2_video1_normal,normal,240,8.001714285714286,1,0.32624062325610187,0.32977016469667175,0.322711081815532,0.1606089694808785,0.058091286307053944,1.0,0.15282206600705328,0.009563666683888972,0.08119286634547113,0.0010230863315626496,0,0,0.04059643317273556,0.0005115431657813248,0,0,0,0
P02,V2_video1_normal,normal,241,8.035054761904762,1,0.32495024774835335,0.32863921470981255,0.32126128078689414,0.16058560943498723,0.05785123966942149,1.0,0.21373162839858972,0.008435514239228281,0.111083571318909,0.001088798709037739,0,0,0.0555417856594545,0.0005443993545188695,0,0,0,0
P02,V2_video1_normal,normal,242,8.068395238095238,1,0.3246892606247228,0.3283299747282962,0.32104854652114934,0.16065237138041955,0.05761316872427984,1.0,0.33823549560781085,0.013063454607975755,0.1756494751078933,0.0014259910568017234,0,0,0.08782473755394665,0.0007129955284008617,0,0,0,0
P02,V2_video1_normal,normal,243,8.101735714285715,1,0.31868595317437554,0.32306764508974684,0.31430426125900424,0.16108673124800188,0.05737704918032787,1.0,0.16920601666437618,0.014463015062409212,0.0918345158633927,0.0005216355418087538,0,0,0.04591725793169635,0.0002608177709043769,0,0,0,0
P02,V2_video1_normal,normal,244,8.135076190476191,1,0.32232214028108186,0.3265105584868363,0.3181337220753274,0.1612703862671848,0.05714285714285714,1.0,0.30564868839205006,0.008117591373677735,0.1568831398828639,0.001218130646813766,0,0,0.07844156994143195,0.000609065323406883,0,0,0,0
P02,V2_video1_normal,normal,245,8.168416666666667,1,0.3203337993931348,0.3245685371518639,0.3160990616344057,0.16060423589750453,0.056910569105691054,1.0,0.051021889349234906,0.015595472841896885,0.033308681095565895,0.0009185707352667336,0,0,0.016654340547782948,0.0004592853676333668,0,0,0,0
P02,V2_video1_normal,normal,246,8.201757142857142,1,0.329435794720463,0.33146043004441855,0.32741115939650756,0.16140379016702008,0.05668016194331984,1.0,0.13757301131418975,0.009324308455969987,0.07344865988507987,0.0035338303279243088,0,0,0.036724329942539935,0.0017669151639621544,0,0,0,0
P02,V2_video1_normal,normal,247,8.235097619047618,1,0.3256335209110963,0.33138171539850836,0.31988532642368434,0.16113203778929713,0.056451612903225805,1.0,0.12371728585748443,0.026667818973592383,0.0751925524155384,0.002221980395602584,0,0,0.0375962762077692,0.001110990197801292,0,0,0,0
P02,V2_video1_normal,normal,248,8.268438095238094,1,0.3195872583541381,0.32323765940585775,0.31593685730241844,0.16072743818548302,0.05622489959839357,1.0,0.06802072371647949,0.023297234495891495,0.04565897910618549,0.0025964724808384266,0,0,0.022829489553092747,0.0012982362404192133,0,0,0,0
P02,V2_video1_normal,normal,249,8.30177857142857,1,0.32780572497742994,0.33313509379258816,0.3224763561622717,0.16147227183036136,0.056,1.0,0.1505431342740543,0.017278479943134806,0.08391080710859455,0.0013992511029060095,0,0,0.04195540355429728,0.0006996255514530047,0,0,0,0
P02,V2_video1_normal,normal,250,8.335119047619047,1,0.32519081392591337,0.3307014579774748,0.31968016987435194,0.16126383336488567,0.055776892430278883,1.0,0.2033378246143558,0.030161356843707576,0.11674959072903168,0.0028239525406045106,0,0,0.05837479536451584,0.0014119762703022553,0,0,0,0
P02,V2_video1_normal,normal,251,8.368459523809523,1,0.3254190474118451,0.3298098010569904,0.3210282937666997,0.16065759979514813,0.05555555555555555,1.0,0.07732319778716068,0.012662308552114698,0.04499275316963769,0.002232786476809524,0,0,0.022496376584818845,0.001116393238404762,0,0,0,0
P02,V2_video1_normal,normal,252,8.4018,1,0.31870194254738016,0.32322660674627246,0.3141772783484879,0.1605276276411479,0.05533596837944664,1.0,0.16067967432987207,0.0070393855564661045,0.08385952994316909,0.003908983774412187,0,0,0.04192976497158454,0.0019544918872060934,0,0,0,0
P02,V2_video1_normal,normal,253,8.435140476190476,1,0.3209923990495893,0.3270459089183856,0.314938889180793,0.1612954716463229,0.05511811023622047,1.0,0.37985243921403467,0.02490730818872522,0.20237987370137994,0.0022037568386629827,0,0,0.10118993685068997,0.0011018784193314913,0,0,0,0
P02,V2_video1_normal,normal,254,8.468480952380952,1,0.3208612254703268,0.3262764111942962,0.31544603974635743,0.16159547873323568,0.054901960784313725,1.0,0.22159557306931954,0.016944713290873437,0.11927014318009649,0.0020464775871489984,0,0,0.059635071590048244,0.0010232387935744992,0,0,0,0
P02,V2_video1_normal,normal,255,8.501821428571429,1,0.3200735737458479,0.3254828327197562,0.31466431477193957,0.16062599923958842,0.0546875,1.0,0.08691366875438467,0.14615048926242824,0.11653207900840645,0.002052725501757637,0,0,0.058266039504203226,0.0010263627508788186,0,0,0,0
P02,V2_video1_normal,normal,256,8.535161904761905,1,0.32281820411559303,0.3293691080522314,0.3162673001789547,0.1610514892107607,0.054474708171206226,1.0,0.328616167646425,0.03450486999258573,0.18156051881950536,0.00228080136632894,0,0,0.09078025940975268,0.00114040068316447,0,0,0,0
P02,V2_video1_normal,normal,257,8.568502380952381,1,0.32097500698776493,0.32848183951853627,0.31346817445699365,0.16156573417579656,0.05426356589147287,1.0,0.10480987206538284,0.042572659333141916,0.07369126569926238,0.0019507617327384754,0,0,0.03684563284963119,0.0009753808663692377,0,0,0,0
P02,V2_video1_normal,normal,258,8.601842857142858,1,0.321594986346852,0.32848814134620663,0.31470183134749746,0.16133853679582844,0.05405405405405406,1.0,0.07402391642319273,0.0028683830506143204,0.03844614973690352,0.0019507617327384754,0,0,0.01922307486845176,0.0009753808663692377,0,0,0,0
P02,V2_video1_normal,normal,259,8.635183333333334,1,0.3227087597748258,0.3285637877371924,0.3168537318124593,0.15980656439083588,0.05384615384615385,1.0,0.17196705210210983,0.003543193612952966,0.0877551228575314,0.0032121454151650864,0,0,0.0438775614287657,0.0016060727075825432,0,0,0,0
P02,V2_video1_normal,normal,260,8.66852380952381,1,0.32813062617789057,0.33419779768460395,0.32206345467117714,0.1605555185083199,0.05363984674329502,1.0,0.31092545374483194,0.0066365026379040515,0.158780978191368,0.0025996666032788935,0,0,0.079390489095684,0.0012998333016394467,0,0,0,0
P02,V2_video1_normal,normal,261,8.701864285714285,1,0.3254645438660131,0.3304688695028181,0.3204602182292081,0.16118068490407797,0.05343511450381679,1.0,0.137048807280451,0.03614385507080464,0.08659633117562782,0.0026321683943144884,0,0,0.04329816558781391,0.0013160841971572442,0,0,0,0
P02,V2_video1_normal,normal,262,8.735204761904761,1,0.3282422138281157,0.33476210485660907,0.3217223227996223,0.1603297473661027,0.053231939163498096,1.0,0.06338643973191305,0.11812881061083602,0.09075762517137453,0.0024487459879913823,0,0,0.04537881258568727,0.0012243729939956911,0,0,0,0
P02,V2_video1_normal,normal,263,8.768545238095237,1,0.3247874700935523,0.32854796025058575,0.32102697993651885,0.16010501108339983,0.05303030303030303,1.0,0.08048178924783111,0.011109197559646788,0.04579549340373895,0.0025596701839663374,0,0,0.022897746701869476,0.0012798350919831687,0,0,0,0
P02,V2_video1_normal,normal,264,8.801885714285714,1,0.32033311799628694,0.3265738092148172,0.31409242677775673,0.16070474855705497,0.052830188679245285,1.0,0.06671977628272918,0.02881343458283825,0.047766605432783715,0.0017913320861542277,0,0,0.023883302716391858,0.0008956660430771139,0,0,0,0
P02,V2_video1_normal,normal,265,8.83522619047619,1,0.3395084122262104,0.34132479881560174,0.33769202563681916,0.1597128608413168,0.05263157894736842,1.0,0.21022748296163163,0.009381544901592487,0.10980451393161206,0.011397081403975525,0,0,0.05490225696580603,0.005698540701987762,0,0,0,0
P02,V2_video1_normal,normal,266,8.868566666666666,1,0.3314239196472119,0.3373785211773213,0.3254693181171025,0.1611553429422743,0.052434456928838954,1.0,0.4139124196663848,0.015506522843796389,0.2147094712550906,0.0062666620664398875,0,0,0.1073547356275453,0.0031333310332199438,0,0,0,0
P02,V2_video1_normal,normal,267,8.901907142857143,1,0.3262309586682732,0.33172354140505966,0.3207383759314867,0.1601598079003081,0.05223880597014925,1.0,0.12992200802547815,0.005601025915565994,0.06776151697052207,0.0018924663414486907,0,0,0.03388075848526104,0.0009462331707243454,0,0,0,0
P02,V2_video1_normal,normal,268,8.935247619047619,1,0.32375007619433127,0.3282059525070677,0.31929419988159485,0.1600302922072817,0.05204460966542751,1.0,0.0859706445898839,0.009904383673618566,0.047937514131751235,0.0032986810448555827,0,0,0.023968757065875618,0.0016493405224277914,0,0,0,0
P02,V2_video1_normal,normal,269,8.968588095238095,1,0.32419787975065306,0.3296452734970652,0.318750486004241,0.1610455879786759,0.05185185185185185,1.0,0.3771678946503664,0.0027537187306976296,0.189960806690532,0.0029865621979750924,0,0,0.094980403345266,0.0014932810989875462,0,0,0,0
P02,V2_video1_normal,normal,270,9.001928571428572,1,0.3226797958623497,0.3281018827375305,0.3172577089871689,0.16078023415666665,0.05166051660516605,1.0,0.2461026612904217,0.005536739700318205,0.12581970049536995,0.006036726015174762,0,0,0.06290985024768497,0.003018363007587381,0,0,0,0
P02,V2_video1_normal,normal,271,9.035269047619048,1,0.3229267817493877,0.32949473546203484,0.31635882803674065,0.16107599205984777,0.051470588235294115,1.0,0.20740971849677414,0.04973493176282251,0.12857232512979833,0.010626991974112812,0,0,0.06428616256489916,0.005313495987056406,0,0,0,0
P02,V2_video1_normal,normal,272,9.068609523809524,1,0.31203703957395046,0.3163050681277816,0.30776901102011933,0.16028685804403192,0.05128205128205128,1.0,0.11465645620734033,0.018103925044644864,0.0663801906259926,0.005246433721320544,0,0,0.0331900953129963,0.002623216860660272,0,0,0,0
P02,V2_video1_normal,normal,273,9.10195,1,0.15800432688790028,0.1561587696194478,0.15984988415635273,0.16086802747508516,0.051094890510948905,1.0,0.18903947202510485,0.14481619182153804,0.16692783192332145,0.008843701267273338,0,0,0.08346391596166072,0.004421850633636669,0,0,0,0
P02,V2_video1_normal,normal,274,9.135290476190477,1,0.0592765846312613,0.06883622271213774,0.04971694655038487,0.16171304094308422,0.05454545454545454,1.0,0.16033552798449913,0.1559692300516513,0.15815237901807522,0.011394234270203795,1,0,0.5790761895090376,0.005697117135101897,1,0,0,0
P02,V2_video1_normal,normal,275,9.168630952380953,1,0.07306089236980258,0.08373899029021732,0.06238279444938784,0.16153838211117064,0.057971014492753624,1.0,0.07611024341206851,0.09342039324665907,0.08476531832936379,0.007223015623018906,1,0,0.5423826591646819,0.003611507811509453,1,0,0,0
P02,V2_video1_normal,normal,276,9.201971428571428,1,0.17844800007960912,0.17276473402428047,0.18413126613493777,0.1596623263544952,0.05776173285198556,1.0,0.12954047668329005,0.23248184388505677,0.1810111602841734,0.009335886768412243,0,0,0.0905055801420867,0.004667943384206122,0,0,0,0
P02,V2_video1_normal,normal,277,9.235311904761904,1,0.2388841316951878,0.23622902085542397,0.24153924253495165,0.1593159766372006,0.05755395683453238,1.0,0.13496251040681395,0.16159243086259922,0.1482774706347066,0.01671035936723212,0,0,0.0741387353173533,0.00835517968361606,0,0,0,0
P02,V2_video1_normal,normal,278,9.26865238095238,1,0.2684160878154559,0.2712815598029701,0.26555061582794176,0.1598985484246635,0.05734767025089606,1.0,0.11726770754588878,0.02672913547604472,0.07199842151096675,0.01664635095309138,0,0,0.035999210755483374,0.00832317547654569,0,0,0,0
P02,V2_video1_normal,normal,279,9.301992857142857,1,0.28412546408225525,0.2868345901115389,0.28141633805297156,0.16115858922520795,0.05714285714285714,1.0,0.05035348609353518,0.021583006296050256,0.03596824619479272,0.020207762250121757,0,0,0.01798412309739636,0.010103881125060879,0,0,0,0
P02,V2_video1_normal,normal,280,9.335333333333333,1,0.2915477258013043,0.2985622318107785,0.2845332197918301,0.1612141553213293,0.05693950177935943,1.0,0.05561959023495333,0.07781746421566527,0.0667185272253093,0.012682241080606598,0,0,0.03335926361265465,0.006341120540303299,0,0,0,0
P02,V2_video1_normal,normal,281,9.36867380952381,1,0.30096347758112335,0.3079895118751872,0.2939374432870595,0.16142702353755242,0.05673758865248227,1.0,0.004784284070810552,0.017648546825745903,0.011216415448278227,0.01321499706187384,0,0,0.005608207724139114,0.00660749853093692,0,0,0,0
P02,V2_video1_normal,normal,282,9.402014285714285,1,0.3016534926242242,0.3087103171339151,0.2945966681145333,0.16127589807365253,0.05653710247349823,1.0,0.034098831602936586,0.061597153472315314,0.04784799253762595,0.008734366655988757,0,0,0.023923996268812975,0.004367183327994378,0,0,0,0
P02,V2_video1_normal,normal,283,9.435354761904762,1,0.30295503444036875,0.30935773835780184,0.2965523305229356,0.1613771067141079,0.056338028169014086,1.0,0.046057863921216025,0.028655469662598354,0.03735666679190719,0.009963997234522522,0,0,0.018678333395953595,0.004981998617261261,0,0,0,0
P02,V2_video1_normal,normal,284,9.468695238095238,1,0.30484044929269555,0.31178553595927117,0.29789536262611993,0.16141438567084482,0.056140350877192984,1.0,0.08316152701005963,0.033768791629842254,0.05846515931995094,0.009832525018753273,0,0,0.02923257965997547,0.004916262509376637,0,0,0,0
P02,V2_video1_normal,normal,285,9.502035714285714,1,0.3020554845639667,0.3073897741423868,0.29672119498554655,0.1606383815957389,0.055944055944055944,1.0,0.03071331936517996,0.008466564897686601,0.01958994213143328,0.014361619439717177,0,0,0.00979497106571664,0.007180809719858588,0,0,0,0
P02,V2_video1_normal,normal,286,9.53537619047619,1,0.3033975326179633,0.3086295244527441,0.29816554078318247,0.16091296345710013,0.05574912891986063,1.0,0.04128007332144634,0.028688875379559886,0.034984474350503114,0.014925645304918123,0,0,0.017492237175251557,0.007462822652459062,0,0,0,0
P02,V2_video1_normal,normal,287,9.568716666666667,1,0.30256532619107357,0.3071476572989678,0.2979829950831793,0.16077489005684029,0.05555555555555555,1.0,0.016347410740657486,0.05786775025093904,0.037107580495798265,0.010917738376458047,0,0,0.018553790247899132,0.005458869188229023,0,0,0,0
P02,V2_video1_normal,normal,288,9.602057142857143,1,0.30699550056716374,0.31130182733508793,0.3026891737992395,0.16122649920650148,0.05536332179930796,1.0,0.047788918589317664,0.06577090113143358,0.05677990986037562,0.0047963118308075306,0,0,0.02838995493018781,0.0023981559154037653,0,0,0,0
P02,V2_video1_normal,normal,289,9.63539761904762,1,0.3111082341850499,0.31750196491253796,0.30471450345756185,0.16126147477660302,0.05517241379310345,1.0,0.24158655066623536,0.07000661943819342,0.1557965850522144,0.005124796166798617,0,0,0.0778982925261072,0.0025623980833993083,0,0,0,0
P02,V2_video1_normal,normal,290,9.668738095238094,1,0.30432958620104567,0.31020785707199006,0.29845131533010133,0.1609154911570284,0.054982817869415807,1.0,0.08802212895874828,0.013169179598758518,0.0505956542787534,0.020899646598998664,0,0,0.0252978271393767,0.010449823299499332,0,0,0,0
P02,V2_video1_normal,normal,291,9.70207857142857,1,0.30264764268203803,0.30607247849994873,0.2992228068641273,0.15995518944875797,0.0547945205479452,1.0,0.024646342115329567,0.009428546419460337,0.017037444267394952,0.00908319591699705,0,0,0.008518722133697476,0.004541597958498525,0,0,0,0
P02,V2_video1_normal,normal,292,9.735419047619047,1,0.30439866086830547,0.3077665186521719,0.3010308030844391,0.15971721769150413,0.05460750853242321,1.0,0.02165941438133645,0.007317255461900984,0.014488334921618717,0.013320302438236255,0,0,0.007244167460809359,0.006660151219118128,0,0,0,0
P02,V2_video1_normal,normal,293,9.768759523809523,1,0.304265271143644,0.3067436245385548,0.3017869177487332,0.15984315555269732,0.05442176870748299,1.0,0.03956419274520717,0.006666672992868605,0.02311543286903789,0.007272985472524777,0,0,0.011557716434518944,0.0036364927362623886,0,0,0,0
P02,V2_video1_normal,normal,294,9.8021,1,0.30998836012628217,0.31254805098231003,0.3074286692702543,0.15969539690837428,0.05423728813559322,1.0,0.040382970390654416,0.0021708317329449667,0.02127690106179969,0.0019239619097870208,0,0,0.010638450530899846,0.0009619809548935104,0,0,0,0
P02,V2_video1_normal,normal,295,9.835440476190476,1,0.30894907314886966,0.3111951909579167,0.30670295533982267,0.15975331793994554,0.05405405405405406,1.0,0.03444907604453673,0.0023403406499745705,0.01839470834725565,0.0018480530393945277,0,0,0.009197354173627825,0.0009240265196972638,0,0,0,0
P02,V2_video1_normal,normal,296,9.868780952380952,1,0.30335665994339267,0.3028631889835082,0.30385013090327706,0.15965171293464986,0.05387205387205387,1.0,0.045599264485717605,0.0084863987009961,0.027042831593356853,0.00237046144863641,0,0,0.013521415796678427,0.001185230724318205,0,0,0,0
P02,V2_video1_normal,normal,297,9.902121428571428,1,0.31080643531127555,0.3121891573431691,0.309423713279382,0.15975660286966897,0.053691275167785234,1.0,0.07623688214295288,0.00141301433539609,0.038824948239174484,0.0015832251920912166,0,0,0.019412474119587242,0.0007916125960456083,0,0,0,0
P02,V2_video1_normal,normal,298,9.935461904761905,1,0.2980654115943384,0.2997178581900071,0.2964129649986697,0.15967255887907866,0.05351170568561873,1.0,0.11392958029886235,0.0287209554143929,0.07132526785662763,0.0035162618366690553,0,0,0.035662633928313814,0.0017581309183345277,0,0,0,0
P02,V2_video1_normal,normal,299,9.968802380952381,1,0.3054388849869052,0.3062638799594276,0.30461389001438277,0.15928030234474752,0.05333333333333334,1.0,0.02980759032585112,0.029717049705236365,0.029762320015543742,0.0033743537770183733,0,0,0.014881160007771871,0.0016871768885091867,0,0,0,0
P02,V2_video1_normal,normal,300,10.002142857142857,1,0.313282315990722,0.3175031745231984,0.3090614574582456,0.16024309929963532,0.053156146179401995,1.0,0.09316654155392234,0.03211026405778161,0.06263840280585198,0.0022323499147704866,0,0,0.03131920140292599,0.0011161749573852433,0,0,0,0
P02,V2_video1_normal,normal,301,10.035483333333334,1,0.31101462626692244,0.3154094536622531,0.30661979887159185,0.16011294902334067,0.052980132450331126,1.0,0.08235563549802194,0.009064652385144534,0.04571014394158324,0.0020376851901530444,0,0,0.02285507197079162,0.0010188425950765222,0,0,0,0
P02,V2_video1_normal,normal,302,10.06882380952381,1,0.31434965117528546,0.3183761671816611,0.3103231351689098,0.16079093914567255,0.052805280528052806,1.0,0.053160070360636746,0.02605343649771863,0.03960675342917769,0.0019394885430621905,0,0,0.019803376714588844,0.0009697442715310953,0,0,0,0
P02,V2_video1_normal,normal,303,10.102164285714286,1,0.3136343711185038,0.3175400295775214,0.3097287126594862,0.16051771128622147,0.05263157894736842,1.0,0.014669098563778071,0.013463910894751518,0.014066504729264795,0.0018977914821466477,0,0,0.0070332523646323974,0.0009488957410733239,0,0,0,0
P02,V2_video1_normal,normal,304,10.135504761904762,1,0.3041792959711671,0.3063018197307316,0.30205677221160265,0.15968020316187237,0.05245901639344262,1.0,0.11511282227487007,0.0180189848895006,0.06656590358218534,0.004211052591812354,0,0,0.03328295179109267,0.002105526295906177,0,0,0,0
P02,V2_video1_normal,normal,305,10.168845238095237,1,0.29761984988647827,0.29964422686940173,0.29559547290355487,0.15983673967423861,0.05228758169934641,1.0,0.03794985250013183,0.024698619872743355,0.03132423618643759,0.00142564209555394,0,0,0.015662118093218796,0.00071282104777697,0,0,0,0
P02,V2_video1_normal,normal,306,10.202185714285713,1,0.2923985520881869,0.2951707998339316,0.28962630434244213,0.16035751076958787,0.05211726384364821,1.0,0.04508541244804065,0.029845266162474515,0.03746533930525758,0.0013553751959095894,0,0,0.01873266965262879,0.0006776875979547947,0,0,0,0
P02,V2_video1_normal,normal,307,10.23552619047619,1,0.24507626194179027,0.2460194679383121,0.2441330559452685,0.1586098671105642,0.05194805194805195,1.0,0.05454629575960246,0.08699364250197461,0.07076996913078853,0.002657831836126999,0,0,0.03538498456539427,0.0013289159180634995,0,0,0,0
P02,V2_video1_normal,normal,308,10.268866666666666,1,0.12544483441514728,0.11261560228165138,0.1382740665486432,0.15933040450536706,0.05501618122977346,1.0,0.07832840777074457,0.11849438016566083,0.0984113939682027,0.0027644956067364905,1,0,0.5492056969841014,0.0013822478033682453,1,0,0,0
P02,V2_video1_normal,normal,309,10.302207142857142,1,0.1416233245403229,0.12985047557203522,0.15339617350861057,0.15925152869730375,0.054838709677419356,1.0,0.09190778073380534,0.14527009193999918,0.11858893633690226,0.006804633750991791,0,0,0.05929446816845113,0.0034023168754958957,0,0,0,0
P02,V2_video1_normal,normal,310,10.335547619047619,1,0.21627699890114066,0.2093546829628775,0.2231993148394038,0.15860650309486696,0.05466237942122187,1.0,0.11507086313554071,0.14411383957050838,0.12959235135302455,0.006172422162685843,0,0,0.06479617567651227,0.0030862110813429217,0,0,0,0
P02,V2_video1_normal,normal,311,10.368888095238095,1,0.25142735899023605,0.25032388037970904,0.25253083760076306,0.1589093255397601,0.05448717948717949,1.0,0.02492544453876222,0.012421626635928162,0.01867353558734519,0.003676206313744521,0,0,0.009336767793672596,0.0018381031568722604,0,0,0,0
P02,V2_video1_normal,normal,312,10.402228571428571,1,0.27722354850921627,0.2803635827714719,0.2740835142469607,0.1597771677809238,0.054313099041533544,1.0,0.016023973892363874,0.20188971778661435,0.10895684583948911,0.0031271264901034023,0,0,0.05447842291974456,0.0015635632450517012,0,0,0,0
P02,V2_video1_normal,normal,313,10.435569047619047,1,0.2919187605296902,0.29812066012482413,0.2857168609345562,0.16062469064061818,0.054140127388535034,1.0,0.04867602001027149,0.04332076830497755,0.04599839415762452,0.005490110172121657,0,0,0.02299919707881226,0.0027450550860608283,0,0,0,0
P02,V2_video1_normal,normal,314,10.468909523809524,1,0.29625845346956525,0.30277011669326187,0.2897467902458687,0.16054585296870796,0.05396825396825397,1.0,0.05070670752055251,0.08768388311880404,0.06919529531967827,0.004989678925089744,0,0,0.03459764765983914,0.002494839462544872,0,0,0,0
P02,V2_video1_normal,normal,315,10.50225,1,0.2994587231164068,0.3043279808859354,0.29458946534687824,0.16090085239343568,0.05379746835443038,1.0,0.03259672857605356,0.07914840552065305,0.055872567048353305,0.00683789111004557,0,0,0.027936283524176653,0.003418945555022785,0,0,0,0
P02,V2_video1_normal,normal,316,10.535590476190476,1,0.2980552780306083,0.30207907982122756,0.29403147623998893,0.1608315853727322,0.05362776025236593,1.0,0.20033869230204637,0.007922197055263314,0.10413044467865484,0.006609807817891806,0,0,0.05206522233932742,0.003304903908945903,0,0,0,0
P02,V2_video1_normal,normal,317,10.568930952380953,1,0.30221215168767984,0.3061542626456482,0.29827004072971147,0.1604402047898438,0.05345911949685535,1.0,0.016498160832726594,0.01422633056181899,0.015362245697272792,0.0052851604743774485,0,0,0.007681122848636396,0.0026425802371887242,0,0,0,0
P02,V2_video1_normal,normal,318,10.602271428571429,1,0.30425165615964256,0.30900108707459234,0.2995022252446927,0.16074770409800543,0.05329153605015674,1.0,0.03834303161212138,0.020264448771021626,0.029303740191571503,0.008560317458002314,0,0,0.014651870095785752,0.004280158729001157,0,0,0,0
P02,V2_video1_normal,normal,319,10.635611904761905,1,0.30246026623766165,0.30771611399959603,0.2972044184757272,0.16078385245933385,0.053125,1.0,0.04827391355808708,0.008186612772506652,0.028230263165296865,0.003044971898751541,0,0,0.014115131582648432,0.0015224859493757706,0,0,0,0
P02,V2_video1_normal,normal,320,10.66895238095238,1,0.3048036792656621,0.30927995655724694,0.3003274019740772,0.161127525861954,0.0529595015576324,1.0,0.042622598925100674,0.006409479186125111,0.024516039055612893,0.0050881435872463555,0,0,0.012258019527806446,0.0025440717936231778,0,0,0,0
P02,V2_video1_normal,normal,321,10.702292857142856,1,0.29436590198545864,0.29990106345672135,0.28883074051419594,0.1609866895690224,0.052795031055900624,1.0,0.03220970470956286,0.006859550239973755,0.019534627474768307,0.005013413574733492,0,0,0.009767313737384153,0.002506706787366746,0,0,0,0
P02,V2_video1_normal,normal,322,10.735633333333332,1,0.2223109342980944,0.21567654820994117,0.2289453203862476,0.15790451464505106,0.05263157894736842,1.0,0.3275946401018478,0.0737225429554681,0.20065859152865795,0.007560836260316925,0,0,0.10032929576432897,0.0037804181301584624,0,0,0,0
P02,V2_video1_normal,normal,323,10.768973809523809,1,0.07025749094934622,0.0774406512925356,0.06307433060615683,0.16040283546159634,0.05555555555555555,1.0,0.2070845000107847,0.18030078824187468,0.1936926441263297,0.003455242084174556,1,0,0.5968463220631648,0.001727621042087278,1,0,1,0
P02,V2_video1_normal,normal,324,10.802314285714285,1,0.0628721970303802,0.0728005575697872,0.05294383649097321,0.16042422415141452,0.05846153846153846,1.0,0.43647891702790653,0.3258597525053971,0.3811693347666518,0.002304375225772012,1,0,0.6905846673833259,0.001152187612886006,1,0,1,0
P02,V2_video1_normal,normal,325,10.835654761904761,1,0.06484755066616434,0.07603926153929233,0.05365583979303635,0.16060113637343215,0.06134969325153374,1.0,0.5754240671432447,0.11893338647932261,0.34717872681128364,0.004404075230141263,1,0,0.6735893634056418,0.0022020376150706316,1,0,1,0
P02,V2_video1_normal,normal,326,10.868995238095238,1,0.06348013652076176,0.07326189197001533,0.05369838107150819,0.16093383407218495,0.06422018348623854,1.0,0.2501077695087808,0.40344879887377394,0.32677828419127736,0.005616155146818459,1,0,0.6633891420956387,0.0028080775734092294,1,0,1,0
P02,V2_video1_normal,normal,327,10.902335714285714,1,0.06313447513665861,0.0743064321141199,0.051962518159197314,0.1608172583831622,0.06707317073170732,1.0,0.11865684825597511,0.18646442588970924,0.15256063707284218,0.004053758427162264,1,0,0.5762803185364211,0.002026879213581132,1,0,0,0
P02,V2_video1_normal,normal,328,10.93567619047619,1,0.06809247535963348,0.08197505428922641,0.05420989643004053,0.15969209854242647,0.06990881458966565,1.0,0.14918457641376903,0.2960874372450333,0.22263600682940116,0.004646322707086293,1,0,0.6113180034147006,0.0023231613535431464,1,0,1,0
P02,V2_video1_normal,normal,329,10.969016666666667,1,0.21139486079747663,0.20910484246888328,0.21368487912606998,0.15959184972779591,0.0696969696969697,1.0,0.05233055903924866,0.20563597205742656,0.1289832655483376,0.005636178669987506,0,0,0.0644916327741688,0.002818089334993753,0,0,0,0
P02,V2_video1_normal,normal,330,11.002357142857143,1,0.265695670976787,0.27022765294930917,0.2611636890042648,0.1600808336297295,0.06948640483383686,1.0,0.07623542137485395,0.147852605535557,0.11204401345520548,0.006467661784311655,0,0,0.05602200672760274,0.0032338308921558276,0,0,0,0
P02,V2_video1_normal,normal,331,11.03569761904762,1,0.2867515847504182,0.2926971878305591,0.28080598167027726,0.1599952306942307,0.06927710843373494,1.0,0.0266143155611539,0.008457930809308789,0.017536123185231345,0.007238830064681563,0,0,0.008768061592615672,0.0036194150323407815,0,0,0,0
P02,V2_video1_normal,normal,332,11.069038095238096,1,0.2991178893141826,0.3058019642735319,0.29243381435483323,0.16020571545592963,0.06906906906906907,1.0,0.13685949050556356,0.024169005891127693,0.08051424819834563,0.006668435234504323,0,0,0.040257124099172814,0.0033342176172521617,0,0,0,0
P02,V2_video1_normal,normal,333,11.102378571428572,1,0.3076907410179053,0.3129308988843278,0.30245058315148277,0.16038683743189983,0.0688622754491018,1.0,0.14922062219135568,0.009569205744004883,0.07939491396768028,0.0060428748937348415,0,0,0.03969745698384014,0.0030214374468674208,0,0,0,0
P02,V2_video1_normal,normal,334,11.135719047619048,1,0.3133298367020244,0.31662256334415,0.31003711005989876,0.16053992775912782,0.06865671641791045,1.0,0.3020373023031723,0.005853616702204634,0.15394545950268845,0.007946161820034988,0,0,0.07697272975134423,0.003973080910017494,0,0,0,0
P02,V2_video1_normal,normal,335,11.169059523809523,1,0.3132232859950285,0.3167008213757665,0.30974575061429055,0.15968217106804256,0.06845238095238096,1.0,0.3379272036240929,0.002685511765484039,0.17030635769478847,0.00940657601770619,0,0,0.08515317884739423,0.004703288008853095,0,0,0,0
P02,V2_video1_normal,normal,336,11.202399999999999,1,0.3091899998396724,0.31548916714812014,0.3028908325312246,0.16051178948033945,0.06824925816023739,1.0,0.23208690549426625,0.06744694425956843,0.14976692487691734,0.0031143259530892068,0,0,0.07488346243845867,0.0015571629765446034,0,0,0,0
P02,V2_video1_normal,normal,337,11.235740476190475,1,0.306848753915125,0.3123377836005114,0.3013597242297386,0.1610247699321428,0.06804733727810651,1.0,0.2789700957246407,0.09970347818432956,0.18933678695448514,0.005465346562210827,0,0,0.09466839347724257,0.0027326732811054134,0,0,0,0
P02,V2_video1_normal,normal,338,11.269080952380952,1,0.314866461188046,0.315526763484169,0.314206158891923,0.1598858137147076,0.06784660766961652,1.0,0.22296994327717445,0.05717267426349004,0.14007130877033225,0.018198039799794313,0,0,0.07003565438516612,0.009099019899897157,0,0,0,0
P02,V2_video1_normal,normal,339,11.302421428571428,1,0.30409403902901155,0.305940623424048,0.30224745463397507,0.15999517285476686,0.06764705882352941,1.0,0.09420141898272438,0.0937495635206288,0.09397549125167659,0.008679181223845289,0,0,0.046987745625838295,0.0043395906119226444,0,0,0,0
P02,V2_video1_normal,normal,340,11.335761904761904,1,0.3020678006117087,0.3047538298826957,0.2993817713407216,0.16046647383068768,0.06744868035190615,1.0,0.16368425651978968,0.07536238133073536,0.11952331892526252,0.005458769826061391,0,0,0.05976165946263126,0.0027293849130306954,0,0,0,0
P02,V2_video1_normal,normal,341,11.36910238095238,1,0.3059159682503009,0.306676597778022,0.3051553387225797,0.16043753422010248,0.06725146198830409,1.0,0.2430876695898735,0.024703232057385338,0.1338954508236294,0.006767529401104619,0,0,0.0669477254118147,0.0033837647005523093,0,0,0,0
P02,V2_video1_normal,normal,342,11.402442857142857,1,0.30693320082653675,0.3090081457800206,0.3048582558730529,0.16090294864653992,0.06705539358600583,1.0,0.12223293671582924,0.06666713714084538,0.09445003692833731,0.0038027687290457276,0,0,0.047225018464168655,0.0019013843645228638,0,0,0,0
P02,V2_video1_normal,normal,343,11.435783333333333,1,0.3105413322665732,0.31248548832760586,0.3085971762055405,0.16120331315810596,0.06686046511627906,1.0,0.12654072831462615,0.06789117278000778,0.09721595054731696,0.0023966180017682844,0,0,0.04860797527365848,0.0011983090008841422,0,0,0,0
P02,V2_video1_normal,normal,344,11.46912380952381,1,0.309778916914648,0.311644160428285,0.307913673401011,0.16091478572600182,0.06666666666666667,1.0,0.10253923283753441,0.03799559542179398,0.0702674141296642,0.010232478821973708,0,0,0.0351337070648321,0.005116239410986854,0,0,0,0
P02,V2_video1_normal,normal,345,11.502464285714286,1,0.3148598470508539,0.3166900446697318,0.3130296494319761,0.16079114359784386,0.06647398843930635,1.0,0.23307662101796345,0.02250912147185269,0.12779287124490807,0.0038756339546028125,0,0,0.06389643562245403,0.0019378169773014062,0,0,0,0
P02,V2_video1_normal,normal,346,11.535804761904762,1,0.31495875594761014,0.31700478788235337,0.31291272401286696,0.16072436201561546,0.06628242074927954,1.0,0.16344089356851665,0.016590594840368178,0.09001574420444242,0.0028081041118188017,0,0,0.04500787210222121,0.0014040520559094008,0,0,0,0
P02,V2_video1_normal,normal,347,11.569145238095238,1,0.31183765987478884,0.3126648139784966,0.31101050577108114,0.16036563072846025,0.06609195402298851,1.0,0.20691881403777446,0.06208361323240241,0.13450121363508843,0.006662780647523366,0,0,0.06725060681754422,0.003331390323761683,0,0,0,0
P02,V2_video1_normal,normal,348,11.602485714285715,1,0.3136686230731345,0.31814561122060975,0.3091916349256592,0.1602327580267356,0.0659025787965616,1.0,0.10013371420446682,0.09342069613295378,0.0967772051687103,0.0059156490157249,0,0,0.04838860258435515,0.00295782450786245,0,0,0,0
P02,V2_video1_normal,normal,349,11.635826190476191,1,0.3122321945740055,0.318545400447571,0.30591898870043993,0.16066960577111378,0.06571428571428571,1.0,0.24368475036347914,0.049183409991373384,0.14643408017742626,0.009761528261222344,0,0,0.07321704008871313,0.004880764130611172,0,0,0,0
P02,V2_video1_normal,normal,350,11.669166666666666,1,0.3138517985285334,0.31902598344743904,0.30867761360962775,0.16057963467218236,0.06552706552706553,1.0,0.05868773302757202,0.0194215411349713,0.03905463708127166,0.005621179706857848,0,0,0.01952731854063583,0.002810589853428924,0,0,0,0
P02,V2_video1_normal,normal,351,11.702507142857142,1,0.31102752989658444,0.3161558566349645,0.3058992031582044,0.16031828305936635,0.06534090909090909,1.0,0.13056640933049912,0.006349331247972656,0.06845787028923589,0.006783445606944431,0,0,0.034228935144617945,0.0033917228034722156,0,0,0,0
P02,V2_video1_normal,normal,352,11.735847619047618,1,0.31279648633695656,0.31748479595473506,0.3081081767191781,0.16013811593712188,0.06515580736543909,1.0,0.04954420793139691,0.05480160717166904,0.05217290755153298,0.0017106264481896798,0,0,0.02608645377576649,0.0008553132240948399,0,0,0,0
P02,V2_video1_normal,normal,353,11.769188095238095,1,0.311622132734114,0.3163724069531513,0.3068718585150767,0.16016041351797936,0.06497175141242938,1.0,0.028356847272398067,0.10903471910600926,0.06869578318920366,0.0017652744912159937,0,0,0.03434789159460183,0.0008826372456079969,0,0,0,0
P02,V2_video1_normal,normal,354,11.80252857142857,1,0.3151097089511735,0.32035030748470394,0.30986911041764315,0.16068797177522992,0.0647887323943662,1.0,0.293011716181264,0.018499172258792496,0.15575544422002824,0.0018189177845383978,0,0,0.07787772211001412,0.0009094588922691989,0,0,0,0
P02,V2_video1_normal,normal,355,11.835869047619047,1,0.3033372977515922,0.30393302695668994,0.3027415685464944,0.16078731806687707,0.06460674157303371,1.0,0.13774896964530514,0.020567806161797764,0.07915838790355145,0.003899859617895176,0,0,0.039579193951775726,0.001949929808947588,0,0,0,0
P02,V2_video1_normal,normal,356,11.869209523809523,1,0.3032265346415022,0.3044477349271326,0.3020053343558718,0.16097185086249605,0.06442577030812324,1.0,0.11280702621997207,0.009146741594454388,0.06097688390721323,0.003554349376850852,0,0,0.030488441953606615,0.001777174688425426,0,0,0,0
P02,V2_video1_normal,normal,357,11.90255,1,0.30487494421825045,0.3082467623835379,0.301503126052963,0.16067570366275838,0.06424581005586592,1.0,0.2164379304220041,0.01830837594776935,0.11737315318488672,0.003771516481340536,0,0,0.05868657659244336,0.001885758240670268,0,0,0,0
P02,V2_video1_normal,normal,358,11.935890476190476,1,0.30143238168462855,0.30376009432333784,0.29910466904591926,0.1606535728256233,0.06406685236768803,1.0,0.09709173261073589,0.04772802596636094,0.07240987928854842,0.010591834849570167,0,0,0.03620493964427421,0.005295917424785084,0,0,0,0
P02,V2_video1_normal,normal,359,11.969230952380952,1,0.303658818834791,0.30868412910510645,0.29863350856447557,0.16043206481602912,0.06388888888888888,1.0,0.04016930198348834,0.016910108824506276,0.028539705403997306,0.007301633846062368,0,0,0.014269852701998653,0.003650816923031184,0,0,0,0
P02,V2_video1_normal,normal,360,12.002571428571429,1,0.3029479129216664,0.30771586562170133,0.29817996022163146,0.16038857763473166,0.06371191135734072,1.0,0.1315807665987888,0.01171854497886482,0.07164965578882682,0.012733667607680407,0,0,0.03582482789441341,0.006366833803840203,0,0,0,0
P02,V2_video1_normal,normal,361,12.035911904761905,1,0.29855913532215306,0.3022867100238027,0.29483156062050336,0.160500598950459,0.06353591160220995,1.0,0.06326635939679603,0.021513806948071923,0.04239008317243398,0.00629486942127076,0,0,0.02119504158621699,0.00314743471063538,0,0,0,0
P02,V2_video1_normal,normal,362,12.069252380952381,1,0.2983382420442965,0.3018405957647237,0.29483588832386926,0.16000114621658948,0.06336088154269973,1.0,0.1468668743815167,0.00789459081690469,0.07738073259921069,0.005872129239386448,0,0,0.038690366299605344,0.002936064619693224,0,0,0,0
P02,V2_video1_normal,normal,363,12.102592857142858,1,0.28815865200725016,0.2911373507135575,0.2851799533009428,0.1603361271406055,0.06318681318681318,1.0,0.07115331238929745,0.0018956610770617388,0.036524486733179595,0.008755227814133905,0,0,0.018262243366589798,0.004377613907066953,0,0,0,0
P02,V2_video1_normal,normal,364,12.135933333333334,1,0.23458589313063957,0.2367016568348087,0.23247012942647044,0.15932450375818072,0.06301369863013699,1.0,0.10015186894711003,0.3363966073497825,0.21827423814844626,0.007338934830220994,0,0,0.10913711907422313,0.003669467415110497,0,0,0,0
P02,V2_video1_normal,normal,365,12.169273809523808,1,0.1223765370437021,0.1299434354639235,0.11480963862348069,0.15807136805182714,0.06557377049180328,1.0,0.24984680639709278,0.2904994733467646,0.2701731398719287,0.009408580118054687,1,0,0.6350865699359644,0.004704290059027344,1,0,1,0
P02,V2_video1_normal,normal,366,12.202614285714285,1,0.08476592750307772,0.09465751319598012,0.07487434181017533,0.15906782427212976,0.0681198910081744,1.0,0.19599173622942312,0.06654914736224027,0.1312704417958317,0.0040398518757138275,1,0,0.5656352208979158,0.0020199259378569138,1,0,0,0
P02,V2_video1_normal,normal,367,12.235954761904761,1,0.08716502187132752,0.09684390305706002,0.07748614068559503,0.16009022092468936,0.07065217391304347,1.0,0.036959848187439026,0.11310377151972151,0.07503180985358027,0.005051174245722382,1,0,0.5375159049267901,0.002525587122861191,1,0,0,0
P02,V2_video1_normal,normal,368,12.269295238095237,1,0.10473370684775915,0.11065284682915506,0.09881456686636322,0.1594791155359657,0.07317073170731707,1.0,0.12019957799472969,0.43433177071691775,0.2772656743558237,0.01097888843999832,1,0,0.6386328371779119,0.00548944421999916,1,0,1,0
P02,V2_video1_normal,normal,369,12.302635714285714,1,0.14061202564982528,0.13799789781659105,0.14322615348305948,0.15860954181605627,0.07297297297297298,1.0,0.11777375526171407,0.1383553134715424,0.12806453436662824,0.0137458819524195,0,0,0.06403226718331412,0.00687294097620975,0,0,0,0
P02,V2_video1_normal,normal,370,12.33597619047619,1,0.2158572645915326,0.2123965731362587,0.2193179560468065,0.15878590731816516,0.07277628032345014,1.0,0.03710644656081086,0.2149316141639973,0.12601903036240408,0.013222367571440564,0,0,0.06300951518120204,0.006611183785720282,0,0,0,0
P02,V2_video1_normal,normal,371,12.369316666666666,1,0.24135602417895607,0.2419305531017671,0.24078149525614503,0.15907133302545112,0.07258064516129033,1.0,0.061157761146693024,0.0314310813689731,0.04629442125783306,0.013256997833163312,0,0,0.02314721062891653,0.006628498916581656,0,0,0,0
P02,V2_video1_normal,normal,372,12.402657142857143,1,0.25268646533747907,0.2543745902294859,0.2509983404454723,0.1594172591055421,0.07238605898123325,1.0,0.04467922166401517,0.037301168456173595,0.04099019506009438,0.013312251731759418,0,0,0.02049509753004719,0.006656125865879709,0,0,0,0
P02,V2_video1_normal,normal,373,12.435997619047619,1,0.25540852611329856,0.2572913019405053,0.25352575028609176,0.15885348297401422,0.07219251336898395,1.0,0.02834425048578959,0.05885038281147226,0.043597316648630924,0.007846057405500343,0,0,0.021798658324315462,0.003923028702750172,0,0,0,0
P02,V2_video1_normal,normal,374,12.469338095238095,1,0.2609670798590232,0.2642570253737511,0.25767713434429523,0.15934647090166204,0.072,1.0,0.07694676243890952,0.01576050358588199,0.046353633012395756,0.007013704662992715,0,0,0.023176816506197878,0.0035068523314963577,0,0,0,0
P02,V2_video1_normal,normal,375,12.502678571428572,1,0.2702567531977206,0.2723526901071653,0.2681608162882758,0.16054578171575057,0.07180851063829788,1.0,0.028322845790683226,0.060914188623416576,0.0446185172070499,0.0076373945618826485,0,0,0.02230925860352495,0.0038186972809413243,0,0,0,0
P02,V2_video1_normal,normal,376,12.536019047619048,1,0.26817749475144775,0.27209263383818005,0.26426235566471545,0.1596308472015936,0.07161803713527852,1.0,0.038954143519882134,0.04483395449679761,0.04189404900833987,0.008165129482700532,0,0,0.020947024504169937,0.004082564741350266,0,0,0,0
P02,V2_video1_normal,normal,377,12.569359523809524,1,0.2708481683578665,0.2749256384227598,0.2667706982929733,0.1599990079352171,0.07142857142857142,1.0,0.03858119718270914,0.06254965030918913,0.050565423745949134,0.003150856567194942,0,0,0.025282711872974567,0.001575428283597471,0,0,0,0
P02,V2_video1_normal,normal,378,12.6027,1,0.2723347389020774,0.27760999770613787,0.26705948009801683,0.15961397415541106,0.0712401055408971,1.0,0.013866262529213524,0.07679534071251248,0.045330801620863004,0.007507230080836253,0,0,0.022665400810431502,0.0037536150404181264,0,0,0,0
P02,V2_video1_normal,normal,379,12.636040476190477,1,0.26991516045909614,0.27536368313523335,0.264466637782959,0.15986446533030488,0.07105263157894737,1.0,0.012467318108559167,0.04317982715502222,0.027823572631790694,0.007346233398446845,0,0,0.013911786315895347,0.0036731166992234224,0,0,0,0
P02,V2_video1_normal,normal,380,12.669380952380951,1,0.26669829355496144,0.2698355755334504,0.26356101157647244,0.15986931534143575,0.07086614173228346,1.0,0.042456612665035975,0.1839290263062744,0.11319281948565518,0.009760956734161195,0,0,0.05659640974282759,0.004880478367080597,0,0,0,0
P02,V2_video1_normal,normal,381,12.702721428571428,1,0.27254326675478413,0.2761451065738769,0.2689414269356914,0.15904402858682132,0.07068062827225131,1.0,0.21388905118320223,0.0747714613763083,0.14433025627975526,0.004513804070465229,0,0,0.07216512813987763,0.0022569020352326144,0,0,0,0
P02,V2_video1_normal,normal,382,12.736061904761904,1,0.27626583335053145,0.2805518877029183,0.2719797789981447,0.15906500241390348,0.07049608355091384,1.0,0.10632315134077208,0.005986855896863874,0.05615500361881798,0.007989544003284239,0,0,0.02807750180940899,0.003994772001642119,0,0,0,0
P02,V2_video1_normal,normal,383,12.76940238095238,1,0.2760127241761448,0.2783322710352927,0.27369317731699694,0.1593665202978147,0.0703125,1.0,0.1138764243052115,0.009942331074301536,0.06190937768975652,0.005809693998960157,0,0,0.03095468884487826,0.0029048469994800786,0,0,0,0
P02,V2_video1_normal,normal,384,12.802742857142857,1,0.27070135738002665,0.2718492235975584,0.26955349116249494,0.15943908301248905,0.07012987012987013,1.0,0.13975451699225505,0.1295137025574673,0.13463410977486118,0.010645080832520687,0,0,0.06731705488743059,0.005322540416260344,0,0,0,0
P02,V2_video1_normal,normal,385,12.836083333333333,1,0.26644435651999265,0.2664379348728917,0.26645077816709367,0.159545219029183,0.06994818652849741,1.0,0.1406180353586306,0.01693348560571617,0.07877576048217338,0.016262960089479268,0,0,0.03938788024108669,0.008131480044739634,0,0,0,0
P02,V2_video1_normal,normal,386,12.86942380952381,1,0.26672284300905774,0.2668873336340189,0.2665583523840966,0.15968774471685068,0.06976744186046512,1.0,0.19100704514893785,0.06650348587991539,0.12875526551442662,0.008960707822649171,0,0,0.06437763275721331,0.0044803539113245855,0,0,0,0
P02,V2_video1_normal,normal,387,12.902764285714285,1,0.2596533607510196,0.26144367264260326,0.2578630488594359,0.15949277186046426,0.06958762886597938,1.0,0.21757553370672245,0.05720486344277198,0.1373901985747472,0.0066869667298682005,0,0,0.0686950992873736,0.0033434833649341003,0,0,0,0
P02,V2_video1_normal,normal,388,12.936104761904762,1,0.26571921550467015,0.2688054802812607,0.2626329507280796,0.15882932605168518,0.06940874035989718,1.0,0.20084057265799893,0.06282454579456653,0.13183255922628273,0.008935311080928614,0,0,0.06591627961314137,0.004467655540464307,0,0,0,0
P02,V2_video1_normal,normal,389,12.969445238095238,1,0.26575064704240176,0.2679591078443657,0.2635421862404378,0.15983766323937498,0.06923076923076923,1.0,0.09618067458175694,0.09335666537598786,0.0947686699788724,0.006856906506426354,0,0,0.0473843349894362,0.003428453253213177,0,0,0,0
P02,V2_video1_normal,normal,390,13.002785714285714,1,0.2656899528921214,0.2673043088583639,0.2640755969258789,0.1594166265331711,0.06905370843989769,1.0,0.2460840829522314,0.03946595846098433,0.14277502070660786,0.0061345298228800355,0,0,0.07138751035330393,0.0030672649114400177,0,0,0,0
P02,V2_video1_normal,normal,391,13.03612619047619,1,0.26339900366065955,0.2647179868617226,0.2620800204595965,0.1592924110720946,0.06887755102040816,1.0,0.12657770474712027,0.07581421711030079,0.10119596092871053,0.008301170931244935,0,0,0.05059798046435526,0.004150585465622468,0,0,0,0
P02,V2_video1_normal,normal,392,13.069466666666667,1,0.2652882686066048,0.266949711316753,0.2636268258964567,0.1592811485433998,0.06870229007633588,1.0,0.24539712800865676,0.07592840876242435,0.16066276838554056,0.0070175646476948825,0,0,0.08033138419277028,0.0035087823238474413,0,0,0,0
P02,V2_video1_normal,normal,393,13.102807142857143,1,0.26973349188623474,0.2716153830309754,0.26785160074149417,0.1600303382226385,0.06852791878172589,1.0,0.12076930926848506,0.015216727058411927,0.0679930181634485,0.007720962881667916,0,0,0.03399650908172425,0.003860481440833958,0,0,0,0
P02,V2_video1_normal,normal,394,13.136147619047618,1,0.2640999955450281,0.2653053046173913,0.2628946864726649,0.1596082490788313,0.06835443037974684,1.0,0.05583074423837686,0.013266139063104143,0.0345484416507405,0.007863470685914063,0,0,0.01727422082537025,0.003931735342957031,0,0,0,0
P02,V2_video1_normal,normal,395,13.169488095238094,1,0.2609795811037583,0.26277185011974935,0.2591873120877673,0.15976019587350282,0.06818181818181818,1.0,0.08777471020636307,0.011003545937646297,0.049389128072004684,0.004525606033569413,0,0,0.024694564036002342,0.0022628030167847063,0,0,0,0
P02,V2_video1_normal,normal,396,13.20282857142857,1,0.20742203604338078,0.21167906346014134,0.2031650086266202,0.1591179738298031,0.06801007556675064,1.0,0.20665443237136794,0.17740868146072897,0.19203155691604845,0.00942128554516292,0,0,0.09601577845802423,0.00471064277258146,0,0,0,0
P02,V2_video1_normal,normal,397,13.236169047619047,1,0.1854278182828749,0.1866289413437308,0.184226695222019,0.1588548284423051,0.0678391959798995,1.0,0.29731945542002847,0.14604763554612799,0.22168354548307823,0.004557809527349823,0,0,0.11084177274153911,0.0022789047636749115,0,0,0,0
P02,V2_video1_normal,normal,398,13.269509523809523,1,0.23413250081899944,0.2289290238681141,0.23933597776988483,0.15824541449337529,0.06766917293233082,1.0,0.04377499457657563,0.13847995113522038,0.091127472855898,0.0038239404953317583,0,0,0.045563736427949,0.0019119702476658792,0,0,0,0
P02,V2_video1_normal,normal,399,13.30285,1,0.2577515778093983,0.2562715717188403,0.2592315838999563,0.15793037660470444,0.0675,1.0,0.04767194775623684,0.04438132172940368,0.04602663474282026,0.0048867666524678895,0,0,0.02301331737141013,0.0024433833262339447,0,0,0,0
P02,V2_video1_normal,normal,400,13.336190476190476,1,0.27489454597202223,0.2755017961906211,0.2742872957534233,0.15828172625952008,0.06733167082294264,1.0,0.045077211769013026,0.10216485537098563,0.07362103356999933,0.009920650666810806,0,0,0.036810516784999664,0.004960325333405403,0,0,0,0
P02,V2_video1_normal,normal,401,13.369530952380952,1,0.28247142983741075,0.28678556080797674,0.27815729886684476,0.1599843882365605,0.06716417910447761,1.0,0.005432531190343037,0.044218867947512175,0.024825699568927606,0.009626225977165705,0,0,0.012412849784463803,0.004813112988582852,0,0,0,0
P02,V2_video1_normal,normal,402,13.402871428571428,1,0.287331354529784,0.2919121822930465,0.2827505267665215,0.15960083405609923,0.06699751861042183,1.0,0.022265378574074846,0.07821371394006382,0.050239546257069334,0.011560846290978123,0,0,0.025119773128534667,0.005780423145489062,0,0,0,0
P02,V2_video1_normal,normal,403,13.436211904761905,1,0.29042685401146795,0.2956681719466405,0.2851855360762953,0.15989912493871258,0.06683168316831684,1.0,0.11030066111990189,0.027007020554776662,0.06865384083733928,0.00345077408535433,0,0,0.03432692041866964,0.001725387042677165,0,0,0,0
P02,V2_video1_normal,normal,404,13.469552380952381,1,0.29292540364649905,0.29819653988108485,0.28765426741191324,0.15944439960433607,0.06666666666666667,1.0,0.020743491370886935,0.0808062407540927,0.05077486606248982,0.00508954140954065,0,0,0.02538743303124491,0.002544770704770325,0,0,0,0
P02,V2_video1_normal,normal,405,13.502892857142857,1,0.2974100261278027,0.30334344899022203,0.2914766032653834,0.1597660353221973,0.0665024630541872,1.0,0.010289383937938656,0.05612532336545173,0.03320735365169519,0.008255150330275208,0,0,0.016603676825847596,0.004127575165137604,0,0,0,0
P02,V2_video1_normal,normal,406,13.536233333333334,1,0.2981542187861288,0.3042744639420943,0.29203397363016337,0.1602250538071126,0.06633906633906633,1.0,0.02450343015529155,0.019958804429739407,0.02223111729251548,0.005243647259724557,0,0,0.01111555864625774,0.0026218236298622783,0,0,0,0
P02,V2_video1_normal,normal,407,13.56957380952381,1,0.30064551260844957,0.302086689423634,0.29920433579326516,0.15914825295156554,0.0661764705882353,1.0,0.0427249473023007,0.0031123443242530024,0.02291864581327685,0.006180711496950496,0,0,0.011459322906638425,0.003090355748475248,0,0,0,0
P02,V2_video1_normal,normal,408,13.602914285714286,1,0.3007579598988799,0.3026934285798488,0.29882249121791093,0.15824736372898662,0.06601466992665037,1.0,0.014778324453083913,0.0014671232746104046,0.008122723863847159,0.005203038382227799,0,0,0.004061361931923579,0.0026015191911138995,0,0,0,0
P02,V2_video1_normal,normal,409,13.63625476190476,1,0.2993656012848617,0.30012714906499227,0.2986040535047312,0.15926734297503609,0.06585365853658537,1.0,0.047098630690747934,0.0054467944750379305,0.026272712582892932,0.004655516595158875,0,0,0.013136356291446466,0.0023277582975794373,0,0,0,0
P02,V2_video1_normal,normal,410,13.669595238095237,1,0.3091354587715397,0.3130507096916721,0.3052202078514073,0.16072630696207305,0.06569343065693431,1.0,0.07879723781936299,0.007993827058656366,0.043395532439009676,0.00847210283020872,0,0,0.021697766219504838,0.00423605141510436,0,0,0,0
P02,V2_video1_normal,normal,411,13.702935714285713,1,0.3198878203126041,0.3281154279834706,0.31166021264173754,0.15994728502826672,0.06553398058252427,1.0,0.10976870966618846,0.027208852901584035,0.06848878128388625,0.006174540276854801,0,0,0.03424439064194312,0.0030872701384274007,0,0,0,0
P02,V2_video1_normal,normal,412,13.73627619047619,1,0.3172408794223798,0.3224827330495416,0.3119990257952179,0.15961888729475826,0.06537530266343826,1.0,0.19796542944906603,0.02301402996523194,0.11048972970714899,0.0026461441958456405,0,0,0.055244864853574494,0.0013230720979228202,0,0,0,0
P02,V2_video1_normal,normal,413,13.769616666666666,1,0.3188790462919161,0.3257862816592425,0.31197181092458964,0.16029286314674515,0.06521739130434782,1.0,0.606153940741211,0.014932117724194893,0.31054302923270294,0.0011133627845739279,0,0,0.15527151461635147,0.0005566813922869639,0,0,0,0
P02,V2_video1_normal,normal,414,13.802957142857142,1,0.3184840823281947,0.3246141394789051,0.31235402517748434,0.16034008951218215,0.06506024096385542,1.0,0.1873191106185611,0.0072751375427742015,0.09729712408066765,0.0013667002055821693,0,0,0.048648562040333826,0.0006833501027910847,0,0,0,0
P02,V2_video1_normal,normal,415,13.836297619047619,1,0.31157729409404955,0.31706500288657025,0.3060895853015289,0.16006502393591557,0.06490384615384616,1.0,0.43281585883572005,0.019048333354179436,0.22593209609494974,0.00350948828581957,0,0,0.11296604804747487,0.001754744142909785,0,0,0,0
P02,V2_video1_normal,normal,416,13.869638095238095,1,0.31290625495968927,0.3189788170515912,0.3068336928677874,0.16032938860690382,0.06474820143884892,1.0,0.4962301977932715,0.004579668887333188,0.25040493334030234,0.003834388228808723,0,0,0.12520246667015117,0.0019171941144043615,0,0,0,0
P02,V2_video1_normal,normal,417,13.902978571428571,1,0.3127833571975315,0.31959000893662043,0.3059767054584425,0.16016304722878918,0.0645933014354067,1.0,0.2806606316148247,0.02287093888767633,0.1517657852512505,0.0035307068862750774,0,0,0.07588289262562525,0.0017653534431375387,0,0,0,0
P02,V2_video1_normal,normal,418,13.936319047619047,1,0.3130091960816377,0.31847812955817334,0.30754026260510203,0.16019697695051532,0.06443914081145585,1.0,0.3201599842619878,0.008271007306634992,0.16421549578431138,0.001202192447855671,0,0,0.08210774789215569,0.0006010962239278355,0,0,0,0
P02,V2_video1_normal,normal,419,13.969659523809524,1,0.3134403194687251,0.3195055612492383,0.3073750776882118,0.15981115676260108,0.06428571428571428,1.0,0.37418462634006766,0.017301708402837623,0.19574316737145264,0.003142565645026328,0,0,0.09787158368572632,0.001571282822513164,0,0,0,0
P02,V2_video1_normal,normal,420,14.003,1,0.31254560838987655,0.31788902213307146,0.30720219464668164,0.1608423296169747,0.06413301662707839,1.0,0.5575290676317637,0.026288425220791445,0.29190874642627757,0.002429934798415531,0,0,0.14595437321313878,0.0012149673992077655,0,0,0,0
P02,V2_video1_normal,normal,421,14.036340476190476,1,0.3107233376818358,0.3163550560079974,0.30509161935567425,0.160669909892941,0.06398104265402843,1.0,0.21437760610086543,0.10730512547624438,0.1608413657885549,0.0032053661507347978,0,0,0.08042068289427745,0.0016026830753673989,0,0,0,0
P02,V2_video1_normal,normal,422,14.069680952380953,1,0.3080660527331297,0.3133068436931538,0.30282526177310565,0.1598006079017168,0.06382978723404255,1.0,0.18911304070978163,0.011158173301294205,0.10013560700553792,0.006512218140787084,0,0,0.05006780350276896,0.003256109070393542,0,0,0,0
P02,V2_video1_normal,normal,423,14.103021428571429,1,0.3069775892286278,0.3120877537158046,0.30186742474145095,0.15993096411661836,0.06367924528301887,1.0,0.20814084892793716,0.004347766158115718,0.10624430754302644,0.0035798092858603473,0,0,0.05312215377151322,0.0017899046429301737,0,0,0,0
P02,V2_video1_normal,normal,424,14.136361904761904,1,0.3085120182005538,0.31385707176441063,0.30316696463669696,0.16054481533996898,0.06352941176470588,1.0,0.26034324880592474,0.02060214121509396,0.14047269501050935,0.002906512501498015,0,0,0.07023634750525468,0.0014532562507490075,0,0,0,0
P02,V2_video1_normal,normal,425,14.16970238095238,1,0.3114301395980492,0.317173477142915,0.30568680205318344,0.16082745651613686,0.06338028169014084,1.0,0.10801739831861479,0.011411693419517976,0.05971454586906638,0.006360303170857733,0,0,0.02985727293453319,0.0031801515854288664,0,0,0,0
P02,V2_video1_normal,normal,426,14.203042857142856,1,0.31163621039713973,0.31691381685693465,0.3063586039373449,0.16048538289304587,0.06323185011709602,1.0,0.25343364528648205,0.007228399631143856,0.13033102245881295,0.01041386546291339,0,0,0.06516551122940648,0.005206932731456695,0,0,0,0
P02,V2_video1_normal,normal,427,14.236383333333333,1,0.3152009459486244,0.3216182254644227,0.3087836664328261,0.1601705861107458,0.0630841121495327,1.0,0.16075401113408294,0.014651224134139107,0.08770261763411102,0.004260518098425871,0,0,0.04385130881705551,0.0021302590492129356,0,0,0,0
P02,V2_video1_normal,normal,428,14.269723809523809,1,0.32460820289958114,0.33075580160225865,0.31846060419690364,0.160306232774139,0.06293706293706294,1.0,0.3365219992249747,0.003813696839241043,0.17016784803210788,0.0006532213644074106,0,0,0.08508392401605394,0.0003266106822037053,0,0,0,0
P02,V2_video1_normal,normal,429,14.303064285714285,1,0.3142517528088785,0.32104191228763485,0.3074615933301222,0.1599357844256659,0.06279069767441861,1.0,0.4846484796056606,0.0011058225907214503,0.24287715109819102,0.002361955100235487,0,0,0.12143857554909551,0.0011809775501177434,0,0,0,0
P02,V2_video1_normal,normal,430,14.336404761904761,1,0.3148256845246575,0.3219341766127965,0.30771719243651846,0.16019044716556122,0.06264501160092807,1.0,0.31604565547327057,0.009134938179006347,0.16259029682613846,0.002625720688849227,0,0,0.08129514841306923,0.0013128603444246135,0,0,0,0
P02,V2_video1_normal,normal,431,14.369745238095238,1,0.30850840273151636,0.31625024120698914,0.30076656425604364,0.15969555903273105,0.0625,1.0,0.6930014393046525,0.0046705260543395966,0.34883598267949606,0.001660541467097171,0,0,0.17441799133974803,0.0008302707335485855,0,0,0,0
P02,V2_video1_normal,normal,432,14.403085714285714,1,0.300310158767322,0.3077218010983643,0.2928985164362797,0.15999676564379506,0.06235565819861432,1.0,0.18196260786985685,0.0005292584740166362,0.09124593317193674,0.002932000587015621,0,0,0.04562296658596837,0.0014660002935078106,0,0,0,0
P02,V2_video1_normal,normal,433,14.43642619047619,1,0.21972100819366847,0.22076772683697954,0.21867428955035742,0.15946976482803088,0.06221198156682028,1.0,0.11879107943208533,0.10299803655734707,0.1108945579947162,0.0018064789162656634,0,0,0.0554472789973581,0.0009032394581328317,0,0,0,0
P02,V2_video1_normal,normal,434,14.469766666666667,1,0.1076879500927621,0.10583699242798886,0.10953890775753533,0.15922241102180135,0.06436781609195402,1.0,0.23037351523036675,0.15839054051845158,0.19438202787440917,0.002143861224372266,1,0,0.5971910139372045,0.001071930612186133,1,0,1,0
P02,V2_video1_normal,normal,435,14.503107142857143,1,0.15985840805152163,0.15503078979267265,0.1646860263103706,0.15912507420918315,0.06422018348623854,1.0,0.4686602395059515,0.20518974189105488,0.3369249906985032,0.003982631255093537,0,0,0.1684624953492516,0.0019913156275467685,0,0,0,0
P02,V2_video1_normal,normal,436,14.53644761904762,1,0.2281965066734078,0.22848211832907767,0.22791089501773792,0.1586552867241506,0.06407322654462243,1.0,0.11399214869247287,0.02979762888100934,0.0718948887867411,0.002713134673748895,0,0,0.03594744439337055,0.0013565673368744475,0,0,0,0
P02,V2_video1_normal,normal,437,14.569788095238096,1,0.24580855404325036,0.24956287886314427,0.24205422922335643,0.1590073325590416,0.0639269406392694,1.0,0.03646276081984201,0.06074944073265387,0.04860610077624794,0.006355501391290167,0,0,0.02430305038812397,0.0031777506956450837,0,0,0,0
P02,V2_video1_normal,normal,438,14.603128571428572,1,0.26462664510977163,0.26989759718061784,0.2593556930389254,0.1585179941736369,0.06378132118451026,1.0,0.05927579970701746,0.033875560761250756,0.04657568023413411,0.006478882894477312,0,0,0.023287840117067055,0.003239441447238656,0,0,0,0
P02,V2_video1_normal,normal,439,14.636469047619046,1,0.2753200611813849,0.28059213244235387,0.27004798992041595,0.15940770566160217,0.06363636363636363,1.0,0.006120408155461443,0.004317858185894696,0.00521913317067807,0.005542629196476672,0,0,0.002609566585339035,0.002771314598238336,0,0,0,0
P02,V2_video1_normal,normal,440,14.669809523809523,1,0.269944394008511,0.27504401131531264,0.26484477670170936,0.15865562138394673,0.06349206349206349,1.0,0.06633514273162322,0.027424955832474396,0.04688004928204881,0.006930523972931163,0,0,0.023440024641024404,0.0034652619864655814,0,0,0,0
P02,V2_video1_normal,normal,441,14.703149999999999,1,0.28331270783848406,0.2884976743307131,0.27812774134625506,0.1601196854652723,0.06334841628959276,1.0,0.015193828452630509,0.022333139682109038,0.018763484067369773,0.001717082911132528,0,0,0.009381742033684887,0.000858541455566264,0,0,0,0
P02,V2_video1_normal,normal,442,14.736490476190475,1,0.2877043059090221,0.2930255425867844,0.28238306923125966,0.15956065875544656,0.06320541760722348,1.0,0.019919863534266335,0.007630213322511681,0.013775038428389008,0.0022501594688270603,0,0,0.006887519214194504,0.0011250797344135302,0,0,0,0
P02,V2_video1_normal,normal,443,14.769830952380952,1,0.2898590621592401,0.29427188927411996,0.2854462350443603,0.1601027928164838,0.06306306306306306,1.0,0.04741667562954932,0.0016543429323877534,0.024535509280968537,0.003463039989668406,0,0,0.012267754640484269,0.001731519994834203,0,0,0,0
P02,V2_video1_normal,normal,444,14.803171428571428,1,0.29590939891723245,0.3025695319156412,0.2892492659188237,0.15995134061502173,0.06292134831460675,1.0,0.04286183903658991,0.007957743890608993,0.02540979146359945,0.0019497045926576222,0,0,0.012704895731799726,0.0009748522963288111,0,0,0,0
P02,V2_video1_normal,normal,445,14.836511904761904,1,0.29494724377881687,0.30061457037938566,0.28927991717824814,0.1602500327701725,0.06278026905829596,1.0,0.055070399822665594,0.0026535844443960066,0.0288619921335308,0.002031663745223148,0,0,0.0144309960667654,0.001015831872611574,0,0,0,0
P02,V2_video1_normal,normal,446,14.86985238095238,1,0.29708763308271124,0.30285604932995547,0.291319216835467,0.15941296733485213,0.06263982102908278,1.0,0.26177331628410705,0.009380206682792047,0.13557676148344955,0.0051587298771514625,0,0,0.06778838074172477,0.0025793649385757312,0,0,0,0
P02,V2_video1_normal,normal,447,14.903192857142857,1,0.2979114485851013,0.30519879097608515,0.29062410619411744,0.16031029415703715,0.0625,1.0,0.19597492430917607,0.01044540649252701,0.10321016540085154,0.008773127374559639,0,0,0.05160508270042577,0.0043865636872798194,0,0,0,0
P02,V2_video1_normal,normal,448,14.936533333333333,1,0.29517137765617885,0.3020923406634114,0.28825041464894624,0.16060973011076185,0.062360801781737196,1.0,0.20453846279443044,0.002114819692045633,0.10332664124323804,0.004599250326272573,0,0,0.05166332062161902,0.0022996251631362866,0,0,0,0
P02,V2_video1_normal,normal,449,14.96987380952381,1,0.29530692572194917,0.3011637958594672,0.28945005558443115,0.1604684205894081,0.06222222222222222,1.0,0.12509977150434703,0.0005444607479848651,0.06282211612616595,0.002759765879448678,0,0,0.031411058063082975,0.001379882939724339,0,0,0,0
P02,V2_video1_normal,normal,450,15.003214285714286,1,0.29847595044234865,0.30460553343318986,0.2923463674515075,0.16030613288567938,0.06222222222222222,1.0,0.18824108236861747,0.004519335437797811,0.09638020890320764,0.0022374314100795066,0,0,0.04819010445160382,0.0011187157050397533,0,0,0,0
P02,V2_video1_normal,normal,451,15.036554761904762,1,0.2971873038517818,0.3031999312414465,0.2911746764621171,0.160159637570398,0.06222222222222222,1.0,0.1424366486695351,0.005242468432766767,0.07383955855115093,0.002729029909790268,0,0,0.036919779275575465,0.001364514954895134,0,0,0,0
P02,V2_video1_normal,normal,452,15.069895238095238,1,0.29639082055097593,0.3024730343331761,0.29030860676877573,0.16010425037200146,0.06222222222222222,1.0,0.08043340492027762,0.003893838571547681,0.04216362174591265,0.005684677766231221,0,0,0.021081810872956325,0.0028423388831156104,0,0,0,0
P02,V2_video1_normal,normal,453,15.103235714285715,1,0.2532912053131993,0.2548640622888024,0.25171834833759626,0.15826472831171579,0.06222222222222222,1.0,0.03647885532826067,0.11281745403446586,0.07464815468136327,0.004377404452152653,0,0,0.03732407734068163,0.0021887022260763263,0,0,0,0
P02,V2_video1_normal,normal,454,15.13657619047619,1,0.12943618462583806,0.13218046595469565,0.12669190329698046,0.15886085160991079,0.06444444444444444,1.0,0.1574333232967151,0.10551748525457005,0.13147540427564258,0.002247712460190533,1,0,0.5657377021378213,0.0011238562300952665,1,0,0,0
P02,V2_video1_normal,normal,455,15.169916666666666,1,0.08437106432506172,0.08879854637355084,0.07994358227657261,0.15838766818500422,0.06666666666666667,1.0,0.10581547760105892,0.20668347651667518,0.15624947705886705,0.0036727289103278267,1,0,0.5781247385294335,0.0018363644551639133,1,0,0,0
P02,V2_video1_normal,normal,456,15.203257142857142,1,0.07735398756379103,0.08254584210677626,0.07216213302080578,0.15847724608016062,0.06888888888888889,1.0,0.25947417806687445,0.25700415857159675,0.2582391683192356,0.013621847768395498,1,0,0.6291195841596178,0.006810923884197749,1,0,1,0
P02,V2_video1_normal,normal,457,15.236597619047618,1,0.07574793390740268,0.07884451166034258,0.07265135615446279,0.15815147129115442,0.07111111111111111,1.0,0.5111789399307837,0.3628779878003764,0.43702846386558003,0.01099761630245106,1,0,0.71851423193279,0.00549880815122553,1,0,1,0
P02,V2_video1_normal,normal,458,15.269938095238095,1,0.06982249717547044,0.0757304214179924,0.06391457293294849,0.15871130862585567,0.07333333333333333,1.0,0.44085730062229533,0.39732975071349663,0.419093525667896,0.004397268717160907,1,0,0.709546762833948,0.0021986343585804536,1,0,1,0
P02,V2_video1_normal,normal,459,15.30327857142857,1,0.06563432585552982,0.07445988483315101,0.05680876687790863,0.15838306068796593,0.07555555555555556,1.0,0.3852380913196516,0.6779418619028867,0.5315899766112692,0.006177510948716379,1,0,0.7657949883056345,0.0030887554743581893,1,0,1,0
P02,V2_video1_normal,normal,460,15.336619047619047,1,0.06538491518502951,0.07546675873697996,0.05530307163307906,0.15868236693548848,0.07777777777777778,1.0,0.42154647243530463,0.23066058267126144,0.32610352755328303,0.004574428775652309,1,0,0.6630517637766415,0.0022872143878261545,1,0,1,0
P02,V2_video1_normal,normal,461,15.369959523809523,1,0.05903448750784465,0.06712324111243097,0.05094573390325834,0.15902484249110008,0.08,1.0,0.47262663529926874,0.4168866341942855,0.4447566347467771,0.0013424609158432192,1,0,0.7223783173733885,0.0006712304579216096,1,0,1,0
P02,V2_video1_normal,normal,462,15.4033,1,0.05640280521552136,0.06304284261246214,0.04976276781858058,0.15925258302640066,0.08222222222222222,1.0,0.27759103565904264,0.28509947249984646,0.28134525407944455,0.00960403525559953,1,0,0.6406726270397223,0.004802017627799765,1,0,1,0
P02,V2_video1_normal,normal,463,15.436640476190476,1,0.0601906131941299,0.07039187479070103,0.049989351597558775,0.15967300471637663,0.08444444444444445,1.0,0.2580464602088418,0.2307431164655157,0.24439478833717876,0.00522282292061857,1,0,0.6221973941685894,0.002611411460309285,1,0,1,0
P02,V2_video1_normal,normal,464,15.469980952380952,1,0.0567264765399781,0.0620973676920407,0.051355585387915494,0.15940157410672637,0.08666666666666667,1.0,0.41726108872757894,0.3891092464590714,0.4031851675933252,0.003870913112766574,1,0,0.7015925837966626,0.001935456556383287,1,0,1,0
P02,V2_video1_normal,normal,465,15.503321428571429,1,0.057846975012986704,0.06220427360026035,0.05348967642571305,0.1593242506589888,0.08888888888888889,1.0,0.4796175128805551,0.4422481799604838,0.46093284642051946,0.002587706043795112,1,0,0.7304664232102598,0.001293853021897556,1,0,1,0
P02,V2_video1_normal,normal,466,15.536661904761905,1,0.06019634022191341,0.06347240002753905,0.05692028041628777,0.1597927642424049,0.09111111111111111,1.0,0.38949689512996244,0.33016470949590737,0.3598308023129349,0.006372697787449114,1,0,0.6799154011564674,0.003186348893724557,1,0,1,0
P02,V2_video1_normal,normal,467,15.570002380952381,1,0.05643087758765102,0.060308095021537535,0.05255366015376451,0.15996180489509249,0.09333333333333334,1.0,0.24742704456653375,0.2762270847119248,0.2618270646392293,0.005405310436228379,1,0,0.6309135323196147,0.0027026552181141895,1,0,1,0
P02,V2_video1_normal,normal,468,15.603342857142858,1,0.04841870886388945,0.050891219982096995,0.0459461977456819,0.15889731340679947,0.09555555555555556,1.0,0.4561762631354682,0.7465075042124062,0.6013418836739373,0.005438055121299437,1,0,0.8006709418369686,0.0027190275606497187,1,0,1,0
P02,V2_video1_normal,normal,469,15.636683333333332,1,0.049840032934284524,0.05401997600611255,0.045660089862456496,0.15922577554119452,0.09555555555555556,1.0,0.6526669752110971,0.7654584638159536,0.7090627195135253,0.004806745325101566,1,0,0.8545313597567626,0.002403372662550783,1,0,1,0
P02,V2_video1_normal,normal,470,15.670023809523808,1,0.056669531279667104,0.06374466697132798,0.04959439558800623,0.15924770773172947,0.09555555555555556,1.0,0.09310925007545856,0.20782642257729256,0.15046783632637556,0.004163240226449125,1,0,0.5752339181631878,0.0020816201132245627,1,0,0,0
P02,V2_video1_normal,normal,471,15.703364285714285,1,0.05233416417610877,0.057392642641644884,0.04727568571057265,0.16019258739129333,0.09555555555555556,1.0,0.2242222266554018,0.19918844040342032,0.21170533352941107,0.004398753222457736,1,0,0.6058526667647055,0.002199376611228868,1,0,1,0
P02,V2_video1_normal,normal,472,15.736704761904761,1,0.049558285880855577,0.05660276065289865,0.042513811108812506,0.15972874917832316,0.09555555555555556,1.0,0.16762657923635071,0.20531217250105604,0.18646937586870338,0.0028144603803145667,1,0,0.5932346879343517,0.0014072301901572833,1,0,1,0
P02,V2_video1_normal,normal,473,15.770045238095237,1,0.05340145534999116,0.057599111030296614,0.0492037996696857,0.16001242317802447,0.09777777777777778,1.0,0.13632824121248244,0.6436679526483813,0.38999809693043186,0.003673423430657821,1,0,0.694999048465216,0.0018367117153289105,1,0,1,0
P02,V2_video1_normal,normal,474,15.803385714285714,1,0.05217603043664524,0.05435128088490123,0.05000077998838925,0.15984564709446847,0.1,1.0,0.22898808741525833,0.5682245164789164,0.39860630194708735,0.00668624779747097,1,0,0.6993031509735437,0.003343123898735485,1,0,1,0
P02,V2_video1_normal,normal,475,15.83672619047619,1,0.05398491760741228,0.05665048868228336,0.05131934653254121,0.16032499060528263,0.10222222222222223,1.0,0.25468665123026224,0.5133411074553815,0.3840138793428219,0.004272583575897747,1,0,0.6920069396714109,0.0021362917879488735,1,0,1,0
P02,V2_video1_normal,normal,476,15.870066666666666,1,0.054155025710084466,0.05708640468491371,0.05122364673525522,0.15997846013859984,0.10444444444444445,1.0,0.3282921438181631,0.5144251217495945,0.4213586327838788,0.0032408132478598042,1,0,0.7106793163919394,0.0016204066239299021,1,0,1,0
P02,V2_video1_normal,normal,477,15.903407142857143,1,0.04580810793527457,0.04961520077612594,0.0420010150944232,0.16068313707627402,0.10666666666666667,1.0,0.26598677591711684,0.27759290029546957,0.2717898381062932,0.001364807029357014,1,0,0.6358949190531467,0.000682403514678507,1,0,1,0
P02,V2_video1_normal,normal,478,15.936747619047619,1,0.04784700958591662,0.05256657692453503,0.0431274422472982,0.16024021839264707,0.10888888888888888,1.0,0.6011496610244196,0.3121837413741334,0.4566667011992765,0.0040423736593552615,1,0,0.7283333505996382,0.0020211868296776308,1,0,1,0
P02,V2_video1_normal,normal,479,15.970088095238095,1,0.04875930714040502,0.054921444012328284,0.04259717026848176,0.16023143466009232,0.1111111111111111,1.0,0.4509583822080243,0.4187004926292405,0.4348294374186324,0.0019539310072839624,1,0,0.7174147187093162,0.0009769655036419812,1,0,1,0
P02,V2_video1_normal,normal,480,16.00342857142857,1,0.05777240399131185,0.06160265536027812,0.053942152622345585,0.1595990230302972,0.11333333333333333,1.0,0.15104067226598195,0.19735206391531235,0.17419636809064715,0.006331783474408769,1,0,0.5870981840453235,0.0031658917372043844,1,0,1,0
P02,V2_video1_normal,normal,481,16.036769047619046,1,0.06543110189356127,0.06862890165752496,0.06223330212959757,0.15883947504305843,0.11555555555555555,1.0,0.2788744078120241,0.2829477014451772,0.28091105462860066,0.005160435845139939,1,0,0.6404555273143003,0.0025802179225699693,1,0,1,0
P02,V2_video1_normal,normal,482,16.070109523809524,1,0.08587157318889549,0.08065468235935934,0.09108846401843163,0.15858934100342362,0.11555555555555555,1.0,0.41750594144998676,0.1780364088139672,0.297771175131977,0.005528910701273231,1,0,0.6488855875659885,0.0027644553506366155,1,0,1,0
P02,V2_video1_normal,normal,483,16.10345,1,0.138740660676959,0.11871941785614423,0.15876190349777375,0.1581047319506723,0.11555555555555555,1.0,0.6316310980539244,0.23581162935856637,0.43372136370624537,0.00739422448471239,1,0,0.7168606818531227,0.003697112242356195,1,0,1,0
P02,V2_video1_normal,normal,484,16.136790476190477,1,0.2142760905876832,0.2064893455580955,0.22206283561727094,0.15764311031522057,0.11555555555555555,1.0,0.33092680602386726,0.45727718175800613,0.3941019938909367,0.006128416046576598,0,0,0.19705099694546835,0.003064208023288299,0,0,0,0
P02,V2_video1_normal,normal,485,16.17013095238095,1,0.2355941361451228,0.2298388860818385,0.24134938620840712,0.15766654184242598,0.11555555555555555,1.0,0.37844431254097,0.12038721454420298,0.2494157635425865,0.006080599351604849,0,0,0.12470788177129324,0.0030402996758024247,0,0,0,0
P02,V2_video1_normal,normal,486,16.20347142857143,1,0.25319644168052463,0.2542922777383494,0.25210060562269987,0.15824822120417684,0.11555555555555555,1.0,0.041887291383866154,0.025430209361443468,0.03365875037265481,0.004190137406137031,0,0,0.016829375186327405,0.0020950687030685156,0,0,0,0
P02,V2_video1_normal,normal,487,16.236811904761904,1,0.25957954421668816,0.26310357300919784,0.2560555154241785,0.15868568563173915,0.11555555555555555,1.0,0.029138046835398446,0.0029062527149481543,0.0160221497751733,0.011343795763754182,0,0,0.00801107488758665,0.005671897881877091,0,0,0,0
P02,V2_video1_normal,normal,488,16.270152380952382,1,0.2630279455719373,0.26531630909428666,0.260739582049588,0.15812196952463223,0.11555555555555555,1.0,0.04091835418736345,0.058318993254511176,0.04961867372093731,0.003110214625030806,0,0,0.024809336860468656,0.001555107312515403,0,0,0,0
P02,V2_video1_normal,normal,489,16.303492857142857,1,0.2610688227659089,0.26489060066292636,0.2572470448688915,0.15912173960690704,0.11555555555555555,1.0,0.0508049437072835,0.015964297243661107,0.033384620475472304,0.004825609585864267,0,0,0.016692310237736152,0.0024128047929321333,0,0,0,0
P02,V2_video1_normal,normal,490,16.336833333333335,1,0.26847203888391885,0.27163994028208255,0.26530413748575515,0.1589674979494028,0.11555555555555555,1.0,0.20778803678786584,0.04475411881192226,0.12627107779989405,0.008360252306998606,0,0,0.06313553889994702,0.004180126153499303,0,0,0,0
P02,V2_video1_normal,normal,491,16.37017380952381,1,0.2683781345046521,0.27155871644488827,0.26519755256441596,0.15901358865064216,0.11555555555555555,1.0,0.10592593127151995,0.05807694895891802,0.08200144011521898,0.011725389152582914,0,0,0.04100072005760949,0.005862694576291457,0,0,0,0
P02,V2_video1_normal,normal,492,16.403514285714284,1,0.27298990324370487,0.2759033766260219,0.2700764298613879,0.159244138962135,0.11555555555555555,1.0,0.06439024039559793,0.0910681854000408,0.07772921289781937,0.005012176856136708,0,0,0.03886460644890968,0.002506088428068354,0,0,0,0
P02,V2_video1_normal,normal,493,16.436854761904762,1,0.27844452148080945,0.2820463314241908,0.2748427115374281,0.15860186648003802,0.11555555555555555,1.0,0.047732902465568716,0.03621689335106548,0.0419748979083171,0.004037814866751098,0,0,0.02098744895415855,0.002018907433375549,0,0,0,0
P02,V2_video1_normal,normal,494,16.470195238095236,1,0.27755996378768966,0.2813319077301011,0.2737880198452782,0.15934724464199623,0.11555555555555555,1.0,0.03886782659037502,0.07243065314028341,0.055649239865329214,0.0032347699872296823,0,0,0.027824619932664607,0.0016173849936148412,0,0,0,0
P02,V2_video1_normal,normal,495,16.503535714285714,1,0.2721692591662661,0.2774252910652598,0.26691322726727235,0.15871581319598427,0.11555555555555555,1.0,0.016709740415861152,0.034435454285214995,0.025572597350538073,0.0033947016652710288,0,0,0.012786298675269037,0.0016973508326355144,0,0,0,0
P02,V2_video1_normal,normal,496,16.53687619047619,1,0.2841915244007815,0.2886774563744748,0.2797055924270882,0.15925321083479832,0.11555555555555555,1.0,0.014673158601932523,0.025773630485504184,0.020223394543718354,0.0025095935409223187,0,0,0.010111697271859177,0.0012547967704611594,0,0,0,0
P02,V2_video1_normal,normal,497,16.570216666666667,1,0.29255199417394384,0.2979257138470861,0.2871782745008015,0.15864170065466812,0.11333333333333333,1.0,0.11274638499408518,0.02742687004598876,0.07008662752003697,0.005462149165627979,0,0,0.035043313760018485,0.0027310745828139893,0,0,0,0
P02,V2_video1_normal,normal,498,16.60355714285714,1,0.29957412734515354,0.30420621032151873,0.2949420443687884,0.15902411806965314,0.1111111111111111,1.0,0.060231589072813785,0.010067982729868752,0.03514978590134127,0.007711134635651606,0,0,0.017574892950670634,0.003855567317825803,0,0,0,0
P02,V2_video1_normal,normal,499,16.63689761904762,1,0.3032612445096764,0.30770023746226843,0.2988222515570844,0.15846250274553353,0.10888888888888888,1.0,0.06820428918899801,0.0010266516143002669,0.03461547040164914,0.0006007625199979033,0,0,0.01730773520082457,0.00030038125999895163,0,0,0,0
P02,V2_video1_normal,normal,500,16.670238095238094,1,0.30491708026645015,0.3088533445040521,0.3009808160288482,0.15909795688392608,0.10888888888888888,1.0,0.056425121120564636,0.007303341440778821,0.03186423128067173,0.000625262961950709,0,0,0.015932115640335864,0.0003126314809753545,0,0,0,0
P02,V2_video1_normal,normal,501,16.703578571428572,1,0.3082539541097943,0.31325180505616723,0.3032561031634213,0.15939625235954463,0.10888888888888888,1.0,0.09024457984690815,0.005092227072443611,0.04766840345967588,0.0008797671402208593,0,0,0.02383420172983794,0.00043988357011042964,0,0,0,0
P02,V2_video1_normal,normal,502,16.736919047619047,1,0.3056055879665782,0.31134180837214703,0.29986936756100946,0.1589949377268463,0.10888888888888888,1.0,0.07446569527342461,0.01913819681013229,0.04680194604177845,0.0017233996200612535,0,0,0.023400973020889226,0.0008616998100306267,0,0,0,0
P02,V2_video1_normal,normal,503,16.770259523809525,1,0.3085216992318509,0.3151146625214873,0.3019287359422146,0.1588700025772891,0.10888888888888888,1.0,0.3062879248074505,0.02700171454060507,0.16664481967402778,0.002863955383163471,0,0,0.08332240983701389,0.0014319776915817355,0,0,0,0
P02,V2_video1_normal,normal,504,16.8036,1,0.3095207275688102,0.31546771663632295,0.30357373850129743,0.1584330020927855,0.10888888888888888,1.0,0.10780422374215681,0.011131231017248444,0.05946772737970263,0.0029679210092907926,0,0,0.029733863689851314,0.0014839605046453963,0,0,0,0
P02,V2_video1_normal,normal,505,16.836940476190478,1,0.3105987306275314,0.3165042013641657,0.30469325989089713,0.15878070939945713,0.10888888888888888,1.0,0.07060944347224862,0.020522199485581205,0.045565821478914914,0.0031998374171825763,0,0,0.022782910739457457,0.0015999187085912882,0,0,0,0
P02,V2_video1_normal,normal,506,16.870280952380952,1,0.31195915880242725,0.3189412331970683,0.3049770844077862,0.1597924609698785,0.10888888888888888,1.0,0.24000103410293327,0.0020257795915360477,0.12101340684723466,0.0029544762720160518,0,0,0.06050670342361733,0.0014772381360080259,0,0,0,0
P02,V2_video1_normal,normal,507,16.903621428571427,1,0.31144561930880915,0.31863405583404725,0.30425718278357106,0.1586338631906647,0.10888888888888888,1.0,0.29664962830719255,0.011667924959534393,0.15415877663336347,0.0012594344603244672,0,0,0.07707938831668174,0.0006297172301622336,0,0,0,0
P02,V2_video1_normal,normal,508,16.936961904761905,1,0.30921058316811717,0.316541156816693,0.30188000951954136,0.15910105249001769,0.10888888888888888,1.0,0.6713265333859959,0.0023711460275738228,0.33684883970678486,0.004744218034951397,0,0,0.16842441985339243,0.0023721090174756987,0,0,0,0
P02,V2_video1_normal,normal,509,16.97030238095238,1,0.306238732482516,0.31138078644211714,0.3010966785229149,0.15916060762978712,0.10888888888888888,1.0,0.3104324268101093,0.0017467960289665463,0.15608961141953792,0.003624157243512006,0,0,0.07804480570976896,0.001812078621756003,0,0,0,0
P02,V2_video1_normal,normal,510,17.003642857142857,1,0.30834153773434814,0.313391965528581,0.3032911099401152,0.15941362760490696,0.10888888888888888,1.0,0.3089205534380758,0.00403456965956972,0.15647756154882275,0.007731407123034621,0,0,0.07823878077441138,0.0038657035615173104,0,0,0,0
P02,V2_video1_normal,normal,511,17.036983333333332,1,0.31172954069628905,0.3196930128054261,0.303766068587152,0.1591728358948271,0.10888888888888888,1.0,0.47826515731990193,0.00943538498437868,0.2438502711521403,0.0045716308483194764,0,0,0.12192513557607015,0.0022858154241597382,0,0,0,0
P02,V2_video1_normal,normal,512,17.07032380952381,1,0.3064301040767569,0.31191135980371965,0.3009488483497942,0.15965483224276966,0.10888888888888888,1.0,0.49346578442582545,0.006041420127896657,0.24975360227686105,0.0022700593331060363,0,0,0.12487680113843053,0.0011350296665530181,0,0,0,0
P02,V2_video1_normal,normal,513,17.103664285714284,1,0.30558072344921305,0.3088962695670354,0.3022651773313907,0.1603385471755031,0.10888888888888888,1.0,0.30898583606502183,0.01018771182800926,0.15958677394651555,0.0025931614055903053,0,0,0.07979338697325777,0.0012965807027951527,0,0,0,0
P02,V2_video1_normal,normal,514,17.137004761904763,1,0.30545329221519923,0.3088262741309729,0.30208031029942556,0.16028415263520113,0.10888888888888888,1.0,0.28557909393449066,0.007008715055699888,0.14629390449509527,0.0025569287982425493,0,0,0.07314695224754764,0.0012784643991212746,0,0,0,0
P02,V2_video1_normal,normal,515,17.170345238095237,1,0.3036759662577492,0.3075190102669161,0.2998329222485822,0.1606018657934351,0.10888888888888888,1.0,0.22649798784134278,0.0010438269217243334,0.11377090738153356,0.0033911125190481694,0,0,0.05688545369076678,0.0016955562595240847,0,0,0,0
P02,V2_video1_normal,normal,516,17.203685714285715,1,0.305638905891437,0.3093268728337797,0.3019509389490943,0.16045639597411215,0.10888888888888888,1.0,0.3809908118920474,0.0018595425867262705,0.19142517723938685,0.003945301869927445,0,0,0.09571258861969342,0.0019726509349637226,0,0,0,0
P02,V2_video1_normal,normal,517,17.23702619047619,1,0.3025302360311057,0.3076429963756061,0.29741747568660526,0.16022776278744638,0.10888888888888888,1.0,0.2207703700694308,0.0012481456861413998,0.1110092578777861,0.003945301869927445,0,0,0.05550462893889305,0.0019726509349637226,0,0,0,0
P02,V2_video1_normal,normal,518,17.270366666666668,1,0.30534311463305547,0.312826995583367,0.2978592336827439,0.15931039026409063,0.10888888888888888,1.0,0.13872613346818752,0.0031960890209308257,0.07096111124455917,0.007114816756772676,0,0,0.035480555622279586,0.003557408378386338,0,0,0,0
P02,V2_video1_normal,normal,519,17.303707142857142,1,0.30126438943137945,0.3091888157024912,0.29333996316026767,0.160106294305729,0.10888888888888888,1.0,0.07176092873356954,0.0010308964474768922,0.036395912590523216,0.007353302490501307,0,0,0.018197956295261608,0.0036766512452506535,0,0,0,0
P02,V2_video1_normal,normal,520,17.33704761904762,1,0.30423044323012505,0.3121670680613369,0.29629381839891317,0.15935006058664822,0.10888888888888888,1.0,0.13707796549897666,0.0011040863235475262,0.0690910259112621,0.00926657738422309,0,0,0.03454551295563105,0.004633288692111545,0,0,0,0
P02,V2_video1_normal,normal,521,17.370388095238095,1,0.3018559490036986,0.30541108851874693,0.29830080948865023,0.16072340222179793,0.10888888888888888,1.0,0.15788844590271733,0.005069059012503763,0.08147875245761055,0.021833581516258208,0,0,0.040739376228805274,0.010916790758129104,0,0,0,0
P02,V2_video1_normal,normal,522,17.40372857142857,1,0.29850221799909293,0.30341442908695476,0.2935900069112311,0.15980814290582107,0.10888888888888888,1.0,0.15229208603310918,0.0005692599551904154,0.0764306729941498,0.004946908394617039,0,0,0.0382153364970749,0.0024734541973085197,0,0,0,0
P02,V2_video1_normal,normal,523,17.437069047619048,1,0.2996107570687434,0.3058499802077971,0.2933715339296897,0.15948960233216117,0.10888888888888888,1.0,0.027145654384266193,0.003061105152340371,0.015103379768303282,0.008611015976363002,0,0,0.007551689884151641,0.004305507988181501,0,0,0,0
P02,V2_video1_normal,normal,524,17.470409523809522,1,0.30195125373728643,0.3058643787439674,0.2980381287306055,0.15930191518042489,0.10888888888888888,1.0,0.02168615136584362,0.00043263064592535816,0.011059391005884489,0.00609668375161912,0,0,0.0055296955029422445,0.00304834187580956,0,0,0,0
P02,V2_video1_normal,normal,525,17.50375,1,0.3001148509086654,0.3045400227190675,0.2956896790982634,0.15916942538344786,0.10888888888888888,1.0,0.1833737884698693,0.0014537838644346213,0.09241378616715196,0.011681993723482921,0,0,0.04620689308357598,0.0058409968617414605,0,0,0,0
P02,V2_video1_normal,normal,526,17.537090476190475,1,0.29799340719567424,0.30232864601828674,0.2936581683730617,0.15922241419232996,0.10888888888888888,1.0,0.19238961271335608,0.0010655954291556302,0.09672760407125586,0.006256627373745432,0,0,0.04836380203562793,0.003128313686872716,0,0,0,0
P02,V2_video1_normal,normal,527,17.570430952380953,1,0.3055390102345058,0.30823199038477245,0.3028460300842391,0.15988342942111058,0.10888888888888888,1.0,0.43215917783741253,0.0016226418146745303,0.21689090982604353,0.024625087854851305,0,0,0.10844545491302177,0.012312543927425652,0,0,0,0
P02,V2_video1_normal,normal,528,17.603771428571427,1,0.3011006267159618,0.30572758478761625,0.2964736686443074,0.15938542920777843,0.10888888888888888,1.0,0.2254680107780559,0.0036386843193425555,0.11455334754869922,0.01823916679627752,0,0,0.05727667377434961,0.00911958339813876,0,0,0,0
P02,V2_video1_normal,normal,529,17.637111904761905,1,0.2993411792548324,0.30334020004171264,0.2953421584679522,0.15789739435673456,0.10888888888888888,1.0,0.16166497595506013,0.0015098297132780658,0.0815874028341691,0.01673659540195949,0,0,0.04079370141708455,0.008368297700979745,0,0,0,0
P02,V2_video1_normal,normal,530,17.67045238095238,1,0.300294575173188,0.3057031888900169,0.2948859614563591,0.15917461824016477,0.10888888888888888,1.0,0.12271268708109306,0.002906812390292557,0.06280974973569281,0.039682072636216086,0,0,0.031404874867846405,0.019841036318108043,0,0,0,0
P02,V2_video1_normal,normal,531,17.703792857142858,1,0.299452100007972,0.30439322718559075,0.29451097283035327,0.15875542156576325,0.10888888888888888,1.0,0.12702012048175104,0.0023052414490947193,0.06466268096542288,0.05812847504476343,0,0,0.03233134048271144,0.029064237522381714,0,0,0,0
P02,V2_video1_normal,normal,532,17.737133333333333,1,0.3036275580175672,0.30909417160724156,0.2981609444278928,0.15847250333811147,0.10888888888888888,1.0,0.05628961654222908,0.003337734867652098,0.02981367570494059,0.01940759301143295,0,0,0.014906837852470295,0.009703796505716475,0,0,0,0
P02,V2_video1_normal,normal,533,17.77047380952381,1,0.298369891956262,0.30269201691634795,0.2940477669961761,0.15707400817165396,0.10888888888888888,1.0,0.06854578876065842,0.005508383183670751,0.037027085972164586,0.01851319895863264,0,0,0.018513542986082293,0.00925659947931632,0,0,0,0
P02,V2_video1_normal,normal,534,17.803814285714285,1,0.298404635779675,0.30487682171057173,0.29193244984877825,0.15674869829386648,0.10888888888888888,1.0,0.061456651519224414,0.0011674794849997339,0.031312065502112074,0.023842885066047457,0,0,0.015656032751056037,0.011921442533023728,0,0,0,0
P02,V2_video1_normal,normal,535,17.837154761904763,1,0.3036972355436158,0.30856375415150394,0.2988307169357276,0.15696304881262726,0.10888888888888888,1.0,0.032283906954541086,0.0014710165670629438,0.016877461760802015,0.02457143604083397,0,0,0.008438730880401007,0.012285718020416985,0,0,0,0
P02,V2_video1_normal,normal,536,17.870495238095238,1,0.301884187152042,0.31189950711232767,0.2918688671917563,0.15791059956316925,0.10888888888888888,1.0,0.09658236098092943,0.002282989955373904,0.049432675468151666,0.017201270111784857,0,0,0.024716337734075833,0.008600635055892428,0,0,0,0
P02,V2_video1_normal,normal,537,17.903835714285712,1,0.30236162217812973,0.3118700641510259,0.29285318020523354,0.15808135174103616,0.10888888888888888,1.0,0.044914917966806134,0.003533894134560178,0.024224406050683156,0.03645149621715463,0,0,0.012112203025341578,0.018225748108577314,0,0,0,0
P02,V2_video1_normal,normal,538,17.93717619047619,1,0.29710922794437367,0.30420193947667373,0.2900165164120736,0.15696412878638902,0.10888888888888888,1.0,0.07942001417276179,0.0013975697521325658,0.04040879196244718,0.026391675264488264,0,0,0.02020439598122359,0.013195837632244132,0,0,0,0
P02,V2_video1_normal,normal,539,17.970516666666665,1,0.29455617622880315,0.30119716002796426,0.2879151924296421,0.15712366454401097,0.10888888888888888,1.0,0.10402035990256508,0.0017804259442667503,0.05290039292341592,0.016017223777332418,0,0,0.02645019646170796,0.008008611888666209,0,0,0,0
P02,V2_video1_normal,normal,540,18.003857142857143,1,0.29686052013968367,0.303692732148618,0.29002830813074926,0.15714674906943368,0.10888888888888888,1.0,0.11742355360244272,0.001895441853143609,0.059659497727793165,0.01433508988998928,0,0,0.029829748863896582,0.00716754494499464,0,0,0,0
P02,V2_video1_normal,normal,541,18.037197619047618,1,0.2956437373153211,0.3022120945858276,0.2890753800448147,0.15752724628933876,0.10888888888888888,1.0,0.09526744014867228,0.005554113465760402,0.05041077680721634,0.00862353423385596,0,0,0.02520538840360817,0.00431176711692798,0,0,0,0
P02,V2_video1_normal,normal,542,18.070538095238096,1,0.29708391580045135,0.30352001415984253,0.2906478174410601,0.15749342274540917,0.10888888888888888,1.0,0.0695971788611347,0.005625339136155039,0.03761125899864487,0.008727804796377053,0,0,0.018805629499322435,0.004363902398188527,0,0,0,0
P02,V2_video1_normal,normal,543,18.10387857142857,1,0.298758849328272,0.3025162531790703,0.29500144547747376,0.1564927741131528,0.10888888888888888,1.0,0.03971737581667467,0.015849057271842604,0.027783216544258638,0.01309495013366497,0,0,0.013891608272129319,0.006547475066832485,0,0,0,0
P02,V2_video1_normal,normal,544,18.13721904761905,1,0.30268653414418645,0.30943585036353977,0.29593721792483313,0.15682988844563342,0.10888888888888888,1.0,0.11395304896585845,0.0013462392220167096,0.05764964409393758,0.02356591553854014,0,0,0.02882482204696879,0.01178295776927007,0,0,0,0
P02,V2_video1_normal,normal,545,18.170559523809523,1,0.29972801171233665,0.30508627020638657,0.2943697532182867,0.15746618462190792,0.10888888888888888,1.0,0.02772232678525466,0.003321013328844047,0.015521670057049353,0.015593972205288707,0,0,0.007760835028524676,0.007796986102644354,0,0,0,0
P02,V2_video1_normal,normal,546,18.2039,1,0.3033199156937419,0.3099319237889365,0.29670790759854726,0.15900704842962315,0.10888888888888888,1.0,0.16510363788781357,0.005248932837064624,0.0851762853624391,0.014272981689979973,0,0,0.04258814268121955,0.0071364908449899865,0,0,0,0
P02,V2_video1_normal,normal,547,18.237240476190475,1,0.3021341528098695,0.307567411375747,0.296700894243992,0.15944454318773632,0.10888888888888888,1.0,0.038624076055269296,0.007470734683515223,0.02304740536939226,0.006799086640545581,0,0,0.01152370268469613,0.0033995433202727906,0,0,0,0
P02,V2_video1_normal,normal,548,18.270580952380953,1,0.3064389279290549,0.3113457516608945,0.3015321041972154,0.1592728292351185,0.10888888888888888,1.0,0.06659803917032459,0.004337317501652671,0.03546767833598863,0.00574868455574432,0,0,0.017733839167994314,0.00287434227787216,0,0,0,0
P02,V2_video1_normal,normal,549,18.303921428571428,1,0.30112095248788284,0.3046992759071313,0.2975426290686344,0.1599166701784143,0.10888888888888888,1.0,0.05441591397300927,0.00624247783387466,0.030329195903441963,0.031973316648790745,0,0,0.015164597951720982,0.015986658324395372,0,0,0,0
P02,V2_video1_normal,normal,550,18.337261904761906,1,0.30327103664592575,0.3074095972917184,0.2991324760001331,0.15969004275536233,0.10888888888888888,1.0,0.062370342971532766,0.025964121554008512,0.04416723226277064,0.018566703388799524,0,0,0.02208361613138532,0.009283351694399762,0,0,0,0
P02,V2_video1_normal,normal,551,18.37060238095238,1,0.30579708393667926,0.31117966304932737,0.3004145048240311,0.16026118586207463,0.10888888888888888,1.0,0.047818708651726105,0.020871032555523805,0.034344870603624955,0.01974919926877659,0,0,0.017172435301812478,0.009874599634388295,0,0,0,0
P02,V2_video1_normal,normal,552,18.403942857142855,1,0.2981676506332511,0.30174950530768885,0.29458579595881335,0.1587485976111408,0.10666666666666667,1.0,0.036863277644035075,0.013841364137807122,0.0253523208909211,0.005901703695138374,0,0,0.01267616044546055,0.002950851847569187,0,0,0,0
P02,V2_video1_normal,normal,553,18.437283333333333,1,0.30079205266942677,0.3065165537377695,0.2950675516010841,0.15948808389984975,0.10444444444444445,1.0,0.024154997161473846,0.010178935453433735,0.01716696630745379,0.018051505706515952,0,0,0.008583483153726895,0.009025752853257976,0,0,0,0
P02,V2_video1_normal,normal,554,18.470623809523808,1,0.299279423992059,0.302366601610859,0.29619224637325897,0.15852868830139202,0.10222222222222223,1.0,0.03669511987770735,0.0074996130499619396,0.022097366463834645,0.01338020338088417,0,0,0.011048683231917322,0.006690101690442085,0,0,0,0
P02,V2_video1_normal,normal,555,18.503964285714286,1,0.2995868501662925,0.3051696058130754,0.2940040945195096,0.15947562278511232,0.10222222222222223,1.0,0.06184313873964087,0.006356136802638579,0.034099637771139724,0.017618422492328176,0,0,0.017049818885569862,0.008809211246164088,0,0,0,0
P02,V2_video1_normal,normal,556,18.53730476190476,1,0.2990472675307556,0.30244540291510735,0.2956491321464039,0.15828595918969166,0.10222222222222223,1.0,0.04624100328458558,0.005989756688120185,0.026115379986352882,0.02718857170693736,0,0,0.013057689993176441,0.01359428585346868,0,0,0,0
P02,V2_video1_normal,normal,557,18.57064523809524,1,0.3074191688805351,0.31220484279187166,0.3026334949691986,0.15920598403201333,0.10222222222222223,1.0,0.22995007502705012,0.004783932170153715,0.11736700359860192,0.03181216307249088,0,0,0.05868350179930096,0.01590608153624544,0,0,0,0
P02,V2_video1_normal,normal,558,18.603985714285713,1,0.30369832878091096,0.3065959493252501,0.30080070823657185,0.15714349166873187,0.10222222222222223,1.0,0.07416577768743404,0.029453730318267035,0.05180975400285054,0.0038194238907536897,0,0,0.02590487700142527,0.0019097119453768449,0,0,0,0
P02,V2_video1_normal,normal,559,18.63732619047619,1,0.2960507901663555,0.29773885825501933,0.2943627220776916,0.15680812524559326,0.10222222222222223,1.0,0.18507720615530332,0.002585412993063696,0.09383130957418351,0.008508563145490583,0,0,0.046915654787091754,0.004254281572745292,0,0,0,0
P02,V2_video1_normal,normal,560,18.670666666666666,1,0.2981502816845139,0.2975856104508833,0.29871495291814454,0.15726144969372804,0.10222222222222223,1.0,0.15448754000592246,0.00768437089960905,0.08108595545276576,0.015754195400253194,0,0,0.04054297772638288,0.007877097700126597,0,0,0,0
P02,V2_video1_normal,normal,561,18.704007142857144,1,0.29502898412448925,0.29362442145377865,0.29643354679519984,0.15744768974315382,0.10222222222222223,1.0,0.16254571439226473,0.008213192262905289,0.08537945332758501,0.011091259795710202,0,0,0.042689726663792504,0.005545629897855101,0,0,0,0
P02,V2_video1_normal,normal,562,18.73734761904762,1,0.2908053486647417,0.28855018123342013,0.2930605160960633,0.15798868590273885,0.10222222222222223,1.0,0.13887358850328824,0.013104042775125335,0.07598881563920679,0.007497497978202791,0,0,0.03799440781960339,0.0037487489891013955,0,0,0,0
P02,V2_video1_normal,normal,563,18.770688095238096,1,0.29730254616416385,0.2959858744518145,0.29861921787651324,0.15807135421231097,0.10222222222222223,1.0,0.1960543725790438,0.0063408382408005615,0.10119760540992218,0.03801011670872376,0,0,0.05059880270496109,0.01900505835436188,0,0,0,0
P02,V2_video1_normal,normal,564,18.80402857142857,1,0.2950251437276601,0.29171410109495843,0.29833618636036174,0.15847835212220682,0.10222222222222223,1.0,0.03476919887825125,0.0011146649048706658,0.017941931891560958,0.027881052409908503,0,0,0.008970965945780479,0.013940526204954251,0,0,0,0
P02,V2_video1_normal,normal,565,18.837369047619045,1,0.29630509643671216,0.3017653214250518,0.2908448714483725,0.16419263485037902,0.10222222222222223,1.0,0.04031137170931787,0.016328589718827446,0.028319980714072657,0.05419083519290857,0,1,0.014159990357036328,0.5270954175964543,0,1,0,0
P02,V2_video1_normal,normal,566,18.870709523809523,1,0.29775968589388385,0.3061744907438805,0.2893448810438872,0.17306102264719883,0.10222222222222223,1.0,0.13844474108152938,0.00444451267973256,0.07144462688063097,0.2856188247918773,0,1,0.035722313440315484,0.6428094123959387,0,1,0,1
P02,V2_video1_normal,normal,567,18.904049999999998,1,0.2974769161133843,0.30483377530829453,0.29012005691847403,0.21637787524611235,0.10222222222222223,1.0,0.06954728301679114,0.003893627734561478,0.03672045537567631,0.9153194406253599,0,1,0.018360227687838154,0.95765972031268,0,1,0,1
P02,V2_video1_normal,normal,568,18.937390476190476,1,0.29591419174296646,0.30234181024704604,0.2894865732388869,0.22865295686638945,0.10222222222222223,1.0,0.1255168401018414,0.0043877992683377665,0.06495231968508958,0.8856815976329341,0,1,0.03247615984254479,0.9428407988164671,0,1,0,1
P02,V2_video1_normal,normal,569,18.97073095238095,1,0.2952034070080295,0.3019667483365579,0.28844006567950115,0.23581339893311073,0.10222222222222223,1.0,0.131696594447824,0.0031900970497055203,0.06744334574876476,0.9692104092139676,0,1,0.03372167287438238,0.9846052046069838,0,1,0,1
P02,V2_video1_normal,normal,570,19.00407142857143,1,0.2879758503617368,0.2949558950364896,0.2809958056869839,0.2484393867431385,0.10222222222222223,1.0,0.09490060452836091,0.00358426834427239,0.04924243643631665,0.9972790742046913,0,1,0.024621218218158325,0.9986395371023457,0,1,0,1
P02,V2_video1_normal,normal,571,19.037411904761903,1,0.2824635392788897,0.287965179082926,0.27696189947485333,0.2654719940249252,0.10222222222222223,1.0,0.14807945267236755,0.005440183181844915,0.07675981792710623,0.9962343787171306,0,1,0.03837990896355312,0.9981171893585653,0,1,0,1
P02,V2_video1_normal,normal,572,19.07075238095238,1,0.29088599260792314,0.30165848879279006,0.2801134964230563,0.2798316454892953,0.10222222222222223,1.0,0.03428032138122172,0.0030512650157309418,0.018665793198476333,0.9947313814373405,0,1,0.009332896599238166,0.9973656907186703,0,1,0,1
P02,V2_video1_normal,normal,573,19.104092857142856,1,0.289995116940571,0.3002585881400423,0.27973164574109965,0.29409216777110536,0.10222222222222223,1.0,0.031723135777595,0.0015306212103811667,0.016626878493988084,0.9962164570431257,0,1,0.008313439246994042,0.9981082285215628,0,1,0,1
P02,V2_video1_normal,normal,574,19.137433333333334,1,0.2875381203216127,0.29846672016647297,0.2766095204767524,0.3087105378447204,0.10222222222222223,1.0,0.0843378179833475,0.0018194901351481496,0.04307865405924782,0.9954663202737651,0,1,0.02153932702962391,0.9977331601368826,0,1,0,1
P02,V2_video1_normal,normal,575,19.17077380952381,1,0.27482368573161586,0.2859553727498006,0.2636919987134311,0.3222018848295605,0.1,1.0,0.006595842715686695,0.008878703765071827,0.007737273240379261,0.9972990729482193,0,1,0.0038686366201896305,0.9986495364741097,0,1,0,1
P02,V2_video1_normal,normal,576,19.204114285714287,1,0.2601738161945645,0.26731921215928167,0.25302842022984723,0.333229292853099,0.09777777777777778,1.0,0.024190624773000047,0.01880891434999965,0.02149976956149985,0.9946976046745327,0,1,0.010749884780749924,0.9973488023372663,0,1,0,1
P02,V2_video1_normal,normal,577,19.23745476190476,1,0.16021552526216554,0.19937524801631867,0.12105580250801237,0.3452529793952435,0.09777777777777778,1.0,0.3829754158871326,0.1273714634306342,0.2551734396588834,0.9967596565194667,0,1,0.1275867198294417,0.9983798282597334,0,1,0,1
P02,V2_video1_normal,normal,578,19.27079523809524,1,0.100055207749009,0.1199540387796287,0.08015637671838932,0.35990004021980476,0.1,1.0,0.11433938153902579,0.13695464271214974,0.12564701212558776,0.9972693461213169,1,1,0.5628235060627939,0.9986346730606585,1,1,0,1
P02,V2_video1_normal,normal,579,19.304135714285714,1,0.12025062702669778,0.13836388480018075,0.10213736925321483,0.37775829896726504,0.10222222222222223,1.0,0.13194347322378963,0.12674678591288258,0.1293451295683361,0.999522212637331,1,1,0.564672564784168,0.9997611063186655,1,1,0,1
P02,V2_video1_normal,normal,580,19.33747619047619,1,0.15868436841949568,0.17681884568669112,0.14054989115230027,0.39199284648942384,0.10222222222222223,1.0,0.1571673121931776,0.07622239313103196,0.11669485266210478,0.9998637805082401,0,1,0.05834742633105239,0.9999318902541201,0,1,0,1
P02,V2_video1_normal,normal,581,19.370816666666666,1,0.20221998922001239,0.21571649459110032,0.18872348384892448,0.39984898762890364,0.10222222222222223,1.0,0.3347390544097766,0.2688590683195742,0.3017990613646754,0.9998132870717822,0,1,0.1508995306823377,0.9999066435358911,0,1,0,1
P02,V2_video1_normal,normal,582,19.40415714285714,1,0.21445721057272654,0.22594732016849,0.20296710097696305,0.40017479561367136,0.10222222222222223,1.0,0.15779856532983838,0.22132494459961616,0.18956175496472727,0.9992237066273771,0,1,0.09478087748236363,0.9996118533136886,0,1,0,1
P02,V2_video1_normal,normal,583,19.43749761904762,1,0.23271494964780298,0.240040329158157,0.22538957013744898,0.4193798319308467,0.10222222222222223,1.0,0.18086342251962007,0.23744909928651436,0.20915626090306721,0.9982313839926206,0,1,0.10457813045153361,0.9991156919963102,0,1,0,1
P02,V2_video1_normal,normal,584,19.470838095238094,1,0.23876130084282776,0.2476397458798165,0.229882855805839,0.4206084175023112,0.10222222222222223,1.0,0.716939008901384,0.44996769820543125,0.5834533535534077,0.9978006467325783,0,1,0.29172667677670383,0.9989003233662892,0,1,0,1
P02,V2_video1_normal,normal,585,19.50417857142857,1,0.24799910256890612,0.255904107602225,0.24009409753558722,0.4285757396132761,0.10222222222222223,1.0,0.2558498676952362,0.2878506624035978,0.271850265049417,0.9990044399973033,0,1,0.1359251325247085,0.9995022199986516,0,1,0,1
P02,V2_video1_normal,normal,586,19.537519047619046,1,0.24586817326997318,0.25279419220766547,0.23894215433228086,0.43147381352210507,0.10222222222222223,1.0,0.249425081593468,0.4597233109391127,0.35457419626629033,0.999378595027042,0,1,0.17728709813314517,0.999689297513521,0,1,0,1
P02,V2_video1_normal,normal,587,19.570859523809524,1,0.24447785889891616,0.2509350529728367,0.23802066482499562,0.4350736614907764,0.10222222222222223,1.0,0.24998736775976982,0.049378513183956474,0.14968294047186315,0.9998112434008862,0,1,0.07484147023593157,0.9999056217004432,0,1,0,1
P02,V2_video1_normal,normal,588,19.6042,1,0.24681177774624052,0.25342222411462056,0.24020133137786046,0.4361743168698715,0.10222222222222223,1.0,0.13168849731492538,0.07223577973312767,0.10196213852402652,0.9992813178274449,0,1,0.05098106926201326,0.9996406589137224,0,1,0,1
P02,V2_video1_normal,normal,589,19.637540476190477,1,0.2473845080681066,0.25249517122022835,0.24227384491598486,0.4409132243936968,0.10222222222222223,1.0,0.38675031330046483,0.02480419762780206,0.20577725546413345,0.9980276698909963,0,1,0.10288862773206672,0.9990138349454982,0,1,0,1
P02,V2_video1_normal,normal,590,19.67088095238095,1,0.24327617557741726,0.2539779506346409,0.2325744005201936,0.43682335498022345,0.10222222222222223,1.0,0.127626914166603,0.04399396551520085,0.08581043984090192,0.9995242148548875,0,1,0.04290521992045096,0.9997621074274438,0,1,0,1
P02,V2_video1_normal,normal,591,19.70422142857143,1,0.2440271655018621,0.2522560611105357,0.23579826989318844,0.43275130022846575,0.10222222222222223,1.0,0.08423960582892209,0.09146290380347566,0.08785125481619888,0.9997063201684253,0,1,0.04392562740809944,0.9998531600842127,0,1,0,1
P02,V2_video1_normal,normal,592,19.737561904761904,1,0.2485307156486703,0.2570647808785865,0.2399966504187541,0.434792605345653,0.10222222222222223,1.0,0.3279795289268883,0.01598931345227228,0.1719844211895803,0.9996858667582735,0,1,0.08599221059479015,0.9998429333791368,0,1,0,1
P02,V2_video1_normal,normal,593,19.770902380952382,1,0.24187624376663075,0.252750326158278,0.23100216137498347,0.442774586041438,0.10222222222222223,1.0,0.2988188948395879,0.04144159261770142,0.17013024372864466,0.9999497553736565,0,1,0.08506512186432233,0.9999748776868282,0,1,0,1
P02,V2_video1_normal,normal,594,19.804242857142857,1,0.23405870061411568,0.24659408961378407,0.2215233116144473,0.4406758144759769,0.10222222222222223,1.0,0.13109145827526847,0.13974627645599402,0.13541886736563125,0.9999343375421594,0,1,0.06770943368281562,0.9999671687710797,0,1,0,1
P02,V2_video1_normal,normal,595,19.83758333333333,1,0.23841998068497536,0.24699785172056585,0.22984210964938487,0.43949068125098395,0.10222222222222223,1.0,0.2861954713996606,0.053609970774818105,0.16990272108723936,0.999996341834658,0,1,0.08495136054361968,0.999998170917329,0,1,0,1
P02,V2_video1_normal,normal,596,19.87092380952381,1,0.23968569819804447,0.24850918206426295,0.23086221433182602,0.4361073595817757,0.10222222222222223,1.0,0.26506650945683286,0.05012761771080576,0.1575970635838193,0.999988087832735,0,1,0.07879853179190965,0.9999940439163675,0,1,0,1
P02,V2_video1_normal,normal,597,19.904264285714284,1,0.22727693639403593,0.23823455885048325,0.2163193139375886,0.4311624109152906,0.10222222222222223,1.0,0.1163578172297266,0.09055173952050777,0.10345477837511718,0.9999828105920187,0,1,0.05172738918755859,0.9999914052960093,0,1,0,1
P02,V2_video1_normal,normal,598,19.937604761904762,1,0.22044502665522253,0.2331896290589852,0.2077004242514599,0.4335444645411442,0.10222222222222223,1.0,0.11499593799789809,0.18905189947931367,0.15202391873860588,0.999962661772496,0,1,0.07601195936930294,0.999981330886248,0,1,0,1
P02,V2_video1_normal,normal,599,19.970945238095236,1,0.2278250368948157,0.2411077258619319,0.21454234792769947,0.4367901879398116,0.10222222222222223,1.0,0.24255476256883002,0.18062861376126704,0.21159168816504853,0.9999860731607586,0,1,0.10579584408252427,0.9999930365803793,0,1,0,1
P02,V2_video1_normal,normal,600,20.004285714285714,1,0.2286272275303614,0.23725139291745478,0.22000306214326804,0.4424606586274473,0.10222222222222223,1.0,0.2839903536422097,0.13822230666495983,0.21110633015358476,0.9999865967160398,0,1,0.10555316507679238,0.99999329835802,0,1,0,1
P02,V2_video1_normal,normal,601,20.03762619047619,1,0.22784351088249166,0.23603408687824692,0.21965293488673643,0.4436470070051279,0.10222222222222223,1.0,0.1969351332509407,0.18209855297469824,0.18951684311281947,0.9999718169818597,0,1,0.09475842155640973,0.9999859084909298,0,1,0,1
P02,V2_video1_normal,normal,602,20.070966666666667,1,0.21745273046474467,0.22681115852709113,0.2080943024023982,0.44364972424786364,0.10222222222222223,1.0,0.19128791454745953,0.22279761644645435,0.20704276549695694,0.9999604450135324,0,1,0.10352138274847847,0.9999802225067662,0,1,0,1
P02,V2_video1_normal,normal,603,20.10430714285714,1,0.22156457193891738,0.23288667934383597,0.21024246453399878,0.44980203881825614,0.10222222222222223,1.0,0.5000136420130696,0.12239364701127431,0.311203644512172,0.9997649034067214,0,1,0.155601822256086,0.9998824517033607,0,1,0,1
P02,V2_video1_normal,normal,604,20.13764761904762,1,0.21077003379805626,0.22791613523524099,0.19362393236087153,0.44625539801243086,0.10222222222222223,1.0,0.4194816326857316,0.4758676854141334,0.4476746590499325,0.9999707507858325,0,1,0.22383732952496624,0.9999853753929162,0,1,0,1
P02,V2_video1_normal,normal,605,20.170988095238094,1,0.2075274940136751,0.2263845005743449,0.18867048745300527,0.4483459768578822,0.10222222222222223,1.0,0.5572518592831612,0.09973357216055445,0.32849271572185784,0.9999286270105615,0,1,0.16424635786092892,0.9999643135052807,0,1,0,1
P02,V2_video1_normal,normal,606,20.204328571428572,1,0.20792320760068878,0.225677930933688,0.19016848426768954,0.4411170444189042,0.10222222222222223,1.0,0.670882592998464,0.17906757625808534,0.42497508462827466,0.9999696190308883,0,1,0.21248754231413733,0.9999848095154442,0,1,0,1
P02,V2_video1_normal,normal,607,20.237669047619047,1,0.20973968207401514,0.2273644389276954,0.19211492522033488,0.4536510542155133,0.10222222222222223,1.0,0.3831413354351434,0.11827363811853209,0.25070748677683774,0.9999696689098094,0,1,0.12535374338841887,0.9999848344549047,0,1,0,1
P02,V2_video1_normal,normal,608,20.271009523809525,1,0.19907314922905434,0.21883553247708581,0.17931076598102283,0.4586997286505317,0.10222222222222223,1.0,0.43524406491675827,0.219619341492727,0.32743170320474263,0.99996950975273,0,1,0.16371585160237132,0.999984754876365,0,1,0,1
P02,V2_video1_normal,normal,609,20.30435,1,0.20310339416788092,0.2285266473156848,0.17768014102007704,0.4622689111395511,0.10222222222222223,1.0,0.5497204589996844,0.2917597748441566,0.4207401169219205,0.9999868874557972,0,1,0.21037005846096024,0.9999934437278986,0,1,0,1
P02,V2_video1_normal,normal,610,20.337690476190474,1,0.2031621585704434,0.2269621755719038,0.17936214156898303,0.45663612987270363,0.10222222222222223,1.0,0.5905381475458269,0.13849290793708635,0.3645155277414566,0.99998366685685,0,1,0.1822577638707283,0.999991833428425,0,1,0,1
P02,V2_video1_normal,normal,611,20.371030952380952,1,0.20384695268656297,0.22822648697338427,0.17946741839974167,0.45602680017666275,0.10222222222222223,1.0,0.6178624694907483,0.33419363721353046,0.4760280533521394,0.999985211768103,0,1,0.2380140266760697,0.9999926058840515,0,1,0,1
P02,V2_video1_normal,normal,612,20.404371428571427,1,0.20433816924275128,0.22855215619300825,0.1801241822924943,0.45518370144109827,0.10222222222222223,1.0,0.25446391547731007,0.12304085428385925,0.18875238488058466,0.999974280034445,0,1,0.09437619244029233,0.9999871400172224,0,1,0,1
P02,V2_video1_normal,normal,613,20.437711904761905,1,0.1923731856991624,0.21552318745511684,0.16922318394320796,0.45733427809286914,0.10222222222222223,1.0,0.4935219858135548,0.31517745339101944,0.4043497196022871,0.9999829569596826,0,1,0.20217485980114355,0.9999914784798414,0,1,0,1
P02,V2_video1_normal,normal,614,20.47105238095238,1,0.19692960417174735,0.22036912497765418,0.17349008336584051,0.4557748341731051,0.10222222222222223,1.0,0.1553146817336455,0.23114781177281896,0.19323124675323222,0.9999714962249815,0,1,0.09661562337661611,0.9999857481124907,0,1,0,1
P02,V2_video1_normal,normal,615,20.504392857142857,1,0.19543802427083248,0.21983491258694218,0.17104113595472278,0.4542105346320048,0.10222222222222223,1.0,0.17747904501566236,0.23876649085894852,0.20812276793730544,0.999977085849234,0,1,0.10406138396865272,0.9999885429246169,0,1,0,1
P02,V2_video1_normal,normal,616,20.537733333333332,1,0.20267643177872252,0.22001279955305703,0.18534006400438804,0.4536292643997693,0.10222222222222223,1.0,0.1278919495670009,0.2629100269282012,0.19540098824760105,0.999958476502284,0,1,0.09770049412380052,0.999979238251142,0,1,0,1
P02,V2_video1_normal,normal,617,20.57107380952381,1,0.1947467245321373,0.21532845509871862,0.17416499396555596,0.44786088683519276,0.10222222222222223,1.0,0.19109229188096832,0.19804075263814747,0.1945665222595579,0.9999976722938294,0,1,0.09728326112977895,0.9999988361469148,0,1,0,1
P02,V2_video1_normal,normal,618,20.604414285714284,1,0.2069877641521398,0.22506751371545186,0.18890801458882772,0.4584006586658477,0.10222222222222223,1.0,0.14155403830147129,0.20018246152205255,0.17086824991176192,0.9999944444524084,0,1,0.08543412495588096,0.9999972222262041,0,1,0,1
P02,V2_video1_normal,normal,619,20.637754761904763,1,0.2046581290302072,0.2165609959335739,0.19275526212684052,0.4601737874072769,0.10222222222222223,1.0,0.26181287267722764,0.1257059966141062,0.19375943464566692,0.999994412812145,0,1,0.09687971732283346,0.9999972064060725,0,1,0,1
P02,V2_video1_normal,normal,620,20.671095238095237,1,0.2144469502623118,0.2257024474777326,0.20319145304689104,0.465422044677937,0.10222222222222223,1.0,0.5419849778899204,0.018460899905579975,0.2802229388977502,0.9999747498866595,0,1,0.1401114694488751,0.9999873749433297,0,1,0,1
P02,V2_video1_normal,normal,621,20.704435714285715,1,0.206761788744538,0.22056027532259298,0.192963302166483,0.4583723960589811,0.10222222222222223,1.0,0.25575841216735473,0.08888223118401728,0.172320321675686,0.9999940504010005,0,1,0.086160160837843,0.9999970252005003,0,1,0,1
P02,V2_video1_normal,normal,622,20.73777619047619,1,0.19896998879394934,0.21783983975251084,0.18010013783538786,0.46022542838129027,0.10222222222222223,1.0,0.41488055647608757,0.0899642385369328,0.2524223975065102,0.9999898058631738,0,1,0.1262111987532551,0.9999949029315869,0,1,0,1
P02,V2_video1_normal,normal,623,20.771116666666668,1,0.20363445735397345,0.21932783811280337,0.18794107659514356,0.4599140250141086,0.10222222222222223,1.0,0.46168547271114724,0.09892541608407912,0.2803054443976132,0.9999818925578116,0,1,0.1401527221988066,0.9999909462789058,0,1,0,1
P02,V2_video1_normal,normal,624,20.804457142857142,1,0.20560626318758796,0.2177103834719427,0.19350214290323325,0.46531674757927444,0.10222222222222223,1.0,0.18233802871154292,0.1422740917062535,0.1623060602088982,0.9999904480518225,0,1,0.0811530301044491,0.9999952240259112,0,1,0,1
P02,V2_video1_normal,normal,625,20.837797619047617,1,0.20331036949912773,0.22106989232279903,0.1855508466754564,0.46992084022230635,0.10222222222222223,1.0,0.2358407602636987,0.18986751921167688,0.2128541397376878,0.9999002160377408,0,1,0.1064270698688439,0.9999501080188704,0,1,0,1
P02,V2_video1_normal,normal,626,20.871138095238095,1,0.20638941659019233,0.22078747245331798,0.19199136072706668,0.4624836976249216,0.10222222222222223,1.0,0.29485306552713697,0.05664768554960109,0.17575037553836903,0.9996027760931311,0,1,0.08787518776918452,0.9998013880465655,0,1,0,1
P02,V2_video1_normal,normal,627,20.90447857142857,1,0.1974865717166418,0.2093870786210234,0.18558606481226017,0.46510613729166134,0.10222222222222223,1.0,0.16998608238140445,0.10348895730179797,0.1367375198416012,0.9998438780673037,0,1,0.0683687599208006,0.9999219390336518,0,1,0,1
P02,V2_video1_normal,normal,628,20.937819047619048,1,0.20716906352914183,0.21000190026306123,0.2043362267952224,0.46043776266052105,0.10222222222222223,1.0,0.17440717146869755,0.06565182654298263,0.12002949900584009,0.9999544149379358,0,1,0.060014749502920045,0.9999772074689679,0,1,0,1
P02,V2_video1_normal,normal,629,20.971159523809522,1,0.2183031570413856,0.22101854211932845,0.21558777196344273,0.45975919838712526,0.10222222222222223,1.0,0.19998144153413777,0.020738522990204955,0.11035998226217136,0.9999065536321913,0,1,0.05517999113108568,0.9999532768160957,0,1,0,1
P02,V2_video1_normal,normal,630,21.0045,1,0.21421986148801275,0.21604475776205623,0.21239496521396925,0.454590411731006,0.10222222222222223,1.0,0.022181533669253017,0.09376313604295206,0.057972334856102536,0.9999903697657404,0,1,0.028986167428051268,0.9999951848828702,0,1,0,1
P02,V2_video1_normal,normal,631,21.037840476190475,1,0.227637918812355,0.235051239400805,0.220224598223905,0.4517466526779013,0.10222222222222223,1.0,0.15346157562965046,0.06580401709011352,0.10963279635988199,0.9999498362362833,0,1,0.054816398179940995,0.9999749181181417,0,1,0,1
P02,V2_video1_normal,normal,632,21.071180952380953,1,0.21258597850655755,0.22870719297465616,0.19646476403845894,0.4539276624107527,0.10222222222222223,1.0,0.15818890914511763,0.10422396577200532,0.13120643745856148,0.9999807501194079,0,1,0.06560321872928074,0.9999903750597039,0,1,0,1
P02,V2_video1_normal,normal,633,21.104521428571427,1,0.19978866862662945,0.22064589713624255,0.17893144011701634,0.4534504322439675,0.10222222222222223,1.0,0.45314612747630545,0.17592858025625602,0.31453735386628073,0.99999368622627,0,1,0.15726867693314037,0.999996843113135,0,1,0,1
P02,V2_video1_normal,normal,634,21.137861904761905,1,0.19330480226727126,0.20857617787653943,0.1780334266580031,0.44893192815146377,0.10222222222222223,1.0,0.1805145785247162,0.07709431856120363,0.12880444854295992,0.9999810676311424,0,1,0.06440222427147996,0.9999905338155712,0,1,0,1
P02,V2_video1_normal,normal,635,21.17120238095238,1,0.17582004369351373,0.19792139995807548,0.153718687428952,0.4397045715395352,0.10222222222222223,1.0,0.16605013922101475,0.03137409634156296,0.09871211778128886,0.9999771421148497,0,1,0.04935605889064443,0.9999885710574248,0,1,0,1
P02,V2_video1_normal,normal,636,21.204542857142858,1,0.17978918857362428,0.2028960796062781,0.15668229754097046,0.4388251423862288,0.10222222222222223,1.0,0.3217634835525198,0.1545713163353436,0.2381673999439317,0.9999372782585221,0,1,0.11908369997196586,0.999968639129261,0,1,0,1
P02,V2_video1_normal,normal,637,21.237883333333333,1,0.18702608552921773,0.20430165562752592,0.16975051543090958,0.43936567154410244,0.10222222222222223,1.0,0.2841219588578253,0.326974428610167,0.30554819373399617,0.9999820759958733,0,1,0.15277409686699808,0.9999910379979366,0,1,0,1
P02,V2_video1_normal,normal,638,21.27122380952381,1,0.18526421257855624,0.20392806538841934,0.1666003597686931,0.4462481009758709,0.10222222222222223,1.0,0.7248216431612606,0.20637327471766165,0.46559745893946114,0.999981077847499,0,1,0.23279872946973057,0.9999905389237496,0,1,0,1
P02,V2_video1_normal,normal,639,21.304564285714285,1,0.18394637807629052,0.202689592783836,0.16520316336874505,0.4514793809333873,0.10222222222222223,1.0,0.28724307628939694,0.09427966947510225,0.1907613728822496,0.9999880595577925,0,1,0.0953806864411248,0.9999940297788963,0,1,0,1
P02,V2_video1_normal,normal,640,21.33790476190476,1,0.17939917518582615,0.2000391412863052,0.15875920908534707,0.4524875465302948,0.10222222222222223,1.0,0.1638920187557309,0.426438866166706,0.29516544246121845,0.9999854714930881,0,1,0.14758272123060923,0.9999927357465441,0,1,0,1
P02,V2_video1_normal,normal,641,21.371245238095238,1,0.17715537865951853,0.19588471754817913,0.15842603977085792,0.45883871150520883,0.10222222222222223,1.0,0.16237963131750544,0.3813073831902849,0.27184350725389517,0.9999831455512194,0,1,0.13592175362694758,0.9999915727756097,0,1,0,1
P02,V2_video1_normal,normal,642,21.404585714285712,1,0.1742598292860788,0.19540742443142142,0.15311223414073616,0.45698960866804156,0.10222222222222223,1.0,0.3747925405280559,0.16951775740494035,0.2721551489664981,0.9999535742833848,0,1,0.13607757448324906,0.9999767871416925,0,1,0,1
P02,V2_video1_normal,normal,643,21.43792619047619,1,0.17658502299826534,0.20021104874820186,0.15295899724832882,0.4437522619153495,0.10222222222222223,1.0,0.1985208928755594,0.29685136192395745,0.24768612739975843,0.9999516093848391,0,1,0.12384306369987921,0.9999758046924195,0,1,0,1
P02,V2_video1_normal,normal,644,21.471266666666665,1,0.18789276909817756,0.2091801074653222,0.16660543073103293,0.44969973454753626,0.10222222222222223,1.0,0.10091214653594283,0.21466557348347726,0.15778886000971004,0.9999671575627729,0,1,0.07889443000485502,0.9999835787813864,0,1,0,1
P02,V2_video1_normal,normal,645,21.504607142857143,1,0.18991548568446914,0.2100766976735991,0.16975427369533916,0.446863537818102,0.10222222222222223,1.0,0.1758537760014115,0.1305748267749106,0.15321430138816106,0.9999606883175978,0,1,0.07660715069408053,0.9999803441587989,0,1,0,1
P02,V2_video1_normal,normal,646,21.537947619047618,1,0.20045012416710772,0.22146054501105336,0.17943970332316206,0.4503462887279688,0.10222222222222223,1.0,0.09292148754732033,0.19060429001588375,0.14176288878160204,0.9999910812943279,0,1,0.07088144439080102,0.9999955406471639,0,1,0,1
P02,V2_video1_normal,normal,647,21.571288095238096,1,0.20340077258150596,0.2192086081903956,0.18759293697261636,0.44643950738172056,0.10222222222222223,1.0,0.319277529887912,0.17072537251385755,0.2450014512008848,0.9999738827616329,0,1,0.1225007256004424,0.9999869413808165,0,1,0,1
P02,V2_video1_normal,normal,648,21.60462857142857,1,0.20700072337650763,0.22454791861778775,0.1894535281352275,0.4488143542161997,0.10222222222222223,1.0,0.260072029445919,0.485549511565441,0.37281077050568,0.9999877908249112,0,1,0.18640538525284,0.9999938954124556,0,1,0,1
P02,V2_video1_normal,normal,649,21.63796904761905,1,0.2065648991026008,0.22342592386098048,0.18970387434422115,0.4493449017577081,0.10222222222222223,1.0,0.25051627400027365,0.3984267554313492,0.3244715147158114,0.9999959742653264,0,1,0.1622357573579057,0.9999979871326632,0,1,0,1
P02,V2_video1_normal,normal,650,21.671309523809523,1,0.20872992999313122,0.22308408663130994,0.19437577335495254,0.45069354199945455,0.10222222222222223,1.0,0.21565119218713513,0.14581058406167258,0.18073088812440385,0.9999907186819735,0,1,0.09036544406220193,0.9999953593409867,0,1,0,1
P02,V2_video1_normal,normal,651,21.70465,1,0.20044018733430044,0.2171217659908794,0.18375860867772148,0.4525445409630357,0.10222222222222223,1.0,0.19760310491139355,0.5053500875310907,0.3514765962212421,0.999982255138967,0,1,0.17573829811062106,0.9999911275694835,0,1,0,1
P02,V2_video1_normal,normal,652,21.737990476190475,1,0.05494405404755331,0.07232394982650883,0.03756415826859778,0.45507862706201935,0.10444444444444445,1.0,0.7611952862254884,0.4161247476758264,0.5886600169506574,0.9999597881383279,1,1,0.7943300084753286,0.999979894069164,1,1,1,1
P02,V2_video1_normal,normal,653,21.771330952380954,1,0.05470639583006481,0.07431089408037005,0.03510189757975959,0.44837346222664715,0.10666666666666667,1.0,0.6454369772195481,0.27344489344157585,0.45944093533056196,0.9999756469580605,1,1,0.729720467665281,0.9999878234790303,1,1,1,1
P02,V2_video1_normal,normal,654,21.804671428571428,1,0.05752678795504262,0.07873195037380955,0.03632162553627569,0.457414591670436,0.10888888888888888,1.0,0.9588853836357591,0.14214968436318876,0.5505175339994739,0.9999569092175253,1,1,0.775258766999737,0.9999784546087627,1,1,1,1
P02,V2_video1_normal,normal,655,21.838011904761903,1,0.07504678613907169,0.09525190514621829,0.054841667131925086,0.44478642311138944,0.1111111111111111,1.0,0.6138613441419353,0.14726189260236155,0.3805616183721484,0.9999829262785028,1,1,0.6902808091860742,0.9999914631392515,1,1,1,1
P02,V2_video1_normal,normal,656,21.87135238095238,1,0.08141473644868802,0.09582951185380877,0.06699996104356726,0.45306792458190737,0.11333333333333333,1.0,0.1490761494788222,0.0990254325222012,0.1240507910005117,0.9999529854694758,1,1,0.5620253955002559,0.9999764927347379,1,1,0,1
P02,V2_video1_normal,normal,657,21.904692857142855,1,0.1080301655559382,0.11851815004148387,0.09754218107039253,0.4581278669827309,0.11555555555555555,1.0,0.5290277711631143,0.34618893434611087,0.4376083527546126,0.9999868494608914,1,1,0.7188041763773063,0.9999934247304457,1,1,1,1
P02,V2_video1_normal,normal,658,21.938033333333333,1,0.1361536217843372,0.14198357658102545,0.130323666987649,0.4588343907747317,0.11777777777777777,1.0,0.29533553138639645,0.3032071938292259,0.2992713626078112,0.9999668538986233,1,1,0.6496356813039056,0.9999834269493116,1,1,1,1
P02,V2_video1_normal,normal,659,21.971373809523808,1,0.1626714803514218,0.18329222050399982,0.14205074019884376,0.45930748776388175,0.11777777777777777,1.0,0.281330559225456,0.6202371717256987,0.45078386547557736,0.9999481039357127,0,1,0.22539193273778868,0.9999740519678564,0,1,0,1
P02,V2_video1_normal,normal,660,22.004714285714286,1,0.17072016922214556,0.18627473062751293,0.1551656078167782,0.4512080825659326,0.11777777777777777,1.0,0.12256367946036384,0.18365958232090285,0.15311163089063334,0.9999730617758775,0,1,0.07655581544531667,0.9999865308879388,0,1,0,1
P02,V2_video1_normal,normal,661,22.03805476190476,1,0.17047988780455886,0.19777767603532445,0.1431820995737933,0.44000612177362536,0.11777777777777777,1.0,0.3771387432167471,0.1068640044872411,0.2420013738519941,0.9999101565765678,0,1,0.12100068692599705,0.9999550782882839,0,1,0,1
P02,V2_video1_normal,normal,662,22.07139523809524,1,0.1806826414789814,0.21034955929214377,0.15101572366581903,0.43441304956119275,0.11777777777777777,1.0,0.3506760323868705,0.2886734841322247,0.3196747582595476,0.9999012193797069,0,1,0.1598373791297738,0.9999506096898534,0,1,0,1
P02,V2_video1_normal,normal,663,22.104735714285713,1,0.17604929201685565,0.2028597002979628,0.1492388837357485,0.4489633191391119,0.11777777777777777,1.0,0.44096036492095625,0.11808003924633759,0.2795202020836469,0.9998302700750425,0,1,0.13976010104182346,0.9999151350375213,0,1,0,1
P02,V2_video1_normal,normal,664,22.13807619047619,1,0.1803694048701734,0.20911263610955372,0.15162617363079306,0.4378664939459044,0.11777777777777777,1.0,0.07695641532143893,0.1073127765437164,0.09213459593257767,0.9999569438858971,0,1,0.046067297966288834,0.9999784719429485,0,1,0,1
P02,V2_video1_normal,normal,665,22.171416666666666,1,0.16962221358826307,0.19889925904150574,0.1403451681350204,0.4384339764607085,0.11777777777777777,1.0,0.17680618258152825,0.5615814547742937,0.36919381867791096,0.999905237578145,0,1,0.18459690933895548,0.9999526187890725,0,1,0,1
P02,V2_video1_normal,normal,666,22.204757142857144,1,0.1601872832875194,0.1936858755692309,0.12668869100580793,0.4357100941550744,0.11777777777777777,1.0,0.31639623563189856,0.2274398648510898,0.2719180502414942,0.9998273010332378,0,1,0.1359590251207471,0.9999136505166188,0,1,0,1
P02,V2_video1_normal,normal,667,22.23809761904762,1,0.1580863879314984,0.1925114874421485,0.12366128842084831,0.43236707415870207,0.11777777777777777,1.0,0.20174229648267172,0.117961684826556,0.15985199065461386,0.9999785527200317,0,1,0.07992599532730693,0.9999892763600158,0,1,0,1
P02,V2_video1_normal,normal,668,22.271438095238096,1,0.17315753944062118,0.19785642246726526,0.1484586564139771,0.4354582405396415,0.11777777777777777,1.0,0.2513840334967219,0.5583569494295103,0.4048704914631161,0.9999845965702789,0,1,0.20243524573155805,0.9999922982851395,0,1,0,1
P02,V2_video1_normal,normal,669,22.30477857142857,1,0.18716924671485655,0.20790255686480658,0.16643593656490652,0.43145135091242914,0.11777777777777777,1.0,0.079933413542005,0.29026832238862055,0.18510086796531278,0.9999822738961189,0,1,0.09255043398265639,0.9999911369480594,0,1,0,1
P02,V2_video1_normal,normal,670,22.338119047619045,1,0.17324997818904714,0.19589508199332592,0.15060487438476836,0.4331760379707475,0.11777777777777777,1.0,0.11509650325048915,0.4028018480374018,0.2589491756439455,0.9999934129349122,0,1,0.12947458782197274,0.9999967064674561,0,1,0,1
P02,V2_video1_normal,normal,671,22.371459523809524,1,0.17746491347659932,0.20237192503620977,0.15255790191698884,0.43499157017947204,0.11777777777777777,1.0,0.04968435161776774,0.10392984561876317,0.07680709861826546,0.9999923329366336,0,1,0.03840354930913273,0.9999961664683168,0,1,0,1
P02,V2_video1_normal,normal,672,22.404799999999998,1,0.17480472424464788,0.2033313012238795,0.14627814726541627,0.43343340110985856,0.11777777777777777,1.0,0.03488747702489792,0.3145550503627347,0.1747212636938163,0.9999932006833261,0,1,0.08736063184690815,0.999996600341663,0,1,0,1
P02,V2_video1_normal,normal,673,22.438140476190476,1,0.16929810489155106,0.19917838079518804,0.1394178289879141,0.4213969528243022,0.11777777777777777,1.0,0.09516654801220947,0.5484377375644343,0.32180214278832187,0.9999940491469265,0,1,0.16090107139416093,0.9999970245734633,0,1,0,1
P02,V2_video1_normal,normal,674,22.47148095238095,1,0.16938912238796672,0.19975183689479722,0.13902640788113618,0.42421447404929424,0.11777777777777777,1.0,0.028132146936884705,0.40368661285794505,0.21590937989741488,0.9999965088742622,0,1,0.10795468994870744,0.9999982544371311,0,1,0,1
P02,V2_video1_normal,normal,675,22.50482142857143,1,0.1748147159151488,0.20107885176901438,0.14855058006128322,0.42475081518464514,0.11777777777777777,1.0,0.14449958314160138,0.45876710646260555,0.30163334480210346,0.9999911628607039,0,1,0.15081667240105173,0.9999955814303519,0,1,0,1
P02,V2_video1_normal,normal,676,22.538161904761903,1,0.1521269177495976,0.17548260293117235,0.12877123256802286,0.43299580050893227,0.11777777777777777,1.0,0.1397371478501107,0.14999380324649925,0.14486547554830498,0.9999976085841954,0,1,0.07243273777415249,0.9999988042920978,0,1,0,1
P02,V2_video1_normal,normal,677,22.57150238095238,1,0.15762829638443887,0.1854038712069118,0.12985272156196592,0.42828179864929156,0.11777777777777777,1.0,0.2384400771816766,0.22729429944639246,0.23286718831403452,0.9999935217083195,0,1,0.11643359415701726,0.9999967608541598,0,1,0,1
P02,V2_video1_normal,normal,678,22.604842857142856,1,0.14511430844198833,0.1741378070142339,0.11609080986974278,0.4324102622647415,0.11777777777777777,1.0,0.24549446910608264,0.27756256505308863,0.26152851707958563,0.9999850500175854,0,1,0.13076425853979282,0.9999925250087927,0,1,0,1
P02,V2_video1_normal,normal,679,22.638183333333334,1,0.14513632193992193,0.17562076384902983,0.11465188003081406,0.43327761317783464,0.11777777777777777,1.0,0.11226862318798347,0.24195947728775913,0.1771140502378713,0.9999868173917139,0,1,0.08855702511893565,0.999993408695857,0,1,0,1
P02,V2_video1_normal,normal,680,22.67152380952381,1,0.15958796362484262,0.18444170045029387,0.13473422679939134,0.428747312629552,0.11777777777777777,1.0,0.09121318384400101,0.23202334417579284,0.16161826400989693,0.9999814218542631,0,1,0.08080913200494846,0.9999907109271315,0,1,0,1
P02,V2_video1_normal,normal,681,22.704864285714287,1,0.16119073756030788,0.1835115431689831,0.1388699319516327,0.42817759904402425,0.11777777777777777,1.0,0.27251679286506336,0.31570546977602587,0.2941111313205446,0.9999965150813708,0,1,0.1470555656602723,0.9999982575406854,0,1,0,1
P02,V2_video1_normal,normal,682,22.73820476190476,1,0.15159362930547238,0.17793127680685783,0.12525598180408692,0.42558285552115266,0.11777777777777777,1.0,0.22964776835536926,0.18640777689942345,0.20802777262739636,0.9999921150623712,0,1,0.10401388631369818,0.9999960575311856,0,1,0,1
P02,V2_video1_normal,normal,683,22.77154523809524,1,0.1629517051014437,0.18983756856191075,0.13606584164097665,0.4250733680820976,0.11777777777777777,1.0,0.17584301274559366,0.49136039932823183,0.33360170603691275,0.9999957502236323,0,1,0.16680085301845637,0.9999978751118161,0,1,0,1
P02,V2_video1_normal,normal,684,22.804885714285714,1,0.15428258616498247,0.18011460765083384,0.12845056467913107,0.4250658074712353,0.11777777777777777,1.0,0.16239167864402382,0.497457403254721,0.3299245409493724,0.9999922270757378,0,1,0.1649622704746862,0.9999961135378689,0,1,0,1
P02,V2_video1_normal,normal,685,22.83822619047619,1,0.15861845907544891,0.17741184092387285,0.13982507722702495,0.4216781095232106,0.11777777777777777,1.0,0.1786298415027957,0.5574537162032649,0.3680417788530303,0.9999882130859635,0,1,0.18402088942651515,0.9999941065429818,0,1,0,1
P02,V2_video1_normal,normal,686,22.871566666666666,1,0.16831869562628404,0.1967032773421358,0.1399341139104323,0.42698542011514296,0.11777777777777777,1.0,0.12781590199824233,0.19497611924881575,0.16139601062352904,0.9999944826999674,0,1,0.08069800531176452,0.9999972413499837,0,1,0,1
P02,V2_video1_normal,normal,687,22.90490714285714,1,0.17818505157184775,0.2017284248780114,0.1546416782656841,0.4308642871080916,0.11777777777777777,1.0,0.17587837967501718,0.25750326613834296,0.21669082290668007,0.9999783203895244,0,1,0.10834541145334003,0.9999891601947621,0,1,0,1
P02,V2_video1_normal,normal,688,22.93824761904762,1,0.18798069831284128,0.2141288269295105,0.16183256969617207,0.4268841349371228,0.11777777777777777,1.0,0.18862081416163323,0.3889887171310913,0.28880476564636226,0.9999946369226638,0,1,0.14440238282318113,0.9999973184613319,0,1,0,1
P02,V2_video1_normal,normal,689,22.971588095238094,1,0.17295081502738974,0.1954758316527813,0.15042579840199818,0.42270774969009195,0.11777777777777777,1.0,0.181055389434701,0.2541935069578446,0.2176244481962728,0.9999951408632,0,1,0.1088122240981364,0.9999975704316,0,1,0,1
P02,V2_video1_normal,normal,690,23.00492857142857,1,0.16678356886038365,0.19161825621003584,0.14194888151073143,0.4245135431405655,0.11777777777777777,1.0,0.07011435943721234,0.27616009517685713,0.17313722730703474,0.9999944070652541,0,1,0.08656861365351737,0.999997203532627,0,1,0,1
P02,V2_video1_normal,normal,691,23.038269047619046,1,0.17907799815745426,0.20558446524631788,0.15257153106859064,0.42826692988225856,0.11777777777777777,1.0,0.04896195335877673,0.19303939194958464,0.12100067265418069,0.9999902770411719,0,1,0.06050033632709034,0.999995138520586,0,1,0,1
P02,V2_video1_normal,normal,692,23.071609523809524,1,0.184165234292628,0.20544863874453778,0.1628818298407182,0.45159516494516255,0.11777777777777777,1.0,0.147741511196685,0.30557699432402563,0.2266592527603553,0.9999807070038835,0,1,0.11332962638017766,0.9999903535019418,0,1,0,1
P02,V2_video1_normal,normal,693,23.10495,1,0.1881706943663604,0.21241782210279303,0.1639235666299278,0.4504799827511943,0.11777777777777777,1.0,0.1254837264847929,0.3732048980739977,0.2493443122793953,0.9999770262466335,0,1,0.12467215613969765,0.9999885131233168,0,1,0,1
P02,V2_video1_normal,normal,694,23.138290476190477,1,0.19161264864561653,0.22401434184314697,0.15921095544808608,0.4513729502798438,0.11777777777777777,1.0,0.08178039069365395,0.46030992696049056,0.27104515882707225,0.9999262565691963,0,1,0.13552257941353613,0.9999631282845982,0,1,0,1
P02,V2_video1_normal,normal,695,23.17163095238095,1,0.1764811247219726,0.20807619656163498,0.14488605288231024,0.4562779320430687,0.11777777777777777,1.0,0.2538323764694437,0.3851575265373822,0.31949495150341295,0.9999287043548124,0,1,0.15974747575170647,0.9999643521774062,0,1,0,1
P02,V2_video1_normal,normal,696,23.20497142857143,1,0.18096196630785283,0.21208517578348227,0.14983875683222342,0.4499759013184509,0.11777777777777777,1.0,0.18753592225569393,0.2656648556906629,0.2266003889731784,0.9999616527314876,0,1,0.1133001944865892,0.9999808263657438,0,1,0,1
P02,V2_video1_normal,normal,697,23.238311904761904,1,0.1858813158516897,0.20978174238708425,0.16198088931629515,0.4579714138845205,0.11777777777777777,1.0,0.22173205604742596,0.3383232611750968,0.2800276586112614,0.9998578399212477,0,1,0.1400138293056307,0.9999289199606238,0,1,0,1
P02,V2_video1_normal,normal,698,23.271652380952382,1,0.18305873920808438,0.21172660164260776,0.154390876773561,0.4494222909747044,0.11777777777777777,1.0,0.1505952930450679,0.2842647576124627,0.21743002532876532,0.9998948687975869,0,1,0.10871501266438266,0.9999474343987935,0,1,0,1
P02,V2_video1_normal,normal,699,23.304992857142857,1,0.1884542719216004,0.21368755844452103,0.1632209853986798,0.4469643307712167,0.11777777777777777,1.0,0.07765514883666513,0.7245789333804848,0.401117041108575,0.999860161924308,0,1,0.2005585205542875,0.9999300809621541,0,1,0,1
P02,V2_video1_normal,normal,700,23.33833333333333,1,0.1994069610302902,0.21888865934757312,0.1799252627130073,0.4487666432101318,0.11777777777777777,1.0,0.30862671070186953,0.14189925494628608,0.2252629828240778,0.9999702793380331,0,1,0.1126314914120389,0.9999851396690165,0,1,0,1
P02,V2_video1_normal,normal,701,23.37167380952381,1,0.19617102071134696,0.22562896121605694,0.16671308020663697,0.45088972320982257,0.11777777777777777,1.0,0.10848504423927374,0.5835855866143724,0.3460353154268231,0.9999967953903139,0,1,0.17301765771341154,0.999998397695157,0,1,0,1
P02,V2_video1_normal,normal,702,23.405014285714284,1,0.21495060435393232,0.24196575878157994,0.1879354499262847,0.45837311481377824,0.11777777777777777,1.0,0.10651904228767162,0.3033055276326291,0.20491228496015035,0.9999885939723273,0,1,0.10245614248007517,0.9999942969861637,0,1,0,1
P02,V2_video1_normal,normal,703,23.438354761904762,1,0.2038828544567043,0.22671760585068038,0.18104810306272817,0.45108189738866383,0.11777777777777777,1.0,0.10800896805102056,0.3383050613802977,0.22315701471565913,0.9999896323369268,0,1,0.11157850735782956,0.9999948161684634,0,1,0,1
P02,V2_video1_normal,normal,704,23.471695238095236,1,0.20621676205743322,0.23097692425156546,0.18145659986330095,0.4558852782031592,0.11777777777777777,1.0,0.07318690638982184,0.46411530373782306,0.26865110506382245,0.9999854231132701,0,1,0.13432555253191122,0.999992711556635,0,1,0,1
P02,V2_video1_normal,normal,705,23.505035714285714,1,0.2136459535838388,0.2280282535116436,0.199263653656034,0.46023075617122955,0.11777777777777777,1.0,0.14811419493186284,0.498982117986161,0.3235481564590119,0.9999943918057849,0,1,0.16177407822950596,0.9999971959028924,0,1,0,1
P02,V2_video1_normal,normal,706,23.53837619047619,1,0.2047310916186211,0.22768601699528543,0.18177616624195678,0.46140382815833886,0.11777777777777777,1.0,0.15011255873145746,0.3409533321517497,0.2455329454416036,0.9999949732469754,0,1,0.1227664727208018,0.9999974866234878,0,1,0,1
P02,V2_video1_normal,normal,707,23.571716666666667,1,0.2123307832830147,0.23415922202286726,0.19050234454316214,0.46425441555009067,0.11777777777777777,1.0,0.06300176359034637,0.23234794859279984,0.1476748560915731,0.9999937668969576,0,1,0.07383742804578655,0.9999968834484788,0,1,0,1
P02,V2_video1_normal,normal,708,23.60505714285714,1,0.20893022623492993,0.23204538161654042,0.18581507085331944,0.4782776076325774,0.11777777777777777,1.0,0.0805680754949778,0.3673785055456632,0.2239732905203205,0.9999954170422676,0,1,0.11198664526016025,0.9999977085211338,0,1,0,1
P02,V2_video1_normal,normal,709,23.63839761904762,1,0.19581401871990042,0.2259676025030694,0.16566043493673144,0.46120270286034626,0.11777777777777777,1.0,0.24194600883701012,0.1255361412953404,0.18374107506617526,0.9999716699606455,0,1,0.09187053753308763,0.9999858349803228,0,1,0,1
P02,V2_video1_normal,normal,710,23.671738095238094,1,0.2069509827713798,0.23616755273218223,0.1777344128105774,0.46369024870758097,0.11777777777777777,1.0,0.21886588258624984,0.10639580251620717,0.1626308425512285,0.9999753269799386,0,1,0.08131542127561425,0.9999876634899694,0,1,0,1
P02,V2_video1_normal,normal,711,23.705078571428572,1,0.18043071590683368,0.2104393758384926,0.15042205597517477,0.4515696280939289,0.11777777777777777,1.0,0.23514406342178584,0.3930299460603234,0.3140870047410546,0.9999792246192631,0,1,0.1570435023705273,0.9999896123096316,0,1,0,1
P02,V2_video1_normal,normal,712,23.738419047619047,1,0.17681604822558503,0.20719511074848393,0.14643698570268612,0.4631454432263986,0.11777777777777777,1.0,0.2818359684061047,0.632219241396424,0.4570276049012644,0.9999213688915061,0,1,0.2285138024506322,0.999960684445753,0,1,0,1
P02,V2_video1_normal,normal,713,23.771759523809525,1,0.17411618918226124,0.2052425811840351,0.1429897971804874,0.4755204321077749,0.11777777777777777,1.0,0.1661513897828205,0.15488298002705347,0.160517184904937,0.999972183142183,0,1,0.0802585924524685,0.9999860915710914,0,1,0,1
P02,V2_video1_normal,normal,714,23.8051,1,0.1685110688697542,0.19834861806094883,0.13867351967855956,0.48762065370232194,0.11777777777777777,1.0,0.1365695319465574,0.5479087555698265,0.342239143758192,0.9999052136286795,0,1,0.171119571879096,0.9999526068143397,0,1,0,1
P02,V2_video1_normal,normal,715,23.838440476190474,1,0.17263125764180187,0.20722658028319962,0.1380359350004041,0.49289775550743636,0.11777777777777777,1.0,0.0919505318414241,0.23347285954457242,0.16271169569299826,0.9998867448880577,0,1,0.08135584784649913,0.9999433724440289,0,1,0,1
P02,V2_video1_normal,normal,716,23.871780952380952,1,0.17384688549598143,0.21064848196964406,0.13704528902231883,0.48466646068525787,0.11777777777777777,1.0,0.3798299040819396,0.3363022625953844,0.358066083338662,0.9998620561605555,0,1,0.179033041669331,0.9999310280802778,0,1,0,1
P02,V2_video1_normal,normal,717,23.905121428571427,1,0.17354076091918363,0.20630342761807835,0.14077809422028892,0.4816639328275711,0.11777777777777777,1.0,0.036877247278941705,0.3936953647618666,0.21528630602040416,0.9996650827936815,0,1,0.10764315301020208,0.9998325413968407,0,1,0,1
P02,V2_video1_normal,normal,718,23.938461904761905,1,0.13534743345264502,0.16794795302548118,0.10274691387980886,0.49810750050265473,0.12,1.0,0.18230541749170437,0.14992707812455164,0.166116247808128,0.9994719224399073,1,1,0.583058123904064,0.9997359612199537,1,1,1,1
P02,V2_video1_normal,normal,719,23.97180238095238,1,0.13977441920806757,0.17499258410812799,0.10455625430800715,0.49017909678440685,0.12222222222222222,1.0,0.3533307621686843,0.2257256101145233,0.2895281861416038,0.9996746897974147,1,1,0.6447640930708018,0.9998373448987073,1,1,1,1
P02,V2_video1_normal,normal,720,24.005142857142857,1,0.143517599720414,0.17857942896165432,0.10845577047917365,0.49459130882563745,0.12222222222222222,1.0,0.11506481803701574,0.468395567349959,0.2917301926934874,0.998598868056305,0,1,0.1458650963467437,0.9992994340281525,0,1,0,1
P02,V2_video1_normal,normal,721,24.038483333333332,1,0.16229360053364256,0.1963405158972041,0.128246685170081,0.4889547844681844,0.12222222222222222,1.0,0.05271853335139809,0.20986839445375916,0.13129346390257862,0.9992921340777192,0,1,0.06564673195128931,0.9996460670388596,0,1,0,1
P02,V2_video1_normal,normal,722,24.07182380952381,1,0.18806039393671908,0.21357016094917855,0.16255062692425964,0.4781735044303699,0.12222222222222222,1.0,0.08977539066522022,0.10624060508224686,0.09800799787373354,0.9996001563645419,0,1,0.04900399893686677,0.9998000781822709,0,1,0,1
P02,V2_video1_normal,normal,723,24.105164285714284,1,0.16398344186345828,0.19545152204266308,0.13251536168425349,0.47489029824813334,0.12222222222222222,1.0,0.016411635818596726,0.4600403130967058,0.23822597445765126,0.9997408773316325,0,1,0.11911298722882563,0.9998704386658163,0,1,0,1
P02,V2_video1_normal,normal,724,24.138504761904763,1,0.154053506103967,0.18359071771193847,0.12451629449599556,0.47499894820093913,0.12,1.0,0.032949895821037245,0.5127803257214175,0.2728651107712274,0.9990106408537845,0,1,0.1364325553856137,0.9995053204268922,0,1,0,1
P02,V2_video1_normal,normal,725,24.171845238095237,1,0.1693690195383698,0.19494606248551424,0.14379197659122536,0.45644165526968916,0.11777777777777777,1.0,0.08154182305188984,0.21868053815536093,0.15011118060362538,0.9993722713223203,0,1,0.07505559030181269,0.9996861356611602,0,1,0,1
P02,V2_video1_normal,normal,726,24.205185714285715,1,0.16875479214903316,0.20221141149549257,0.13529817280257372,0.4517388854973585,0.11777777777777777,1.0,0.09807462040002746,0.1773887456194445,0.13773168300973598,0.9997257493524844,0,1,0.06886584150486799,0.9998628746762421,0,1,0,1
P02,V2_video1_normal,normal,727,24.23852619047619,1,0.18377782561409442,0.2129975912689724,0.15455805995921643,0.4359680721584183,0.11777777777777777,1.0,0.09642129922000975,0.35598303749008675,0.22620216835504825,0.9997697647632421,0,1,0.11310108417752412,0.9998848823816211,0,1,0,1
P02,V2_video1_normal,normal,728,24.271866666666668,1,0.2072668455975832,0.23306668864624333,0.1814670025489231,0.4298894408345552,0.11777777777777777,1.0,0.1286824431680571,0.06675565294742514,0.09771904805774112,0.999916052965979,0,1,0.04885952402887056,0.9999580264829895,0,1,0,1
P02,V2_video1_normal,normal,729,24.305207142857142,1,0.2296764120630196,0.2518797682953459,0.2074730558306933,0.4191615037334348,0.11777777777777777,1.0,0.03861889737188262,0.20859338695680296,0.12360614216434279,0.9998831946545469,0,1,0.061803071082171396,0.9999415973272734,0,1,0,1
P02,V2_video1_normal,normal,730,24.338547619047617,1,0.22733534326678287,0.2523151674004893,0.20235551913307642,0.4173931564031238,0.11777777777777777,1.0,0.05054048921820509,0.5390055475595996,0.29477301838890235,0.9999379795562222,0,1,0.14738650919445118,0.9999689897781111,0,1,0,1
P02,V2_video1_normal,normal,731,24.371888095238095,1,0.227948187332448,0.25063437201372196,0.20526200265117406,0.4055227923830144,0.11777777777777777,1.0,0.10218753624023946,0.3281892492355378,0.21518839273788865,0.9999395928163999,0,1,0.10759419636894432,0.9999697964081999,0,1,0,1
P02,V2_video1_normal,normal,732,24.40522857142857,1,0.2402386065996632,0.26733286966034536,0.21314434353898104,0.3791388007461565,0.11777777777777777,1.0,0.04859176294205625,0.3214475188869954,0.18501964091452583,0.999991636471445,0,1,0.09250982045726291,0.9999958182357225,0,1,0,1
P02,V2_video1_normal,normal,733,24.438569047619048,1,0.2616193745448181,0.2853222508996638,0.23791649818997238,0.3630969263209204,0.11777777777777777,1.0,0.02802996047449402,0.03628546290397805,0.032157711689236035,0.9999877465463365,0,1,0.016078855844618017,0.9999938732731682,0,1,0,1
P02,V2_video1_normal,normal,734,24.471909523809522,1,0.2632342394268458,0.28286406423278604,0.24360441462090557,0.34197337884887147,0.11777777777777777,1.0,0.007901813297633287,0.10932206746242412,0.058611940380028704,0.9999655468956428,0,1,0.029305970190014352,0.9999827734478214,0,1,0,1
P02,V2_video1_normal,normal,735,24.50525,1,0.23632711243566834,0.2618681635755953,0.2107860612957414,0.31328705423823694,0.11777777777777777,1.0,0.22857183948259296,0.038987664086604146,0.13377975178459856,0.9997318054870585,0,1,0.06688987589229928,0.9998659027435293,0,1,0,1
P02,V2_video1_normal,normal,736,24.538590476190475,1,0.2007398485789318,0.2297284557270906,0.171751241430773,0.29544686826851213,0.11777777777777777,1.0,0.09435088829999061,0.23786617663690346,0.16610853246844703,0.9992281170638951,0,1,0.08305426623422352,0.9996140585319475,0,1,0,1
P02,V2_video1_normal,normal,737,24.571930952380953,1,0.0460604929725028,0.06685119500488958,0.025269790940116027,0.2746544348857586,0.12,1.0,0.3534633948311938,0.11883765821130632,0.23615052652125007,0.9959726474910519,1,1,0.618075263260625,0.997986323745526,1,1,1,1
P02,V2_video1_normal,normal,738,24.605271428571427,1,0.059729919295903516,0.08404809728157883,0.035411741310228194,0.2621327854080415,0.12222222222222222,1.0,0.41894484277537614,0.0782766492214757,0.24861074599842592,0.9991918108776541,1,1,0.624305372999213,0.999595905438827,1,1,1,1
P02,V2_video1_normal,normal,739,24.638611904761905,1,0.050467183695460646,0.06773544797992657,0.033198919410994725,0.2459534404898513,0.12444444444444444,1.0,0.23721077680299563,0.18011400483250628,0.20866239081775095,0.9981163614276626,1,1,0.6043311954088755,0.9990581807138312,1,1,1,1
P02,V2_video1_normal,normal,740,24.67195238095238,1,0.07793440677541708,0.0902872231912907,0.06558159035954346,0.23946908321601032,0.12666666666666668,1.0,0.08477487229390757,0.2391467398674071,0.16196080608065733,0.9836946006675152,1,1,0.5809804030403287,0.9918473003337576,1,1,1,1
P02,V2_video1_normal,normal,741,24.705292857142858,1,0.11426496471141126,0.12689533311242346,0.10163459631039906,0.23112412418749326,0.1288888888888889,1.0,0.1617595129913031,0.21732342835517637,0.18954147067323973,0.9709547370551863,1,1,0.5947707353366198,0.9854773685275932,1,1,1,1
P02,V2_video1_normal,normal,742,24.738633333333333,1,0.17686357424642524,0.194719760751834,0.15900738774101647,0.2325074482881437,0.1288888888888889,1.0,0.15844743842512177,0.17065152952649343,0.1645494839758076,0.8714009251245755,0,1,0.0822747419879038,0.9357004625622878,0,1,0,1
P02,V2_video1_normal,normal,743,24.77197380952381,1,0.23275191795530603,0.246542789192292,0.21896104671832003,0.23390671786791584,0.1288888888888889,1.0,0.07328004737291849,0.09904449347410482,0.08616227042351166,0.9821921913787479,0,1,0.04308113521175583,0.991096095689374,0,1,0,1
P02,V2_video1_normal,normal,744,24.805314285714285,1,0.23947598051869431,0.2549288916668688,0.22402306937051986,0.22918685906247357,0.1288888888888889,1.0,0.09778203411844255,0.2037373693636092,0.15075970174102588,0.9691551789983637,0,1,0.07537985087051294,0.9845775894991818,0,1,0,1
P02,V2_video1_normal,normal,745,24.83865476190476,1,0.25775108289252335,0.2719307887242998,0.24357137706074683,0.22758720317009812,0.1288888888888889,1.0,0.06790755974186158,0.018041310896239504,0.04297443531905054,0.9792064403068361,0,1,0.02148721765952527,0.9896032201534181,0,1,0,1
P02,V2_video1_normal,normal,746,24.871995238095238,1,0.26658096671969833,0.28410918350295,0.24905274993644663,0.22500528375290077,0.1288888888888889,1.0,0.1334872194489124,0.4695015777227407,0.30149439858582655,0.9888232022602301,0,1,0.15074719929291328,0.9944116011301151,0,1,0,1
P02,V2_video1_normal,normal,747,24.905335714285712,1,0.27366685944184543,0.28683224583456696,0.26050147304912397,0.2178879951860115,0.1288888888888889,1.0,0.022596018906504756,0.3065414893693512,0.164568754137928,0.9177131852869358,0,1,0.082284377068964,0.9588565926434679,0,1,0,1
P02,V2_video1_normal,normal,748,24.93867619047619,1,0.2678761430577553,0.28137550789812793,0.25437677821738264,0.2139458934527124,0.1288888888888889,1.0,0.4020211661384153,0.24493801824720518,0.32347959219281025,0.9636742301289614,0,1,0.16173979609640513,0.9818371150644807,0,1,0,1
P02,V2_video1_normal,normal,749,24.972016666666665,1,0.26260269666241987,0.27370138879824096,0.2515040045265987,0.2037019607118178,0.1288888888888889,1.0,0.1900446398201745,0.5629426851005083,0.3764936624603414,0.575719548498676,0,1,0.1882468312301707,0.7878597742493381,0,1,0,1
P02,V2_video1_normal,normal,750,25.005357142857143,1,0.2592136501126283,0.27449311135427223,0.24393418887098436,0.1862927337866672,0.1288888888888889,1.0,0.42188648131716944,0.08802195670908164,0.25495421901312554,0.030083928798644927,0,1,0.12747710950656277,0.5150419643993225,0,1,0,0
P02,V2_video1_normal,normal,751,25.038697619047618,1,0.07697170771200061,0.10083943817695945,0.05310397724704178,0.16378005052153274,0.13111111111111112,1.0,0.19071138499728446,0.14019690612536384,0.16545414556132415,0.003892545986807538,1,1,0.582727072780662,0.5019462729934038,1,1,1,0
P02,V2_video1_normal,normal,752,25.072038095238096,1,0.05083751496267634,0.06610865819185568,0.03556637173349699,0.16302271194509957,0.13333333333333333,1.0,0.6895381751892513,0.03489516831612993,0.3622166717526906,0.008435258983159397,1,1,0.6811083358763453,0.5042176294915797,1,1,1,0
P02,V2_video1_normal,normal,753,25.10537857142857,1,0.03958924659127798,0.04807715586987446,0.031101337312681505,0.1631626196759745,0.13555555555555557,1.0,0.6311882522538543,0.06482278847112599,0.34800552036249016,0.0017989186999853933,1,1,0.674002760181245,0.5008994593499927,1,1,1,0
P02,V2_video1_normal,normal,754,25.13871904761905,1,0.047526799280865006,0.0600016229036266,0.035051975658103404,0.16404360050341768,0.13777777777777778,1.0,0.5221121081193273,0.13639663925258472,0.329254373685956,0.004013494244350719,1,1,0.6646271868429781,0.5020067471221754,1,1,1,0
P02,V2_video1_normal,normal,755,25.172059523809523,1,0.08182630328397138,0.0995631253779315,0.06408948119001126,0.16413910925397143,0.14,1.0,0.21694347895919341,0.12590119563033564,0.17142233729476453,0.005692690983011456,1,1,0.5857111686473823,0.5028463454915058,1,1,1,0
P02,V2_video1_normal,normal,756,25.2054,1,0.12158575181601963,0.1298195947735065,0.11335190885853277,0.16625036433817986,0.14222222222222222,1.0,0.2707590770423809,0.14069721386291278,0.20572814545264684,0.0005769179437851563,1,1,0.6028640727263235,0.5002884589718926,1,1,1,0
P02,V2_video1_normal,normal,757,25.238740476190475,1,0.09321268370906097,0.10159117547217679,0.08483419194594516,0.1657903532122418,0.14444444444444443,1.0,0.4967565246409654,0.08266587835388695,0.2897112014974262,0.002329262342160696,1,1,0.6448556007487131,0.5011646311710803,1,1,1,0
P02,V2_video1_normal,normal,758,25.272080952380954,1,0.041729987565959296,0.05088299843459257,0.032576976697326024,0.1647668346818359,0.14444444444444443,1.0,0.9421353042880152,0.3784913803556307,0.6603133423218229,0.0016262672403632062,1,1,0.8301566711609114,0.5008131336201816,1,1,1,0
P02,V2_video1_normal,normal,759,25.305421428571428,1,0.04377787814170313,0.05291747439122359,0.03463828189218267,0.16461672699811414,0.14666666666666667,1.0,0.9703399628400022,0.262808070198983,0.6165740165194926,0.0018259186666894987,1,1,0.8082870082597463,0.5009129593333448,1,1,1,0
P02,V2_video1_normal,normal,760,25.338761904761903,1,0.04794375467867386,0.05484894267173169,0.04103856668561603,0.1648521980652768,0.14888888888888888,1.0,0.7076646266627579,0.10605913424981439,0.40686188045628613,0.0023772765392103767,1,1,0.7034309402281431,0.5011886382696051,1,1,1,0
P02,V2_video1_normal,normal,761,25.37210238095238,1,0.09356951207835612,0.09282554743344482,0.09431347672326741,0.1640268787026689,0.1511111111111111,1.0,0.32282205894956095,0.16250429030539704,0.242663174627479,0.0012961519020196397,1,1,0.6213315873137395,0.5006480759510098,1,1,1,0
P02,V2_video1_normal,normal,762,25.405442857142855,1,0.19698556303569795,0.20742293011865293,0.18654819595274297,0.16566182500339172,0.1511111111111111,1.0,0.06675807407920364,0.09469629997805162,0.08072718702862763,0.0020482458678401086,0,1,0.04036359351431382,0.5010241229339201,0,1,0,0
P02,V2_video1_normal,normal,763,25.438783333333333,1,0.25115544975702714,0.26426243006266725,0.238048469451387,0.16523049945055582,0.1511111111111111,1.0,0.262497090890793,0.1423554891019716,0.2024262899963823,0.0026434902135574513,0,1,0.10121314499819115,0.5013217451067787,0,1,0,0
P02,V2_video1_normal,normal,764,25.472123809523808,1,0.27159655747761813,0.28256342589311784,0.2606296890621184,0.1636507402094327,0.1511111111111111,1.0,0.14421697381454723,0.04086321445360497,0.0925400941340761,0.002711448887376094,0,1,0.04627004706703805,0.501355724443688,0,1,0,0
P02,V2_video1_normal,normal,765,25.505464285714286,1,0.28343921173345543,0.29434289585964435,0.27253552760726657,0.16323242214580763,0.1511111111111111,1.0,0.09831475453845906,0.11395998205494318,0.10613736829670112,0.0004375990015879842,0,1,0.05306868414835056,0.500218799500794,0,1,0,0
P02,V2_video1_normal,normal,766,25.53880476190476,1,0.29112981260402,0.3012013040533323,0.2810583211547077,0.16223762996624855,0.1511111111111111,1.0,0.2159806887833311,0.0762000181969743,0.1460903534901527,0.00042616824402700963,0,0,0.07304517674507635,0.00021308412201350482,0,0,0,0
P02,V2_video1_normal,normal,767,25.57214523809524,1,0.30063037552225574,0.31109147020199024,0.29016928084252125,0.16178065843587258,0.1511111111111111,1.0,0.18307618000791392,0.05050182192120545,0.11678900096455969,0.004345360007468495,0,0,0.05839450048227984,0.0021726800037342475,0,0,0,0
P02,V2_video1_normal,normal,768,25.605485714285713,1,0.2962723298815402,0.31035239548759647,0.28219226427548394,0.16198203151093687,0.1511111111111111,1.0,0.022660527782082163,0.1729490804221373,0.09780480410210973,0.0037712459569135587,0,0,0.048902402051054866,0.0018856229784567794,0,0,0,0
P02,V2_video1_normal,normal,769,25.63882619047619,1,0.29862718820863243,0.3105722859091273,0.28668209050813753,0.16354938372460967,0.1511111111111111,1.0,0.01742653985883691,0.040265961032583175,0.028846250445710042,0.0021159480456200606,0,1,0.014423125222855021,0.50105797402281,0,1,0,0
P02,V2_video1_normal,normal,770,25.672166666666666,1,0.2898373487162941,0.29823061407985674,0.28144408335273147,0.16222423774979272,0.1511111111111111,1.0,0.016356445655989815,0.16314249457947516,0.08974947011773249,0.002020755614026356,0,0,0.044874735058866244,0.001010377807013178,0,0,0,0
P02,V2_video1_normal,normal,771,25.705507142857144,1,0.28165939306077836,0.29331597495366407,0.27000281116789265,0.16309297008047352,0.1511111111111111,1.0,0.13647890396205975,0.1270674904232807,0.13177319719267022,0.0013351363030891393,0,1,0.06588659859633511,0.5006675681515446,0,1,0,0
P02,V2_video1_normal,normal,772,25.73884761904762,1,0.28100495571471695,0.2910057484703687,0.2710041629590652,0.16186558440450502,0.1511111111111111,1.0,0.05114870953384887,0.060315625666272465,0.05573216760006067,0.009672454277922495,0,0,0.027866083800030333,0.004836227138961247,0,0,0,0
P02,V2_video1_normal,normal,773,25.772188095238096,1,0.2821274885045576,0.2930778532230096,0.27117712378610553,0.16290557296548794,0.14888888888888888,1.0,0.07795434663400969,0.04188497589412665,0.05991966126406817,0.0012244321328660605,0,1,0.029959830632034085,0.500612216066433,0,1,0,0
P02,V2_video1_normal,normal,774,25.80552857142857,1,0.2832790557253892,0.29135069623438403,0.27520741521639436,0.1620524250239158,0.14666666666666667,1.0,0.20202935921580578,0.012005127627651824,0.1070172434217288,0.003311695333487263,0,0,0.0535086217108644,0.0016558476667436314,0,0,0,0
P02,V2_video1_normal,normal,775,25.838869047619045,1,0.288196724655705,0.2959220386114553,0.2804714106999547,0.16189478712845573,0.14444444444444443,1.0,0.05207226037307211,0.0010221554357862095,0.02654720790442916,0.0013932017053402438,0,0,0.01327360395221458,0.0006966008526701219,0,0,0,0
P02,V2_video1_normal,normal,776,25.872209523809524,1,0.29666068757995867,0.3019219837923041,0.2913993913676133,0.16162407956864253,0.14222222222222222,1.0,0.06591534742681149,0.007236006963888486,0.03657567719534999,0.001653845277331319,0,0,0.018287838597674994,0.0008269226386656595,0,0,0,0
P02,V2_video1_normal,normal,777,25.905549999999998,1,0.2981378577437452,0.30401541862658166,0.2922602968609087,0.16104133027166723,0.14,1.0,0.18468051019702025,0.0016776353737607552,0.0931790727853905,0.0025755602671338695,0,0,0.04658953639269525,0.0012877801335669347,0,0,0,0
P02,V2_video1_normal,normal,778,25.938890476190476,1,0.2972113803721061,0.30239777865470374,0.29202498208950844,0.16119042790676325,0.13777777777777778,1.0,0.40530842985859206,0.011459356387645059,0.20838389312311856,0.0026118624104831106,0,0,0.10419194656155928,0.0013059312052415553,0,0,0,0
P02,V2_video1_normal,normal,779,25.97223095238095,1,0.2935048946571003,0.2971342201141593,0.2898755692000412,0.16109030662326115,0.13777777777777778,1.0,0.40482628097251094,0.016915809292954886,0.21087104513273291,0.0011568084517567083,0,0,0.10543552256636646,0.0005784042258783541,0,0,0,0
P02,V2_video1_normal,normal,780,26.00557142857143,1,0.295162353732769,0.2996829102694048,0.2906417971961332,0.16137062994067033,0.13777777777777778,1.0,0.17923860469862474,0.02549723660181602,0.10236792065022038,0.0012311261271768768,0,0,0.05118396032511019,0.0006155630635884384,0,0,0,0
P02,V2_video1_normal,normal,781,26.038911904761903,1,0.2973354957431249,0.301424587162053,0.2932464043241968,0.16171884119297888,0.13777777777777778,1.0,0.1316535372721892,0.007813374702096643,0.06973345598714292,0.0008212437959969082,0,0,0.03486672799357146,0.0004106218979984541,0,0,0,0
P02,V2_video1_normal,normal,782,26.07225238095238,1,0.29409442146702175,0.30109812999529895,0.28709071293874455,0.1611202343738552,0.13777777777777778,1.0,0.2636746798471312,0.007433729269311629,0.13555420455822143,0.0029385512503448297,0,0,0.06777710227911071,0.0014692756251724148,0,0,0,0
P02,V2_video1_normal,normal,783,26.105592857142856,1,0.2928084192756283,0.2967558153184849,0.28886102323277174,0.16147029277782265,0.13777777777777778,1.0,0.1015364937569353,0.008297375883351332,0.054916934820143315,0.001354457077790835,0,0,0.027458467410071657,0.0006772285388954175,0,0,0,0
P02,V2_video1_normal,normal,784,26.138933333333334,1,0.2948634061998947,0.2997794581065773,0.28994735429321206,0.16168083451471013,0.13777777777777778,1.0,0.3049052512670848,0.07627712212582416,0.19059118669645447,0.009543962392530952,0,0,0.09529559334822724,0.004771981196265476,0,0,0,0
P02,V2_video1_normal,normal,785,26.17227380952381,1,0.291657237072234,0.29738085281370136,0.2859336213307666,0.16097791579606588,0.13777777777777778,1.0,0.04294733830423969,0.11671882816640833,0.07983308323532401,0.0021606887530783276,0,0,0.039916541617662005,0.0010803443765391638,0,0,0,0
P02,V2_video1_normal,normal,786,26.205614285714287,1,0.29077895944202764,0.2962672930583786,0.28529062582567666,0.16077206009976439,0.13777777777777778,1.0,0.0425187085598725,0.08135973633336124,0.06193922244661687,0.004764526807320435,0,0,0.030969611223308435,0.0023822634036602176,0,0,0,0
P02,V2_video1_normal,normal,787,26.23895476190476,1,0.29150162156511833,0.2964979301208346,0.2865053130094021,0.1608466037580571,0.13777777777777778,1.0,0.0995609305959202,0.059013931736938585,0.07928743116642939,0.0050849486204366835,0,0,0.039643715583214695,0.0025424743102183418,0,0,0,0
P02,V2_video1_normal,normal,788,26.272295238095236,1,0.289774170305871,0.2939755274782201,0.2855728131335219,0.1606394398372575,0.13777777777777778,1.0,0.037811735187178175,0.046382244744819334,0.042096989965998755,0.0015190743094409785,0,0,0.021048494982999377,0.0007595371547204893,0,0,0,0
P02,V2_video1_normal,normal,789,26.305635714285714,1,0.28767791903025425,0.29311161288879833,0.28224422517171016,0.16116099310770335,0.13777777777777778,1.0,0.08240528884892107,0.1084176153677493,0.09541145210833518,0.002746835637890893,0,0,0.04770572605416759,0.0013734178189454464,0,0,0,0
P02,V2_video1_normal,normal,790,26.33897619047619,1,0.26561721479406053,0.2738468518921409,0.2573875776959801,0.16123038173760024,0.13777777777777778,1.0,0.24127912938191232,0.08955637516193815,0.16541775227192523,0.001693909620610743,0,0,0.08270887613596262,0.0008469548103053715,0,0,0,0
P02,V2_video1_normal,normal,791,26.372316666666666,1,0.07706155045906521,0.0763686043923068,0.07775449652582361,0.16220786688543032,0.14,1.0,0.12333009821575658,0.13913684861273656,0.13123347341424657,0.0017220399910320202,1,0,0.5656167367071233,0.0008610199955160101,1,0,0,0
P02,V2_video1_normal,normal,792,26.40565714285714,1,0.05908607285164262,0.062094188585175555,0.05607795711810969,0.16171522878485173,0.14222222222222222,1.0,0.5939231577466867,0.2615701120989311,0.4277466349228089,0.0041473444325504805,1,0,0.7138733174614045,0.0020736722162752403,1,0,1,0
P02,V2_video1_normal,normal,793,26.43899761904762,1,0.055010431694066754,0.05884188719943993,0.051178976188693576,0.16218085694568582,0.14444444444444443,1.0,0.6690670044047264,0.15811783598649964,0.41359242019561304,0.010036366369206686,1,0,0.7067962100978065,0.005018183184603343,1,0,1,0
P02,V2_video1_normal,normal,794,26.472338095238094,1,0.057083612671870454,0.057920228482257224,0.05624699686148369,0.16229955601159188,0.14666666666666667,1.0,0.3237358276942326,0.12115498825664417,0.22244540797543838,0.08662797387399618,1,0,0.6112227039877192,0.04331398693699809,1,0,1,0
P02,V2_video1_normal,normal,795,26.50567857142857,1,0.060564228337042114,0.06274355388892042,0.05838490278516382,0.1621821864858657,0.14888888888888888,1.0,0.14062565619918566,0.08684270405503192,0.11373418012710879,0.031612394864683334,1,0,0.5568670900635544,0.015806197432341667,1,0,0,0
P02,V2_video1_normal,normal,796,26.539019047619046,1,0.05846529448960996,0.0569569981175017,0.05997359086171822,0.16229019958823737,0.1511111111111111,1.0,0.26883340948645373,0.08712469706816728,0.1779790532773105,0.01264844385913082,1,0,0.5889895266386552,0.00632422192956541,1,0,1,0
P02,V2_video1_normal,normal,797,26.572359523809524,1,0.06237378562272759,0.06291824242956275,0.06182932881589243,0.16263381476091615,0.15333333333333332,1.0,0.6004484214828626,0.13242399961983842,0.3664362105513505,0.05230963509432879,1,1,0.6832181052756753,0.5261548175471644,1,1,1,0
P02,V2_video1_normal,normal,798,26.6057,1,0.06068998703749427,0.05883604766721644,0.06254392640777211,0.1626516998427371,0.15555555555555556,1.0,0.6266795777895158,0.16653352179273184,0.3966065497911238,0.03902200802621927,1,1,0.6983032748955619,0.5195110040131097,1,1,1,0
P02,V2_video1_normal,normal,799,26.639040476190477,1,0.058836778877356534,0.058281641939175954,0.059391915815537114,0.1625313429491389,0.15777777777777777,1.0,0.33126405786878854,0.196276107278757,0.26377008257377277,0.053999094761779866,1,1,0.6318850412868864,0.5269995473808899,1,1,1,0
P02,V2_video1_normal,normal,800,26.67238095238095,1,0.054545221676677906,0.05366646311861262,0.055423980234743195,0.16235179070424446,0.16,1.0,0.6695750009865435,0.11823309180528141,0.3939040463959125,0.027314514381786444,1,0,0.6969520231979562,0.013657257190893222,1,0,1,0
P02,V2_video1_normal,normal,801,26.70572142857143,1,0.05152449223058571,0.05466147401070383,0.04838751045046758,0.16198802072184887,0.1622222222222222,1.0,0.6482170800138546,0.07944649646102808,0.36383178823744133,0.059058870036159956,1,0,0.6819158941187207,0.029529435018079978,1,0,1,0
P02,V2_video1_normal,normal,802,26.739061904761904,1,0.045733677149546556,0.048294828042775524,0.04317252625631758,0.1622388628243882,0.16444444444444445,1.0,0.3721535356104513,0.09297640330478163,0.23256496945761646,0.01097861920463489,1,0,0.6162824847288082,0.005489309602317445,1,0,1,0
P02,V2_video1_normal,normal,803,26.77240238095238,1,0.04373448019519394,0.045433379441017524,0.04203558094937034,0.16207816467795957,0.16666666666666666,1.0,0.7133401962975856,0.1839805464512535,0.44866037137441955,0.01197618764324775,1,0,0.7243301856872097,0.005988093821623875,1,0,1,0
P02,V2_video1_normal,normal,804,26.805742857142857,1,0.05163881856774964,0.061443057000884226,0.04183458013461505,0.16305627429066621,0.1688888888888889,1.0,0.5841027006933809,0.2656446930644869,0.4248736968789339,0.008431439034039498,1,1,0.712436848439467,0.5042157195170197,1,1,1,0
P02,V2_video1_normal,normal,805,26.83908333333333,1,0.04765669602943565,0.0582716477421944,0.03704174431667689,0.16228741033371,0.1711111111111111,1.0,0.562338679206154,0.29967069688937953,0.43100468804776676,0.02172527096809587,1,0,0.7155023440238834,0.010862635484047934,1,0,1,0
P02,V2_video1_normal,normal,806,26.87242380952381,1,0.04538588273834029,0.05660925884807097,0.034162506628609604,0.16204007194998524,0.17333333333333334,1.0,0.8257070483477664,0.15447737225099512,0.49009221029938077,0.005670348902516086,1,0,0.7450461051496904,0.002835174451258043,1,0,1,0
P02,V2_video1_normal,normal,807,26.905764285714284,1,0.04370061083841872,0.051667051234576655,0.03573417044226078,0.16198376048586993,0.17555555555555555,1.0,0.5404695704557483,0.3676382010162115,0.4540538857359799,0.005994621911129941,1,0,0.72702694286799,0.0029973109555649705,1,0,1,0
P02,V2_video1_normal,normal,808,26.939104761904762,1,0.04847940614343264,0.05472212464673767,0.04223668764012762,0.1619238260298257,0.17777777777777778,1.0,0.9113256855445881,0.33966841637366185,0.625497050959125,0.0039975603177735165,1,0,0.8127485254795626,0.0019987801588867583,1,0,1,0
P02,V2_video1_normal,normal,809,26.972445238095236,1,0.0397972860204395,0.047721215084460984,0.03187335695641802,0.16250238982225199,0.18,1.0,0.8219526703402606,0.401725323044275,0.6118389966922678,0.007616516059370717,1,1,0.805919498346134,0.5038082580296853,1,1,1,0
P02,V2_video1_normal,normal,810,27.005785714285715,1,0.04037124310225154,0.05082634632781401,0.029916139876689066,0.16232416198709737,0.18222222222222223,1.0,0.4577906108905605,0.5668883362009602,0.5123394735457604,0.006321189892049707,1,0,0.7561697367728801,0.0031605949460248536,1,0,1,0
P02,V2_video1_normal,normal,811,27.03912619047619,1,0.04737721958850315,0.05887065465283236,0.035883784524173935,0.1624604775981877,0.18444444444444444,1.0,0.8460941920822448,0.4846258437800034,0.6653600179311241,0.008029650916764244,1,1,0.832680008965562,0.5040148254583822,1,1,1,0
P02,V2_video1_normal,normal,812,27.072466666666667,1,0.049759803070453724,0.058441735588295095,0.041077870552612354,0.16123419828555072,0.18666666666666668,1.0,0.8057094581220006,0.167804461571037,0.4867569598465188,0.013299643393745399,1,0,0.7433784799232594,0.0066498216968726995,1,0,1,0
P02,V2_video1_normal,normal,813,27.10580714285714,1,0.04372165969936119,0.05262613358616357,0.03481718581255882,0.16163049560181034,0.18888888888888888,1.0,0.7992833265552457,0.2847893988378387,0.5420363626965422,0.015245872374811413,1,0,0.771018181348271,0.007622936187405707,1,0,1,0
P02,V2_video1_normal,normal,814,27.13914761904762,1,0.04110292308617518,0.050235847101002186,0.03196999907134816,0.1623391279649536,0.19111111111111112,1.0,0.8989389532792186,0.18272421597336985,0.5408315846262942,0.011590132640392714,1,0,0.7704157923131472,0.005795066320196357,1,0,1,0
P02,V2_video1_normal,normal,815,27.172488095238094,1,0.039468850601907246,0.05045185129508599,0.028485849908728496,0.1621161241091143,0.19111111111111112,1.0,0.8222392644816164,0.16908159229030695,0.4956604283859617,0.0017825925237699646,1,0,0.7478302141929809,0.0008912962618849823,1,0,1,0
P02,V2_video1_normal,normal,816,27.205828571428572,1,0.038071132616041635,0.04565939625627898,0.030482868975804284,0.16166697109436814,0.19111111111111112,1.0,0.46826085222043357,0.28560863333427944,0.3769347427773565,0.005725353033206084,1,0,0.6884673713886782,0.002862676516603042,1,0,1,0
P02,V2_video1_normal,normal,817,27.239169047619047,1,0.04318913310128916,0.05073663456444032,0.035641631638138,0.1627019303555682,0.19111111111111112,1.0,0.6178104537425182,0.28196278095502947,0.44988661734877383,0.005100766788128741,1,1,0.7249433086743869,0.5025503833940643,1,1,1,0
P02,V2_video1_normal,normal,818,27.27250952380952,1,0.04569772848818785,0.05417534246404437,0.037220114512331336,0.16196659492465343,0.19111111111111112,1.0,0.41799281075460737,0.4309175834687796,0.4244551971116935,0.0012278482517219256,1,0,0.7122275985558467,0.0006139241258609628,1,0,1,0
P02,V2_video1_normal,normal,819,27.30585,1,0.040897022594597626,0.048008999106537144,0.0337850460826581,0.162270855561104,0.19333333333333333,1.0,0.43077836481606113,0.4309175834687796,0.4308479741424204,0.005293075448442942,1,0,0.7154239870712102,0.002646537724221471,1,0,1,0
P02,V2_video1_normal,normal,820,27.339190476190474,1,0.04659974323868614,0.05622457698594811,0.036974909491424165,0.16222259937030226,0.19555555555555557,1.0,0.45376016338672165,0.5835909821664128,0.5186755727765673,0.004411853482471878,1,0,0.7593377863882836,0.002205926741235939,1,0,1,0
P02,V2_video1_normal,normal,821,27.372530952380952,1,0.048324667106314945,0.05847167060287085,0.03817766360975905,0.16248576758612515,0.19777777777777777,1.0,0.3629668350295019,0.5186554018068541,0.440811118418178,0.0027225125881243425,1,1,0.720405559209089,0.5013612562940621,1,1,1,0
P02,V2_video1_normal,normal,822,27.405871428571427,1,0.04827806402458486,0.05456981446680982,0.041986313582359894,0.16195457450612705,0.2,1.0,0.6916123913292678,0.42706317419523365,0.5593377827622508,0.004013595269035336,1,0,0.7796688913811254,0.002006797634517668,1,0,1,0
P02,V2_video1_normal,normal,823,27.439211904761905,1,0.05111760512931661,0.05827685700987629,0.04395835324875694,0.16141642432055034,0.20222222222222222,1.0,0.4810244648765961,0.24343865442785417,0.36223155965222514,0.0005688819027599648,1,0,0.6811157798261126,0.0002844409513799824,1,0,1,0
P02,V2_video1_normal,normal,824,27.47255238095238,1,0.05404801973644055,0.05901387410051884,0.04908216537236226,0.16292614774923306,0.20444444444444446,1.0,0.48005421014992233,0.4139591749989099,0.4470066925744161,0.0030326810710662516,1,1,0.723503346287208,0.5015163405355332,1,1,1,0
P02,V2_video1_normal,normal,825,27.505892857142857,1,0.05079548351058231,0.05496696023932793,0.04662400678183669,0.1631511235780489,0.20666666666666667,1.0,0.6229269772630313,0.3321581211075123,0.4775425491852718,0.0018606014074730145,1,1,0.7387712745926359,0.5009303007037365,1,1,1,0
P02,V2_video1_normal,normal,826,27.539233333333332,1,0.050688109931651265,0.0497802966517201,0.05159592321158242,0.1632841714492716,0.2088888888888889,1.0,0.560956931045685,0.386279200759299,0.473618065902492,0.0031508311062019684,1,1,0.736809032951246,0.501575415553101,1,1,1,0
P02,V2_video1_normal,normal,827,27.57257380952381,1,0.04987415913346241,0.04503797801631598,0.05471034025060883,0.16332307937200938,0.2111111111111111,1.0,0.533444956872315,0.34779038260503925,0.4406176697386771,0.0009213085300877918,1,1,0.7203088348693385,0.5004606542650439,1,1,1,0
P02,V2_video1_normal,normal,828,27.605914285714285,1,0.049446608550690094,0.04275244009635315,0.05614077700502704,0.16352549404418737,0.21333333333333335,1.0,0.46799717156080245,0.260604751011826,0.36430096128631423,0.0020162371826149797,1,1,0.6821504806431571,0.5010081185913074,1,1,1,0
P02,V2_video1_normal,normal,829,27.639254761904763,1,0.05255209116580737,0.045905742303288255,0.059198440028326485,0.16375733092334677,0.21555555555555556,1.0,0.41968562195928805,0.21050195876536448,0.31509379036232626,0.0009612742603947983,1,1,0.6575468951811632,0.5004806371301974,1,1,1,0
P02,V2_video1_normal,normal,830,27.672595238095237,1,0.054275356040578364,0.04780619014297151,0.06074452193818522,0.16384811402125313,0.21777777777777776,1.0,0.4008106677158587,0.2243843412894535,0.3125975045026561,0.0010758440479963728,1,1,0.656298752251328,0.5005379220239982,1,1,1,0
P02,V2_video1_normal,normal,831,27.705935714285715,1,0.05310326223137515,0.04540744526936967,0.060799079193380644,0.16387950157170972,0.22,1.0,0.40506895206256155,0.22165985819608447,0.313364405129323,0.004454302736115496,1,1,0.6566822025646615,0.5022271513680577,1,1,1,0
P02,V2_video1_normal,normal,832,27.73927619047619,1,0.05318851119268385,0.04887096389663788,0.05750605848872982,0.163534314334871,0.2222222222222222,1.0,0.15768993067078696,0.3830629502312213,0.2703764404510041,0.0035987899911013015,1,1,0.635188220225502,0.5017993949955506,1,1,1,0
P02,V2_video1_normal,normal,833,27.772616666666664,1,0.04886099884691494,0.044790959441991525,0.05293103825183835,0.16313749034808783,0.22444444444444445,1.0,0.375713484586801,0.33401619483853606,0.3548648397126685,0.0027161166997891244,1,1,0.6774324198563343,0.5013580583498946,1,1,1,0
P02,V2_video1_normal,normal,834,27.805957142857142,1,0.057146592205207736,0.05449187058240846,0.059801313828007005,0.16292914257038632,0.22666666666666666,1.0,0.6548084011009387,0.6998102431755077,0.6773093221382231,0.00441580538434411,1,1,0.8386546610691116,0.5022079026921721,1,1,1,0
P02,V2_video1_normal,normal,835,27.839297619047617,1,0.05316638178926878,0.04958192829271596,0.0567508352858216,0.16284452503062924,0.2288888888888889,1.0,0.525214499374214,0.5751140253288682,0.5501642623515411,0.004074175591179124,1,1,0.7750821311757705,0.5020370877955895,1,1,1,0
P02,V2_video1_normal,normal,836,27.872638095238095,1,0.05226306558487221,0.046806709251358485,0.05771942191838594,0.16241507323617654,0.2311111111111111,1.0,0.7574695909157887,0.5459522323046102,0.6517109116101995,0.004074175591179124,1,1,0.8258554558050997,0.5020370877955895,1,1,1,0
P02,V2_video1_normal,normal,837,27.90597857142857,1,0.05159483206840146,0.046494006948333985,0.056695657188468924,0.16278157098213009,0.23333333333333334,1.0,0.5547271099012687,0.5187168167271845,0.5367219633142266,0.003032885800701314,1,1,0.7683609816571133,0.5015164429003507,1,1,1,0
P02,V2_video1_normal,normal,838,27.939319047619048,1,0.04986614411735894,0.04482854409610935,0.054903744138608546,0.16262898799341866,0.23555555555555555,1.0,0.7503383010355374,0.6127596860395397,0.6815489935375385,0.0036229486917216214,1,1,0.8407744967687693,0.5018114743458608,1,1,1,0
P02,V2_video1_normal,normal,839,27.972659523809522,1,0.053962689983867454,0.04853124544937849,0.059394134518356415,0.16256028949163326,0.23777777777777778,1.0,0.5637086570304296,0.3957643828819828,0.4797365199562062,0.00529283192817456,1,1,0.7398682599781031,0.5026464159640873,1,1,1,0
P02,V2_video1_normal,normal,840,28.006,1,0.05376478356869255,0.04921515895113181,0.05831440818625329,0.1624688926201238,0.24,1.0,0.8278505796754769,0.5939965993356537,0.7109235895055653,0.00361401581945388,1,1,0.8554617947527827,0.501807007909727,1,1,1,0
P02,V2_video1_normal,normal,841,28.039340476190475,1,0.05292612218914776,0.047510918346661914,0.05834132603163361,0.16294671495691662,0.24222222222222223,1.0,0.7682057750401556,0.5084660939075667,0.6383359344738612,0.0025388604093495616,1,1,0.8191679672369305,0.5012694302046747,1,1,1,0
P02,V2_video1_normal,normal,842,28.072680952380953,1,0.05438872216493877,0.04748818401771567,0.06128926031216187,0.16282163634628743,0.24444444444444444,1.0,0.8436288261603326,0.6180092488217721,0.7308190374910524,0.0026541258846144865,1,1,0.8654095187455262,0.5013270629423072,1,1,1,0
P02,V2_video1_normal,normal,843,28.106021428571427,1,0.05413064894428059,0.047981515283191375,0.06027978260536981,0.16250977161141283,0.24666666666666667,1.0,0.7829121563458056,0.7792280303280711,0.7810700933369383,0.004993337880770787,1,1,0.8905350466684692,0.5024966689403854,1,1,1,0
P02,V2_video1_normal,normal,844,28.139361904761905,1,0.04941988633350649,0.042147613930006246,0.05669215873700673,0.16281821952210837,0.24888888888888888,1.0,0.6211487564203237,0.5390301772871645,0.5800894668537442,0.005253565802369935,1,1,0.7900447334268721,0.502626782901185,1,1,1,0
P02,V2_video1_normal,normal,845,28.17270238095238,1,0.05574858617498528,0.051474325656905275,0.06002284669306528,0.1623549907385712,0.2511111111111111,1.0,0.5157283937761699,0.3049802934494231,0.4103543436127965,0.023598904299883386,1,0,0.7051771718063983,0.011799452149941693,1,0,1,0
P02,V2_video1_normal,normal,846,28.206042857142858,1,0.039775566619638554,0.03372455868547226,0.04582657455380485,0.16195513797909317,0.25333333333333335,1.0,0.4838197867032671,0.3647281431722552,0.42427396493776115,0.012703436510588922,1,0,0.7121369824688806,0.006351718255294461,1,0,1,0
P02,V2_video1_normal,normal,847,28.239383333333333,1,0.04016709010851839,0.03426925509914653,0.04606492511789026,0.16130738885516072,0.25555555555555554,1.0,0.5095974487181139,0.3560669854462396,0.43283221708217673,0.008461126564315963,1,0,0.7164161085410884,0.0042305632821579816,1,0,1,0
P02,V2_video1_normal,normal,848,28.272723809523807,1,0.0428240016273195,0.03619728293605505,0.04945072031858396,0.16144684761494837,0.2577777777777778,1.0,0.5349138926778783,0.22202264226685253,0.3784682674723654,0.004488977021601914,1,0,0.6892341337361827,0.002244488510800957,1,0,1,0
P02,V2_video1_normal,normal,849,28.306064285714285,1,0.0468492628646683,0.03788866620798514,0.055809859521351465,0.16190584023288251,0.26,1.0,0.44701399140551024,0.1761407220978759,0.31157735675169307,0.005080297289947514,1,0,0.6557886783758465,0.002540148644973757,1,0,1,0
P02,V2_video1_normal,normal,850,28.33940476190476,1,0.04739127048402575,0.04275255056574004,0.05202999040231145,0.1614246533324509,0.26222222222222225,1.0,0.530916716020033,0.2094511064821849,0.37018391125110894,0.005189646405377677,1,0,0.6850919556255545,0.0025948232026888384,1,0,1,0
P02,V2_video1_normal,normal,851,28.372745238095238,1,0.041464976381359125,0.035656215887413856,0.04727373687530439,0.16120512640400717,0.2644444444444444,1.0,0.6594595195036138,0.29414358636189586,0.47680155293275484,0.004917052815626007,1,0,0.7384007764663774,0.0024585264078130034,1,0,1,0
P02,V2_video1_normal,normal,852,28.406085714285712,1,0.05111967769942496,0.04937615759437524,0.052863197804474675,0.16078270129205435,0.26666666666666666,1.0,0.8633802910190752,0.16205899654187594,0.5127196437804755,0.006715882498947398,1,0,0.7563598218902378,0.003357941249473699,1,0,1,0
P02,V2_video1_normal,normal,853,28.43942619047619,1,0.049036426435235855,0.04289380728124428,0.05517904558922743,0.1605951972480069,0.2688888888888889,1.0,0.8437591975595852,0.18899172353388105,0.5163754605467331,0.005136271895766331,1,0,0.7581877302733666,0.0025681359478831657,1,0,1,0
P02,V2_video1_normal,normal,854,28.472766666666665,1,0.0516191935972383,0.04829925530689775,0.05493913188757885,0.16130138098107566,0.27111111111111114,1.0,0.7939864271188819,0.08710327196264989,0.4405448495407659,0.008294339514915783,1,0,0.7202724247703829,0.004147169757457892,1,0,1,0
P02,V2_video1_normal,normal,855,28.506107142857143,1,0.04926029406431328,0.047394339125205805,0.051126249003420755,0.16116643500448277,0.2733333333333333,1.0,0.8748424691240358,0.1496639265862436,0.5122531978551397,0.005503325791387072,1,0,0.7561265989275698,0.002751662895693536,1,0,1,0
P02,V2_video1_normal,normal,856,28.539447619047618,1,0.046184367011278024,0.04240179467630262,0.04996693934625343,0.16079525092583596,0.27555555555555555,1.0,0.42343343298315184,0.23543465609844727,0.32943404454079955,0.01827169269693607,1,0,0.6647170222703997,0.009135846348468035,1,0,1,0
P02,V2_video1_normal,normal,857,28.572788095238096,1,0.05088077362250776,0.04922819566424416,0.05253335158077136,0.16090229888690888,0.2777777777777778,1.0,0.6996971117986486,0.19106603492855878,0.4453815733636037,0.00970507085030373,1,0,0.7226907866818019,0.004852535425151865,1,0,1,0
P02,V2_video1_normal,normal,858,28.60612857142857,1,0.056630941119430345,0.052594306225304706,0.06066757601355599,0.1605719672473524,0.28,1.0,0.48663573962551765,0.0891977978580697,0.28791676874179367,0.002542887145675751,1,0,0.6439583843708968,0.0012714435728378756,1,0,1,0
P02,V2_video1_normal,normal,859,28.63946904761905,1,0.06099034377220708,0.053660056828933385,0.06832063071548078,0.16034074948294036,0.2822222222222222,1.0,0.4933490355021609,0.1225696793394152,0.30795935742078806,0.008245224814232361,1,0,0.653979678710394,0.0041226124071161805,1,0,1,0
P02,V2_video1_normal,normal,860,28.672809523809523,1,0.06213959832962269,0.05564801150814715,0.06863118515109823,0.16073237679712843,0.28444444444444444,1.0,0.5967554000164081,0.09274927094657892,0.34475233548149353,0.008305368287270848,1,0,0.6723761677407467,0.004152684143635424,1,0,1,0
P02,V2_video1_normal,normal,861,28.70615,1,0.0620454855083277,0.05708765344498705,0.06700331757166834,0.16057612435504579,0.2866666666666667,1.0,0.22106851117135995,0.13309661367923153,0.17708256242529574,0.004215660018885438,1,0,0.5885412812126478,0.002107830009442719,1,0,1,0
P02,V2_video1_normal,normal,862,28.739490476190475,1,0.062424541151542515,0.05900046557739415,0.06584861672569088,0.1601450276696619,0.28888888888888886,1.0,0.46545970134806314,0.14057246158766878,0.30301608146786596,0.002056104116909975,1,0,0.651508040733933,0.0010280520584549876,1,0,1,0
P02,V2_video1_normal,normal,863,28.77283095238095,1,0.06761778015578057,0.06703453842789173,0.0682010218836694,0.1596549036105177,0.2911111111111111,1.0,0.7480767630402265,0.09950498776176286,0.4237908754009947,0.004773801681177225,1,0,0.7118954377004973,0.0023869008405886126,1,0,1,0
P02,V2_video1_normal,normal,864,28.806171428571428,1,0.05842082329425825,0.05786664622155264,0.058975000366963876,0.15996251168661488,0.29333333333333333,1.0,0.8986774147945328,0.07905649586440433,0.48886695532946856,0.00405570328992781,1,0,0.7444334776647343,0.002027851644963905,1,0,1,0
P02,V2_video1_normal,normal,865,28.839511904761903,1,0.057505584459417385,0.056974599497581116,0.05803656942125365,0.15959522853109748,0.29555555555555557,1.0,0.581020914267121,0.07428612924570521,0.3276535217564131,0.007263486046600119,1,0,0.6638267608782066,0.0036317430233000596,1,0,1,0
P02,V2_video1_normal,normal,866,28.87285238095238,1,0.051919448664029595,0.05092091473900232,0.05291798258905687,0.16015762736902997,0.29777777777777775,1.0,0.8650110025835609,0.12044866696508272,0.4927298347743218,0.0035670888997591426,1,0,0.7463649173871609,0.0017835444498795713,1,0,1,0
P02,V2_video1_normal,normal,867,28.906192857142855,1,0.056807477003145826,0.05825467333091497,0.05536028067537668,0.15978029475974856,0.3,1.0,0.7642009588909904,0.05806457290760114,0.41113276589929576,0.006174353011142759,1,0,0.7055663829496479,0.0030871765055713795,1,0,1,0
P02,V2_video1_normal,normal,868,28.939533333333333,1,0.05732414236506246,0.05867083486342825,0.055977449866696664,0.1598420090618607,0.3022222222222222,1.0,0.7638979816582052,0.20820508510316316,0.4860515333806842,0.0029938605877682877,1,0,0.7430257666903421,0.0014969302938841438,1,0,1,0
P02,V2_video1_normal,normal,869,28.972873809523808,1,0.06369435147626934,0.06707863575643837,0.060310067196100325,0.15999952624172992,0.30444444444444446,1.0,0.6332213646158444,0.2563917783678247,0.44480657149183456,0.0034844241010430345,1,0,0.7224032857459173,0.0017422120505215172,1,0,1,0
P02,V2_video1_normal,normal,870,29.006214285714286,1,0.04887181720288862,0.052375654806547246,0.04536797959923,0.1613667287155161,0.30666666666666664,1.0,0.8542697670889094,0.18952162234595016,0.5218956947174298,0.00858602942005796,1,0,0.7609478473587149,0.00429301471002898,1,0,1,0
P02,V2_video1_normal,normal,871,29.03955476190476,1,0.04635999500575265,0.04825905109281375,0.044460938918691545,0.16131969095903934,0.3088888888888889,1.0,0.8840880086050174,0.21415695987604344,0.5491224842405305,0.007354792313449663,1,0,0.7745612421202652,0.0036773961567248313,1,0,1,0
P02,V2_video1_normal,normal,872,29.07289523809524,1,0.04754561233271956,0.04823733998095859,0.046853884684480526,0.16144539039368047,0.3111111111111111,1.0,0.9416688679371616,0.09893374735135407,0.5203013076442579,0.0071222177386508646,1,0,0.760150653822129,0.0035611088693254323,1,0,1,0
P02,V2_video1_normal,normal,873,29.106235714285713,1,0.047032779819142764,0.05074110057939512,0.0433244590588904,0.16159064323750597,0.31333333333333335,1.0,0.8462567127894896,0.2581255063335699,0.5521911095615297,0.005840171118430799,1,0,0.7760955547807649,0.0029200855592153995,1,0,1,0
P02,V2_video1_normal,normal,874,29.13957619047619,1,0.04495412599734179,0.05021214946219083,0.03969610253249275,0.16194874867789455,0.31555555555555553,1.0,0.6755561189727792,0.2912382253643544,0.4833971721685668,0.002782778199075019,1,0,0.7416985860842834,0.0013913890995375096,1,0,1,0
P02,V2_video1_normal,normal,875,29.172916666666666,1,0.04458621812275567,0.0483080330107486,0.040864403234762744,0.16187327339613425,0.31777777777777777,1.0,0.848235311022663,0.4394293943923939,0.6438323527075285,0.005969684175810689,1,0,0.8219161763537642,0.0029848420879053446,1,0,1,0
P02,V2_video1_normal,normal,876,29.206257142857144,1,0.04714313100903983,0.05162473416356064,0.04266152785451901,0.16213100405044348,0.32,1.0,0.798003674760795,0.33823121301835724,0.5681174438895762,0.007031324254192666,1,0,0.7840587219447881,0.003515662127096333,1,0,1,0
P02,V2_video1_normal,normal,877,29.23959761904762,1,0.04737902727940354,0.05328832345118082,0.04146973110762626,0.16176514175043324,0.32222222222222224,1.0,0.9448534352559836,0.6612915489613507,0.8030724921086672,0.0072248793936554295,1,0,0.9015362460543336,0.0036124396968277147,1,0,1,0
P02,V2_video1_normal,normal,878,29.272938095238093,1,0.041905249995896274,0.0496390984504139,0.03417140154137864,0.16031595166057366,0.3244444444444444,1.0,0.8537521489618023,0.5394404755356679,0.6965963122487351,0.0010865838857636628,1,0,0.8482981561243675,0.0005432919428818314,1,0,1,0
P02,V2_video1_normal,normal,879,29.30627857142857,1,0.04244361636374479,0.04901429797768215,0.03587293474980742,0.1609466690599148,0.32666666666666666,1.0,0.9133069402464505,0.6479271542112712,0.7806170472288609,0.0017223638102816046,1,0,0.8903085236144305,0.0008611819051408023,1,0,1,0
P02,V2_video1_normal,normal,880,29.339619047619045,1,0.0379529823837733,0.04202179478741623,0.03388416998013037,0.16092917110859986,0.3288888888888889,1.0,0.8978431267085352,0.5260063278382783,0.7119247272734067,0.008321021869032405,1,0,0.8559623636367033,0.004160510934516202,1,0,1,0
P02,V2_video1_normal,normal,881,29.372959523809524,1,0.04601049425868,0.04462205664358832,0.04739893187377168,0.16155862780819993,0.33111111111111113,1.0,0.9539167792442987,0.5538171639393791,0.7538669715918389,0.0047848948498744005,1,0,0.8769334857959195,0.0023924474249372002,1,0,1,0
P02,V2_video1_normal,normal,882,29.406299999999998,1,0.0428098587342222,0.03929582554586474,0.04632389192257966,0.16184718764344047,0.3333333333333333,1.0,0.9722325636249769,0.18961244289276458,0.5809225032588707,0.0059069206066547555,1,0,0.7904612516294354,0.0029534603033273777,1,0,1,0
P02,V2_video1_normal,normal,883,29.439640476190476,1,0.044326832313978756,0.04073094622874406,0.04792271839921345,0.16170638745006266,0.33555555555555555,1.0,0.7040572924874264,0.22889368558837875,0.4664754890379026,0.012018493895954718,1,0,0.7332377445189513,0.006009246947977359,1,0,1,0
P02,V2_video1_normal,normal,884,29.47298095238095,1,0.044194137530078476,0.038594203396768396,0.04979407166338856,0.16205223046131276,0.33555555555555555,1.0,0.9376632088872118,0.28108019344829005,0.6093717011677509,0.0035327642553159406,1,0,0.8046858505838754,0.0017663821276579703,1,0,1,0
P02,V2_video1_normal,normal,885,29.50632142857143,1,0.05139843448809622,0.044943447781654766,0.05785342119453768,0.16200321137678145,0.3377777777777778,1.0,0.8688671890111144,0.23545622236292152,0.552161705687018,0.00807908527705914,1,0,0.776080852843509,0.00403954263852957,1,0,1,0
P02,V2_video1_normal,normal,886,29.539661904761903,1,0.04980745576939666,0.043622073661834536,0.05599283787695877,0.16194913559071575,0.34,1.0,0.9044646256113631,0.22053945827552568,0.5625020419434443,0.00965803140139744,1,0,0.7812510209717222,0.00482901570069872,1,0,1,0
P02,V2_video1_normal,normal,887,29.57300238095238,1,0.05044129894073987,0.04969411905984914,0.05118847882163059,0.16171849123368723,0.3422222222222222,1.0,0.9680492562977878,0.19863825149284597,0.5833437538953169,0.009339089071908922,1,0,0.7916718769476585,0.004669544535954461,1,0,1,0
P02,V2_video1_normal,normal,888,29.606342857142856,1,0.04412524933191612,0.04071107532071853,0.04753942334311371,0.16166841919008357,0.34444444444444444,1.0,0.943029980236223,0.2618633547242797,0.6024466674802513,0.0070828440296457715,1,0,0.8012233337401257,0.0035414220148228858,1,0,1,0
P02,V2_video1_normal,normal,889,29.639683333333334,1,0.04582241880774879,0.046971015196294735,0.044673822419202834,0.16176208594149905,0.3466666666666667,1.0,0.8980194223914947,0.23158227658310293,0.5648008494872988,0.007336055615425095,1,0,0.7824004247436493,0.0036680278077125474,1,0,1,0
P02,V2_video1_normal,normal,890,29.67302380952381,1,0.04273018579846639,0.04429906468986635,0.041161306907066424,0.16097541202710391,0.3488888888888889,1.0,0.9528861618365942,0.21726738855634553,0.5850767751964698,0.021144620840831307,1,0,0.7925383875982349,0.010572310420415653,1,0,1,0
P02,V2_video1_normal,normal,891,29.706364285714287,1,0.03858665004448923,0.037370235576314796,0.039803064512663675,0.1609385037735203,0.3511111111111111,1.0,0.9130538765530981,0.1987172977982804,0.5558855871756893,0.014614852898535374,1,0,0.7779427935878447,0.007307426449267687,1,0,1,0
P02,V2_video1_normal,normal,892,29.73970476190476,1,0.04749741965417899,0.046351981720361306,0.04864285758799666,0.16125722862792033,0.35333333333333333,1.0,0.9759689250839334,0.22953514992039947,0.6027520375021664,0.01378200028789711,1,0,0.8013760187510832,0.006891000143948555,1,0,1,0
P02,V2_video1_normal,normal,893,29.773045238095236,1,0.0464665093182052,0.04252277932487729,0.05041023931153311,0.16141898718177897,0.35555555555555557,1.0,0.97557510341664,0.1427060251428992,0.5591405642797695,0.013762440769302095,1,0,0.7795702821398848,0.0068812203846510475,1,0,1,0
P02,V2_video1_normal,normal,894,29.806385714285714,1,0.04390402418827606,0.04221087062965451,0.04559717774689762,0.1613624858915218,0.35777777777777775,1.0,0.9685671185433453,0.396764404554505,0.6826657615489251,0.011451337741108335,1,0,0.8413328807744626,0.0057256688705541675,1,0,1,0
P02,V2_video1_normal,normal,895,29.83972619047619,1,0.04683222700209769,0.043308588256147106,0.050355865748048276,0.1610891071319505,0.36,1.0,0.9875211053123487,0.26168205410920753,0.6246015797107781,0.012318619517346235,1,0,0.8123007898553891,0.006159309758673117,1,0,1,0
P02,V2_video1_normal,normal,896,29.873066666666666,1,0.04771433324584395,0.04102593890808782,0.054402727583600076,0.16122810483858957,0.3622222222222222,1.0,0.9817098698200349,0.3551414792584936,0.6684256745392643,0.008194592376699223,1,0,0.8342128372696321,0.004097296188349611,1,0,1,0
P02,V2_video1_normal,normal,897,29.90640714285714,1,0.04449448367009123,0.03673077515004987,0.052258192190132585,0.16041168288334903,0.36444444444444446,1.0,0.9737565034173828,0.12620138851474738,0.5499789459660651,0.011899947036087124,1,0,0.7749894729830326,0.005949973518043562,1,0,1,0
P02,V2_video1_normal,normal,898,29.93974761904762,1,0.04710188277486817,0.039099847509648025,0.0551039180400883,0.16050424330108543,0.36666666666666664,1.0,0.9737565034173828,0.4463792420216317,0.7100678727195073,0.014437888585596787,1,0,0.8550339363597537,0.007218944292798394,1,0,1,0
P02,V2_video1_normal,normal,899,29.973088095238094,1,0.04695769197518419,0.04431330844403015,0.04960207550633823,0.16013345606300575,0.3688888888888889,1.0,0.9397098683307289,0.416555899870376,0.6781328841005525,0.005827714808113984,1,0,0.8390664420502763,0.002913857404056992,1,0,1,0
P02,V2_video1_normal,normal,900,30.00642857142857,1,0.046133991314466105,0.04308292556961066,0.049185057059321545,0.1604030408307888,0.3711111111111111,1.0,0.9125230982068894,0.5880987833459493,0.7503109407764194,0.014540456990648942,1,0,0.8751554703882096,0.007270228495324471,1,0,1,0
P02,V2_video1_normal,normal,901,30.039769047619046,1,0.04637662350712647,0.043408309688157724,0.049344937326095226,0.16083594044570995,0.37333333333333335,1.0,0.9507702431321351,0.48026071996859176,0.7155154815503635,0.00446783491684649,1,0,0.8577577407751817,0.002233917458423245,1,0,1,0
P02,V2_video1_normal,normal,902,30.073109523809524,1,0.055274085196408584,0.05323462887852769,0.05731354151428949,0.1606397476647396,0.37555555555555553,1.0,0.9863701156121129,0.2520967809974758,0.6192334483047943,0.00797777261776822,1,0,0.8096167241523972,0.00398888630888411,1,0,1,0
P02,V2_video1_normal,normal,903,30.10645,1,0.048548925351022364,0.046216359723219,0.05088149097882573,0.1606534660327346,0.37777777777777777,1.0,0.931429683930719,0.22166185318143983,0.5765457685560794,0.008781275146847605,1,0,0.7882728842780398,0.0043906375734238026,1,0,1,0
P02,V2_video1_normal,normal,904,30.139790476190477,1,0.048553499572011646,0.04536088365876404,0.051746115485259245,0.16001090986651095,0.37777777777777777,1.0,0.9636502023218239,0.33368469544391743,0.6486674488828706,0.007165766615846015,1,0,0.8243337244414353,0.0035828833079230077,1,0,1,0
P02,V2_video1_normal,normal,905,30.17313095238095,1,0.05152686349135581,0.048333972549879305,0.05471975443283231,0.16049800992787516,0.37777777777777777,1.0,0.9866781620570793,0.588285518807566,0.7874818404323226,0.007290571745093035,1,0,0.8937409202161612,0.0036452858725465175,1,0,1,0
P02,V2_video1_normal,normal,906,30.20647142857143,1,0.04901224311549399,0.04386234317725471,0.05416214305373328,0.16018202998918935,0.37777777777777777,1.0,0.9580323370262808,0.3057033253903584,0.6318678312083196,0.008033020525211399,1,0,0.8159339156041598,0.004016510262605699,1,0,1,0
P02,V2_video1_normal,normal,907,30.239811904761904,1,0.05385007883136586,0.05315107078586469,0.054549086876867034,0.15941954297318434,0.37777777777777777,1.0,0.9032500866318767,0.2910964724338482,0.5971732795328624,0.007167666620547559,1,0,0.7985866397664312,0.0035838333102737796,1,0,1,0
P02,V2_video1_normal,normal,908,30.27315238095238,1,0.04702765250935746,0.04525368332575222,0.04880162169296271,0.15871906264357696,0.37777777777777777,1.0,0.9514877337736211,0.2011626299071868,0.5763251818404039,0.0038489520496079468,1,0,0.7881625909202019,0.0019244760248039734,1,0,1,0
P02,V2_video1_normal,normal,909,30.306492857142857,1,0.060534925976457904,0.06087756305414498,0.06019228889877083,0.15878632562577813,0.37777777777777777,1.0,0.9314008223449296,0.453269174420448,0.6923349983826887,0.0033779156142815145,1,0,0.8461674991913444,0.0016889578071407573,1,0,1,0
P02,V2_video1_normal,normal,910,30.33983333333333,1,0.06464620877748006,0.06139775192212788,0.06789466563283224,0.15886547411851643,0.37777777777777777,1.0,0.9502847947763251,0.5555777481023731,0.7529312714393491,0.00379434933774839,1,0,0.8764656357196745,0.001897174668874195,1,0,1,0
P02,V2_video1_normal,normal,911,30.37317380952381,1,0.058939399960112784,0.05984914318674653,0.05802965673347903,0.15809404200509578,0.37777777777777777,1.0,0.7407941183851364,0.45258002010960974,0.5966870692473731,0.009895110785823308,1,0,0.7983435346236866,0.004947555392911654,1,0,1,0
P02,V2_video1_normal,normal,912,30.406514285714284,1,0.06192768451145249,0.06366143023359264,0.06019393878931235,0.15792256323767795,0.37777777777777777,1.0,0.9198453053472334,0.6256937666798392,0.7727695360135363,0.004721393244296999,1,0,0.8863847680067681,0.0023606966221484996,1,0,1,0
P02,V2_video1_normal,normal,913,30.439854761904762,1,0.06135811842567879,0.058958284325374526,0.06375795252598306,0.15881306910537196,0.37777777777777777,1.0,0.7801134897399897,0.46903720788257475,0.6245753488112822,0.015856444543166735,1,0,0.8122876744056411,0.007928222271583367,1,0,1,0
P02,V2_video1_normal,normal,914,30.473195238095236,1,0.05322275087514666,0.051777331207352076,0.05466817054294124,0.1587964482362166,0.37777777777777777,1.0,0.5792098457786687,0.3827825769552252,0.480996211366947,0.004863171708845942,1,0,0.7404981056834735,0.002431585854422971,1,0,1,0
P02,V2_video1_normal,normal,915,30.506535714285715,1,0.05316933011021986,0.05117716333621855,0.05516149688422118,0.15862010467828408,0.37777777777777777,1.0,0.8057106151155277,0.5503612226987948,0.6780359189071612,0.0037721812294192188,1,0,0.8390179594535806,0.0018860906147096094,1,0,1,0
P02,V2_video1_normal,normal,916,30.53987619047619,1,0.05103307047467384,0.046971994441687974,0.055094146507659716,0.15857123574087473,0.37777777777777777,1.0,0.909093906699277,0.5730308758830065,0.7410623912911418,0.013680653604318726,1,0,0.8705311956455709,0.006840326802159363,1,0,1,0
P02,V2_video1_normal,normal,917,30.573216666666667,1,0.043287167867711966,0.041675343771459185,0.04489899196396475,0.15841412357958948,0.37777777777777777,1.0,0.4866986522653216,0.4794790449308718,0.4830888485980967,0.010044475783088602,1,0,0.7415444242990483,0.005022237891544301,1,0,1,0
P02,V2_video1_normal,normal,918,30.60655714285714,1,0.05430792987041718,0.05334975180386466,0.0552661079369697,0.158750373493999,0.37777777777777777,1.0,0.47432266544465873,0.261788267548268,0.36805546649646337,0.006109465314347254,1,0,0.6840277332482316,0.003054732657173627,1,0,1,0
P02,V2_video1_normal,normal,919,30.63989761904762,1,0.049399013871364084,0.046042063424736136,0.05275596431799203,0.15894295073766745,0.37777777777777777,1.0,0.5337171375204446,0.40844773817623015,0.47108243784833737,0.0033756208484656816,1,0,0.7355412189241687,0.0016878104242328408,1,0,1,0
P02,V2_video1_normal,normal,920,30.673238095238094,1,0.052682908760223246,0.050223704903126824,0.05514211261731966,0.15847476441662672,0.37777777777777777,1.0,0.7998604415568453,0.36655048611678365,0.5832054638368145,0.005643270285926507,1,0,0.7916027319184072,0.0028216351429632535,1,0,1,0
P02,V2_video1_normal,normal,921,30.706578571428572,1,0.05399768058525966,0.05217106340763508,0.05582429776288424,0.15858880729234148,0.37777777777777777,1.0,0.6017310895107335,0.3440879576561785,0.472909523583456,0.010178291698827856,1,0,0.736454761791728,0.005089145849413928,1,0,1,0
P02,V2_video1_normal,normal,922,30.739919047619047,1,0.05751687195910248,0.05302490066464535,0.06200884325355961,0.15812698067774095,0.37777777777777777,1.0,0.7520438518769902,0.3398906302487048,0.5459672410628476,0.008369412777371327,1,0,0.7729836205314238,0.004184706388685663,1,0,1,0
P02,V2_video1_normal,normal,923,30.77325952380952,1,0.05100672784432996,0.04498329431304653,0.05703016137561339,0.15815779234847477,0.37777777777777777,1.0,0.7630129170942521,0.5365074615169503,0.6497601893056012,0.003295224405538754,1,0,0.8248800946528005,0.001647612202769377,1,0,1,0
P02,V2_video1_normal,normal,924,30.8066,1,0.05859470396095622,0.05285433050872844,0.064335077413184,0.15866069134032645,0.37777777777777777,1.0,0.8470116695517855,0.5614946201808242,0.7042531448663049,0.014933029554593536,1,0,0.8521265724331524,0.007466514777296768,1,0,1,0
P02,V2_video1_normal,normal,925,30.839940476190474,1,0.0649480562551085,0.06975052007966444,0.06014559243055255,0.1576413803214562,0.37777777777777777,1.0,0.7441041014072123,0.6791436447575845,0.7116238730823984,0.02411528516015453,1,0,0.8558119365411991,0.012057642580077264,1,0,1,0
P02,V2_video1_normal,normal,926,30.873280952380952,1,0.052228179948826337,0.05064132846705357,0.0538150314305991,0.158101036996101,0.37777777777777777,1.0,0.9285935113159207,0.7058342737344816,0.8172138925252012,0.004509368845540762,1,0,0.9086069462626005,0.002254684422770381,1,0,1,0
P02,V2_video1_normal,normal,927,30.906621428571427,1,0.06027895339856802,0.059302943274501696,0.061254963522634355,0.15843958484040113,0.37777777777777777,1.0,0.7288679596630128,0.7483861949954924,0.7386270773292526,0.014573283161957412,1,0,0.8693135386646262,0.007286641580978706,1,0,1,0
P02,V2_video1_normal,normal,928,30.939961904761905,1,0.05177834501080371,0.049177271116969734,0.05437941890463769,0.15892464874448692,0.37777777777777777,1.0,0.7223128777156375,0.6481240524650127,0.685218465090325,0.013367776826694088,1,0,0.8426092325451625,0.006683888413347044,1,0,1,0
P02,V2_video1_normal,normal,929,30.97330238095238,1,0.06579582181887858,0.06357276922085991,0.06801887441689723,0.15861065409701544,0.37777777777777777,1.0,0.7759541048871121,0.656186913898448,0.71607050939278,0.006792685027389281,1,0,0.8580352546963901,0.0033963425136946403,1,0,1,0
P02,V2_video1_normal,normal,930,31.006642857142857,1,0.05834991771906284,0.051663076712699665,0.06503675872542601,0.15887843294493625,0.37777777777777777,1.0,0.6364322672847738,0.5772187873618587,0.6068255273233163,0.003485618074282266,1,0,0.8034127636616581,0.001742809037141133,1,0,1,0
P02,V2_video1_normal,normal,931,31.039983333333332,1,0.06204097837722182,0.06526988829042225,0.05881206846402139,0.15843499595268037,0.37777777777777777,1.0,0.6897123207008927,0.7329161318060683,0.7113142262534805,0.0020797480096774626,1,0,0.8556571131267403,0.0010398740048387313,1,0,1,0
P02,V2_video1_normal,normal,932,31.07332380952381,1,0.071564005638665,0.0767561546101556,0.0663718566671744,0.15868071157791605,0.37777777777777777,1.0,0.9029690721471261,0.49537764247569593,0.699173357311411,0.002527341174674166,1,0,0.8495866786557055,0.001263670587337083,1,0,1,0
P02,V2_video1_normal,normal,933,31.106664285714285,1,0.06259423481308177,0.06705751826215745,0.058130951364006075,0.15889815564076917,0.37777777777777777,1.0,0.9567316992939461,0.9011484965483442,0.9289400979211451,0.002943718032229246,1,0,0.9644700489605725,0.001471859016114623,1,0,1,0
P02,V2_video1_normal,normal,934,31.140004761904763,1,0.046319271457887876,0.0518620798548499,0.040776463060925854,0.15841632315173487,0.38,1.0,0.954133308527336,0.7247133498706158,0.8394233291989759,0.0052115750715157625,1,0,0.9197116645994879,0.0026057875357578812,1,0,1,0
P02,V2_video1_normal,normal,935,31.173345238095237,1,0.05325688634322827,0.055471854766536904,0.05104191791991964,0.15841367557131847,0.38222222222222224,1.0,0.9596692543808811,0.7442558602209517,0.8519625573009164,0.008614289431864439,1,0,0.9259812786504582,0.0043071447159322195,1,0,1,0
P02,V2_video1_normal,normal,936,31.206685714285715,1,0.055053057807522926,0.06005541862729415,0.0500506969877517,0.15894715153090927,0.3844444444444444,1.0,0.987497107882343,0.49685641795001256,0.7421767629161777,0.009572600326211862,1,0,0.8710883814580889,0.004786300163105931,1,0,1,0
P02,V2_video1_normal,normal,937,31.24002619047619,1,0.05918642553162028,0.06268273547693874,0.055690115586301825,0.15866046305520584,0.38666666666666666,1.0,0.9863529564763875,0.61453666093471,0.8004448087055488,0.008146344726386671,1,0,0.9002224043527745,0.0040731723631933356,1,0,1,0
P02,V2_video1_normal,normal,938,31.273366666666664,1,0.05502119655725152,0.05868238264453254,0.0513600104699705,0.15877281660752002,0.3888888888888889,1.0,0.9932618370108705,0.4403056052633978,0.7167837211371342,0.012058573034338807,1,0,0.8583918605685671,0.006029286517169404,1,0,1,0
P02,V2_video1_normal,normal,939,31.306707142857142,1,0.05985366151212971,0.06367667385087844,0.05603064917338098,0.15883956333166024,0.39111111111111113,1.0,0.9867098645317113,0.6839298382907857,0.8353198514112485,0.023861753566183606,1,0,0.9176599257056243,0.011930876783091803,1,0,1,0
P02,V2_video1_normal,normal,940,31.340047619047617,1,0.05821295529299049,0.06478790242424298,0.051638008161738,0.15880264665052446,0.3933333333333333,1.0,0.9687536283920197,0.8213171910208158,0.8950354097064177,0.020155633127877555,1,0,0.9475177048532089,0.010077816563938777,1,0,1,0
P02,V2_video1_normal,normal,941,31.373388095238095,1,0.05049225724420333,0.05534851936521213,0.04563599512319453,0.15866734221582526,0.39555555555555555,1.0,0.8269531760419353,0.6796141975161482,0.7532836867790418,0.014625349470893733,1,0,0.8766418433895209,0.0073126747354468665,1,0,1,0
P02,V2_video1_normal,normal,942,31.40672857142857,1,0.044590578819708945,0.048303535529903775,0.040877622109514115,0.15840906053707954,0.3977777777777778,1.0,0.805576368991679,0.596586763159632,0.7010815660756555,0.009890902499271256,1,0,0.8505407830378278,0.004945451249635628,1,0,1,0
P02,V2_video1_normal,normal,943,31.440069047619048,1,0.04056853254548976,0.0445174726008614,0.036619592490118126,0.1584091066830588,0.4,1.0,0.9218083883895588,0.385689130166488,0.6537487592780233,0.006948883651119028,1,0,0.8268743796390117,0.003474441825559514,1,0,1,0
P02,V2_video1_normal,normal,944,31.473409523809522,1,0.04887744371865647,0.05172494026524245,0.046029947172070484,0.15871251314444143,0.4022222222222222,1.0,0.8325778574019278,0.583372515115157,0.7079751862585424,0.006524474128953464,1,0,0.8539875931292712,0.003262237064476732,1,0,1,0
P02,V2_video1_normal,normal,945,31.50675,1,0.04714522480605801,0.04672032070668169,0.047570128905434335,0.15830975291139396,0.40444444444444444,1.0,0.9241732697945028,0.7006722157797302,0.8124227427871165,0.008660366262652652,1,0,0.9062113713935582,0.004330183131326326,1,0,1,0
P02,V2_video1_normal,normal,946,31.540090476190475,1,0.05659065169246906,0.056350623073112505,0.05683068031182561,0.15851700543011785,0.4066666666666667,1.0,0.9175866703331822,0.6740612223027913,0.7958239463179868,0.013059459162803122,1,0,0.8979119731589934,0.006529729581401561,1,0,1,0
P02,V2_video1_normal,normal,947,31.573430952380953,1,0.05005227830207586,0.046615308836001804,0.05348924776814992,0.157590186402188,0.4088888888888889,1.0,0.9484060533201385,0.44864445451939206,0.6985252539197653,0.004335596330715639,1,0,0.8492626269598826,0.0021677981653578193,1,0,1,0
P02,V2_video1_normal,normal,948,31.606771428571427,1,0.05452771173351419,0.05051464820769105,0.05854077525933734,0.15767667893657702,0.4111111111111111,1.0,0.9433837887082345,0.6033398033011917,0.7733617960047131,0.009139095508061412,1,0,0.8866808980023566,0.004569547754030706,1,0,1,0
P02,V2_video1_normal,normal,949,31.640111904761905,1,0.04824565682634632,0.0473977626534969,0.04909355099919575,0.15821657769875264,0.41333333333333333,1.0,0.9789075791534192,0.5775289087275259,0.7782182439404726,0.007374986632606037,1,0,0.8891091219702363,0.0036874933163030185,1,0,1,0
P02,V2_video1_normal,normal,950,31.67345238095238,1,0.04692247404521959,0.04688083213903518,0.046964115951404,0.15811631920195054,0.41555555555555557,1.0,0.9763043078729795,0.4870633304570686,0.7316838191650241,0.006715220909211739,1,0,0.8658419095825121,0.0033576104546058695,1,0,1,0
P02,V2_video1_normal,normal,951,31.706792857142858,1,0.05496029770081583,0.06282454162951662,0.04709605377211503,0.15777158438322547,0.4177777777777778,1.0,0.9691788465824843,0.7629860573623539,0.8660824519724191,0.004561919719475637,1,0,0.9330412259862095,0.0022809598597378186,1,0,1,0
P02,V2_video1_normal,normal,952,31.740133333333333,1,0.0491839934589864,0.055177522037905644,0.04319046488006716,0.15766496316937748,0.42,1.0,0.942107261838776,0.7008581089048284,0.8214826853718022,0.0032116965818236314,1,0,0.9107413426859011,0.0016058482909118157,1,0,1,0
P02,V2_video1_normal,normal,953,31.773473809523807,1,0.04644891550590945,0.04987934158491515,0.04301848942690374,0.15771988339440535,0.4222222222222222,1.0,0.8810518974738842,0.6995087267752162,0.7902803121245503,0.002898519486782091,1,0,0.8951401560622751,0.0014492597433910456,1,0,1,0
P02,V2_video1_normal,normal,954,31.806814285714285,1,0.055461500607534034,0.058190028760860206,0.05273297245420786,0.1576058841620932,0.42444444444444446,1.0,0.9010603438713726,0.7246746536997086,0.8128674987855407,0.004745132226315992,1,0,0.9064337493927703,0.002372566113157996,1,0,1,0
P02,V2_video1_normal,normal,955,31.84015476190476,1,0.0507123348646003,0.05533837356163892,0.04608629616756168,0.15830796739023578,0.4266666666666667,1.0,0.8630210919695593,0.675908777404205,0.7694649346868822,0.006458778968333583,1,0,0.8847324673434411,0.0032293894841667913,1,0,1,0
P02,V2_video1_normal,normal,956,31.873495238095238,1,0.052357769969786236,0.05445719749465908,0.050258342444913395,0.15806036822492878,0.4288888888888889,1.0,0.9279068242862554,0.7788673542297916,0.8533870892580235,0.008098995533559568,1,0,0.9266935446290118,0.004049497766779784,1,0,1,0
P02,V2_video1_normal,normal,957,31.906835714285712,1,0.04543654098415851,0.04351424577706499,0.04735883619125203,0.1578241964127161,0.4311111111111111,1.0,0.980692135014758,0.7668254716401552,0.8737588033274566,0.011439991529202876,1,0,0.9368794016637283,0.005719995764601438,1,0,1,0
P02,V2_video1_normal,normal,958,31.94017619047619,1,0.04941143936763212,0.045208158279071174,0.05361472045619306,0.15794919972902222,0.43333333333333335,1.0,0.9969313185773364,0.7542801931457538,0.8756057558615451,0.010404208960455089,1,0,0.9378028779307725,0.005202104480227544,1,0,1,0
P02,V2_video1_normal,normal,959,31.973516666666665,1,0.050360063610344126,0.0520526743729201,0.048667452847768154,0.15802934337628843,0.43555555555555553,1.0,0.9847995203848945,0.8335334466991817,0.9091664835420381,0.0075061110151052315,1,0,0.954583241771019,0.0037530555075526158,1,0,1,0
P02,V2_video1_normal,normal,960,32.00685714285714,1,0.04804475790842112,0.05086788878970391,0.04522162702713832,0.15766433370811941,0.43777777777777777,1.0,0.979512387893429,0.5253269089775683,0.7524196484354986,0.007685934553166447,1,0,0.8762098242177493,0.0038429672765832234,1,0,1,0
P02,V2_video1_normal,normal,961,32.04019761904762,1,0.052309539677451146,0.05559770945887022,0.04902136989603207,0.15770126201104104,0.44,1.0,0.9492375914937605,0.4999209567911057,0.7245792741424331,0.005402496419006093,1,0,0.8622896370712165,0.0027012482095030467,1,0,1,0
P02,V2_video1_normal,normal,962,32.07353809523809,1,0.04496763790183775,0.04466545908989799,0.045269816713777514,0.15784414004619346,0.44222222222222224,1.0,0.9888377169040723,0.7321922810198347,0.8605149989619535,0.005424339361178192,1,0,0.9302574994809767,0.002712169680589096,1,0,1,0
P02,V2_video1_normal,normal,963,32.106878571428574,1,0.04667158118772885,0.046890120269738364,0.046453042105719336,0.15747015521968988,0.4444444444444444,1.0,0.9208805047875057,0.6917267181307388,0.8063036114591222,0.0040576934029155996,1,0,0.9031518057295611,0.0020288467014577998,1,0,1,0
P02,V2_video1_normal,normal,964,32.14021904761905,1,0.044705527804453526,0.03807447251997628,0.05133658308893078,0.15726477703460284,0.44666666666666666,1.0,0.987065690643962,0.7477967568426651,0.8674312237433135,0.010717372280977033,1,0,0.9337156118716567,0.005358686140488516,1,0,1,0
P02,V2_video1_normal,normal,965,32.17355952380952,1,0.04599106745645237,0.04049543462465961,0.05148670028824513,0.15725648429718103,0.4488888888888889,1.0,0.9865939254885011,0.7797880593904799,0.8831909924394905,0.010103712504226859,1,0,0.9415954962197453,0.0050518562521134295,1,0,1,0
P02,V2_video1_normal,normal,966,32.2069,1,0.048899154665678415,0.04839478438037642,0.04940352495098042,0.15751432052577985,0.45111111111111113,1.0,0.9820019656176755,0.8930016173855392,0.9375017915016073,0.0085272930296757,1,0,0.9687508957508036,0.00426364651483785,1,0,1,0
P02,V2_video1_normal,normal,967,32.24024047619047,1,0.047101102376005934,0.04648130458770631,0.04772090016430556,0.15765476560726713,0.4533333333333333,1.0,0.9891019087073789,0.89029837104006,0.9397001398737195,0.008586979274741816,1,0,0.9698500699368597,0.004293489637370908,1,0,1,0
P02,V2_video1_normal,normal,968,32.273580952380954,1,0.045126014805127526,0.0394815630723239,0.050770466537931144,0.15652498799407752,0.45555555555555555,1.0,0.8900241150533551,0.8490680852488182,0.8695461001510867,0.017406792008519176,1,0,0.9347730500755433,0.008703396004259588,1,0,1,0
P02,V2_video1_normal,normal,969,32.30692142857143,1,0.04076118447264376,0.03324957793219502,0.048272791013092516,0.1567203967585758,0.4577777777777778,1.0,0.9834947736657071,0.6044719594167623,0.7939833665412348,0.006613252775433179,1,0,0.8969916832706174,0.0033066263877165893,1,0,1,0
P02,V2_video1_normal,normal,970,32.3402619047619,1,0.037032474242400915,0.029208246911420505,0.04485670157338133,0.15718842910677835,0.46,1.0,0.9087519081390529,0.26909356097731674,0.5889227345581849,0.02124929119772534,1,0,0.7944613672790924,0.01062464559886267,1,0,1,0
P02,V2_video1_normal,normal,971,32.37360238095238,1,0.0332464310911911,0.026188408473095143,0.040304453709287064,0.15708554474674302,0.4622222222222222,1.0,0.9067840355163617,0.4042409296020154,0.6555124825591885,0.01709593125609354,1,0,0.8277562412795942,0.00854796562804677,1,0,1,0
P02,V2_video1_normal,normal,972,32.40694285714286,1,0.03840293937075853,0.034042664313377644,0.042763214428139414,0.15721681591464537,0.46444444444444444,1.0,0.853282995518275,0.24844367110264742,0.5508633333104612,0.035207313708496946,1,0,0.7754316666552306,0.017603656854248473,1,0,1,0
P02,V2_video1_normal,normal,973,32.44028333333333,1,0.03855194048190748,0.03401371234830381,0.04309016861551115,0.15679437856125675,0.4666666666666667,1.0,0.8826620098514554,0.5915951633913242,0.7371285866213898,0.04065857757099133,1,0,0.868564293310695,0.020329288785495666,1,0,1,0
P02,V2_video1_normal,normal,974,32.47362380952381,1,0.037043482115324364,0.03303309507620671,0.04105386915444202,0.1567646594553258,0.4688888888888889,1.0,0.8335470759850722,0.6621319367432374,0.7478395063641547,0.025845242315806684,1,0,0.8739197531820774,0.012922621157903342,1,0,1,0
P02,V2_video1_normal,normal,975,32.50696428571428,1,0.04177193607784331,0.03805850509681476,0.04548536705887186,0.15699479434200905,0.4711111111111111,1.0,0.8928762126237152,0.6789087579364759,0.7858924852800955,0.008438366448885137,1,0,0.8929462426400477,0.004219183224442568,1,0,1,0
P02,V2_video1_normal,normal,976,32.540304761904764,1,0.041709514153142085,0.04235641117651692,0.041062617129767255,0.15726330281403061,0.47333333333333333,1.0,0.8195436785938591,0.7203523814497084,0.7699480300217838,0.011818599015396176,1,0,0.8849740150108919,0.005909299507698088,1,0,1,0
P02,V2_video1_normal,normal,977,32.57364523809524,1,0.0447509115060791,0.04636094240143396,0.043140880610724235,0.15714814602646424,0.47555555555555556,1.0,0.848197985611586,0.7976207406050799,0.822909363108333,0.008582089041777034,1,0,0.9114546815541664,0.004291044520888517,1,0,1,0
P02,V2_video1_normal,normal,978,32.60698571428571,1,0.04884694442213452,0.05019038589130049,0.04750350295296855,0.15756640929739538,0.4777777777777778,1.0,0.959840983052719,0.39455847776924213,0.6771997304109806,0.014557131150727062,1,0,0.8385998652054902,0.007278565575363531,1,0,1,0
P02,V2_video1_normal,normal,979,32.64032619047619,1,0.043197445252747976,0.04632514575859957,0.04006974474689639,0.15763006221903708,0.48,1.0,0.9365984273413566,0.7400059589290349,0.8383021931351957,0.0220909915279247,1,0,0.9191510965675979,0.01104549576396235,1,0,1,0
P02,V2_video1_normal,normal,980,32.67366666666667,1,0.05274162660010509,0.05512405493689407,0.05035919826331612,0.15721201553657557,0.4822222222222222,1.0,0.9156513183823306,0.4877508060932165,0.7017010622377735,0.01851513120776818,1,0,0.8508505311188868,0.00925756560388409,1,0,1,0
P02,V2_video1_normal,normal,981,32.707007142857144,1,0.044605108979642316,0.04828713913115113,0.0409230788281335,0.15670323882323867,0.48444444444444446,1.0,0.9323693327702443,0.5970921964265659,0.764730764598405,0.006889585566991349,1,0,0.8823653822992026,0.0034447927834956745,1,0,1,0
P02,V2_video1_normal,normal,982,32.74034761904762,1,0.046062097775164235,0.045426821204197956,0.04669737434613052,0.15720572061072977,0.4866666666666667,1.0,0.8838911592655585,0.7239104105211576,0.803900784893358,0.012176655817751063,1,0,0.901950392446679,0.006088327908875531,1,0,1,0
P02,V2_video1_normal,normal,983,32.77368809523809,1,0.03550964428102025,0.03253119319227001,0.038488095369770485,0.15792964268882426,0.4888888888888889,1.0,0.9460725227251714,0.8588106855892093,0.9024416041571903,0.014754495176012945,1,0,0.9512208020785952,0.0073772475880064725,1,0,1,0
P02,V2_video1_normal,normal,984,32.80702857142857,1,0.046786094879271226,0.0454996567901305,0.04807253296841194,0.15807122145256317,0.4911111111111111,1.0,0.8930948463355136,0.792288817189087,0.8426918317623002,0.010306558777018518,1,0,0.9213459158811501,0.005153279388509259,1,0,1,0
P02,V2_video1_normal,normal,985,32.84036904761905,1,0.04968073256344763,0.05040260816343317,0.04895885696346208,0.15815693221862084,0.49333333333333335,1.0,0.9272828239963236,0.6386027101489365,0.7829427670726301,0.009263666664903117,1,0,0.891471383536315,0.004631833332451559,1,0,1,0
P02,V2_video1_normal,normal,986,32.873709523809524,1,0.05028195641833306,0.04801831018091699,0.052545602655749125,0.15805278471475467,0.4955555555555556,1.0,0.8858529507497711,0.7841085606551643,0.8349807557024678,0.0075430242193281665,1,0,0.9174903778512339,0.0037715121096640832,1,0,1,0
P02,V2_video1_normal,normal,987,32.90705,1,0.03543691946379178,0.03005786066677059,0.040815978260812964,0.1577884923637418,0.49777777777777776,1.0,0.7852853058286176,0.7367503574609883,0.7610178316448029,0.010378769315053793,1,0,0.8805089158224014,0.005189384657526897,1,0,1,0
P02,V2_video1_normal,normal,988,32.94039047619047,1,0.03295883315917622,0.022843058988104598,0.043074607330247844,0.15743099991049578,0.5,1.0,0.9422063737958941,0.834005418599252,0.8881058961975731,0.016918917993340138,1,0,0.9440529480987865,0.008459458996670069,1,0,1,0
P02,V2_video1_normal,normal,989,32.973730952380954,1,0.040267438124954674,0.03309696128121778,0.047437914968691576,0.15764568059865788,0.5022222222222222,1.0,0.9504357816707386,0.8027668358045754,0.876601308737657,0.025857130377834686,1,0,0.9383006543688285,0.012928565188917343,1,0,1,0
P02,V2_video1_normal,normal,990,33.00707142857143,1,0.033462456932271824,0.019701558631739235,0.04722335523280441,0.1579086363603367,0.5044444444444445,1.0,0.8080183801175775,0.8139318384382317,0.8109751092779046,0.012061277318084507,1,0,0.9054875546389523,0.0060306386590422536,1,0,1,0
P02,V2_video1_normal,normal,991,33.0404119047619,1,0.0340352367033515,0.0262582466961999,0.0418122267105031,0.15766625178678675,0.5066666666666667,1.0,0.9601774911303672,0.8646138266388904,0.9123956588846288,0.013262275901058662,1,0,0.9561978294423144,0.006631137950529331,1,0,1,0
P02,V2_video1_normal,normal,992,33.07375238095238,1,0.04058105833528371,0.03823841600818419,0.04292370066238322,0.1573108095823257,0.5088888888888888,1.0,0.9429941687788317,0.7162236368552362,0.8296089028170339,0.014057122565966543,1,0,0.914804451408517,0.007028561282983271,1,0,1,0
P02,V2_video1_normal,normal,993,33.10709285714286,1,0.037406358563921244,0.03404962688317578,0.0407630902446667,0.15769364682437545,0.5111111111111111,1.0,0.8877388853340309,0.7492573262784983,0.8184981058062646,0.011627194403185763,1,0,0.9092490529031323,0.0058135972015928815,1,0,1,0
P02,V2_video1_normal,normal,994,33.140433333333334,1,0.028056170366737222,0.025424398128377254,0.030687942605097194,0.15737173501153728,0.5133333333333333,1.0,0.9513833207474891,0.6723531548889485,0.8118682378182188,0.011190961679406102,1,0,0.9059341189091095,0.005595480839703051,1,0,1,0
P02,V2_video1_normal,normal,995,33.17377380952381,1,0.041606755907755213,0.03991340044059771,0.043300111374912714,0.15768475437256185,0.5155555555555555,1.0,0.7190435357292497,0.7642222676332197,0.7416329016812346,0.00974050039831774,1,0,0.8708164508406173,0.00487025019915887,1,0,1,0
P02,V2_video1_normal,normal,996,33.20711428571428,1,0.05538980371765168,0.05014439333185752,0.06063521410344584,0.1578553719256285,0.5177777777777778,1.0,0.9862046096292127,0.862691856941254,0.9244482332852334,0.020749231155201955,1,0,0.9622241166426166,0.010374615577600978,1,0,1,0
P02,V2_video1_normal,normal,997,33.24045476190476,1,0.04532571008159466,0.04566768691116321,0.044983733252026106,0.1576696580872723,0.52,1.0,0.8705847781438435,0.9191163020113416,0.8948505400775926,0.016925295758128168,1,0,0.9474252700387963,0.008462647879064084,1,0,1,0
P02,V2_video1_normal,normal,998,33.27379523809524,1,0.04888464597207886,0.049867023265643906,0.04790226867851381,0.15784899397644608,0.5222222222222223,1.0,0.9592941819684666,0.9147389122257041,0.9370165470970854,0.02047651966922221,1,0,0.9685082735485426,0.010238259834611105,1,0,1,0
P02,V2_video1_normal,normal,999,33.307135714285714,1,0.04935710695690994,0.05314521741046893,0.04556899650335095,0.15806118031829736,0.5244444444444445,1.0,0.8621155436963864,0.8382700972503571,0.8501928204733717,0.011160835814455766,1,0,0.9250964102366859,0.005580417907227883,1,0,1,0
P02,V2_video1_normal,normal,1000,33.34047619047619,1,0.04205981621750179,0.046131576901849464,0.03798805553315411,0.15779755591330397,0.5266666666666666,1.0,0.9392612918677544,0.887043205061832,0.9131522484647931,0.01725293734247341,1,0,0.9565761242323966,0.008626468671236705,1,0,1,0
P02,V2_video1_normal,normal,1001,33.37381666666666,1,0.03347477180328206,0.03822043488110364,0.02872910872546048,0.15764153726523503,0.5288888888888889,1.0,0.9785385985325159,0.7854429695385154,0.8819907840355157,0.008338396041267439,1,0,0.9409953920177578,0.004169198020633719,1,0,1,0
P02,V2_video1_normal,normal,1002,33.407157142857145,1,0.033774992965265434,0.03543752998820056,0.03211245594233031,0.15770592927382188,0.5311111111111111,1.0,0.9680619965644286,0.8689186167998897,0.9184903066821591,0.011309812890322863,1,0,0.9592451533410795,0.0056549064451614315,1,0,1,0
P02,V2_video1_normal,normal,1003,33.44049761904762,1,0.041102422598563976,0.038331717106296286,0.04387312809083166,0.1576876220199631,0.5333333333333333,1.0,0.8265700704326884,0.9095776848001489,0.8680738776164186,0.02390499111957299,1,0,0.9340369388082093,0.011952495559786495,1,0,1,0
P02,V2_video1_normal,normal,1004,33.473838095238094,1,0.04013315013809335,0.04084092083924867,0.03942537943693803,0.15674255378580035,0.5355555555555556,1.0,0.9014266664870844,0.7748006747925541,0.8381136706398192,0.009848400821003718,1,0,0.9190568353199096,0.004924200410501859,1,0,1,0
P02,V2_video1_normal,normal,1005,33.50717857142857,1,0.03707995369900744,0.03551710727589026,0.03864280012212462,0.15728441471661694,0.5377777777777778,1.0,0.8355333918437139,0.8941363045109012,0.8648348481773076,0.015230874453746542,1,0,0.9324174240886538,0.007615437226873271,1,0,1,0
P02,V2_video1_normal,normal,1006,33.54051904761905,1,0.042430588021851914,0.03940625494225299,0.04545492110145084,0.15635223279695107,0.54,1.0,0.9082648925560814,0.7732811600148309,0.8407730262854562,0.007179328662742191,1,0,0.9203865131427281,0.0035896643313710957,1,0,1,0
P02,V2_video1_normal,normal,1007,33.573859523809524,1,0.044059541767446586,0.03837090952956953,0.04974817400532364,0.1564459127421259,0.5422222222222223,1.0,0.961729728082204,0.9415424811331647,0.9516361046076844,0.008317599329029264,1,0,0.9758180523038422,0.004158799664514632,1,0,1,0
P02,V2_video1_normal,normal,1008,33.6072,1,0.04463312019042828,0.039488545668277766,0.04977769471257879,0.15628318327926002,0.5444444444444444,1.0,0.9768897641850178,0.8037279170627052,0.8903088406238615,0.013220103118474448,1,0,0.9451544203119308,0.006610051559237224,1,0,1,0
P02,V2_video1_normal,normal,1009,33.64054047619047,1,0.041008689818622324,0.03914449030811638,0.04287288932912827,0.15658152543467216,0.5466666666666666,1.0,0.9768737509950609,0.5870446920795117,0.7819592215372864,0.010218700360756972,1,0,0.8909796107686432,0.005109350180378486,1,0,1,0
P02,V2_video1_normal,normal,1010,33.673880952380955,1,0.040541589701524855,0.039055968447082416,0.0420272109559673,0.1563905433170695,0.5488888888888889,1.0,0.947687705520767,0.6665356167142489,0.807111661117508,0.010260342723586415,1,0,0.903555830558754,0.005130171361793208,1,0,1,0
P02,V2_video1_normal,normal,1011,33.70722142857143,1,0.04015624012177514,0.03392562206816634,0.04638685817538393,0.15676364639560583,0.5511111111111111,1.0,0.8291007195751723,0.9077317793695794,0.8684162494723758,0.02627112298900806,1,0,0.934208124736188,0.01313556149450403,1,0,1,0
P02,V2_video1_normal,normal,1012,33.740561904761904,1,0.042975087494091166,0.04079840411562707,0.045151770872555265,0.1568873825211803,0.5533333333333333,1.0,0.9469532569373672,0.7500745393678888,0.848513898152628,0.01271590595118562,1,0,0.924256949076314,0.00635795297559281,1,0,1,0
P02,V2_video1_normal,normal,1013,33.77390238095238,1,0.03815768938689268,0.03480817077809529,0.041507207995690076,0.15617646253224024,0.5555555555555556,1.0,0.9767649210473714,0.9346237249114244,0.9556943229793979,0.017820673787639046,1,0,0.977847161489699,0.008910336893819523,1,0,1,0
P02,V2_video1_normal,normal,1014,33.80724285714285,1,0.039736589281896585,0.03700554882478578,0.04246762973900739,0.1565261514898048,0.5577777777777778,1.0,0.9504603051400589,0.9708153183680011,0.96063781175403,0.006291765157257034,1,0,0.980318905877015,0.003145882578628517,1,0,1,0
P02,V2_video1_normal,normal,1015,33.840583333333335,1,0.036920931606162145,0.031065789049090797,0.04277607416323349,0.15622939926928325,0.56,1.0,0.9305786287339474,0.975620301308505,0.9530994650212261,0.010534830486393119,1,0,0.976549732510613,0.005267415243196559,1,0,1,0
P02,V2_video1_normal,normal,1016,33.87392380952381,1,0.03506166821902417,0.028167471850540273,0.041955864587508065,0.15658454712877073,0.5622222222222222,1.0,0.9796981416199562,0.8286846284622421,0.9041913850410992,0.008836210190788205,1,0,0.9520956925205496,0.004418105095394103,1,0,1,0
P02,V2_video1_normal,normal,1017,33.907264285714284,1,0.03853831026660982,0.03217357167738121,0.04490304885583842,0.15663628713353364,0.5644444444444444,1.0,0.9831725215029937,0.9776091811682123,0.980390851335603,0.010654717217835782,1,0,0.9901954256678015,0.005327358608917891,1,0,1,0
P02,V2_video1_normal,normal,1018,33.94060476190476,1,0.0379954169249267,0.034946496978889005,0.0410443368709644,0.1564855788749688,0.5666666666666667,1.0,0.9363904018464038,0.9683969899416707,0.9523936958940372,0.023546601061336735,1,0,0.9761968479470187,0.011773300530668367,1,0,1,0
P02,V2_video1_normal,normal,1019,33.97394523809524,1,0.034571233789413874,0.03333128811705227,0.035811179461775484,0.15660530116338067,0.5688888888888889,1.0,0.8701690874091463,0.8556347625966976,0.862901925002922,0.017286173455683004,1,0,0.931450962501461,0.008643086727841502,1,0,1,0
P02,V2_video1_normal,normal,1020,34.007285714285715,1,0.043533554703172814,0.04161919819257784,0.04544791121376779,0.15728642655916042,0.5711111111111111,1.0,0.8910524994329156,0.9438700537697396,0.9174612766013277,0.012613464608069698,1,0,0.9587306383006639,0.006306732304034849,1,0,1,0
P02,V2_video1_normal,normal,1021,34.04062619047619,1,0.03777351967173942,0.03919483164681053,0.036352207696668304,0.15693439924669655,0.5733333333333334,1.0,0.8809628180465402,0.8248016622731753,0.8528822401598577,0.007834032455949179,1,0,0.9264411200799288,0.0039170162279745895,1,0,1,0
P02,V2_video1_normal,normal,1022,34.073966666666664,1,0.06183001230881599,0.05033323418564586,0.07332679043198613,0.15651670149218333,0.5755555555555556,1.0,0.8205195711605854,0.8930242594222033,0.8567719152913944,0.007095403652329065,1,0,0.9283859576456972,0.0035477018261645325,1,0,1,0
P02,V2_video1_normal,normal,1023,34.107307142857145,1,0.09566218177099096,0.09080145964138961,0.10052290390059232,0.15620391235817174,0.5777777777777777,1.0,0.5478680056325369,0.808358833365858,0.6781134194991975,0.004414103497403182,1,0,0.8390567097495987,0.002207051748701591,1,0,1,0
P02,V2_video1_normal,normal,1024,34.14064761904762,1,0.14188327224028252,0.13852513116875195,0.1452414133118131,0.15725008272166535,0.5777777777777777,1.0,0.44091614560640147,0.13682504940789353,0.2888705975071475,0.007208822190774793,0,0,0.14443529875357375,0.0036044110953873964,0,0,0,0
P02,V2_video1_normal,normal,1025,34.173988095238094,1,0.21611552976561194,0.21638506516394768,0.21584599436727617,0.1574464475917329,0.5777777777777777,1.0,0.534556189016451,0.013366670000307113,0.27396142950837904,0.006868219295976401,0,0,0.13698071475418952,0.0034341096479882003,0,0,0,0
P02,V2_video1_normal,normal,1026,34.20732857142857,1,0.24269605105974795,0.250134809097445,0.2352572930220509,0.1568291940524272,0.5777777777777777,1.0,0.1913924616471937,0.03631532196185916,0.11385389180452643,0.008488790359258098,0,0,0.056926945902263215,0.004244395179629049,0,0,0,0
P02,V2_video1_normal,normal,1027,34.24066904761904,1,0.2537658326027582,0.26376010101399505,0.2437715641915213,0.1571931042218056,0.5777777777777777,1.0,0.10103713683194637,0.027558836700202094,0.06429798676607423,0.00850144595796118,0,0,0.03214899338303712,0.00425072297898059,0,0,0,0
P02,V2_video1_normal,normal,1028,34.274009523809525,1,0.2607862739747693,0.2689169865190203,0.25265556143051826,0.15663272928960625,0.5755555555555556,1.0,0.2251939172056917,0.01624524818628026,0.12071958269598598,0.014203378514588968,0,0,0.06035979134799299,0.007101689257294484,0,0,0,0
P02,V2_video1_normal,normal,1029,34.30735,1,0.26301539135789387,0.27217471980569524,0.2538560629100925,0.15657022950375707,0.5733333333333334,1.0,0.0700838672709806,0.012227007781522525,0.04115543752625156,0.03591587197001614,0,0,0.02057771876312578,0.01795793598500807,0,0,0,0
P02,V2_video1_normal,normal,1030,34.340690476190474,1,0.26673447341897694,0.27645566485313383,0.2570132819848201,0.1562063470948142,0.5733333333333334,1.0,0.13883913541728843,0.007279874322670188,0.07305950486997931,0.02278643814759836,0,0,0.036529752434989654,0.01139321907379918,0,0,0,0
P02,V2_video1_normal,normal,1031,34.37403095238095,1,0.27836440755829805,0.2899169834364805,0.2668118316801157,0.15631471638865388,0.5733333333333334,1.0,0.0668292442177264,0.00316561642064328,0.03499743031918484,0.022656963878335306,0,0,0.01749871515959242,0.011328481939167653,0,0,0,0
P02,V2_video1_normal,normal,1032,34.40737142857143,1,0.28561104478279825,0.2971640959393442,0.2740579936262523,0.1560308909507315,0.5733333333333334,1.0,0.10217594372455374,0.00613451819398203,0.054155230959267886,0.03246900144439659,0,0,0.027077615479633943,0.016234500722198297,0,0,0,0
P02,V2_video1_normal,normal,1033,34.440711904761905,1,0.2826609098828917,0.2944472966552722,0.2708745231105113,0.15571202167139211,0.5733333333333334,1.0,0.021046658333689905,0.0068937825095286565,0.01397022042160928,0.02730626186041351,0,0,0.00698511021080464,0.013653130930206755,0,0,0,0
P02,V2_video1_normal,normal,1034,34.47405238095238,1,0.2852701095965223,0.2964588321731501,0.27408138701989454,0.15580784579123377,0.5733333333333334,1.0,0.03164181464290572,0.0007315615719077906,0.016186688107406755,0.01712900665675055,0,0,0.008093344053703377,0.008564503328375274,0,0,0,0
P02,V2_video1_normal,normal,1035,34.507392857142854,1,0.28279479016135767,0.295075205466232,0.27051437485648333,0.15618563033599436,0.5733333333333334,1.0,0.21693339405317302,0.008409187506979832,0.11267129078007643,0.026450458509465258,0,0,0.056335645390038214,0.013225229254732629,0,0,0,0
P02,V2_video1_normal,normal,1036,34.540733333333336,1,0.27724630418580953,0.28980886217634627,0.26468374619527274,0.15631851369087815,0.5733333333333334,1.0,0.2783023912431746,0.007396398159018047,0.1428493947010963,0.012039518015902107,0,0,0.07142469735054816,0.006019759007951053,0,0,0,0
P02,V2_video1_normal,normal,1037,34.57407380952381,1,0.2760561772778216,0.2886463949882482,0.263465959567395,0.1565434001741191,0.5733333333333334,1.0,0.41928173450762374,0.01855972747400192,0.21892073099081283,0.015094191530895725,0,0,0.10946036549540641,0.007547095765447862,0,0,0,0
P02,V2_video1_normal,normal,1038,34.607414285714285,1,0.2714997291429245,0.27993189005117025,0.2630675682346787,0.1566935804743276,0.5733333333333334,1.0,0.14690212817904225,0.004930079347796101,0.07591610376341917,0.011039528579671996,0,0,0.03795805188170959,0.005519764289835998,0,0,0,0
P02,V2_video1_normal,normal,1039,34.64075476190476,1,0.2756906363016104,0.2877720343154155,0.2636092382878053,0.1563094350583313,0.5733333333333334,1.0,0.024344337525939785,0.00013443680899261068,0.012239387167466198,0.017928927436460417,0,0,0.006119693583733099,0.008964463718230209,0,0,0,0
P02,V2_video1_normal,normal,1040,34.67409523809524,1,0.27160534729379293,0.2813532709451924,0.2618574236423935,0.1563152567874707,0.5733333333333334,1.0,0.14068669300639325,0.0004947135679546077,0.07059070328717393,0.006896312997135078,0,0,0.035295351643586964,0.003448156498567539,0,0,0,0
P02,V2_video1_normal,normal,1041,34.707435714285715,1,0.2646357317503088,0.2706304322264512,0.2586410312741664,0.15627976638856417,0.5733333333333334,1.0,0.15586555849029837,0.0029252600300854192,0.0793954092601919,0.009089807771015848,0,0,0.03969770463009595,0.004544903885507924,0,0,0,0
P02,V2_video1_normal,normal,1042,34.74077619047619,1,0.2664154010389953,0.27800205777916004,0.2548287442988305,0.1559528286014786,0.5733333333333334,1.0,0.06515835729444808,0.0008668804514934125,0.033012618872970745,0.008218690215144445,0,0,0.016506309436485372,0.004109345107572222,0,0,0,0
P02,V2_video1_normal,normal,1043,34.774116666666664,1,0.25756098896628493,0.26596463515622065,0.24915734277634924,0.1554745746043414,0.5733333333333334,1.0,0.14617319178917654,0.00013611587789597035,0.07315465383353625,0.015287141422554952,0,0,0.03657732691676813,0.007643570711277476,0,0,0,0
P02,V2_video1_normal,normal,1044,34.80745714285714,1,0.25367112858555063,0.26022162271076343,0.24712063446033788,0.1563024277006205,0.5733333333333334,1.0,0.11687445969514643,0.004843230445982893,0.06085884507056466,0.0056740091269941026,0,0,0.03042942253528233,0.0028370045634970513,0,0,0,0
P02,V2_video1_normal,normal,1045,34.84079761904762,1,0.21731480312225518,0.2197096912566751,0.21491991498783525,0.15602774771822453,0.5733333333333334,1.0,0.2266369872326779,0.01454994370794438,0.12059346547031113,0.005224554929058634,0,0,0.06029673273515557,0.002612277464529317,0,0,0,0
P02,V2_video1_normal,normal,1046,34.874138095238095,1,0.054490199885629906,0.054828606247652054,0.05415179352360776,0.15449424667808173,0.5755555555555556,1.0,0.9884338180093204,0.3940821371409101,0.6912579775751153,0.007407956223530376,1,0,0.8456289887875577,0.003703978111765188,1,0,1,0
P02,V2_video1_normal,normal,1047,34.90747857142857,1,0.03827976082152764,0.04110220007971324,0.03545732156334204,0.15473359773614317,0.5777777777777777,1.0,0.5901040352807636,0.8699258295997224,0.730014932440243,0.005625053744235142,1,0,0.8650074662201215,0.002812526872117571,1,0,1,0
P02,V2_video1_normal,normal,1048,34.940819047619044,1,0.04383307484566396,0.04812083870833263,0.039545310982995296,0.15465059533164674,0.58,1.0,0.8220310410716543,0.8788072958312809,0.8504191684514676,0.012671074813112422,1,0,0.9252095842257337,0.006335537406556211,1,0,1,0
P02,V2_video1_normal,normal,1049,34.974159523809526,1,0.04311320397922448,0.04414897891201593,0.04207742904643304,0.1548340526186572,0.5822222222222222,1.0,0.9341662092836438,0.7868101485721221,0.8604881789278829,0.015578717703461795,1,0,0.9302440894639414,0.007789358851730897,1,0,1,0
P02,V2_video1_normal,normal,1050,35.0075,1,0.03706817256458716,0.03946513465452437,0.034671210474649945,0.15496631991935578,0.5844444444444444,1.0,0.8945519382050111,0.6578290586064992,0.7761904984057552,0.008709070600631077,1,0,0.8880952492028775,0.004354535300315539,1,0,1,0
P02,V2_video1_normal,normal,1051,35.040840476190475,1,0.04213222955391292,0.04474365645042733,0.03952080265739852,0.15502869073424985,0.5866666666666667,1.0,0.7586881784468463,0.9399283211442262,0.8493082497955362,0.005802166159807616,1,0,0.9246541248977681,0.002901083079903808,1,0,1,0
P02,V2_video1_normal,normal,1052,35.07418095238095,1,0.03890973095560468,0.0380229078699457,0.03979655404126366,0.15474316635904714,0.5888888888888889,1.0,0.9203159186497921,0.7543344972290411,0.8373252079394167,0.004657722284292693,1,0,0.9186626039697083,0.0023288611421463466,1,0,1,0
P02,V2_video1_normal,normal,1053,35.10752142857143,1,0.04188613451812772,0.04265494953371514,0.0411173195025403,0.15467241856582442,0.5911111111111111,1.0,0.7175451942758051,0.6267698509931472,0.6721575226344761,0.004734425133447419,1,0,0.836078761317238,0.0023672125667237097,1,0,1,0
P02,V2_video1_normal,normal,1054,35.140861904761906,1,0.037750842473508316,0.0382638884238288,0.03723779652318783,0.15489817266726955,0.5933333333333334,1.0,0.9210222928882363,0.7905115254552041,0.8557669091717202,0.004970858050266378,1,0,0.9278834545858601,0.002485429025133189,1,0,1,0
P02,V2_video1_normal,normal,1055,35.17420238095238,1,0.03681126583843332,0.03724786820438075,0.03637466347248588,0.15500409168223683,0.5955555555555555,1.0,0.9166280345912159,0.7867800128079676,0.8517040236995918,0.008067759230008558,1,0,0.9258520118497959,0.004033879615004279,1,0,1,0
P02,V2_video1_normal,normal,1056,35.207542857142855,1,0.035529594809353596,0.03371620407820359,0.0373429855405036,0.15472374919992243,0.5977777777777777,1.0,0.8401663426908722,0.949562093167011,0.8948642179289417,0.007300372416304155,1,0,0.9474321089644708,0.0036501862081520773,1,0,1,0
P02,V2_video1_normal,normal,1057,35.24088333333333,1,0.028175394291241194,0.023044808090411283,0.033305980492071105,0.15461540904667517,0.6,1.0,0.9038129624354416,0.962917891893147,0.9333654271642944,0.005184732558655881,1,0,0.9666827135821472,0.0025923662793279406,1,0,1,0
P02,V2_video1_normal,normal,1058,35.27422380952381,1,0.031300053257768315,0.020763477266690866,0.041836629248845764,0.15507749251469438,0.6022222222222222,1.0,0.9107233174803073,0.7353676206196371,0.8230454690499722,0.006307289749268813,1,0,0.9115227345249861,0.0031536448746344063,1,0,1,0
P02,V2_video1_normal,normal,1059,35.307564285714285,1,0.022639828219060257,0.017959329240362074,0.02732032719775844,0.15526705198744262,0.6044444444444445,1.0,0.8724004911530785,0.5951362355836498,0.7337683633683642,0.006142643407314787,1,0,0.8668841816841821,0.0030713217036573933,1,0,1,0
P02,V2_video1_normal,normal,1060,35.34090476190476,1,0.021848727259666995,0.018182449965783037,0.025515004553550952,0.1552269109751134,0.6066666666666667,1.0,0.9505258690810477,0.6442385627844938,0.7973822159327708,0.00515728379291706,1,0,0.8986911079663854,0.00257864189645853,1,0,1,0
P02,V2_video1_normal,normal,1061,35.374245238095234,1,0.02841266796995434,0.02551105027917854,0.03131428566073014,0.15476041092762208,0.6088888888888889,1.0,0.892431997027868,0.7186077471487569,0.8055198720883124,0.014922483730135038,1,0,0.9027599360441563,0.007461241865067519,1,0,1,0
P02,V2_video1_normal,normal,1062,35.407585714285716,1,0.02397615741084113,0.02082397171097635,0.027128343110705905,0.1548949627446669,0.6111111111111112,1.0,0.9344656459402194,0.5892854275406911,0.7618755367404553,0.016989960041650085,1,0,0.8809377683702276,0.008494980020825042,1,0,1,0
P02,V2_video1_normal,normal,1063,35.44092619047619,1,0.01983356827035706,0.01804403155569541,0.021623104985018713,0.1554191490968777,0.6133333333333333,1.0,0.9481607563514945,0.5750645914266475,0.761612673889071,0.004325591617748605,1,0,0.8808063369445355,0.0021627958088743025,1,0,1,0
P02,V2_video1_normal,normal,1064,35.474266666666665,1,0.029534840747839936,0.03225441392322121,0.026815267572458657,0.15597923817043324,0.6155555555555555,1.0,0.9700853120847339,0.634410686459213,0.8022479992719734,0.001758248765013107,1,0,0.9011239996359868,0.0008791243825065535,1,0,1,0
P02,V2_video1_normal,normal,1065,35.50760714285714,1,0.036241510757323445,0.04106615725829413,0.03141686425635277,0.1560579204078199,0.6177777777777778,1.0,0.799852579053059,0.8370027753762502,0.8184276772146546,0.003926061273145111,1,0,0.9092138386073273,0.0019630306365725557,1,0,1,0
P02,V2_video1_normal,normal,1066,35.54094761904762,1,0.02753129477314157,0.02815528687914311,0.02690730266714003,0.15552790333288521,0.62,1.0,0.9674910988477556,0.7210486310560689,0.8442698649519123,0.0065525304722334745,1,0,0.9221349324759561,0.0032762652361167373,1,0,1,0
P02,V2_video1_normal,normal,1067,35.574288095238096,1,0.03277453261375396,0.03515865003920318,0.030390415188304744,0.15538230981127937,0.6222222222222222,1.0,0.9685263430883261,0.6994039139942432,0.8339651285412846,0.012533584440019577,1,0,0.9169825642706423,0.006266792220009788,1,0,1,0
P02,V2_video1_normal,normal,1068,35.60762857142857,1,0.02637330699167051,0.02307123653950108,0.029675377443839936,0.15540616190507758,0.6244444444444445,1.0,0.9780655044213215,0.7077281628866803,0.8428968336540008,0.004973733898274448,1,0,0.9214484168270004,0.002486866949137224,1,0,1,0
P02,V2_video1_normal,normal,1069,35.640969047619045,1,0.020902248857556732,0.016478097092989464,0.025326400622123997,0.15560694033978087,0.6266666666666667,1.0,0.946480945472176,0.7677160027259864,0.8570984740990812,0.00658786779614352,1,0,0.9285492370495406,0.00329393389807176,1,0,1,0
P02,V2_video1_normal,normal,1070,35.67430952380953,1,0.031191930222197187,0.023643886830110934,0.03873997361428344,0.15487315974116167,0.6288888888888889,1.0,0.8189705570125992,0.8001849111268278,0.8095777340697135,0.006858033379646192,1,0,0.9047888670348567,0.003429016689823096,1,0,1,0
P02,V2_video1_normal,normal,1071,35.70765,1,0.055024270386370956,0.04731555814627117,0.06273298262647074,0.15525935041875422,0.6311111111111111,1.0,0.938030115536814,0.8515246137863994,0.8947773646616067,0.00874627300934531,1,0,0.9473886823308033,0.004373136504672655,1,0,1,0
P02,V2_video1_normal,normal,1072,35.740990476190476,1,0.10224399151319186,0.099976620401039,0.1045113626253447,0.15616496510896918,0.6333333333333333,1.0,0.7293414407709873,0.546905885665649,0.6381236632183181,0.006695901193385684,1,0,0.8190618316091591,0.003347950596692842,1,0,1,0
P02,V2_video1_normal,normal,1073,35.77433095238095,1,0.16825002057867938,0.16260049438713856,0.17389954677022024,0.15635866623876918,0.6333333333333333,1.0,0.27160936662639346,0.5360219564364945,0.403815661531444,0.02381120943847354,0,0,0.201907830765722,0.01190560471923677,0,0,0,0
P02,V2_video1_normal,normal,1074,35.807671428571425,1,0.21825309476802368,0.21587407421786037,0.220632115318187,0.15635097973359807,0.6333333333333333,1.0,0.7340038677653429,0.01123401556141157,0.3726189416633772,0.015661516769299104,0,0,0.1863094708316886,0.007830758384649552,0,0,0,0
P02,V2_video1_normal,normal,1075,35.841011904761906,1,0.24033501091195356,0.24061898587064331,0.2400510359532638,0.15624552472699482,0.6333333333333333,1.0,0.12718817145925376,0.019946486989984247,0.073567329224619,0.01795973276210768,0,0,0.0367836646123095,0.00897986638105384,0,0,0,0
P02,V2_video1_normal,normal,1076,35.87435238095238,1,0.25865677692793443,0.2626717469364544,0.2546418069194144,0.15616051502810252,0.6333333333333333,1.0,0.06659073291168216,0.07274615102923376,0.06966844197045796,0.013115992879674729,0,0,0.03483422098522898,0.006557996439837364,0,0,0,0
P02,V2_video1_normal,normal,1077,35.907692857142855,1,0.27196791487449096,0.27871943024230755,0.26521639950667436,0.1562411351892003,0.6333333333333333,1.0,0.25950507911418563,0.058225367138691086,0.15886522312643836,0.0131115990260949,0,0,0.07943261156321918,0.00655579951304745,0,0,0,0
P02,V2_video1_normal,normal,1078,35.94103333333333,1,0.2825633228841878,0.29120275491123504,0.27392389085714053,0.15588567520016408,0.6333333333333333,1.0,0.24994228852542133,0.015020440104942523,0.13248136431518193,0.015172459956748121,0,0,0.06624068215759096,0.0075862299783740605,0,0,0,0
P02,V2_video1_normal,normal,1079,35.97437380952381,1,0.2819668885492671,0.2902416862691496,0.27369209082938467,0.156005054477225,0.6333333333333333,1.0,0.2097885242630133,0.0036588277023700266,0.10672367598269167,0.007732168049025891,0,0,0.053361837991345834,0.0038660840245129456,0,0,0,0
P02,V2_video1_normal,normal,1080,36.007714285714286,1,0.2798140833378575,0.2878638814728974,0.2717642852028177,0.15582948530019355,0.6333333333333333,1.0,0.22632986542262545,0.0004105991292790989,0.11337023227595228,0.015894863769860417,0,0,0.05668511613797614,0.007947431884930209,0,0,0,0
P02,V2_video1_normal,normal,1081,36.04105476190476,1,0.2810043434257166,0.2894131828584176,0.27259550399301563,0.15525084750118803,0.6333333333333333,1.0,0.26929057928440314,0.0028668832305099867,0.13607873125745656,0.015241777988754887,0,0,0.06803936562872828,0.007620888994377443,0,0,0,0
P02,V2_video1_normal,normal,1082,36.074395238095235,1,0.283902016742141,0.29281622271700875,0.2749878107672732,0.1555681455023583,0.6333333333333333,1.0,0.29380446868317023,0.0034470603385613474,0.1486257645108658,0.006070187541033266,0,0,0.0743128822554329,0.003035093770516633,0,0,0,0
P02,V2_video1_normal,normal,1083,36.10773571428572,1,0.28058542858597363,0.28898152987082065,0.2721893273011266,0.1559812880587021,0.6333333333333333,1.0,0.22994291923853427,0.00043622708235913077,0.1151895731604467,0.010049721204695999,0,0,0.05759478658022335,0.0050248606023479995,0,0,0,0
P02,V2_video1_normal,normal,1084,36.14107619047619,1,0.2779018166520726,0.28680954144370496,0.26899409186044027,0.1564434628706329,0.6333333333333333,1.0,0.25526075338443266,0.015503036382790603,0.13538189488361163,0.011352922709339663,0,0,0.06769094744180582,0.0056764613546698315,0,0,0,0
P02,V2_video1_normal,normal,1085,36.174416666666666,1,0.2745121074127205,0.28152646447793983,0.2674977503475012,0.15716852895736866,0.6333333333333333,1.0,0.24013054255936828,0.000871579469511996,0.12050106101444014,0.011159409765856628,0,0,0.06025053050722007,0.005579704882928314,0,0,0,0
P02,V2_video1_normal,normal,1086,36.20775714285714,1,0.2719279370158316,0.27868090296707043,0.26517497106459287,0.15727582914496568,0.6333333333333333,1.0,0.32150441350188386,0.0005296389833606696,0.16101702624262226,0.003428582220065175,0,0,0.08050851312131113,0.0017142911100325876,0,0,0,0
P02,V2_video1_normal,normal,1087,36.241097619047615,1,0.2707049939422822,0.2763328992002188,0.2650770886843456,0.15762967131219804,0.6333333333333333,1.0,0.09644099290613872,0.0006873528013642272,0.048564172853751475,0.004428420088041861,0,0,0.024282086426875737,0.0022142100440209304,0,0,0,0
P02,V2_video1_normal,normal,1088,36.2744380952381,1,0.2729792053223207,0.2788844428062257,0.26707396783841564,0.1576820872987554,0.6333333333333333,1.0,0.03892810694467563,0.001107237722065002,0.020017672333370318,0.028840373855757006,0,0,0.010008836166685159,0.014420186927878503,0,0,0,0
P02,V2_video1_normal,normal,1089,36.30777857142857,1,0.2705498148198052,0.27846991340690047,0.2626297162327099,0.15780461671142457,0.6333333333333333,1.0,0.05251892222334653,0.0021106697871369207,0.027314796005241726,0.05585144721132546,0,0,0.013657398002620863,0.02792572360566273,0,0,0,0
P02,V2_video1_normal,normal,1090,36.341119047619046,1,0.26876700651978824,0.27520210054580296,0.26233191249377347,0.15787857214057174,0.6333333333333333,1.0,0.18684389804273382,0.001040996631055946,0.09394244733689489,0.04501449642135287,0,0,0.04697122366844744,0.022507248210676435,0,0,0,0
P02,V2_video1_normal,normal,1091,36.37445952380952,1,0.2679903176118027,0.2749998501268733,0.2609807850967321,0.15775101570480565,0.6333333333333333,1.0,0.3118531593566547,0.0015776467592110155,0.15671540305793286,0.05573719962690187,0,0,0.07835770152896643,0.027868599813450936,0,0,0,0
P02,V2_video1_normal,normal,1092,36.4078,1,0.2728295917656305,0.27782858520441456,0.26783059832684647,0.15641484300053093,0.6333333333333333,1.0,0.03493865723498457,0.00016884696660479648,0.017553752100794684,0.017779091013752114,0,0,0.008776876050397342,0.008889545506876057,0,0,0,0
P02,V2_video1_normal,normal,1093,36.441140476190476,1,0.24438802257650635,0.2497670595479102,0.2390089856051025,0.15892161526210344,0.6333333333333333,1.0,0.7153454511568988,0.005243455744582293,0.36029445345074057,0.00964008738006702,0,0,0.18014722672537029,0.00482004369003351,0,0,0,0
P02,V2_video1_normal,normal,1094,36.47448095238095,1,0.03507457491249481,0.030291066052033154,0.03985808377295648,0.15835412645556443,0.6355555555555555,1.0,0.9377635685861303,0.6302893141801726,0.7840264413831515,0.010975896152413575,1,0,0.8920132206915757,0.005487948076206788,1,0,1,0
P02,V2_video1_normal,normal,1095,36.507821428571425,1,0.034155484828400695,0.03737897314499224,0.03093199651180915,0.15736438855734372,0.6377777777777778,1.0,0.9855598653662961,0.9402899199915622,0.9629248926789291,0.011518335044483626,1,0,0.9814624463394646,0.005759167522241813,1,0,1,0
P02,V2_video1_normal,normal,1096,36.54116190476191,1,0.048807812901374,0.048596747288831996,0.04901887851391601,0.15698276617649193,0.64,1.0,0.975051743682713,0.7572356455748461,0.8661436946287795,0.009952812962587059,1,0,0.9330718473143897,0.004976406481293529,1,0,1,0
P02,V2_video1_normal,normal,1097,36.57450238095238,1,0.08376332677143908,0.08659080694977699,0.08093584659310119,0.15776837450012507,0.6422222222222222,1.0,0.8662544992900163,0.47121399032823275,0.6687342448091245,0.01057849595044164,1,0,0.8343671224045622,0.00528924797522082,1,0,1,0
P02,V2_video1_normal,normal,1098,36.607842857142856,1,0.15681099243624574,0.15927701947512238,0.15434496539736914,0.15883500600571268,0.6422222222222222,1.0,0.5776325452447104,0.1675903888989091,0.37261146707180975,0.013536815223501537,0,0,0.18630573353590488,0.006768407611750769,0,0,0,0
P02,V2_video1_normal,normal,1099,36.64118333333333,1,0.21631459944206188,0.21896081450088734,0.2136683843832364,0.15918191846494678,0.6422222222222222,1.0,0.4269693501575278,0.023990668408091942,0.22548000928280987,0.01403814830747663,0,0,0.11274000464140493,0.007019074153738315,0,0,0,0
P02,V2_video1_normal,normal,1100,36.67452380952381,1,0.23771974974411855,0.24396056283151446,0.23147893665672264,0.15725348461572827,0.6422222222222222,1.0,0.3904943576377796,0.01467544760022299,0.2025849026190013,0.010789177235679737,0,0,0.10129245130950065,0.005394588617839868,0,0,0,0
P02,V2_video1_normal,normal,1101,36.70786428571429,1,0.25035196013701766,0.25966915129663776,0.2410347689773976,0.15659185427595748,0.6422222222222222,1.0,0.08837138694707192,0.06506618414204224,0.07671878554455708,0.023252156654321777,0,0,0.03835939277227854,0.011626078327160888,0,0,0,0
P02,V2_video1_normal,normal,1102,36.74120476190476,1,0.2584837240066689,0.26880347505908836,0.24816397295424947,0.15698537341795463,0.64,1.0,0.04268597896525639,0.05658622987827966,0.049636104421768024,0.014216229833978161,0,0,0.024818052210884012,0.007108114916989081,0,0,0,0
P02,V2_video1_normal,normal,1103,36.774545238095236,1,0.2542735412533278,0.263697388637387,0.24484969386926853,0.15701440454286006,0.6377777777777778,1.0,0.05431486687854148,0.05709055591016177,0.05570271139435162,0.009230844956410246,0,0,0.02785135569717581,0.004615422478205123,0,0,0,0
P02,V2_video1_normal,normal,1104,36.80788571428571,1,0.25739866532395816,0.26574560978567796,0.24905172086223842,0.15651514813327586,0.6355555555555555,1.0,0.1575965810259532,0.015121571754365126,0.08635907639015916,0.020750703890495853,0,0,0.04317953819507958,0.010375351945247926,0,0,0,0
P02,V2_video1_normal,normal,1105,36.84122619047619,1,0.2611682476372852,0.2704558594568465,0.2518806358177238,0.15674640287214842,0.6333333333333333,1.0,0.058345460738968846,0.019678437621425626,0.039011949180197236,0.02069068092865698,0,0,0.019505974590098618,0.01034534046432849,0,0,0,0
P02,V2_video1_normal,normal,1106,36.87456666666667,1,0.26298815555370425,0.2712753925961123,0.25470091851129617,0.15725287219092576,0.6311111111111111,1.0,0.0566739245360236,0.023172086902956912,0.03992300571949026,0.011204472423703584,0,0,0.01996150285974513,0.005602236211851792,0,0,0,0
P02,V2_video1_normal,normal,1107,36.90790714285714,1,0.2691304621127944,0.2779044428969041,0.2603564813286847,0.15741563372828718,0.6288888888888889,1.0,0.07308111450321908,0.007609401111679737,0.04034525780744941,0.011671235691178452,0,0,0.020172628903724704,0.005835617845589226,0,0,0,0
P02,V2_video1_normal,normal,1108,36.941247619047616,1,0.2735810407720569,0.2791930578413499,0.267969023702764,0.15812207363911723,0.6266666666666667,1.0,0.3204298652108841,0.005591186745227628,0.16301052597805588,0.012073181010204376,0,0,0.08150526298902794,0.006036590505102188,0,0,0,0
P02,V2_video1_normal,normal,1109,36.9745880952381,1,0.27804781737164963,0.28737445699107944,0.2687211777522199,0.1579770062981113,0.6266666666666667,1.0,0.07072726976762478,0.00173716000291535,0.036232214885270064,0.016492281631866553,0,0,0.018116107442635032,0.008246140815933277,0,0,0,0
P02,V2_video1_normal,normal,1110,37.00792857142857,1,0.2803770220011409,0.2889131206563404,0.2718409233459414,0.15783678741447166,0.6266666666666667,1.0,0.41398043122185035,0.055441940893305564,0.23471118605757796,0.004197551364333034,0,0,0.11735559302878898,0.002098775682166517,0,0,0,0
P02,V2_video1_normal,normal,1111,37.041269047619046,1,0.2778646612333099,0.28772180594963853,0.26800751651698124,0.15692835500875785,0.6266666666666667,1.0,0.4446867845072193,0.029385849101138617,0.23703631680417897,0.007242562757624755,0,0,0.11851815840208949,0.0036212813788123774,0,0,0,0
P02,V2_video1_normal,normal,1112,37.07460952380952,1,0.27357936924355997,0.2827752882429417,0.2643834502441783,0.15707787449384514,0.6266666666666667,1.0,0.15091309464188307,0.034891579378764415,0.09290233701032374,0.006150097271521776,0,0,0.04645116850516187,0.003075048635760888,0,0,0,0
P02,V2_video1_normal,normal,1113,37.10795,1,0.27743325312623557,0.2866135776904701,0.2682529285620011,0.1573615796261656,0.6266666666666667,1.0,0.05780810365161815,0.09094952899687259,0.07437881632424537,0.004689374542781867,0,0,0.037189408162122684,0.0023446872713909334,0,0,0,0
P02,V2_video1_normal,normal,1114,37.14129047619048,1,0.28180270477381275,0.2914866242508717,0.2721187852967539,0.15754076244645082,0.6266666666666667,1.0,0.05461750578282387,0.003747935515667433,0.029182720649245653,0.0060269801540063905,0,0,0.014591360324622826,0.0030134900770031952,0,0,0,0
P02,V2_video1_normal,normal,1115,37.17463095238095,1,0.2842216340924393,0.2929772730461404,0.27546599513873815,0.15737201245199295,0.6266666666666667,1.0,0.04329365295941634,0.014398831280976077,0.028846242120196208,0.009790780216623746,0,0,0.014423121060098104,0.004895390108311873,0,0,0,0
P02,V2_video1_normal,normal,1116,37.207971428571426,1,0.2725427719306281,0.28081383963519335,0.26427170422606283,0.15795820291176393,0.6266666666666667,1.0,0.033777427641931035,0.01767348072944508,0.025725454185688057,0.0031183848876220146,0,0,0.012862727092844028,0.0015591924438110073,0,0,0,0
P02,V2_video1_normal,normal,1117,37.2413119047619,1,0.2733684656908353,0.28198513695565636,0.26475179442601426,0.15678626393606288,0.6266666666666667,1.0,0.10123335055160942,0.002111296576609467,0.051672323564109446,0.009186121769097425,0,0,0.025836161782054723,0.004593060884548712,0,0,0,0
P02,V2_video1_normal,normal,1118,37.27465238095238,1,0.2719954886409792,0.2809977026896573,0.2629932745923012,0.1564619961694209,0.6266666666666667,1.0,0.054205378773810486,0.004029328766634532,0.02911735377022251,0.0108361187012614,0,0,0.014558676885111255,0.0054180593506307,0,0,0,0
P02,V2_video1_normal,normal,1119,37.30799285714286,1,0.2732431635152717,0.28314507654162846,0.263341250488915,0.15710436940030165,0.6266666666666667,1.0,0.06319937591715918,0.0017258854724316874,0.032462630694795436,0.008292492341628325,0,0,0.016231315347397718,0.004146246170814162,0,0,0,0
P02,V2_video1_normal,normal,1120,37.34133333333333,1,0.2393248275974266,0.2432984309516202,0.235351224243233,0.15756837440310204,0.6266666666666667,1.0,0.18601339235301761,0.030817208156323717,0.10841530025467067,0.022124551660894734,0,0,0.05420765012733533,0.011062275830447367,0,0,0,0
P02,V2_video1_normal,normal,1121,37.374673809523806,1,0.08308775981705903,0.09002114099288573,0.07615437864123233,0.1572140713006986,0.6288888888888889,1.0,0.2956109975660359,0.2530361166519366,0.27432355710898626,0.018282421785440903,1,0,0.6371617785544932,0.009141210892720452,1,0,1,0
P02,V2_video1_normal,normal,1122,37.40801428571429,1,0.08848510076948282,0.09420020703791139,0.08276999450105427,0.15722413680597166,0.6311111111111111,1.0,0.21191385328227352,0.19024052570425032,0.20107718949326192,0.007620149928639601,1,0,0.600538594746631,0.0038100749643198003,1,0,1,0
P02,V2_video1_normal,normal,1123,37.44135476190476,1,0.08899372296852281,0.09417803354486591,0.08380941239217973,0.15749632619324758,0.6333333333333333,1.0,0.4777841158965068,0.26684288444402715,0.372313500170267,0.011653724649455147,1,0,0.6861567500851335,0.005826862324727573,1,0,1,0
P02,V2_video1_normal,normal,1124,37.47469523809524,1,0.13465316695641208,0.13316799452996425,0.1361383393828599,0.1584125284139822,0.6355555555555555,1.0,0.1945294983485777,0.07877598820117604,0.13665274327487686,0.01230326629372422,1,0,0.5683263716374385,0.00615163314686211,1,0,0,0
P02,V2_video1_normal,normal,1125,37.50803571428571,1,0.23321501655399102,0.23376024700682294,0.23266978610115913,0.1570038574313906,0.6355555555555555,1.0,0.12920589713965835,0.003917846333738373,0.06656187173669836,0.00753881675099882,0,0,0.03328093586834918,0.00376940837549941,0,0,0,0
P02,V2_video1_normal,normal,1126,37.54137619047619,1,0.2638917591306258,0.27024863107944763,0.25753488718180395,0.15704773212657588,0.6355555555555555,1.0,0.02016020570579935,0.002850080303565594,0.011505143004682472,0.013405090683822254,0,0,0.005752571502341236,0.006702545341911127,0,0,0,0
P02,V2_video1_normal,normal,1127,37.57471666666667,1,0.2844759067634842,0.2919479884484148,0.2770038250785537,0.15693460826310704,0.6355555555555555,1.0,0.01568942367637549,0.015612333654463129,0.01565087866541931,0.015591029906056935,0,0,0.007825439332709655,0.007795514953028468,0,0,0,0
P02,V2_video1_normal,normal,1128,37.60805714285714,1,0.2843590990239773,0.29352114883730845,0.2751970492106462,0.1571063030135348,0.6355555555555555,1.0,0.0525821688753606,0.03472360374293071,0.043652886309145655,0.01642841654695146,0,0,0.021826443154572828,0.00821420827347573,0,0,0,0
P02,V2_video1_normal,normal,1129,37.641397619047616,1,0.2863525072131248,0.29628083139381367,0.27642418303243593,0.157069279309152,0.6355555555555555,1.0,0.004310519162911919,0.019706223281348523,0.01200837122213022,0.010245381095229145,0,0,0.00600418561106511,0.005122690547614573,0,0,0,0
P02,V2_video1_normal,normal,1130,37.67473809523809,1,0.28562068848647676,0.29703481953183153,0.274206557441122,0.15717513592479748,0.6355555555555555,1.0,0.0039236695351606565,0.07661733496281964,0.04027050224899015,0.012528816865247466,0,0,0.020135251124495074,0.006264408432623733,0,0,0,0
P02,V2_video1_normal,normal,1131,37.70807857142857,1,0.28574075987046765,0.29471466729566337,0.276766852445272,0.15746401753814135,0.6355555555555555,1.0,0.020014788138300155,0.015632917574694205,0.01782385285649718,0.009820049411848298,0,0,0.00891192642824859,0.004910024705924149,0,0,0,0
P02,V2_video1_normal,normal,1132,37.74141904761905,1,0.30107428586265167,0.30860180154499156,0.2935467701803118,0.15791357765622066,0.6355555555555555,1.0,0.035262725429232034,0.0024083538258712345,0.018835539627551634,0.015019290228435728,0,0,0.009417769813775817,0.007509645114217864,0,0,0,0
P02,V2_video1_normal,normal,1133,37.77475952380952,1,0.2945974437804241,0.3022664097909422,0.286928477769906,0.15801116055864833,0.6355555555555555,1.0,0.050462851333935244,0.0075036567555517575,0.0289832540447435,0.0061124106637603344,0,0,0.01449162702237175,0.0030562053318801672,0,0,0,0
P02,V2_video1_normal,normal,1134,37.808099999999996,1,0.301538887529207,0.3074326036530479,0.29564517140536606,0.15748107306928902,0.6355555555555555,1.0,0.05326688065306795,0.0016472121165058695,0.02745704638478691,0.015130131437726542,0,0,0.013728523192393455,0.007565065718863271,0,0,0,0
P02,V2_video1_normal,normal,1135,37.84144047619048,1,0.3002606600835612,0.3084893310322324,0.29203198913489004,0.1570473894030146,0.6355555555555555,1.0,0.062134458078788035,0.0008191753688204795,0.03147681672380426,0.014958217727778313,0,0,0.01573840836190213,0.007479108863889156,0,0,0,0
P02,V2_video1_normal,normal,1136,37.87478095238095,1,0.30466762383831736,0.31422241594216116,0.2951128317344735,0.15651231984169742,0.6355555555555555,1.0,0.033015026369602296,0.000369434276819236,0.016692230323210766,0.011959261289191558,0,0,0.008346115161605383,0.005979630644595779,0,0,0,0
P02,V2_video1_normal,normal,1137,37.90812142857143,1,0.3110783857390582,0.31873192615909285,0.30342484531902364,0.15743654004920996,0.6355555555555555,1.0,0.15004588132437235,0.004143297301310467,0.07709458931284141,0.019337741831032523,0,0,0.038547294656420705,0.009668870915516261,0,0,0,0
P02,V2_video1_normal,normal,1138,37.9414619047619,1,0.30630446896639885,0.31299967724644134,0.2996092606863564,0.1577207195728415,0.6355555555555555,1.0,0.0059810670076113626,0.0004463074819286428,0.0032136872447700027,0.009496247512890287,0,0,0.0016068436223850013,0.004748123756445143,0,0,0,0
P02,V2_video1_normal,normal,1139,37.97480238095238,1,0.2667425770313181,0.27068922493420494,0.2627959291284312,0.15800744657672847,0.6355555555555555,1.0,0.01003792992456598,0.09325113697964604,0.05164453345210601,0.013520772194284153,0,0,0.025822266726053006,0.006760386097142077,0,0,0,0
P02,V2_video1_normal,normal,1140,38.00814285714286,1,0.05280215221401939,0.05729668599718787,0.04830761843085091,0.15845334695747768,0.6377777777777778,1.0,0.9402672669237133,0.4424684253557678,0.6913678461397406,0.018020393972722,1,0,0.8456839230698703,0.009010196986361,1,0,1,0
P02,V2_video1_normal,normal,1141,38.04148333333333,1,0.03949290460457046,0.03581224978178347,0.043173559427357455,0.1587741596970475,0.64,1.0,0.8074061155141254,0.6462517187536194,0.7268289171338724,0.016239655688573645,1,0,0.8634144585669362,0.008119827844286822,1,0,1,0
P02,V2_video1_normal,normal,1142,38.07482380952381,1,0.04256091449624726,0.039816271478402374,0.04530555751409213,0.1596622653537863,0.6422222222222222,1.0,0.8518922577111747,0.6682292769008805,0.7600607673060276,0.019133457750566765,1,0,0.8800303836530138,0.009566728875283382,1,0,1,0
P02,V2_video1_normal,normal,1143,38.10816428571429,1,0.05062765333379042,0.045375349321236644,0.055879957346344204,0.1585358983259154,0.6444444444444445,1.0,0.6961042555657534,0.8619241279219704,0.7790141917438619,0.01900121247776019,1,0,0.8895070958719309,0.009500606238880095,1,0,1,0
P02,V2_video1_normal,normal,1144,38.14150476190476,1,0.058685459312192254,0.05601952775610974,0.06135139086827477,0.15770942779935346,0.6466666666666666,1.0,0.9611241833735519,0.6854504756990816,0.8232873295363168,0.015413881668833458,1,0,0.9116436647681584,0.007706940834416729,1,0,1,0
P02,V2_video1_normal,normal,1145,38.17484523809524,1,0.07863633711558207,0.07613947712465019,0.08113319710651397,0.15741929561738396,0.6488888888888888,1.0,0.48937363023674374,0.654350900281986,0.5718622652593648,0.021257896024292216,1,0,0.7859311326296824,0.010628948012146108,1,0,1,0
P02,V2_video1_normal,normal,1146,38.20818571428571,1,0.14065120735089676,0.13392673334994087,0.14737568135185264,0.15708518116992903,0.6488888888888888,1.0,0.33210676868060507,0.11481664945697956,0.2234617090687923,0.019694017161345313,0,0,0.11173085453439616,0.009847008580672657,0,0,0,0
P02,V2_video1_normal,normal,1147,38.241526190476186,1,0.24007901572169732,0.24258623586528852,0.2375717955781061,0.1586842449020231,0.6488888888888888,1.0,0.2696895144130277,0.037985470283775524,0.1538374923484016,0.02051878753098761,0,0,0.0769187461742008,0.010259393765493806,0,0,0,0
P02,V2_video1_normal,normal,1148,38.27486666666667,1,0.2624844090206061,0.2666940720067798,0.2582747460344324,0.15816479038028136,0.6488888888888888,1.0,0.057001845430289966,0.03217991554985089,0.04459088049007043,0.0071196083240276055,0,0,0.022295440245035214,0.0035598041620138027,0,0,0,0
P02,V2_video1_normal,normal,1149,38.30820714285714,1,0.2753638674394602,0.28121664674271607,0.2695110881362042,0.15764448343741194,0.6488888888888888,1.0,0.11530990209185055,0.09868128168849677,0.10699559189017366,0.019155565292114162,0,0,0.05349779594508683,0.009577782646057081,0,0,0,0
P02,V2_video1_normal,normal,1150,38.34154761904762,1,0.2888848157765493,0.2950590075861145,0.2827106239669841,0.15811189150581428,0.6488888888888888,1.0,0.00786081125337923,0.002545858099056386,0.005203334676217808,0.004862811726587993,0,0,0.002601667338108904,0.0024314058632939964,0,0,0,0
P02,V2_video1_normal,normal,1151,38.37488809523809,1,0.28866650816041484,0.2959552515736989,0.2813777647471307,0.15720063445258045,0.6488888888888888,1.0,0.11065557907422052,0.0038743749937235616,0.05726497703397204,0.004228398002945056,0,0,0.02863248851698602,0.002114199001472528,0,0,0,0
P02,V2_video1_normal,normal,1152,38.40822857142857,1,0.29831009127338026,0.30483587179964444,0.29178431074711614,0.15763868896334252,0.6488888888888888,1.0,0.019142014849808375,0.000674900551561608,0.009908457700684992,0.003739267570329631,0,0,0.004954228850342496,0.0018696337851648154,0,0,0,0
P02,V2_video1_normal,normal,1153,38.44156904761905,1,0.29637699858340416,0.30527276681289245,0.28748123035391593,0.1569525920372022,0.6488888888888888,1.0,0.0141620369313884,0.00017288926550851347,0.007167463098448457,0.003152580903299519,0,0,0.0035837315492242283,0.0015762904516497594,0,0,0,0
P02,V2_video1_normal,normal,1154,38.47490952380952,1,0.3009688228338008,0.3084019100906218,0.2935357355769797,0.15769752593259206,0.6488888888888888,1.0,0.012104194069080698,0.001858532133579116,0.006981363101329907,0.00532761710447624,0,0,0.0034906815506649536,0.00266380855223812,0,0,0,0
P02,V2_video1_normal,normal,1155,38.50825,1,0.3004440576796892,0.31033662279479207,0.2905514925645863,0.15771345683787177,0.6488888888888888,1.0,0.025293030696802332,0.006862519962974489,0.01607777532988841,0.009225831179647781,0,0,0.008038887664944205,0.004612915589823891,0,0,0,0
P02,V2_video1_normal,normal,1156,38.54159047619048,1,0.29822217554256064,0.3067541174120236,0.2896902336730977,0.15761285482038012,0.6488888888888888,1.0,0.05775915372327112,0.005474085402420337,0.03161661956284573,0.007629826997192556,0,0,0.015808309781422863,0.003814913498596278,0,0,0,0
P02,V2_video1_normal,normal,1157,38.57493095238095,1,0.30689496945176736,0.3133504638707327,0.30043947503280205,0.1575326330955294,0.6488888888888888,1.0,0.05478397447461192,0.006003661244595393,0.030393817859603656,0.011414404966840316,0,0,0.015196908929801828,0.005707202483420158,0,0,0,0
P02,V2_video1_normal,normal,1158,38.60827142857143,1,0.30548247090930525,0.31144638351765497,0.29951855830095553,0.15788370640812477,0.6488888888888888,1.0,0.08203950395708248,0.0046241554566957,0.04333182970688909,0.008788774065595117,0,0,0.021665914853444546,0.0043943870327975585,0,0,0,0
P02,V2_video1_normal,normal,1159,38.6416119047619,1,0.2996619764152437,0.3080618117244959,0.29126214110599147,0.1574155268386928,0.6488888888888888,1.0,0.006793502194986312,0.014206970921128326,0.010500236558057319,0.011148228636903255,0,0,0.005250118279028659,0.005574114318451628,0,0,0,0
P02,V2_video1_normal,normal,1160,38.67495238095238,1,0.2980236058293503,0.30674618703094,0.28930102462776064,0.15734589801165166,0.6488888888888888,1.0,0.015264496872002264,0.018658654944181174,0.01696157590809172,0.01613449150146213,0,0,0.00848078795404586,0.008067245750731065,0,0,0,0
P02,V2_video1_normal,normal,1161,38.70829285714286,1,0.2961619268511873,0.3037880040224422,0.2885358496799324,0.1576123342230463,0.6488888888888888,1.0,0.017431488426016717,0.03622707260123681,0.026829280513626763,0.007639660860751395,0,0,0.013414640256813382,0.0038198304303756975,0,0,0,0
P02,V2_video1_normal,normal,1162,38.74163333333333,1,0.29717961971458184,0.30459956708028735,0.28975967234887634,0.1578140060858455,0.6488888888888888,1.0,0.008155153175302576,0.0035839039236399417,0.005869528549471259,0.008202509868874204,0,0,0.0029347642747356295,0.004101254934437102,0,0,0,0
P02,V2_video1_normal,normal,1163,38.77497380952381,1,0.2948251623658047,0.303153131417544,0.2864971933140653,0.1579386961643542,0.6488888888888888,1.0,0.007609584756459009,0.010059944755363426,0.008834764755911217,0.008255970182748795,0,0,0.004417382377955609,0.0041279850913743974,0,0,0,0
P02,V2_video1_normal,normal,1164,38.80831428571428,1,0.2960340105466408,0.3032366634801866,0.288831357613095,0.15792962762684098,0.6488888888888888,1.0,0.031287324818153106,0.012681930609535264,0.021984627713844185,0.01296386230022662,0,0,0.010992313856922092,0.00648193115011331,0,0,0,0
P02,V2_video1_normal,normal,1165,38.84165476190476,1,0.30327889949548126,0.31048492738595845,0.296072871605004,0.15805996818022558,0.6488888888888888,1.0,0.037525226674052004,0.09086358224740088,0.06419440446072644,0.013037401452458484,0,0,0.03209720223036322,0.006518700726229242,0,0,0,0
P02,V2_video1_normal,normal,1166,38.87499523809524,1,0.29939385181596734,0.3062056665882942,0.2925820370436405,0.15744937680808474,0.6488888888888888,1.0,0.0906171822109505,0.02804463113771849,0.059330906674334494,0.014398046325781533,0,0,0.029665453337167247,0.0071990231628907666,0,0,0,0
P02,V2_video1_normal,normal,1167,38.90833571428571,1,0.3061476307546307,0.3159164662763252,0.29637879523293614,0.15699914454858757,0.6488888888888888,1.0,0.029934191419977774,0.008003959700002339,0.018969075559990056,0.00793779883941104,0,0,0.009484537779995028,0.00396889941970552,0,0,0,0
P02,V2_video1_normal,normal,1168,38.94167619047619,1,0.30281981421789306,0.3093810716702698,0.2962585567655164,0.15698305232858398,0.6466666666666666,1.0,0.05885577080242044,0.012804344643837062,0.03583005772312875,0.006703078889289443,0,0,0.017915028861564375,0.0033515394446447214,0,0,0,0
P02,V2_video1_normal,normal,1169,38.97501666666667,1,0.304023066966258,0.3131389100633589,0.2949072238691571,0.15828872306702146,0.6444444444444445,1.0,0.1020511683660067,0.0046166115691475,0.0533338899675771,0.006238116204719596,0,0,0.02666694498378855,0.003119058102359798,0,0,0,0
P02,V2_video1_normal,normal,1170,39.00835714285714,1,0.30607315640104793,0.3136275547002791,0.2985187581018167,0.15745774724849126,0.6444444444444445,1.0,0.22833541095281018,0.002202394186613277,0.11526890256971173,0.011993487979652539,0,0,0.057634451284855864,0.005996743989826269,0,0,0,0
P02,V2_video1_normal,normal,1171,39.04169761904762,1,0.31123063229588505,0.317418164834021,0.30504309975774907,0.15774325002121922,0.6444444444444445,1.0,0.012230936045762197,0.0007233535444681749,0.006477144795115186,0.009855084877890025,0,0,0.003238572397557593,0.004927542438945012,0,0,0,0
P02,V2_video1_normal,normal,1172,39.07503809523809,1,0.3048684321307552,0.3117932567367222,0.29794360752478816,0.15784117034678097,0.6444444444444445,1.0,0.18947387206155364,0.001574453335419168,0.0955241626984864,0.008122749242420384,0,0,0.0477620813492432,0.004061374621210192,0,0,0,0
P02,V2_video1_normal,normal,1173,39.108378571428574,1,0.2970715718415803,0.30435048087694627,0.28979266280621435,0.15745137275779725,0.6444444444444445,1.0,0.0030158740896196745,0.0007115940700449519,0.0018637340798323132,0.01014137222216483,0,0,0.0009318670399161566,0.005070686111082415,0,0,0,0
P02,V2_video1_normal,normal,1174,39.14171904761905,1,0.302290016789504,0.306765460500344,0.29781457307866405,0.15801052275040042,0.6444444444444445,1.0,0.00385871263546933,0.004826349288403753,0.0043425309619365415,0.0055912874909327765,0,0,0.0021712654809682708,0.0027956437454663883,0,0,0,0
P02,V2_video1_normal,normal,1175,39.17505952380952,1,0.30054634696055493,0.3058981153917264,0.2951945785293834,0.15828243903526817,0.6444444444444445,1.0,0.001812934906365249,0.008543466296077606,0.005178200601221428,0.007041852414358531,0,0,0.002589100300610714,0.0035209262071792657,0,0,0,0
P02,V2_video1_normal,normal,1176,39.2084,1,0.2989773515374162,0.304637635815545,0.2933170672592875,0.15745031235995136,0.6444444444444445,1.0,0.10797394384117143,0.022968358267696387,0.06547115105443391,0.016427276248158824,0,0,0.032735575527216954,0.008213638124079412,0,0,0,0
P02,V2_video1_normal,normal,1177,39.24174047619047,1,0.2912406958808893,0.2976288268604668,0.2848525649013118,0.1572390244063396,0.6444444444444445,1.0,0.043223317614354384,0.012216778258877903,0.027720047936616143,0.009382236241003646,0,0,0.013860023968308072,0.004691118120501823,0,0,0,0
P02,V2_video1_normal,normal,1178,39.275080952380954,1,0.2793641428134629,0.28375585036468887,0.27497243526223697,0.15706942631947587,0.6444444444444445,1.0,0.07872499666362653,0.004498994850210769,0.04161199575691865,0.009214218311733982,0,0,0.020805997878459326,0.004607109155866991,0,0,0,0
P02,V2_video1_normal,normal,1179,39.30842142857143,1,0.24407701887501632,0.24898356430338014,0.23917047344665246,0.1574783193577627,0.6444444444444445,1.0,0.016370613813414647,0.02585118568159195,0.021110899747503298,0.018968318079491096,0,0,0.010555449873751649,0.009484159039745548,0,0,0,0
P02,V2_video1_normal,normal,1180,39.3417619047619,1,0.08463865024902457,0.09605271910736482,0.07322458139068433,0.15771668415673745,0.6466666666666666,1.0,0.8563040836376086,0.48799526476112,0.6721496741993642,0.012357102859659365,1,0,0.8360748370996821,0.006178551429829682,1,0,1,0
P02,V2_video1_normal,normal,1181,39.37510238095238,1,0.08514913647264713,0.08926797821508496,0.08103029473020928,0.15733258973845496,0.6488888888888888,1.0,0.31655346004708895,0.5429282917522891,0.429740875899689,0.011170412369785871,1,0,0.7148704379498445,0.005585206184892936,1,0,1,0
P02,V2_video1_normal,normal,1182,39.40844285714286,1,0.17909932358736563,0.18866141550482518,0.1695372316699061,0.1586095951101857,0.6488888888888888,1.0,0.128917803544221,0.037374919245320215,0.08314636139477061,0.012638044762734653,0,0,0.041573180697385304,0.006319022381367326,0,0,0,0
P02,V2_video1_normal,normal,1183,39.44178333333333,1,0.25196219588316354,0.26201261312917656,0.24191177863715052,0.15768503996650043,0.6488888888888888,1.0,0.015318792910203105,0.16001878331253472,0.08766878811136891,0.009500590133903211,0,0,0.043834394055684456,0.004750295066951606,0,0,0,0
P02,V2_video1_normal,normal,1184,39.47512380952381,1,0.27326865131417344,0.28249088166946534,0.2640464209588816,0.1574574574380558,0.6488888888888888,1.0,0.0035481095778658878,0.020254851428977316,0.011901480503421602,0.011404605517322797,0,0,0.005950740251710801,0.005702302758661399,0,0,0,0
P02,V2_video1_normal,normal,1185,39.50846428571428,1,0.29002372547833144,0.29763924250345425,0.28240820845320863,0.15767431493261178,0.6488888888888888,1.0,0.13422563195384374,0.006423940899631275,0.0703247864267375,0.004241742233671203,0,0,0.03516239321336875,0.0021208711168356014,0,0,0,0
P02,V2_video1_normal,normal,1186,39.541804761904764,1,0.3077168709292102,0.3161478887207949,0.29928585313762546,0.15760082373941056,0.6488888888888888,1.0,0.007590369150842102,0.0007507609820369687,0.0041705650664395355,0.00895697798777578,0,0,0.0020852825332197678,0.00447848899388789,0,0,0,0
P02,V2_video1_normal,normal,1187,39.57514523809524,1,0.31499544228191856,0.32173970986302236,0.30825117470081476,0.15710599616407772,0.6466666666666666,1.0,0.01569786496584369,0.0014668997548060725,0.00858238236032488,0.009721339620782615,0,0,0.00429119118016244,0.004860669810391308,0,0,0,0
P02,V2_video1_normal,normal,1188,39.60848571428571,1,0.31596814920275,0.3207182648741706,0.31121803353132943,0.1576322945648758,0.6444444444444445,1.0,0.00135698517535765,0.0015465844523795402,0.0014517848138685951,0.00678458298228292,0,0,0.0007258924069342976,0.00339229149114146,0,0,0,0
P02,V2_video1_normal,normal,1189,39.64182619047619,1,0.3108060741125956,0.31657881434162155,0.3050333338835696,0.15775814148679232,0.6422222222222222,1.0,0.01094065007181122,0.002844041364151506,0.006892345717981363,0.008147153861704623,0,0,0.0034461728589906815,0.004073576930852312,0,0,0,0
P02,V2_video1_normal,normal,1190,39.67516666666666,1,0.31117651391078216,0.31786647812245933,0.30448654969910494,0.15771656632067443,0.64,1.0,0.03990849181698475,0.0005979075285621471,0.020253199672773448,0.008052646779018992,0,0,0.010126599836386724,0.004026323389509496,0,0,0,0
P02,V2_video1_normal,normal,1191,39.708507142857144,1,0.31316768190184074,0.31898827298233856,0.30734709082134287,0.15785990598171393,0.6377777777777778,1.0,0.07136171485155296,0.0013876005744833941,0.03637465771301818,0.011904551108948313,0,0,0.01818732885650909,0.005952275554474157,0,0,0,0
P02,V2_video1_normal,normal,1192,39.74184761904762,1,0.31117508246555303,0.314783174632272,0.30756699029883405,0.1577577506283849,0.6377777777777778,1.0,0.21265745932080715,0.010026777102155382,0.11134211821148127,0.013460966063596126,0,0,0.05567105910574063,0.006730483031798063,0,0,0,0
P02,V2_video1_normal,normal,1193,39.77518809523809,1,0.31007802713312793,0.31338530378324875,0.30677075048300706,0.15780173983180917,0.6377777777777778,1.0,0.2034319814726009,0.02922561832890813,0.11632879990075451,0.007416425042068039,0,0,0.058164399950377255,0.0037082125210340195,0,0,0,0
P02,V2_video1_normal,normal,1194,39.80852857142857,1,0.3118172700670089,0.316885488850977,0.3067490512830407,0.1579148099409218,0.6377777777777778,1.0,0.03240207137349149,0.0032837709854783848,0.01784292117948494,0.010412415931063292,0,0,0.00892146058974247,0.005206207965531646,0,0,0,0
P02,V2_video1_normal,normal,1195,39.84186904761905,1,0.31375642476623267,0.3190096237684952,0.30850322576397016,0.1581122831981606,0.6377777777777778,1.0,0.05239658626955601,0.009685046054563218,0.031040816162059615,0.00517891919197923,0,0,0.015520408081029807,0.002589459595989615,0,0,0,0
P02,V2_video1_normal,normal,1196,39.875209523809524,1,0.31168053440115484,0.3157014054617107,0.30765966334059897,0.15812258170150686,0.6377777777777778,1.0,0.01629580356227489,0.009142606737351788,0.01271920514981334,0.005178845491148018,0,0,0.00635960257490667,0.002589422745574009,0,0,0,0
P02,V2_video1_normal,normal,1197,39.90855,1,0.31157599126433566,0.3164692252301204,0.30668275729855093,0.1576045839212585,0.6377777777777778,1.0,0.08716433659570721,0.015760074580098316,0.051462205587902765,0.005801668315992135,0,0,0.025731102793951383,0.0029008341579960673,0,0,0,0
P02,V2_video1_normal,normal,1198,39.94189047619047,1,0.31097477232483783,0.3155515061951816,0.3063980384544941,0.15688903151134473,0.6377777777777778,1.0,0.08487278031827017,0.0013610641762143993,0.043116922247242284,0.011683920747848353,0,0,0.021558461123621142,0.0058419603739241766,0,0,0,0
P02,V2_video1_normal,normal,1199,39.975230952380954,1,0.31391353543750233,0.3205060286893656,0.307321042185639,0.1569054041504292,0.6377777777777778,1.0,0.0235356729118279,0.0020839086395348927,0.012809790775681396,0.009994920797266929,0,0,0.006404895387840698,0.004997460398633464,0,0,0,0
P02,V2_video1_normal,normal,1200,40.00857142857143,1,0.31428050103761973,0.320843437729945,0.3077175643452944,0.1568722647818256,0.6377777777777778,1.0,0.04617586498867621,0.0021508458273724607,0.024163355408024334,0.010512476891050468,0,0,0.012081677704012167,0.005256238445525234,0,0,0,0
P02,V2_video1_normal,normal,1201,40.0419119047619,1,0.3159040068733463,0.3217669761070248,0.3100410376396678,0.15708786315659853,0.6355555555555555,1.0,0.003952378198123774,0.0017600306404890187,0.0028562044193063962,0.013598859656027052,0,0,0.0014281022096531981,0.006799429828013526,0,0,0,0
P02,V2_video1_normal,normal,1202,40.07525238095238,1,0.31333946308040883,0.3221809391241305,0.30449798703668723,0.15729222542853125,0.6333333333333333,1.0,0.100580760924048,0.004010340879595953,0.052295550901821974,0.014114761153111485,0,0,0.026147775450910987,0.007057380576555743,0,0,0,0
P02,V2_video1_normal,normal,1203,40.10859285714286,1,0.31920188129661015,0.32609979631643254,0.31230396627678775,0.15687174690095015,0.6311111111111111,1.0,0.29321267422950525,0.006448887743107701,0.14983078098630648,0.010612397588937244,0,0,0.07491539049315324,0.005306198794468622,0,0,0,0
P02,V2_video1_normal,normal,1204,40.141933333333334,1,0.3188816735122336,0.3284359828481021,0.30932736417636514,0.15739608679286474,0.6288888888888889,1.0,0.4853096558563176,0.003784835441093315,0.24454724564870545,0.017859307337656345,0,0,0.12227362282435272,0.008929653668828173,0,0,0,0
P02,V2_video1_normal,normal,1205,40.17527380952381,1,0.3142871480437086,0.32280049473502165,0.30577380135239557,0.1565650491451701,0.6266666666666667,1.0,0.19163060356819195,0.007855870426863754,0.09974323699752785,0.009758482035668955,0,0,0.049871618498763925,0.004879241017834477,0,0,0,0
P02,V2_video1_normal,normal,1206,40.20861428571428,1,0.3153927426670506,0.32108135125898263,0.30970413407511854,0.15681219932692106,0.6244444444444445,1.0,0.09369976543243985,0.0067687538862845065,0.05023425965936218,0.01883706449800345,0,0,0.02511712982968109,0.009418532249001726,0,0,0,0
P02,V2_video1_normal,normal,1207,40.24195476190476,1,0.31363675846473915,0.3192539798308205,0.30801953709865787,0.15691309541523923,0.6222222222222222,1.0,0.3233830748838621,0.027803677204006894,0.1755933760439345,0.011159999107272158,0,0,0.08779668802196725,0.005579999553636079,0,0,0,0
P02,V2_video1_normal,normal,1208,40.27529523809524,1,0.31608819345945127,0.321076835888453,0.31109955103044956,0.1570428597199234,0.62,1.0,0.08615053836101005,0.015507090649545918,0.050828814505277986,0.01316931593032205,0,0,0.025414407252638993,0.006584657965161025,0,0,0,0
P02,V2_video1_normal,normal,1209,40.308635714285714,1,0.3129565424683388,0.3187043458352988,0.3072087391013788,0.1567892142395461,0.6177777777777778,1.0,0.06172848203222048,0.01844311354886341,0.040085797790541944,0.018131425819910573,0,0,0.020042898895270972,0.009065712909955287,0,0,0,0
P02,V2_video1_normal,normal,1210,40.34197619047619,1,0.31508923104510766,0.3201606615344197,0.3100178005557957,0.156980700889251,0.6155555555555555,1.0,0.1381083639941495,0.0020178516699678184,0.07006310783205866,0.016421937911414053,0,0,0.03503155391602933,0.008210968955707026,0,0,0,0
P02,V2_video1_normal,normal,1211,40.37531666666666,1,0.3134532481840753,0.31941751051159806,0.30748898585655243,0.1572913990575577,0.6133333333333333,1.0,0.15652308414386595,0.004234538065944982,0.08037881110490547,0.014463721942341986,0,0,0.040189405552452734,0.007231860971170993,0,0,0,0
P02,V2_video1_normal,normal,1212,40.408657142857145,1,0.3179045540634319,0.32564958312927256,0.31015952499759114,0.157209346689785,0.6133333333333333,1.0,0.06950947806907848,0.026421311629331923,0.0479653948492052,0.013159831815552836,0,0,0.0239826974246026,0.006579915907776418,0,0,0,0
P02,V2_video1_normal,normal,1213,40.44199761904762,1,0.3165458040315075,0.325248181378679,0.307843426684336,0.15701691045805669,0.6133333333333333,1.0,0.14772612649269656,0.005399755563562758,0.07656294102812966,0.01027495743287113,0,0,0.03828147051406483,0.005137478716435565,0,0,0,0
P02,V2_video1_normal,normal,1214,40.475338095238094,1,0.3205305073376127,0.32827109976056146,0.3127899149146639,0.15696265423250022,0.6133333333333333,1.0,0.0502641455267433,0.0008851071400975963,0.025574626333420447,0.02234668377031104,0,0,0.012787313166710224,0.01117334188515552,0,0,0,0
P02,V2_video1_normal,normal,1215,40.50867857142857,1,0.31826343708500127,0.32449580683377055,0.31203106733623204,0.1570521099754609,0.6133333333333333,1.0,0.08210583643865177,0.0065559302463773506,0.04433088334251456,0.019425387333446422,0,0,0.02216544167125728,0.009712693666723211,0,0,0,0
P02,V2_video1_normal,normal,1216,40.54201904761905,1,0.3215683005800016,0.3296526484908396,0.31348395266916357,0.1571505485834819,0.6133333333333333,1.0,0.05006734883935604,0.003698815727289695,0.026883082283322868,0.011693455879182486,0,0,0.013441541141661434,0.005846727939591243,0,0,0,0
P02,V2_video1_normal,normal,1217,40.575359523809524,1,0.3172645134414943,0.3260152595361265,0.30851376734686214,0.15774675244924177,0.6133333333333333,1.0,0.03493099689164603,0.0018012723493535665,0.018366134620499797,0.012810011645981677,0,0,0.009183067310249898,0.006405005822990839,0,0,0,0
P02,V2_video1_normal,normal,1218,40.6087,1,0.3230735359035104,0.3307811058689388,0.31536596593808197,0.15767473599834964,0.6133333333333333,1.0,0.04088005645220438,0.003123675326711761,0.022001865889458072,0.005825408427068184,0,0,0.011000932944729036,0.002912704213534092,0,0,0,0
P02,V2_video1_normal,normal,1219,40.64204047619047,1,0.3277746495423559,0.33170763347812804,0.32384166560658373,0.15739066084749534,0.6133333333333333,1.0,0.07759302953009195,0.004325458130545079,0.040959243830318515,0.009359404451904597,0,0,0.020479621915159257,0.0046797022259522985,0,0,0,0
P02,V2_video1_normal,normal,1220,40.67538095238095,1,0.32378990122109275,0.3320392308913507,0.31554057155083487,0.15655141699319342,0.6133333333333333,1.0,0.10190505503249414,0.009346922978017647,0.055625989005255894,0.01166863982300864,0,0,0.027812994502627947,0.00583431991150432,0,0,0,0
P02,V2_video1_normal,normal,1221,40.70872142857143,1,0.3232304012887831,0.33194645512242194,0.3145143474551442,0.15711175067865865,0.6133333333333333,1.0,0.26106683636815486,0.015681987848760848,0.13837441210845786,0.015529469742176432,0,0,0.06918720605422893,0.007764734871088216,0,0,0,0
P02,V2_video1_normal,normal,1222,40.742061904761904,1,0.3196311715423343,0.3299368664136936,0.309325476670975,0.15716654300496466,0.6133333333333333,1.0,0.030411598822477015,0.08487605803088427,0.05764382842668064,0.0083401389850562,0,0,0.02882191421334032,0.0041700694925281,0,0,0,0
P02,V2_video1_normal,normal,1223,40.77540238095238,1,0.3147865530752382,0.32602156140113253,0.30355154474934376,0.15700518339595543,0.6133333333333333,1.0,0.03503918720681731,0.01686092079338808,0.025950054000102696,0.014875174117050157,0,0,0.012975027000051348,0.007437587058525079,0,0,0,0
P02,V2_video1_normal,normal,1224,40.80874285714285,1,0.32321267689266886,0.3310195505016638,0.3154058032836739,0.15680863424560515,0.6133333333333333,1.0,0.36866097720028324,0.006416500792188584,0.1875387389962359,0.009445297362062344,0,0,0.09376936949811795,0.004722648681031172,0,0,0,0
P02,V2_video1_normal,normal,1225,40.842083333333335,1,0.32481123936580736,0.3337750631136332,0.3158474156179816,0.15726506557700776,0.6133333333333333,1.0,0.22335696108112912,0.012079177038768485,0.1177180690599488,0.009119564160131826,0,0,0.0588590345299744,0.004559782080065913,0,0,0,0
P02,V2_video1_normal,normal,1226,40.87542380952381,1,0.32282972254487,0.3331214460175053,0.31253799907223473,0.15706490771492632,0.6133333333333333,1.0,0.2947814656586941,0.0030599383193049556,0.14892070198899954,0.011973039649210374,0,0,0.07446035099449977,0.005986519824605187,0,0,0,0
P02,V2_video1_normal,normal,1227,40.908764285714284,1,0.3249176983763498,0.3361938671260478,0.3136415296266518,0.15745573954518638,0.6133333333333333,1.0,0.04344897769275813,0.005639659192466007,0.024544318442612068,0.007031637207982766,0,0,0.012272159221306034,0.003515818603991383,0,0,0,0
P02,V2_video1_normal,normal,1228,40.94210476190476,1,0.325132039800263,0.3359066317357591,0.31435744786476694,0.15700855325200616,0.6133333333333333,1.0,0.030297495874026414,0.008578328890934572,0.019437912382480493,0.00928260912072205,0,0,0.009718956191240247,0.004641304560361025,0,0,0,0
P02,V2_video1_normal,normal,1229,40.97544523809524,1,0.3264705641596568,0.3365099813381078,0.31643114698120584,0.15764550234829752,0.6133333333333333,1.0,0.14253263413187856,0.004571962863841428,0.07355229849785999,0.01566045825574326,0,0,0.036776149248929996,0.00783022912787163,0,0,0,0
P02,V2_video1_normal,normal,1230,41.008785714285715,1,0.3197277165061465,0.3318733804832428,0.3075820525290503,0.1577356970933912,0.6133333333333333,1.0,0.06964455883690812,0.0005275216531397398,0.03508604024502393,0.019478502014989813,0,0,0.017543020122511965,0.009739251007494907,0,0,0,0
P02,V2_video1_normal,normal,1231,41.04212619047619,1,0.32443502385423023,0.3357003884513261,0.31316965925713436,0.1574475821096818,0.6133333333333333,1.0,0.4326187455167507,0.018606984573423135,0.22561286504508693,0.024078426731958858,0,0,0.11280643252254346,0.012039213365979429,0,0,0,0
P02,V2_video1_normal,normal,1232,41.075466666666664,1,0.32407538452470414,0.33552572407451087,0.3126250449748974,0.15754327758813302,0.6133333333333333,1.0,0.10963369982069571,0.023958260462447756,0.06679598014157173,0.026738062157611826,0,0,0.033397990070785866,0.013369031078805913,0,0,0,0
P02,V2_video1_normal,normal,1233,41.108807142857145,1,0.32365077481237925,0.3351520552947857,0.3121494943299728,0.1574175401067495,0.6133333333333333,1.0,0.4813027471503415,0.01673988363841894,0.24902131539438022,0.020249013804673827,0,0,0.12451065769719011,0.010124506902336914,0,0,0,0
P02,V2_video1_normal,normal,1234,41.14214761904762,1,0.32257440565258916,0.3346356764756982,0.3105131348294801,0.15748608896305877,0.6133333333333333,1.0,0.06522389997715983,0.01353308438837586,0.039378492182767844,0.018932800117716087,0,0,0.019689246091383922,0.009466400058858043,0,0,0,0
P02,V2_video1_normal,normal,1235,41.175488095238094,1,0.3287780057280281,0.3415471930541734,0.31600881840188283,0.15727132806597038,0.6133333333333333,1.0,0.0053402207834667426,0.0017478423463732629,0.0035440315649200027,0.01343832793782325,0,0,0.0017720157824600014,0.006719163968911625,0,0,0,0
P02,V2_video1_normal,normal,1236,41.20882857142857,1,0.32259786049758765,0.33583559785380157,0.3093601231413737,0.15715720061086444,0.6133333333333333,1.0,0.005176271530197507,0.001575071106871162,0.0033756713185343346,0.012889585821878564,0,0,0.0016878356592671673,0.006444792910939282,0,0,0,0
P02,V2_video1_normal,normal,1237,41.24216904761904,1,0.3263074983745369,0.3403013693700113,0.3123136273790625,0.15710326047335033,0.6133333333333333,1.0,0.05836854549323367,0.0012419914108489083,0.02980526845204129,0.01992243306939343,0,0,0.014902634226020645,0.009961216534696714,0,0,0,0
P02,V2_video1_normal,normal,1238,41.275509523809525,1,0.3287134653896051,0.3412447474293261,0.3161821833498841,0.15722911225752656,0.6133333333333333,1.0,0.06121314449438098,0.006444028678229352,0.033828586586305165,0.024019983342231477,0,0,0.016914293293152582,0.012009991671115739,0,0,0,0
P02,V2_video1_normal,normal,1239,41.30885,1,0.3006891482742863,0.3084372649150695,0.292941031633503,0.15651125276570096,0.6133333333333333,1.0,0.08421084458285177,0.02258336918052306,0.05339710688168742,0.026552429481424566,0,0,0.02669855344084371,0.013276214740712283,0,0,0,0
P02,V2_video1_normal,normal,1240,41.342190476190474,1,0.08414503001904708,0.09144515001390552,0.07684491002418865,0.1559293891987837,0.6155555555555555,1.0,0.16123027688104696,0.07860481566880617,0.11991754627492657,0.012741504888457919,1,0,0.5599587731374633,0.0063707524442289595,1,0,0,0
P02,V2_video1_normal,normal,1241,41.37553095238095,1,0.05382223299686278,0.0540582630012124,0.053586202992513154,0.15534689623571243,0.6155555555555555,1.0,0.47406778378724324,0.18475501338045974,0.3294113985838515,0.006793785330941502,1,0,0.6647056992919258,0.003396892665470751,1,0,1,0
P02,V2_video1_normal,normal,1242,41.40887142857143,1,0.0814663040515731,0.08095929164669716,0.08197331645644902,0.15628584985494998,0.6155555555555555,1.0,0.16551085541943011,0.08176476237423536,0.12363780889683273,0.01159508275673609,1,0,0.5618189044484163,0.005797541378368045,1,0,0,0
P02,V2_video1_normal,normal,1243,41.442211904761905,1,0.16527101669708816,0.16786424761637408,0.1626777857778022,0.15740487205194137,0.6133333333333333,1.0,0.12077095483494182,0.08466010451442918,0.1027155296746855,0.011875475764454739,0,0,0.05135776483734275,0.0059377378822273695,0,0,0,0
P02,V2_video1_normal,normal,1244,41.47555238095238,1,0.2282767676394153,0.22964051864544324,0.22691301663338737,0.15869336551135263,0.6111111111111112,1.0,0.24441053202509044,0.036560631349678685,0.14048558168738456,0.008367319548056404,0,0,0.07024279084369228,0.004183659774028202,0,0,0,0
P02,V2_video1_normal,normal,1245,41.508892857142854,1,0.2568512406988227,0.2626887705553116,0.25101371084233376,0.15793688275433299,0.6088888888888889,1.0,0.009357198559768909,0.03231847139400046,0.020837834976884684,0.007809324273696754,0,0,0.010418917488442342,0.003904662136848377,0,0,0,0
P02,V2_video1_normal,normal,1246,41.542233333333336,1,0.2791543826885369,0.2847235680845414,0.2735851972925324,0.15744258345962314,0.6066666666666667,1.0,0.009778430926604798,0.006257140292310948,0.008017785609457873,0.007112903720516226,0,0,0.004008892804728936,0.003556451860258113,0,0,0,0
P02,V2_video1_normal,normal,1247,41.57557380952381,1,0.28306738577178403,0.2917363230794415,0.27439844846412653,0.15715456383396134,0.6044444444444445,1.0,0.035366862170984725,0.018305505124956545,0.026836183647970635,0.009568731230307534,0,0,0.013418091823985318,0.004784365615153767,0,0,0,0
P02,V2_video1_normal,normal,1248,41.608914285714285,1,0.29424852432047,0.3012655712189656,0.28723147742197436,0.15754744791118108,0.6022222222222222,1.0,0.030130630024206795,0.04264885518830386,0.036389742606255326,0.007067220709933364,0,0,0.018194871303127663,0.003533610354966682,0,0,0,0
P02,V2_video1_normal,normal,1249,41.64225476190476,1,0.29742018787669955,0.30663627905052,0.28820409670287916,0.158251774083585,0.6,1.0,0.0642740239955698,0.0018137116891715488,0.03304386784237068,0.014499013986985927,0,0,0.01652193392118534,0.007249506993492963,0,0,0,0
P02,V2_video1_normal,normal,1250,41.675595238095234,1,0.30042616477148654,0.3097313470832291,0.29112098245974405,0.15807701394978993,0.5977777777777777,1.0,0.05337509807906271,0.0026566818583616536,0.028015889968712182,0.017544815923280777,0,0,0.014007944984356091,0.008772407961640388,0,0,0,0
P02,V2_video1_normal,normal,1251,41.708935714285715,1,0.3009670617308472,0.3106147152559232,0.2913194082057712,0.15779868980703957,0.5955555555555555,1.0,0.11728819361010889,0.0023801133399901087,0.0598341534750495,0.005868408728772724,0,0,0.02991707673752475,0.002934204364386362,0,0,0,0
P02,V2_video1_normal,normal,1252,41.74227619047619,1,0.3033053974183906,0.31339070284284387,0.2932200919939372,0.1578286740034782,0.5933333333333334,1.0,0.06206967622945292,0.003484384364144777,0.03277703029679885,0.007428516921524969,0,0,0.016388515148399424,0.0037142584607624844,0,0,0,0
P02,V2_video1_normal,normal,1253,41.775616666666664,1,0.3016873476614345,0.31349453094547125,0.2898801643773978,0.15826801741954633,0.5911111111111111,1.0,0.057746542866304096,0.009507907050057107,0.0336272249581806,0.006867406211625115,0,0,0.0168136124790903,0.0034337031058125577,0,0,0,0
P02,V2_video1_normal,normal,1254,41.80895714285714,1,0.3004906164838974,0.31173193469538313,0.28924929827241175,0.1585701068439811,0.5888888888888889,1.0,0.20358780266091825,0.017186178149319775,0.11038699040511901,0.008536384735601346,0,0,0.055193495202559506,0.004268192367800673,0,0,0,0
P02,V2_video1_normal,normal,1255,41.84229761904762,1,0.30316309734136915,0.3138029202608112,0.29252327442192716,0.15862323573110093,0.5866666666666667,1.0,0.04559212635057275,0.02260703185295354,0.034099579101763144,0.00244366692480101,0,0,0.017049789550881572,0.001221833462400505,0,0,0,0
P02,V2_video1_normal,normal,1256,41.875638095238095,1,0.30466874278468475,0.3171837669168982,0.2921537186524713,0.15907695710520728,0.5844444444444444,1.0,0.08438081963291433,0.021895385506480736,0.05313810256969753,0.005778123004087533,0,0,0.026569051284848766,0.0028890615020437664,0,0,0,0
P02,V2_video1_normal,normal,1257,41.90897857142857,1,0.30180462134544217,0.3125446070833068,0.2910646356075776,0.15943691645885624,0.5822222222222222,1.0,0.029648820234455475,0.013104548447098519,0.021376684340776997,0.00479144345818436,0,0,0.010688342170388498,0.00239572172909218,0,0,0,0
P02,V2_video1_normal,normal,1258,41.942319047619044,1,0.2805873362445168,0.2896880879383262,0.27148658455070745,0.16060091058362116,0.58,1.0,0.020977760873447382,0.027857643580052383,0.024417702226749882,0.036921696085039264,0,0,0.012208851113374941,0.018460848042519632,0,0,0,0
P02,V2_video1_normal,normal,1259,41.975659523809526,1,0.04160896492708046,0.049481131571206705,0.033736798282954214,0.16131241866118706,0.58,1.0,0.24884432090042063,0.07169396995276878,0.1602691454265947,0.013535420816590501,1,0,0.5801345727132974,0.006767710408295251,1,0,1,0
P02,V2_video1_normal,normal,1260,42.009,1,0.04942440404678004,0.054337579029740145,0.04451122906381995,0.1697940561337183,0.58,1.0,0.32301879194737537,0.5929634899079097,0.45799114092764254,0.03189011659851655,1,1,0.7289955704638212,0.5159450582992583,1,1,1,0
P02,V2_video1_normal,normal,1261,42.042340476190475,1,0.06901794224159827,0.07113080124964302,0.06690508323355353,0.23313874770562446,0.58,1.0,0.2161253166717324,0.22956582569210893,0.22284557118192067,0.9758547008720447,1,1,0.6114227855909603,0.9879273504360224,1,1,1,1
P02,V2_video1_normal,normal,1262,42.07568095238095,1,0.13033928168572767,0.1309088205766833,0.12976974279477205,0.23657240507175245,0.58,1.0,0.1559903226709498,0.4031660521169984,0.2795781873939741,0.9896477031327249,1,1,0.639789093696987,0.9948238515663624,1,1,1,1
P02,V2_video1_normal,normal,1263,42.10902142857143,1,0.22919637366583154,0.23277149020848745,0.22562125712317563,0.22082202989576608,0.5777777777777777,1.0,0.18274591791376438,0.03157295450455999,0.10715943620916218,0.9319770846795074,0,1,0.05357971810458109,0.9659885423397536,0,1,0,1
P02,V2_video1_normal,normal,1264,42.142361904761906,1,0.25658785847396137,0.25944101951811777,0.25373469742980503,0.195694935174772,0.5755555555555556,1.0,0.30880362371216175,0.040707642825285495,0.17475563326872362,0.2698929153644197,0,1,0.08737781663436181,0.6349464576822099,0,1,0,1
P02,V2_video1_normal,normal,1265,42.17570238095238,1,0.27026083661681954,0.2761840618562848,0.2643376113773543,0.1820202530498769,0.5733333333333334,1.0,0.0814061503295429,0.07216822075150753,0.07678718554052522,0.4821737800792683,0,1,0.03839359277026261,0.7410868900396341,0,1,0,1
P02,V2_video1_normal,normal,1266,42.209042857142855,1,0.284076575771151,0.2916856994435153,0.27646745209878665,0.17979586402977776,0.5711111111111111,1.0,0.21097399859088595,0.0016887897754189751,0.10633139418315246,0.18151833372690687,0,1,0.05316569709157623,0.5907591668634534,0,1,0,1
P02,V2_video1_normal,normal,1267,42.24238333333333,1,0.28585466439679297,0.2913651701897936,0.2803441586037924,0.17801949552455654,0.5688888888888889,1.0,0.026567260483665867,0.0937144856994302,0.06014087309154803,0.2163680079690007,0,1,0.030070436545774015,0.6081840039845003,0,1,0,1
P02,V2_video1_normal,normal,1268,42.27572380952381,1,0.2945088702957831,0.30373862768172405,0.2852791129098422,0.175436387476804,0.5666666666666667,1.0,0.17179687925862674,0.018874070696451306,0.09533547497753903,0.12054124388803024,0,1,0.04766773748876951,0.5602706219440151,0,1,0,0
P02,V2_video1_normal,normal,1269,42.309064285714285,1,0.2893763638913303,0.2946470594725008,0.2841056683101598,0.17825059597226336,0.5644444444444444,1.0,0.10998085576095573,0.011271386252519444,0.06062612100673759,0.0678589527673093,0,1,0.030313060503368794,0.5339294763836546,0,1,0,0
P02,V2_video1_normal,normal,1270,42.34240476190476,1,0.29624243162764463,0.3047661527868326,0.2877187104684566,0.1788520604805545,0.5622222222222222,1.0,0.09567619500986047,0.007821241290264402,0.051748718150062434,0.06816314762237156,0,1,0.025874359075031217,0.5340815738111858,0,1,0,0
P02,V2_video1_normal,normal,1271,42.375745238095234,1,0.3048786351404522,0.31292332031752057,0.29683394996338386,0.18457282696956573,0.56,1.0,0.08936868743467707,0.06069340319653804,0.07503104531560756,0.08047508476716042,0,1,0.03751552265780378,0.5402375423835802,0,1,0,0
P02,V2_video1_normal,normal,1272,42.409085714285716,1,0.30399471727539196,0.30926087267021457,0.2987285618805693,0.18153275046064546,0.5577777777777778,1.0,0.14546115445653252,0.0016402728358309027,0.07355071364618171,0.10079971862753544,0,1,0.036775356823090855,0.5503998593137677,0,1,0,0
P02,V2_video1_normal,normal,1273,42.44242619047619,1,0.3055655920484862,0.314534704340815,0.29659647975615744,0.17873050335276003,0.5555555555555556,1.0,0.28241084752483725,0.007645602669467455,0.14502822509715235,0.05220199600256378,0,1,0.07251411254857618,0.5261009980012818,0,1,0,0
P02,V2_video1_normal,normal,1274,42.475766666666665,1,0.3047169945280157,0.31301184816607736,0.2964221408899541,0.1812817039336499,0.5533333333333333,1.0,0.14795267801709733,0.013976598662172823,0.08096463833963508,0.068630580260142,0,1,0.04048231916981754,0.534315290130071,0,1,0,0
P02,V2_video1_normal,normal,1275,42.50910714285714,1,0.30085268547468,0.3089335526434417,0.2927718183059183,0.17985285168020365,0.5511111111111111,1.0,0.1964824476910153,0.006030157488909227,0.10125630258996227,0.051795374543737886,0,1,0.05062815129498113,0.5258976872718689,0,1,0,0
P02,V2_video1_normal,normal,1276,42.54244761904762,1,0.30170033102665805,0.310247608789643,0.2931530532636731,0.17981813991600618,0.5488888888888889,1.0,0.0611580486246458,0.005219895416081921,0.03318897202036386,0.02517303721563054,0,1,0.01659448601018193,0.5125865186078152,0,1,0,0
P02,V2_video1_normal,normal,1277,42.575788095238096,1,0.29965542186913663,0.3088304956753648,0.2904803480629084,0.17564244841426332,0.5466666666666666,1.0,0.11783210685323742,0.003770008240753353,0.060801057546995385,0.038548524575408506,0,1,0.030400528773497693,0.5192742622877042,0,1,0,0
P02,V2_video1_normal,normal,1278,42.60912857142857,1,0.30718759600145584,0.3183878523371255,0.29598733966578616,0.1724096842710929,0.5444444444444444,1.0,0.05108833080246722,0.01949548044821403,0.035291905625340625,0.017142860184881138,0,1,0.017645952812670312,0.5085714300924405,0,1,0,0
P02,V2_video1_normal,normal,1279,42.642469047619045,1,0.3038993887167317,0.30967955405153963,0.29811922338192387,0.17347888658697344,0.5422222222222223,1.0,0.539830901772871,0.014480302595314076,0.2771556021840925,0.0150987006907227,0,1,0.13857780109204626,0.5075493503453613,0,1,0,0
P02,V2_video1_normal,normal,1280,42.67580952380952,1,0.30546642101812005,0.31574120957777513,0.295191632458465,0.1714613173310147,0.54,1.0,0.07722070792002256,0.05298103091737638,0.06510086941869947,0.01592618371421009,0,1,0.032550434709349735,0.5079630918571051,0,1,0,0
P02,V2_video1_normal,normal,1281,42.70915,1,0.30512602790358134,0.3149269972068046,0.29532505860035807,0.16931441302138167,0.5377777777777778,1.0,0.26480310826772424,0.022915364416482897,0.14385923634210357,0.014143774123572515,0,1,0.07192961817105178,0.5070718870617863,0,1,0,0
P02,V2_video1_normal,normal,1282,42.742490476190476,1,0.3069365110763136,0.31829369072353625,0.295579331429091,0.1698506654129597,0.5355555555555556,1.0,0.31375170230404137,0.017403693103901774,0.16557769770397157,0.017594471480545455,0,1,0.08278884885198579,0.5087972357402727,0,1,0,0
P02,V2_video1_normal,normal,1283,42.77583095238095,1,0.3067176863495208,0.3169943150692838,0.2964410576297578,0.16948044761889056,0.5333333333333333,1.0,0.067025433542794,0.0029417844984270802,0.03498360902061054,0.01008716268507055,0,1,0.01749180451030527,0.5050435813425352,0,1,0,0
P02,V2_video1_normal,normal,1284,42.809171428571425,1,0.3121313417206776,0.3236375446227697,0.3006251388185855,0.1684557026750448,0.5311111111111111,1.0,0.06814617358700281,0.00343463702160407,0.03579040530430344,0.008384722172948052,0,1,0.01789520265215172,0.504192361086474,0,1,0,0
P02,V2_video1_normal,normal,1285,42.842511904761906,1,0.3128892690740699,0.3226274916620872,0.3031510464860525,0.16822475532323947,0.5288888888888889,1.0,0.18574838707313257,0.017740096066215405,0.10174424156967399,0.011906413426155792,0,1,0.050872120784836994,0.5059532067130779,0,1,0,0
P02,V2_video1_normal,normal,1286,42.87585238095238,1,0.308348209664134,0.3186477874615775,0.29804863186669045,0.16843224435289952,0.5266666666666666,1.0,0.07820661513482408,0.018264859762394114,0.048235737448609095,0.003251659833746129,0,1,0.024117868724304548,0.5016258299168731,0,1,0,0
P02,V2_video1_normal,normal,1287,42.909192857142855,1,0.3009181258292879,0.31151385368872914,0.2903223979698467,0.170849392349437,0.5244444444444445,1.0,0.5448721317809492,0.014652835051869428,0.2797624834164093,0.004911249128625678,0,1,0.13988124170820465,0.5024556245643128,0,1,0,0
P02,V2_video1_normal,normal,1288,42.94253333333333,1,0.3025172570875877,0.31447908588443063,0.29055542829074477,0.16931673883378687,0.5222222222222223,1.0,0.22895096314657049,0.00922401816496421,0.11908749065576735,0.00551701255108474,0,1,0.059543745327883674,0.5027585062755424,0,1,0,0
P02,V2_video1_normal,normal,1289,42.97587380952381,1,0.3052704525300655,0.3171491068882299,0.29339179817190114,0.1692554862601463,0.52,1.0,0.10236353551243083,0.039400520713582465,0.07088202811300665,0.005735617288497584,0,1,0.03544101405650332,0.5028678086442487,0,1,0,0
P02,V2_video1_normal,normal,1290,43.009214285714286,1,0.2999730425540645,0.3119422494097288,0.28800383569840016,0.1724869373981128,0.5177777777777778,1.0,0.14165109259684894,0.15555903059954246,0.1486050615981957,0.009829067022970683,0,1,0.07430253079909785,0.5049145335114853,0,1,0,0
P02,V2_video1_normal,normal,1291,43.04255476190476,1,0.3041896666847709,0.31467020595670353,0.2937091274128383,0.17347495807919167,0.5155555555555555,1.0,0.17523656595976644,0.01117279329054488,0.09320467962515566,0.007946214445046038,0,1,0.04660233981257783,0.503973107222523,0,1,0,0
P02,V2_video1_normal,normal,1292,43.075895238095235,1,0.3053371382753476,0.3167268724677589,0.29394740408293635,0.16885852003048193,0.5133333333333333,1.0,0.17669185509192087,0.016304122124686682,0.09649798860830378,0.007705248022549117,0,1,0.04824899430415189,0.5038526240112745,0,1,0,0
P02,V2_video1_normal,normal,1293,43.10923571428572,1,0.3006683171315043,0.3110605774631924,0.2902760567998162,0.16479272851760632,0.5111111111111111,1.0,0.18658585092598856,0.030274487120080962,0.10843016902303476,0.0026866614124045106,0,1,0.05421508451151738,0.5013433307062023,0,1,0,0
P02,V2_video1_normal,normal,1294,43.14257619047619,1,0.3037963791348098,0.31404450119799293,0.29354825707162663,0.16247009381694152,0.5088888888888888,1.0,0.058997701968303784,0.01876801557982588,0.03888285877406483,0.01077931887448575,0,1,0.019441429387032416,0.5053896594372429,0,1,0,0
P02,V2_video1_normal,normal,1295,43.175916666666666,1,0.30700803382652603,0.31639254090995483,0.2976235267430972,0.16137626175668718,0.5066666666666667,1.0,0.13350783497012542,0.016399601667102526,0.07495371831861397,0.009179535918743273,0,0,0.037476859159306986,0.004589767959371637,0,0,0,0
P02,V2_video1_normal,normal,1296,43.20925714285714,1,0.31085387700034794,0.3171538539720479,0.30455390002864796,0.15950864526198583,0.5044444444444445,1.0,0.04771487261545315,0.019160995271302994,0.03343793394337807,0.0037227908505256158,0,0,0.016718966971689037,0.0018613954252628079,0,0,0,0
P02,V2_video1_normal,normal,1297,43.242597619047615,1,0.3105389531641166,0.31691336435086953,0.30416454197736376,0.15894478309370763,0.5022222222222222,1.0,0.07637397269004031,0.006760334389306011,0.04156715353967316,0.014099189603190539,0,0,0.02078357676983658,0.0070495948015952695,0,0,0,0
P02,V2_video1_normal,normal,1298,43.2759380952381,1,0.3099234823010328,0.3155634931688091,0.30428347143325646,0.1588118697047088,0.5,1.0,0.614861253362708,0.01621423904653163,0.31553774620461983,0.00663459478786568,0,0,0.15776887310230991,0.00331729739393284,0,0,0,0
P02,V2_video1_normal,normal,1299,43.30927857142857,1,0.3063008561869154,0.31397095535669894,0.29863075701713176,0.15835807910403357,0.49777777777777776,1.0,0.0561447392774882,0.026440434592228,0.0412925869348581,0.016013181061779024,0,0,0.02064629346742905,0.008006590530889512,0,0,0,0
P02,V2_video1_normal,normal,1300,43.342619047619046,1,0.3026712057287494,0.31041839864495724,0.29492401281254155,0.15864260373665542,0.4955555555555556,1.0,0.27398049402519986,0.02210904626848076,0.1480447701468403,0.015958807383851425,0,0,0.07402238507342015,0.007979403691925712,0,0,0,0
P02,V2_video1_normal,normal,1301,43.37595952380952,1,0.30228271310576327,0.30838682852398125,0.29617859768754523,0.15836866806022126,0.49333333333333335,1.0,0.10242988940427422,0.14709100455250623,0.12476044697839023,0.013989971220218474,0,0,0.062380223489195114,0.006994985610109237,0,0,0,0
P02,V2_video1_normal,normal,1302,43.4093,1,0.3026938305337825,0.31024252594810764,0.29514513511945734,0.15878901133149992,0.4911111111111111,1.0,0.11721502572055253,0.10461713595155508,0.11091608083605381,0.019319913282265084,0,0,0.055458040418026905,0.009659956641132542,0,0,0,0
P02,V2_video1_normal,normal,1303,43.442640476190476,1,0.29820113605103404,0.3054239498740943,0.2909783222279738,0.15874529759101036,0.4888888888888889,1.0,0.2310821426397427,0.013744957566826033,0.12241355010328436,0.008789380567697607,0,0,0.06120677505164218,0.0043946902838488035,0,0,0,0
P02,V2_video1_normal,normal,1304,43.47598095238095,1,0.30157695703605053,0.31133908352838785,0.2918148305437132,0.1589318420916366,0.4866666666666667,1.0,0.15099242103035881,0.012768783541194817,0.08188060228577682,0.0073031824172470955,0,0,0.04094030114288841,0.0036515912086235477,0,0,0,0
P02,V2_video1_normal,normal,1305,43.509321428571425,1,0.30571563235823307,0.3137286695697928,0.29770259514667335,0.15832789280944823,0.48444444444444446,1.0,0.19858021069953424,0.03863128305876873,0.11860574687915149,0.005260734976022739,0,0,0.05930287343957574,0.0026303674880113694,0,0,0,0
P02,V2_video1_normal,normal,1306,43.54266190476191,1,0.3056126516896662,0.3095060070477745,0.3017192963315579,0.15826935531634634,0.4822222222222222,1.0,0.5605482440618753,0.22062439005755374,0.3905863170597145,0.0027627267600393527,0,0,0.19529315852985726,0.0013813633800196764,0,0,0,0
P02,V2_video1_normal,normal,1307,43.57600238095238,1,0.3061659564461062,0.3108537947452533,0.3014781181469592,0.15840729481048085,0.48,1.0,0.2841064169329177,0.091642261052433,0.18787433899267536,0.00656407197986567,0,0,0.09393716949633768,0.003282035989932835,0,0,0,0
P02,V2_video1_normal,normal,1308,43.609342857142856,1,0.3068753942222433,0.3101869859832336,0.303563802461253,0.15778854395147138,0.4777777777777778,1.0,0.28038884892587435,0.2411373964144029,0.2607631226701386,0.009877010467199025,0,0,0.1303815613350693,0.004938505233599512,0,0,0,0
P02,V2_video1_normal,normal,1309,43.64268333333333,1,0.31053295506822065,0.31250619554110876,0.3085597145953325,0.15768565358816447,0.47555555555555556,1.0,0.41456980414838507,0.25510262743669,0.33483621579253753,0.007935636255972156,0,0,0.16741810789626876,0.003967818127986078,0,0,0,0
P02,V2_video1_normal,normal,1310,43.676023809523805,1,0.3061874153380452,0.3104097850238722,0.30196504565221827,0.1577924241283804,0.47333333333333333,1.0,0.33190104204355597,0.04957897837779934,0.19074001021067766,0.003237787903825232,0,0,0.09537000510533883,0.001618893951912616,0,0,0,0
P02,V2_video1_normal,normal,1311,43.70936428571429,1,0.3096547225029388,0.31468591791345757,0.30462352709241997,0.15784626536066854,0.4711111111111111,1.0,0.1599411018364819,0.06668099439693254,0.11331104811670722,0.005238657702173785,0,0,0.05665552405835361,0.0026193288510868926,0,0,0,0
P02,V2_video1_normal,normal,1312,43.74270476190476,1,0.30956400723994476,0.31528440239577404,0.3038436120841155,0.15824874129436595,0.4688888888888889,1.0,0.2191913081464557,0.013359590965933532,0.11627544955619462,0.0035029907192703808,0,0,0.05813772477809731,0.0017514953596351904,0,0,0,0
P02,V2_video1_normal,normal,1313,43.776045238095236,1,0.30772470629993054,0.3128343332706565,0.3026150793292046,0.1579264230868949,0.4666666666666667,1.0,0.041381824628127006,0.02086281963048786,0.031122322129307434,0.0054861386359108385,0,0,0.015561161064653717,0.0027430693179554193,0,0,0,0
P02,V2_video1_normal,normal,1314,43.80938571428571,1,0.30902555079341876,0.31268626513501135,0.30536483645182616,0.15814651150064843,0.46444444444444444,1.0,0.14522317645010896,0.017119584518055064,0.08117138048408201,0.0027880655738665274,0,0,0.040585690242041006,0.0013940327869332637,0,0,0,0
P02,V2_video1_normal,normal,1315,43.84272619047619,1,0.3064966577288392,0.3106718415194413,0.3023214739382371,0.15816085991040876,0.4622222222222222,1.0,0.06048855341017201,0.07468109171609305,0.06758482256313253,0.0033772173916619998,0,0,0.033792411281566265,0.0016886086958309999,0,0,0,0
P02,V2_video1_normal,normal,1316,43.87606666666667,1,0.3029486473251082,0.3082208191413256,0.2976764755088907,0.15819909789685685,0.46,1.0,0.05951006017773375,0.035614787000285975,0.04756242358900986,0.006182310924103229,0,0,0.02378121179450493,0.0030911554620516144,0,0,0,0
P02,V2_video1_normal,normal,1317,43.90940714285714,1,0.3028172733175877,0.30890298189716164,0.2967315647380137,0.15833119857176667,0.4577777777777778,1.0,0.05230027507556689,0.02393240495576121,0.03811634001566405,0.0035331469972617823,0,0,0.019058170007832026,0.0017665734986308911,0,0,0,0
P02,V2_video1_normal,normal,1318,43.942747619047616,1,0.30959656047749895,0.3123467980007251,0.30684632295427283,0.15807501532749052,0.45555555555555555,1.0,0.09168237954249803,0.01860107751501916,0.05514172852875859,0.005229017667114791,0,0,0.027570864264379297,0.0026145088335573956,0,0,0,0
P02,V2_video1_normal,normal,1319,43.9760880952381,1,0.3029847136797263,0.3088310154082277,0.29713841195122487,0.15776572381729356,0.4533333333333333,1.0,0.1468004489761875,0.06692492720590026,0.10686268809104388,0.005992281115278731,0,0,0.05343134404552194,0.0029961405576393657,0,0,0,0
P02,V2_video1_normal,normal,1320,44.00942857142857,1,0.3021360987279026,0.3059245960130002,0.29834760144280503,0.15813312023029025,0.45111111111111113,1.0,0.09533282871089399,0.049850115394755146,0.07259147205282457,0.005626179392215303,0,0,0.036295736026412284,0.0028130896961076515,0,0,0,0
P02,V2_video1_normal,normal,1321,44.042769047619046,1,0.30615650037693426,0.30850419634239845,0.30380880441147007,0.15817810785212733,0.4488888888888889,1.0,0.03338810112830948,0.02913934857684619,0.031263724852577834,0.004361363281491675,0,0,0.015631862426288917,0.0021806816407458373,0,0,0,0
P02,V2_video1_normal,normal,1322,44.07610952380952,1,0.30306128585287223,0.30725334876279037,0.2988692229429541,0.15865260798333386,0.44666666666666666,1.0,0.03919869785320784,0.01767348072944508,0.02843608929132646,0.00527272107016565,0,0,0.01421804464566323,0.002636360535082825,0,0,0,0
P02,V2_video1_normal,normal,1323,44.10945,1,0.3066212171298338,0.30927185475565266,0.3039705795040149,0.15844991671522488,0.4444444444444444,1.0,0.01737311643493966,0.005762300448694635,0.011567708441817148,0.0032136358680688623,0,0,0.005783854220908574,0.0016068179340344311,0,0,0,0
P02,V2_video1_normal,normal,1324,44.14279047619048,1,0.3044595478092682,0.31014798835013124,0.2987711072684051,0.15748097973208336,0.44222222222222224,1.0,0.3691317985931578,0.037170807003432005,0.2031513027982949,0.011981390959221868,0,0,0.10157565139914745,0.005990695479610934,0,0,0,0
P02,V2_video1_normal,normal,1325,44.17613095238095,1,0.3071381219951928,0.31280704806382087,0.30146919592656474,0.15781106831604144,0.44,1.0,0.13679271295730955,0.04100783981105782,0.08890027638418369,0.0147486598329902,0,0,0.04445013819209184,0.0073743299164951,0,0,0,0
P02,V2_video1_normal,normal,1326,44.209471428571426,1,0.3081323854472361,0.31393139606756126,0.3023333748269109,0.1581063454822413,0.43777777777777777,1.0,0.06018272734944197,0.012199768904532227,0.0361912481269871,0.011039762849642485,0,0,0.01809562406349355,0.005519881424821242,0,0,0,0
P02,V2_video1_normal,normal,1327,44.2428119047619,1,0.30763007346572097,0.31268465174588833,0.3025754951855536,0.15760421496558089,0.43555555555555553,1.0,0.2758162142518218,0.04207487832387691,0.15894554628784935,0.020446500605682455,0,0,0.07947277314392467,0.010223250302841227,0,0,0,0
P02,V2_video1_normal,normal,1328,44.27615238095238,1,0.3052453047413343,0.31003130467485107,0.3004593048078176,0.15762609727416246,0.43333333333333335,1.0,0.0965523879772554,0.07616390874030865,0.08635814835878203,0.010378651772868073,0,0,0.043179074179391014,0.005189325886434036,0,0,0,0
P02,V2_video1_normal,normal,1329,44.30949285714286,1,0.30478759555693435,0.31079787895630706,0.2987773121575617,0.1582468498590068,0.4311111111111111,1.0,0.093366796246238,0.01595710013906404,0.05466194819265102,0.006954499429541256,0,0,0.02733097409632551,0.003477249714770628,0,0,0,0
P02,V2_video1_normal,normal,1330,44.34283333333333,1,0.30607321100693746,0.3092623777119656,0.30288404430190935,0.15816906404202868,0.4288888888888889,1.0,0.3996139628368206,0.04226819031467366,0.22094107657574713,0.007314163108418325,0,0,0.11047053828787357,0.0036570815542091625,0,0,0,0
P02,V2_video1_normal,normal,1331,44.376173809523806,1,0.3066117494065757,0.3103704257961478,0.3028530730170036,0.15841640098500495,0.4266666666666667,1.0,0.3231741661511117,0.032577735093125226,0.17787595062211847,0.007314980222396246,0,0,0.08893797531105924,0.003657490111198123,0,0,0,0
P02,V2_video1_normal,normal,1332,44.40951428571429,1,0.30820747949137084,0.31089110871883124,0.3055238502639104,0.15835864863978882,0.42444444444444446,1.0,0.15158344874181862,0.03198128725232152,0.09178236799707007,0.008421072418727414,0,0,0.045891183998535034,0.004210536209363707,0,0,0,0
P02,V2_video1_normal,normal,1333,44.44285476190476,1,0.31017421678498613,0.31149888513350227,0.30884954843647,0.15843377746641082,0.4222222222222222,1.0,0.020882977629463895,0.007110344822907844,0.01399666122618587,0.007592495849880449,0,0,0.006998330613092935,0.0037962479249402247,0,0,0,0
P02,V2_video1_normal,normal,1334,44.47619523809524,1,0.30460118843131245,0.3080318580974781,0.30117051876514683,0.15808828088574456,0.42,1.0,0.12525534061707855,0.010276814819430102,0.06776607771825433,0.008705218269080724,0,0,0.03388303885912716,0.004352609134540362,0,0,0,0
P02,V2_video1_normal,normal,1335,44.50953571428571,1,0.30541959088603693,0.3079467977115718,0.30289238406050206,0.15789337289976763,0.4177777777777778,1.0,0.1899055704011362,0.014363637770625437,0.10213460408588082,0.0036442308884959743,0,0,0.05106730204294041,0.0018221154442479872,0,0,0,0
P02,V2_video1_normal,normal,1336,44.54287619047619,1,0.307023005554378,0.3088868849700324,0.30515912613872365,0.15755386800219265,0.41555555555555557,1.0,0.1370584509106404,0.01212785682748685,0.07459315386906362,0.0074717636456555405,0,0,0.03729657693453181,0.0037358818228277703,0,0,0,0
P02,V2_video1_normal,normal,1337,44.57621666666667,1,0.3034201616000959,0.3075257069277813,0.2993146162724104,0.15837896840548205,0.41333333333333333,1.0,0.12261063397918448,0.013487980973612923,0.0680493074763987,0.002101071236838097,0,0,0.03402465373819935,0.0010505356184190484,0,0,0,0
P02,V2_video1_normal,normal,1338,44.60955714285714,1,0.3061930905605892,0.3078189024700507,0.3045672786511277,0.1574824815429503,0.4111111111111111,1.0,0.17170340806731688,0.01775420206382916,0.09472880506557302,0.004620581546826267,0,0,0.04736440253278651,0.0023102907734131334,0,0,0,0
P02,V2_video1_normal,normal,1339,44.642897619047616,1,0.29686424270350487,0.302209262334779,0.29151922307223077,0.15772394486391322,0.4088888888888889,1.0,0.0769831104724138,0.10349780573066236,0.09024045810153808,0.004486535668636047,0,0,0.04512022905076904,0.0022432678343180237,0,0,0,0
P02,V2_video1_normal,normal,1340,44.67623809523809,1,0.2535059352806833,0.2612384964000921,0.24577337416127454,0.15841290367486474,0.4066666666666667,1.0,0.02843861522009361,0.017167969106900216,0.022803292163496913,0.006416260637134951,0,0,0.011401646081748457,0.0032081303185674754,0,0,0,0
P02,V2_video1_normal,normal,1341,44.70957857142857,1,0.1193212113041123,0.1329780932271478,0.1056643293810768,0.15736012379141018,0.4066666666666667,1.0,0.19577671985789313,0.17487508200295787,0.1853259009304255,0.014210230235426606,1,0,0.5926629504652128,0.007105115117713303,1,0,1,0
P02,V2_video1_normal,normal,1342,44.74291904761905,1,0.08015140734248999,0.08706965796391991,0.07323315672106008,0.15681651588831497,0.4066666666666667,1.0,0.27530038486232067,0.2217235806707869,0.24851198276655379,0.010962006564532998,1,0,0.6242559913832769,0.005481003282266499,1,0,1,0
P02,V2_video1_normal,normal,1343,44.77625952380952,1,0.0651624072302211,0.07004306888209262,0.060281745578349574,0.1569306949776176,0.4066666666666667,1.0,0.6248762913196153,0.30125636484711815,0.46306632808336673,0.004112625565580422,1,0,0.7315331640416833,0.002056312782790211,1,0,1,0
P02,V2_video1_normal,normal,1344,44.809599999999996,1,0.0617459682330975,0.06608026465246851,0.05741167181372649,0.15720125617919029,0.4066666666666667,1.0,0.21914128593537496,0.3020155647760544,0.2605784253557147,0.004165482658109172,1,0,0.6302892126778573,0.002082741329054586,1,0,1,0
P02,V2_video1_normal,normal,1345,44.84294047619048,1,0.05883098148889367,0.06263941025729355,0.05502255272049379,0.15729592205708032,0.4066666666666667,1.0,0.21380361640803025,0.5398637574415422,0.37683368692478625,0.004486552706657551,1,0,0.6884168434623932,0.0022432763533287753,1,0,1,0
P02,V2_video1_normal,normal,1346,44.87628095238095,1,0.06384315369781088,0.06968038826891189,0.05800591912670986,0.1578207405341083,0.4066666666666667,1.0,0.1305125729554515,0.42615764641871423,0.27833510968708286,0.0033697690190559954,1,0,0.6391675548435414,0.0016848845095279977,1,0,1,0
P02,V2_video1_normal,normal,1347,44.90962142857143,1,0.059865298154511,0.06496169926348469,0.054768897045537314,0.15787035632734137,0.4066666666666667,1.0,0.27626728087223573,0.3796305012840254,0.3279488910781306,0.008167195722937932,1,0,0.6639744455390653,0.004083597861468966,1,0,1,0
P02,V2_video1_normal,normal,1348,44.9429619047619,1,0.06777615488211652,0.07197952048474793,0.06357278927948513,0.1579470487290769,0.4066666666666667,1.0,0.18720664144284271,0.44245538305667675,0.31483101224975973,0.012606559761695151,1,0,0.6574155061248799,0.006303279880847576,1,0,1,0
P02,V2_video1_normal,normal,1349,44.97630238095238,1,0.06118102659266427,0.0668098371587036,0.05555221602662494,0.15827387049203692,0.4066666666666667,1.0,0.6194597659965422,0.26440783372763077,0.4419337998620865,0.010372634393931745,1,0,0.7209668999310432,0.005186317196965873,1,0,1,0
P02,V2_video1_normal,normal,1350,45.00964285714286,1,0.05797327038608111,0.06426037358855166,0.05168616718361056,0.1585790213994733,0.4066666666666667,1.0,0.5350916078622929,0.32843612402096345,0.4317638659416282,0.005502769942883205,1,0,0.7158819329708141,0.0027513849714416025,1,0,1,0
P02,V2_video1_normal,normal,1351,45.04298333333333,1,0.053279384586595285,0.05892011969538561,0.04763864947780497,0.1575607766244003,0.4066666666666667,1.0,0.5558299177633181,0.2662669511761997,0.4110484344697589,0.005564391700238487,1,0,0.7055242172348795,0.0027821958501192436,1,0,1,0
P02,V2_video1_normal,normal,1352,45.07632380952381,1,0.05405058739503535,0.057755473513986536,0.05034570127608417,0.1583833721401492,0.4066666666666667,1.0,0.5695942341709277,0.5167649029914995,0.5431795685812135,0.008270639652218846,1,0,0.7715897842906068,0.004135319826109423,1,0,1,0
P02,V2_video1_normal,normal,1353,45.10966428571428,1,0.05981089143138919,0.06419478123646316,0.055427001626315225,0.15922053876969727,0.4066666666666667,1.0,0.16914036940892718,0.4397369679293761,0.30443866866915165,0.006676769509466511,1,0,0.6522193343345758,0.0033383847547332553,1,0,1,0
P02,V2_video1_normal,normal,1354,45.14300476190476,1,0.060403656872972306,0.06917224512408762,0.05163506862185698,0.15900135273604493,0.4066666666666667,1.0,0.47428693022825263,0.41591059884535575,0.4450987645368042,0.005372744017605059,1,0,0.7225493822684022,0.0026863720088025297,1,0,1,0
P02,V2_video1_normal,normal,1355,45.17634523809524,1,0.056204327805583,0.06445165671810797,0.04795699889305804,0.15908811128258207,0.4066666666666667,1.0,0.21292284475261192,0.34319053698107427,0.2780566908668431,0.004718882077414001,1,0,0.6390283454334216,0.0023594410387070006,1,0,1,0
P02,V2_video1_normal,normal,1356,45.20968571428571,1,0.06863883624145944,0.0747944093800871,0.062483263102831775,0.158344509350538,0.4066666666666667,1.0,0.22374023350202454,0.539449319865904,0.3815947766839643,0.004104902870566048,1,0,0.6907973883419821,0.002052451435283024,1,0,1,0
P02,V2_video1_normal,normal,1357,45.243026190476186,1,0.07402304405450563,0.07767740248262082,0.07036868562639043,0.15757352027518132,0.4066666666666667,1.0,0.4107446365760077,0.3410151856334316,0.37587991110471963,0.0053178899118069365,1,0,0.6879399555523598,0.0026589449559034683,1,0,1,0
P02,V2_video1_normal,normal,1358,45.27636666666667,1,0.11912748904560859,0.11491537273807785,0.12333960535313933,0.15733530237576532,0.4066666666666667,1.0,0.11085385592859054,0.0839090595706099,0.09738145774960022,0.004785435306460216,1,0,0.5486907288748001,0.002392717653230108,1,0,0,0
P02,V2_video1_normal,normal,1359,45.30970714285714,1,0.21035853407774396,0.2081687845994499,0.212548283556038,0.15770899112536454,0.40444444444444444,1.0,0.27986920224752676,0.035661131945596614,0.1577651670965617,0.004750429427802828,0,0,0.07888258354828084,0.002375214713901414,0,0,0,0
P02,V2_video1_normal,normal,1360,45.34304761904762,1,0.23558460672325743,0.23900581145228042,0.23216340199423446,0.15817165292373764,0.4022222222222222,1.0,0.2827800004577141,0.026870066396480485,0.1548250334270973,0.005156760267960325,0,0,0.07741251671354865,0.0025783801339801624,0,0,0,0
P02,V2_video1_normal,normal,1361,45.37638809523809,1,0.24446594034684624,0.24844172104222173,0.24049015965147075,0.15808934921604467,0.4,1.0,0.29619890658172543,0.028370547024823,0.16228472680327422,0.004544793413634347,0,0,0.08114236340163711,0.0022723967068171737,0,0,0,0
P02,V2_video1_normal,normal,1362,45.40972857142857,1,0.25777792209326433,0.2616588898047806,0.2538969543817481,0.1578066608154034,0.3977777777777778,1.0,0.0911175745247379,0.052139770606710045,0.07162867256572397,0.003625688307918472,0,0,0.035814336282861986,0.001812844153959236,0,0,0,0
P02,V2_video1_normal,normal,1363,45.44306904761905,1,0.2631098217722687,0.2657320496901577,0.2604875938543798,0.15745630048528778,0.39555555555555555,1.0,0.13823981600007273,0.17431964799356914,0.15627973199682094,0.0039250134274735355,0,0,0.07813986599841047,0.0019625067137367678,0,0,0,0
P02,V2_video1_normal,normal,1364,45.47640952380952,1,0.26729161771703336,0.27117847284938396,0.2634047625846827,0.15737916985698858,0.3933333333333333,1.0,0.03249314245438495,0.1536497549168261,0.09307144868560552,0.008034741959851285,0,0,0.04653572434280276,0.0040173709799256425,0,0,0,0
P02,V2_video1_normal,normal,1365,45.50975,1,0.26855190862269607,0.27208179770484486,0.2650220195405473,0.1573871229671357,0.39111111111111113,1.0,0.07258656686857157,0.10730160843013237,0.08994408764935197,0.00488826946788739,0,0,0.044972043824675983,0.002444134733943695,0,0,0,0
P02,V2_video1_normal,normal,1366,45.54309047619048,1,0.27173922800260863,0.27578308812843366,0.26769536787678355,0.15754778531220087,0.3888888888888889,1.0,0.05672796769429955,0.08553747497678765,0.0711327213355436,0.011913304257588932,0,0,0.0355663606677718,0.005956652128794466,0,0,0,0
P02,V2_video1_normal,normal,1367,45.57643095238095,1,0.26893757054512846,0.27216478284757034,0.2657103582426865,0.15786636400935566,0.38666666666666666,1.0,0.047890939921088505,0.08235759948693411,0.0651242697040113,0.003166677414931422,0,0,0.03256213485200565,0.001583338707465711,0,0,0,0
P02,V2_video1_normal,normal,1368,45.60977142857143,1,0.27749772368293735,0.28010047525657145,0.2748949721093033,0.15788551679489388,0.3844444444444444,1.0,0.12341321690062179,0.06733207563878918,0.09537264626970549,0.012514224356641599,0,0,0.04768632313485274,0.0062571121783207995,0,0,0,0
P02,V2_video1_normal,normal,1369,45.6431119047619,1,0.2764038413499164,0.2798856945129037,0.27292198818692914,0.1577624908048222,0.38222222222222224,1.0,0.32408260519307197,0.027055585986839437,0.1755690955899557,0.0040168274888573805,0,0,0.08778454779497785,0.0020084137444286903,0,0,0,0
P02,V2_video1_normal,normal,1370,45.67645238095238,1,0.2743709140872247,0.2780653647553458,0.2706764634191035,0.15780032415404605,0.38,1.0,0.10042630747263126,0.028290247113661904,0.06435827729314658,0.0027295166099054946,0,0,0.03217913864657329,0.0013647583049527473,0,0,0,0
P02,V2_video1_normal,normal,1371,45.70979285714286,1,0.2754949189476693,0.2767377240205961,0.27425211387474246,0.15746268475317882,0.37777777777777777,1.0,0.14670406589378493,0.02273693199835325,0.08472049894606909,0.005459256529896741,0,0,0.042360249473034545,0.0027296282649483705,0,0,0,0
P02,V2_video1_normal,normal,1372,45.74313333333333,1,0.27649656521532884,0.28032492735533165,0.272668203075326,0.15764279318854368,0.37555555555555553,1.0,0.15891255585532527,0.01581222362280743,0.08736238973906635,0.003185336366409758,0,0,0.043681194869533174,0.001592668183204879,0,0,0,0
P02,V2_video1_normal,normal,1373,45.77647380952381,1,0.2746199596783757,0.2787522426806091,0.2704876766761423,0.15749818587575498,0.37333333333333335,1.0,0.0872399054776889,0.04968206647059703,0.06846098597414296,0.0039514003016202824,0,0,0.03423049298707148,0.0019757001508101412,0,0,0,0
P02,V2_video1_normal,normal,1374,45.80981428571428,1,0.2745542161742335,0.27883033870716123,0.2702780936413057,0.15754439572462298,0.3711111111111111,1.0,0.08012945543624561,0.0439023749160955,0.062015915176170555,0.012462622370868101,0,0,0.031007957588085278,0.006231311185434051,0,0,0,0
P02,V2_video1_normal,normal,1375,45.84315476190476,1,0.2719226734667225,0.27515798131632463,0.26868736561712037,0.1577329757798638,0.3688888888888889,1.0,0.21508627779557732,0.019398098658388818,0.11724218822698307,0.010061397960946631,0,0,0.058621094113491534,0.0050306989804733155,0,0,0,0
P02,V2_video1_normal,normal,1376,45.87649523809524,1,0.27432628319783325,0.27603560698892476,0.2726169594067417,0.15677026778019437,0.36666666666666664,1.0,0.0893839975550319,0.010704599080313182,0.05004429831767254,0.010408549851572612,0,0,0.02502214915883627,0.005204274925786306,0,0,0,0
P02,V2_video1_normal,normal,1377,45.90983571428571,1,0.2698768748951328,0.27228192539516155,0.2674718243951041,0.15717930551710507,0.36444444444444446,1.0,0.08765739518011362,0.006620502400692452,0.047138948790403035,0.009495628580357907,0,0,0.023569474395201517,0.004747814290178953,0,0,0,0
P02,V2_video1_normal,normal,1378,45.94317619047619,1,0.27260988849522344,0.2760070212986257,0.2692127556918212,0.15742582383948864,0.3622222222222222,1.0,0.007333222646159432,0.026005776388612678,0.016669499517386055,0.0035428619710288385,0,0,0.008334749758693027,0.0017714309855144193,0,0,0,0
P02,V2_video1_normal,normal,1379,45.97651666666667,1,0.2708860916387089,0.26834618128556026,0.27342600199185757,0.15769948642723963,0.36,1.0,0.4879311152081034,0.04439298200081809,0.26616204860446074,0.003562239822132538,0,0,0.13308102430223037,0.001781119911066269,0,0,0,0
P02,V2_video1_normal,normal,1380,46.00985714285714,1,0.27525578834420905,0.27591563512112854,0.27459594156728956,0.15811722931061437,0.35777777777777775,1.0,0.23835200758260544,0.06028584988339958,0.1493189287330025,0.003176343483196031,0,0,0.07465946436650125,0.0015881717415980154,0,0,0,0
P02,V2_video1_normal,normal,1381,46.04319761904762,1,0.2810260324308244,0.27941854887181355,0.28263351598983527,0.15757689739855446,0.35555555555555557,1.0,0.0740209748714662,0.007191581484177423,0.04060627817782181,0.006070026435589223,0,0,0.020303139088910904,0.0030350132177946114,0,0,0,0
P02,V2_video1_normal,normal,1382,46.07653809523809,1,0.2755698569390512,0.2755981914334359,0.27554152244466656,0.1577520231228735,0.35333333333333333,1.0,0.088761516530799,0.03715704605384096,0.06295928129231998,0.00363517492234527,0,0,0.03147964064615999,0.001817587461172635,0,0,0,0
P02,V2_video1_normal,normal,1383,46.10987857142857,1,0.27793697320773203,0.27751486423282107,0.27835908218264305,0.15757199683678155,0.3511111111111111,1.0,0.06716232368974562,0.08474343023285669,0.07595287696130115,0.004077111741007313,0,0,0.037976438480650576,0.0020385558705036566,0,0,0,0
P02,V2_video1_normal,normal,1384,46.14321904761905,1,0.2782908986179947,0.27889098193009415,0.27769081530589534,0.15737426293662882,0.3488888888888889,1.0,0.1725199257881943,0.03935298433976531,0.1059364550639798,0.008281359122797621,0,0,0.0529682275319899,0.004140679561398811,0,0,0,0
P02,V2_video1_normal,normal,1385,46.17655952380952,1,0.28003507822031126,0.2804894913940977,0.27958066504652485,0.15783226369289446,0.3466666666666667,1.0,0.06499096536043314,0.1272113849733577,0.09610117516689543,0.014015080418693862,0,0,0.04805058758344771,0.007007540209346931,0,0,0,0
P02,V2_video1_normal,normal,1386,46.2099,1,0.2838470009571813,0.2836388088332473,0.2840551930811152,0.1579855152911862,0.34444444444444444,1.0,0.16475993079163154,0.1844755938291135,0.17461776231037252,0.006719242337951451,0,0,0.08730888115518626,0.0033596211689757255,0,0,0,0
P02,V2_video1_normal,normal,1387,46.24324047619047,1,0.28474402272400834,0.2860256003151464,0.28346244513287033,0.15751419226792235,0.3422222222222222,1.0,0.31775629307969,0.04625961825802427,0.18200795566885714,0.005824927930188203,0,0,0.09100397783442857,0.0029124639650941015,0,0,0,0
P02,V2_video1_normal,normal,1388,46.276580952380954,1,0.2504057519641948,0.2523797650959428,0.24843173883244674,0.15831967371583597,0.34,1.0,0.03181845690651508,0.0949194877001438,0.06336897230332944,0.006026911596780604,0,0,0.03168448615166472,0.003013455798390302,0,0,0,0
P02,V2_video1_normal,normal,1389,46.30992142857143,1,0.07471187965543127,0.08203445826576143,0.0673893010451011,0.15799743684980191,0.34,1.0,0.2254421769636603,0.15939978346017458,0.19242098021191745,0.009132814908584953,1,0,0.5962104901059587,0.004566407454292477,1,0,1,0
P02,V2_video1_normal,normal,1390,46.3432619047619,1,0.07525349213043327,0.08218481560365128,0.06832216865721526,0.15769311687858198,0.34,1.0,0.3289846428075043,0.11809151037106536,0.22353807658928482,0.008309831020809929,1,0,0.6117690382946424,0.004154915510404964,1,0,1,0
P02,V2_video1_normal,normal,1391,46.37660238095238,1,0.2008548611948088,0.20584726138770182,0.1958624610019158,0.1584719473379366,0.3377777777777778,1.0,0.05593469645902238,0.31940352498367275,0.18766911072134757,0.006361912603069318,0,0,0.09383455536067378,0.003180956301534659,0,0,0,0
P02,V2_video1_normal,normal,1392,46.40994285714286,1,0.2660485737532108,0.27374467364127725,0.25835247386514426,0.15747238217811307,0.33555555555555555,1.0,0.05811932534933517,0.2372005312309582,0.14765992829014668,0.012001717678219313,0,0,0.07382996414507334,0.006000858839109656,0,0,0,0
P02,V2_video1_normal,normal,1393,46.44328333333333,1,0.29889321925733414,0.30644515077237866,0.29134128774228957,0.15684070169982675,0.3333333333333333,1.0,0.016045430458938137,0.09440331999679163,0.055224375227864886,0.008946989953459255,0,0,0.027612187613932443,0.0044734949767296275,0,0,0,0
P02,V2_video1_normal,normal,1394,46.47662380952381,1,0.31756682778847944,0.3269572208821578,0.30817643469480116,0.15677899840085616,0.33111111111111113,1.0,0.021066877049326638,0.01860509515932074,0.01983598610432369,0.006804975357567714,0,0,0.009917993052161844,0.003402487678783857,0,0,0,0
P02,V2_video1_normal,normal,1395,46.50996428571428,1,0.3204754506855154,0.3308837709034856,0.31006713046754525,0.15609172176981556,0.3288888888888889,1.0,0.006779048894989037,0.018066611848633785,0.01242283037181141,0.00815996807962016,0,0,0.006211415185905705,0.00407998403981008,0,0,0,0
P02,V2_video1_normal,normal,1396,46.543304761904764,1,0.31999251576544707,0.3313916221457637,0.3085934093851304,0.15584150452027493,0.32666666666666666,1.0,0.048111378598021504,0.009260958102505712,0.028686168350263608,0.006663396074952547,0,0,0.014343084175131804,0.0033316980374762735,0,0,0,0
P02,V2_video1_normal,normal,1397,46.57664523809524,1,0.32334890204655364,0.33563717935755066,0.31106062473555657,0.15556337308979012,0.3244444444444444,1.0,0.011822113534571077,0.010949497559979426,0.011385805547275252,0.003354706118489577,0,0,0.005692902773637626,0.0016773530592447885,0,0,0,0
P02,V2_video1_normal,normal,1398,46.60998571428571,1,0.31852033866653984,0.3310347578976621,0.3060059194354175,0.15593604713485626,0.32222222222222224,1.0,0.07782480445311324,0.029431867304879122,0.05362833587899618,0.0019239014777382663,0,0,0.02681416793949809,0.0009619507388691331,0,0,0,0
P02,V2_video1_normal,normal,1399,46.64332619047619,1,0.3243675377483962,0.3382046764234703,0.3105303990733221,0.15595888066223337,0.32,1.0,0.020606100824011375,0.017153926815363207,0.01888001381968729,0.003136948057046365,0,0,0.009440006909843646,0.0015684740285231826,0,0,0,0
P02,V2_video1_normal,normal,1400,46.67666666666666,1,0.3202330116332763,0.33220418920259137,0.3082618340639612,0.15616071635904796,0.31777777777777777,1.0,0.11154538444927697,0.02932897084608066,0.07043717764767882,0.0020791167158559147,0,0,0.03521858882383941,0.0010395583579279573,0,0,0,0
P02,V2_video1_normal,normal,1401,46.710007142857144,1,0.3156282046919554,0.32934149286347064,0.30191491652044017,0.15622533582309828,0.31555555555555553,1.0,0.1601771885038643,0.07528601050813355,0.11773159950599893,0.002978004227484878,0,0,0.058865799752999465,0.001489002113742439,0,0,0,0
P02,V2_video1_normal,normal,1402,46.74334761904762,1,0.30903088139591145,0.322770429540326,0.2952913332514969,0.15674519326817196,0.31333333333333335,1.0,0.015552617977277583,0.09372900551763019,0.05464081174745389,0.002169421267900724,0,0,0.027320405873726944,0.001084710633950362,0,0,0,0
P02,V2_video1_normal,normal,1403,46.77668809523809,1,0.30294349053181924,0.31655577298330945,0.289331208080329,0.1573814794963618,0.3111111111111111,1.0,0.035489987647119525,0.18135249513280305,0.10842124138996129,0.0014385517215275464,0,0,0.054210620694980644,0.0007192758607637732,0,0,0,0
P02,V2_video1_normal,normal,1404,46.81002857142857,1,0.3011586674365659,0.31198585340455315,0.2903314814685786,0.1579198138609934,0.3088888888888889,1.0,0.006518178071189262,0.03558497536385974,0.0210515767175245,0.0029600002519916003,0,0,0.01052578835876225,0.0014800001259958001,0,0,0,0
P02,V2_video1_normal,normal,1405,46.84336904761905,1,0.3051951465608528,0.31575802157558824,0.2946322715461173,0.15816031575431005,0.30666666666666664,1.0,0.0035074677569164603,0.01247787815523127,0.007992672956073865,0.0012731094871482967,0,0,0.003996336478036933,0.0006365547435741483,0,0,0,0
P02,V2_video1_normal,normal,1406,46.876709523809524,1,0.308736815974447,0.3188817281620037,0.2985919037868903,0.15863320210455334,0.30444444444444446,1.0,0.010220991475228924,0.008420128816403749,0.009320560145816337,0.0021161171994270303,0,0,0.004660280072908168,0.0010580585997135151,0,0,0,0
P02,V2_video1_normal,normal,1407,46.91005,1,0.30275846202632584,0.3121066983235672,0.2934102257290845,0.15837023528327404,0.3022222222222222,1.0,0.02600119316733185,0.010842698627429703,0.018421945897380776,0.004309510328464023,0,0,0.009210972948690388,0.0021547551642320116,0,0,0,0
P02,V2_video1_normal,normal,1408,46.94339047619047,1,0.29773852341642054,0.30772937398080813,0.28774767285203295,0.15892893968425917,0.3,1.0,0.03667195057621386,0.03464341270621818,0.03565768164121602,0.0013321203310551711,0,0,0.01782884082060801,0.0006660601655275856,0,0,0,0
P02,V2_video1_normal,normal,1409,46.976730952380954,1,0.24820753587276012,0.2549014895126726,0.24151358223284763,0.15977904507934945,0.29777777777777775,1.0,0.3837113795052285,0.34700015168734155,0.365355765596285,0.004306207172114911,0,0,0.1826778827981425,0.0021531035860574556,0,0,0,0
P02,V2_video1_normal,normal,1410,47.01007142857143,1,0.06987822273729444,0.07740945862913544,0.06234698684545342,0.16044654839020894,0.29777777777777775,1.0,0.36053206845630303,0.365988846113241,0.363260457284772,0.0032201126706644903,1,0,0.681630228642386,0.0016100563353322452,1,0,1,0
P02,V2_video1_normal,normal,1411,47.0434119047619,1,0.05629750051757107,0.05791847704190533,0.05467652399323682,0.16207896737956903,0.29777777777777775,1.0,0.23220256641175785,0.06770808779714788,0.14995532710445286,0.0018249638013561414,1,0,0.5749776635522265,0.0009124819006780707,1,0,0,0
P02,V2_video1_normal,normal,1412,47.07675238095238,1,0.07195717797813608,0.07767004598723533,0.06624430996903685,0.16098978007292336,0.29777777777777775,1.0,0.16036225122746195,0.10854801108180534,0.13445513115463364,0.00047507069462359125,1,0,0.5672275655773168,0.00023753534731179562,1,0,0,0
P02,V2_video1_normal,normal,1413,47.11009285714285,1,0.12049991403877229,0.12434127134925868,0.1166585567282859,0.16112872337360562,0.29777777777777775,1.0,0.3489077877870448,0.22046088037574962,0.2846843340813972,0.0017606825467432951,1,0,0.6423421670406986,0.0008803412733716476,1,0,1,0
P02,V2_video1_normal,normal,1414,47.143433333333334,1,0.22973995121730512,0.23020280720260136,0.22927709523200887,0.16146086384185168,0.29555555555555557,1.0,0.09352336472381084,0.08233578178412448,0.08792957325396766,0.0008523696624152557,0,0,0.04396478662698383,0.00042618483120762787,0,0,0,0
P02,V2_video1_normal,normal,1415,47.17677380952381,1,0.2634510265917084,0.26816350317919374,0.258738550004223,0.16027630925104192,0.29333333333333333,1.0,0.09559663979363509,0.044656594774748815,0.07012661728419195,0.0002784264750572277,0,0,0.035063308642095975,0.00013921323752861384,0,0,0,0
P02,V2_video1_normal,normal,1416,47.21011428571428,1,0.2803409475797447,0.2882496463466185,0.27243224881287087,0.15889376455476917,0.2911111111111111,1.0,0.09868391123045661,0.07378024736937627,0.08623207929991644,0.00043640218489096616,0,0,0.04311603964995822,0.00021820109244548308,0,0,0,0
P02,V2_video1_normal,normal,1417,47.24345476190476,1,0.28743717854467976,0.292792626159631,0.28208173092972855,0.15991732254295726,0.28888888888888886,1.0,0.2593307680377065,0.009729840189682926,0.1345303041136947,0.0021758345794189978,0,0,0.06726515205684735,0.0010879172897094989,0,0,0,0
P02,V2_video1_normal,normal,1418,47.27679523809524,1,0.28889860595774147,0.29478675594513304,0.2830104559703499,0.15959488292689178,0.2866666666666667,1.0,0.0262097031026175,0.07451518696420312,0.05036244503341031,0.003433302191736427,0,0,0.025181222516705154,0.0017166510958682136,0,0,0,0
P02,V2_video1_normal,normal,1419,47.310135714285714,1,0.29100622841833035,0.29666786036704473,0.2853445964696159,0.15998413923068885,0.28444444444444444,1.0,0.023948762086215436,0.0029724509879743843,0.01346060653709491,0.0010910788450592302,0,0,0.006730303268547455,0.0005455394225296151,0,0,0,0
P02,V2_video1_normal,normal,1420,47.34347619047619,1,0.2938555141876891,0.3004491401371707,0.28726188823820753,0.15963127288138426,0.2822222222222222,1.0,0.06755505585958577,0.0013868264013121578,0.03447094113044896,0.002422183195374525,0,0,0.01723547056522448,0.0012110915976872626,0,0,0,0
P02,V2_video1_normal,normal,1421,47.37681666666666,1,0.2905615044265627,0.29625772196269673,0.28486528689042867,0.1594915635557329,0.28,1.0,0.04660761459990659,0.00957837068658729,0.02809299264324694,0.0013255127814029118,0,0,0.01404649632162347,0.0006627563907014559,0,0,0,0
P02,V2_video1_normal,normal,1422,47.410157142857145,1,0.29728817030457144,0.30343576634637687,0.29114057426276596,0.15998924903851888,0.2777777777777778,1.0,0.007080761846168904,0.0461781542226366,0.026629458034402753,0.0019846351537892216,0,0,0.013314729017201377,0.0009923175768946108,0,0,0,0
P02,V2_video1_normal,normal,1423,47.44349761904762,1,0.29574256498060914,0.30186963936651917,0.28961549059469904,0.1600331690451229,0.27555555555555555,1.0,0.02398604645067004,0.015921513606966586,0.019953780028818313,0.003871758983949744,0,0,0.009976890014409157,0.001935879491974872,0,0,0,0
P02,V2_video1_normal,normal,1424,47.476838095238094,1,0.2951890550441011,0.3025212133332181,0.2878568967549841,0.16099829804928995,0.2733333333333333,1.0,0.0874883595488618,0.03820318098308906,0.06284577026597543,0.0006427311375759887,0,0,0.031422885132987716,0.00032136556878799435,0,0,0,0
P02,V2_video1_normal,normal,1425,47.51017857142857,1,0.292735360047529,0.2981291981654226,0.2873415219296353,0.1613684965433945,0.27111111111111114,1.0,0.027197502452783517,0.0027869018105679544,0.014992202131675736,0.0005603640298961927,0,0,0.007496101065837868,0.00028018201494809633,0,0,0,0
P02,V2_video1_normal,normal,1426,47.54351904761905,1,0.2969569096285025,0.30335190996601485,0.29056190929099024,0.16156225727871637,0.2688888888888889,1.0,0.01251302232901419,0.032658292179566284,0.022585657254290237,0.0016755809907830024,0,0,0.011292828627145118,0.0008377904953915012,0,0,0,0
P02,V2_video1_normal,normal,1427,47.576859523809524,1,0.29529628096871924,0.3016124424020225,0.28898011953541597,0.16099908299293306,0.26666666666666666,1.0,0.031210213355059913,0.012281920370367794,0.021746066862713853,0.0031706295365382053,0,0,0.010873033431356927,0.0015853147682691026,0,0,0,0
P02,V2_video1_normal,normal,1428,47.6102,1,0.29638252008377125,0.30438194317006895,0.28838309699747355,0.16128831686729894,0.2644444444444444,1.0,0.03419083414343271,0.02665130671635174,0.030421070429892227,0.005695679593223765,0,0,0.015210535214946114,0.0028478397966118824,0,0,0,0
P02,V2_video1_normal,normal,1429,47.64354047619047,1,0.293699473314987,0.2994929987851022,0.2879059478448718,0.16048446741319009,0.26222222222222225,1.0,0.13721696169362296,0.028582462087364258,0.08289971189049361,0.005914457386427667,0,0,0.041449855945246805,0.0029572286932138337,0,0,0,0
P02,V2_video1_normal,normal,1430,47.67688095238095,1,0.30205217716278426,0.3094989357405853,0.29460541858498324,0.1614675926530777,0.26,1.0,0.030009656671439067,0.021609676247686394,0.02580966645956273,0.008230101842129736,0,0,0.012904833229781365,0.004115050921064868,0,0,0,0
P02,V2_video1_normal,normal,1431,47.71022142857143,1,0.3011810287659443,0.3078469343778834,0.29451512315400524,0.16165124506311657,0.2577777777777778,1.0,0.02944269124203258,0.0022744948557503752,0.01585859304889148,0.004639610360733319,0,0,0.00792929652444574,0.0023198051803666594,0,0,0,0
P02,V2_video1_normal,normal,1432,47.743561904761904,1,0.29570946449579805,0.3023971495400959,0.28902177945150015,0.16121053165670812,0.25555555555555554,1.0,0.027416143222182776,0.018888340840381046,0.02315224203128191,0.002548736746301261,0,0,0.011576121015640956,0.0012743683731506305,0,0,0,0
P02,V2_video1_normal,normal,1433,47.77690238095238,1,0.29595880561869786,0.3020355012344864,0.2898821100029093,0.16145305509266428,0.25333333333333335,1.0,0.08356000820956277,0.0396174887323012,0.06158874847093199,0.010522371821851544,0,0,0.030794374235465993,0.005261185910925772,0,0,0,0
P02,V2_video1_normal,normal,1434,47.81024285714285,1,0.3047310784584665,0.3088497591582304,0.30061239775870263,0.16071769660196647,0.2511111111111111,1.0,0.11486626042307468,0.04302563729100062,0.07894594885703765,0.0028213501198778522,0,0,0.039472974428518826,0.0014106750599389261,0,0,0,0
P02,V2_video1_normal,normal,1435,47.843583333333335,1,0.2994724907950046,0.30435137180937405,0.2945936097806352,0.16073352875902813,0.24888888888888888,1.0,0.1112995832697461,0.013688003405811777,0.062493793337778936,0.007158391874505395,0,0,0.031246896668889468,0.0035791959372526976,0,0,0,0
P02,V2_video1_normal,normal,1436,47.87692380952381,1,0.29170336419118903,0.2943268232796009,0.2890799051027771,0.16067225711046196,0.24666666666666667,1.0,0.12254059253932315,0.010355345711913544,0.06644796912561834,0.012756851427948943,0,0,0.03322398456280917,0.006378425713974472,0,0,0,0
P02,V2_video1_normal,normal,1437,47.910264285714284,1,0.25607618601278515,0.25723358834799953,0.2549187836775708,0.15979556206140658,0.24444444444444444,1.0,0.1753617538128709,0.0626663606150929,0.1190140572139819,0.009510462551291505,0,0,0.05950702860699095,0.004755231275645752,0,0,0,0
P02,V2_video1_normal,normal,1438,47.94360476190476,1,0.10533438871703102,0.11132433555890725,0.0993444418751548,0.16032288200663639,0.24444444444444444,1.0,0.04917647546454795,0.2582790099968676,0.15372774273070777,0.002101095231306976,1,0,0.5768638713653539,0.001050547615653488,1,0,0,0
P02,V2_video1_normal,normal,1439,47.97694523809524,1,0.08995253502007458,0.09242090400328941,0.08748416603685977,0.16033331737009993,0.24444444444444444,1.0,0.4216404177037365,0.20510359069519102,0.31337200419946376,0.0022776914446236435,1,0,0.6566860020997318,0.0011388457223118218,1,0,1,0
P02,V2_video1_normal,normal,1440,48.010285714285715,1,0.0806802227408264,0.08402045346464668,0.07733999201700613,0.16018369977265987,0.24444444444444444,1.0,0.11038810292110779,0.2581350029741243,0.18426155294761604,0.0046593186316386,1,0,0.592130776473808,0.0023296593158193,1,0,1,0
P02,V2_video1_normal,normal,1441,48.04362619047619,1,0.07648619593790298,0.08129140103036493,0.07168099084544104,0.1603220011646166,0.24444444444444444,1.0,0.17609446914372495,0.14696633496765033,0.16153040205568764,0.002695023860624311,1,0,0.5807652010278438,0.0013475119303121555,1,0,1,0
P02,V2_video1_normal,normal,1442,48.076966666666664,1,0.07583535347425716,0.08061876830634114,0.07105193864217316,0.15937044836355604,0.24444444444444444,1.0,0.24373860426143346,0.21759615287499134,0.2306673785682124,0.0027806353742408176,1,0,0.6153336892841061,0.0013903176871204088,1,0,1,0
P02,V2_video1_normal,normal,1443,48.11030714285714,1,0.07648573603182385,0.0806626514278365,0.0723088206358112,0.160126003066699,0.24444444444444444,1.0,0.4276296203479437,0.1467634091024015,0.2871965147251726,0.0022424476293926078,1,0,0.6435982573625862,0.0011212238146963039,1,0,1,0
P02,V2_video1_normal,normal,1444,48.14364761904762,1,0.07372378046146422,0.07716381358620067,0.07028374733672778,0.16077777576760524,0.24444444444444444,1.0,0.35288685645511253,0.4249167286739043,0.3889017925645084,0.001735954795188153,1,0,0.6944508962822542,0.0008679773975940765,1,0,1,0
P02,V2_video1_normal,normal,1445,48.176988095238094,1,0.06440903996290076,0.06577104188136225,0.06304703804443929,0.15949821450875118,0.24444444444444444,1.0,0.44650628256663594,0.7807981845135928,0.6136522335401144,0.0018943884879508578,1,0,0.8068261167700572,0.0009471942439754289,1,0,1,0
P02,V2_video1_normal,normal,1446,48.21032857142857,1,0.06338583702063731,0.06661650025142336,0.06015517378985125,0.16014029627647425,0.24444444444444444,1.0,0.5552453902430111,0.5284452372819376,0.5418453137624744,0.0024186589039300165,1,0,0.7709226568812372,0.0012093294519650083,1,0,1,0
P02,V2_video1_normal,normal,1447,48.24366904761904,1,0.06778564997635114,0.0715299328979827,0.06404136705471958,0.15998255797975575,0.24444444444444444,1.0,0.48425224274176826,0.6992598736330303,0.5917560581873993,0.003301585782699837,1,0,0.7958780290936996,0.0016507928913499185,1,0,1,0
P02,V2_video1_normal,normal,1448,48.277009523809525,1,0.06589936864647908,0.07050227599965583,0.06129646129330234,0.1602211713443259,0.24444444444444444,1.0,0.3867790677477584,0.36701288166138135,0.37689597470456987,0.00373817349542962,1,0,0.688447987352285,0.00186908674771481,1,0,1,0
P02,V2_video1_normal,normal,1449,48.31035,1,0.06711359782314452,0.07080332999802963,0.06342386564825941,0.1596062124454706,0.24444444444444444,1.0,0.2715576497966804,0.4197506508547316,0.345654150325706,0.002610726062267016,1,0,0.672827075162853,0.001305363031133508,1,0,1,0
P02,V2_video1_normal,normal,1450,48.343690476190474,1,0.06058396837494786,0.06695035880544013,0.054217577944455586,0.16063383008082746,0.24444444444444444,1.0,0.3093482231748934,0.25504520689376076,0.2821967150343271,0.0031655938501470703,1,0,0.6410983575171636,0.0015827969250735352,1,0,1,0
P02,V2_video1_normal,normal,1451,48.37703095238095,1,0.06427469927274898,0.06958562176558462,0.05896377677991335,0.16082136139398814,0.24444444444444444,1.0,0.2956953509636414,0.48337786775973635,0.3895366093616889,0.0015042029402094976,1,0,0.6947683046808444,0.0007521014701047488,1,0,1,0
P02,V2_video1_normal,normal,1452,48.41037142857143,1,0.06241970882920829,0.06773996147076805,0.057099456187648535,0.16102748851757498,0.24444444444444444,1.0,0.5185804598858796,0.5202860463874495,0.5194332531366646,0.0026574728886855086,1,0,0.7597166265683323,0.0013287364443427543,1,0,1,0
P02,V2_video1_normal,normal,1453,48.443711904761905,1,0.05940662341260134,0.06419517594270115,0.054618070882501535,0.15974189722126994,0.24444444444444444,1.0,0.3231150440038115,0.4341971081744731,0.3786560760891423,0.0017774149148445646,1,0,0.6893280380445712,0.0008887074574222823,1,0,1,0
P02,V2_video1_normal,normal,1454,48.47705238095238,1,0.06206906163706617,0.06650805522900055,0.0576300680451318,0.16056782815238846,0.24444444444444444,1.0,0.21608216123711899,0.237627306838067,0.226854734037593,0.005891621526914495,1,0,0.6134273670187965,0.0029458107634572476,1,0,1,0
P02,V2_video1_normal,normal,1455,48.510392857142854,1,0.06498831502129007,0.07262824264032162,0.05734838740225851,0.16064536539155688,0.24444444444444444,1.0,0.41750833321528646,0.5054163453135901,0.4614623392644383,0.0017980207194370282,1,0,0.7307311696322192,0.0008990103597185141,1,0,1,0
P02,V2_video1_normal,normal,1456,48.543733333333336,1,0.0606379927856173,0.06956989407988265,0.051706091491351955,0.16095054155607016,0.24444444444444444,1.0,0.43487102300747826,0.44579439668758025,0.44033270984752926,0.0022782528257618414,1,0,0.7201663549237647,0.0011391264128809207,1,0,1,0
P02,V2_video1_normal,normal,1457,48.57707380952381,1,0.06149057740186209,0.0694891372879235,0.05349201751580069,0.1602028585589374,0.24444444444444444,1.0,0.3977516540896392,0.4945794456027388,0.446165549846189,0.00226934125215227,1,0,0.7230827749230945,0.001134670626076135,1,0,1,0
P02,V2_video1_normal,normal,1458,48.610414285714285,1,0.055252821857404544,0.05901483759558326,0.05149080611922583,0.1599274052086182,0.24444444444444444,1.0,0.45534102795400166,0.5366000589554771,0.4959705434547394,0.0015783875112360159,1,0,0.7479852717273697,0.0007891937556180079,1,0,1,0
P02,V2_video1_normal,normal,1459,48.64375476190476,1,0.05912059870575201,0.0653079985532665,0.052933198858237517,0.16006021868557946,0.24444444444444444,1.0,0.6686166321714417,0.32932293012781755,0.49896978114962964,0.0028968551996289135,1,0,0.7494848905748148,0.0014484275998144567,1,0,1,0
P02,V2_video1_normal,normal,1460,48.677095238095234,1,0.0574001725982808,0.06489772957996277,0.04990261561659883,0.16067627796947184,0.24444444444444444,1.0,0.6489807873225815,0.3866215641344485,0.517801175728515,0.002407079079844539,1,0,0.7589005878642575,0.0012035395399222694,1,0,1,0
P02,V2_video1_normal,normal,1461,48.710435714285715,1,0.05427519590682531,0.060945017490058574,0.047605374323592034,0.16011215551940466,0.24444444444444444,1.0,0.4277011954154164,0.4126572239744978,0.4201792096949571,0.0018029904717617264,1,0,0.7100896048474785,0.0009014952358808632,1,0,1,0
P02,V2_video1_normal,normal,1462,48.74377619047619,1,0.051448244523135206,0.05609036146633209,0.04680612757993833,0.16067169713943977,0.24444444444444444,1.0,0.6616983009927677,0.5536508396890201,0.6076745703408939,0.0012114604916010142,1,0,0.803837285170447,0.0006057302458005071,1,0,1,0
P02,V2_video1_normal,normal,1463,48.777116666666664,1,0.048398202192624376,0.05098623489010898,0.04581016949513978,0.16039188687352093,0.24444444444444444,1.0,0.5041033598427489,0.5105451278113012,0.5073242438270251,0.0039191398409483885,1,0,0.7536621219135126,0.0019595699204741942,1,0,1,0
P02,V2_video1_normal,normal,1464,48.81045714285714,1,0.04801221147515272,0.051867591684551864,0.044156831265753586,0.16039515255260112,0.24444444444444444,1.0,0.700232310943435,0.7208282128622865,0.7105302619028607,0.006883666516769908,1,0,0.8552651309514303,0.003441833258384954,1,0,1,0
P02,V2_video1_normal,normal,1465,48.84379761904762,1,0.05089407964707872,0.05233340001548132,0.049454759278676125,0.1604546843642773,0.24444444444444444,1.0,0.5251467967332037,0.32121701734011787,0.4231819070366608,0.0034920221348314117,1,0,0.7115909535183305,0.0017460110674157058,1,0,1,0
P02,V2_video1_normal,normal,1466,48.877138095238095,1,0.054462960393979215,0.05333275392931815,0.05559316685864029,0.16072412037551295,0.24444444444444444,1.0,0.2542282441042485,0.30851101237864265,0.28136962824144557,0.004993600859965546,1,0,0.6406848141207228,0.002496800429982773,1,0,1,0
P02,V2_video1_normal,normal,1467,48.91047857142857,1,0.04590986115920763,0.04398495987683739,0.04783476244157786,0.1600096342825425,0.24444444444444444,1.0,0.41532460167967034,0.4582212128556751,0.4367729072676727,0.00826792576895663,1,0,0.7183864536338364,0.004133962884478315,1,0,1,0
P02,V2_video1_normal,normal,1468,48.943819047619044,1,0.04427018875079157,0.044501511903354,0.04403886559822914,0.1597542147221414,0.24444444444444444,1.0,0.1849001368618045,0.2510060972078254,0.21795311703481496,0.003121853967635947,1,0,0.6089765585174075,0.0015609269838179735,1,0,1,0
P02,V2_video1_normal,normal,1469,48.977159523809526,1,0.04384521100128068,0.04206436648751821,0.045626055515043146,0.16039694044852335,0.24444444444444444,1.0,0.6200689435191981,0.14111072798259172,0.3805898357508949,0.0038544773394131935,1,0,0.6902949178754474,0.0019272386697065968,1,0,1,0
P02,V2_video1_normal,normal,1470,49.0105,1,0.05138250299743989,0.04727985038759603,0.05548515560728375,0.15958057943520212,0.24444444444444444,1.0,0.6558410109378121,0.20108293159707202,0.42846197126744207,0.0011008285241733452,1,0,0.714230985633721,0.0005504142620866726,1,0,1,0
P02,V2_video1_normal,normal,1471,49.043840476190475,1,0.053871315607535136,0.048850224416732806,0.058892406798337474,0.159373915460955,0.24444444444444444,1.0,0.4439673872526434,0.11629701208746634,0.28013219967005487,0.0014745831297804733,1,0,0.6400660998350274,0.0007372915648902366,1,0,1,0
P02,V2_video1_normal,normal,1472,49.07718095238095,1,0.05081437851488764,0.047729396987069864,0.05389936004270542,0.1591338503837317,0.24444444444444444,1.0,0.3556236496460924,0.23889014546621934,0.29725689755615586,0.0016391893594112092,1,0,0.6486284487780779,0.0008195946797056046,1,0,1,0
P02,V2_video1_normal,normal,1473,49.110521428571424,1,0.055059453185641885,0.0532893891125744,0.056829517258709376,0.15974848705199945,0.24444444444444444,1.0,0.25996087767198717,0.19429483399643543,0.2271278558342113,0.003153181870338262,1,0,0.6135639279171057,0.001576590935169131,1,0,1,0
P02,V2_video1_normal,normal,1474,49.143861904761906,1,0.06162271020775164,0.06099953583110634,0.06224588458439694,0.15945826735800353,0.24666666666666667,1.0,0.23296082724023692,0.10272055895295285,0.16784069309659488,0.0029145912365849884,1,0,0.5839203465482974,0.0014572956182924942,1,0,1,0
P02,V2_video1_normal,normal,1475,49.17720238095238,1,0.06511307380557457,0.06166108104824157,0.06856506656290759,0.1590282410027774,0.24888888888888888,1.0,0.4628735955396738,0.1712857063022417,0.31707965092095775,0.0017091857521741858,1,0,0.6585398254604788,0.0008545928760870929,1,0,1,0
P02,V2_video1_normal,normal,1476,49.210542857142855,1,0.050376314043645634,0.044566553361116173,0.056186074726175095,0.1591539717949912,0.2511111111111111,1.0,0.3671704195476406,0.33814804798708653,0.3526592337673636,0.0013258145369250361,1,0,0.6763296168836818,0.0006629072684625181,1,0,1,0
P02,V2_video1_normal,normal,1477,49.24388333333333,1,0.052699598835041134,0.04771502477202486,0.0576841728980574,0.15936571953081557,0.25333333333333335,1.0,0.6729289331258969,0.17266374073631452,0.4227963369311057,0.0028896648255534404,1,0,0.7113981684655528,0.0014448324127767202,1,0,1,0
P02,V2_video1_normal,normal,1478,49.27722380952381,1,0.04929632343583636,0.038593460701323974,0.05999918617034875,0.1583124040336489,0.25555555555555554,1.0,0.6015610012208606,0.13009900587335343,0.36583000354710704,0.0018154183246092714,1,0,0.6829150017735535,0.0009077091623046357,1,0,1,0
P02,V2_video1_normal,normal,1479,49.310564285714285,1,0.048594281821709044,0.0381816170735153,0.05900694656990279,0.15833973501726428,0.2577777777777778,1.0,0.5470493429829713,0.2332582432827669,0.3901537931328691,0.0030869173494925918,1,0,0.6950768965664346,0.0015434586747462959,1,0,1,0
P02,V2_video1_normal,normal,1480,49.34390476190476,1,0.04870491460355206,0.039991761850025905,0.05741806735707822,0.15877675162684182,0.26,1.0,0.7317178456575179,0.3205902312425821,0.52615403845005,0.005136113520123993,1,0,0.763077019225025,0.0025680567600619964,1,0,1,0
P02,V2_video1_normal,normal,1481,49.377245238095234,1,0.0499568313517702,0.0418994772553687,0.058014185448171704,0.15948147633092352,0.26222222222222225,1.0,0.66774818084133,0.3740532662230325,0.5209007235321812,0.0017604219229135497,1,0,0.7604503617660906,0.0008802109614567748,1,0,1,0
P02,V2_video1_normal,normal,1482,49.410585714285716,1,0.054367639173196564,0.04611097075239866,0.06262430759399447,0.16015312585679783,0.2644444444444444,1.0,0.6767203255612118,0.2058613640109883,0.44129084478610003,0.0031300547097634687,1,0,0.7206454223930501,0.0015650273548817343,1,0,1,0
P02,V2_video1_normal,normal,1483,49.44392619047619,1,0.05563093962639054,0.04942831029260727,0.06183356896017382,0.16017954460080808,0.26666666666666666,1.0,0.636881963986115,0.2381071362699424,0.4374945501280287,0.004907854955027342,1,0,0.7187472750640144,0.002453927477513671,1,0,1,0
P02,V2_video1_normal,normal,1484,49.477266666666665,1,0.06154175664449686,0.055461532171795856,0.06762198111719786,0.15970260717572143,0.2688888888888889,1.0,0.506728012059048,0.1486312647880389,0.3276796384235435,0.000991503506847065,1,0,0.6638398192117717,0.0004957517534235326,1,0,1,0
P02,V2_video1_normal,normal,1485,49.51060714285714,1,0.06104581590539032,0.060555128462020096,0.061536503348760554,0.1599160029251855,0.27111111111111114,1.0,0.7160716603039909,0.1169063066392586,0.4164889834716248,0.0017223711891499697,1,0,0.7082444917358124,0.0008611855945749848,1,0,1,0
P02,V2_video1_normal,normal,1486,49.54394761904762,1,0.04874116621369787,0.049777731806897325,0.0477046006204984,0.15990071764864128,0.2733333333333333,1.0,0.5522731221535752,0.20192070242757265,0.3770969122905739,0.0008868753131894503,1,0,0.6885484561452869,0.0004434376565947251,1,0,1,0
P02,V2_video1_normal,normal,1487,49.577288095238096,1,0.049966350265590403,0.052883379032379094,0.04704932149880172,0.15978208257465232,0.27555555555555555,1.0,0.7449610895953273,0.07878766792080694,0.4118743787580671,0.0004795579525000847,1,0,0.7059371893790336,0.00023977897625004235,1,0,1,0
P02,V2_video1_normal,normal,1488,49.61062857142857,1,0.053586459338498316,0.053396132157486814,0.053776786519509824,0.15810674929834853,0.2777777777777778,1.0,0.7494911121464083,0.1268213526043156,0.43815623237536194,0.0017987834178501522,1,0,0.7190781161876809,0.0008993917089250761,1,0,1,0
P02,V2_video1_normal,normal,1489,49.643969047619045,1,0.047493638404641866,0.0488062604872262,0.04618101632205753,0.158130648159968,0.28,1.0,0.749396603295452,0.0791556172279414,0.4142761102616967,0.0009783705481599837,1,0,0.7071380551308484,0.0004891852740799918,1,0,1,0
P02,V2_video1_normal,normal,1490,49.67730952380952,1,0.050769086443756106,0.05355964241717717,0.04797853047033504,0.1584034259975737,0.2822222222222222,1.0,0.8484799647853692,0.13617972385441912,0.4923298443198942,0.0008892979629819833,1,0,0.7461649221599471,0.00044464898149099163,1,0,1,0
P02,V2_video1_normal,normal,1491,49.71065,1,0.049291817874098226,0.05004812862016154,0.04853550712803492,0.15877047302237227,0.28444444444444444,1.0,0.6915040299448292,0.18214420520093255,0.43682411757288087,0.001488380242676725,1,0,0.7184120587864404,0.0007441901213383625,1,0,1,0
P02,V2_video1_normal,normal,1492,49.743990476190476,1,0.05072676671889739,0.05234042589403266,0.049113107543762115,0.15917517172460857,0.2866666666666667,1.0,0.5942902517624786,0.202483691956025,0.3983869718592518,0.0015649258910337455,1,0,0.6991934859296259,0.0007824629455168727,1,0,1,0
P02,V2_video1_normal,normal,1493,49.77733095238095,1,0.050417955997256826,0.05202351610417475,0.0488123958903389,0.15942249265569025,0.28888888888888886,1.0,0.5698777225556501,0.4519313329756941,0.5109045277656721,0.0009625435648169749,1,0,0.755452263882836,0.00048127178240848747,1,0,1,0
P02,V2_video1_normal,normal,1494,49.810671428571425,1,0.048941438624909864,0.051339846511098124,0.046543030738721604,0.15906582304804373,0.2911111111111111,1.0,0.5658244829100983,0.451044595099765,0.5084345390049316,0.0016065470691465434,1,0,0.7542172695024658,0.0008032735345732717,1,0,1,0
P02,V2_video1_normal,normal,1495,49.844011904761906,1,0.05166599836722595,0.05459666124656656,0.04873533548788534,0.15894494907984058,0.29333333333333333,1.0,0.7772990357456526,0.4170539096454562,0.5971764726955544,0.002216949735220817,1,0,0.7985882363477772,0.0011084748676104086,1,0,1,0
P02,V2_video1_normal,normal,1496,49.87735238095238,1,0.05086126646402524,0.05042073882615959,0.05130179410189088,0.15952592270148166,0.29333333333333333,1.0,0.7579651905548711,0.37619019801272946,0.5670776942838003,0.0024374375076499383,1,0,0.7835388471419001,0.0012187187538249692,1,0,1,0
P02,V2_video1_normal,normal,1497,49.910692857142855,1,0.04967477923924372,0.049257767438902346,0.05009179103958509,0.15852171303000584,0.29333333333333333,1.0,0.6604515730375548,0.42689491884629904,0.5436732459419269,0.0009726852511156945,1,0,0.7718366229709634,0.00048634262555784724,1,0,1,0
P02,V2_video1_normal,normal,1498,49.94403333333333,1,0.0537562401965902,0.053273247902133385,0.05423923249104702,0.15862551108396364,0.29333333333333333,1.0,0.6713026627912104,0.36088129312283335,0.5160919779570219,0.001991267867122313,1,0,0.7580459889785109,0.0009956339335611564,1,0,1,0
P02,V2_video1_normal,normal,1499,49.97737380952381,1,0.05502184788999444,0.05517365468434081,0.054870041095648074,0.15902861548337768,0.29333333333333333,1.0,0.46694986167807195,0.16639555517677618,0.31667270842742407,0.0006178203895756239,1,0,0.6583363542137121,0.00030891019478781193,1,0,1,0
P02,V2_video1_normal,normal,1500,50.010714285714286,1,0.05516982439369206,0.05562196137280639,0.054717687414577734,0.15911375567030908,0.29333333333333333,1.0,0.5218334591422447,0.2264530045640316,0.37414323185313814,0.0006383680225229822,1,0,0.6870716159265691,0.0003191840112614911,1,0,1,0
P02,V2_video1_normal,normal,1501,50.04405476190476,1,0.05232521916925383,0.0517022169578188,0.052948221380688866,0.1595961456467741,0.29333333333333333,1.0,0.667038099122093,0.22405474457962904,0.445546421850861,0.0005446444892215145,1,0,0.7227732109254306,0.00027232224461075724,1,0,1,0
P02,V2_video1_normal,normal,1502,50.077395238095235,1,0.05759552809703307,0.05651717186673831,0.05867388432732782,0.15944789441376941,0.29333333333333333,1.0,0.7891078266499066,0.13655876467547423,0.46283329566269044,0.0014828184615475136,1,0,0.7314166478313452,0.0007414092307737568,1,0,1,0
P02,V2_video1_normal,normal,1503,50.11073571428571,1,0.06091900634719877,0.058180199019692354,0.06365781367470517,0.15892053725610433,0.29333333333333333,1.0,0.705335416908814,0.14759186302119864,0.4264636399650063,0.0016711487814026773,1,0,0.7132318199825032,0.0008355743907013386,1,0,1,0
P02,V2_video1_normal,normal,1504,50.14407619047619,1,0.060620419107292677,0.0624146428511072,0.058826195363478155,0.15773243993677444,0.29333333333333333,1.0,0.34340788952482193,0.026540673963638794,0.18497428174423036,0.0032167870222880876,1,0,0.5924871408721152,0.0016083935111440438,1,0,1,0
P02,V2_video1_normal,normal,1505,50.177416666666666,1,0.07814232660407885,0.07802422338923373,0.07826042981892396,0.1584780411337661,0.29333333333333333,1.0,0.43270933277029155,0.11819665762881626,0.2754529951995539,0.0012520267200801006,1,0,0.637726497599777,0.0006260133600400503,1,0,1,0
P02,V2_video1_normal,normal,1506,50.21075714285714,1,0.1591543741140238,0.15718928754482364,0.16111946068322397,0.15904976938615667,0.2911111111111111,1.0,0.21716166316576646,0.10449894046665231,0.1608303018162094,0.001719391875374818,0,0,0.0804151509081047,0.000859695937687409,0,0,0,0
P02,V2_video1_normal,normal,1507,50.244097619047615,1,0.24036684138187941,0.24124698914021867,0.23948669362354014,0.1586824843254991,0.28888888888888886,1.0,0.06429018614190896,0.41545351113802986,0.2398718486399694,0.0017227368926047188,0,0,0.1199359243199847,0.0008613684463023594,0,0,0,0
P02,V2_video1_normal,normal,1508,50.2774380952381,1,0.2760788569163452,0.2794194953545406,0.27273821847814983,0.1586567018023405,0.2866666666666667,1.0,0.06964523855812477,0.047556199238583785,0.058600718898354276,0.0015035406184677178,0,0,0.029300359449177138,0.0007517703092338589,0,0,0,0
P02,V2_video1_normal,normal,1509,50.31077857142857,1,0.2906210990427158,0.2948577074599297,0.286384490625502,0.15820163725174413,0.28444444444444444,1.0,0.515847380005849,0.29880203532363214,0.40732470766474055,0.0004257295140871608,0,0,0.20366235383237027,0.0002128647570435804,0,0,0,0
P02,V2_video1_normal,normal,1510,50.344119047619046,1,0.2597948544241784,0.261952482244385,0.25763722660397176,0.15891312221582268,0.2822222222222222,1.0,0.01710601403948786,0.09885073887551343,0.05797837645750065,0.0012880646575038999,0,0,0.028989188228750323,0.0006440323287519499,0,0,0,0
P02,V2_video1_normal,normal,1511,50.37745952380952,1,0.07893382814467277,0.07484326226749344,0.0830243940218521,0.15815544365191303,0.2822222222222222,1.0,0.11159350012762403,0.10688926588026315,0.10924138300394359,0.0016715824036701791,1,0,0.5546206915019718,0.0008357912018350896,1,0,0,0
P02,V2_video1_normal,normal,1512,50.4108,1,0.10359572541048775,0.09558820674459684,0.11160324407637866,0.1580070203089928,0.2822222222222222,1.0,0.12566115676293366,0.05061405837584887,0.08813760756939126,0.0007261791540936391,1,0,0.5440688037846957,0.00036308957704681954,1,0,0,0
P02,V2_video1_normal,normal,1513,50.444140476190476,1,0.14375576065402212,0.13387075095543274,0.1536407703526115,0.1587317965337536,0.28,1.0,0.06042115393395375,0.48453780955319614,0.27247948174357495,0.0010963482731406295,0,0,0.13623974087178747,0.0005481741365703147,0,0,0,0
P02,V2_video1_normal,normal,1514,50.47748095238095,1,0.21332941167234892,0.2018480557370006,0.22481076760769728,0.15816908440908445,0.2777777777777778,1.0,0.11838544518028982,0.26431672371141424,0.19135108444585203,0.002571594446105843,0,0,0.09567554222292601,0.0012857972230529216,0,0,0,0
P02,V2_video1_normal,normal,1515,50.510821428571425,1,0.24670451584579078,0.2416494232223835,0.2517596084691981,0.15824745353000605,0.27555555555555555,1.0,0.12307497075274532,0.15986911874810528,0.1414720447504253,0.003186146485068889,0,0,0.07073602237521265,0.0015930732425344445,0,0,0,0
P02,V2_video1_normal,normal,1516,50.54416190476191,1,0.2609703362397481,0.25621557940742834,0.2657250930720678,0.15815956793340882,0.2733333333333333,1.0,0.2156642384164873,0.07414886815284427,0.14490655328466578,0.002083871950127104,0,0,0.07245327664233289,0.001041935975063552,0,0,0,0
P02,V2_video1_normal,normal,1517,50.57750238095238,1,0.26874750609769404,0.2649476993486765,0.2725473128467115,0.15845126586486633,0.27111111111111114,1.0,0.30759309577672356,0.0728548457919912,0.19022397078435738,0.0010178015830653118,0,0,0.09511198539217869,0.0005089007915326559,0,0,0,0
P02,V2_video1_normal,normal,1518,50.610842857142856,1,0.27708910858471925,0.2748051992962824,0.27937301787315605,0.1581779460452401,0.2688888888888889,1.0,0.08099264584015897,0.023879469560375788,0.05243605770026738,0.0009766541310977186,0,0,0.02621802885013369,0.0004883270655488593,0,0,0,0
P02,V2_video1_normal,normal,1519,50.64418333333333,1,0.2815720874385956,0.2767882248042241,0.28635595007296705,0.15789624711679365,0.26666666666666666,1.0,0.05759436585161237,0.04274307847037173,0.05016872216099205,0.0006749880325537511,0,0,0.025084361080496026,0.00033749401627687555,0,0,0,0
P02,V2_video1_normal,normal,1520,50.677523809523805,1,0.280769399368608,0.2773540984808626,0.2841847002563534,0.15840285227977227,0.2644444444444444,1.0,0.21085648625905518,0.06693719619419514,0.13889684122662516,0.0010598888654254034,0,0,0.06944842061331258,0.0005299444327127017,0,0,0,0
P02,V2_video1_normal,normal,1521,50.71086428571429,1,0.28410925821354815,0.2824856597058131,0.2857328567212833,0.1581883445238668,0.26222222222222225,1.0,0.04799948658447106,0.167973397751079,0.10798644216777503,0.0011623191106802972,0,0,0.053993221083887516,0.0005811595553401486,0,0,0,0
P02,V2_video1_normal,normal,1522,50.74420476190476,1,0.28193215327378407,0.27996710113800344,0.2838972054095647,0.15812749550533106,0.26,1.0,0.02317577849055319,0.04448663288722099,0.03383120568888709,0.0010471845343401765,0,0,0.016915602844443545,0.0005235922671700883,0,0,0,0
P02,V2_video1_normal,normal,1523,50.777545238095236,1,0.27971523122967523,0.2771206007734327,0.2823098616859178,0.157988559381994,0.26,1.0,0.16464444014510782,0.021012603756059733,0.09282852195058378,0.0006217639798815037,0,0,0.04641426097529189,0.00031088198994075187,0,0,0,0
P02,V2_video1_normal,normal,1524,50.81088571428571,1,0.26275368312129255,0.25910463181140053,0.2664027344311845,0.1579394947779866,0.26,1.0,0.09335961170269402,0.049924473958326665,0.07164204283051034,0.0007550364312718898,0,0,0.03582102141525517,0.0003775182156359449,0,0,0,0
P02,V2_video1_normal,normal,1525,50.84422619047619,1,0.16877908394219154,0.15104717853414842,0.1865109893502347,0.1587683686593295,0.26,1.0,0.2100116474700512,0.4419574678966982,0.3259845576833747,0.001062375680148106,0,0,0.16299227884168735,0.000531187840074053,0,0,0,0
P02,V2_video1_normal,normal,1526,50.87756666666667,1,0.06411184661417169,0.06347777490523684,0.06474591832310653,0.15897702270781408,0.26222222222222225,1.0,0.24076045322828,0.7612129464277272,0.5009866998280036,0.0004837831204198361,1,0,0.7504933499140019,0.00024189156020991805,1,0,1,0
P02,V2_video1_normal,normal,1527,50.91090714285714,1,0.05407802856486078,0.050455957632745345,0.05770009949697623,0.1595996344628041,0.2644444444444444,1.0,0.3633414412253949,0.8347789853439372,0.5990602132846661,0.0004279766420636086,1,0,0.799530106642333,0.0002139883210318043,1,0,1,0
P02,V2_video1_normal,normal,1528,50.944247619047616,1,0.06648225496780605,0.0680275399319517,0.06493697000366039,0.1584259050349366,0.26666666666666666,1.0,0.15037977127429125,0.6587659263851822,0.4045728488297367,0.0005105705090882622,1,0,0.7022864244148683,0.0002552852545441311,1,0,1,0
P02,V2_video1_normal,normal,1529,50.9775880952381,1,0.08907878314357784,0.08412980128989261,0.09402776499726308,0.15885156889912974,0.2688888888888889,1.0,0.20731790231254732,0.43917993963402757,0.32324892097328745,0.004812608815309897,1,0,0.6616244604866437,0.0024063044076549486,1,0,1,0
P02,V2_video1_normal,normal,1530,51.01092857142857,1,0.12289335636207432,0.11447955589058847,0.13130715683356017,0.15889552680521601,0.27111111111111114,1.0,0.14436031925673642,0.35644170911193784,0.25040101418433713,0.00914561804352787,1,0,0.6252005070921686,0.004572809021763935,1,0,1,0
P02,V2_video1_normal,normal,1531,51.044269047619046,1,0.20781305037255027,0.19858619413159026,0.21703990661351025,0.15896233415749306,0.27111111111111114,1.0,0.3637772820106666,0.05104982129271496,0.2074135516516908,0.005454986399417867,0,0,0.1037067758258454,0.0027274931997089335,0,0,0,0
P02,V2_video1_normal,normal,1532,51.07760952380952,1,0.23474042219775682,0.2284029334660398,0.24107791092947387,0.15905356978725638,0.27111111111111114,1.0,0.05353444275996411,0.06509693856885923,0.05931569066441167,0.005499407337143965,0,0,0.029657845332205834,0.0027497036685719825,0,0,0,0
P02,V2_video1_normal,normal,1533,51.110949999999995,1,0.2477840344819082,0.24585170756261146,0.24971636140120493,0.15867041651615632,0.27111111111111114,1.0,0.1611215362588101,0.07655550499653718,0.11883852062767364,0.01034338995198463,0,0,0.05941926031383682,0.005171694975992315,0,0,0,0
P02,V2_video1_normal,normal,1534,51.14429047619048,1,0.24992036231803913,0.24942296942428976,0.2504177552117885,0.15798629532651398,0.27111111111111114,1.0,0.3216309111848845,0.04065961914185512,0.18114526516336982,0.014896382158316162,0,0,0.09057263258168491,0.007448191079158081,0,0,0,0
P02,V2_video1_normal,normal,1535,51.17763095238095,1,0.25375916316150327,0.25296573259392996,0.25455259372907657,0.15892794539388658,0.27111111111111114,1.0,0.2674096607971922,0.04809076813806745,0.15775021446762982,0.006736870612767518,0,0,0.07887510723381491,0.003368435306383759,0,0,0,0
P02,V2_video1_normal,normal,1536,51.210971428571426,1,0.2527728134719063,0.2510832148802286,0.25446241206358394,0.1578367072421611,0.27111111111111114,1.0,0.33687892580374135,0.09117212399804497,0.21402552490089316,0.007897803320551795,0,0,0.10701276245044658,0.003948901660275898,0,0,0,0
P02,V2_video1_normal,normal,1537,51.2443119047619,1,0.25176547738777383,0.2503903858608405,0.25314056891470715,0.1577981700285113,0.27111111111111114,1.0,0.6807478991343148,0.048705638827517994,0.3647267689809164,0.009843166484956499,0,0,0.1823633844904582,0.0049215832424782495,0,0,0,0
P02,V2_video1_normal,normal,1538,51.27765238095238,1,0.2536940526363139,0.25182219958750707,0.2555659056851207,0.1576578307026068,0.27111111111111114,1.0,0.20271117292416785,0.11865014139048369,0.16068065715732577,0.008449716935566917,0,0,0.08034032857866288,0.004224858467783458,0,0,0,0
P02,V2_video1_normal,normal,1539,51.31099285714286,1,0.2530744088257344,0.25307587869937515,0.25307293895209365,0.15809866421169566,0.27111111111111114,1.0,0.23339433795920705,0.21243337794772665,0.22291385795346685,0.007932258389362516,0,0,0.11145692897673343,0.003966129194681258,0,0,0,0
P02,V2_video1_normal,normal,1540,51.34433333333333,1,0.2566473126693188,0.2536272959664984,0.25966732937213916,0.15845653530618958,0.27111111111111114,1.0,0.16578197849251974,0.1177059205130987,0.14174394950280922,0.010105901777721804,0,0,0.07087197475140461,0.005052950888860902,0,0,0,0
P02,V2_video1_normal,normal,1541,51.377673809523806,1,0.25752255404048335,0.25467649840917794,0.26036860967178876,0.15847881802893543,0.27111111111111114,1.0,0.2347198606602513,0.10809837670514388,0.1714091186826976,0.017690227504242696,0,0,0.0857045593413488,0.008845113752121348,0,0,0,0
P02,V2_video1_normal,normal,1542,51.41101428571429,1,0.26300522273930615,0.2594649859752407,0.2665454595033716,0.15796608417620484,0.27111111111111114,1.0,0.14678626511947046,0.10279756226782522,0.12479191369364784,0.004669238340712775,0,0,0.06239595684682392,0.0023346191703563874,0,0,0,0
P02,V2_video1_normal,normal,1543,51.44435476190476,1,0.26446958028520784,0.2622809845030448,0.26665817606737086,0.15783407147514733,0.27111111111111114,1.0,0.0462757464799467,0.019106468414512023,0.03269110744722936,0.006479441541273585,0,0,0.01634555372361468,0.0032397207706367924,0,0,0,0
P02,V2_video1_normal,normal,1544,51.47769523809524,1,0.2595159723111007,0.25681137783262903,0.26222056678957234,0.1586379432075323,0.2688888888888889,1.0,0.2454246122523629,0.15824053994550924,0.20183257609893607,0.0045725444913576035,0,0,0.10091628804946803,0.0022862722456788017,0,0,0,0
P02,V2_video1_normal,normal,1545,51.51103571428571,1,0.26215667917373364,0.2603254957926999,0.26398786255476736,0.15849719837433598,0.26666666666666666,1.0,0.2647387112084817,0.07121240880898838,0.16797556000873504,0.008034616544971966,0,0,0.08398778000436752,0.004017308272485983,0,0,0,0
P02,V2_video1_normal,normal,1546,51.54437619047619,1,0.26414298282703264,0.2621036835024574,0.26618228215160794,0.15867698891961407,0.2644444444444444,1.0,0.20748992056187499,0.05778618754830567,0.13263805405509033,0.012385697653509541,0,0,0.06631902702754516,0.0061928488267547705,0,0,0,0
P02,V2_video1_normal,normal,1547,51.57771666666667,1,0.2686455928336918,0.2660880781285457,0.27120310753883803,0.15834327584068245,0.26222222222222225,1.0,0.04750637551821191,0.025385110647537013,0.03644574308287446,0.00830737150915445,0,0,0.01822287154143723,0.004153685754577225,0,0,0,0
P02,V2_video1_normal,normal,1548,51.61105714285714,1,0.2666330338465589,0.2625400383797421,0.2707260293133757,0.1580405957846848,0.26222222222222225,1.0,0.10900546964236424,0.14698637726135078,0.1279959234518575,0.00895857388086261,0,0,0.06399796172592875,0.004479286940431305,0,0,0,0
P02,V2_video1_normal,normal,1549,51.644397619047616,1,0.26380888038549277,0.2621508542537442,0.2654669065172413,0.15795536390186676,0.26222222222222225,1.0,0.14055323615870696,0.10334692108684118,0.12195007862277407,0.006922661863296219,0,0,0.060975039311387036,0.0034613309316481097,0,0,0,0
P02,V2_video1_normal,normal,1550,51.67773809523809,1,0.26294794609431327,0.2611565809104448,0.2647393112781817,0.15827721316595164,0.26222222222222225,1.0,0.19549782730322485,0.25809144814077156,0.2267946377219982,0.003028602328453956,0,0,0.1133973188609991,0.001514301164226978,0,0,0,0
P02,V2_video1_normal,normal,1551,51.71107857142857,1,0.2693468839526633,0.26479185611340317,0.27390191179192347,0.15832652071720418,0.26222222222222225,1.0,0.20561891439507995,0.13796143534576655,0.17179017487042325,0.00533495004670571,0,0,0.08589508743521163,0.002667475023352855,0,0,0,0
P02,V2_video1_normal,normal,1552,51.74441904761905,1,0.2632562961629783,0.25987628446648087,0.26663630785947573,0.15856667347928455,0.26222222222222225,1.0,0.17340793726938342,0.15768480057678935,0.16554636892308638,0.00523079886151778,0,0,0.08277318446154319,0.00261539943075889,0,0,0,0
P02,V2_video1_normal,normal,1553,51.77775952380952,1,0.24236264679108882,0.24144094527385396,0.2432843483083237,0.15888462714275803,0.26222222222222225,1.0,0.13274967983059627,0.0035763819568712663,0.06816303089373377,0.005948429331309416,0,0,0.034081515446866884,0.002974214665654708,0,0,0,0
P02,V2_video1_normal,normal,1554,51.811099999999996,1,0.05188001074431694,0.051885258975244625,0.05187476251338925,0.15805236081899576,0.2644444444444444,1.0,0.5115164858816588,0.21520186043356782,0.3633591731576133,0.008471610157122039,1,0,0.6816795865788067,0.004235805078561019,1,0,1,0
P02,V2_video1_normal,normal,1555,51.84444047619048,1,0.056876187055398826,0.048490790673364995,0.06526158343743266,0.15927579240379297,0.26666666666666666,1.0,0.825216271747379,0.774447832628761,0.79983205218807,0.00346407028020935,1,0,0.899916026094035,0.001732035140104675,1,0,1,0
P02,V2_video1_normal,normal,1556,51.87778095238095,1,0.06770918901441816,0.06823247062283341,0.06718590740600291,0.15814235726311596,0.2688888888888889,1.0,0.5337972963424151,0.1661040772287068,0.34995068678556096,0.007062607936770607,1,0,0.6749753433927805,0.0035313039683853033,1,0,1,0
P02,V2_video1_normal,normal,1557,51.91112142857143,1,0.07990667765111592,0.07344825281622885,0.08636510248600299,0.15885474917026426,0.27111111111111114,1.0,0.06398764994618922,0.03960014797632794,0.05179389896125858,0.0038532069216953794,1,0,0.5258969494806293,0.0019266034608476897,1,0,0,0
P02,V2_video1_normal,normal,1558,51.9444619047619,1,0.15638428916967634,0.14890695998942438,0.1638616183499283,0.1590206473995284,0.27111111111111114,1.0,0.27876745107464185,0.14702869619940273,0.2128980736370223,0.003026747023491429,0,0,0.10644903681851114,0.0015133735117457145,0,0,0,0
P02,V2_video1_normal,normal,1559,51.97780238095238,1,0.22080762709065904,0.21594945543382443,0.22566579874749365,0.1582249912312862,0.27111111111111114,1.0,0.11641688418625518,0.11848529063664592,0.11745108741145055,0.014818012804546645,0,0,0.058725543705725275,0.007409006402273322,0,0,0,0
P02,V2_video1_normal,normal,1560,52.01114285714286,1,0.23652262509204663,0.23499452757302894,0.2380507226110643,0.1574387593480197,0.27111111111111114,1.0,0.13356587626129546,0.07296823802345553,0.1032670571423755,0.017162120801588802,0,0,0.05163352857118775,0.008581060400794401,0,0,0,0
P02,V2_video1_normal,normal,1561,52.04448333333333,1,0.24654764621087336,0.24602605606709038,0.24706923635465633,0.15769134999360973,0.27111111111111114,1.0,0.15208373249978435,0.1643189828666487,0.15820135768321653,0.007287262914094664,0,0,0.07910067884160826,0.003643631457047332,0,0,0,0
P02,V2_video1_normal,normal,1562,52.07782380952381,1,0.25480327306314465,0.2534425191698672,0.2561640269564221,0.15815898780358087,0.27111111111111114,1.0,0.08558694587149673,0.07430647862099637,0.07994671224624655,0.011060095364231576,0,0,0.03997335612312328,0.005530047682115788,0,0,0,0
P02,V2_video1_normal,normal,1563,52.11116428571428,1,0.2564176989090008,0.2562424432619284,0.2565929545560731,0.15843292817128893,0.27111111111111114,1.0,0.1529682652426929,0.05630009146004222,0.10463417835136757,0.009342769094048901,0,0,0.052317089175683784,0.004671384547024451,0,0,0,0
P02,V2_video1_normal,normal,1564,52.14450476190476,1,0.2595333644194572,0.25742488947285175,0.26164183936606256,0.15827305545197454,0.27111111111111114,1.0,0.010090424776598494,0.04124392159198864,0.025667173184293568,0.005595647797059883,0,0,0.012833586592146784,0.0027978238985299415,0,0,0,0
P02,V2_video1_normal,normal,1565,52.17784523809524,1,0.2560299959291614,0.25300365194496605,0.25905633991335686,0.15838503405615412,0.27111111111111114,1.0,0.09624515086053387,0.12282693714157378,0.10953604400105382,0.0075835296454518555,0,0,0.05476802200052691,0.0037917648227259277,0,0,0,0
P02,V2_video1_normal,normal,1566,52.21118571428571,1,0.25940247201846883,0.25741295354844024,0.2613919904884974,0.1582366615298475,0.27111111111111114,1.0,0.16373538963194878,0.1250293193153661,0.14438235447365744,0.005029883673859743,0,0,0.07219117723682872,0.0025149418369298715,0,0,0,0
P02,V2_video1_normal,normal,1567,52.244526190476186,1,0.259671506921197,0.2597167631374585,0.25962625070493556,0.1584077130809242,0.27111111111111114,1.0,0.2262814620427981,0.07163231669102932,0.1489568893669137,0.003157884141676551,0,0,0.07447844468345685,0.0015789420708382754,0,0,0,0
P02,V2_video1_normal,normal,1568,52.27786666666667,1,0.26402436377828853,0.2653002504122023,0.2627484771443748,0.1585735072720616,0.27111111111111114,1.0,0.037033587770794796,0.25488990824452373,0.14596174800765926,0.0019423233771886463,0,0,0.07298087400382963,0.0009711616885943232,0,0,0,0
P02,V2_video1_normal,normal,1569,52.31120714285714,1,0.2659611050401324,0.2675682482815197,0.2643539617987451,0.15835087479480048,0.27111111111111114,1.0,0.07221715127174055,0.22414184322498143,0.148179497248361,0.003944602987641473,0,0,0.0740897486241805,0.0019723014938207366,0,0,0,0
P02,V2_video1_normal,normal,1570,52.34454761904762,1,0.2719199490369476,0.27448756968337057,0.2693523283905247,0.1577807302846705,0.27111111111111114,1.0,0.12648065801982478,0.03468389298510932,0.08058227550246705,0.004229442151805676,0,0,0.040291137751233524,0.002114721075902838,0,0,0,0
P02,V2_video1_normal,normal,1571,52.37788809523809,1,0.2501188871209817,0.25272691983886103,0.24751085440310233,0.15902901945015502,0.2688888888888889,1.0,0.28297284364516917,0.021938618552988953,0.15245573109907906,0.004242159160534604,0,0,0.07622786554953953,0.002121079580267302,0,0,0,0
P02,V2_video1_normal,normal,1572,52.41122857142857,1,0.1459233262490676,0.15112934431469816,0.14071730818343703,0.15862955653160848,0.26666666666666666,1.0,0.09744880371077225,0.16751789395017558,0.1324833488304739,0.0012072265951524935,0,0,0.06624167441523696,0.0006036132975762468,0,0,0,0
P02,V2_video1_normal,normal,1573,52.44456904761905,1,0.06401019968120927,0.07028870936415287,0.05773168999826567,0.15772227125455474,0.26666666666666666,1.0,0.7318887832310678,0.32839757891063737,0.5301431810708526,0.0027366257903280984,1,0,0.7650715905354263,0.0013683128951640492,1,0,1,0
P02,V2_video1_normal,normal,1574,52.47790952380952,1,0.06560706532986567,0.06968401744073201,0.06153011321899932,0.1577433641687903,0.26666666666666666,1.0,0.2580898731343897,0.2595502094743314,0.25882004130436054,0.002131403529045648,1,0,0.6294100206521802,0.001065701764522824,1,0,1,0
P02,V2_video1_normal,normal,1575,52.51125,1,0.06344961849326881,0.06331952955786183,0.0635797074286758,0.1575888106441424,0.2688888888888889,1.0,0.284943827362643,0.5126019024850893,0.39877286492386615,0.0028399441735992904,1,0,0.6993864324619331,0.0014199720867996452,1,0,1,0
P02,V2_video1_normal,normal,1576,52.54459047619047,1,0.0673250532726904,0.06990694038780877,0.06474316615757203,0.15796448490630874,0.27111111111111114,1.0,0.5277243953331365,0.6178145773838823,0.5727694863585094,0.0013350263154945855,1,0,0.7863847431792548,0.0006675131577472928,1,0,1,0
P02,V2_video1_normal,normal,1577,52.57793095238095,1,0.06459770413660228,0.06775464854067328,0.06144075973253127,0.15813586442336336,0.2733333333333333,1.0,0.265382388934314,0.6937677583237679,0.47957507362904095,0.002186824562794578,1,0,0.7397875368145205,0.001093412281397289,1,0,1,0
P02,V2_video1_normal,normal,1578,52.61127142857143,1,0.06443087283648916,0.06890008408549764,0.05996166158748069,0.15767465535434594,0.27555555555555555,1.0,0.8251589048859755,0.4474578898507865,0.636308397368381,0.0008416163883174597,1,0,0.8181541986841905,0.00042080819415872984,1,0,1,0
P02,V2_video1_normal,normal,1579,52.6446119047619,1,0.06245361914474119,0.06696565583464181,0.05794158245484058,0.1580903000055043,0.2777777777777778,1.0,0.8634499779353373,0.5742417357081258,0.7188458568217315,0.002298049599811524,1,0,0.8594229284108658,0.001149024799905762,1,0,1,0
P02,V2_video1_normal,normal,1580,52.67795238095238,1,0.058881327781152674,0.06343521003253028,0.05432744552977507,0.15810007761879202,0.28,1.0,0.950248896182853,0.5019854500841343,0.7261171731334937,0.0015063372375376082,1,0,0.8630585865667468,0.0007531686187688041,1,0,1,0
P02,V2_video1_normal,normal,1581,52.71129285714286,1,0.05353895245974047,0.054551406167935364,0.052526498751545574,0.15804038744491328,0.2822222222222222,1.0,0.7960610232980356,0.7537171683210793,0.7748890958095574,0.0017501842694201905,1,0,0.8874445479047788,0.0008750921347100952,1,0,1,0
P02,V2_video1_normal,normal,1582,52.74463333333333,1,0.06786976652649929,0.06921283251769565,0.06652670053530292,0.15785265295243808,0.28444444444444444,1.0,0.16816184557384561,0.43699441030624653,0.30257812794004607,0.002641134044803084,1,0,0.6512890639700231,0.001320567022401542,1,0,1,0
P02,V2_video1_normal,normal,1583,52.77797380952381,1,0.08702364664847162,0.0827239582274718,0.09132333506947142,0.15790686473619744,0.2866666666666667,1.0,0.09667141376560051,0.21127683898088045,0.15397412637324048,0.0029747015909424236,1,0,0.5769870631866203,0.0014873507954712118,1,0,0,0
P02,V2_video1_normal,normal,1584,52.81131428571428,1,0.12806515838131657,0.12541501849879555,0.1307152982638376,0.15784855612239676,0.28888888888888886,1.0,0.1787927189406261,0.15564262303786303,0.16721767098924456,0.001603618905637799,1,0,0.5836088354946223,0.0008018094528188995,1,0,1,0
P02,V2_video1_normal,normal,1585,52.84465476190476,1,0.18183716778833664,0.17983303508611082,0.18384130049056246,0.15881147502519602,0.28888888888888886,1.0,0.49087972780442113,0.20941816427272597,0.35014894603857355,0.001917274630063271,0,0,0.17507447301928677,0.0009586373150316355,0,0,0,0
P02,V2_video1_normal,normal,1586,52.87799523809524,1,0.22236311816476434,0.2177830487026416,0.22694318762688712,0.15905049387218909,0.28888888888888886,1.0,0.23786682496626366,0.3720610375574702,0.30496393126186694,0.008001658117449665,0,0,0.15248196563093347,0.004000829058724832,0,0,0,0
P02,V2_video1_normal,normal,1587,52.91133571428571,1,0.24109303914978483,0.2383078092077521,0.24387826909181756,0.15868331914284656,0.28888888888888886,1.0,0.06634772481701734,0.0586050601710949,0.06247639249405612,0.004121339211321976,0,0,0.03123819624702806,0.002060669605660988,0,0,0,0
P02,V2_video1_normal,normal,1588,52.94467619047619,1,0.25413879090426916,0.2546405382473412,0.25363704356119715,0.15853554907854278,0.28888888888888886,1.0,0.09394452846307666,0.011030645567912,0.05248758701549433,0.003559230030083713,0,0,0.026243793507747165,0.0017796150150418564,0,0,0,0
P02,V2_video1_normal,normal,1589,52.97801666666667,1,0.25811123033723105,0.25613110964073543,0.26009135103372666,0.15857510211801168,0.28888888888888886,1.0,0.06802577206123295,0.11981611089515332,0.09392094147819313,0.002822347051476133,0,0,0.046960470739096566,0.0014111735257380665,0,0,0,0
P02,V2_video1_normal,normal,1590,53.01135714285714,1,0.2581139967370448,0.2598235627429959,0.25640443073109376,0.1580356389281787,0.2866666666666667,1.0,0.12428297507793518,0.016612298766506273,0.07044763692222072,0.002872088228794035,0,0,0.03522381846111036,0.0014360441143970175,0,0,0,0
P02,V2_video1_normal,normal,1591,53.04469761904762,1,0.26805492669235476,0.2696600830002051,0.26644977038450435,0.15809955452674743,0.28444444444444444,1.0,0.056103981994312324,0.07511673424141307,0.0656103581178627,0.006063887459023867,0,0,0.03280517905893135,0.0030319437295119336,0,0,0,0
P02,V2_video1_normal,normal,1592,53.07803809523809,1,0.2644943161616553,0.26489830390570895,0.2640903284176017,0.15836423116817785,0.2822222222222222,1.0,0.22118050904269937,0.013851970851950779,0.11751623994732507,0.004618327603217452,0,0,0.05875811997366254,0.002309163801608726,0,0,0,0
P02,V2_video1_normal,normal,1593,53.11137857142857,1,0.2657988271330297,0.26661041821322956,0.2649872360528299,0.15826011246214375,0.28,1.0,0.03158152856598795,0.030883052553261736,0.031232290559624842,0.003470748230341211,0,0,0.015616145279812421,0.0017353741151706055,0,0,0,0
P02,V2_video1_normal,normal,1594,53.14471904761905,1,0.2635140653931546,0.26365984791740776,0.26336828286890146,0.15840999805400696,0.2777777777777778,1.0,0.20100597553896604,0.07646376342422567,0.13873486948159586,0.005396381345288057,0,0,0.06936743474079793,0.0026981906726440286,0,0,0,0
P02,V2_video1_normal,normal,1595,53.17805952380952,1,0.2645225829054144,0.2639372619140103,0.2651079038968186,0.15838129331169,0.27555555555555555,1.0,0.14756256022869996,0.020519386499674663,0.08404097336418731,0.0016480247043701862,0,0,0.042020486682093655,0.0008240123521850931,0,0,0,0
P02,V2_video1_normal,normal,1596,53.2114,1,0.2651193722112033,0.2641852959493765,0.26605344847303003,0.15764109144797006,0.27555555555555555,1.0,0.49761379086622914,0.027044391799831202,0.2623290913330302,0.0011736500512278046,0,0,0.1311645456665151,0.0005868250256139023,0,0,0,0
P02,V2_video1_normal,normal,1597,53.24474047619047,1,0.2667423053829544,0.2664439127385936,0.2670406980273152,0.1580023068875324,0.27555555555555555,1.0,0.3517301586289101,0.02528982749166786,0.18850999306028898,0.003719264245613304,0,0,0.09425499653014449,0.001859632122806652,0,0,0,0
P02,V2_video1_normal,normal,1598,53.278080952380954,1,0.2643877029580698,0.26475687512129165,0.264018530794848,0.15853339319020926,0.27555555555555555,1.0,0.17685607052485475,0.05555008987952481,0.11620308020218978,0.001459603108311286,0,0,0.05810154010109489,0.000729801554155643,0,0,0,0
P02,V2_video1_normal,normal,1599,53.31142142857143,1,0.2709261698454668,0.2712057351337161,0.27064660455721756,0.1583652221728276,0.27555555555555555,1.0,0.13497623355415278,0.09760448737980087,0.11629036046697683,0.004738428477579943,0,0,0.058145180233488414,0.0023692142387899714,0,0,0,0
P02,V2_video1_normal,normal,1600,53.3447619047619,1,0.27253126411068296,0.2723789144776348,0.2726836137437312,0.15789072622351052,0.27555555555555555,1.0,0.11122807778499166,0.021032648095156037,0.06613036294007385,0.0040772666392967245,0,0,0.033065181470036925,0.0020386333196483622,0,0,0,0
P02,V2_video1_normal,normal,1601,53.37810238095238,1,0.2732718296288503,0.275145396901988,0.2713982623557127,0.1581028140370717,0.27555555555555555,1.0,0.08916849615447142,0.04664964926153026,0.06790907270800084,0.008669397802275606,0,0,0.03395453635400042,0.004334698901137803,0,0,0,0
P02,V2_video1_normal,normal,1602,53.41144285714286,1,0.27402386236911486,0.2772187880188279,0.27082893671940184,0.1579094016138405,0.27555555555555555,1.0,0.167457190396627,0.07579642805584696,0.12162680922623698,0.004982134990230219,0,0,0.06081340461311849,0.0024910674951151095,0,0,0,0
P02,V2_video1_normal,normal,1603,53.44478333333333,1,0.26091439140624995,0.2610764553286966,0.2607523274838033,0.15803378725967263,0.27555555555555555,1.0,0.1406762736832875,0.028833156060510734,0.08475471487189912,0.001749816914219063,0,0,0.04237735743594956,0.0008749084571095315,0,0,0,0
P02,V2_video1_normal,normal,1604,53.47812380952381,1,0.21480520453328109,0.21173166269081134,0.21787874637575083,0.15943173019621595,0.27555555555555555,1.0,0.08821207573990109,0.34331986559024086,0.21576597066507097,0.007034247914539677,0,0,0.10788298533253549,0.0035171239572698385,0,0,0,0
P02,V2_video1_normal,normal,1605,53.51146428571428,1,0.09483197616187021,0.09816853926943868,0.09149541305430174,0.1582024984336713,0.2777777777777778,1.0,0.07002666151772918,0.1685932120292991,0.11930993677351415,0.0066036520506869605,1,0,0.5596549683867571,0.0033018260253434802,1,0,0,0
P02,V2_video1_normal,normal,1606,53.54480476190476,1,0.06952612115348797,0.07445592034606338,0.06459632196091256,0.1584970676489768,0.28,1.0,0.1156540408486948,0.41630791106663245,0.2659809759576636,0.0012009426242468257,1,0,0.6329904879788318,0.0006004713121234128,1,0,1,0
P02,V2_video1_normal,normal,1607,53.57814523809524,1,0.06922863248552902,0.07342732944306252,0.06502993552799552,0.1587424632387607,0.2822222222222222,1.0,0.5484670238474262,0.32591408044308856,0.43719055214525737,0.0008941286120523495,1,0,0.7185952760726286,0.0004470643060261747,1,0,1,0
P02,V2_video1_normal,normal,1608,53.61148571428571,1,0.064559191641099,0.06377822850603776,0.06534015477616023,0.15803551042381447,0.28444444444444444,1.0,0.6568920464774672,0.6133851358166328,0.63513859114705,0.0013712516621565331,1,0,0.817569295573525,0.0006856258310782666,1,0,1,0
P02,V2_video1_normal,normal,1609,53.64482619047619,1,0.06564564005715723,0.06894310654568565,0.06234817356862881,0.1585545575824149,0.2866666666666667,1.0,0.5620412907813698,0.6913585105347604,0.6266999006580651,0.0011292385307462229,1,0,0.8133499503290326,0.0005646192653731114,1,0,1,0
P02,V2_video1_normal,normal,1610,53.67816666666666,1,0.06246272921690345,0.0656721448815214,0.05925331355228549,0.1583521794002358,0.28888888888888886,1.0,0.6791976347338271,0.5852019812931863,0.6321998080135067,0.0003208483988048437,1,0,0.8160999040067534,0.00016042419940242184,1,0,1,0
P02,V2_video1_normal,normal,1611,53.711507142857144,1,0.06790259460872736,0.0706884955801852,0.06511669363726953,0.15812141088832166,0.2911111111111111,1.0,0.4991284915689971,0.5903077282995841,0.5447181099342906,0.0007448025501813967,1,0,0.7723590549671453,0.00037240127509069834,1,0,1,0
P02,V2_video1_normal,normal,1612,53.74484761904762,1,0.05995673556254361,0.06333974971185757,0.05657372141322965,0.15809532613630042,0.29333333333333333,1.0,0.40846432888454,0.5377981117558719,0.47313122032020594,0.0027808799962987254,1,0,0.736565610160103,0.0013904399981493627,1,0,1,0
P02,V2_video1_normal,normal,1613,53.77818809523809,1,0.06043043679760099,0.0636724088958358,0.05718846469936618,0.1580719162548701,0.29555555555555557,1.0,0.4622121631590941,0.42162075900331675,0.4419164610812054,0.0014910031674688635,1,0,0.7209582305406027,0.0007455015837344318,1,0,1,0
P02,V2_video1_normal,normal,1614,53.81152857142857,1,0.06849912852405587,0.07136488146437239,0.06563337558373934,0.1578241594263127,0.29777777777777775,1.0,0.5949212444628476,0.4733165338177886,0.5341188891403181,0.0018805088099189292,1,0,0.7670594445701591,0.0009402544049594646,1,0,1,0
P02,V2_video1_normal,normal,1615,53.84486904761905,1,0.06975900644303236,0.07173478149745609,0.06778323138860863,0.1576848582037484,0.3,1.0,0.4751609460506774,0.3187207084686847,0.39694082725968105,0.00232003912303938,1,0,0.6984704136298405,0.00116001956151969,1,0,1,0
P02,V2_video1_normal,normal,1616,53.878209523809524,1,0.06643566999553312,0.07040699693689764,0.06246434305416859,0.15782610185502352,0.3022222222222222,1.0,0.7422501357090996,0.4354957089399355,0.5888729223245175,0.0011308263164819653,1,0,0.7944364611622587,0.0005654131582409827,1,0,1,0
P02,V2_video1_normal,normal,1617,53.91155,1,0.06091795586799606,0.05534752031494497,0.06648839142104715,0.1580473609933772,0.30444444444444446,1.0,0.48014160833008723,0.9149711139473139,0.6975563611387006,0.0038509508538238624,1,0,0.8487781805693503,0.0019254754269119312,1,0,1,0
P02,V2_video1_normal,normal,1618,53.94489047619047,1,0.06045008500438116,0.05585604793842569,0.06504412207033664,0.15763270423121237,0.30666666666666664,1.0,0.5583310878313302,0.8724752098110484,0.7154031488211894,0.003806225948058478,1,0,0.8577015744105947,0.001903112974029239,1,0,1,0
P02,V2_video1_normal,normal,1619,53.978230952380954,1,0.06202088331341212,0.0627036107321396,0.06133815589468464,0.1576024435394306,0.3088888888888889,1.0,0.40617113366961033,0.895919851390488,0.6510454925300492,0.007945019190765689,1,0,0.8255227462650245,0.0039725095953828445,1,0,1,0
P02,V2_video1_normal,normal,1620,54.01157142857143,1,0.05899259104918492,0.05560020742077367,0.06238497467759617,0.15770759658509273,0.3111111111111111,1.0,0.36522670853492145,0.8750563357971706,0.620141522166046,0.001988025853773527,1,0,0.810070761083023,0.0009940129268867636,1,0,1,0
P02,V2_video1_normal,normal,1621,54.0449119047619,1,0.05872422679319948,0.05686150965897444,0.060586943927424516,0.15758730710643723,0.31333333333333335,1.0,0.4303980358469748,0.8563802251409199,0.6433891304939474,0.00535249870180938,1,0,0.8216945652469737,0.00267624935090469,1,0,1,0
P02,V2_video1_normal,normal,1622,54.07825238095238,1,0.06176514058937121,0.06346833729589968,0.060061943882842736,0.15794501067000016,0.31555555555555553,1.0,0.348731254528894,0.8788668292869503,0.6137990419079221,0.0025889690712740557,1,0,0.8068995209539611,0.0012944845356370278,1,0,1,0
P02,V2_video1_normal,normal,1623,54.11159285714285,1,0.06502292422041395,0.07035553568132527,0.05969031275950264,0.157925354875964,0.31777777777777777,1.0,0.5845559048841136,0.8856071293415018,0.7350815171128077,0.004779693224978943,1,0,0.8675407585564039,0.0023898466124894716,1,0,1,0
P02,V2_video1_normal,normal,1624,54.144933333333334,1,0.06320142915682034,0.06685688521767744,0.05954597309596323,0.1577727280962104,0.32,1.0,0.6441146469416544,0.9290106557169511,0.7865626513293027,0.0018922988204139622,1,0,0.8932813256646513,0.0009461494102069811,1,0,1,0
P02,V2_video1_normal,normal,1625,54.17827380952381,1,0.06317529604377387,0.0646541741429399,0.06169641794460783,0.1579234113980744,0.32222222222222224,1.0,0.7036669053904853,0.9296258367241305,0.8166463710573079,0.0011947607432552913,1,0,0.908323185528654,0.0005973803716276457,1,0,1,0
P02,V2_video1_normal,normal,1626,54.21161428571428,1,0.06530925893357498,0.0703790398679344,0.06023947799921555,0.1575709110268927,0.3244444444444444,1.0,0.8964919292534745,0.8469584608316233,0.8717251950425489,0.0009592719840708532,1,0,0.9358625975212744,0.0004796359920354266,1,0,1,0
P02,V2_video1_normal,normal,1627,54.24495476190476,1,0.06168603148862363,0.06284305564735126,0.060529007329895995,0.1576750162814669,0.32666666666666666,1.0,0.7656288866528883,0.8789035776510916,0.82226623215199,0.001711590844646798,1,0,0.911133116075995,0.000855795422323399,1,0,1,0
P02,V2_video1_normal,normal,1628,54.27829523809524,1,0.057729817196370874,0.05917598663600164,0.05628364775674011,0.1574552410356084,0.3288888888888889,1.0,0.7436811257860597,0.8704641741806481,0.8070726499833539,0.002078082124359109,1,0,0.903536324991677,0.0010390410621795546,1,0,1,0
P02,V2_video1_normal,normal,1629,54.311635714285714,1,0.06021291383725079,0.06292036474137183,0.05750546293312974,0.1576627545615762,0.33111111111111113,1.0,0.5505613645079607,0.9466661457422686,0.7486137551251146,0.0011632678015488095,1,0,0.8743068775625573,0.0005816339007744047,1,0,1,0
P02,V2_video1_normal,normal,1630,54.34497619047619,1,0.06259280776091687,0.06870647772454198,0.05647913779729175,0.15762290734135317,0.33111111111111113,1.0,0.8295497560225927,0.8922314986240601,0.8608906273233264,0.0034358139936159914,1,0,0.9304453136616633,0.0017179069968079957,1,0,1,0
P02,V2_video1_normal,normal,1631,54.37831666666666,1,0.06113732892340022,0.06970834566442678,0.05256631218237366,0.15760109478996823,0.33111111111111113,1.0,0.863661427931183,0.8668886131918622,0.8652750205615225,0.0005458845435296291,1,0,0.9326375102807613,0.00027294227176481457,1,0,1,0
P02,V2_video1_normal,normal,1632,54.411657142857145,1,0.06400162602301807,0.07226648197859097,0.05573677006744517,0.15751542942206984,0.3333333333333333,1.0,0.8930989436707576,0.8975219429212501,0.8953104432960038,0.0006994784684569398,1,0,0.9476552216480019,0.0003497392342284699,1,0,1,0
P02,V2_video1_normal,normal,1633,54.44499761904762,1,0.06640661152507882,0.0741649153091258,0.05864830774103183,0.15753452596057188,0.33555555555555555,1.0,0.783853113368791,0.9107405298155505,0.8472968215921708,0.0012979270980853586,1,0,0.9236484107960854,0.0006489635490426793,1,0,1,0
P02,V2_video1_normal,normal,1634,54.478338095238094,1,0.06564264375384816,0.07152120220092377,0.05976408530677257,0.1574149127241844,0.3377777777777778,1.0,0.8123270867418089,0.7808494732223945,0.7965882799821017,0.001666311775893848,1,0,0.8982941399910509,0.000833155887946924,1,0,1,0
P02,V2_video1_normal,normal,1635,54.51167857142857,1,0.05924057441785388,0.06540062257973173,0.05308052625597603,0.15814980434480577,0.34,1.0,0.7628948134560651,0.7455298426118022,0.7542123280339337,0.0028028108276655986,1,0,0.8771061640169668,0.0014014054138327993,1,0,1,0
P02,V2_video1_normal,normal,1636,54.54501904761904,1,0.054373035879342196,0.05631088336048561,0.05243518839819879,0.15808355478734415,0.3422222222222222,1.0,0.49081795338884004,0.7493054744794153,0.6200617139341277,0.0032909438744087266,1,0,0.8100308569670638,0.0016454719372043633,1,0,1,0
P02,V2_video1_normal,normal,1637,54.578359523809524,1,0.06161575235856451,0.06329563565020545,0.059935869066923574,0.15820057303505258,0.34444444444444444,1.0,0.739212431793784,0.827457371101806,0.783334901447795,0.004148421837031847,1,0,0.8916674507238975,0.0020742109185159234,1,0,1,0
P02,V2_video1_normal,normal,1638,54.6117,1,0.0618681686738364,0.06418002368075358,0.059556313666919214,0.15776510347665323,0.3466666666666667,1.0,0.8055008152893127,0.7462914687916705,0.7758961420404916,0.005017915890351115,1,0,0.8879480710202459,0.0025089579451755576,1,0,1,0
P02,V2_video1_normal,normal,1639,54.645040476190474,1,0.05570947748592824,0.055561754341829216,0.05585720063002727,0.15827151576354986,0.3488888888888889,1.0,0.8507248112409908,0.8167497818644038,0.8337372965526972,0.005425527984001213,1,0,0.9168686482763486,0.0027127639920006066,1,0,1,0
P02,V2_video1_normal,normal,1640,54.67838095238095,1,0.04704998299513398,0.04317024093640309,0.05092972505386486,0.1582246391881164,0.3511111111111111,1.0,0.8701184136938808,0.8222437946376473,0.8461811041657641,0.0031377593314864853,1,0,0.923090552082882,0.0015688796657432427,1,0,1,0
P02,V2_video1_normal,normal,1641,54.71172142857143,1,0.05511410790306107,0.0482115641439736,0.06201665166214854,0.1585798272751685,0.35333333333333333,1.0,0.8714740732812558,0.5849654456196709,0.7282197594504634,0.004351049410578219,1,0,0.8641098797252317,0.0021755247052891095,1,0,1,0
P02,V2_video1_normal,normal,1642,54.745061904761904,1,0.053460463959339,0.04910625784567461,0.05781467007300338,0.1578365407578448,0.35555555555555557,1.0,0.8837106570562748,0.45136563451873013,0.6675381457875025,0.002833627522774432,1,0,0.8337690728937512,0.001416813761387216,1,0,1,0
P02,V2_video1_normal,normal,1643,54.77840238095238,1,0.04930145291676448,0.04455339955890546,0.05404950627462351,0.15772968942994525,0.35777777777777775,1.0,0.9212448410270745,0.7729139764270843,0.8470794087270794,0.007698276664880207,1,0,0.9235397043635397,0.0038491383324401034,1,0,1,0
P02,V2_video1_normal,normal,1644,54.81174285714285,1,0.044498777539493134,0.037873478072729394,0.05112407700625688,0.1573744005873643,0.36,1.0,0.8616424127029454,0.6894429274072045,0.7755426700550749,0.003453820494611358,1,0,0.8877713350275375,0.001726910247305679,1,0,1,0
P02,V2_video1_normal,normal,1645,54.845083333333335,1,0.02883406931094054,0.02244353826400742,0.03522460035787366,0.1569199306126707,0.3622222222222222,1.0,0.915410722955614,0.6568970707706787,0.7861538968631463,0.004121722822344548,1,0,0.8930769484315731,0.002060861411172274,1,0,1,0
P02,V2_video1_normal,normal,1646,54.87842380952381,1,0.041668006911471815,0.0362542997237615,0.04708171409918213,0.15819152187975763,0.36444444444444446,1.0,0.7631822187278633,0.4856268178397303,0.6244045182837967,0.0058771669316745965,1,0,0.8122022591418984,0.0029385834658372982,1,0,1,0
P02,V2_video1_normal,normal,1647,54.911764285714284,1,0.04259144218527865,0.0395499612792803,0.045632923091276985,0.15823594354831713,0.36666666666666664,1.0,0.707493323313076,0.6909041842809895,0.6991987537970328,0.008021678852187904,1,0,0.8495993768985164,0.004010839426093952,1,0,1,0
P02,V2_video1_normal,normal,1648,54.94510476190476,1,0.04274816181551991,0.03931532903609405,0.04618099459494576,0.1582686963102888,0.3688888888888889,1.0,0.9182557132293168,0.6235135006865244,0.7708846069579206,0.005549690605015684,1,0,0.8854423034789602,0.002774845302507842,1,0,1,0
P02,V2_video1_normal,normal,1649,54.97844523809524,1,0.03951623747584501,0.03525454239746086,0.04377793255422917,0.1583383213982478,0.3711111111111111,1.0,0.8861076480095278,0.3962580252986021,0.641182836654065,0.006021937554169037,1,0,0.8205914183270324,0.0030109687770845184,1,0,1,0
P02,V2_video1_normal,normal,1650,55.011785714285715,1,0.03319238675267232,0.02994216808798278,0.036442605417361856,0.15806499552910047,0.37333333333333335,1.0,0.7225726875857756,0.6143286073015557,0.6684506474436657,0.0013241342908847829,1,0,0.8342253237218329,0.0006620671454423914,1,0,1,0
P02,V2_video1_normal,normal,1651,55.04512619047619,1,0.03525282612709992,0.03198876941079934,0.038516882843400504,0.15792215462746403,0.37555555555555553,1.0,0.8040428068583988,0.39379922384572785,0.5989210153520633,0.0009637589893654732,1,0,0.7994605076760317,0.0004818794946827366,1,0,1,0
P02,V2_video1_normal,normal,1652,55.078466666666664,1,0.03159762972368653,0.0281763861806063,0.035018873266766753,0.15793576528930184,0.37777777777777777,1.0,0.8948600768868512,0.7462005414560684,0.8205303091714597,0.0026227054280167435,1,0,0.9102651545857299,0.0013113527140083717,1,0,1,0
P02,V2_video1_normal,normal,1653,55.11180714285714,1,0.03273361509545271,0.02765822675501621,0.03780900343588921,0.1581028809165253,0.38,1.0,0.8367540007105183,0.4756220083325191,0.6561880045215187,0.0027382373393182633,1,0,0.8280940022607594,0.0013691186696591316,1,0,1,0
P02,V2_video1_normal,normal,1654,55.14514761904762,1,0.036620917104449195,0.030915751503792395,0.042326082705105995,0.15802265002533064,0.38222222222222224,1.0,0.9446982294531976,0.6872155735572,0.8159569015051988,0.009203750414194963,1,0,0.9079784507525994,0.004601875207097482,1,0,1,0
P02,V2_video1_normal,normal,1655,55.178488095238095,1,0.03749948624326588,0.034647477879643375,0.040351494606888375,0.15769408793404505,0.3844444444444444,1.0,0.8837609488916531,0.4852249586119388,0.684492953751796,0.0018875019409609762,1,0,0.8422464768758979,0.0009437509704804881,1,0,1,0
P02,V2_video1_normal,normal,1656,55.21182857142857,1,0.033727660719512435,0.030306166888321676,0.037149154550703195,0.15745006082431715,0.38666666666666666,1.0,0.8763897466836774,0.4742781618019889,0.6753339542428332,0.0034694587652195808,1,0,0.8376669771214166,0.0017347293826097904,1,0,1,0
P02,V2_video1_normal,normal,1657,55.245169047619044,1,0.03590380214671646,0.03362127198264797,0.03818633231078495,0.1575917859344457,0.3888888888888889,1.0,0.7582078144978212,0.6707730475887121,0.7144904310432667,0.002790870934549284,1,0,0.8572452155216334,0.001395435467274642,1,0,1,0
P02,V2_video1_normal,normal,1658,55.278509523809525,1,0.03825506610403097,0.03239732757806181,0.04411280463000012,0.15800943098852535,0.39111111111111113,1.0,0.8360492306142284,0.6932979660631747,0.7646735983387016,0.003691891759408463,1,0,0.8823367991693508,0.0018459458797042314,1,0,1,0
P02,V2_video1_normal,normal,1659,55.31185,1,0.04325247730979649,0.03982704226808904,0.046677912351503946,0.15772877203742536,0.3933333333333333,1.0,0.7621861611428525,0.4562614653206709,0.6092238132317618,0.006391669343319116,1,0,0.8046119066158809,0.003195834671659558,1,0,1,0
P02,V2_video1_normal,normal,1660,55.345190476190474,1,0.045628433711530664,0.039170388341274426,0.0520864790817869,0.15756569926215913,0.39555555555555555,1.0,0.7203933956833957,0.45805350330140193,0.5892234494923988,0.0052349366363596975,1,0,0.7946117247461995,0.0026174683181798488,1,0,1,0
P02,V2_video1_normal,normal,1661,55.37853095238095,1,0.0474110596950943,0.04472304405699008,0.05009907533319852,0.15791057394704522,0.3977777777777778,1.0,0.8094382077985517,0.8380979669663624,0.8237680873824571,0.0037323213542552005,1,0,0.9118840436912286,0.0018661606771276003,1,0,1,0
P02,V2_video1_normal,normal,1662,55.41187142857143,1,0.048946672427944975,0.046779742426841874,0.051113602429048076,0.15760744894453124,0.4,1.0,0.7173984315549549,0.5702023073755382,0.6438003694652465,0.002645725168076486,1,0,0.8219001847326233,0.001322862584038243,1,0,1,0
P02,V2_video1_normal,normal,1663,55.445211904761905,1,0.041257378837479916,0.039599458400106875,0.04291529927485295,0.15766088530624092,0.4022222222222222,1.0,0.81026443190785,0.8607089277502386,0.8354866798290443,0.0023443632872781205,1,0,0.9177433399145222,0.0011721816436390602,1,0,1,0
P02,V2_video1_normal,normal,1664,55.47855238095238,1,0.039610513180222504,0.03607601118492952,0.043145015175515486,0.15774331920131696,0.40444444444444444,1.0,0.9077734256307269,0.8406938121953261,0.8742336189130265,0.0018796032772472838,1,0,0.9371168094565132,0.0009398016386236419,1,0,1,0
P02,V2_video1_normal,normal,1665,55.511892857142854,1,0.04533645038340112,0.04299593591732505,0.04767696484947718,0.15754061390574708,0.4066666666666667,1.0,0.89780730143434,0.568907643298818,0.733357472366579,0.0021040836787220942,1,0,0.8666787361832895,0.0010520418393610471,1,0,1,0
P02,V2_video1_normal,normal,1666,55.54523333333333,1,0.05160604297217197,0.051791270519734964,0.05142081542460898,0.15839847384476552,0.4088888888888889,1.0,0.8720319243478063,0.4821147146562118,0.6770733195020091,0.0018627891209770607,1,0,0.8385366597510046,0.0009313945604885304,1,0,1,0
P02,V2_video1_normal,normal,1667,55.57857380952381,1,0.05062724922180733,0.05033056211723059,0.05092393632638407,0.15853114532514873,0.4111111111111111,1.0,0.9198635148704071,0.49677071740234835,0.7083171161363777,0.002132462581007178,1,0,0.8541585580681889,0.001066231290503589,1,0,1,0
P02,V2_video1_normal,normal,1668,55.611914285714285,1,0.052113606820060145,0.049867362877360585,0.054359850762759704,0.15806192961751034,0.41333333333333333,1.0,0.7966733754767645,0.5845708213001178,0.6906220983884412,0.0021899899022112383,1,0,0.8453110491942206,0.0010949949511056191,1,0,1,0
P02,V2_video1_normal,normal,1669,55.64525476190476,1,0.057784398020238874,0.057084007686328354,0.05848478835414939,0.15795525469951976,0.41555555555555557,1.0,0.8980737119839852,0.6778439116169789,0.7879588118004821,0.0008190095109579875,1,0,0.893979405900241,0.00040950475547899375,1,0,1,0
P02,V2_video1_normal,normal,1670,55.678595238095234,1,0.055511497678968874,0.050763032001155284,0.06025996335678247,0.15868125238461855,0.4177777777777778,1.0,0.7592159029120455,0.7319706712284799,0.7455932870702627,0.0026546358731101643,1,0,0.8727966435351313,0.0013273179365550821,1,0,1,0
P02,V2_video1_normal,normal,1671,55.711935714285715,1,0.04394458755683296,0.0329271407815684,0.05496203433209752,0.15828424051099976,0.42,1.0,0.7722986183278022,0.5157754347114096,0.6440370265196059,0.00139638503071882,1,0,0.822018513259803,0.00069819251535941,1,0,1,0
P02,V2_video1_normal,normal,1672,55.74527619047619,1,0.045138230097940435,0.03799464067784272,0.05228181951803815,0.15810838688259235,0.4222222222222222,1.0,0.9042751931709025,0.6554212319793391,0.7798482125751208,0.002915458835263995,1,0,0.8899241062875605,0.0014577294176319974,1,0,1,0
P02,V2_video1_normal,normal,1673,55.778616666666665,1,0.04407739248343989,0.03377655311580244,0.054378231851077354,0.1575051176749747,0.42444444444444446,1.0,0.6856044517718151,0.45778399015000504,0.57169422096091,0.0040259182704350215,1,0,0.785847110480455,0.0020129591352175107,1,0,1,0
P02,V2_video1_normal,normal,1674,55.81195714285714,1,0.03827547658835373,0.027053606805620543,0.04949734637108692,0.15724027102713561,0.4266666666666667,1.0,0.6350006588232641,0.32339815148226025,0.47919940515276216,0.0022278183189957577,1,0,0.7395997025763811,0.0011139091594978788,1,0,1,0
P02,V2_video1_normal,normal,1675,55.84529761904762,1,0.047489456615844416,0.03670862030517389,0.05827029292651495,0.1577449665160478,0.4288888888888889,1.0,0.6250408632864992,0.4876111180491366,0.556325990667818,0.004556035860578952,1,0,0.778162995333909,0.002278017930289476,1,0,1,0
P02,V2_video1_normal,normal,1676,55.878638095238095,1,0.06699787978464698,0.06228418941850062,0.07171157015079334,0.15838072239480422,0.4311111111111111,1.0,0.5705878199436571,0.11470927545870446,0.3426485477011808,0.007230254512723175,1,0,0.6713242738505905,0.0036151272563615874,1,0,1,0
P02,V2_video1_normal,normal,1677,55.91197857142857,1,0.058229211879248954,0.05580318527647936,0.06065523848201856,0.1580980922899148,0.43333333333333335,1.0,0.7662646073053948,0.27926236687076533,0.5227634870880801,0.004369638954305167,1,0,0.76138174354404,0.0021848194771525837,1,0,1,0
P02,V2_video1_normal,normal,1678,55.945319047619044,1,0.06744893816860122,0.06431250358173912,0.07058537275546331,0.15816124537483373,0.43555555555555553,1.0,0.7574937237542776,0.25911552074591226,0.5083046222500949,0.005819156764027506,1,0,0.7541523111250474,0.002909578382013753,1,0,1,0
P02,V2_video1_normal,normal,1679,55.978659523809526,1,0.06583588608308288,0.06478170368133186,0.06689006848483389,0.15819877014948716,0.43777777777777777,1.0,0.6510269579273171,0.3667058088152374,0.5088663833712772,0.006886591168009194,1,0,0.7544331916856386,0.003443295584004597,1,0,1,0
P02,V2_video1_normal,normal,1680,56.012,1,0.05957543790177921,0.056115078442587604,0.06303579736097081,0.15784341095718762,0.44,1.0,0.6449266879884775,0.3895963681753075,0.5172615280818925,0.005209607632313158,1,0,0.7586307640409462,0.002604803816156579,1,0,1,0
P02,V2_video1_normal,normal,1681,56.045340476190475,1,0.06371157829548549,0.06073388392699805,0.06668927266397291,0.15834955761121253,0.44222222222222224,1.0,0.7062273629022012,0.41508491388726243,0.5606561383947318,0.003939785369440089,1,0,0.780328069197366,0.0019698926847200445,1,0,1,0
P02,V2_video1_normal,normal,1682,56.07868095238095,1,0.06438427785263229,0.06049933878595545,0.06826921691930912,0.1578756093568706,0.4444444444444444,1.0,0.45855772584168675,0.3202760165170945,0.3894168711793906,0.010272348923528992,1,0,0.6947084355896953,0.005136174461764496,1,0,1,0
P02,V2_video1_normal,normal,1683,56.112021428571424,1,0.062121570714283134,0.05699871779900663,0.06724442362955964,0.15791976573149455,0.44666666666666666,1.0,0.1014515908379151,0.4274156426897441,0.2644336167638296,0.009188218248474472,1,0,0.6322168083819149,0.004594109124237236,1,0,1,0
P02,V2_video1_normal,normal,1684,56.145361904761906,1,0.055161940659070145,0.04765007638127859,0.0626738049368617,0.15748638747627586,0.4488888888888889,1.0,0.2959241783116847,0.34345249690704316,0.31968833760936394,0.009262148198064715,1,0,0.659844168804682,0.004631074099032358,1,0,1,0
P02,V2_video1_normal,normal,1685,56.17870238095238,1,0.05564999232096361,0.04888611887200106,0.06241386576992616,0.15765395931504145,0.45111111111111113,1.0,0.404363358752703,0.47939986761175857,0.4418816131822308,0.005093079920297637,1,0,0.7209408065911154,0.0025465399601488185,1,0,1,0
P02,V2_video1_normal,normal,1686,56.212042857142855,1,0.05270298010803101,0.04427833867014619,0.06112762154591584,0.1579701957925273,0.4533333333333333,1.0,0.2103002891854171,0.35078426413394737,0.28054227665968223,0.006871342428387466,1,0,0.6402711383298412,0.003435671214193733,1,0,1,0
P02,V2_video1_normal,normal,1687,56.24538333333333,1,0.05107094833064435,0.04112958172614571,0.06101231493514298,0.15780798109137556,0.45555555555555555,1.0,0.310542932437608,0.466101536044882,0.388322234241245,0.007350894345006236,1,0,0.6941611171206226,0.003675447172503118,1,0,1,0
P02,V2_video1_normal,normal,1688,56.27872380952381,1,0.059484138197898995,0.05317324841768772,0.06579502797811028,0.1578157857215811,0.4577777777777778,1.0,0.19481229925489785,0.6314296781158604,0.4131209886853791,0.003653338838694416,1,0,0.7065604943426895,0.001826669419347208,1,0,1,0
P02,V2_video1_normal,normal,1689,56.312064285714285,1,0.06366766889904117,0.058884153933515974,0.06845118386456636,0.1580896370729901,0.46,1.0,0.4063467103779891,0.5024339215433178,0.45439031596065343,0.008239354673576902,1,0,0.7271951579803267,0.004119677336788451,1,0,1,0
P02,V2_video1_normal,normal,1690,56.34540476190476,1,0.05491082002267117,0.04565292639708864,0.06416871364825369,0.15774720785989377,0.46,1.0,0.39303734714180805,0.5081299902452175,0.4505836686935128,0.007096307373502791,1,0,0.7252918343467564,0.0035481536867513954,1,0,1,0
P02,V2_video1_normal,normal,1691,56.378745238095235,1,0.050142934421623486,0.039418658980907004,0.06086720986233997,0.15802529297842866,0.46,1.0,0.6765232512428209,0.39614108052909547,0.5363321658859581,0.0044026871713412005,1,0,0.7681660829429791,0.0022013435856706003,1,0,1,0
P02,V2_video1_normal,normal,1692,56.412085714285716,1,0.05225044661109601,0.041360728792458654,0.06314016442973337,0.15765956939694953,0.46,1.0,0.49807319998856314,0.5690133439474241,0.5335432719679936,0.008265525461540326,1,0,0.7667716359839968,0.004132762730770163,1,0,1,0
P02,V2_video1_normal,normal,1693,56.44542619047619,1,0.04735889392690651,0.03569482498304123,0.05902296287077179,0.15729755109962223,0.4622222222222222,1.0,0.6088997494670225,0.4318980418337377,0.5203988956503801,0.007204943039184113,1,0,0.7601994478251901,0.0036024715195920563,1,0,1,0
P02,V2_video1_normal,normal,1694,56.478766666666665,1,0.06402982191811254,0.060992073992362124,0.06706756984386297,0.15689562518740327,0.46444444444444444,1.0,0.4018427978236795,0.5904551573747828,0.49614897759923116,0.004400388634709252,1,0,0.7480744887996156,0.002200194317354626,1,0,1,0
P02,V2_video1_normal,normal,1695,56.51210714285714,1,0.06692620700114274,0.06384048506016367,0.0700119289421218,0.1572536493204492,0.4666666666666667,1.0,0.7398865387953236,0.4812330220359238,0.6105597804156238,0.004377371201524733,1,0,0.8052798902078119,0.0021886856007623666,1,0,1,0
P02,V2_video1_normal,normal,1696,56.545447619047614,1,0.0632091384913844,0.05904494723978178,0.06737332974298704,0.15711136670349166,0.4688888888888889,1.0,0.4925496877486395,0.5754485458195775,0.5339991167841085,0.008661176876759148,1,0,0.7669995583920542,0.004330588438379574,1,0,1,0
P02,V2_video1_normal,normal,1697,56.578788095238096,1,0.06437028325637106,0.0609789894072059,0.06776157710553624,0.1572681177068418,0.4711111111111111,1.0,0.6129695517138253,0.6313962053972052,0.6221828785555152,0.0074162390038160575,1,0,0.8110914392777576,0.0037081195019080288,1,0,1,0
P02,V2_video1_normal,normal,1698,56.61212857142857,1,0.06514641967144008,0.06104135161991788,0.06925148772296229,0.1578461305780544,0.47333333333333333,1.0,0.64841018091439,0.6361983416980661,0.642304261306228,0.0044956815578273196,1,0,0.821152130653114,0.0022478407789136598,1,0,1,0
P02,V2_video1_normal,normal,1699,56.645469047619045,1,0.06388778047791457,0.05589109311198362,0.07188446784384551,0.15743507748793,0.47555555555555556,1.0,0.5868855067442746,0.6985518095048269,0.6427186581245508,0.007698130963634478,1,0,0.8213593290622754,0.003849065481817239,1,0,1,0
P02,V2_video1_normal,normal,1700,56.67880952380952,1,0.061248427081638905,0.052794808133059506,0.0697020460302183,0.15720179436315712,0.4777777777777778,1.0,0.5502904733595939,0.4657389471725487,0.5080147102660713,0.002381930120638695,1,0,0.7540073551330356,0.0011909650603193476,1,0,1,0
P02,V2_video1_normal,normal,1701,56.71215,1,0.06041273962486028,0.05344319327192579,0.06738228597779478,0.15777037361093185,0.48,1.0,0.48393629683322814,0.6000745316356515,0.5420054142344398,0.002260639760926239,1,0,0.7710027071172199,0.0011303198804631196,1,0,1,0
P02,V2_video1_normal,normal,1702,56.745490476190476,1,0.06458532108867113,0.06023091016489163,0.06893973201245064,0.15761898884713363,0.4822222222222222,1.0,0.523773879557483,0.37375044948048775,0.4487621645189854,0.0020178603121922883,1,0,0.7243810822594927,0.0010089301560961442,1,0,1,0
P02,V2_video1_normal,normal,1703,56.77883095238095,1,0.06133518801034768,0.05519553088037556,0.0674748451403198,0.15789029814233532,0.48444444444444446,1.0,0.6045790477591333,0.6795586351234008,0.642068841441267,0.0039193259920966665,1,0,0.8210344207206335,0.0019596629960483333,1,0,1,0
P02,V2_video1_normal,normal,1704,56.812171428571425,1,0.06041455349699003,0.05459792164906097,0.06623118534491909,0.15795651917668668,0.4866666666666667,1.0,0.597051837881253,0.5841182806178251,0.5905850592495391,0.0038406734317425082,1,0,0.7952925296247695,0.0019203367158712541,1,0,1,0
P02,V2_video1_normal,normal,1705,56.845511904761906,1,0.07368919753320702,0.06730314331841664,0.08007525174799741,0.15752897955963235,0.4888888888888889,1.0,0.2887270706703281,0.2388956509163095,0.2638113607933188,0.0033536444940065763,1,0,0.6319056803966594,0.0016768222470032882,1,0,1,0
P02,V2_video1_normal,normal,1706,56.87885238095238,1,0.0739411917626314,0.06809630474397407,0.07978607878128874,0.15732249122827574,0.4911111111111111,1.0,0.4304536515590994,0.23283359617599175,0.3316436238675456,0.0015286563303579114,1,0,0.6658218119337728,0.0007643281651789557,1,0,1,0
P02,V2_video1_normal,normal,1707,56.912192857142855,1,0.07054137606109165,0.06350612678700708,0.07757662533517622,0.15743081692419567,0.49333333333333335,1.0,0.5821954203066999,0.20661350987691252,0.3944044650918062,0.007755566136479893,1,0,0.6972022325459031,0.0038777830682399463,1,0,1,0
P02,V2_video1_normal,normal,1708,56.94553333333333,1,0.07059680017787048,0.06565043007213486,0.07554317028360612,0.15765380086940123,0.4955555555555556,1.0,0.7622935346654881,0.23917424487996697,0.5007338897727276,0.0035980240545371656,1,0,0.7503669448863638,0.0017990120272685828,1,0,1,0
P02,V2_video1_normal,normal,1709,56.97887380952381,1,0.06901463952162189,0.06356228520635443,0.07446699383688934,0.15722108808878016,0.4955555555555556,1.0,0.5364223689577364,0.15286852731140876,0.3446454481345726,0.002763534822576628,1,0,0.6723227240672863,0.001381767411288314,1,0,1,0
P02,V2_video1_normal,normal,1710,57.012214285714286,1,0.05637293789245362,0.04447567943112288,0.06827019635378437,0.15692091629984783,0.4955555555555556,1.0,0.5546738722003647,0.2974199330944328,0.42604690264739875,0.0024838605350301067,1,0,0.7130234513236994,0.0012419302675150533,1,0,1,0
P02,V2_video1_normal,normal,1711,57.04555476190476,1,0.0594985043484218,0.04877864146908458,0.07021836722775902,0.15696991446890768,0.4955555555555556,1.0,0.6389495394989961,0.2405609273732926,0.43975523343614437,0.0027172522771251937,1,0,0.7198776167180722,0.0013586261385625969,1,0,1,0
P02,V2_video1_normal,normal,1712,57.078895238095235,1,0.06691783843249642,0.054413388502637036,0.0794222883623558,0.15668613324435116,0.4955555555555556,1.0,0.571193699401698,0.19296703556687034,0.38208036748428414,0.0018497320614351148,1,0,0.691040183742142,0.0009248660307175574,1,0,1,0
P02,V2_video1_normal,normal,1713,57.11223571428571,1,0.07111862138907207,0.06066013417053802,0.08157710860760613,0.15667047126498168,0.49777777777777776,1.0,0.4465233038351738,0.29857231328431433,0.37254780855974406,0.002053040057517179,1,0,0.686273904279872,0.0010265200287585894,1,0,1,0
P02,V2_video1_normal,normal,1714,57.14557619047619,1,0.06321921890229315,0.051261006282504344,0.07517743152208195,0.15713568137480274,0.5,1.0,0.47160728300452015,0.27454096420942875,0.37307412360697445,0.004257537356322982,1,0,0.6865370618034872,0.002128768678161491,1,0,1,0
P02,V2_video1_normal,normal,1715,57.178916666666666,1,0.06114060050313587,0.048391802614126636,0.0738893983921451,0.15717743526118833,0.5022222222222222,1.0,0.7289045084692816,0.21217204479344987,0.4705382766313657,0.009376241879867554,1,0,0.7352691383156829,0.004688120939933777,1,0,1,0
P02,V2_video1_normal,normal,1716,57.21225714285714,1,0.059576883833387995,0.04723573691755124,0.07191803074922476,0.15770150797835325,0.5044444444444445,1.0,0.6103540406965735,0.19071578235583653,0.400534911526205,0.007686163673109579,1,0,0.7002674557631026,0.0038430818365547893,1,0,1,0
P02,V2_video1_normal,normal,1717,57.245597619047615,1,0.05893212178962648,0.04794840645466978,0.06991583712458317,0.15754079107569952,0.5066666666666667,1.0,0.53071114846363,0.26815231877589074,0.39943173361976037,0.00783827730230531,1,0,0.6997158668098802,0.003919138651152655,1,0,1,0
P02,V2_video1_normal,normal,1718,57.2789380952381,1,0.056972724359129256,0.04845614698535919,0.06548930173289932,0.15729263541500021,0.5088888888888888,1.0,0.30509995283761704,0.24445040313495203,0.27477517798628454,0.003955561314539271,1,0,0.6373875889931423,0.0019777806572696356,1,0,1,0
P02,V2_video1_normal,normal,1719,57.31227857142857,1,0.05442494060706602,0.0446614692833818,0.06418841193075024,0.15727663205658346,0.5111111111111111,1.0,0.6695184914343384,0.3460978349684948,0.5078081632014166,0.004589025536923899,1,0,0.7539040816007083,0.0022945127684619493,1,0,1,0
P02,V2_video1_normal,normal,1720,57.345619047619046,1,0.0535768281461136,0.03932987581465896,0.06782378047756825,0.15766208550464858,0.5133333333333333,1.0,0.7176975987736316,0.395400020242476,0.5565488095080537,0.003718029395636612,1,0,0.7782744047540269,0.001859014697818306,1,0,1,0
P02,V2_video1_normal,normal,1721,57.37895952380952,1,0.06077035784718236,0.054863404237046505,0.06667731145731823,0.15684331599041387,0.5155555555555555,1.0,0.6378452712125513,0.5189058456830566,0.578375558447804,0.004968891442231976,1,0,0.7891877792239019,0.002484445721115988,1,0,1,0
P02,V2_video1_normal,normal,1722,57.4123,1,0.05425418660582433,0.04329430477652582,0.06521406843512284,0.1576382315886994,0.5177777777777778,1.0,0.6908831939224336,0.3419093292006453,0.5163962615615394,0.009525247492924455,1,0,0.7581981307807697,0.004762623746462228,1,0,1,0
P02,V2_video1_normal,normal,1723,57.445640476190476,1,0.0655890852323013,0.05855662154499275,0.07262154891960984,0.1575059770806445,0.52,1.0,0.5353153962061858,0.38153628079731017,0.458425838501748,0.006078631381518404,1,0,0.7292129192508741,0.003039315690759202,1,0,1,0
P02,V2_video1_normal,normal,1724,57.47898095238095,1,0.056117666409460906,0.04052165471351745,0.07171367810540437,0.15714622433453135,0.5222222222222223,1.0,0.5828225197254883,0.49107872017097,0.5369506199482291,0.005316384321136771,1,0,0.7684753099741146,0.0026581921605683856,1,0,1,0
P02,V2_video1_normal,normal,1725,57.512321428571425,1,0.05623090101586726,0.04440362399749968,0.06805817803423483,0.1572322326318411,0.5244444444444445,1.0,0.7108649983620806,0.42532410099085616,0.5680945496764684,0.004322128439245086,1,0,0.7840472748382342,0.002161064219622543,1,0,1,0
P02,V2_video1_normal,normal,1726,57.5456619047619,1,0.06484064095667211,0.054947854906521744,0.07473342700682248,0.15649188771080302,0.5266666666666666,1.0,0.8085994944619528,0.47845443985472313,0.6435269671583379,0.006103859439853366,1,0,0.821763483579169,0.003051929719926683,1,0,1,0
P02,V2_video1_normal,normal,1727,57.57900238095238,1,0.05305105858797812,0.039304599034971875,0.06679751814098436,0.1579756478001381,0.5288888888888889,1.0,0.7890600517884473,0.2511342460043725,0.5200971488964099,0.0040147372146634745,1,0,0.760048574448205,0.0020073686073317372,1,0,1,0
P02,V2_video1_normal,normal,1728,57.612342857142856,1,0.05730278308003722,0.04117331525174587,0.07343225090832857,0.15774732997057464,0.5311111111111111,1.0,0.708031059818811,0.5302754631866722,0.6191532615027415,0.002951244550153043,1,0,0.8095766307513708,0.0014756222750765215,1,0,1,0
P02,V2_video1_normal,normal,1729,57.64568333333333,1,0.055537679795344456,0.04129036678993625,0.06978499280075266,0.1576206874080149,0.5333333333333333,1.0,0.6944390305674576,0.7795670217278688,0.7370030261476632,0.002763279896104055,1,0,0.8685015130738316,0.0013816399480520276,1,0,1,0
P02,V2_video1_normal,normal,1730,57.679023809523805,1,0.05200301839505551,0.03858157559479135,0.06542446119531967,0.1572043519778378,0.5355555555555556,1.0,0.6111670123059338,0.2011647179719379,0.4061658651389359,0.0034601170104644873,1,0,0.703082932569468,0.0017300585052322437,1,0,1,0
P02,V2_video1_normal,normal,1731,57.71236428571429,1,0.05575861826801605,0.05239078120434052,0.05912645533169158,0.1580381140824147,0.5377777777777778,1.0,0.484873888509602,0.3737529048818805,0.42931339669574126,0.002826648748338531,1,0,0.7146566983478706,0.0014133243741692655,1,0,1,0
P02,V2_video1_normal,normal,1732,57.74570476190476,1,0.06476715602337477,0.06068461715871565,0.0688496948880339,0.15757391834448817,0.54,1.0,0.7421605187649252,0.42545505038960196,0.5838077845772636,0.0028586726527677015,1,0,0.7919038922886318,0.0014293363263838507,1,0,1,0
P02,V2_video1_normal,normal,1733,57.779045238095236,1,0.06450145219750503,0.06384053536961785,0.0651623690253922,0.1562867908783847,0.5422222222222223,1.0,0.7532295956969434,0.7454405903509325,0.749335093023938,0.0031505914833754598,1,0,0.874667546511969,0.0015752957416877299,1,0,1,0
P02,V2_video1_normal,normal,1734,57.81238571428571,1,0.04213999387151426,0.024576364151940602,0.05970362359108791,0.15687448180800417,0.5444444444444444,1.0,0.5623240462948178,0.42382129830201065,0.4930726722984142,0.0020479466631186543,1,0,0.7465363361492071,0.0010239733315593272,1,0,1,0
P02,V2_video1_normal,normal,1735,57.84572619047619,1,0.06718759234624054,0.06029010553840363,0.07408507915407744,0.15713262721995233,0.5466666666666666,1.0,0.5442135979625626,0.505801894115687,0.5250077460391248,0.02052315799971838,1,0,0.7625038730195624,0.01026157899985919,1,0,1,0
P02,V2_video1_normal,normal,1736,57.87906666666667,1,0.0648319814274076,0.05843845821314612,0.07122550464166909,0.15745702118768526,0.5488888888888889,1.0,0.48610678411510533,0.4884148340867691,0.4872608091009372,0.006956936748649997,1,0,0.7436304045504686,0.0034784683743249987,1,0,1,0
P02,V2_video1_normal,normal,1737,57.91240714285714,1,0.06698703289344357,0.0584024084068781,0.07557165738000905,0.15679655048017055,0.5511111111111111,1.0,0.7872583583829865,0.31156751386301873,0.5494129361230027,0.009755137341554039,1,0,0.7747064680615013,0.0048775686707770195,1,0,1,0
P02,V2_video1_normal,normal,1738,57.945747619047616,1,0.0728257936554478,0.06893880226210856,0.07671278504878706,0.15691963097825165,0.5533333333333333,1.0,0.5477861051767077,0.48219306188258326,0.5149895835296454,0.018547406458956035,1,0,0.7574947917648227,0.009273703229478018,1,0,1,0
P02,V2_video1_normal,normal,1739,57.9790880952381,1,0.07492100166510222,0.0701747000306098,0.07966730329959465,0.15674902565664114,0.5555555555555556,1.0,0.8631474236441529,0.4316118295418655,0.6473796265930092,0.011310255450392694,1,0,0.8236898132965046,0.005655127725196347,1,0,1,0
P02,V2_video1_normal,normal,1740,58.01242857142857,1,0.07440160809973344,0.07123742667464288,0.077565789524824,0.15761224510197777,0.5577777777777778,1.0,0.7225889132620184,0.3640549261370265,0.5433219196995225,0.013549364889637216,1,0,0.7716609598497612,0.006774682444818608,1,0,1,0
P02,V2_video1_normal,normal,1741,58.045769047619046,1,0.07219894187047965,0.06742779775593793,0.07697008598502138,0.15754110731810572,0.56,1.0,0.47029731834448163,0.4557219786934814,0.4630096485189815,0.008515633902108573,1,0,0.7315048242594908,0.004257816951054287,1,0,1,0
P02,V2_video1_normal,normal,1742,58.07910952380952,1,0.06274833549167957,0.052801911657762456,0.07269475932559669,0.1575375619009321,0.5622222222222222,1.0,0.36833710226175687,0.3730062331926354,0.3706716677271961,0.00895889563348851,1,0,0.6853358338635981,0.004479447816744255,1,0,1,0
P02,V2_video1_normal,normal,1743,58.112449999999995,1,0.06798510067872376,0.05848996809050522,0.0774802332669423,0.156983229630774,0.5644444444444444,1.0,0.5870504429885393,0.41087616770823276,0.498963305348386,0.008645264943005673,1,0,0.749481652674193,0.004322632471502837,1,0,1,0
P02,V2_video1_normal,normal,1744,58.14579047619048,1,0.06264346450693767,0.04495044289140344,0.0803364861224719,0.15731549377753062,0.5666666666666667,1.0,0.30843195253792643,0.24634218522163087,0.27738706887977865,0.00805856031442625,1,0,0.6386935344398893,0.004029280157213125,1,0,1,0
P02,V2_video1_normal,normal,1745,58.17913095238095,1,0.057036889949831415,0.04190641706766327,0.07216736283199957,0.1575516875173382,0.5688888888888889,1.0,0.32482054250240766,0.20265316759779473,0.2637368550501012,0.0028625463391651557,1,0,0.6318684275250506,0.0014312731695825778,1,0,1,0
P02,V2_video1_normal,normal,1746,58.212471428571426,1,0.05982819920861339,0.04528143267814153,0.07437496573908524,0.15765015029192497,0.5711111111111111,1.0,0.3291439525865202,0.22010391655592076,0.2746239345712205,0.006976631035061736,1,0,0.6373119672856102,0.003488315517530868,1,0,1,0
P02,V2_video1_normal,normal,1747,58.2458119047619,1,0.055141522340802225,0.040538262499905275,0.06974478218169917,0.15779731289718193,0.5733333333333334,1.0,0.19661028854381934,0.26787074365742136,0.23224051610062035,0.008235770704121074,1,0,0.6161202580503102,0.004117885352060537,1,0,1,0
P02,V2_video1_normal,normal,1748,58.27915238095238,1,0.05767572551091799,0.04315789265670952,0.07219355836512646,0.15730414520758032,0.5755555555555556,1.0,0.4384795946732398,0.6730061189871159,0.5557428568301779,0.015480934612732498,1,0,0.7778714284150889,0.007740467306366249,1,0,1,0
P02,V2_video1_normal,normal,1749,58.31249285714286,1,0.05822301296068126,0.044517887990904635,0.0719281379304579,0.15741439281112732,0.5777777777777777,1.0,0.43314990411202847,0.6730061189871159,0.5530780115495721,0.010611396299132827,1,0,0.7765390057747861,0.005305698149566413,1,0,1,0
P02,V2_video1_normal,normal,1750,58.34583333333333,1,0.05930930651597693,0.04094368145352856,0.0776749315784253,0.1575259904058291,0.58,1.0,0.5487300539173086,0.5910842793216422,0.5699071666194754,0.006973978819141184,1,0,0.7849535833097376,0.003486989409570592,1,0,1,0
P02,V2_video1_normal,normal,1751,58.379173809523806,1,0.05671261863449108,0.0399626453688145,0.07346259190016766,0.1570405233736123,0.5822222222222222,1.0,0.5395331491103401,0.5729413833228132,0.5562372662165767,0.011897328939170117,1,0,0.7781186331082883,0.0059486644695850585,1,0,1,0
P02,V2_video1_normal,normal,1752,58.41251428571429,1,0.06508425866101698,0.05002815141679936,0.08014036590523461,0.15713966244652924,0.5844444444444444,1.0,0.7516660925123959,0.3562467318709459,0.5539564121916709,0.0025519196311616834,1,0,0.7769782060958355,0.0012759598155808417,1,0,1,0
P02,V2_video1_normal,normal,1753,58.44585476190476,1,0.06287451441047434,0.05661958468824566,0.06912944413270301,0.15736891035542308,0.5866666666666667,1.0,0.714623935227148,0.5798248109976996,0.6472243731124238,0.004094448220434437,1,0,0.8236121865562118,0.0020472241102172184,1,0,1,0
P02,V2_video1_normal,normal,1754,58.47919523809524,1,0.06923985404713356,0.061627128772176215,0.07685257932209091,0.1568588726198645,0.5888888888888889,1.0,0.7310285066532669,0.46661849077996176,0.5988234987166143,0.005462874505699565,1,0,0.7994117493583072,0.0027314372528497825,1,0,1,0
P02,V2_video1_normal,normal,1755,58.51253571428571,1,0.0627115572978636,0.047948838890800115,0.07747427570492708,0.15743085002258106,0.5911111111111111,1.0,0.61096278942,0.4445544958767762,0.5277586426483881,0.0016798314064925893,1,0,0.7638793213241941,0.0008399157032462946,1,0,1,0
P02,V2_video1_normal,normal,1756,58.545876190476186,1,0.07504904228630138,0.06772967685105055,0.0823684077215522,0.15670249753774765,0.5933333333333334,1.0,0.6094381767818101,0.6728771251956063,0.6411576509887082,0.008797717942161186,1,0,0.8205788254943541,0.004398858971080593,1,0,1,0
P02,V2_video1_normal,normal,1757,58.57921666666667,1,0.061771955307772394,0.050877801350515756,0.07266610926502903,0.15706581475303466,0.5955555555555555,1.0,0.7248747576114312,0.5401250357494052,0.6324998966804182,0.003388678375833719,1,0,0.816249948340209,0.0016943391879168596,1,0,1,0
P02,V2_video1_normal,normal,1758,58.61255714285714,1,0.06273680296875873,0.051488431361680305,0.07398517457583717,0.15708633086283735,0.5977777777777777,1.0,0.5056514270305728,0.686185640813147,0.5959185339218599,0.005346272559218273,1,0,0.7979592669609299,0.0026731362796091366,1,0,1,0
P02,V2_video1_normal,normal,1759,58.645897619047616,1,0.07352615543343285,0.0677320706250014,0.0793202402418643,0.15735227033912702,0.6,1.0,0.7673496472886485,0.4502064258752181,0.6087780365819333,0.007035007331258983,1,0,0.8043890182909667,0.0035175036656294916,1,0,1,0
P02,V2_video1_normal,normal,1760,58.67923809523809,1,0.06418643945697294,0.05960728070520344,0.06876559820874244,0.15734499355688147,0.6022222222222222,1.0,0.7309789758426914,0.6153796014065103,0.6731792886246009,0.014522941735341195,1,0,0.8365896443123004,0.007261470867670598,1,0,1,0
P02,V2_video1_normal,normal,1761,58.71257857142857,1,0.06661088168984235,0.06176645583631731,0.07145530754336737,0.15698228103738446,0.6044444444444445,1.0,0.4495645638542414,0.6149847503805241,0.5322746571173828,0.003162322825609779,1,0,0.7661373285586914,0.0015811614128048894,1,0,1,0
P02,V2_video1_normal,normal,1762,58.74591904761905,1,0.06992935990328276,0.06280429235992632,0.0770544274466392,0.15691724500622603,0.6066666666666667,1.0,0.7820836226789692,0.29156705960168783,0.5368253411403285,0.001524554099718307,1,0,0.7684126705701643,0.0007622770498591535,1,0,1,0
P02,V2_video1_normal,normal,1763,58.77925952380952,1,0.07235129218639275,0.06644071094236213,0.07826187343042337,0.15687680161009093,0.6088888888888889,1.0,0.8072245895608381,0.49566920501645373,0.6514468972886459,0.004432616122535933,1,0,0.825723448644323,0.0022163080612679666,1,0,1,0
P02,V2_video1_normal,normal,1764,58.812599999999996,1,0.06665001450003082,0.05329177858401805,0.08000825041604359,0.1573507930293852,0.6111111111111112,1.0,0.7307060897817523,0.4928831198546042,0.6117946048181783,0.0048558872340513995,1,0,0.8058973024090892,0.0024279436170256997,1,0,1,0
P02,V2_video1_normal,normal,1765,58.84594047619048,1,0.06667816040481196,0.05699180698374577,0.07636451382587815,0.15762998676720175,0.6133333333333333,1.0,0.6586538237406179,0.3049581587179506,0.48180599122928425,0.010366062800267478,1,0,0.7409029956146421,0.005183031400133739,1,0,1,0
P02,V2_video1_normal,normal,1766,58.87928095238095,1,0.05390757781941195,0.0408714356873073,0.06694371995151661,0.15779806222201256,0.6155555555555555,1.0,0.6309559763654967,0.6475310846804561,0.6392435305229764,0.005257300040071637,1,0,0.8196217652614882,0.0026286500200358187,1,0,1,0
P02,V2_video1_normal,normal,1767,58.91262142857143,1,0.05695132633047345,0.04215935621617701,0.07174329644476989,0.15756576196806396,0.6177777777777778,1.0,0.6073924099451936,0.6064614123101442,0.6069269111276689,0.010722560641114152,1,0,0.8034634555638345,0.005361280320557076,1,0,1,0
P02,V2_video1_normal,normal,1768,58.9459619047619,1,0.06957170286984965,0.05484183003658605,0.08430157570311327,0.15784650040356418,0.62,1.0,0.5137614116849314,0.38747605971151056,0.450618735698221,0.014552364206752537,1,0,0.7253093678491105,0.0072761821033762684,1,0,1,0
P02,V2_video1_normal,normal,1769,58.97930238095238,1,0.06552545710901604,0.052330138286362134,0.07872077593166996,0.1575993686208384,0.6222222222222222,1.0,0.5051908714166768,0.39831957799069306,0.45175522470368495,0.01897300371463338,1,0,0.7258776123518424,0.00948650185731669,1,0,1,0
P02,V2_video1_normal,normal,1770,59.01264285714286,1,0.0643821797323787,0.051678379151643875,0.07708598031311353,0.15753072388177225,0.6244444444444445,1.0,0.6134157161663587,0.3079465111417158,0.46068111365403724,0.016833356769115307,1,0,0.7303405568270186,0.008416678384557653,1,0,1,0
P02,V2_video1_normal,normal,1771,59.04598333333333,1,0.0748982426982989,0.05986266546688122,0.08993381992971657,0.15767519732432786,0.6266666666666667,1.0,0.5202162708667462,0.24516914410722535,0.38269270748698575,0.0057492787296166935,1,0,0.6913463537434928,0.0028746393648083467,1,0,1,0
P02,V2_video1_normal,normal,1772,59.07932380952381,1,0.06985046089181901,0.05735228733798663,0.08234863444565141,0.15769078029290354,0.6288888888888889,1.0,0.5556232306772637,0.4032492184915907,0.4794362245844272,0.004069144329332539,1,0,0.7397181122922136,0.0020345721646662695,1,0,1,0
P02,V2_video1_normal,normal,1773,59.11266428571428,1,0.06644405490647015,0.0567013791133801,0.07618673069956021,0.1575911910938404,0.6311111111111111,1.0,0.6080362044498014,0.44072551151988104,0.5243808579848412,0.006972971701871257,1,0,0.7621904289924206,0.0034864858509356285,1,0,1,0
P02,V2_video1_normal,normal,1774,59.14600476190476,1,0.06854046680247809,0.05448959513777432,0.08259133846718186,0.1576002010732047,0.6333333333333333,1.0,0.6462283493962233,0.46699744120480446,0.5566128953005138,0.006600262084552561,1,0,0.7783064476502569,0.0033001310422762806,1,0,1,0
P02,V2_video1_normal,normal,1775,59.17934523809524,1,0.06618662533157287,0.05705267928675593,0.0753205713763898,0.15724714307757706,0.6355555555555555,1.0,0.5934984468150935,0.34192813234759245,0.46771328958134295,0.0029475272419854986,1,0,0.7338566447906715,0.0014737636209927493,1,0,1,0
P02,V2_video1_normal,normal,1776,59.21268571428571,1,0.06576910686736809,0.05249901784532441,0.07903919588941177,0.15737466242873355,0.6377777777777778,1.0,0.5355860494448773,0.34740297941533616,0.44149451443010673,0.009412349505227622,1,0,0.7207472572150534,0.004706174752613811,1,0,1,0
P02,V2_video1_normal,normal,1777,59.24602619047619,1,0.06275266631262019,0.046982437586246775,0.07852289503899361,0.15781754546553695,0.64,1.0,0.5486848595501012,0.5367465719202028,0.542715715735152,0.007476089653391348,1,0,0.7713578578675759,0.003738044826695674,1,0,1,0
P02,V2_video1_normal,normal,1778,59.27936666666667,1,0.06256691202657695,0.049442448761159434,0.07569137529199448,0.15777496268456284,0.6422222222222222,1.0,0.5151282106309722,0.3365503197121633,0.4258392651715678,0.0064038182469618385,1,0,0.7129196325857838,0.0032019091234809192,1,0,1,0
P02,V2_video1_normal,normal,1779,59.31270714285714,1,0.063137836456223,0.05105565564956805,0.07522001726287797,0.1574175634432478,0.6444444444444445,1.0,0.6575431647557481,0.263200352482971,0.4603717586193596,0.006667045614714769,1,0,0.7301858793096798,0.0033335228073573843,1,0,1,0
P02,V2_video1_normal,normal,1780,59.34604761904762,1,0.06592589965550676,0.052320662214498666,0.07953113709651484,0.15705640892015646,0.6466666666666666,1.0,0.6175187651436181,0.5282800844103203,0.5728994247769692,0.004504935820464275,1,0,0.7864497123884846,0.0022524679102321377,1,0,1,0
P02,V2_video1_normal,normal,1781,59.37938809523809,1,0.06536756918177167,0.054864503391603425,0.07587063497193991,0.15636595734739775,0.6488888888888888,1.0,0.6051089408444785,0.40673503521162235,0.5059219880280504,0.007538352965780929,1,0,0.7529609940140252,0.0037691764828904645,1,0,1,0
P02,V2_video1_normal,normal,1782,59.41272857142857,1,0.06789441397577636,0.05458492578417926,0.08120390216737346,0.15662406392815087,0.6511111111111111,1.0,0.7660194753672696,0.5961070278989752,0.6810632516331223,0.0212676357394378,1,0,0.8405316258165612,0.0106338178697189,1,0,1,0
P02,V2_video1_normal,normal,1783,59.44606904761905,1,0.056068200203875485,0.043045286554073324,0.06909111385367765,0.1562965725474345,0.6533333333333333,1.0,0.5905920566852738,0.6878657487100576,0.6392289026976656,0.02086609760139062,1,0,0.8196144513488328,0.01043304880069531,1,0,1,0
P02,V2_video1_normal,normal,1784,59.47940952380952,1,0.059451474699451126,0.04684055119065142,0.07206239820825083,0.15648125472118693,0.6555555555555556,1.0,0.6979324144601196,0.6455402965303361,0.6717363554952278,0.015534836118139756,1,0,0.8358681777476139,0.007767418059069878,1,0,1,0
P02,V2_video1_normal,normal,1785,59.51275,1,0.056824775055277735,0.045854087990469486,0.06779546212008598,0.15665072334020336,0.6577777777777778,1.0,0.8651479416826285,0.6347279379132471,0.7499379397979378,0.006018330929781104,1,0,0.8749689698989689,0.003009165464890552,1,0,1,0
P02,V2_video1_normal,normal,1786,59.54609047619047,1,0.05924902193793635,0.04760932120495658,0.07088872267091612,0.15644953208336412,0.66,1.0,0.834032416369211,0.5408508267099247,0.6874416215395678,0.004162131319835066,1,0,0.8437208107697839,0.002081065659917533,1,0,1,0
P02,V2_video1_normal,normal,1787,59.57943095238095,1,0.05893384201870276,0.04607195890742537,0.07179572512998016,0.15642788181134373,0.6622222222222223,1.0,0.8872542112574429,0.5671894965135156,0.7272218538854792,0.005033247189842987,1,0,0.8636109269427397,0.0025166235949214935,1,0,1,0
P02,V2_video1_normal,normal,1788,59.61277142857143,1,0.06367684710385355,0.051570618598519864,0.07578307560918722,0.15633082282541255,0.6644444444444444,1.0,0.7505242097540507,0.5182136137876436,0.6343689117708471,0.0024661007404387677,1,0,0.8171844558854235,0.0012330503702193839,1,0,1,0
P02,V2_video1_normal,normal,1789,59.6461119047619,1,0.06779564698957381,0.05860375103070411,0.07698754294844352,0.15658188469102502,0.6666666666666666,1.0,0.6792930308454435,0.4087102688074623,0.5440016498264528,0.0038807420759762413,1,0,0.7720008249132264,0.0019403710379881207,1,0,1,0
P02,V2_video1_normal,normal,1790,59.67945238095238,1,0.06627967939127545,0.05724792393410237,0.07531143484844853,0.15659289368028556,0.6688888888888889,1.0,0.7512353980544944,0.4087102688074623,0.5799728334309784,0.0038807420759762413,1,0,0.7899864167154892,0.0019403710379881207,1,0,1,0
P02,V2_video1_normal,normal,1791,59.71279285714286,1,0.06237624730126291,0.050306498407650106,0.07444599619487571,0.156273188228317,0.6688888888888889,1.0,0.48595794834795913,0.4457453889935117,0.4658516686707354,0.0039762619671568225,1,0,0.7329258343353677,0.0019881309835784113,1,0,1,0
P02,V2_video1_normal,normal,1792,59.74613333333333,1,0.06226376969956006,0.049087997040957614,0.07543954235816251,0.15683396920338696,0.6688888888888889,1.0,0.5513607722088898,0.442383526852667,0.4968721495307784,0.009195587898995503,1,0,0.7484360747653892,0.0045977939494977514,1,0,1,0
P02,V2_video1_normal,normal,1793,59.77947380952381,1,0.060655246787349154,0.048371438536498036,0.07293905503820027,0.1568438924965257,0.6688888888888889,1.0,0.7943287214813329,0.435420415175792,0.6148745683285625,0.0039429321659364735,1,0,0.8074372841642812,0.0019714660829682367,1,0,1,0
P02,V2_video1_normal,normal,1794,59.81281428571428,1,0.05895785168272892,0.04543853914783107,0.07247716421762677,0.15750089039626597,0.6688888888888889,1.0,0.4621022521267971,0.3310328418598125,0.3965675469933048,0.004257674821115116,1,0,0.6982837734966524,0.002128837410557558,1,0,1,0
P02,V2_video1_normal,normal,1795,59.846154761904764,1,0.057744613383759,0.04524739415445033,0.07024183261306766,0.15697689851943858,0.6688888888888889,1.0,0.8829741386671635,0.5521916916851723,0.7175829151761679,0.00363310300849162,1,0,0.858791457588084,0.00181655150424581,1,0,1,0
P02,V2_video1_normal,normal,1796,59.87949523809524,1,0.06479846008117773,0.05462632588456427,0.0749705942777912,0.15663385253669565,0.6688888888888889,1.0,0.7795265403145822,0.30745900656342706,0.5434927734390047,0.003566051799854469,1,0,0.7717463867195024,0.0017830258999272344,1,0,1,0
P02,V2_video1_normal,normal,1797,59.91283571428571,1,0.06930679878236705,0.06304660968446443,0.07556698788026966,0.1570066458576118,0.6688888888888889,1.0,0.7449890828199289,0.20882428017114385,0.4769066814955364,0.005867449067183126,1,0,0.7384533407477682,0.002933724533591563,1,0,1,0
P02,V2_video1_normal,normal,1798,59.94617619047619,1,0.07249027153989686,0.06679865596629193,0.07818188711350178,0.15704794269062333,0.6688888888888889,1.0,0.8030385275689339,0.6171895891963162,0.7101140583826251,0.01638158207458809,1,0,0.8550570291913125,0.008190791037294046,1,0,1,0
P02,V2_video1_normal,normal,1799,59.97951666666666,1,0.07599424861136579,0.06826751683194007,0.08372098039079151,0.15694500757758315,0.6688888888888889,1.0,0.7677180435233595,0.31748437009059716,0.5426012068069783,0.0070279891592714035,1,0,0.7713006034034892,0.0035139945796357017,1,0,1,0
P02,V2_video1_normal,normal,1800,60.01285714285714,1,0.06880136130740852,0.059040078272695945,0.07856264434212108,0.15705300741703923,0.6688888888888889,1.0,0.7859247019255053,0.3185303298239607,0.552227515874733,0.013817802830047715,1,0,0.7761137579373665,0.006908901415023858,1,0,1,0
P02,V2_video1_normal,normal,1801,60.04619761904762,1,0.06826188317967376,0.059937290479225226,0.07658647588012228,0.15754351300000677,0.6688888888888889,1.0,0.39302036951770536,0.2653929169673449,0.32920664324252513,0.010295275785647826,1,0,0.6646033216212626,0.005147637892823913,1,0,1,0
P02,V2_video1_normal,normal,1802,60.07953809523809,1,0.06176048800850912,0.048098997898185905,0.07542197811883233,0.1567824372429386,0.6688888888888889,1.0,0.8643459049645832,0.4216578454765283,0.6430018752205557,0.015293078797943928,1,0,0.8215009376102779,0.007646539398971964,1,0,1,0
P02,V2_video1_normal,normal,1803,60.11287857142857,1,0.066582960098875,0.05038367648462796,0.08278224371312205,0.15680210730353705,0.6688888888888889,1.0,0.7570033670304099,0.7371699421918996,0.7470866546111548,0.009950163280945078,1,0,0.8735433273055774,0.004975081640472539,1,0,1,0
P02,V2_video1_normal,normal,1804,60.14621904761905,1,0.062108021884449915,0.04731181716887851,0.07690422660002132,0.15688184255517504,0.6688888888888889,1.0,0.886818645429386,0.5862694609458519,0.736544053187619,0.012393527729409432,1,0,0.8682720265938095,0.006196763864704716,1,0,1,0
P02,V2_video1_normal,normal,1805,60.17955952380952,1,0.06404218628174299,0.04976137947618127,0.07832299308730471,0.15679611384728304,0.6688888888888889,1.0,0.8815115218712092,0.5030105867737625,0.6922610543224859,0.00569874541579978,1,0,0.8461305271612429,0.00284937270789989,1,0,1,0
P02,V2_video1_normal,normal,1806,60.2129,1,0.06153038073632504,0.0511683911600859,0.07189237031256417,0.15694097742343832,0.6688888888888889,1.0,0.8805666875703944,0.6267169905081863,0.7536418390392903,0.011934911306234863,1,0,0.8768209195196451,0.005967455653117432,1,0,1,0
P02,V2_video1_normal,normal,1807,60.24624047619047,1,0.05910249243449745,0.04631306751891849,0.07189191735007641,0.1571326483590417,0.6688888888888889,1.0,0.7232651511082399,0.516970610107963,0.6201178806081014,0.007810443846143859,1,0,0.8100589403040507,0.0039052219230719296,1,0,1,0
P02,V2_video1_normal,normal,1808,60.279580952380954,1,0.060434992211958305,0.0468503024395922,0.07401968198432442,0.15690604169496106,0.6688888888888889,1.0,0.6385301297307622,0.554309382630185,0.5964197561804736,0.009142088390658127,1,0,0.7982098780902368,0.0045710441953290635,1,0,1,0
P02,V2_video1_normal,normal,1809,60.31292142857143,1,0.058785826466030144,0.04358434905538743,0.07398730387667285,0.1568103982961565,0.6711111111111111,1.0,0.8191430943260034,0.6088570947623031,0.7140000945441533,0.006684303580839452,1,0,0.8570000472720767,0.003342151790419726,1,0,1,0
P02,V2_video1_normal,normal,1810,60.3462619047619,1,0.06249755745616784,0.054018552607238327,0.07097656230509736,0.1563724352537681,0.6733333333333333,1.0,0.7596041585527322,0.7006871166658168,0.7301456376092745,0.009928381595408691,1,0,0.8650728188046373,0.0049641907977043456,1,0,1,0
P02,V2_video1_normal,normal,1811,60.37960238095238,1,0.05517888317846099,0.049227295211575546,0.06113047114534643,0.15719517254165546,0.6755555555555556,1.0,0.793916552355316,0.318958792793962,0.5564376725746389,0.00973296947920167,1,0,0.7782188362873195,0.004866484739600835,1,0,1,0
P02,V2_video1_normal,normal,1812,60.41294285714286,1,0.05779254946702602,0.05444651396693493,0.06113858496711711,0.15724483564727237,0.6777777777777778,1.0,0.6990212865104387,0.34267530813282543,0.5208482973216321,0.005963691300244508,1,0,0.7604241486608161,0.002981845650122254,1,0,1,0
P02,V2_video1_normal,normal,1813,60.446283333333334,1,0.06023601910225484,0.057859579397379304,0.06261245880713037,0.15742353376472937,0.68,1.0,0.4373554848069342,0.5060244118284244,0.4716899483176793,0.008736517863412915,1,0,0.7358449741588396,0.0043682589317064575,1,0,1,0
P02,V2_video1_normal,normal,1814,60.47962380952381,1,0.05873318997555284,0.055988291360772394,0.06147808859033329,0.15736167267361842,0.6822222222222222,1.0,0.7950991823436429,0.3733493577976448,0.5842242700706438,0.006654823052567055,1,0,0.792112135035322,0.0033274115262835273,1,0,1,0
P02,V2_video1_normal,normal,1815,60.51296428571428,1,0.060565766320961334,0.05797292979083229,0.06315860285109039,0.15815876392933653,0.6844444444444444,1.0,0.5552475392516969,0.4507276618316821,0.5029876005416896,0.006389198720976978,1,0,0.7514938002708448,0.003194599360488489,1,0,1,0
P02,V2_video1_normal,normal,1816,60.54630476190476,1,0.0639905871985226,0.05533813518261603,0.07264303921442919,0.1572377497789448,0.6866666666666666,1.0,0.8950053234824094,0.662261267790986,0.7786332956366977,0.017586074763789584,1,0,0.8893166478183488,0.008793037381894792,1,0,1,0
P02,V2_video1_normal,normal,1817,60.57964523809524,1,0.058579429307110256,0.047984599849630126,0.0691742587645904,0.15727131405745606,0.6888888888888889,1.0,0.6583513020211813,0.5733315483729448,0.615841425197063,0.02255962555790707,1,0,0.8079207125985315,0.011279812778953536,1,0,1,0
P02,V2_video1_normal,normal,1818,60.61298571428571,1,0.059418176831604275,0.05032505004972331,0.06851130361348523,0.15656041634109416,0.6911111111111111,1.0,0.5617913347036987,0.6250164866638226,0.5934039106837606,0.011360525116134525,1,0,0.7967019553418804,0.005680262558067263,1,0,1,0
P02,V2_video1_normal,normal,1819,60.64632619047619,1,0.055453430823633194,0.043598228464455255,0.06730863318281113,0.15660764693606297,0.6933333333333334,1.0,0.6018419161778042,0.5379746693302448,0.5699082927540245,0.010410318148747733,1,0,0.7849541463770122,0.0052051590743738664,1,0,1,0
P02,V2_video1_normal,normal,1820,60.67966666666666,1,0.04675434321787867,0.030653378699206823,0.06285530773655051,0.15692851622033208,0.6955555555555556,1.0,0.48865365600097,0.5342493658261318,0.5114515109135509,0.009808645346127676,1,0,0.7557257554567754,0.004904322673063838,1,0,1,0
P02,V2_video1_normal,normal,1821,60.713007142857144,1,0.0544896336859718,0.038765845788871454,0.07021342158307214,0.1570604137982304,0.6977777777777778,1.0,0.8671030037080858,0.6938180291152102,0.780460516411648,0.011619054216940193,1,0,0.890230258205824,0.005809527108470097,1,0,1,0
P02,V2_video1_normal,normal,1822,60.74634761904762,1,0.0569528182821257,0.04404061927619934,0.06986501728805207,0.15701792747204207,0.7,1.0,0.8576738062103018,0.7859132092617632,0.8217935077360325,0.009386456277845201,1,0,0.9108967538680163,0.004693228138922601,1,0,1,0
P02,V2_video1_normal,normal,1823,60.77968809523809,1,0.045421342962345596,0.033293552681412916,0.05754913324327828,0.1572683884778844,0.7022222222222222,1.0,0.7678484160446909,0.42038806519660943,0.5941182406206502,0.026128995899044844,1,0,0.7970591203103251,0.013064497949522422,1,0,1,0
P02,V2_video1_normal,normal,1824,60.81302857142857,1,0.04703867085843515,0.036221460400983146,0.057855881315887155,0.15724076273737814,0.7044444444444444,1.0,0.8248346480095909,0.43713244524347805,0.6309835466265346,0.029849470557357535,1,0,0.8154917733132673,0.014924735278678767,1,0,1,0
P02,V2_video1_normal,normal,1825,60.84636904761905,1,0.04950628925745696,0.03657527124444749,0.06243730727046643,0.1572008190936638,0.7066666666666667,1.0,0.8165168468313161,0.7571168288270862,0.7868168378292011,0.007395323493590201,1,0,0.8934084189146005,0.0036976617467951007,1,0,1,0
P02,V2_video1_normal,normal,1826,60.879709523809524,1,0.05342640341779018,0.04165559405967961,0.06519721277590075,0.15756239696879337,0.7088888888888889,1.0,0.7254764863320882,0.6924000998906434,0.7089382931113658,0.0032771260679760935,1,0,0.8544691465556828,0.0016385630339880468,1,0,1,0
P02,V2_video1_normal,normal,1827,60.91305,1,0.054986957112320656,0.046550426173897735,0.06342348805074358,0.1572870796400694,0.7111111111111111,1.0,0.6827297967082027,0.7349207642998934,0.708825280504048,0.010597908030304786,1,0,0.854412640252024,0.005298954015152393,1,0,1,0
P02,V2_video1_normal,normal,1828,60.94639047619047,1,0.060396677969898394,0.05442443051394513,0.06636892542585165,0.15761987850735487,0.7133333333333334,1.0,0.559595595741704,0.8782479771963724,0.7189217864690383,0.0060289943683578635,1,0,0.8594608932345191,0.0030144971841789318,1,0,1,0
P02,V2_video1_normal,normal,1829,60.97973095238095,1,0.057766640540549544,0.05286846730862261,0.06266481377247647,0.157354488808229,0.7155555555555555,1.0,0.5705259044494853,0.7147187877977264,0.6426223461236058,0.00459397701008911,1,0,0.8213111730618029,0.002296988505044555,1,0,1,0
P02,V2_video1_normal,normal,1830,61.01307142857143,1,0.05511093548107088,0.049476801247065584,0.060745069715076164,0.15720226744561394,0.7177777777777777,1.0,0.5568251139159588,0.8585293654388797,0.7076772396774192,0.005782584301959281,1,0,0.8538386198387096,0.0028912921509796404,1,0,1,0
P02,V2_video1_normal,normal,1831,61.046411904761904,1,0.05064554602520219,0.04219602335708517,0.05909506869331921,0.156950199891048,0.72,1.0,0.8687078266593156,0.7353414984229245,0.80202466254112,0.003705140031562509,1,0,0.90101233127056,0.0018525700157812546,1,0,1,0
P02,V2_video1_normal,normal,1832,61.07975238095238,1,0.05648332304548481,0.048123518759841166,0.06484312733112846,0.1571229939612236,0.7222222222222222,1.0,0.6755327990313197,0.6847753169029056,0.6801540579671126,0.004299969762656209,1,0,0.8400770289835563,0.0021499848813281044,1,0,1,0
P02,V2_video1_normal,normal,1833,61.11309285714285,1,0.0531979150057037,0.04451225140337399,0.0618835786080334,0.1573137844537131,0.7244444444444444,1.0,0.7495324047497116,0.837954358221642,0.7937433814856768,0.0045301066135287,1,0,0.8968716907428385,0.00226505330676435,1,0,1,0
P02,V2_video1_normal,normal,1834,61.146433333333334,1,0.059745333449041774,0.049211273572021326,0.07027939332606221,0.1573570046645318,0.7266666666666667,1.0,0.4371233306042491,0.453764366513119,0.4454438485586841,0.01142866720403643,1,0,0.722721924279342,0.005714333602018215,1,0,1,0
P02,V2_video1_normal,normal,1835,61.17977380952381,1,0.06268621416846402,0.05627373827839322,0.06909869005853483,0.15732028979577195,0.7288888888888889,1.0,0.5366568908196274,0.48377196700054204,0.5102144289100847,0.0035151659695208184,1,0,0.7551072144550424,0.0017575829847604092,1,0,1,0
P02,V2_video1_normal,normal,1836,61.21311428571428,1,0.05551644583948756,0.04362411105080944,0.06740878062816567,0.15691111727717655,0.7311111111111112,1.0,0.531838559741062,0.37038861769093556,0.45111358871599877,0.003994169015272768,1,0,0.7255567943579994,0.001997084507636384,1,0,1,0
P02,V2_video1_normal,normal,1837,61.24645476190476,1,0.05453949174586391,0.042257967447414446,0.06682101604431337,0.1572775613100789,0.7333333333333333,1.0,0.4489676932633707,0.37914927890936057,0.41405848608636564,0.007648551768273093,1,0,0.7070292430431828,0.0038242758841365463,1,0,1,0
P02,V2_video1_normal,normal,1838,61.27979523809524,1,0.05372598447376739,0.041785770826524994,0.0656661981210098,0.15736926459770872,0.7355555555555555,1.0,0.532506298533605,0.3600485958551024,0.4462774471943537,0.008690203735854543,1,0,0.7231387235971769,0.004345101867927271,1,0,1,0
P02,V2_video1_normal,normal,1839,61.313135714285714,1,0.05282399965530801,0.04079447693064035,0.06485352237997567,0.15690277538121872,0.7355555555555555,1.0,0.5746565078527601,0.4838425281460669,0.5292495179994134,0.00461079974462439,1,0,0.7646247589997067,0.002305399872312195,1,0,1,0
P02,V2_video1_normal,normal,1840,61.34647619047619,1,0.054889243266547566,0.043632845362100825,0.06614564117099431,0.15679299441820274,0.7355555555555555,1.0,0.3615384808113353,0.7443464062288789,0.5529424435201071,0.005178106083890287,1,0,0.7764712217600536,0.0025890530419451436,1,0,1,0
P02,V2_video1_normal,normal,1841,61.37981666666666,1,0.055792141247922235,0.0447103845618254,0.06687389793401907,0.15674897379266703,0.7377777777777778,1.0,0.38320662468598643,0.6721931257502054,0.5276998752180959,0.0035938091833880416,1,0,0.763849937609048,0.0017969045916940208,1,0,1,0
P02,V2_video1_normal,normal,1842,61.413157142857145,1,0.05394329012223196,0.041788807409656556,0.06609777283480736,0.15697813110003975,0.74,1.0,0.6131876671501866,0.8436214033459168,0.7284045352480517,0.002237917940878318,1,0,0.8642022676240259,0.001118958970439159,1,0,1,0
P02,V2_video1_normal,normal,1843,61.44649761904762,1,0.056368151307194574,0.04329874603874831,0.06943755657564084,0.15687762515240258,0.7422222222222222,1.0,0.6822143743332487,0.6686127758598926,0.6754135750965706,0.0031236070251933297,1,0,0.8377067875482853,0.0015618035125966648,1,0,1,0
P02,V2_video1_normal,normal,1844,61.479838095238094,1,0.05743324978469407,0.04378737473694776,0.07107912483244039,0.15694859978198003,0.7444444444444445,1.0,0.5026453635623445,0.5705387492298921,0.5365920563961183,0.0029782137723820016,1,0,0.7682960281980591,0.0014891068861910008,1,0,1,0
P02,V2_video1_normal,normal,1845,61.51317857142857,1,0.055521579457653125,0.043826258853366516,0.06721690006193974,0.15702479156862095,0.7466666666666667,1.0,0.8416541714996961,0.5822294188212104,0.7119417951604532,0.0048927737090920615,1,0,0.8559708975802266,0.0024463868545460308,1,0,1,0
P02,V2_video1_normal,normal,1846,61.54651904761904,1,0.05056893922438589,0.030191805867718798,0.07094607258105298,0.15697402193192733,0.7488888888888889,1.0,0.41350720199203694,0.8293056459810052,0.6214064239865211,0.003748161640473752,1,0,0.8107032119932606,0.001874080820236876,1,0,1,0
P02,V2_video1_normal,normal,1847,61.579859523809525,1,0.05668869349213329,0.043002894223125844,0.07037449276114073,0.1567794486981636,0.7511111111111111,1.0,0.7611931192677708,0.730725476859183,0.7459592980634768,0.002948613486039,1,0,0.8729796490317384,0.0014743067430195,1,0,1,0
P02,V2_video1_normal,normal,1848,61.6132,1,0.05306195854832105,0.03436832080525802,0.07175559629138407,0.15651205513512195,0.7533333333333333,1.0,0.7601901942872552,0.7630969749219838,0.7616435846046195,0.002081236957820134,1,0,0.8808217923023097,0.001040618478910067,1,0,1,0
P02,V2_video1_normal,normal,1849,61.646540476190474,1,0.0498901454773341,0.0292320115792133,0.0705482793754549,0.15722080255803866,0.7555555555555555,1.0,0.8029810133200617,0.39203248822155534,0.5975067507708085,0.001742866704582393,1,0,0.7987533753854043,0.0008714333522911964,1,0,1,0
P02,V2_video1_normal,normal,1850,61.67988095238095,1,0.05032338058444535,0.029228892936983133,0.07141786823190756,0.15676002266159508,0.7577777777777778,1.0,0.7206036078548386,0.7027501376740353,0.7116768727644369,0.0032420503697690927,1,0,0.8558384363822185,0.0016210251848845464,1,0,1,0
P02,V2_video1_normal,normal,1851,61.71322142857143,1,0.04138932981927653,0.01901264516853762,0.06376601447001544,0.15689341085099767,0.76,1.0,0.6432093403660148,0.4012311931615524,0.5222202667637836,0.0032900086870133053,1,0,0.7611101333818918,0.0016450043435066526,1,0,1,0
P02,V2_video1_normal,normal,1852,61.746561904761904,1,0.038717548199497354,0.01756283690968209,0.059872259489312615,0.15672523474532035,0.7622222222222222,1.0,0.5783260420177995,0.6531823577608877,0.6157541998893437,0.003870672257042315,1,0,0.8078770999446718,0.0019353361285211574,1,0,1,0
P02,V2_video1_normal,normal,1853,61.77990238095238,1,0.04376702151784465,0.023607194332455353,0.06392684870323395,0.1572225269420101,0.7644444444444445,1.0,0.6006456202894588,0.3810756704209878,0.4908606453552233,0.025835417668444743,1,0,0.7454303226776117,0.012917708834222372,1,0,1,0
P02,V2_video1_normal,normal,1854,61.81324285714285,1,0.03399599664096616,0.015269775125131302,0.05272221815680102,0.15721465506115956,0.7666666666666667,1.0,0.8039486149210823,0.6426919259051889,0.7233202704131356,0.007397532501722424,1,0,0.8616601352065678,0.003698766250861212,1,0,1,0
P02,V2_video1_normal,normal,1855,61.846583333333335,1,0.03257284468779309,0.0156920858867983,0.049453603488787884,0.15682311846637778,0.7688888888888888,1.0,0.5112463635633894,0.5982583027941475,0.5547523331787685,0.01519000461846798,1,0,0.7773761665893842,0.00759500230923399,1,0,1,0
P02,V2_video1_normal,normal,1856,61.87992380952381,1,0.03444312528315212,0.018575438124724786,0.05031081244157946,0.15686869041148918,0.7711111111111111,1.0,0.8570782410615085,0.6743358495323745,0.7657070452969414,0.008055656352417433,1,0,0.8828535226484707,0.004027828176208717,1,0,1,0
P02,V2_video1_normal,normal,1857,61.913264285714284,1,0.026499845635367694,0.01432547116793296,0.03867422010280243,0.15666736450936497,0.7733333333333333,1.0,0.6073707693256707,0.35608113024293664,0.48172594978430366,0.013938070340299303,1,0,0.7408629748921518,0.0069690351701496515,1,0,1,0
P02,V2_video1_normal,normal,1858,61.94660476190476,1,0.02656338758664472,0.014674040415525513,0.03845273475776393,0.15659391816093818,0.7755555555555556,1.0,0.7735733058444676,0.14753089342904802,0.4605520996367578,0.016249005518472675,1,0,0.7302760498183789,0.008124502759236337,1,0,1,0
P02,V2_video1_normal,normal,1859,61.97994523809523,1,0.031228918439804746,0.013693507457900595,0.0487643294217089,0.15665706891376713,0.7777777777777778,1.0,0.7106552669017043,0.45046158754731136,0.5805584272245079,0.02524750592145149,1,0,0.790279213612254,0.012623752960725746,1,0,1,0
P02,V2_video1_normal,normal,1860,62.013285714285715,1,0.03324999822141325,0.013810458086607497,0.052689538356219014,0.15723931733878482,0.7777777777777778,1.0,0.7837514429392272,0.42881708203235747,0.6062842624857923,0.01351105114852305,1,0,0.8031421312428961,0.006755525574261525,1,0,1,0
P02,V2_video1_normal,normal,1861,62.04662619047619,1,0.032697187781034864,0.012839465397718068,0.052554910164351654,0.1572390112930839,0.7777777777777778,1.0,0.9124580641076887,0.5050026297101298,0.7087303469089092,0.013435540316873109,1,0,0.8543651734544546,0.006717770158436554,1,0,1,0
P02,V2_video1_normal,normal,1862,62.079966666666664,1,0.027937009079707177,0.00951871670985868,0.04635530144955567,0.15693673819977852,0.7777777777777778,1.0,0.9382915376153265,0.4492821116504262,0.6937868246328763,0.014694662843333275,1,0,0.8468934123164382,0.007347331421666638,1,0,1,0
P02,V2_video1_normal,normal,1863,62.11330714285714,1,0.034062052567511505,0.016746877845525573,0.05137722728949743,0.15685316107984737,0.7777777777777778,1.0,0.9245313718114481,0.7036506856172557,0.8140910287143519,0.020192350702630747,1,0,0.907045514357176,0.010096175351315373,1,0,1,0
P02,V2_video1_normal,normal,1864,62.14664761904762,1,0.030146098187591553,0.012998283399175125,0.04729391297600798,0.15757974098209523,0.78,1.0,0.9486745320292722,0.7923808691484743,0.8705277005888732,0.006271545734558641,1,0,0.9352638502944366,0.0031357728672793206,1,0,1,0
P02,V2_video1_normal,normal,1865,62.179988095238095,1,0.02893475962980116,0.016236229099147348,0.04163329016045497,0.15772706820018065,0.7822222222222223,1.0,0.808742290483329,0.6864087078826486,0.7475754991829888,0.020728459053163735,1,0,0.8737877495914944,0.010364229526581867,1,0,1,0
P02,V2_video1_normal,normal,1866,62.21332857142857,1,0.026097661441696767,0.011310651201991331,0.0408846716814022,0.15723056137796415,0.7844444444444445,1.0,0.9865558358070082,0.6687082393268907,0.8276320375669495,0.014132588407861593,1,0,0.9138160187834747,0.007066294203930797,1,0,1,0
P02,V2_video1_normal,normal,1867,62.246669047619044,1,0.027041832331372154,0.008151781228168151,0.04593188343457616,0.15696456541336626,0.7866666666666666,1.0,0.8990935640239092,0.8047692271889452,0.8519313956064272,0.006763754756016709,1,0,0.9259656978032136,0.0033818773780083544,1,0,1,0
P02,V2_video1_normal,normal,1868,62.280009523809525,1,0.029379615089878155,0.010641548923555814,0.048117681256200494,0.15749602738606747,0.7888888888888889,1.0,0.7944801005821485,0.7094957108762325,0.7519879057291905,0.008187631098526138,1,0,0.8759939528645952,0.004093815549263069,1,0,1,0
P02,V2_video1_normal,normal,1869,62.31335,1,0.029635677253186145,0.010744925640038368,0.04852642886633392,0.1565675137207798,0.7911111111111111,1.0,0.932230528120526,0.831205559924096,0.8817180440223109,0.013151684951549633,1,0,0.9408590220111555,0.006575842475774816,1,0,1,0
P02,V2_video1_normal,normal,1870,62.346690476190474,1,0.029598337920675254,0.012211692128962216,0.04698498371238829,0.15710464426251697,0.7933333333333333,1.0,0.8692167825733808,0.8567313722281672,0.8629740774007739,0.010201901537930718,1,0,0.931487038700387,0.005100950768965359,1,0,1,0
P02,V2_video1_normal,normal,1871,62.38003095238095,1,0.03206106403046031,0.02190329357011525,0.042218834490805365,0.1567001668433841,0.7955555555555556,1.0,0.8658277216320084,0.9586775964216991,0.9122526590268538,0.009473073814057188,1,0,0.9561263295134269,0.004736536907028594,1,0,1,0
P02,V2_video1_normal,normal,1872,62.41337142857143,1,0.03033231431608288,0.017619389220536984,0.04304523941162878,0.1575613474382957,0.7977777777777778,1.0,0.8932929306657437,0.9225265570632123,0.907909743864478,0.0031036822744075826,1,0,0.953954871932239,0.0015518411372037913,1,0,1,0
P02,V2_video1_normal,normal,1873,62.446711904761905,1,0.03384570999974151,0.01911268039326187,0.04857873960622115,0.15711840992328296,0.8,1.0,0.9192612930198314,0.8947908324358906,0.907026062727861,0.0024469482050129454,1,0,0.9535130313639305,0.0012234741025064727,1,0,1,0
P02,V2_video1_normal,normal,1874,62.48005238095238,1,0.031300572192347706,0.026235488282176853,0.036365656102518566,0.1570377296942651,0.8022222222222222,1.0,0.9058490822018204,0.913459460978576,0.9096542715901982,0.004943733646256154,1,0,0.954827135795099,0.002471866823128077,1,0,1,0
P02,V2_video1_normal,normal,1875,62.513392857142854,1,0.03240557913756445,0.02059618304474827,0.04421497523038062,0.15689872381990666,0.8044444444444444,1.0,0.7909586727209141,0.8100571796245148,0.8005079261727145,0.004574604652666158,1,0,0.9002539630863573,0.002287302326333079,1,0,1,0
P02,V2_video1_normal,normal,1876,62.54673333333333,1,0.02578837025153356,0.012146061878335642,0.03943067862473148,0.15672811198347628,0.8066666666666666,1.0,0.791015925743755,0.896747247087196,0.8438815864154755,0.0027055767997883782,1,0,0.9219407932077377,0.0013527883998941891,1,0,1,0
P02,V2_video1_normal,normal,1877,62.58007380952381,1,0.024609692990287722,0.012964011982469877,0.03625537399810557,0.15624041518687193,0.8088888888888889,1.0,0.9383531738152909,0.593614690302664,0.7659839320589774,0.006870821808396494,1,0,0.8829919660294887,0.003435410904198247,1,0,1,0
P02,V2_video1_normal,normal,1878,62.613414285714285,1,0.023977123254310964,0.008543932279569198,0.03941031422905273,0.15629933769001897,0.8111111111111111,1.0,0.9420170027069225,0.7793248938354265,0.8606709482711745,0.0019405401547172715,1,0,0.9303354741355873,0.0009702700773586357,1,0,1,0
P02,V2_video1_normal,normal,1879,62.64675476190476,1,0.024425540774411614,0.00813733899295375,0.04071374255586948,0.1563736201923747,0.8133333333333334,1.0,0.8213897820311887,0.7133083837447758,0.7673490828879823,0.0035473543892984368,1,0,0.8836745414439912,0.0017736771946492184,1,0,1,0
P02,V2_video1_normal,normal,1880,62.680095238095234,1,0.0255229641478634,0.013400029388073935,0.03764589890765287,0.15645589810102095,0.8155555555555556,1.0,0.9567434130097404,0.7971571470078717,0.876950280008806,0.0032614650952589455,1,0,0.938475140004403,0.0016307325476294728,1,0,1,0
P02,V2_video1_normal,normal,1881,62.713435714285716,1,0.026559811431778865,0.01328792031552438,0.03983170254803335,0.15714349429222318,0.8177777777777778,1.0,0.9788072569973354,0.7583696100852647,0.8685884335413001,0.0037435865948907913,1,0,0.93429421677065,0.0018717932974453956,1,0,1,0
P02,V2_video1_normal,normal,1882,62.74677619047619,1,0.027994718279653167,0.01445302862381996,0.04153640793548637,0.15705646809678386,0.82,1.0,0.6334762794040896,0.7241486868663989,0.6788124831352442,0.003572088815326601,1,0,0.8394062415676221,0.0017860444076633006,1,0,1,0
P02,V2_video1_normal,normal,1883,62.780116666666665,1,0.029649113293099515,0.017441680538273257,0.041856546047925776,0.15718531152228782,0.8222222222222222,1.0,0.7704897048311642,0.6773489497838368,0.7239193273075004,0.02062344912702419,1,0,0.8619596636537502,0.010311724563512094,1,0,1,0
P02,V2_video1_normal,normal,1884,62.81345714285714,1,0.02451044023899389,0.011387873778072016,0.03763300669991576,0.15692009257276643,0.8244444444444444,1.0,0.9304006597295217,0.8855533284723162,0.9079769941009189,0.00414153480163682,1,0,0.9539884970504595,0.00207076740081841,1,0,1,0
P02,V2_video1_normal,normal,1885,62.84679761904762,1,0.027273948980542487,0.010937970938861423,0.04360992702222355,0.15614854664657898,0.8266666666666667,1.0,0.8471984597194095,0.8965992691531777,0.8718988644362936,0.009751218215400936,1,0,0.9359494322181467,0.004875609107700468,1,0,1,0
P02,V2_video1_normal,normal,1886,62.880138095238095,1,0.028658527165591675,0.013860216672268857,0.04345683765891449,0.15703698439651392,0.8288888888888889,1.0,0.7653500460269239,0.9223978406426182,0.8438739433347711,0.006233940751963445,1,0,0.9219369716673855,0.0031169703759817225,1,0,1,0
P02,V2_video1_normal,normal,1887,62.91347857142857,1,0.026326463989097614,0.01590740899049383,0.0367455189877014,0.15688248674286637,0.8311111111111111,1.0,0.7855100605920656,0.5716814282279055,0.6785957444099855,0.010680992221182867,1,0,0.8392978722049927,0.005340496110591434,1,0,1,0
P02,V2_video1_normal,normal,1888,62.946819047619044,1,0.027259417456013967,0.011622997453790881,0.04289583745823705,0.15644760237585095,0.8311111111111111,1.0,0.926944318516265,0.7568610230179846,0.8419026707671249,0.008847166920883071,1,0,0.9209513353835624,0.004423583460441536,1,0,1,0
P02,V2_video1_normal,normal,1889,62.98015952380952,1,0.027126980822570125,0.022557086726226947,0.031696874918913306,0.15616742273642992,0.8311111111111111,1.0,0.914115047407395,0.8614180736704934,0.8877665605389442,0.006303202687318728,1,0,0.9438832802694721,0.003151601343659364,1,0,1,0
P02,V2_video1_normal,normal,1890,63.0135,1,0.0262122242420134,0.019157625469232328,0.03326682301479447,0.15644296044957473,0.8311111111111111,1.0,0.904176415987,0.703452539202942,0.803814477594971,0.012984385500991222,1,0,0.9019072387974856,0.006492192750495611,1,0,1,0
P02,V2_video1_normal,normal,1891,63.046840476190475,1,0.027372221992937568,0.01771880972560085,0.03702563426027428,0.15642660707305592,0.8311111111111111,1.0,0.6878574558683901,0.8516745747556183,0.7697660153120042,0.010364287268999007,1,0,0.8848830076560021,0.0051821436344995035,1,0,1,0
P02,V2_video1_normal,normal,1892,63.08018095238095,1,0.03176120426636991,0.01813678292804787,0.045385625604691955,0.15590404213133638,0.8311111111111111,1.0,0.940938546328622,0.9069768793091598,0.9239577128188909,0.007300942624880479,1,0,0.9619788564094455,0.0036504713124402397,1,0,1,0
P02,V2_video1_normal,normal,1893,63.113521428571424,1,0.03214750885617177,0.021001210677504507,0.04329380703483904,0.15630734580309458,0.8311111111111111,1.0,0.899753270641325,0.9124388082224762,0.9060960394319006,0.009799465832262964,1,0,0.9530480197159503,0.004899732916131482,1,0,1,0
P02,V2_video1_normal,normal,1894,63.146861904761906,1,0.03365188995488409,0.02447349481311576,0.042830285096652425,0.15619339811263366,0.8311111111111111,1.0,0.8802917763367946,0.9263828560517284,0.9033373161942615,0.006469813120393231,1,0,0.9516686580971307,0.0032349065601966153,1,0,1,0
P02,V2_video1_normal,normal,1895,63.18020238095238,1,0.03016175336101825,0.014262152178598367,0.046061354543438134,0.1557041547059273,0.8311111111111111,1.0,0.8112717408186174,0.9192887874302833,0.8652802641244504,0.003963873846269354,1,0,0.9326401320622252,0.001981936923134677,1,0,1,0
P02,V2_video1_normal,normal,1896,63.213542857142855,1,0.02583271633107455,0.011077554145787564,0.04058787851636153,0.1556812056390193,0.8311111111111111,1.0,0.7745235162730624,0.8414913698720923,0.8080074430725773,0.007287262914094664,1,0,0.9040037215362886,0.003643631457047332,1,0,1,0
P02,V2_video1_normal,normal,1897,63.24688333333333,1,0.025565053052970035,0.023368443404811447,0.027761662701128627,0.156565308538861,0.8311111111111111,1.0,0.7800721191519899,0.8541259462708021,0.8170990327113961,0.008565823044413418,1,0,0.908549516355698,0.004282911522206709,1,0,1,0
P02,V2_video1_normal,normal,1898,63.28022380952381,1,0.028267147248843293,0.028221441325765262,0.028312853171921327,0.1568974299781906,0.8311111111111111,1.0,0.8907696212394399,0.9005678370259195,0.8956687291326797,0.009726923174117465,1,0,0.9478343645663398,0.004863461587058733,1,0,1,0
P02,V2_video1_normal,normal,1899,63.313564285714286,1,0.025732750639407657,0.020374498932423442,0.03109100234639187,0.1563524537132842,0.8311111111111111,1.0,0.7425013834552648,0.9691956354793264,0.8558485094672956,0.00818506422847658,1,0,0.9279242547336478,0.00409253211423829,1,0,1,0
P02,V2_video1_normal,normal,1900,63.34690476190476,1,0.025984146186647905,0.022600783994454414,0.029367508378841393,0.15653437771962117,0.8311111111111111,1.0,0.8624891953769392,0.9145241967306685,0.888506696053804,0.007428671621828701,1,0,0.944253348026902,0.0037143358109143505,1,0,1,0
P02,V2_video1_normal,normal,1901,63.380245238095235,1,0.02617902715310696,0.02039688624260732,0.031961168063606604,0.15646720349321552,0.8311111111111111,1.0,0.9367106761606829,0.9831355218788914,0.9599230990197871,0.0049685095290350366,1,0,0.9799615495098936,0.0024842547645175183,1,0,1,0
P02,V2_video1_normal,normal,1902,63.413585714285716,1,0.02675401912608598,0.011511602107593827,0.04199643614457813,0.15619045781686164,0.8311111111111111,1.0,0.8919851744674127,0.915427835369076,0.9037065049182443,0.007638055948584153,1,0,0.9518532524591221,0.0038190279742920767,1,0,1,0
P02,V2_video1_normal,normal,1903,63.44692619047619,1,0.022771510809619838,0.009911451185331781,0.0356315704339079,0.15654432497381432,0.8311111111111111,1.0,0.7832084674744065,0.7932413582367138,0.7882249128555602,0.012644651109730816,1,0,0.89411245642778,0.006322325554865408,1,0,1,0
P02,V2_video1_normal,normal,1904,63.480266666666665,1,0.020106179135754274,0.004811712886123998,0.03540064538538455,0.15585012843897927,0.8311111111111111,1.0,0.8175818724084778,0.9446702096392605,0.8811260410238692,0.008839088058729646,1,0,0.9405630205119346,0.004419544029364823,1,0,1,0
P02,V2_video1_normal,normal,1905,63.51360714285714,1,0.019692839760580304,0.005299692322477867,0.03408598719868274,0.15581270620065626,0.8311111111111111,1.0,0.8325916987538321,0.9729824395850999,0.9027870691694659,0.009297899638116664,1,0,0.951393534584733,0.004648949819058332,1,0,1,0
P02,V2_video1_normal,normal,1906,63.546947619047614,1,0.02167792946700932,0.010253337884489462,0.033102521049529175,0.15567950384692125,0.8311111111111111,1.0,0.8874780877742969,0.9721861642961657,0.9298321260352314,0.003994011570597601,1,0,0.9649160630176157,0.0019970057852988004,1,0,1,0
P02,V2_video1_normal,normal,1907,63.580288095238096,1,0.02410595640372882,0.018323128326066127,0.02988878448139151,0.1557548869747727,0.8311111111111111,1.0,0.7455008933008986,0.9120522163026787,0.8287765548017887,0.013504366767269928,1,0,0.9143882774008943,0.006752183383634964,1,0,1,0
P02,V2_video1_normal,normal,1908,63.61362857142857,1,0.02333324702102497,0.022042293084980152,0.02462420095706979,0.15583342408348524,0.8311111111111111,1.0,0.8892215559460113,0.9387722486269271,0.9139969022864691,0.003674875714958147,1,0,0.9569984511432346,0.0018374378574790736,1,0,1,0
P02,V2_video1_normal,normal,1909,63.646969047619045,1,0.024701260763845052,0.02091352640530671,0.028488995122383398,0.155470658402798,0.8311111111111111,1.0,0.7753238252372067,0.9265715694378456,0.8509476973375261,0.006959084927302933,1,0,0.925473848668763,0.0034795424636514666,1,0,1,0
P02,V2_video1_normal,normal,1910,63.68030952380952,1,0.0275129709972266,0.02784323644314058,0.027182705551312622,0.15561510484804825,0.8311111111111111,1.0,0.8740197937044596,0.9246064953148512,0.8993131445096554,0.006500878078916913,1,0,0.9496565722548277,0.0032504390394584564,1,0,1,0
P02,V2_video1_normal,normal,1911,63.71365,1,0.026729461109210824,0.02952507221174951,0.023933850006672135,0.15661220571020343,0.8311111111111111,1.0,0.8005249384273709,0.6920348283206015,0.7462798833739862,0.008610205945808035,1,0,0.8731399416869932,0.004305102972904018,1,0,1,0
P02,V2_video1_normal,normal,1912,63.746990476190476,1,0.028601360361189238,0.02496020183651397,0.032242518885864505,0.1567948456122575,0.8311111111111111,1.0,0.8349669104681685,0.895356775953868,0.8651618432110182,0.005050143889098725,1,0,0.9325809216055091,0.0025250719445493626,1,0,1,0
P02,V2_video1_normal,normal,1913,63.78033095238095,1,0.027829853653523008,0.02931978472555169,0.026339922581494327,0.15651780181518168,0.8311111111111111,1.0,0.8914190627087389,0.9217649001390009,0.9065919814238699,0.0022223419766076147,1,0,0.9532959907119349,0.0011111709883038074,1,0,1,0
P02,V2_video1_normal,normal,1914,63.813671428571425,1,0.027169814063159367,0.023303530762106874,0.031036097364211857,0.1563039481799349,0.8311111111111111,1.0,0.8821636799607445,0.9201599767323623,0.9011618283465535,0.0011599930275365015,1,0,0.9505809141732767,0.0005799965137682508,1,0,1,0
P02,V2_video1_normal,normal,1915,63.84701190476191,1,0.023767918166156244,0.0227498318465811,0.02478600448573139,0.15519310435557138,0.8311111111111111,1.0,0.9376430686424064,0.91414892082354,0.9258959947329732,0.0007295617131487247,1,0,0.9629479973664866,0.00036478085657436237,1,0,1,0
P02,V2_video1_normal,normal,1916,63.88035238095238,1,0.024104264620215796,0.024374967400516066,0.023833561839915526,0.15580811981449488,0.8311111111111111,1.0,0.9314197549871348,0.9164220611239106,0.9239209080555226,0.0014212189171923268,1,0,0.9619604540277613,0.0007106094585961634,1,0,1,0
P02,V2_video1_normal,normal,1917,63.913692857142856,1,0.024718923453147086,0.02490645219834295,0.024531394707951227,0.1557993583490785,0.8311111111111111,1.0,0.8498940416708445,0.8970632714531058,0.8734786565619752,0.00555548052235953,1,0,0.9367393282809876,0.002777740261179765,1,0,1,0
P02,V2_video1_normal,normal,1918,63.94703333333333,1,0.024517833715668104,0.02418137023730751,0.024854297194028697,0.1561845445499742,0.8311111111111111,1.0,0.81934850187388,0.8576002163856344,0.8384743591297572,0.0024712415969342276,1,0,0.9192371795648786,0.0012356207984671138,1,0,1,0
P02,V2_video1_normal,normal,1919,63.980373809523805,1,0.026320479790941508,0.026727439573857648,0.025913520008025367,0.15596369873955293,0.8311111111111111,1.0,0.9501643372954138,0.9201653713591734,0.9351648543272937,0.007417446579913184,1,0,0.9675824271636468,0.003708723289956592,1,0,1,0
P02,V2_video1_normal,normal,1920,64.01371428571429,1,0.027902457172909075,0.030284465554661993,0.02552044879115616,0.15619133842608435,0.8311111111111111,1.0,0.9366021507217647,0.9080739905321328,0.9223380706269487,0.004592137021904977,1,0,0.9611690353134743,0.0022960685109524883,1,0,1,0
P02,V2_video1_normal,normal,1921,64.04705476190476,1,0.028321722294530078,0.028234585981467664,0.028408858607592492,0.15670288892718015,0.8311111111111111,1.0,0.9126817683617569,0.9608001527727208,0.9367409605672388,0.0041252885821997185,1,0,0.9683704802836194,0.0020626442910998593,1,0,1,0
P02,V2_video1_normal,normal,1922,64.08039523809524,1,0.028376012857371128,0.02619847884025534,0.030553546874486918,0.15672538598261793,0.8311111111111111,1.0,0.8956229929279576,0.9383514636249138,0.9169872282764358,0.003053913354533663,1,0,0.9584936141382179,0.0015269566772668315,1,0,1,0
P02,V2_video1_normal,normal,1923,64.11373571428571,1,0.026848362563500698,0.02069760787321778,0.032999117253783614,0.1568577072463609,0.8311111111111111,1.0,0.948051053166621,0.8584244198043356,0.9032377364854782,0.003223247174991638,1,0,0.9516188682427391,0.001611623587495819,1,0,1,0
P02,V2_video1_normal,normal,1924,64.14707619047618,1,0.028318584444810252,0.026970499006549183,0.02966666988307132,0.15628259724690746,0.8311111111111111,1.0,0.8982993924329059,0.9236942311291065,0.9109968117810062,0.0019041327024662653,1,0,0.9554984058905032,0.0009520663512331326,1,0,1,0
P02,V2_video1_normal,normal,1925,64.18041666666666,1,0.02836304327794182,0.021415274670723558,0.03531081188516008,0.15612860727261108,0.8311111111111111,1.0,0.8996543055625346,0.9508045694524108,0.9252294375074727,0.002161970107932968,1,0,0.9626147187537364,0.001080985053966484,1,0,1,0
P02,V2_video1_normal,normal,1926,64.21375714285715,1,0.0291625662543782,0.027875131825029806,0.03045000068372659,0.15581863548259145,0.8311111111111111,1.0,0.9474274509599976,0.9528300539787261,0.9501287524693618,0.002152541239714512,1,0,0.9750643762346809,0.001076270619857256,1,0,1,0
P02,V2_video1_normal,normal,1927,64.24709761904762,1,0.032896952333484226,0.03027034049600019,0.03552356417096826,0.15544348205940894,0.8311111111111111,1.0,0.9582199536011066,0.9480443362318075,0.953132144916457,0.004465120971300438,1,0,0.9765660724582286,0.002232560485650219,1,0,1,0
P02,V2_video1_normal,normal,1928,64.2804380952381,1,0.028678088675675603,0.024522347754196778,0.032833829597154425,0.15587528991808045,0.8311111111111111,1.0,0.8835795351616168,0.8531512875527945,0.8683654113572057,0.0034890797526435377,1,0,0.9341827056786028,0.0017445398763217689,1,0,1,0
P02,V2_video1_normal,normal,1929,64.31377857142857,1,0.0281295259111142,0.021934917261581654,0.03432413456064675,0.15606473012422523,0.8311111111111111,1.0,0.9339830119760706,0.7496224718002212,0.841802741888146,0.00547146151385703,1,0,0.920901370944073,0.002735730756928515,1,0,1,0
P02,V2_video1_normal,normal,1930,64.34711904761905,1,0.028102679567803122,0.022406193521839986,0.03379916561376626,0.15656930449589196,0.8311111111111111,1.0,0.9256086251326046,0.5878118811960765,0.7567102531643406,0.009455197724004275,1,0,0.8783551265821703,0.004727598862002138,1,0,1,0
P02,V2_video1_normal,normal,1931,64.38045952380952,1,0.02734721797965405,0.021701446496649353,0.032992989462658745,0.15652992694511633,0.8311111111111111,1.0,0.9113824101413177,0.8287350383260699,0.8700587242336938,0.0063954164474898,1,0,0.9350293621168468,0.0031977082237449,1,0,1,0
P02,V2_video1_normal,normal,1932,64.4138,1,0.028634534502302883,0.02298176921995282,0.03428729978465295,0.15726768132155683,0.8311111111111111,1.0,0.8195344578778654,0.7887640996927427,0.8041492787853041,0.010258212324419574,1,0,0.902074639392652,0.005129106162209787,1,0,1,0
P02,V2_video1_normal,normal,1933,64.44714047619047,1,0.028485136391815602,0.021964462993591487,0.03500580979003972,0.15697693662774292,0.8311111111111111,1.0,0.7603378754138612,0.8113235348882999,0.7858307051510806,0.009928695643939063,1,0,0.8929153525755402,0.0049643478219695315,1,0,1,0
P02,V2_video1_normal,normal,1934,64.48048095238094,1,0.03065986877646839,0.029207465471054673,0.03211227208188211,0.15698613003581827,0.8311111111111111,1.0,0.8314831700583558,0.6742325641386948,0.7528578670985253,0.014192106311127505,1,0,0.8764289335492627,0.007096053155563753,1,0,1,0
P02,V2_video1_normal,normal,1935,64.51382142857143,1,0.027061473777492785,0.023992972718492718,0.03012997483649285,0.15684601759240324,0.8311111111111111,1.0,0.9083573618556562,0.4940896999085749,0.7012235308821155,0.011013549953063695,1,0,0.8506117654410578,0.0055067749765318474,1,0,1,0
P02,V2_video1_normal,normal,1936,64.54716190476191,1,0.0301101954715663,0.02660314776071214,0.03361724318242046,0.15695441767411958,0.8311111111111111,1.0,0.8237077906061905,0.7754163652060407,0.7995620779061157,0.010556080573234792,1,0,0.8997810389530578,0.005278040286617396,1,0,1,0
P02,V2_video1_normal,normal,1937,64.58050238095238,1,0.029166810435012014,0.023751596612449622,0.03458202425757441,0.1571383300969961,0.8311111111111111,1.0,0.9086661486841281,0.8051749662574701,0.8569205574707991,0.005783442425473612,1,0,0.9284602787353995,0.002891721212736806,1,0,1,0
P02,V2_video1_normal,normal,1938,64.61384285714286,1,0.029024314751806585,0.02155511093083737,0.036493518572775795,0.15701408961965688,0.8311111111111111,1.0,0.8810753824363198,0.7892445205115028,0.8351599514739113,0.003040100491212334,1,0,0.9175799757369556,0.001520050245606167,1,0,1,0
P02,V2_video1_normal,normal,1939,64.64718333333333,1,0.028787065265227715,0.025178946556685088,0.03239518397377034,0.15709380786295896,0.8311111111111111,1.0,0.8942872789384181,0.8212016275174958,0.857744453227957,0.004027075183159598,1,0,0.9288722266139785,0.002013537591579799,1,0,1,0
P02,V2_video1_normal,normal,1940,64.6805238095238,1,0.02811618520442881,0.024251052387864507,0.03198131802099311,0.15738265941220908,0.8311111111111111,1.0,0.8733397831715942,0.7120862492872269,0.7927130162294105,0.0034808413180811336,1,0,0.8963565081147052,0.0017404206590405668,1,0,1,0
P02,V2_video1_normal,normal,1941,64.71386428571428,1,0.028482335831454646,0.02587989918819996,0.031084772474709334,0.15794692541602082,0.8311111111111111,1.0,0.8445037531842591,0.8667012840995786,0.8556025186419188,0.006429710897713261,1,0,0.9278012593209595,0.0032148554488566307,1,0,1,0
P02,V2_video1_normal,normal,1942,64.74720476190475,1,0.027150407905361662,0.023417040486030515,0.030883775324692813,0.1576236039299168,0.8311111111111111,1.0,0.9282827803933421,0.761960784369009,0.8451217823811756,0.01000041440912482,1,0,0.9225608911905878,0.00500020720456241,1,0,1,0
P02,V2_video1_normal,normal,1943,64.78054523809524,1,0.025074200905147826,0.014503868060318566,0.035644533749977086,0.15750344605461228,0.8311111111111111,1.0,0.8149667139259379,0.6344530155186063,0.7247098647222721,0.005172599454878104,1,0,0.862354932361136,0.002586299727439052,1,0,1,0
P02,V2_video1_normal,normal,1944,64.81388571428572,1,0.026149788026938823,0.019859014043240725,0.03244056201063692,0.15770027486950963,0.8311111111111111,1.0,0.8227096205447293,0.690713969382085,0.7567117949634071,0.004680547260658322,1,0,0.8783558974817036,0.002340273630329161,1,0,1,0
P02,V2_video1_normal,normal,1945,64.84722619047619,1,0.021951711273502268,0.0201233998644463,0.02378002268255824,0.158508106619331,0.8311111111111111,1.0,0.9157067648465405,0.448026857935093,0.6818668113908167,0.00997864159562849,1,0,0.8409334056954083,0.004989320797814245,1,0,1,0
P02,V2_video1_normal,normal,1946,64.88056666666667,1,0.023962530221852178,0.021807584138880908,0.02611747630482345,0.15884565805014497,0.8311111111111111,1.0,0.9305146201742347,0.902723848524028,0.9166192343491313,0.0029404952474144323,1,0,0.9583096171745656,0.0014702476237072161,1,0,1,0
P02,V2_video1_normal,normal,1947,64.91390714285714,1,0.023699858190869116,0.023796786945672863,0.023602929436065366,0.15901510304814928,0.8311111111111111,1.0,0.953493677760249,0.36418233360877594,0.6588380056845125,0.007251248913294563,1,0,0.8294190028422562,0.0036256244566472817,1,0,1,0
P02,V2_video1_normal,normal,1948,64.94724761904762,1,0.025215764464213343,0.020938996360081792,0.02949253256834489,0.15913987411608177,0.8311111111111111,1.0,0.9175382661142377,0.6867510776387222,0.80214467187648,0.005476017134511876,1,0,0.90107233593824,0.002738008567255938,1,0,1,0
P02,V2_video1_normal,normal,1949,64.98058809523809,1,0.023016496986301174,0.02220999654650978,0.023822997426092566,0.1598460557705488,0.8311111111111111,1.0,0.9071186155145932,0.6825792617281772,0.7948489386213852,0.0027876851104635283,1,0,0.8974244693106925,0.0013938425552317642,1,0,1,0
P02,V2_video1_normal,normal,1950,65.01392857142856,1,0.025039471661464873,0.02417690347468246,0.025902039848247287,0.1598630070762588,0.8311111111111111,1.0,0.9731668900518435,0.7570353592259251,0.8651011246388843,0.0017675757859134341,1,0,0.9325505623194421,0.0008837878929567171,1,0,1,0
P02,V2_video1_normal,normal,1951,65.04726904761904,1,0.027994286535098927,0.03217762920842865,0.023810943861769206,0.15854921107230827,0.8311111111111111,1.0,0.8933597046183442,0.6975928228170848,0.7954762637177145,0.00562851142291424,1,0,0.8977381318588573,0.00281425571145712,1,0,1,0
P02,V2_video1_normal,normal,1952,65.08060952380953,1,0.029738889659749045,0.03375829840612547,0.02571948091337262,0.15783762113327848,0.8311111111111111,1.0,0.8402832002580429,0.45267772127364536,0.6464804607658441,0.006568535544540743,1,0,0.823240230382922,0.0032842677722703714,1,0,1,0
P02,V2_video1_normal,normal,1953,65.11395,1,0.030871846542569706,0.03646445133202157,0.025279241753117836,0.1582857294447601,0.8311111111111111,1.0,0.9571868930205313,0.6809087001538063,0.8190477965871688,0.0002618176189917819,1,0,0.9095238982935844,0.00013090880949589095,1,0,1,0
P02,V2_video1_normal,normal,1954,65.14729047619048,1,0.029374314336479985,0.031939251881069344,0.026809376791890625,0.1586002536725362,0.8311111111111111,1.0,0.9225400687734389,0.5985528537452398,0.7605464612593393,0.00035686855597000613,1,0,0.8802732306296697,0.00017843427798500306,1,0,1,0
P02,V2_video1_normal,normal,1955,65.18063095238095,1,0.027942159912419925,0.028102664006306857,0.02778165581853299,0.15859081088302784,0.8311111111111111,1.0,0.959892691655769,0.7303062006272694,0.8450994461415191,0.0014550352260558378,1,0,0.9225497230707596,0.0007275176130279189,1,0,1,0
P02,V2_video1_normal,normal,1956,65.21397142857143,1,0.025146662821787378,0.026783105425860074,0.02351022021771468,0.15934649175120252,0.8333333333333334,1.0,0.8726274500759876,0.3752380878288144,0.623932768952401,0.0008875148162725845,1,0,0.8119663844762005,0.00044375740813629226,1,0,1,0
P02,V2_video1_normal,normal,1957,65.2473119047619,1,0.02860022194129612,0.028474476418796725,0.028725967463795517,0.15907544772489338,0.8355555555555556,1.0,0.9542783504808697,0.9102179850448663,0.932248167762868,0.0008638666499077473,1,0,0.966124083881434,0.00043193332495387366,1,0,1,0
P02,V2_video1_normal,normal,1958,65.28065238095238,1,0.02936045586625011,0.030048751580881418,0.028672160151618803,0.1594619920470373,0.8377777777777777,1.0,0.8668202866177328,0.7947359817045379,0.8307781341611353,0.0012882259933629189,1,0,0.9153890670805677,0.0006441129966814594,1,0,1,0
P02,V2_video1_normal,normal,1959,65.31399285714285,1,0.027598459860601682,0.026227463359397893,0.028969456361805472,0.16052837244918805,0.84,1.0,0.842972436262052,0.5793914612397808,0.7111819487509163,0.0005238473345552005,1,0,0.8555909743754582,0.00026192366727760026,1,0,1,0
P02,V2_video1_normal,normal,1960,65.34733333333334,1,0.03410702734929647,0.026980022820501572,0.041234031878091375,0.16032332303310595,0.8422222222222222,1.0,0.8483266282662147,0.6661779287988163,0.7572522785325155,0.001265628647871938,1,0,0.8786261392662578,0.000632814323935969,1,0,1,0
P02,V2_video1_normal,normal,1961,65.38067380952381,1,0.03015456637144091,0.025308485293837557,0.03500064744904426,0.16084688064297212,0.8422222222222222,1.0,0.893173354530095,0.8713322455003867,0.8822528000152409,0.003913542670298881,1,0,0.9411264000076205,0.0019567713351494407,1,0,1,0
P02,V2_video1_normal,normal,1962,65.41401428571429,1,0.03170865454993907,0.02361350211250959,0.03980380698736855,0.16022252233758444,0.8422222222222222,1.0,0.6769342831372187,0.8326639978906707,0.7547991405139447,0.0037807886831152425,1,0,0.8773995702569723,0.0018903943415576213,1,0,1,0
P02,V2_video1_normal,normal,1963,65.44735476190476,1,0.03220671580498052,0.028290218615411037,0.03612321299454999,0.15998041112679343,0.8444444444444444,1.0,0.8388098932987296,0.5136934689383771,0.6762516811185533,0.009859166359423478,1,0,0.8381258405592766,0.004929583179711739,1,0,1,0
P02,V2_video1_normal,normal,1964,65.48069523809524,1,0.030567353997119684,0.022446755289303927,0.03868795270493544,0.16080672644870717,0.8466666666666667,1.0,0.917966115804679,0.47265173542412,0.6953089256143995,0.008892124562560449,1,0,0.8476544628071998,0.0044460622812802246,1,0,1,0
P02,V2_video1_normal,normal,1965,65.51403571428571,1,0.03500283270138592,0.033856075527625075,0.03614958987514677,0.16075972770050945,0.8488888888888889,1.0,0.9588717710571493,0.5844761381500342,0.7716739546035918,0.0012828343511107469,1,0,0.8858369773017959,0.0006414171755553734,1,0,1,0
P02,V2_video1_normal,normal,1966,65.54737619047619,1,0.03275430040402769,0.027310585398563222,0.038198015409492164,0.16047943452647234,0.8511111111111112,1.0,0.8099130056711399,0.6153404236388137,0.7126267146549767,0.009259641298331829,1,0,0.8563133573274884,0.004629820649165914,1,0,1,0
P02,V2_video1_normal,normal,1967,65.58071666666666,1,0.03494352871619598,0.03342230714147464,0.03646475029091731,0.1603458815920609,0.8533333333333334,1.0,0.7413413481260639,0.755259072149621,0.7483002101378424,0.018927181207224277,1,0,0.8741501050689212,0.009463590603612139,1,0,1,0
P02,V2_video1_normal,normal,1968,65.61405714285713,1,0.03623185574504839,0.04073837446355883,0.031725337026537945,0.15956757287978246,0.8555555555555555,1.0,0.8634768774828957,0.8534105194816898,0.8584436984822927,0.01384070677220847,1,0,0.9292218492411464,0.006920353386104235,1,0,1,0
P02,V2_video1_normal,normal,1969,65.64739761904762,1,0.033860788491535516,0.031071101585197883,0.036650475397873146,0.1602133624045729,0.8577777777777778,1.0,0.8563362190961842,0.44377364152507603,0.6500549303106301,0.00917379989208025,1,0,0.8250274651553151,0.004586899946040125,1,0,1,0
P02,V2_video1_normal,normal,1970,65.6807380952381,1,0.028577869423307,0.020796504910536067,0.03635923393607793,0.15822754369772574,0.86,1.0,0.6929129067307822,0.6031421713087203,0.6480275390197512,0.0010240010017512743,1,0,0.8240137695098756,0.0005120005008756372,1,0,1,0
P02,V2_video1_normal,normal,1971,65.71407857142857,1,0.028720046686035932,0.022460157149957673,0.03497993622211419,0.15863623547234576,0.8622222222222222,1.0,0.2073726435602753,0.5435300284381913,0.3754513359992333,0.013081461355247648,1,0,0.6877256679996167,0.006540730677623824,1,0,1,0
P02,V2_video1_normal,normal,1972,65.74741904761905,1,0.027978210511948744,0.025377851378745587,0.030578569645151904,0.15898053772943033,0.8644444444444445,1.0,0.47238942777135595,0.7161946581127709,0.5942920429420635,0.0032308364523092234,1,0,0.7971460214710318,0.0016154182261546117,1,0,1,0
P02,V2_video1_normal,normal,1973,65.78075952380952,1,0.03010584451954575,0.028682002313695644,0.031529686725395856,0.1588861979660671,0.8666666666666667,1.0,0.7408335336233955,0.4989617183827355,0.6198976260030655,0.006498420933044451,1,0,0.8099488130015328,0.0032492104665222256,1,0,1,0
P02,V2_video1_normal,normal,1974,65.8141,1,0.02964046118374349,0.02610891579029881,0.03317200657718817,0.15890243992550399,0.8688888888888889,1.0,0.5645829182829352,0.5919224164828449,0.57825266738289,0.012065891890687012,1,0,0.789126333691445,0.006032945945343506,1,0,1,0
P02,V2_video1_normal,normal,1975,65.84744047619047,1,0.030745433786060743,0.025695700050716613,0.03579516752140487,0.1588898075919401,0.8711111111111111,1.0,0.4581326607921854,0.64740874927178,0.5527707050319828,0.008525648352444508,1,0,0.7763853525159914,0.004262824176222254,1,0,1,0
P02,V2_video1_normal,normal,1976,65.88078095238095,1,0.03151908734023718,0.02776499691291717,0.03527317776755719,0.15913947704061035,0.8711111111111111,1.0,0.6871133372050628,0.4249020543613722,0.5560076957832175,0.006751656681490399,1,0,0.7780038478916087,0.0033758283407451994,1,0,1,0
P02,V2_video1_normal,normal,1977,65.91412142857143,1,0.030046956040697348,0.022129389012383097,0.0379645230690116,0.15871100401605925,0.8711111111111111,1.0,0.5332537724863782,0.6917400127845781,0.6124968926354781,0.008873653077502276,1,0,0.8062484463177391,0.004436826538751138,1,0,1,0
P02,V2_video1_normal,normal,1978,65.94746190476191,1,0.031688707871169994,0.029376487164828262,0.034000928577511726,0.15883609274188304,0.8711111111111111,1.0,0.7011928569250981,0.5926183372465778,0.646905597085838,0.016174992258095298,1,0,0.823452798542919,0.008087496129047649,1,0,1,0
P02,V2_video1_normal,normal,1979,65.98080238095238,1,0.03336199403404179,0.02440182739451545,0.04232216067356812,0.15943579444231512,0.8711111111111111,1.0,0.7888674832075613,0.678529586088122,0.7336985346478416,0.007291507044735179,1,0,0.8668492673239208,0.0036457535223675896,1,0,1,0
P02,V2_video1_normal,normal,1980,66.01414285714286,1,0.03488867896411513,0.027298546496883003,0.04247881143134725,0.1588355407488436,0.8711111111111111,1.0,0.42147689831235613,0.7723249472424157,0.5969009227773859,0.007083313526958273,1,0,0.7984504613886929,0.0035416567634791365,1,0,1,0
P02,V2_video1_normal,normal,1981,66.04748333333333,1,0.03381612930368769,0.023023389061698468,0.044608869545676916,0.15895082170188465,0.8733333333333333,1.0,0.7666183739409044,0.6737679373339607,0.7201931556374326,0.024661351164837673,1,0,0.8600965778187163,0.012330675582418836,1,0,1,0
P02,V2_video1_normal,normal,1982,66.0808238095238,1,0.03476247301762808,0.024485794984273813,0.04503915105098234,0.15883726528317488,0.8755555555555555,1.0,0.5677301228657922,0.8266477769386527,0.6971889499022224,0.014438967459998921,1,0,0.8485944749511112,0.007219483729999461,1,0,1,0
P02,V2_video1_normal,normal,1983,66.11416428571428,1,0.03438738867959821,0.024110731788731608,0.04466404557046481,0.15872246789403774,0.8777777777777778,1.0,0.6793300502684163,0.6143972806374575,0.6468636654529369,0.017743012785586963,1,0,0.8234318327264685,0.008871506392793481,1,0,1,0
P02,V2_video1_normal,normal,1984,66.14750476190476,1,0.03401562691445494,0.021115964232484512,0.04691528959642537,0.15845945034846295,0.88,1.0,0.5987838281124063,0.7383950259211962,0.6685894270168012,0.01681965445300634,1,0,0.8342947135084007,0.00840982722650317,1,0,1,0
P02,V2_video1_normal,normal,1985,66.18084523809523,1,0.03333324980432556,0.02486751929072515,0.04179898031792596,0.1588089937163009,0.8822222222222222,1.0,0.5842547715192727,0.6894567740429113,0.636855772781092,0.007738126325628942,1,0,0.818427886390546,0.003869063162814471,1,0,1,0
P02,V2_video1_normal,normal,1986,66.21418571428572,1,0.036293193347605,0.024522860224273177,0.048063526470936827,0.15884567176035758,0.8844444444444445,1.0,0.40916397784252945,0.6282788073824812,0.5187213926125054,0.012436540042404924,1,0,0.7593606963062527,0.006218270021202462,1,0,1,0
P02,V2_video1_normal,normal,1987,66.2475261904762,1,0.02731682702951334,0.025148898516512135,0.02948475554251455,0.15889553306832818,0.8866666666666667,1.0,0.8824786392835011,0.4971294867461862,0.6898040630148436,0.013087403350258979,1,0,0.8449020315074218,0.0065437016751294895,1,0,1,0
P02,V2_video1_normal,normal,1988,66.28086666666667,1,0.037786423313774034,0.026684796417229692,0.04888805021031837,0.15853950702122768,0.8888888888888888,1.0,0.5191331910827091,0.7199112821235698,0.6195222366031394,0.015439215839804468,1,0,0.8097611183015697,0.007719607919902234,1,0,1,0
P02,V2_video1_normal,normal,1989,66.31420714285714,1,0.03754491519737634,0.02572255938621115,0.04936727100854154,0.15855028703200322,0.8911111111111111,1.0,0.351929561737655,0.7816492852411232,0.5667894234893891,0.010295625612802133,1,0,0.7833947117446945,0.0051478128064010665,1,0,1,0
P02,V2_video1_normal,normal,1990,66.34754761904762,1,0.0385562113109083,0.02938000428800665,0.04773241833380995,0.15884216701891335,0.8933333333333333,1.0,0.7364419288544017,0.6494180437284371,0.6929299862914194,0.016114686793442533,1,0,0.8464649931457098,0.008057343396721267,1,0,1,0
P02,V2_video1_normal,normal,1991,66.38088809523809,1,0.03951561642140744,0.029550607721299395,0.049480625121515485,0.1582786515062594,0.8955555555555555,1.0,0.7309888801217519,0.6721374883205034,0.7015631842211276,0.011288866877080073,1,0,0.8507815921105638,0.005644433438540037,1,0,1,0
P02,V2_video1_normal,normal,1992,66.41422857142857,1,0.035673382931433045,0.027783167192842705,0.04356359867002338,0.15874481982729743,0.8977777777777778,1.0,0.6328736761959998,0.2733834031791781,0.4531285396875889,0.01903425184849467,1,0,0.7265642698437944,0.009517125924247334,1,0,1,0
P02,V2_video1_normal,normal,1993,66.44756904761904,1,0.03472635197908443,0.02427583222428641,0.04517687173388245,0.15871810877236242,0.9,1.0,0.8306839057949184,0.6519818339138688,0.7413328698543935,0.02015702221764915,1,0,0.8706664349271968,0.010078511108824574,1,0,1,0
P02,V2_video1_normal,normal,1994,66.48090952380952,1,0.028490146174112278,0.024976717581985455,0.0320035747662391,0.15734444296536043,0.9022222222222223,1.0,0.6574699720262442,0.7585155233137306,0.7079927476699874,0.01825697806578963,1,0,0.8539963738349937,0.009128489032894815,1,0,1,0
P02,V2_video1_normal,normal,1995,66.51425,1,0.03219363180071821,0.023748417653444664,0.04063884594799175,0.15845647828641693,0.9044444444444445,1.0,0.38591707515590024,0.6333460976822698,0.509631586419085,0.017896288187503828,1,0,0.7548157932095425,0.008948144093751914,1,0,1,0
P02,V2_video1_normal,normal,1996,66.54759047619048,1,0.03330466537928865,0.028361594322533205,0.03824773643604411,0.15884498857631796,0.9066666666666666,1.0,0.8065945926726248,0.665745100386383,0.7361698465295039,0.0070330223610177165,1,0,0.868084923264752,0.0035165111805088582,1,0,1,0
P02,V2_video1_normal,normal,1997,66.58093095238095,1,0.03615786520181707,0.02417518090224205,0.048140549501392085,0.15929980820085957,0.9088888888888889,1.0,0.5477836837068384,0.8887572141831441,0.7182704489449913,0.01699408578279152,1,0,0.8591352244724957,0.00849704289139576,1,0,1,0
P02,V2_video1_normal,normal,1998,66.61427142857143,1,0.03398491938744665,0.025374974859479066,0.04259486391541423,0.1594551159341401,0.9111111111111111,1.0,0.6548061915751768,0.8608053271648218,0.7578057593699994,0.02661135719185438,1,0,0.8789028796849997,0.01330567859592719,1,0,1,0
P02,V2_video1_normal,normal,1999,66.6476119047619,1,0.028911406694259685,0.023416897546455165,0.034405915842064205,0.15820696964688769,0.9133333333333333,1.0,0.9278406071193439,0.599256022818014,0.763548314968679,0.051776045801422414,1,0,0.8817741574843395,0.025888022900711207,1,0,1,0
P02,V2_video1_normal,normal,2000,66.68095238095238,1,0.03012229689291595,0.02209511359817492,0.03814948018765698,0.15792297322209875,0.9155555555555556,1.0,0.3201157725230097,0.5753411048330086,0.44772843867800916,0.011017347290235839,1,0,0.7238642193390046,0.0055086736451179195,1,0,1,0
P02,V2_video1_normal,normal,2001,66.71429285714285,1,0.03316614791072177,0.02262796510352389,0.04370433071791965,0.15834765698103584,0.9177777777777778,1.0,0.3647300214005572,0.6762200902026653,0.5204750558016112,0.012046938951960942,1,0,0.7602375279008056,0.006023469475980471,1,0,1,0
P02,V2_video1_normal,normal,2002,66.74763333333333,1,0.03156331367612563,0.022169515671292283,0.040957111680958974,0.1578678339485306,0.92,1.0,0.7143247169040368,0.6274228202263674,0.6708737685652021,0.026593626035457067,1,0,0.835436884282601,0.013296813017728533,1,0,1,0
P02,V2_video1_normal,normal,2003,66.78097380952381,1,0.032615982243053496,0.02081646580541354,0.04441549868069346,0.15793031432686158,0.9222222222222223,1.0,0.6025535557007631,0.4382608048786577,0.5204071802897103,0.018557677756380786,1,0,0.7602035901448552,0.009278838878190393,1,0,1,0
P02,V2_video1_normal,normal,2004,66.81431428571429,1,0.027361970289115994,0.017721477768920465,0.03700246280931152,0.15741793824508443,0.9222222222222223,1.0,0.6078234641929503,0.6720886505380943,0.6399560573655223,0.009753783201575755,1,0,0.8199780286827612,0.004876891600787877,1,0,1,0
P02,V2_video1_normal,normal,2005,66.84765476190476,1,0.032251781471430284,0.020630141206196172,0.0438734217366644,0.15698673191758145,0.9222222222222223,1.0,0.5066864825467695,0.8251659905652229,0.6659262365559961,0.035372491260943335,1,0,0.8329631182779981,0.017686245630471668,1,0,1,0
P02,V2_video1_normal,normal,2006,66.88099523809524,1,0.050730037873969056,0.03510322207984672,0.0663568536680914,0.157564885233176,0.9222222222222223,1.0,0.28112971127420294,0.5727699392019721,0.4269498252380875,0.005409600899379246,1,0,0.7134749126190437,0.002704800449689623,1,0,1,0
P02,V2_video1_normal,normal,2007,66.91433571428571,1,0.0940862373828486,0.06651502002575374,0.12165745473994345,0.15676882743443568,0.9222222222222223,1.0,0.215271066520209,0.19260584127601177,0.20393845389811038,0.01952032960034133,1,0,0.6019692269490552,0.009760164800170666,1,0,1,0
P02,V2_video1_normal,normal,2008,66.94767619047619,1,0.22916377767651913,0.2265980235302725,0.23172953182276573,0.15679596660403267,0.9222222222222223,1.0,0.4928397663143703,0.12547903021660067,0.3091593982654855,0.016989068118940312,0,0,0.15457969913274275,0.008494534059470156,0,0,0,0
P02,V2_video1_normal,normal,2009,66.98101666666666,1,0.2669922005274259,0.26857972798893887,0.265404673065913,0.15743044031654102,0.9222222222222223,1.0,0.22677874344031335,0.02595148047374396,0.12636511195702865,0.021065574104541834,0,0,0.06318255597851433,0.010532787052270917,0,0,0,0
P02,V2_video1_normal,normal,2010,67.01435714285714,1,0.274318844027714,0.2798627028866742,0.26877498516875376,0.1574619735005192,0.9222222222222223,1.0,0.2098725457050431,0.016200416790075445,0.11303648124755927,0.012263539107500197,0,0,0.056518240623779636,0.006131769553750098,0,0,0,0
P02,V2_video1_normal,normal,2011,67.04769761904761,1,0.1386596571410406,0.13020688678454098,0.1471124274975402,0.1562948788329737,0.9244444444444444,1.0,0.15542107439887376,0.41909982014762326,0.2872604472732485,0.022768071215672148,1,0,0.6436302236366243,0.011384035607836074,1,0,1,0
P02,V2_video1_normal,normal,2012,67.0810380952381,1,0.05914322125188631,0.06328118953278747,0.05500525297098516,0.15705470389710735,0.9266666666666666,1.0,0.43359048602611494,0.328466217632259,0.381028351829187,0.005566801210145906,1,0,0.6905141759145935,0.002783400605072953,1,0,1,0
P02,V2_video1_normal,normal,2013,67.11437857142857,1,0.0690981567967004,0.07237787754940912,0.06581843604399167,0.15757705739620145,0.9288888888888889,1.0,0.1672677960054033,0.19289538651574045,0.18008159126057188,0.0067538378656281095,1,0,0.590040795630286,0.0033769189328140548,1,0,1,0
P02,V2_video1_normal,normal,2014,67.14771904761905,1,0.17941109622671075,0.18973756381822776,0.16908462863519377,0.15826497889446076,0.9288888888888889,1.0,0.2411320083663323,0.1404483774969043,0.1907901929316183,0.00794143825460871,0,0,0.09539509646580915,0.003970719127304355,0,0,0,0
P02,V2_video1_normal,normal,2015,67.18105952380952,1,0.24914595525728434,0.25596513300392815,0.24232677751064052,0.1590694083641347,0.9288888888888889,1.0,0.19026201260608422,0.2759961550205846,0.23312908381333441,0.011028013766377017,0,0,0.11656454190666721,0.0055140068831885086,0,0,0,0
P02,V2_video1_normal,normal,2016,67.2144,1,0.2796607394888875,0.29266401458670444,0.2666574643910706,0.15787909860159807,0.9288888888888889,1.0,0.027818116760342626,0.02090027596366173,0.024359196362002178,0.007859532068115299,0,0,0.012179598181001089,0.003929766034057649,0,0,0,0
P02,V2_video1_normal,normal,2017,67.24774047619047,1,0.290900731911933,0.3042870341295061,0.2775144296943599,0.15682780909656394,0.9288888888888889,1.0,0.062218608890201255,0.040154982666921746,0.0511867957785615,0.012157886093125621,0,0,0.02559339788928075,0.006078943046562811,0,0,0,0
P02,V2_video1_normal,normal,2018,67.28108095238095,1,0.29387110548272616,0.3059089403626362,0.2818332706028161,0.15668498446817677,0.9288888888888889,1.0,0.07832345080966496,0.06545606504255208,0.07188975792610852,0.008877285593454054,0,0,0.03594487896305426,0.004438642796727027,0,0,0,0
P02,V2_video1_normal,normal,2019,67.31442142857142,1,0.3073830528321554,0.31650118510561015,0.2982649205587007,0.15774387556183644,0.9288888888888889,1.0,0.026646421144273624,0.016440425226400435,0.02154342318533703,0.011377429032138512,0,0,0.010771711592668515,0.005688714516069256,0,0,0,0
P02,V2_video1_normal,normal,2020,67.34776190476191,1,0.3048963195877145,0.3138537009188743,0.2959389382565547,0.1582894098541814,0.9288888888888889,1.0,0.06021153805587198,0.048725769940015096,0.05446865399794354,0.008326993018093035,0,0,0.02723432699897177,0.004163496509046518,0,0,0,0
P02,V2_video1_normal,normal,2021,67.38110238095238,1,0.3067599464363727,0.31381823932652436,0.2997016535462211,0.15772857900505935,0.9288888888888889,1.0,0.10198841646179535,0.07516050789152429,0.08857446217665982,0.014685911144254361,0,0,0.04428723108832991,0.007342955572127181,0,0,0,0
P02,V2_video1_normal,normal,2022,67.41444285714286,1,0.31265698751115,0.3192425897154906,0.3060713853068095,0.15747388754469824,0.9288888888888889,1.0,0.049150050264065936,0.011529768920299,0.030339909592182468,0.010645291755899015,0,0,0.015169954796091234,0.005322645877949507,0,0,0,0
P02,V2_video1_normal,normal,2023,67.44778333333333,1,0.3040862534847467,0.31053409633391255,0.29763841063558083,0.1577253123265885,0.9266666666666666,1.0,0.2518231868673604,0.11048350144769448,0.18115334415752743,0.017990383654663034,0,0,0.09057667207876371,0.008995191827331517,0,0,0,0
P02,V2_video1_normal,normal,2024,67.48112380952381,1,0.30934374931587405,0.3142304610428315,0.30445703758891657,0.1573077177709193,0.9244444444444444,1.0,0.15840552626278892,0.0306853595664337,0.09454544291461131,0.015820774467123197,0,0,0.047272721457305655,0.007910387233561599,0,0,0,0
P02,V2_video1_normal,normal,2025,67.51446428571428,1,0.3062091662553236,0.3116102289039935,0.3008081036066536,0.15716543632629493,0.9222222222222223,1.0,0.09742068720569874,0.0034970285310258475,0.050458857868362295,0.015239187345761084,0,0,0.025229428934181147,0.007619593672880542,0,0,0,0
P02,V2_video1_normal,normal,2026,67.54780476190476,1,0.3154751928979811,0.3205589813279829,0.31039140446797936,0.1567108384975165,0.92,1.0,0.32015672794683014,0.013920452264630678,0.1670385901057304,0.01864070348380978,0,0,0.0835192950528652,0.00932035174190489,0,0,0,0
P02,V2_video1_normal,normal,2027,67.58114523809523,1,0.31401924505407874,0.3188209596146011,0.30921753049355644,0.15694197469789148,0.9177777777777778,1.0,0.2506498091914786,0.00021949059335324428,0.12543464989241593,0.013995050045186818,0,0,0.06271732494620796,0.006997525022593409,0,0,0,0
P02,V2_video1_normal,normal,2028,67.6144857142857,1,0.30480308473356177,0.3105619774597242,0.2990441920073994,0.15706768935306922,0.9155555555555556,1.0,0.41084185902811066,0.003078751709395755,0.2069603053687532,0.012764955173384556,0,0,0.1034801526843766,0.006382477586692278,0,0,0,0
P02,V2_video1_normal,normal,2029,67.6478261904762,1,0.3052503345701638,0.30745488665052423,0.3030457824898034,0.15729216800602905,0.9133333333333333,1.0,0.3169542016950626,0.017661216275035252,0.16730770898504893,0.018053475185761184,0,0,0.08365385449252447,0.009026737592880592,0,0,0,0
P02,V2_video1_normal,normal,2030,67.68116666666667,1,0.3072651729349315,0.31195479972188267,0.3025755461479803,0.15799298008528748,0.9111111111111111,1.0,0.25685579216135945,0.14222191827576502,0.19953885521856224,0.010264440130510128,0,0,0.09976942760928112,0.005132220065255064,0,0,0,0
P02,V2_video1_normal,normal,2031,67.71450714285714,1,0.30488424157090177,0.31663876883892744,0.29312971430287615,0.15877736795604364,0.9088888888888889,1.0,0.03564144300217642,0.028309220868350415,0.03197533193526342,0.008033708295164435,0,0,0.01598766596763171,0.0040168541475822175,0,0,0,0
P02,V2_video1_normal,normal,2032,67.74784761904762,1,0.30147738259654466,0.31310546116535837,0.289849304027731,0.158503851201279,0.9066666666666666,1.0,0.291413409049725,0.3093659246118784,0.3003896668308017,0.008292735470634008,0,0,0.15019483341540085,0.004146367735317004,0,0,0,0
P02,V2_video1_normal,normal,2033,67.7811880952381,1,0.300754365552705,0.3124895687025201,0.28901916240288994,0.15851804124205973,0.9044444444444445,1.0,0.20503712955506093,0.016161437943973178,0.11059928374951705,0.011120481561321007,0,0,0.055299641874758526,0.005560240780660503,0,0,0,0
P02,V2_video1_normal,normal,2034,67.81452857142857,1,0.30679031291030545,0.31454153305256544,0.2990390927680455,0.15768308334066697,0.9022222222222223,1.0,0.02639385015347917,0.03693758677603798,0.031665718464758574,0.005888826600869857,0,0,0.015832859232379287,0.0029444133004349286,0,0,0,0
P02,V2_video1_normal,normal,2035,67.84786904761904,1,0.3076072055986878,0.3130615766745482,0.3021528345228274,0.15747225784379276,0.9022222222222223,1.0,0.02674885372592717,0.021583333555801887,0.024166093640864528,0.014404638552286296,0,0,0.012083046820432264,0.007202319276143148,0,0,0,0
P02,V2_video1_normal,normal,2036,67.88120952380952,1,0.29899423361382427,0.3058664404225532,0.29212202680509536,0.1575942836071381,0.9022222222222223,1.0,0.3071648071849009,0.013716570676788664,0.1604406889308448,0.01910318002273587,0,0,0.0802203444654224,0.009551590011367935,0,0,0,0
P02,V2_video1_normal,normal,2037,67.91454999999999,1,0.3001689164821273,0.305220036821995,0.29511779614225964,0.15806077424274387,0.9022222222222223,1.0,0.06332589926866616,0.03199699791625521,0.04766144859246069,0.014572988708973228,0,0,0.023830724296230343,0.007286494354486614,0,0,0,0
P02,V2_video1_normal,normal,2038,67.94789047619048,1,0.30001714155628323,0.30835429359212513,0.2916799895204413,0.1579291500809029,0.9022222222222223,1.0,0.009182160153325514,0.011847715413845994,0.010514937783585754,0.03288520785766617,0,0,0.005257468891792877,0.016442603928833083,0,0,0,0
P02,V2_video1_normal,normal,2039,67.98123095238095,1,0.3060493211633346,0.3134247459267486,0.29867389639992065,0.1583470038583993,0.9022222222222223,1.0,0.01267304357253829,0.028332893080742272,0.02050296832664028,0.030343115259988306,0,0,0.01025148416332014,0.015171557629994153,0,0,0,0
P02,V2_video1_normal,normal,2040,68.01457142857143,1,0.311409403222874,0.316160992356251,0.3066578140894971,0.15769829157176538,0.9022222222222223,1.0,0.00409451044142084,0.029687242414206505,0.016890876427813672,0.01725387521643041,0,0,0.008445438213906836,0.008626937608215205,0,0,0,0
P02,V2_video1_normal,normal,2041,68.0479119047619,1,0.29209673370316647,0.2976505675035508,0.2865428999027822,0.15768658978851255,0.9022222222222223,1.0,0.03655348528578306,0.08217056346760188,0.05936202437669247,0.024325436446693997,0,0,0.029681012188346234,0.012162718223346998,0,0,0,0
P02,V2_video1_normal,normal,2042,68.08125238095238,1,0.06539315245288058,0.07708010139438215,0.053706203511379016,0.15711446268758109,0.9044444444444445,1.0,0.7440143164483068,0.31404972321962354,0.5290320198339652,0.025133382795137542,1,0,0.7645160099169825,0.012566691397568771,1,0,1,0
P02,V2_video1_normal,normal,2043,68.11459285714285,1,0.050256947919214395,0.05279085011553557,0.04772304572289322,0.15806659944140808,0.9066666666666666,1.0,0.3151533318195573,0.5469175391867562,0.43103543550315676,0.015283574345548317,1,0,0.7155177177515784,0.007641787172774158,1,0,1,0
P02,V2_video1_normal,normal,2044,68.14793333333333,1,0.07209352221524318,0.07924535303419813,0.06494169139628822,0.15767705168874746,0.9088888888888889,1.0,0.11481320864547007,0.30793105220631445,0.21137213042589226,0.010697486376604316,1,0,0.6056860652129461,0.005348743188302158,1,0,1,0
P02,V2_video1_normal,normal,2045,68.1812738095238,1,0.11627820444980679,0.1294231089623586,0.10313329993725498,0.1566526008660017,0.9111111111111111,1.0,0.1559239609643368,0.1558928515439284,0.1559084062541326,0.013635161361227617,1,0,0.5779542031270664,0.0068175806806138085,1,0,0,0
P02,V2_video1_normal,normal,2046,68.21461428571429,1,0.19922553288958217,0.2093685117816159,0.18908255399754842,0.15751066534469255,0.9111111111111111,1.0,0.40406771024561383,0.2878399957581097,0.34595385300186177,0.017545185792904486,0,0,0.17297692650093088,0.008772592896452243,0,0,0,0
P02,V2_video1_normal,normal,2047,68.24795476190477,1,0.26041987228918506,0.26138142786752366,0.25945831671084646,0.15713212595660536,0.9111111111111111,1.0,0.11848688437344046,0.009242705640567839,0.06386479500700415,0.004114164806605107,0,0,0.031932397503502075,0.0020570824033025537,0,0,0,0
P02,V2_video1_normal,normal,2048,68.28129523809524,1,0.2806576084062401,0.2837152805426191,0.2775999362698611,0.15645625873245766,0.9111111111111111,1.0,0.03253029441096145,0.013272769562426512,0.02290153198669398,0.01144950260243992,0,0,0.01145076599334699,0.00572475130121996,0,0,0,0
P02,V2_video1_normal,normal,2049,68.31463571428571,1,0.28204290338649574,0.29074509569726664,0.27334071107572483,0.15709044940554873,0.9111111111111111,1.0,0.17679877407995548,0.020126041912872927,0.0984624079964142,0.009003020350550329,0,0,0.0492312039982071,0.004501510175275164,0,0,0,0
P02,V2_video1_normal,normal,2050,68.34797619047619,1,0.29455429141040634,0.2990256262022335,0.29008295661857925,0.1570198986950082,0.9111111111111111,1.0,0.06397845446145267,0.03737209724103141,0.05067527585124204,0.010461007587875153,0,0,0.02533763792562102,0.005230503793937576,0,0,0,0
P02,V2_video1_normal,normal,2051,68.38131666666666,1,0.2917193996458055,0.2976923843812155,0.2857464149103956,0.15722733738293207,0.9111111111111111,1.0,0.036766130768639105,0.09583940838586225,0.06630276957725068,0.009455193258045313,0,0,0.03315138478862534,0.004727596629022657,0,0,0,0
P02,V2_video1_normal,normal,2052,68.41465714285714,1,0.3008195766139743,0.3047057605803572,0.2969333926475914,0.15716871824614462,0.9111111111111111,1.0,0.15062352078208074,0.0015113451015246193,0.07606743294180268,0.013274624439548747,0,0,0.03803371647090134,0.006637312219774373,0,0,0,0
P02,V2_video1_normal,normal,2053,68.44799761904761,1,0.2935303433187785,0.3004661631516966,0.28659452348586034,0.15688999548780547,0.9111111111111111,1.0,0.1442207844261112,0.01308509396852564,0.07865293919731842,0.0069492390299201985,0,0,0.03932646959865921,0.0034746195149600993,0,0,0,0
P02,V2_video1_normal,normal,2054,68.48133809523809,1,0.29570922507689035,0.2998175016473406,0.29160094850644014,0.1575561157559993,0.9111111111111111,1.0,0.17877518159834038,0.012735310224020746,0.09575524591118056,0.024381706258058654,0,0,0.04787762295559028,0.012190853129029327,0,0,0,0
P02,V2_video1_normal,normal,2055,68.51467857142858,1,0.30028130423791144,0.30438030383455716,0.2961823046412657,0.15742770342274198,0.9088888888888889,1.0,0.0338961744411761,0.015897489477406435,0.024896831959291266,0.01483318864322965,0,0,0.012448415979645633,0.007416594321614825,0,0,0,0
P02,V2_video1_normal,normal,2056,68.54801904761905,1,0.30553453974972034,0.3092186684108031,0.3018504110886376,0.15747069518743845,0.9066666666666666,1.0,0.028418688309860607,0.021386470021707682,0.024902579165784144,0.009121205993714977,0,0,0.012451289582892072,0.0045606029968574885,0,0,0,0
P02,V2_video1_normal,normal,2057,68.58135952380952,1,0.3010238912203542,0.30587550051175666,0.2961722819289518,0.15719804008451216,0.9044444444444445,1.0,0.013451958193287372,0.02747725221624009,0.02046460520476373,0.00831563691594627,0,0,0.010232302602381865,0.004157818457973135,0,0,0,0
P02,V2_video1_normal,normal,2058,68.6147,1,0.3014588071138403,0.3061907902456236,0.2967268239820571,0.15688254717848327,0.9022222222222223,1.0,0.04715660675632738,0.021444204215826823,0.0343004054860771,0.006912346668484979,0,0,0.01715020274303855,0.0034561733342424895,0,0,0,0
P02,V2_video1_normal,normal,2059,68.64804047619047,1,0.2974998539659465,0.2987239795044141,0.29627572842747896,0.15748823790137093,0.9,1.0,0.01917202564011289,0.12526806291335846,0.07222004427673567,0.03184388685003692,0,0,0.03611002213836784,0.01592194342501846,0,0,0,0
P02,V2_video1_normal,normal,2060,68.68138095238095,1,0.28693183357208824,0.2935361238901409,0.2803275432540356,0.15780447421867955,0.8977777777777778,1.0,0.12598414415984682,0.006392989819807848,0.06618856698982734,0.018563245515542184,0,0,0.03309428349491367,0.009281622757771092,0,0,0,0
P02,V2_video1_normal,normal,2061,68.71472142857142,1,0.2895263093626279,0.2954756771483832,0.2835769415768726,0.15701920867793592,0.8955555555555555,1.0,0.03887635113325516,0.004554853077105903,0.02171560210518053,0.009610441607614846,0,0,0.010857801052590266,0.004805220803807423,0,0,0,0
P02,V2_video1_normal,normal,2062,68.7480619047619,1,0.28518777246500215,0.2909216988108808,0.2794538461191235,0.15738841370941653,0.8933333333333333,1.0,0.04332312993463572,0.04336825175943115,0.043345690847033436,0.011455759460028966,0,0,0.021672845423516718,0.005727879730014483,0,0,0,0
P02,V2_video1_normal,normal,2063,68.78140238095239,1,0.29373131966816113,0.29849018257774607,0.28897245675857625,0.15742681067860603,0.8911111111111111,1.0,0.09119083400178862,0.05718230095210797,0.0741865674769483,0.010514401562145299,0,0,0.03709328373847415,0.005257200781072649,0,0,0,0
P02,V2_video1_normal,normal,2064,68.81474285714286,1,0.2978617995942616,0.3009662279235289,0.2947573712649943,0.15731527880733298,0.8888888888888888,1.0,0.2670705206558298,0.012296262742096165,0.139683391698963,0.00950961812766383,0,0,0.0698416958494815,0.004754809063831915,0,0,0,0
P02,V2_video1_normal,normal,2065,68.84808333333334,1,0.29208288847131336,0.2955879649307816,0.2885778120118451,0.15734723157334676,0.8866666666666667,1.0,0.17540051013363234,0.009815205367521007,0.09260785775057667,0.013382948195756448,0,0,0.046303928875288336,0.006691474097878224,0,0,0,0
P02,V2_video1_normal,normal,2066,68.88142380952381,1,0.2942244537658659,0.30063459003287824,0.28781431749885356,0.15821264613623282,0.8844444444444445,1.0,0.03186944679022219,0.02573734105557879,0.02880339392290049,0.01383235245059908,0,0,0.014401696961450244,0.00691617622529954,0,0,0,0
P02,V2_video1_normal,normal,2067,68.91476428571428,1,0.2862749415765312,0.29344131633130394,0.2791085668217585,0.1580351474564108,0.8822222222222222,1.0,0.057721432645943316,0.26304962924456243,0.16038553094525287,0.014031127701758883,0,0,0.08019276547262644,0.007015563850879441,0,0,0,0
P02,V2_video1_normal,normal,2068,68.94810476190476,1,0.2649479906284533,0.2715754706292238,0.2583205106276828,0.15743074744300714,0.88,1.0,0.375880467748709,0.3105493771395458,0.3432149224441274,0.011264522584284153,0,0,0.1716074612220637,0.0056322612921420765,0,0,0,0
P02,V2_video1_normal,normal,2069,68.98144523809523,1,0.05733974998419475,0.06657921231522676,0.04810028765316274,0.157136061382088,0.88,1.0,0.1908644733829059,0.3170998290539446,0.25398215121842527,0.02696506997748856,1,0,0.6269910756092126,0.01348253498874428,1,0,1,0
P02,V2_video1_normal,normal,2070,69.01478571428571,1,0.05042924486267583,0.049270203293042526,0.051588286432309144,0.15728567423304138,0.88,1.0,0.7128785368989456,0.3535214508535107,0.5331999938762282,0.01910361784722121,1,0,0.7665999969381141,0.009551808923610605,1,0,1,0
P02,V2_video1_normal,normal,2071,69.04812619047618,1,0.049571441080750546,0.04595627550706998,0.05318660665443111,0.15756048719729693,0.88,1.0,0.779623146039795,0.35749688863715545,0.5685600173384753,0.009123787841319597,1,0,0.7842800086692376,0.004561893920659798,1,0,1,0
P02,V2_video1_normal,normal,2072,69.08146666666667,1,0.07410278619177155,0.06760411754685873,0.08060145483668436,0.15610970830766135,0.88,1.0,0.23230083432948778,0.6215057803598258,0.4269033073446568,0.012862609455093607,1,0,0.7134516536723284,0.006431304727546804,1,0,1,0
P02,V2_video1_normal,normal,2073,69.11480714285715,1,0.14530516474158034,0.14455495133415794,0.14605537814900277,0.15693033678531926,0.8777777777777778,1.0,0.0748720211859456,0.1014350306995111,0.08815352594272835,0.019289386892559816,0,0,0.044076762971364175,0.009644693446279908,0,0,0,0
P02,V2_video1_normal,normal,2074,69.14814761904762,1,0.21739791579392698,0.2134637220961939,0.22133210949166002,0.15826362790759568,0.8755555555555555,1.0,0.08876423561075442,0.04750206037394056,0.06813314799234749,0.012885454840804401,0,0,0.034066573996173743,0.0064427274204022006,0,0,0,0
P02,V2_video1_normal,normal,2075,69.1814880952381,1,0.23900775703693855,0.23722926742560643,0.2407862466482707,0.15779037783587702,0.8733333333333333,1.0,0.053745078449204065,0.017519838692991896,0.03563245857109798,0.004969940675106021,0,0,0.01781622928554899,0.0024849703375530107,0,0,0,0
P02,V2_video1_normal,normal,2076,69.21482857142857,1,0.2571588632486539,0.26163880713536786,0.2526789193619399,0.15732753277936232,0.8711111111111111,1.0,0.25516671743896213,0.033743891395602854,0.1444553044172825,0.004830753195988405,0,0,0.07222765220864125,0.0024153765979942027,0,0,0,0
P02,V2_video1_normal,normal,2077,69.24816904761904,1,0.26632127411304785,0.27152935934508665,0.26111318888100904,0.1570508247282125,0.8688888888888889,1.0,0.28261194882122975,0.006016471390185685,0.14431421010570772,0.013767334555748757,0,0,0.07215710505285386,0.0068836672778743785,0,0,0,0
P02,V2_video1_normal,normal,2078,69.28150952380952,1,0.26651620032019596,0.27444573500715946,0.25858666563323246,0.15672857970793833,0.8666666666666667,1.0,0.08600823415912329,0.19865639304323646,0.14233231360117987,0.00739355255915122,0,0,0.07116615680058994,0.00369677627957561,0,0,0,0
P02,V2_video1_normal,normal,2079,69.31484999999999,1,0.2691142025232659,0.27896094650317904,0.25926745854335276,0.15699378103838466,0.8644444444444445,1.0,0.08881106957701279,0.048546261340899566,0.06867866545895618,0.011589062029107589,0,0,0.03433933272947809,0.005794531014553794,0,0,0,0
P02,V2_video1_normal,normal,2080,69.34819047619048,1,0.27383250111189894,0.28093369490610126,0.2667313073176966,0.15697213091242407,0.8622222222222222,1.0,0.12818421600771213,0.06591442262090419,0.09704931931430816,0.004102891647263546,0,0,0.04852465965715408,0.002051445823631773,0,0,0,0
P02,V2_video1_normal,normal,2081,69.38153095238096,1,0.2783847933785094,0.2850084687465713,0.2717611180104475,0.15716965478366884,0.86,1.0,0.11184043710637537,0.06206313906060967,0.08695178808349252,0.007248825904921341,0,0,0.04347589404174626,0.0036244129524606707,0,0,0,0
P02,V2_video1_normal,normal,2082,69.41487142857143,1,0.27644832234237116,0.2808969468353106,0.27199969784943173,0.15686633468660588,0.8577777777777778,1.0,0.17154641911217983,0.01213230796544984,0.09183936353881483,0.009351149367608511,0,0,0.04591968176940742,0.0046755746838042555,0,0,0,0
P02,V2_video1_normal,normal,2083,69.4482119047619,1,0.27742478905340445,0.28291866292908746,0.27193091517772144,0.15684769066564747,0.8555555555555555,1.0,0.12259814374644928,0.024446630587063756,0.07352238716675652,0.011936660213027243,0,0,0.03676119358337826,0.005968330106513622,0,0,0,0
P02,V2_video1_normal,normal,2084,69.48155238095238,1,0.2744499799973721,0.27944440621416844,0.2694555537805757,0.1574198702733279,0.8533333333333334,1.0,0.12077560050000946,0.0526161009694609,0.08669585073473518,0.0073726482100221575,0,0,0.04334792536736759,0.0036863241050110788,0,0,0,0
P02,V2_video1_normal,normal,2085,69.51489285714285,1,0.2701267067547417,0.27768608745671974,0.26256732605276367,0.15677450331887588,0.8511111111111112,1.0,0.18235496700793508,0.07261695500901788,0.12748596100847648,0.012239511131085748,0,0,0.06374298050423824,0.006119755565542874,0,0,0,0
P02,V2_video1_normal,normal,2086,69.54823333333333,1,0.27064321389612356,0.2777099101553843,0.2635765176368628,0.15674040925752816,0.8488888888888889,1.0,0.2176382682553496,0.08745381910713501,0.1525460436812423,0.011525107107957025,0,0,0.07627302184062115,0.0057625535539785125,0,0,0,0
P02,V2_video1_normal,normal,2087,69.5815738095238,1,0.27878866670025465,0.2868122860408872,0.2707650473596221,0.15707880661222803,0.8466666666666667,1.0,0.09411322552581103,0.1588892944185587,0.12650125997218487,0.008155886031742362,0,0,0.06325062998609243,0.004077943015871181,0,0,0,0
P02,V2_video1_normal,normal,2088,69.61491428571428,1,0.2746780633510918,0.28399957768093004,0.2653565490212536,0.15794996396562064,0.8444444444444444,1.0,0.04634836336371895,0.06018897127130096,0.053268667317509955,0.004601239473566865,0,0,0.026634333658754977,0.0023006197367834327,0,0,0,0
P02,V2_video1_normal,normal,2089,69.64825476190477,1,0.27289901654675025,0.2792669319456558,0.2665311011478447,0.15758599816720747,0.8422222222222222,1.0,0.1481810664071621,0.0785780375964571,0.1133795520018096,0.0031333073558374672,0,0,0.0566897760009048,0.0015666536779187336,0,0,0,0
P02,V2_video1_normal,normal,2090,69.68159523809524,1,0.275024084113075,0.28457851620291985,0.26546965202323014,0.15726984309161965,0.84,1.0,0.14459159325428916,0.17949271810127498,0.16204215567778207,0.0022275035390273644,0,0,0.08102107783889104,0.0011137517695136822,0,0,0,0
P02,V2_video1_normal,normal,2091,69.71493571428572,1,0.2721958573331399,0.27906119921510536,0.2653305154511745,0.15779742459402288,0.8377777777777777,1.0,0.09748770909304816,0.053710168729413366,0.07559893891123076,0.001777238103134129,0,0,0.03779946945561538,0.0008886190515670645,0,0,0,0
P02,V2_video1_normal,normal,2092,69.74827619047619,1,0.2788397810826788,0.2846742890009014,0.2730052731644563,0.15735094770163313,0.8355555555555556,1.0,0.035305421362525125,0.15398078482991961,0.09464310309622237,0.004077932768728083,0,0,0.047321551548111185,0.0020389663843640416,0,0,0,0
P02,V2_video1_normal,normal,2093,69.78161666666666,1,0.2735971097730947,0.2769693039662781,0.27022491557991124,0.15706644715421256,0.8333333333333334,1.0,0.11367035768870892,0.11347627229080048,0.1135733149897547,0.0015926826371173855,0,0,0.05678665749487735,0.0007963413185586928,0,0,0,0
P02,V2_video1_normal,normal,2094,69.81495714285714,1,0.28518042456914083,0.2940729438605612,0.2762879052777204,0.1575642671122831,0.8311111111111111,1.0,0.2285135988751359,0.01808182776019085,0.12329771331766337,0.002809630714280672,0,0,0.061648856658831686,0.001404815357140336,0,0,0,0
P02,V2_video1_normal,normal,2095,69.84829761904761,1,0.28669159450774473,0.291626816347413,0.2817563726680765,0.15708794026089826,0.8288888888888889,1.0,0.06671931606108139,0.05495192395583515,0.06083562000845827,0.004925765301240745,0,0,0.030417810004229134,0.0024628826506203727,0,0,0,0
P02,V2_video1_normal,normal,2096,69.88163809523809,1,0.2807436915397455,0.28676747810028463,0.27471990497920634,0.15766780627931923,0.8266666666666667,1.0,0.03555199123426289,0.048657994254882375,0.042104992744572634,0.0010725846802035817,0,0,0.021052496372286317,0.0005362923401017909,0,0,0,0
P02,V2_video1_normal,normal,2097,69.91497857142856,1,0.27943744376815116,0.2837290228937981,0.2751458646425043,0.1573646375136757,0.8244444444444444,1.0,0.03764946510633205,0.048604043183871015,0.04312675414510153,0.003047878482785055,0,0,0.021563377072550766,0.0015239392413925275,0,0,0,0
P02,V2_video1_normal,normal,2098,69.94831904761905,1,0.28336759412604723,0.2886475712823213,0.27808761696977313,0.15760147033078176,0.8222222222222222,1.0,0.0689950039035272,0.05405542680734576,0.06152521535543648,0.01297024603361897,0,0,0.03076260767771824,0.006485123016809485,0,0,0,0
P02,V2_video1_normal,normal,2099,69.98165952380953,1,0.2856234817856563,0.29107489434548955,0.280172069225823,0.15737935348071624,0.82,1.0,0.15803179886267515,0.047956340347988125,0.10299406960533164,0.005990739072906774,0,0,0.05149703480266582,0.002995369536453387,0,0,0,0
