participante,video,condicion,frame,tiempo_s,deteccion_rostro,ear,ear_ojo1,ear_ojo2,mar,perclos,cobertura_perclos,p_cerrado_ojo1,p_cerrado_ojo2,p_cerrado,p_bostezo,d_ear,d_mar,score_ojo_o2,score_bostezo_o2,cond_o1_cierre,cond_o1_bostezo,cond_o2_cierre,cond_o2_bostezo
P08,V8_video1_normal,normal,0,0.0,1,0.23870477496127368,0.22932753370060102,0.2480820162219463,0.17321824891113752,0.0,1.0,0.047399136060460645,0.08000889603282657,0.06370401604664361,0.08021615329666182,0,1,0.031852008023321804,0.5401080766483309,0,1,0,0
P08,V8_video1_normal,normal,1,0.03333116130900666,1,0.2363507623018325,0.22704176238679127,0.24565976221687374,0.1729163142891007,0.0,1.0,0.11446491615826027,0.1468093928544102,0.13063715450633523,0.07025448244255142,0,1,0.06531857725316761,0.5351272412212758,0,1,0,0
P08,V8_video1_normal,normal,2,0.06666232261801332,1,0.2218670762459124,0.2115604815718401,0.2321736709199847,0.17340935975381222,0.0,1.0,0.17157395131331343,0.044985950824012466,0.10827995106866295,0.03887911286409793,0,1,0.054139975534331475,0.519439556432049,0,1,0,0
P08,V8_video1_normal,normal,3,0.09999348392701998,1,0.11075071375812737,0.09496673777411221,0.12653468974214252,0.17588302348980417,0.25,1.0,0.16100560835948274,0.4002061787088166,0.28060589353414966,0.05338373599593043,1,1,0.6403029467670749,0.5266918679979652,1,1,1,0
P08,V8_video1_normal,normal,4,0.13332464523602663,1,0.08186351265450123,0.06040228608519445,0.10332473922380803,0.1778784905998716,0.4,1.0,0.5078877967772558,0.25797808652275234,0.3829329416500041,0.21414598606860089,1,1,0.691466470825002,0.6070729930343004,1,1,1,1
P08,V8_video1_normal,normal,5,0.1666558065450333,1,0.12485056710034383,0.11945171310794103,0.13024942109274662,0.1780706870857041,0.5,1.0,0.14540497368960859,0.4235063461060161,0.28445565989781235,0.5342620835954329,1,1,0.6422278299489061,0.7671310417977164,1,1,1,1
P08,V8_video1_normal,normal,6,0.19998696785403997,1,0.1658240193374772,0.1548645094179898,0.1767835292569646,0.17828403315958352,0.42857142857142855,1.0,0.05252150860755678,0.16260006700026108,0.10756078780390893,0.45736555640881305,0,1,0.053780393901954465,0.7286827782044065,0,1,0,1
P08,V8_video1_normal,normal,7,0.23331812916304662,1,0.18681145626809714,0.18565514854150575,0.1879677639946885,0.180615505134457,0.375,1.0,0.1932166287397864,0.12087448717426896,0.15704555795702768,0.18129652226132834,0,1,0.07852277897851384,0.5906482611306642,0,1,0,1
P08,V8_video1_normal,normal,8,0.26664929047205327,1,0.1896735184537317,0.17887825841431024,0.20046877849315317,0.1854663285523423,0.3333333333333333,1.0,0.12116238846045746,0.09692050065873015,0.1090414445595938,0.25220576120416943,0,1,0.0545207222797969,0.6261028806020847,0,1,0,1
P08,V8_video1_normal,normal,9,0.2999804517810599,1,0.19702876571369093,0.19074432152146267,0.2033132099059192,0.18267209697148815,0.3,1.0,0.2047444633854938,0.07945606972714525,0.14210026655631952,0.12756063243873678,0,1,0.07105013327815976,0.5637803162193684,0,1,0,0
P08,V8_video1_normal,normal,10,0.3333116130900666,1,0.20777357960180315,0.19858188065529006,0.2169652785483162,0.18479426799705334,0.2727272727272727,1.0,0.6187334996482032,0.34681221423471753,0.4827728569414604,0.15946462867712677,0,1,0.2413864284707302,0.5797323143385634,0,1,0,0
P08,V8_video1_normal,normal,11,0.3666427743990733,1,0.2190124476245341,0.2103730514600061,0.2276518437890621,0.18235713418571217,0.25,1.0,0.28683431115875524,0.13906694091600313,0.2129506260373792,0.08730151267004789,0,1,0.1064753130186896,0.5436507563350239,0,1,0,0
P08,V8_video1_normal,normal,12,0.39997393570807993,1,0.209416111685657,0.19894459037835244,0.21988763299296157,0.18493569213747907,0.23076923076923078,1.0,0.2198319170019365,0.07332861907543353,0.146580268038685,0.25974093577211144,0,1,0.0732901340193425,0.6298704678860557,0,1,0,1
P08,V8_video1_normal,normal,13,0.4333050970170866,1,0.21269161434828465,0.20039904474573614,0.2249841839508332,0.1845188454059362,0.21428571428571427,1.0,0.6634377954478805,0.14282993344277073,0.4031338644453256,0.23004592276303618,0,1,0.2015669322226628,0.6150229613815181,0,1,0,1
P08,V8_video1_normal,normal,14,0.46663625832609323,1,0.20652300346275843,0.19646177099557272,0.21658423592994416,0.18588808684837552,0.2,1.0,0.6127723937207474,0.06752395957386492,0.3401481766473062,0.19806161751324677,0,1,0.1700740883236531,0.5990308087566234,0,1,0,1
P08,V8_video1_normal,normal,15,0.4999674196350999,1,0.2183451175016718,0.21173094816970725,0.22495928683363633,0.19427703081002004,0.1875,1.0,0.5964820968475452,0.13054171450630003,0.3635119056769226,0.3422048991326241,0,1,0.1817559528384613,0.671102449566312,0,1,0,1
P08,V8_video1_normal,normal,16,0.5332985809441065,1,0.2137593454979479,0.19526689846035583,0.23225179253553993,0.1937967412860939,0.17647058823529413,1.0,0.5699447671048554,0.3019847819353344,0.4359647745200949,0.4037721457171868,0,1,0.21798238726004746,0.7018860728585934,0,1,0,1
P08,V8_video1_normal,normal,17,0.5666297422531132,1,0.2196408137327088,0.20458412539670343,0.23469750206871418,0.19509879560487073,0.16666666666666666,1.0,0.6132726868616014,0.1303390828827713,0.37180588487218635,0.24519116167101315,0,1,0.18590294243609318,0.6225955808355066,0,1,0,1
P08,V8_video1_normal,normal,18,0.5999609035621198,1,0.21197576274576363,0.1987408354168172,0.2252106900747101,0.1946706499930296,0.15789473684210525,1.0,0.4695720732308305,0.13954146878911944,0.30455677100997497,0.5101630499531796,0,1,0.15227838550498748,0.7550815249765899,0,1,0,1
P08,V8_video1_normal,normal,19,0.6332920648711265,1,0.2460965741018657,0.23724326932894851,0.2549498788747829,0.1942243735023485,0.15,1.0,0.24714865878237158,0.12975442204255083,0.1884515404124612,0.5838261001285543,0,1,0.0942257702062306,0.7919130500642771,0,1,0,1
P08,V8_video1_normal,normal,20,0.6666232261801333,1,0.2404969281654173,0.22645491009575217,0.2545389462350824,0.193076047720348,0.14285714285714285,1.0,0.1617927812424983,0.04682921527105688,0.10431099825677759,0.41602646277030964,0,1,0.052155499128388794,0.7080132313851548,0,1,0,1
P08,V8_video1_normal,normal,21,0.6999543874891399,1,0.24672175620423326,0.23373235224897088,0.25971116015949564,0.19840131931581934,0.13636363636363635,1.0,0.4922632343140141,0.06287671537533357,0.27756997484467383,0.46674673562095437,0,1,0.13878498742233691,0.7333733678104772,0,1,0,1
P08,V8_video1_normal,normal,22,0.7332855487981466,1,0.22487123584309426,0.20826108220621795,0.2414813894799706,0.20549306554788843,0.13043478260869565,1.0,0.25433934712891426,0.06046601138315777,0.15740267925603602,0.6859925579539702,0,1,0.07870133962801801,0.8429962789769851,0,1,0,1
P08,V8_video1_normal,normal,23,0.7666167101071532,1,0.22520340608214634,0.21134960398654906,0.23905720817774362,0.20855686819386274,0.125,1.0,0.23648304438596068,0.26254615769041834,0.2495146010381895,0.4404401146614881,0,1,0.12475730051909475,0.720220057330744,0,1,0,1
P08,V8_video1_normal,normal,24,0.7999478714161599,1,0.22250442106920842,0.20691282333123506,0.23809601880718176,0.2026444022069691,0.12,1.0,0.46863608692815806,0.35112977453382677,0.4098829307309924,0.4526084469913095,0,1,0.2049414653654962,0.7263042234956547,0,1,0,1
P08,V8_video1_normal,normal,25,0.8332790327251666,1,0.23081240611611475,0.2228863674178612,0.23873844481436834,0.18980020649644183,0.11538461538461539,1.0,0.46176374163488554,0.06951265474184154,0.26563819818836354,0.1785258140377421,0,1,0.13281909909418177,0.5892629070188711,0,1,0,1
P08,V8_video1_normal,normal,26,0.8666101940341732,1,0.2383405072268743,0.2330778129128354,0.2436032015409132,0.18634916933270443,0.1111111111111111,1.0,0.14382425379243813,0.17393678904355137,0.15888052141799475,0.07050821888734957,0,1,0.07944026070899737,0.5352541094436748,0,1,0,0
P08,V8_video1_normal,normal,27,0.8999413553431799,1,0.23102850580511286,0.22468453557873344,0.2373724760314923,0.18366460788750885,0.10714285714285714,1.0,0.30542700862730754,0.04311504849743253,0.17427102856237003,0.032517975873748634,0,1,0.08713551428118502,0.5162589879368743,0,1,0,0
P08,V8_video1_normal,normal,28,0.9332725166521865,1,0.25052749200617525,0.24184256548934527,0.25921241852300525,0.17915086899542315,0.10344827586206896,1.0,0.3384021769630612,0.0065096117956942035,0.1724558943793777,0.01570599374354204,0,1,0.08622794718968885,0.507852996871771,0,1,0,0
P08,V8_video1_normal,normal,29,0.9666036779611932,1,0.24349604435440964,0.23278006715631577,0.2542120215525035,0.17409319272163667,0.1,1.0,0.138094628636649,0.06440500746676603,0.10124981805170752,0.02987432203265296,0,1,0.05062490902585376,0.5149371610163265,0,1,0,0
P08,V8_video1_normal,normal,30,0.9999348392701998,1,0.22898832309269035,0.2202396766082526,0.23773696957712806,0.16606252046066317,0.0967741935483871,1.0,0.1707739175081714,0.0390853651947477,0.10492964135145955,0.287415573983783,0,1,0.05246482067572977,0.6437077869918915,0,1,0,1
P08,V8_video1_normal,normal,31,1.0332660005792065,1,0.24936931660120426,0.23715965451491341,0.2615789786874951,0.16531499010366704,0.09375,1.0,0.1608852416719213,0.02610561832219216,0.09349542999705673,0.05592008134342026,0,1,0.04674771499852837,0.5279600406717101,0,1,0,0
P08,V8_video1_normal,normal,32,1.066597161888213,1,0.2513130621812356,0.24044926284904658,0.2621768615134246,0.16581725033567585,0.09090909090909091,1.0,0.11168008785370032,0.053117160643332495,0.0823986242485164,0.04151644958726598,0,1,0.0411993121242582,0.520758224793633,0,1,0,0
P08,V8_video1_normal,normal,33,1.09992832319722,1,0.25137303993711635,0.23994776579351215,0.2627983140807206,0.16527409906089574,0.08823529411764706,1.0,0.1745534301174424,0.026448107191559433,0.10050076865450092,0.03007202106080498,0,1,0.05025038432725046,0.5150360105304025,0,1,0,0
P08,V8_video1_normal,normal,34,1.1332594845062265,1,0.26514561742408604,0.2533345757527113,0.27695665909546086,0.16604717287950635,0.08571428571428572,1.0,0.038479033490243286,0.027208650963445047,0.03284384222684417,0.06437414098651532,0,1,0.016421921113422083,0.5321870704932576,0,1,0,0
P08,V8_video1_normal,normal,35,1.166590645815233,1,0.26935331464422707,0.2616968233979782,0.277009805890476,0.1660131632115471,0.08333333333333333,1.0,0.05870491046306481,0.012271795751657155,0.03548835310736098,0.1777721484279862,0,1,0.01774417655368049,0.5888860742139931,0,1,0,1
P08,V8_video1_normal,normal,36,1.1999218071242397,1,0.26990114508493723,0.25691764406292666,0.2828846461069478,0.16759716255538135,0.08108108108108109,1.0,0.13221969754428864,0.015556597374415504,0.07388814745935207,0.03532054445485449,0,1,0.036944073729676036,0.5176602722274273,0,1,0,0
P08,V8_video1_normal,normal,37,1.2332529684332465,1,0.2611669794725422,0.2500125582366654,0.27232140070841904,0.16814365871328651,0.07894736842105263,1.0,0.1633942016022435,0.029535762989183367,0.09646498229571343,0.021096625289239078,0,1,0.048232491147856715,0.5105483126446195,0,1,0,0
P08,V8_video1_normal,normal,38,1.266584129742253,1,0.26092831133254035,0.25083744186681983,0.27101918079826093,0.16897031208876562,0.07692307692307693,1.0,0.14875350777685614,0.031037771674984116,0.08989563972592013,0.03326489266642339,0,1,0.044947819862960064,0.5166324463332117,0,1,0,0
P08,V8_video1_normal,normal,39,1.2999152910512597,1,0.2515275248878003,0.23864798225853398,0.26440706751706655,0.16789535353281265,0.075,1.0,0.12718424113697135,0.16180907791052435,0.14449665952374785,0.08231814770194736,0,1,0.07224832976187393,0.5411590738509737,0,1,0,0
P08,V8_video1_normal,normal,40,1.3332464523602665,1,0.2514650912365473,0.24187174245439963,0.261058440018695,0.1656125075980205,0.07317073170731707,1.0,0.18072390664780447,0.13898022894420414,0.1598520677960043,0.07620107554128745,0,1,0.07992603389800215,0.5381005377706437,0,1,0,0
P08,V8_video1_normal,normal,41,1.366577613669273,1,0.26336323839093484,0.24991601188951026,0.27681046489235944,0.16720632493309728,0.07142857142857142,1.0,0.29531852514387247,0.06888579799431072,0.1821021615690916,0.07296931857710427,0,1,0.0910510807845458,0.5364846592885522,0,1,0,0
P08,V8_video1_normal,normal,42,1.3999087749782797,1,0.25688485988932486,0.24105211209773694,0.2727176076809128,0.16770465871841814,0.06976744186046512,1.0,0.2921614170596136,0.054711524193880035,0.17343647062674683,0.026100593741873325,0,1,0.08671823531337342,0.5130502968709366,0,1,0,0
P08,V8_video1_normal,normal,43,1.4332399362872865,1,0.26063910822444336,0.25372616225762934,0.2675520541912574,0.16676059558112277,0.06818181818181818,1.0,0.040876625828205726,0.07469633310901458,0.05778647946861015,0.0270079102100881,0,1,0.028893239734305076,0.5135039551050441,0,1,0,0
P08,V8_video1_normal,normal,44,1.4665710975962931,1,0.2552593300116257,0.24342808452920925,0.2670905754940422,0.16587792180734862,0.06666666666666667,1.0,0.054543308034117444,0.294532332928399,0.1745378204812582,0.020405779659995904,0,1,0.0872689102406291,0.510202889829998,0,1,0,0
P08,V8_video1_normal,normal,45,1.4999022589052997,1,0.28056388289018086,0.2709644462774656,0.2901633195028962,0.1677479006705792,0.06521739130434782,1.0,0.06937002208616394,0.6016805362886153,0.3355252791873896,0.008510796022274688,0,1,0.1677626395936948,0.5042553980111374,0,1,0,0
P08,V8_video1_normal,normal,46,1.5332334202143063,1,0.29366940846177736,0.28424479223486393,0.3030940246886908,0.16967529229261705,0.06382978723404255,1.0,0.16715768682679144,0.43220158153814736,0.2996796341824694,0.021916748842440582,0,1,0.1498398170912347,0.5109583744212203,0,1,0,0
P08,V8_video1_normal,normal,47,1.5665645815233131,1,0.29503003674558725,0.2844413873946768,0.3056186860964978,0.17015369535219563,0.0625,1.0,0.04733575865511064,0.10304364212561778,0.07518970039036421,0.0019181909734120393,0,1,0.037594850195182106,0.500959095486706,0,1,0,0
P08,V8_video1_normal,normal,48,1.5998957428323197,1,0.27784562295288906,0.26568925226240986,0.29000199364336826,0.1671278476049065,0.061224489795918366,1.0,0.019046578175687,0.05752431901320454,0.03828544859444577,0.005908822111896032,0,1,0.019142724297222885,0.5029544110559481,0,1,0,0
P08,V8_video1_normal,normal,49,1.6332269041413263,1,0.2600294469356503,0.2460179565321396,0.27404093733916096,0.1668212833999588,0.06,1.0,0.16076176318641722,0.15442593459834064,0.15759384889237893,0.010606506341676813,0,1,0.07879692444618946,0.5053032531708384,0,1,0,0
P08,V8_video1_normal,normal,50,1.6665580654503331,1,0.2661316028912457,0.25320886233658324,0.2790543434459081,0.1662844712888299,0.058823529411764705,1.0,0.16335217986449135,0.06712225802838556,0.11523721894643846,0.02086510392844678,0,1,0.05761860947321923,0.5104325519642234,0,1,0,0
P08,V8_video1_normal,normal,51,1.6998892267593397,1,0.25371838858851853,0.23941972270205605,0.268017054474981,0.1664327876144907,0.057692307692307696,1.0,0.09452232030802932,0.011375766480766103,0.05294904339439771,0.011110554394856824,0,1,0.026474521697198855,0.5055552771974284,0,1,0,0
P08,V8_video1_normal,normal,52,1.7332203880683463,1,0.13261603140795492,0.10891460481365435,0.1563174580022555,0.1681140496688028,0.07547169811320754,1.0,0.18080219964460065,0.44387598563754993,0.3123390926410753,0.002164838933592842,1,1,0.6561695463205377,0.5010824194667964,1,1,1,0
P08,V8_video1_normal,normal,53,1.766551549377353,1,0.10249309180745168,0.09150144501525523,0.11348473859964814,0.16872773526694998,0.09259259259259259,1.0,0.13184324740317566,0.23609404181179783,0.18396864460748674,0.004009634331039748,1,1,0.5919843223037433,0.5020048171655199,1,1,1,0
P08,V8_video1_normal,normal,54,1.7998827106863597,1,0.09646753209378937,0.0832438303520687,0.10969123383551005,0.1681863635131279,0.10909090909090909,1.0,0.2217114440057234,0.06897843519247682,0.1453449395991001,0.0039553321200215584,1,1,0.57267246979955,0.5019776660600108,1,1,0,0
P08,V8_video1_normal,normal,55,1.8332138719953663,1,0.13914992548831762,0.1336537251413388,0.1446461258352964,0.16880469751561572,0.125,1.0,0.5578744856833835,0.21905488844663124,0.38846468706500736,0.01468895433091642,1,1,0.6942323435325037,0.5073444771654582,1,1,1,0
P08,V8_video1_normal,normal,56,1.866545033304373,1,0.14672518930194392,0.13204182300349984,0.161408555600388,0.16784879015066284,0.12280701754385964,1.0,0.06662574450639336,0.24434973210115662,0.155487738303775,0.023080961963134753,0,1,0.0777438691518875,0.5115404809815673,0,1,0,0
P08,V8_video1_normal,normal,57,1.8998761946133798,1,0.18361685709652875,0.1702583701185765,0.196975344074481,0.16908716306254054,0.1206896551724138,1.0,0.10697218748210635,0.1316224955398938,0.11929734151100008,0.023275983038514376,0,1,0.05964867075550004,0.5116379915192572,0,1,0,0
P08,V8_video1_normal,normal,58,1.9332073559223864,1,0.18894794561719574,0.1839650057116428,0.19393088552274867,0.16930680373602439,0.11864406779661017,1.0,0.38705252887719854,0.050538990495850755,0.21879575968652465,0.017497421017905666,0,1,0.10939787984326232,0.5087487105089529,0,1,0,0
P08,V8_video1_normal,normal,59,1.966538517231393,1,0.1974839243288346,0.19158631091785755,0.20338153773981169,0.16998857624236943,0.11666666666666667,1.0,0.2284223181293613,0.07476301690621268,0.151592667517787,0.061502296221217494,0,1,0.0757963337588935,0.5307511481106088,0,1,0,0
P08,V8_video1_normal,normal,60,1.9998696785403995,1,0.21400949030027785,0.20538285810118476,0.22263612249937095,0.1695143985431665,0.11475409836065574,1.0,0.10030048244881407,0.07443600819917551,0.08736824532399479,0.3370807203201457,0,1,0.04368412266199739,0.6685403601600728,0,1,0,1
P08,V8_video1_normal,normal,61,2.0332008398494064,1,0.2124730936036726,0.20522467512965298,0.21972151207769228,0.17007184247012452,0.11290322580645161,1.0,0.3119226326078449,0.2275515912528212,0.26973711193033306,0.10604878178506698,0,1,0.13486855596516653,0.5530243908925335,0,1,0,0
P08,V8_video1_normal,normal,62,2.066532001158413,1,0.20618967312360406,0.19645935088347719,0.21591999536373094,0.1680916397249377,0.1111111111111111,1.0,0.22228196864077931,0.06626263222555173,0.14427230043316552,0.05585475381924599,0,1,0.07213615021658276,0.527927376909623,0,1,0,0
P08,V8_video1_normal,normal,63,2.0998631624674196,1,0.20062112242233637,0.19005012670883537,0.21119211813583735,0.16761772029015756,0.109375,1.0,0.32438325325652806,0.08987548385651567,0.20712936855652186,0.050744960558120666,0,1,0.10356468427826093,0.5253724802790604,0,1,0,0
P08,V8_video1_normal,normal,64,2.133194323776426,1,0.20155383531487328,0.1938232861121701,0.20928438451757647,0.1663556736841667,0.1076923076923077,1.0,0.05383277428291333,0.11113400079307856,0.08248338753799594,0.026065175661919262,0,1,0.04124169376899797,0.5130325878309596,0,1,0,0
P08,V8_video1_normal,normal,65,2.1665254850854327,1,0.23132737267764703,0.22663690694379218,0.2360178384115019,0.16851597518096362,0.10606060606060606,1.0,0.06463894213220278,0.140229873447962,0.1024344077900824,0.029346182020211668,0,1,0.0512172038950412,0.5146730910101058,0,1,0,0
P08,V8_video1_normal,normal,66,2.19985664639444,1,0.2332215429048575,0.22819741441733563,0.23824567139237937,0.1660684771067716,0.1044776119402985,1.0,0.0771238065849309,0.09796934957157855,0.08754657807825472,0.039986131084385375,0,1,0.04377328903912736,0.5199930655421927,0,1,0,0
P08,V8_video1_normal,normal,67,2.2331878077034464,1,0.23029486179246053,0.22500520312024835,0.2355845204646727,0.1665161738374332,0.10294117647058823,1.0,0.0873101187773121,0.11741208931021774,0.10236110404376492,0.02884615069002294,0,1,0.05118055202188246,0.5144230753450114,0,1,0,0
P08,V8_video1_normal,normal,68,2.266518969012453,1,0.21808513879194102,0.20636243162119003,0.22980784596269205,0.1669207201366152,0.10144927536231885,1.0,0.0505255839511205,0.1160032771698245,0.0832644305604725,0.010344991074714295,0,1,0.04163221528023625,0.5051724955373571,0,1,0,0
P08,V8_video1_normal,normal,69,2.2998501303214596,1,0.21789646562142634,0.20513412392987707,0.23065880731297564,0.16560007707545768,0.1,1.0,0.16766530448548822,0.35509841336342374,0.261381858924456,0.047772658161235944,0,1,0.130690929462228,0.5238863290806179,0,1,0,0
P08,V8_video1_normal,normal,70,2.333181291630466,1,0.21144779602123936,0.19709143422317127,0.2258041578193075,0.16435739329055024,0.09859154929577464,1.0,0.13488101695603905,0.40996009416435564,0.27242055556019734,0.03408126974917022,0,1,0.13621027778009867,0.5170406348745851,0,1,0,0
P08,V8_video1_normal,normal,71,2.3665124529394728,1,0.19660228223603518,0.1831521541666654,0.21005241030540497,0.16359931993697283,0.09722222222222222,1.0,0.0750349658490701,0.25766959353678254,0.16635227969292632,0.06736728410406036,0,1,0.08317613984646316,0.5336836420520302,0,1,0,0
P08,V8_video1_normal,normal,72,2.3998436142484794,1,0.19728740934444583,0.1871615807834478,0.20741323790544386,0.16366416882320023,0.0958904109589041,1.0,0.2903830368086384,0.33881765375951123,0.3146003452840748,0.08296856732937002,0,1,0.1573001726420374,0.541484283664685,0,1,0,0
P08,V8_video1_normal,normal,73,2.4331747755574864,1,0.20604263234103232,0.1895537272158692,0.22253153746619542,0.16416649887005647,0.0945945945945946,1.0,0.28649455867968654,0.10753470619456496,0.19701463243712575,0.08359258545637543,0,1,0.09850731621856287,0.5417962927281877,0,1,0,0
P08,V8_video1_normal,normal,74,2.466505936866493,1,0.20699678963354368,0.18995006546883478,0.22404351379825255,0.16472428516869164,0.09333333333333334,1.0,0.27725218249490735,0.4591314039089104,0.36819179320190887,0.024630414063685494,0,1,0.18409589660095443,0.5123152070318427,0,1,0,0
P08,V8_video1_normal,normal,75,2.4998370981754996,1,0.1986959570415482,0.18804438021774467,0.20934753386535174,0.16404824131693227,0.09210526315789473,1.0,0.5300806721458325,0.5965492716524698,0.5633149718991513,0.046531543703463164,0,1,0.2816574859495756,0.5232657718517316,0,1,0,0
P08,V8_video1_normal,normal,76,2.533168259484506,1,0.20531416814110376,0.19563765097690458,0.21499068530530296,0.16490840413870075,0.09090909090909091,1.0,0.14671864612328878,0.48254755880905853,0.31463310246617365,0.042273807881281995,0,1,0.15731655123308683,0.521136903940641,0,1,0,0
P08,V8_video1_normal,normal,77,2.566499420793513,1,0.1902422793327612,0.1750516910606644,0.205432867604858,0.16599376619305384,0.08974358974358974,1.0,0.10498006975662066,0.4804151994695258,0.29269763461307324,0.049981659007904224,0,1,0.14634881730653662,0.5249908295039521,0,1,0,0
P08,V8_video1_normal,normal,78,2.5998305821025194,1,0.20161964592388343,0.19343824306533078,0.20980104878243605,0.16578273890013354,0.08860759493670886,1.0,0.10532142178735193,0.28400750375251793,0.19466446276993493,0.024366523075329185,0,1,0.09733223138496747,0.5121832615376646,0,1,0,0
P08,V8_video1_normal,normal,79,2.633161743411526,1,0.20765613905289249,0.19850524233419062,0.21680703577159438,0.1648262686732174,0.0875,1.0,0.18188637188663404,0.3494932202641188,0.2656897960753764,0.011963803484471403,0,1,0.1328448980376882,0.5059819017422357,0,1,0,0
P08,V8_video1_normal,normal,80,2.666492904720533,1,0.219615741359085,0.21132731357015808,0.2279041691480119,0.16567660110402624,0.08641975308641975,1.0,0.10409513388342717,0.29781385023388507,0.20095449205865612,0.038276011280879825,0,1,0.10047724602932806,0.5191380056404399,0,1,0,0
P08,V8_video1_normal,normal,81,2.6998240660295396,1,0.2355048030417926,0.23140910355278554,0.2396005025307997,0.16523818444531632,0.08536585365853659,1.0,0.0921164110817283,0.46588471108897767,0.279000561085353,0.030148359766955554,0,1,0.1395002805426765,0.5150741798834778,0,1,0,0
P08,V8_video1_normal,normal,82,2.733155227338546,1,0.24030571017083685,0.23126484051812113,0.24934657982355257,0.16796013751167654,0.08433734939759036,1.0,0.058129232141439835,0.1413309576182762,0.09973009487985801,0.03563120921695232,0,1,0.049865047439929006,0.5178156046084762,0,1,0,0
P08,V8_video1_normal,normal,83,2.766486388647553,1,0.24011773964415323,0.22806416797244275,0.2521713113158637,0.165979376338857,0.08333333333333333,1.0,0.030314802102497707,0.3834191802603799,0.2068669911814388,0.02782877060005264,0,1,0.1034334955907194,0.5139143853000263,0,1,0,0
P08,V8_video1_normal,normal,84,2.7998175499565594,1,0.2449711043502251,0.24044008657947122,0.24950212212097897,0.16481060674140693,0.08235294117647059,1.0,0.11882802164798878,0.03034990637021251,0.07458896400910064,0.038464878116252876,0,1,0.03729448200455032,0.5192324390581264,0,1,0,0
P08,V8_video1_normal,normal,85,2.833148711265566,1,0.21909374073918764,0.20787732705166576,0.23031015442670955,0.16570655448300256,0.08139534883720931,1.0,0.3793648905806718,0.2645897893560556,0.3219773399683637,0.031635496176734,0,1,0.16098866998418185,0.515817748088367,0,1,0,0
P08,V8_video1_normal,normal,86,2.866479872574573,1,0.23655728718221053,0.2248204994851829,0.24829407487923813,0.16745960153499,0.08045977011494253,1.0,0.44180338067255853,0.25429157908027145,0.348047479876415,0.05754570222903645,0,1,0.1740237399382075,0.5287728511145182,0,1,0,0
P08,V8_video1_normal,normal,87,2.8998110338835796,1,0.24669979396416264,0.2347565282455132,0.2586430596828121,0.1676595518599641,0.07954545454545454,1.0,0.06056934384638424,0.38285082863789255,0.2217100862421384,0.018343997998439707,0,1,0.1108550431210692,0.5091719989992198,0,1,0,0
P08,V8_video1_normal,normal,88,2.9331421951925862,1,0.2525737882813595,0.2406142393335365,0.2645333372291825,0.16783775295893505,0.07865168539325842,1.0,0.29091645824032875,0.15576432589472544,0.2233403920675271,0.018372407005408018,0,1,0.11167019603376355,0.509186203502704,0,1,0,0
P08,V8_video1_normal,normal,89,2.966473356501593,1,0.2753189474654939,0.26813466411883646,0.2825032308121513,0.16697510498839474,0.07777777777777778,1.0,0.19563339974926774,0.1002747749956433,0.14795408737245552,0.015491963436556972,0,1,0.07397704368622776,0.5077459817182784,0,1,0,0
P08,V8_video1_normal,normal,90,2.9998045178105994,1,0.2672677903318394,0.25707373935845257,0.2774618413052262,0.16606807300102974,0.07692307692307693,1.0,0.11608770177657679,0.012681715672419491,0.06438470872449814,0.06188357024009714,0,1,0.03219235436224907,0.5309417851200485,0,1,0,0
P08,V8_video1_normal,normal,91,3.033135679119606,1,0.26684985840860787,0.2567750610102032,0.2769246558070126,0.16620369961881631,0.07608695652173914,1.0,0.15190586532017314,0.008695734580522752,0.08030079995034795,0.018643124240161915,0,1,0.04015039997517397,0.509321562120081,0,1,0,0
P08,V8_video1_normal,normal,92,3.0664668404286126,1,0.2533941298321488,0.241175366583026,0.2656128930812717,0.166655653505006,0.07526881720430108,1.0,0.2676385620135834,0.05565913916131526,0.16164885058744932,0.00455725788661995,0,1,0.08082442529372466,0.50227862894331,0,1,0,0
P08,V8_video1_normal,normal,93,3.0997980017376197,1,0.25797353012733903,0.24436668461672928,0.2715803756379488,0.16707203744817248,0.07446808510638298,1.0,0.039515905981968635,0.03309028046696605,0.03630309322446734,0.010716148877709279,0,1,0.01815154661223367,0.5053580744388546,0,1,0,0
P08,V8_video1_normal,normal,94,3.1331291630466263,1,0.2693475127259118,0.25144178043032994,0.28725324502149363,0.16717349443406568,0.07368421052631578,1.0,0.03742289031286128,0.016135271167568632,0.026779080740214956,0.01646521749766248,0,1,0.013389540370107478,0.5082326087488312,0,1,0,0
P08,V8_video1_normal,normal,95,3.166460324355633,1,0.26635181725106244,0.24645124684817285,0.286252387653952,0.16614987364407913,0.07291666666666667,1.0,0.17365732948158608,0.00843319328616643,0.09104526138387625,0.008904113584549157,0,1,0.045522630691938126,0.5044520567922746,0,1,0,0
P08,V8_video1_normal,normal,96,3.1997914856646394,1,0.2683857656756895,0.2534591922386398,0.2833123391127392,0.16516246380839958,0.07216494845360824,1.0,0.03268574259646251,0.005328969151337626,0.019007355873900067,0.021022464117072384,0,1,0.009503677936950033,0.5105112320585362,0,1,0,0
P08,V8_video1_normal,normal,97,3.233122646973646,1,0.25339940139488715,0.24074220962677625,0.266056593162998,0.17284593338602627,0.07142857142857142,1.0,0.13707445439268462,0.09012669463371636,0.11360057451320049,0.05716247086473446,0,1,0.056800287256600246,0.5285812354323672,0,1,0,0
P08,V8_video1_normal,normal,98,3.2664538082826526,1,0.26676719429088047,0.2534534988750928,0.28008088970666817,0.19532460190421244,0.0707070707070707,1.0,0.1883935243043443,0.07533784657033948,0.1318656854373419,0.02210665462988552,0,1,0.06593284271867095,0.5110533273149428,0,1,0,0
P08,V8_video1_normal,normal,99,3.2997849695916592,1,0.27086557018102037,0.2565387003382864,0.2851924400237543,0.19680830288549983,0.07,1.0,0.21538388066522396,0.00675525505078356,0.11106956785800376,0.05615788049797671,0,1,0.05553478392900188,0.5280789402489884,0,1,0,0
P08,V8_video1_normal,normal,100,3.3331161309006663,1,0.2665469401096539,0.25405667128975534,0.27903720892955247,0.19225264981296575,0.06930693069306931,1.0,0.023638578913844133,0.01324582465517754,0.018442201784510837,0.029630490961711466,0,1,0.009221100892255418,0.5148152454808558,0,1,0,0
P08,V8_video1_normal,normal,101,3.366447292209673,1,0.2663018484343995,0.254251264996,0.2783524318727991,0.1773548178711738,0.06862745098039216,1.0,0.1510165221380373,0.013244391270632705,0.082130456704335,0.01908224741780221,0,1,0.0410652283521675,0.5095411237089011,0,1,0,0
P08,V8_video1_normal,normal,102,3.3997784535186795,1,0.2582492729276089,0.23757841578342428,0.2789201300717935,0.18425576507643476,0.06796116504854369,1.0,0.26732022713200954,0.028868226529692342,0.14809422683085094,0.015804611855673976,0,1,0.07404711341542547,0.507902305927837,0,1,0,0
P08,V8_video1_normal,normal,103,3.433109614827686,1,0.26041047915401405,0.24103196714508657,0.2797889911629415,0.1923256643407213,0.0673076923076923,1.0,0.12267015073362442,0.18862769230153498,0.1556489215175797,0.03852650147842685,0,1,0.07782446075878985,0.5192632507392134,0,1,0,0
P08,V8_video1_normal,normal,104,3.4664407761366927,1,0.26367820911341777,0.245835666771133,0.28152075145570254,0.19916837905672746,0.06666666666666667,1.0,0.07339307615835289,0.04623030027436381,0.05981168821635835,0.04080860315120448,0,1,0.029905844108179175,0.5204043015756022,0,1,0,0
P08,V8_video1_normal,normal,105,3.4997719374456993,1,0.2691158824365404,0.2447800719312111,0.2934516929418697,0.16804997284112627,0.0660377358490566,1.0,0.14582274458471312,0.18089936559216513,0.16336105508843912,0.015163819726929758,0,1,0.08168052754421956,0.5075819098634649,0,1,0,0
P08,V8_video1_normal,normal,106,3.533103098754706,1,0.26898325915850335,0.239839427613784,0.29812709070322274,0.16705281807110495,0.06542056074766354,1.0,0.23123739703392931,0.07885431586065361,0.15504585644729146,0.025713426605417665,0,1,0.07752292822364573,0.5128567133027089,0,1,0,0
P08,V8_video1_normal,normal,107,3.566434260063713,1,0.28783923820255264,0.2597673218575972,0.315911154547508,0.1654267888895116,0.06481481481481481,1.0,0.10948165657519093,0.028166768005353893,0.06882421229027241,0.02660504624974854,0,1,0.034412106145136206,0.5133025231248742,0,1,0,0
P08,V8_video1_normal,normal,108,3.5997654213727195,1,0.2939809764588944,0.266531292369464,0.3214306605483249,0.16657446009220506,0.06422018348623854,1.0,0.021999266575619125,0.02522768722758273,0.023613476901600927,0.030862444179572845,0,1,0.011806738450800464,0.5154312220897864,0,1,0,0
P08,V8_video1_normal,normal,109,3.633096582681726,1,0.2948222115470454,0.27352918657831954,0.3161152365157713,0.16821015151038898,0.06363636363636363,1.0,0.09397083270952733,0.10026402047647442,0.09711742659300088,0.009404887746972922,0,1,0.04855871329650044,0.5047024438734865,0,1,0,0
P08,V8_video1_normal,normal,110,3.6664277439907327,1,0.30733069841082605,0.28553113394183005,0.3291302628798221,0.17599080086282504,0.06306306306306306,1.0,0.052709473274828444,0.00462196778323698,0.028665720529032712,0.07248439595822956,0,1,0.014332860264516356,0.5362421979791148,0,1,0,0
P08,V8_video1_normal,normal,111,3.6997589052997393,1,0.31357223937684225,0.29443143270715383,0.3327130460465307,0.20112233682787115,0.0625,1.0,0.018274994612776374,0.08696936887833129,0.05262218174555383,0.15416810133495262,0,1,0.026311090872776915,0.5770840506674764,0,1,0,0
P08,V8_video1_normal,normal,112,3.733090066608746,1,0.309424202979234,0.2938244180702449,0.3250239878882232,0.21725560768888685,0.061946902654867256,1.0,0.043419963618962276,0.008453800899776875,0.025936882259369576,0.013939898900326,0,1,0.012968441129684788,0.506969949450163,0,1,0,0
P08,V8_video1_normal,normal,113,3.7664212279177525,1,0.31180405946147133,0.29672792291334693,0.3268801960095957,0.218977295913803,0.06140350877192982,1.0,0.07966126730402168,0.012884490526784642,0.04627287891540316,0.13280232109759643,0,1,0.02313643945770158,0.5664011605487982,0,1,0,0
P08,V8_video1_normal,normal,114,3.7997523892267595,1,0.30206619223446574,0.2837897488677228,0.3203426356012086,0.21390735336408442,0.06086956521739131,1.0,0.00902986216868995,0.0536360686811177,0.031332965424903825,0.04377641174460118,0,1,0.015666482712451912,0.5218882058723006,0,1,0,0
P08,V8_video1_normal,normal,115,3.833083550535766,1,0.30637095902220335,0.2870675295392523,0.3256743885051544,0.19405091584358142,0.0603448275862069,1.0,0.032533768723359335,0.011471565093801539,0.022002666908580437,0.028886593225554758,0,1,0.011001333454290219,0.5144432966127774,0,1,0,0
P08,V8_video1_normal,normal,116,3.8664147118447727,1,0.3055961655879324,0.28625462881258523,0.32493770236327957,0.18089324650247343,0.05982905982905983,1.0,0.21118293297401658,0.0086619056748517,0.10992241932443414,0.03320724568284247,0,1,0.05496120966221707,0.5166036228414213,0,1,0,0
P08,V8_video1_normal,normal,117,3.8997458731537793,1,0.3195958410151965,0.2982080071583872,0.3409836748720058,0.18358502338393853,0.059322033898305086,1.0,0.04834091820398145,0.01234472506022466,0.030342821632103056,0.015586961357763194,0,1,0.015171410816051528,0.5077934806788816,0,1,0,0
P08,V8_video1_normal,normal,118,3.933077034462786,1,0.3199084950504778,0.2969222266898583,0.34289476341109737,0.18032734141317366,0.058823529411764705,1.0,0.11846868201536953,0.0008726360622831608,0.059670659038826346,0.004075143107239335,0,1,0.029835329519413173,0.5020375715536197,0,1,0,0
P08,V8_video1_normal,normal,119,3.9664081957717925,1,0.32029152018326157,0.2992054733174792,0.341377567049044,0.17605692012553323,0.058333333333333334,1.0,0.024935320383322024,0.0021607915625723173,0.01354805597294717,0.01038661333388947,0,1,0.006774027986473585,0.5051933066669447,0,1,0,0
P08,V8_video1_normal,normal,120,3.999739357080799,1,0.30956231400904705,0.2924659243534165,0.3266587036646776,0.17434357673807646,0.05785123966942149,1.0,0.23232222201851116,0.004867881610648439,0.1185950518145798,0.140847359035497,0,1,0.0592975259072899,0.5704236795177485,0,1,0,0
P08,V8_video1_normal,normal,121,4.033070518389806,1,0.32452186859228416,0.3066762169192234,0.34236752026534484,0.16333753179486304,0.05737704918032787,1.0,0.06631679044894545,0.00022257354685573105,0.03326968199790059,0.07372153353885023,0,1,0.016634840998950295,0.5368607667694251,0,1,0,0
P08,V8_video1_normal,normal,122,4.066401679698813,1,0.309892302012021,0.28752803394617404,0.332256570077868,0.1664118942837182,0.056910569105691054,1.0,0.009862541709749095,0.009923273828813195,0.009892907769281145,0.02244832437595927,0,1,0.0049464538846405726,0.5112241621879796,0,1,0,0
P08,V8_video1_normal,normal,123,4.099732841007819,1,0.293330448035359,0.27207161760219767,0.31458927846852036,0.16514142519244626,0.056451612903225805,1.0,0.04640657922886371,0.014525555752803121,0.030466067490833415,0.029709406160258883,0,1,0.015233033745416708,0.5148547030801295,0,1,0,0
P08,V8_video1_normal,normal,124,4.133064002316826,1,0.30041409851810175,0.28089641897647044,0.3199317780597331,0.16534278703156108,0.056,1.0,0.06162454259497585,0.0057967636628344366,0.033710653128905144,0.04648486515938374,0,1,0.016855326564452572,0.5232424325796918,0,1,0,0
P08,V8_video1_normal,normal,125,4.1663951636258325,1,0.29867801622205975,0.2759546529416441,0.3214013795024754,0.16451495439271588,0.05555555555555555,1.0,0.11162782553762252,0.013020845531829583,0.06232433553472605,0.01957627938543228,0,1,0.031162167767363025,0.5097881396927162,0,1,0,0
P08,V8_video1_normal,normal,126,4.199726324934839,1,0.2971171311840318,0.274422023257287,0.31981223911077666,0.16560604266928122,0.05511811023622047,1.0,0.15931595889015004,0.018202802861191247,0.08875938087567065,0.032244028678460684,0,1,0.04437969043783532,0.5161220143392303,0,1,0,0
P08,V8_video1_normal,normal,127,4.233057486243846,1,0.3018073624691254,0.28166037497138974,0.321954349966861,0.16552916007754473,0.0546875,1.0,0.11243125696998635,0.03786054014696394,0.07514589855847514,0.06045745180763634,0,1,0.03757294927923757,0.5302287259038182,0,1,0,0
P08,V8_video1_normal,normal,128,4.266388647552852,1,0.2792537545184014,0.26070956311512594,0.2977979459216769,0.16552897349924914,0.05426356589147287,1.0,0.07169097101593236,0.05604474605487897,0.06386785853540566,0.007364797196698377,0,1,0.03193392926770283,0.5036823985983492,0,1,0,0
P08,V8_video1_normal,normal,129,4.299719808861859,1,0.305278092450293,0.28239976466750966,0.32815642023307634,0.16539086407603013,0.05384615384615385,1.0,0.030083163561335557,0.03511467062392415,0.03259891709262985,0.017929414405222572,0,1,0.016299458546314927,0.5089647072026113,0,1,0,0
P08,V8_video1_normal,normal,130,4.3330509701708655,1,0.2932116060109461,0.2731715182881851,0.31325169373370704,0.16552612431553385,0.05343511450381679,1.0,0.20839951355292696,0.03418985003013908,0.12129468179153302,0.009343144236906992,0,1,0.06064734089576651,0.5046715721184535,0,1,0,0
P08,V8_video1_normal,normal,131,4.366382131479873,1,0.29882776155295643,0.2761589904157798,0.3214965326901331,0.1655119375374626,0.05303030303030303,1.0,0.017459801791764207,0.03807010612284434,0.027764953957304273,0.017725527832450568,0,1,0.013882476978652136,0.5088627639162253,0,1,0,0
P08,V8_video1_normal,normal,132,4.39971329278888,1,0.30301015803015674,0.28620298331735844,0.31981733274295504,0.1656817323438654,0.05263157894736842,1.0,0.03167279643295773,0.040890097518692325,0.03628144697582503,0.004827045582104623,0,1,0.018140723487912513,0.5024135227910523,0,1,0,0
P08,V8_video1_normal,normal,133,4.433044454097886,1,0.2978147178726278,0.2853355109790192,0.3102939247662364,0.16587342418356152,0.05223880597014925,1.0,0.044011727685208224,0.013034560943744666,0.028523144314476445,0.006974507200713226,0,1,0.014261572157238223,0.5034872536003566,0,1,0,0
P08,V8_video1_normal,normal,134,4.466375615406893,1,0.3040679750035329,0.2909437588087361,0.31719219119832975,0.165569627034128,0.05185185185185185,1.0,0.10402113762757992,0.008855236360613694,0.056438186994096806,0.0019867783650108165,0,1,0.028219093497048403,0.5009933891825054,0,1,0,0
P08,V8_video1_normal,normal,135,4.499706776715899,1,0.30958807566032787,0.29900016977990024,0.32017598154075544,0.16624321482038204,0.051470588235294115,1.0,0.042445031421601054,0.006170436355423692,0.024307733888512373,0.0029855074346782575,0,1,0.012153866944256186,0.5014927537173391,0,1,0,0
P08,V8_video1_normal,normal,136,4.533037938024906,1,0.30120622850283413,0.2892037608446055,0.3132086961610628,0.16453576271857062,0.051094890510948905,1.0,0.06503128264989555,0.0242674584437077,0.044649370546801626,0.010724533476417164,0,1,0.022324685273400813,0.5053622667382086,0,1,0,0
P08,V8_video1_normal,normal,137,4.5663690993339126,1,0.30690543748341226,0.2936674643985286,0.320143410568296,0.16627582227068305,0.050724637681159424,1.0,0.11437608504522423,0.024819940896917192,0.06959801297107071,0.007469384163186224,0,1,0.034799006485535355,0.5037346920815932,0,1,0,0
P08,V8_video1_normal,normal,138,4.599700260642919,1,0.3007434250668118,0.28369930986195735,0.3177875402716662,0.16617411909157948,0.050359712230215826,1.0,0.10096874850119553,0.021031867561744466,0.061000308031469996,0.012441753364375885,0,1,0.030500154015734998,0.506220876682188,0,1,0,0
P08,V8_video1_normal,normal,139,4.633031421951926,1,0.28941499886167676,0.27533888378910654,0.30349111393424705,0.16542841610701933,0.05,1.0,0.14374057272436058,0.02938364589983311,0.08656210931209685,0.010163318968958274,0,1,0.04328105465604842,0.5050816594844791,0,1,0,0
P08,V8_video1_normal,normal,140,4.666362583260932,1,0.2976710583948341,0.2832484681005709,0.31209364868909734,0.16691801964332445,0.04964539007092199,1.0,0.14242022439190505,0.11096449425298593,0.1266923593224455,0.01733910675270304,0,1,0.06334617966122275,0.5086695533763516,0,1,0,0
P08,V8_video1_normal,normal,141,4.699693744569939,1,0.3050295630945875,0.2948160745793862,0.31524305160978877,0.16580694734575305,0.04929577464788732,1.0,0.07032917710745168,0.12880566235596658,0.09956741973170913,0.011557659112728878,0,1,0.049783709865854564,0.5057788295563644,0,1,0,0
P08,V8_video1_normal,normal,142,4.7330249058789455,1,0.30918911641211244,0.29501020009047413,0.3233680327337508,0.1652726809319957,0.04895104895104895,1.0,0.024440956558229643,0.2859917047706859,0.15521633066445778,0.011234079121002032,0,1,0.07760816533222889,0.505617039560501,0,1,0,0
P08,V8_video1_normal,normal,143,4.766356067187952,1,0.3094269962201287,0.2977541771985128,0.32109981524174463,0.16586381112404677,0.04861111111111111,1.0,0.018355340100115414,0.055261265744837584,0.0368083029224765,0.016113658631041482,0,1,0.01840415146123825,0.5080568293155208,0,1,0,0
P08,V8_video1_normal,normal,144,4.799687228496959,1,0.3084207907859569,0.2979745070152285,0.31886707455668534,0.16571207599789198,0.04827586206896552,1.0,0.017810002229440847,0.04574712155288718,0.031778561891164014,0.006176386901924912,0,1,0.015889280945582007,0.5030881934509625,0,1,0,0
P08,V8_video1_normal,normal,145,4.833018389805966,1,0.31300898963855317,0.3006214380394803,0.325396541237626,0.16669827656451905,0.04794520547945205,1.0,0.1533229133634889,0.004469720803110699,0.0788963170832998,0.025434139042462115,0,1,0.0394481585416499,0.5127170695212311,0,1,0,0
P08,V8_video1_normal,normal,146,4.866349551114973,1,0.3181952140168468,0.30731927828169514,0.32907114975199847,0.1670878204433417,0.047619047619047616,1.0,0.01749445379459824,0.0018630755123115739,0.009678764653454908,0.3076406770790905,0,1,0.004839382326727454,0.6538203385395452,0,1,0,1
P08,V8_video1_normal,normal,147,4.899680712423979,1,0.3095555802005632,0.2977328155089921,0.3213783448921343,0.16726716763625998,0.0472972972972973,1.0,0.025109349725949026,0.0015174363056913442,0.013313393015820185,0.09077078205397408,0,1,0.006656696507910093,0.545385391026987,0,1,0,0
P08,V8_video1_normal,normal,148,4.933011873732986,1,0.2991640934981813,0.2882857688506186,0.31004241814574407,0.16747886864672668,0.04697986577181208,1.0,0.14179492137370775,0.08204034784934533,0.11191763461152654,0.020865493598591252,0,1,0.05595881730576327,0.5104327467992956,0,1,0,0
P08,V8_video1_normal,normal,149,4.966343035041993,1,0.29287472751280325,0.2811317796247828,0.3046176754008237,0.1663291238732012,0.04666666666666667,1.0,0.179750733554076,0.05948974058125156,0.11962023706766378,0.00599271284422231,0,1,0.05981011853383189,0.5029963564221112,0,1,0,0
P08,V8_video1_normal,normal,150,4.999674196350999,1,0.29151564516580175,0.2822551545241202,0.30077613580748325,0.16755978333299754,0.046357615894039736,1.0,0.14534598253357356,0.020533440820084237,0.0829397116768289,0.012093393792625131,0,1,0.04146985583841445,0.5060466968963125,0,1,0,0
P08,V8_video1_normal,normal,151,5.033005357660006,1,0.2875394061084149,0.27615006077046766,0.2989287514463621,0.1664735996256138,0.046052631578947366,1.0,0.11596907740670581,0.07253573750109654,0.09425240745390118,0.003315129804436076,0,1,0.04712620372695059,0.501657564902218,0,1,0,0
P08,V8_video1_normal,normal,152,5.066336518969012,1,0.2873644553389362,0.27470911971241196,0.30001979096546033,0.16690472320451158,0.0457516339869281,1.0,0.20373303743080884,0.021624602089832412,0.11267881976032063,0.0023873944459693185,0,1,0.05633940988016031,0.5011936972229847,0,1,0,0
P08,V8_video1_normal,normal,153,5.099667680278019,1,0.29071329795722367,0.28215965886743977,0.2992669370470075,0.16663241223515343,0.045454545454545456,1.0,0.12379111165398027,0.01675825135924336,0.07027468150661181,0.002105476799934849,0,1,0.03513734075330591,0.5010527383999674,0,1,0,0
P08,V8_video1_normal,normal,154,5.132998841587026,1,0.2829047764668964,0.2734119173714183,0.2923976355623744,0.16867259233804385,0.04516129032258064,1.0,0.1056534793423235,0.006261135370978832,0.055957307356651165,0.004032730649063432,0,1,0.027978653678325582,0.5020163653245318,0,1,0,0
P08,V8_video1_normal,normal,155,5.166330002896032,1,0.2955878540201091,0.2878139248491944,0.3033617831910238,0.16868577506185536,0.04487179487179487,1.0,0.13601974270720407,0.006057872368101513,0.07103880753765279,0.005307989042406384,0,1,0.035519403768826396,0.5026539945212032,0,1,0,0
P08,V8_video1_normal,normal,156,5.199661164205039,1,0.2896757043160773,0.2800545331266906,0.299296875505464,0.16818482969891083,0.044585987261146494,1.0,0.12217743805880998,0.05453169056755547,0.08835456431318273,0.002938897749750669,0,1,0.04417728215659136,0.5014694488748753,0,1,0,0
P08,V8_video1_normal,normal,157,5.232992325514045,1,0.29123739769509177,0.2826547712300797,0.29982002416010384,0.1687914761489788,0.04430379746835443,1.0,0.10170417976375679,0.06524221813207287,0.08347319894791483,0.009996237292787086,0,1,0.041736599473957414,0.5049981186463935,0,1,0,0
P08,V8_video1_normal,normal,158,5.266323486823052,1,0.28680242360596986,0.2778831542707805,0.29572169294115924,0.1671193537053008,0.0440251572327044,1.0,0.028581773634938967,0.15121141857108078,0.08989659610300987,0.030074406415736294,0,1,0.04494829805150494,0.5150372032078682,0,1,0,0
P08,V8_video1_normal,normal,159,5.299654648132059,1,0.22055100064927302,0.21373165238394273,0.22737034891460334,0.16694539861359284,0.04375,1.0,0.09679999203943668,0.17570236063983913,0.1362511763396379,0.0035108392858516774,0,1,0.06812558816981895,0.5017554196429258,0,1,0,0
P08,V8_video1_normal,normal,160,5.332985809441066,1,0.1354624620683889,0.13408623824997465,0.1368386858868032,0.16917150349336268,0.049689440993788817,1.0,0.44403205633370224,0.14499667927933746,0.29451436780651985,0.021309328108659195,1,1,0.6472571839032599,0.5106546640543296,1,1,1,0
P08,V8_video1_normal,normal,161,5.366316970750073,1,0.13053704067245286,0.12637122036096723,0.13470286098393847,0.16927114329100296,0.05555555555555555,1.0,0.3045477305857349,0.4311830280397655,0.3678653793127502,0.0348027403276291,1,1,0.6839326896563751,0.5174013701638146,1,1,1,0
P08,V8_video1_normal,normal,162,5.399648132059079,1,0.1836754965787663,0.16676218277188404,0.2005888103856486,0.1676389806538029,0.05521472392638037,1.0,0.2718142075156712,0.15196206800347112,0.21188813775957116,0.005515809228275371,0,1,0.10594406887978558,0.5027579046141377,0,1,0,0
P08,V8_video1_normal,normal,163,5.432979293368086,1,0.197566083578648,0.17898991291459262,0.21614225424270336,0.16695750867972284,0.054878048780487805,1.0,0.02911406577034925,0.240289323554726,0.13470169466253762,0.0013870033926247206,0,1,0.06735084733126881,0.5006935016963123,0,1,0,0
P08,V8_video1_normal,normal,164,5.466310454677092,1,0.20735407683775886,0.19554478793690527,0.21916336573861245,0.16572415349923608,0.05454545454545454,1.0,0.1183902976124791,0.09812499377421213,0.10825764569334562,0.012302889658508419,0,1,0.05412882284667281,0.5061514448292542,0,1,0,0
P08,V8_video1_normal,normal,165,5.499641615986099,1,0.2186198644635255,0.20823673377533042,0.22900299515172054,0.1641171936845109,0.05421686746987952,1.0,0.11873975124727298,0.19750317356096203,0.1581214624041175,0.01293340839465016,0,1,0.07906073120205875,0.5064667041973251,0,1,0,0
P08,V8_video1_normal,normal,166,5.532972777295106,1,0.22797065568863226,0.21532645595708516,0.24061485542017935,0.1658883112990564,0.05389221556886228,1.0,0.12309016626169211,0.06907037522045056,0.09608027074107134,0.015001982017541892,0,1,0.04804013537053567,0.507500991008771,0,1,0,0
P08,V8_video1_normal,normal,167,5.566303938604112,1,0.24706584976828389,0.23602183859322245,0.2581098609433453,0.16658203474367467,0.05357142857142857,1.0,0.050844992761297614,0.040477473475559744,0.04566123311842868,0.022939564504916313,0,1,0.02283061655921434,0.5114697822524582,0,1,0,0
P08,V8_video1_normal,normal,168,5.599635099913119,1,0.2568509852598443,0.24839371550400358,0.26530825501568495,0.16693723133807764,0.05325443786982249,1.0,0.010997196212000682,0.02565844941489348,0.01832782281344708,0.0027235485132733666,0,1,0.00916391140672354,0.5013617742566366,0,1,0,0
P08,V8_video1_normal,normal,169,5.632966261222125,1,0.250241157180153,0.2390221755908036,0.26146013876950236,0.1674884481975853,0.052941176470588235,1.0,0.03553011349294477,0.05685189599538387,0.04619100474416432,0.014801753557129121,0,1,0.02309550237208216,0.5074008767785646,0,1,0,0
P08,V8_video1_normal,normal,170,5.666297422531132,1,0.2641303357562137,0.2556248124659537,0.27263585904647375,0.16766943267299195,0.05263157894736842,1.0,0.05507933335976689,0.1597720832122591,0.107425708286013,0.0305521082213177,0,1,0.0537128541430065,0.5152760541106588,0,1,0,0
P08,V8_video1_normal,normal,171,5.699628583840139,1,0.2594764084620459,0.2523854857559216,0.2665673311681702,0.16703505304468524,0.05232558139534884,1.0,0.08062874522941821,0.12487868073504937,0.10275371298223379,0.06558788579432752,0,1,0.051376856491116896,0.5327939428971638,0,1,0,0
P08,V8_video1_normal,normal,172,5.732959745149146,1,0.2558041582697126,0.2472455223985914,0.2643627941408338,0.16755104771754076,0.05202312138728324,1.0,0.026017796736788723,0.14142074808082583,0.08371927240880728,0.05509726659047432,0,1,0.04185963620440364,0.5275486332952372,0,1,0,0
P08,V8_video1_normal,normal,173,5.766290906458153,1,0.262387545749169,0.25642269876122953,0.2683523927371085,0.16680534423052326,0.05172413793103448,1.0,0.011426884134851933,0.13034460958224026,0.0708857468585461,0.008540195296677286,0,1,0.03544287342927305,0.5042700976483386,0,1,0,0
P08,V8_video1_normal,normal,174,5.799622067767159,1,0.26037813616111616,0.2542701461575782,0.2664861261646541,0.16675794351420786,0.05142857142857143,1.0,0.03976934910077923,0.12282635917776619,0.08129785413927271,0.033337154519870994,0,1,0.040648927069636354,0.5166685772599355,0,1,0,0
P08,V8_video1_normal,normal,175,5.832953229076166,1,0.25306394658126186,0.24112857425718145,0.26499931890534223,0.16637004057717597,0.05113636363636364,1.0,0.07489598703132772,0.06512304691837445,0.07000951697485108,0.03485925484157658,0,1,0.03500475848742554,0.5174296274207882,0,1,0,0
P08,V8_video1_normal,normal,176,5.8662843903851725,1,0.2669877989164664,0.25656819547877346,0.27740740235415934,0.16681234333258602,0.05084745762711865,1.0,0.06941379370358225,0.0305153173480186,0.049964555525800425,0.007762934214989354,0,1,0.024982277762900212,0.5038814671074947,0,1,0,0
P08,V8_video1_normal,normal,177,5.899615551694179,1,0.26348601403319655,0.2552515518912855,0.2717204761751076,0.16918371810144647,0.05056179775280899,1.0,0.09513427944320096,0.03330584420963334,0.06422006182641715,0.00645374127554746,0,1,0.032110030913208576,0.5032268706377737,0,1,0,0
P08,V8_video1_normal,normal,178,5.932946713003186,1,0.2674595668892944,0.2583410704484287,0.2765780633301601,0.16814463893241166,0.05027932960893855,1.0,0.04846886945272533,0.057531493323314864,0.053000181388020096,0.00509188162494045,0,1,0.026500090694010048,0.5025459408124702,0,1,0,0
P08,V8_video1_normal,normal,179,5.966277874312192,1,0.26950399881170056,0.257614034287513,0.2813939633358881,0.16825402588745259,0.05,1.0,0.10280761185800658,0.011887892817939227,0.0573477523379729,0.01009340204846054,0,1,0.02867387616898645,0.5050467010242302,0,1,0,0
P08,V8_video1_normal,normal,180,5.999609035621199,1,0.25409575440208526,0.24111307379795985,0.26707843500621065,0.16692657978524605,0.049723756906077346,1.0,0.02519049556444597,0.0075696182220665875,0.01638005689325628,0.027738326296045047,0,1,0.00819002844662814,0.5138691631480226,0,1,0,0
P08,V8_video1_normal,normal,181,6.0329401969302054,1,0.24956006400187553,0.24154482859996768,0.2575752994037834,0.16577845753753542,0.04945054945054945,1.0,0.01861509726144417,0.007641316728879688,0.013128206995161928,0.01580935951338058,0,1,0.006564103497580964,0.5079046797566903,0,1,0,0
P08,V8_video1_normal,normal,182,6.066271358239212,1,0.26505719603910394,0.2559644070321586,0.2741499850460492,0.16790761863818826,0.04918032786885246,1.0,0.26179170019671727,0.006050128139903355,0.1339209141683103,0.06121994053548371,0,1,0.06696045708415516,0.5306099702677418,0,1,0,0
P08,V8_video1_normal,normal,183,6.099602519548219,1,0.2645365501117365,0.2546879668966265,0.27438513332684644,0.16738777589792805,0.04891304347826087,1.0,0.018224785017782352,0.003426886567892806,0.01082583579283758,0.08643524069601272,0,1,0.00541291789641879,0.5432176203480064,0,1,0,0
P08,V8_video1_normal,normal,184,6.132933680857225,1,0.2639246283428271,0.2531570024894017,0.2746922541962525,0.16883831561510007,0.04864864864864865,1.0,0.019114910862769285,0.005371877712871731,0.012243394287820508,0.15288362586794021,0,1,0.006121697143910254,0.5764418129339701,0,1,0,0
P08,V8_video1_normal,normal,185,6.166264842166232,1,0.268873157154441,0.2582277280445248,0.27951858626435716,0.16927413031335453,0.04838709677419355,1.0,0.032970345521772915,0.005238670126691325,0.01910450782423212,0.06170617086719337,0,1,0.00955225391211606,0.5308530854335967,0,1,0,0
P08,V8_video1_normal,normal,186,6.199596003475239,1,0.26656116800205215,0.2588125649963175,0.2743097710077868,0.16814689125256116,0.0481283422459893,1.0,0.016779808987488987,0.0038790631908146578,0.010329436089151822,0.1245105940259738,0,1,0.005164718044575911,0.5622552970129869,0,1,0,0
P08,V8_video1_normal,normal,187,6.232927164784246,1,0.26269893182835,0.25440523150002264,0.2709926321566774,0.16705270815104667,0.047872340425531915,1.0,0.0335922687131982,0.005487252251521024,0.019539760482359614,0.014173791958923251,0,1,0.009769880241179807,0.5070868959794617,0,1,0,0
P08,V8_video1_normal,normal,188,6.2662583260932525,1,0.24768255755958818,0.2309225651316873,0.26444254998748906,0.16701248886060913,0.047619047619047616,1.0,0.01812653257229646,0.008583501041225294,0.013355016806760878,0.048865324298933206,0,1,0.006677508403380439,0.5244326621494666,0,1,0,0
P08,V8_video1_normal,normal,189,6.299589487402259,1,0.25823588654985896,0.24960745901526557,0.2668643140844524,0.16607797909305375,0.04736842105263158,1.0,0.025193165395763217,0.019521835500547757,0.022357500448155487,0.06807925444360217,0,1,0.011178750224077744,0.5340396272218011,0,1,0,0
P08,V8_video1_normal,normal,190,6.332920648711266,1,0.2620949119494086,0.25444229355659154,0.26974753034222565,0.16555106669088,0.04712041884816754,1.0,0.13139118652130655,0.046084405097786885,0.08873779580954672,0.11448939935632069,0,1,0.04436889790477336,0.5572446996781604,0,1,0,0
P08,V8_video1_normal,normal,191,6.366251810020272,1,0.2622664739651986,0.25256093682775527,0.2719720111026419,0.16732657255270092,0.046875,1.0,0.02187152782718793,0.037622764343841264,0.029747146085514597,0.02861278981291471,0,1,0.014873573042757299,0.5143063949064574,0,1,0,0
P08,V8_video1_normal,normal,192,6.399582971329279,1,0.26177574480590926,0.2571514468959803,0.2664000427158382,0.16643347771806713,0.046632124352331605,1.0,0.016795266724846325,0.052188726844893174,0.03449199678486975,0.09017063593333288,0,1,0.017245998392434875,0.5450853179666665,0,1,0,0
P08,V8_video1_normal,normal,193,6.4329141326382855,1,0.26104780564049485,0.2550432744325883,0.2670523368484014,0.16729079872419306,0.04639175257731959,1.0,0.005853208808501265,0.11650750899025264,0.06118035889937695,0.07490424705366333,0,1,0.030590179449688476,0.5374521235268317,0,1,0,0
P08,V8_video1_normal,normal,194,6.466245293947292,1,0.26530190119550967,0.25517344961436766,0.2754303527766517,0.16798892992593234,0.046153846153846156,1.0,0.043399252019224455,0.011221321368047765,0.02731028669363611,0.026549175875397752,0,1,0.013655143346818055,0.5132745879376989,0,1,0,0
P08,V8_video1_normal,normal,195,6.499576455256299,1,0.26895539226999243,0.2611165480845723,0.2767942364554126,0.16637960112333514,0.04591836734693878,1.0,0.08375760261651044,0.19091748172341982,0.13733754216996513,0.04827611531838383,0,1,0.06866877108498257,0.5241380576591919,0,1,0,0
P08,V8_video1_normal,normal,196,6.532907616565305,1,0.26191216409499,0.2536963965395436,0.2701279316504364,0.16507533202688118,0.04568527918781726,1.0,0.06736690961540193,0.032257229312521285,0.049812069463961606,0.05218101450624296,0,1,0.024906034731980803,0.5260905072531215,0,1,0,0
P08,V8_video1_normal,normal,197,6.566238777874312,1,0.2597401560523341,0.2525661850647935,0.26691412703987466,0.16552346553985656,0.045454545454545456,1.0,0.07599285426742974,0.11453436557068009,0.09526360991905491,0.036812454232198706,0,1,0.04763180495952746,0.5184062271160994,0,1,0,0
P08,V8_video1_normal,normal,198,6.5995699391833185,1,0.2668949366967948,0.2583215565993228,0.2754683167942668,0.1672780609833348,0.04522613065326633,1.0,0.0986610108630519,0.12459146976426383,0.11162624031365787,0.004426232148622222,0,1,0.05581312015682893,0.5022131160743111,0,1,0,0
P08,V8_video1_normal,normal,199,6.632901100492325,1,0.26975554277349834,0.26108076421694143,0.2784303213300552,0.16696178611256657,0.045,1.0,0.1175359500847375,0.13888010360816905,0.12820802684645327,0.02078990458011586,0,1,0.06410401342322664,0.5103949522900579,0,1,0,0
P08,V8_video1_normal,normal,200,6.6662322618013325,1,0.25906272324691315,0.24866775621985654,0.2694576902739697,0.16604558742150075,0.04477611940298507,1.0,0.061688655808985415,0.20927098736976268,0.13547982158937405,0.04066547845407736,0,1,0.06773991079468702,0.5203327392270387,0,1,0,0
P08,V8_video1_normal,normal,201,6.699563423110339,1,0.25904562024885464,0.24485152384136402,0.2732397166563453,0.16581359728395295,0.04455445544554455,1.0,0.06582512560747389,0.1014310322853822,0.08362807894642804,0.03330735646585733,0,1,0.04181403947321402,0.5166536782329286,0,1,0,0
P08,V8_video1_normal,normal,202,6.732894584419346,1,0.25457245415452046,0.2439144964905162,0.26523041181852475,0.16634722697874754,0.04433497536945813,1.0,0.1682554820911183,0.15097652856171717,0.15961600532641773,0.020684082847197888,0,1,0.07980800266320887,0.510342041423599,0,1,0,0
P08,V8_video1_normal,normal,203,6.766225745728352,1,0.26294040974247623,0.2588673498041138,0.2670134696808386,0.16593398391617847,0.04411764705882353,1.0,0.10817273808987127,0.5495145831946978,0.32884366064228454,0.06919967500047217,0,1,0.16442183032114227,0.5345998375002361,0,1,0,0
P08,V8_video1_normal,normal,204,6.799556907037359,1,0.25720292517949644,0.24985714994711067,0.2645487004118822,0.16613959008209322,0.04390243902439024,1.0,0.05381022769260757,0.18161411598430577,0.11771217183845667,0.0280345336990068,0,1,0.058856085919228335,0.5140172668495034,0,1,0,0
P08,V8_video1_normal,normal,205,6.8328880683463655,1,0.25399297358857476,0.23918656089431378,0.26879938628283573,0.16703549925224115,0.043689320388349516,1.0,0.04932294380711644,0.502497264839137,0.27591010432312674,0.005243259262252166,0,1,0.13795505216156337,0.5026216296311261,0,1,0,0
P08,V8_video1_normal,normal,206,6.866219229655372,1,0.2619979219802393,0.24826127939506826,0.2757345645654103,0.16655738523664324,0.043478260869565216,1.0,0.48419621432824234,0.3588148076387121,0.4215055109834772,0.015935213917445474,0,1,0.2107527554917386,0.5079676069587228,0,1,0,0
P08,V8_video1_normal,normal,207,6.899550390964379,1,0.26584037900465723,0.254760553885062,0.27692020412425244,0.1673433302362962,0.04326923076923077,1.0,0.18843718249445396,0.12860067793445207,0.158518930214453,0.00988855391581937,0,1,0.0792594651072265,0.5049442769579097,0,1,0,0
P08,V8_video1_normal,normal,208,6.932881552273385,1,0.25600490334645,0.24207366959497006,0.2699361370979299,0.1657005151284387,0.0430622009569378,1.0,0.10006565459827355,0.24302926400811853,0.17154745930319604,0.0142238899632784,0,1,0.08577372965159802,0.5071119449816393,0,1,0,0
P08,V8_video1_normal,normal,209,6.966212713582392,1,0.2606579235030864,0.2484723008530134,0.2728435461531594,0.1662399399550522,0.04285714285714286,1.0,0.20832668060149906,0.2858994187669337,0.24711304968421638,0.013537566606507685,0,1,0.12355652484210819,0.5067687833032538,0,1,0,0
P08,V8_video1_normal,normal,210,6.9995438748913985,1,0.26187789624567526,0.2552269191646998,0.26852887332665065,0.1648508731005406,0.04265402843601896,1.0,0.014043699939379484,0.012190411673449475,0.01311705580641448,0.04225795119168157,0,1,0.00655852790320724,0.5211289755958408,0,1,0,0
P08,V8_video1_normal,normal,211,7.032875036200405,1,0.2747189873954413,0.2673432221616335,0.2820947526292492,0.16714371884770007,0.04245283018867924,1.0,0.04789013545376275,0.02104494400789969,0.03446753973083122,0.01475177127095053,0,1,0.01723376986541561,0.5073758856354753,0,1,0,0
P08,V8_video1_normal,normal,212,7.066206197509412,1,0.2790226813787154,0.27370767200821616,0.2843376907492146,0.16739887353967536,0.04225352112676056,1.0,0.3007410163235207,0.005082440378561315,0.152911728351041,0.015147108625996832,0,1,0.0764558641755205,0.5075735543129984,0,1,0,0
P08,V8_video1_normal,normal,213,7.099537358818418,1,0.27778301360246704,0.27176356983794686,0.28380245736698717,0.16738673168207735,0.04205607476635514,1.0,0.20934011690420296,0.0033404801940900564,0.1063402985491465,0.025265713291580987,0,1,0.05317014927457325,0.5126328566457905,0,1,0,0
P08,V8_video1_normal,normal,214,7.132868520127426,1,0.272762662680083,0.2632243969092004,0.2823009284509655,0.1664002835473843,0.04186046511627907,1.0,0.21877336942048753,0.022684190139498184,0.12072877977999286,0.0076453494252619715,0,1,0.06036438988999643,0.503822674712631,0,1,0,0
P08,V8_video1_normal,normal,215,7.166199681436432,1,0.2744594251552814,0.26886933194966856,0.2800495183608942,0.16649818670749794,0.041666666666666664,1.0,0.145343331878516,0.04083274378005275,0.09308803782928438,0.005888642366355098,0,1,0.04654401891464219,0.5029443211831776,0,1,0,0
P08,V8_video1_normal,normal,216,7.199530842745439,1,0.27539314686541827,0.267247291172293,0.28353900255854353,0.16522983784053782,0.041474654377880185,1.0,0.1289472443444355,0.005630171645706228,0.06728870799507086,0.010279400194940606,0,1,0.03364435399753543,0.5051397000974703,0,1,0,0
P08,V8_video1_normal,normal,217,7.232862004054446,1,0.27892230132166673,0.2706067141861188,0.2872378884572146,0.16606724554041513,0.04128440366972477,1.0,0.0975401641409327,0.009460746058051472,0.053500455099492084,0.010864357932692775,0,1,0.026750227549746042,0.5054321789663464,0,1,0,0
P08,V8_video1_normal,normal,218,7.266193165363452,1,0.2754294355765543,0.265548253245203,0.2853106179079057,0.1657658584801022,0.0410958904109589,1.0,0.13574417749750844,0.02501189453811592,0.08037803601781218,0.0037516406891257514,0,1,0.04018901800890609,0.5018758203445629,0,1,0,0
P08,V8_video1_normal,normal,219,7.299524326672459,1,0.27566775661701315,0.265342242861894,0.28599327037213235,0.16520861754858018,0.04090909090909091,1.0,0.0914914965001814,0.036541614538631584,0.06401655551940649,0.006489566858240873,0,1,0.032008277759703246,0.5032447834291205,0,1,0,0
P08,V8_video1_normal,normal,220,7.332855487981465,1,0.2741593656633397,0.26262132353855844,0.28569740778812097,0.16553560284272018,0.04072398190045249,1.0,0.2276160720435555,0.03658847266237941,0.13210227235296745,0.008898918198548128,0,1,0.06605113617648373,0.5044494590992741,0,1,0,0
P08,V8_video1_normal,normal,221,7.366186649290472,1,0.2747697374235065,0.2636407033963046,0.2858987714507084,0.1656246926646091,0.04054054054054054,1.0,0.2905770966386746,0.0793649833272897,0.18497103998298214,0.014627782327844766,0,1,0.09248551999149107,0.5073138911639223,0,1,0,0
P08,V8_video1_normal,normal,222,7.3995178105994786,1,0.2753692143486074,0.26388084583169386,0.2868575828655209,0.16571199313781512,0.04035874439461883,1.0,0.20761911123999777,0.05400084859086829,0.13080997991543303,0.018961415935017833,0,1,0.06540498995771651,0.5094807079675089,0,1,0,0
P08,V8_video1_normal,normal,223,7.432848971908485,1,0.2712173499780514,0.2587340307532009,0.28370066920290193,0.16522334646724096,0.04017857142857143,1.0,0.0814458637769333,0.2891383338934135,0.1852920988351734,0.020979063400084024,0,1,0.0926460494175867,0.510489531700042,0,1,0,0
P08,V8_video1_normal,normal,224,7.466180133217492,1,0.2745262960973834,0.26563066711014,0.28342192508462677,0.1661335973375274,0.04,1.0,0.25752909061463414,0.20003131989410805,0.2287802052543711,0.007819565237326596,0,1,0.11439010262718555,0.5039097826186633,0,1,0,0
P08,V8_video1_normal,normal,225,7.499511294526498,1,0.27375767269762885,0.2638946423217089,0.28362070307354886,0.16632228718201023,0.03982300884955752,1.0,0.1105725942668715,0.03519259351987469,0.0728825938933731,0.022255244202792738,0,1,0.03644129694668655,0.5111276221013964,0,1,0,0
P08,V8_video1_normal,normal,226,7.532842455835505,1,0.2788659985194939,0.2677853517251642,0.2899466453138236,0.16642087557512286,0.039647577092511016,1.0,0.13404221067908495,0.014578865181682055,0.0743105379303835,0.0055163193006366705,0,1,0.03715526896519175,0.5027581596503183,0,1,0,0
P08,V8_video1_normal,normal,227,7.566173617144512,1,0.2828096471681152,0.26904352295118816,0.2965757713850422,0.1645084009152651,0.039473684210526314,1.0,0.34354002625887925,0.10030923937841796,0.2219246328186486,0.002714740172744156,0,1,0.1109623164093243,0.501357370086372,0,1,0,0
P08,V8_video1_normal,normal,228,7.599504778453519,1,0.28440950245102553,0.2702626811627669,0.29855632373928415,0.16533028348210682,0.039301310043668124,1.0,0.24172645329202036,0.06310320390502555,0.15241482859852296,0.043540439919126116,0,1,0.07620741429926148,0.5217702199595631,0,1,0,0
P08,V8_video1_normal,normal,229,7.632835939762526,1,0.2888445436952821,0.2763542895299372,0.3013347978606271,0.1659169462316293,0.0391304347826087,1.0,0.3089263560293849,0.006041843921376522,0.1574840999753807,0.010773280073943556,0,1,0.07874204998769035,0.5053866400369718,0,1,0,0
P08,V8_video1_normal,normal,230,7.666167101071532,1,0.28639650131436883,0.2774580237611037,0.295334978867634,0.16675920930866903,0.03896103896103896,1.0,0.3036558746604565,0.03070704559787718,0.16718146012916685,0.011242244186672221,0,1,0.08359073006458342,0.5056211220933361,0,1,0,0
P08,V8_video1_normal,normal,231,7.699498262380539,1,0.29727752158892723,0.28930108891251227,0.3052539542653422,0.16689644371655454,0.03879310344827586,1.0,0.04729285712971221,0.05967509870851839,0.0534839779191153,0.004770680893892974,0,1,0.02674198895955765,0.5023853404469465,0,1,0,0
P08,V8_video1_normal,normal,232,7.732829423689545,1,0.29418015435465666,0.28763520245434876,0.30072510625496457,0.16642385840253135,0.03862660944206009,1.0,0.22154704930748848,0.05702086680175089,0.13928395805461968,0.00609678777095614,0,1,0.06964197902730984,0.5030483938854781,0,1,0,0
P08,V8_video1_normal,normal,233,7.766160584998552,1,0.28968491542034447,0.2782144123789945,0.3011554184616944,0.16586987599075723,0.038461538461538464,1.0,0.16899488848881228,0.039921675996744455,0.10445828224277837,0.006414731758064281,0,1,0.05222914112138918,0.5032073658790321,0,1,0,0
P08,V8_video1_normal,normal,234,7.799491746307559,1,0.2975150169646287,0.2863470847851035,0.30868294914415384,0.1668863949195352,0.03829787234042553,1.0,0.09672464315846085,0.018544598668852608,0.05763462091365673,0.011690970826615467,0,1,0.028817310456828366,0.5058454854133078,0,1,0,0
P08,V8_video1_normal,normal,235,7.832822907616565,1,0.291150580346873,0.2807876696311056,0.3015134910626404,0.16602844504565592,0.038135593220338986,1.0,0.2754309276502592,0.021829111296518988,0.1486300194733891,0.014197083946944446,0,1,0.07431500973669455,0.5070985419734723,0,1,0,0
P08,V8_video1_normal,normal,236,7.866154068925572,1,0.293320983321272,0.2880707055654823,0.2985712610770617,0.16672438395927508,0.0379746835443038,1.0,0.10591159409276574,0.02091611375915492,0.06341385392596033,0.009296147249677478,0,1,0.031706926962980164,0.5046480736248388,0,1,0,0
P08,V8_video1_normal,normal,237,7.899485230234578,1,0.2953216518485564,0.2885054121031448,0.30213789159396803,0.16666539644798187,0.037815126050420166,1.0,0.0512862673475023,0.09083794243567678,0.07106210489158954,0.009510453567670624,0,1,0.03553105244579477,0.5047552267838353,0,1,0,0
P08,V8_video1_normal,normal,238,7.932816391543585,1,0.29446764187711566,0.2815906835482046,0.3073446002060267,0.16579173188442614,0.03765690376569038,1.0,0.14746673741313032,0.014722650250076796,0.08109469383160356,0.019109064670130984,0,1,0.04054734691580178,0.5095545323350655,0,1,0,0
P08,V8_video1_normal,normal,239,7.966147552852592,1,0.28801120752502474,0.27352296613304994,0.3024994489169995,0.16712831029215341,0.0375,1.0,0.08574867175730705,0.08258049139140045,0.08416458157435375,0.003591614002579796,0,1,0.042082290787176874,0.5017958070012899,0,1,0,0
P08,V8_video1_normal,normal,240,7.999478714161598,1,0.29465535359342426,0.28131570810737555,0.307994999079473,0.1677977675942319,0.03734439834024896,1.0,0.17849244227110284,0.012096966233661965,0.0952947042523824,0.05841122635846533,0,1,0.0476473521261912,0.5292056131792326,0,1,0,0
P08,V8_video1_normal,normal,241,8.032809875470605,1,0.29558738968132137,0.2820294916697986,0.30914528769284405,0.16743552501320205,0.0371900826446281,1.0,0.06560968989217864,0.05394025084876375,0.05977497037047119,0.05966178837632312,0,1,0.029887485185235596,0.5298308941881615,0,1,0,0
P08,V8_video1_normal,normal,242,8.066141036779612,1,0.2959004937317541,0.2848708067104599,0.30693018075304823,0.1655750710881679,0.037037037037037035,1.0,0.1424449196483738,0.027721729146863883,0.08508332439761884,0.03147345341589161,0,1,0.04254166219880942,0.5157367267079458,0,1,0,0
P08,V8_video1_normal,normal,243,8.099472198088618,1,0.283449284275141,0.26884335937079695,0.298055209179485,0.16543266059924397,0.036885245901639344,1.0,0.20548533232259536,0.06234633780734833,0.13391583506497184,0.021287689569784347,0,1,0.06695791753248592,0.5106438447848922,0,1,0,0
P08,V8_video1_normal,normal,244,8.132803359397625,1,0.2858159347180268,0.27476454616449764,0.2968673232715559,0.16585837541784537,0.036734693877551024,1.0,0.17208373381956532,0.0344072599631674,0.10324549689136636,0.012053717053901904,0,1,0.05162274844568318,0.506026858526951,0,1,0,0
P08,V8_video1_normal,normal,245,8.166134520706631,1,0.29532552577203197,0.2896036234666741,0.30104742807738977,0.1690191731097557,0.036585365853658534,1.0,0.15277302407496618,0.016105435654417355,0.08443922986469177,0.027184094793032663,0,1,0.042219614932345884,0.5135920473965163,0,1,0,0
P08,V8_video1_normal,normal,246,8.199465682015639,1,0.2815114266150841,0.2735453083606806,0.2894775448694876,0.1686955335863456,0.03643724696356275,1.0,0.028153118141001743,0.026542053804025523,0.027347585972513633,0.030505641559786818,0,1,0.013673792986256816,0.5152528207798934,0,1,0,0
P08,V8_video1_normal,normal,247,8.232796843324644,1,0.27641455905950896,0.2685174518203193,0.2843116662986987,0.16748336542050754,0.036290322580645164,1.0,0.2560380884677109,0.025332194613795878,0.1406851415407534,0.02122531486883925,0,1,0.0703425707703767,0.5106126574344196,0,1,0,0
P08,V8_video1_normal,normal,248,8.266128004633652,1,0.28175947247581845,0.275292843705922,0.28822610124571485,0.16771421761321154,0.03614457831325301,1.0,0.061649998347163115,0.04684218971050946,0.05424609402883629,0.008367276027058753,0,1,0.027123047014418145,0.5041836380135294,0,1,0,0
P08,V8_video1_normal,normal,249,8.29945916594266,1,0.2858947101081834,0.2794153933715652,0.2923740268448016,0.16842545191813044,0.036,1.0,0.15485306988301106,0.09548262733385127,0.12516784860843116,0.020316098969860575,0,1,0.06258392430421558,0.5101580494849303,0,1,0,0
P08,V8_video1_normal,normal,250,8.332790327251665,1,0.2924455511215188,0.28781423600628625,0.2970768662367514,0.16834772055591848,0.035856573705179286,1.0,0.18974073629159283,0.016241872651150513,0.10299130447137167,0.0281347935841247,0,1,0.051495652235685835,0.5140673967920624,0,1,0,0
P08,V8_video1_normal,normal,251,8.366121488560673,1,0.2838893799661417,0.27785982976700563,0.28991893016527776,0.16723980005103634,0.03571428571428571,1.0,0.3603750836140105,0.09104099416379685,0.22570803888890367,0.052289699686120454,0,1,0.11285401944445184,0.5261448498430602,0,1,0,0
P08,V8_video1_normal,normal,252,8.399452649869678,1,0.29621921320021705,0.2893894523674129,0.3030489740330212,0.1678470907705615,0.03557312252964427,1.0,0.2780176524308011,0.008842422367226876,0.143430037399014,0.017501479208988296,0,1,0.071715018699507,0.5087507396044941,0,1,0,0
P08,V8_video1_normal,normal,253,8.432783811178686,1,0.3003836847705653,0.29406437773213434,0.30670299180899635,0.16826101112370034,0.03543307086614173,1.0,0.36532449388242805,0.037771455727671155,0.2015479748050496,0.019289008036272027,0,1,0.1007739874025248,0.509644504018136,0,1,0,0
P08,V8_video1_normal,normal,254,8.466114972487691,1,0.30647086351369635,0.30106724697032894,0.3118744800570638,0.1684768967500257,0.03529411764705882,1.0,0.07537617185743661,0.07514894088751556,0.07526255637247609,0.03753656898678232,0,1,0.03763127818623804,0.5187682844933912,0,1,0,0
P08,V8_video1_normal,normal,255,8.499446133796699,1,0.29056587812392964,0.28152535274346047,0.2996064035043989,0.16904830317135094,0.03515625,1.0,0.17724858331837245,0.02416034787603294,0.1007044655972027,0.010823659883133425,0,1,0.05035223279860135,0.5054118299415667,0,1,0,0
P08,V8_video1_normal,normal,256,8.532777295105705,1,0.29714819568042666,0.289912043037341,0.3043843483235123,0.16771144171677616,0.03501945525291829,1.0,0.12198429560199886,0.023867340858062636,0.07292581823003075,0.010249148499392272,0,1,0.036462909115015374,0.5051245742496961,0,1,0,0
P08,V8_video1_normal,normal,257,8.566108456414712,1,0.2919245435806203,0.28344786761256163,0.300401219548679,0.1676081034027556,0.03488372093023256,1.0,0.14549300118313246,0.07711564459583053,0.1113043228894815,0.01476316229056639,0,1,0.05565216144474075,0.5073815811452832,0,1,0,0
P08,V8_video1_normal,normal,258,8.599439617723718,1,0.2942318127275637,0.2854476583589158,0.3030159670962116,0.16788157548535254,0.03474903474903475,1.0,0.22165037704947632,0.05069742391230869,0.1361739004808925,0.011879107741450434,0,1,0.06808695024044625,0.5059395538707252,0,1,0,0
P08,V8_video1_normal,normal,259,8.632770779032725,1,0.29841032074159274,0.2907800322217018,0.3060406092614837,0.16795765450121672,0.03461538461538462,1.0,0.6439678083180003,0.1275248432429208,0.38574632578046053,0.01564571254973179,0,1,0.19287316289023027,0.5078228562748659,0,1,0,0
P08,V8_video1_normal,normal,260,8.666101940341731,1,0.295577479124565,0.28573928301122686,0.30541567523790314,0.16857186030253307,0.034482758620689655,1.0,0.34135733925581946,0.14212600563245137,0.2417416724441354,0.003761829085093721,0,1,0.1208708362220677,0.5018809145425469,0,1,0,0
P08,V8_video1_normal,normal,261,8.699433101650738,1,0.296808733778567,0.29116598891433076,0.3024514786428032,0.16693331550200902,0.03435114503816794,1.0,0.34785280823513054,0.0714284820792882,0.20964064515720937,0.013968314530735382,0,1,0.10482032257860469,0.5069841572653677,0,1,0,0
P08,V8_video1_normal,normal,262,8.732764262959746,1,0.26479940640628596,0.25297825627216075,0.2766205565404111,0.16834751812242896,0.034220532319391636,1.0,0.10301347876076072,0.01910411823010938,0.06105879849543505,0.015251049170908762,0,1,0.030529399247717526,0.5076255245854544,0,1,0,0
P08,V8_video1_normal,normal,263,8.766095424268752,1,0.12965589786744208,0.12085020227900337,0.1384615934558808,0.1704385062081743,0.03787878787878788,1.0,0.6783548093695527,0.1312936553510804,0.40482423236031656,0.009165252307805526,1,1,0.7024121161801583,0.5045826261539028,1,1,1,0
P08,V8_video1_normal,normal,264,8.79942658557776,1,0.1526238532509075,0.14319205083281195,0.162055655669003,0.17059867982858445,0.03773584905660377,1.0,0.7012174710795445,0.098041556952006,0.39962951401577523,0.005445942122529033,0,1,0.19981475700788762,0.5027229710612645,0,1,0,0
P08,V8_video1_normal,normal,265,8.832757746886765,1,0.17790893521985568,0.15249187495557717,0.20332599548413421,0.16741640104769753,0.03759398496240601,1.0,0.42494848827188003,0.11240311422657179,0.2686758012492259,0.012772769372571399,0,1,0.13433790062461295,0.5063863846862857,0,1,0,0
P08,V8_video1_normal,normal,266,8.866088908195772,1,0.20911917474648795,0.19721957888191788,0.221018770611058,0.16808756599312222,0.03745318352059925,1.0,0.15634385972532794,0.03849922126127614,0.09742154049330204,0.0025333478866618932,0,1,0.04871077024665102,0.5012666739433309,0,1,0,0
P08,V8_video1_normal,normal,267,8.899420069504778,1,0.2400454191481079,0.23121116821483578,0.24887967008138,0.16876240030353454,0.03731343283582089,1.0,0.09148370850363408,0.06628532350204197,0.07888451600283802,0.0022846762488553927,0,1,0.03944225800141901,0.5011423381244277,0,1,0,0
P08,V8_video1_normal,normal,268,8.932751230813786,1,0.2657761301470076,0.25975865545987453,0.2717936048341407,0.16748806287384807,0.03717472118959108,1.0,0.06758568463817971,0.0038932985556905386,0.035739491596935125,0.00359974250933178,0,1,0.017869745798467562,0.5017998712546659,0,1,0,0
P08,V8_video1_normal,normal,269,8.966082392122791,1,0.2831859467968355,0.27600237683527146,0.2903695167583995,0.16827004960899936,0.037037037037037035,1.0,0.09178172133724305,0.011747672463230607,0.05176469690023683,0.005727584727413389,0,1,0.025882348450118414,0.5028637923637067,0,1,0,0
P08,V8_video1_normal,normal,270,8.999413553431799,1,0.27072115332254654,0.26330160729959967,0.27814069934549346,0.1666090462052975,0.03690036900369004,1.0,0.01372223568194253,0.04318823027757179,0.02845523297975716,0.042996324200958044,0,1,0.01422761648987858,0.5214981621004791,0,1,0,0
P08,V8_video1_normal,normal,271,9.032744714740804,1,0.2732702851698011,0.2633196703432111,0.2832208999963912,0.166295259253808,0.03676470588235294,1.0,0.022183121277935203,0.023456031943206557,0.02281957661057088,0.018349356831691435,0,1,0.01140978830528544,0.5091746784158457,0,1,0,0
P08,V8_video1_normal,normal,272,9.066075876049812,1,0.28053516381829663,0.27095263322584023,0.290117694410753,0.16610819302904511,0.03663003663003663,1.0,0.035195216485512826,0.2793510927162003,0.15727315460085656,0.03003258845600874,0,1,0.07863657730042828,0.5150162942280043,0,1,0,0
P08,V8_video1_normal,normal,273,9.099407037358818,1,0.2677569486152267,0.2552134724704316,0.28030042476002176,0.16539861856149524,0.0364963503649635,1.0,0.0673429763073018,0.1547632118174591,0.11105309406238045,0.01014229610494958,0,1,0.055526547031190226,0.5050711480524748,0,1,0,0
P08,V8_video1_normal,normal,274,9.132738198667825,1,0.2655379831790182,0.25179904446272755,0.2792769218953089,0.1652715056426846,0.03636363636363636,1.0,0.277190437380915,0.198648688425049,0.237919562902982,0.0178851282527671,0,1,0.118959781451491,0.5089425641263835,0,1,0,0
P08,V8_video1_normal,normal,275,9.166069359976833,1,0.2656230728642089,0.249408398866823,0.28183774686159474,0.16535789166344633,0.036231884057971016,1.0,0.22257327570676466,0.03263539495994894,0.1276043353333568,0.005429600079218734,0,1,0.0638021676666784,0.5027148000396093,0,1,0,0
P08,V8_video1_normal,normal,276,9.199400521285838,1,0.2779879998413701,0.2645309273552631,0.2914450723274772,0.16404726498285735,0.036101083032490974,1.0,0.20145592220805997,0.031698033276735704,0.11657697774239784,0.0025422159838931016,0,1,0.05828848887119892,0.5012711079919465,0,1,0,0
P08,V8_video1_normal,normal,277,9.232731682594846,1,0.2791859629580802,0.26561988573854145,0.29275204017761886,0.1646290826503796,0.03597122302158273,1.0,0.2383042485357023,0.09243377460278102,0.16536901156924166,0.0042515296144126375,0,1,0.08268450578462083,0.5021257648072063,0,1,0,0
P08,V8_video1_normal,normal,278,9.266062843903851,1,0.2893525078530381,0.2779691636837485,0.3007358520223277,0.16666065779304587,0.035842293906810034,1.0,0.18190125520135858,0.10691878968116997,0.14441002244126427,0.002356789899878835,0,1,0.07220501122063214,0.5011783949499394,0,1,0,0
P08,V8_video1_normal,normal,279,9.299394005212859,1,0.2830958721535165,0.27337706305158377,0.2928146812554493,0.16605149426569918,0.03571428571428571,1.0,0.22121461948674248,0.42443564054947824,0.32282513001811036,0.013331305520971759,0,1,0.16141256500905518,0.5066656527604859,0,1,0,0
P08,V8_video1_normal,normal,280,9.332725166521865,1,0.2811783235757231,0.2741546401350596,0.2882020070163866,0.1657775211079975,0.03558718861209965,1.0,0.21418773686750758,0.39160782146291906,0.3028977791652133,0.007099704908914579,0,1,0.15144888958260666,0.5035498524544573,0,1,0,0
P08,V8_video1_normal,normal,281,9.366056327830872,1,0.27742414387106773,0.2688124826048921,0.2860358051372433,0.165113258956367,0.03546099290780142,1.0,0.26934370139697994,0.36762122646683304,0.3184824639319065,0.005892766682447019,0,1,0.15924123196595324,0.5029463833412235,0,1,0,0
P08,V8_video1_normal,normal,282,9.399387489139878,1,0.2781078399625643,0.2666157223140011,0.28959995761112745,0.16500947654302556,0.0353356890459364,1.0,0.21567591396626318,0.0991498342933973,0.15741287412983024,0.007865230493359968,0,1,0.07870643706491512,0.50393261524668,0,1,0,0
P08,V8_video1_normal,normal,283,9.432718650448885,1,0.2731483598670408,0.26183552262526233,0.2844611971088193,0.16708700560939996,0.035211267605633804,1.0,0.3758539565186866,0.16096611130966043,0.2684100339141735,0.013823281544842319,0,1,0.13420501695708675,0.5069116407724211,0,1,0,0
P08,V8_video1_normal,normal,284,9.466049811757891,1,0.27014031123682064,0.2598226607411561,0.28045796173248516,0.16786733032471107,0.03508771929824561,1.0,0.2511524059885021,0.10503637838297586,0.17809439218573897,0.020154178215739282,0,1,0.08904719609286949,0.5100770891078696,0,1,0,0
P08,V8_video1_normal,normal,285,9.499380973066899,1,0.2712518712152574,0.26018129177105076,0.2823224506594641,0.16810600907003784,0.03496503496503497,1.0,0.2641741409983098,0.09660928344507824,0.18039171222169403,0.017885086373994722,0,1,0.09019585611084702,0.5089425431869974,0,1,0,0
P08,V8_video1_normal,normal,286,9.532712134375904,1,0.277852920666439,0.2679940157451998,0.2877118255876782,0.16723422034329039,0.03484320557491289,1.0,0.16243416621845075,0.12845967393361402,0.14544692007603238,0.0033554475413469843,0,1,0.07272346003801619,0.5016777237706735,0,1,0,0
P08,V8_video1_normal,normal,287,9.566043295684912,1,0.2789612973540314,0.26849571071788636,0.28942688399017646,0.16772874097237592,0.034722222222222224,1.0,0.27781951100479496,0.14527576113009344,0.2115476360674442,0.006311771212866274,0,1,0.1057738180337221,0.5031558856064331,0,1,0,0
P08,V8_video1_normal,normal,288,9.599374456993917,1,0.27847140500185,0.26920361255155456,0.2877391974521455,0.16616810534088283,0.03460207612456748,1.0,0.2686179832697817,0.26845863914423096,0.26853831120700633,0.01726844294546103,0,1,0.13426915560350317,0.5086342214727305,0,1,0,0
P08,V8_video1_normal,normal,289,9.632705618302925,1,0.27726443153163566,0.2637397739875591,0.2907890890757122,0.1680917021622659,0.034482758620689655,1.0,0.2544344939149249,0.4094225211228336,0.33192850751887926,0.014118205362686587,0,1,0.16596425375943963,0.5070591026813432,0,1,0,0
P08,V8_video1_normal,normal,290,9.666036779611932,1,0.27718481002099404,0.2664283862599667,0.2879412337820214,0.16804863142512128,0.03436426116838488,1.0,0.2281578457085779,0.06559130502633526,0.14687457536745657,0.004997381227208115,0,1,0.07343728768372829,0.5024986906136041,0,1,0,0
P08,V8_video1_normal,normal,291,9.699367940920938,1,0.27639430217463395,0.2708587546852984,0.2819298496639695,0.16692491050628044,0.03424657534246575,1.0,0.4353398496778961,0.04849328591594215,0.2419165677969191,0.0088636691579831,0,1,0.12095828389845956,0.5044318345789915,0,1,0,0
P08,V8_video1_normal,normal,292,9.732699102229946,1,0.2706147341643863,0.26438263845652066,0.276846829872252,0.1665984874643972,0.034129692832764506,1.0,0.40233398579394464,0.10180398484121467,0.25206898531757965,0.014409093710908203,0,1,0.12603449265878983,0.5072045468554541,0,1,0,0
P08,V8_video1_normal,normal,293,9.766030263538951,1,0.27502709737897757,0.26784881740876065,0.28220537734919443,0.16650140186227985,0.034013605442176874,1.0,0.3029062215465118,0.16808195217808952,0.23549408686230067,0.005392443997724836,0,1,0.11774704343115033,0.5026962219988624,0,1,0,0
P08,V8_video1_normal,normal,294,9.799361424847959,1,0.27276388482393843,0.2666277737368685,0.27889999591100834,0.16726632368222566,0.03389830508474576,1.0,0.15703933577011808,0.14289166570795708,0.14996550073903758,0.00628205962173701,0,1,0.07498275036951879,0.5031410298108685,0,1,0,0
P08,V8_video1_normal,normal,295,9.832692586156965,1,0.2722171156743903,0.2627467454949437,0.28168748585383685,0.16759233764728218,0.033783783783783786,1.0,0.41845365852669647,0.21857348233588558,0.318513570431291,0.019455678937450694,0,1,0.1592567852156455,0.5097278394687254,0,1,0,0
P08,V8_video1_normal,normal,296,9.866023747465972,1,0.2460616219882527,0.24407427985431196,0.24804896412219343,0.16697683829766916,0.03367003367003367,1.0,0.3199737148919579,0.11525890883314882,0.21761631186255337,0.012428870424836215,0,1,0.10880815593127668,0.5062144352124182,0,1,0,0
P08,V8_video1_normal,normal,297,9.899354908774978,1,0.22135414322159128,0.210858080479347,0.23185020596383554,0.16592642571669836,0.03355704697986577,1.0,0.12672318314055253,0.4426507758786933,0.2846869795096229,0.009801002101864808,0,1,0.14234348975481145,0.5049005010509324,0,1,0,0
P08,V8_video1_normal,normal,298,9.932686070083985,1,0.2278463985047996,0.21717546689893902,0.23851733011066015,0.1659721017968869,0.033444816053511704,1.0,0.06997643437647805,0.12151703869690156,0.0957467365366898,0.006588623035336621,0,1,0.0478733682683449,0.5032943115176683,0,1,0,0
P08,V8_video1_normal,normal,299,9.966017231392991,1,0.22420074854526234,0.22127217138491692,0.22712932570560776,0.16569151657800799,0.03333333333333333,1.0,0.08175896286547935,0.38091182190152817,0.23133539238350376,0.011348427878565239,0,1,0.11566769619175188,0.5056742139392826,0,1,0,0
P08,V8_video1_normal,normal,300,9.999348392701998,1,0.22025636048971858,0.21425852326713965,0.22625419771229752,0.16514338766543515,0.03322259136212625,1.0,0.1727012932717299,0.04358063972992532,0.1081409665008276,0.010848704275307345,0,1,0.0540704832504138,0.5054243521376537,0,1,0,0
P08,V8_video1_normal,normal,301,10.032679554011004,1,0.2228904583836523,0.2093272788155981,0.2364536379517065,0.16596076873492271,0.033112582781456956,1.0,0.37697244863500623,0.023372256361519406,0.20017235249826282,0.008444453028098438,0,1,0.10008617624913141,0.5042222265140492,0,1,0,0
P08,V8_video1_normal,normal,302,10.066010715320012,1,0.23192612309041777,0.22510435059954362,0.2387478955812919,0.16422455853430976,0.033003300330033,1.0,0.1379382003428291,0.08273386579418918,0.11033603306850914,0.02777164611984122,0,1,0.05516801653425457,0.5138858230599206,0,1,0,0
P08,V8_video1_normal,normal,303,10.099341876629019,1,0.2284618308750792,0.21314969303763154,0.2437739687125269,0.1653361545973658,0.03289473684210526,1.0,0.31479074078467595,0.10654232544173992,0.21066653311320793,0.02352507832179768,0,1,0.10533326655660397,0.5117625391608989,0,1,0,0
P08,V8_video1_normal,normal,304,10.132673037938025,1,0.2384957733834519,0.2248672013558338,0.25212434541107004,0.16660769871712608,0.03278688524590164,1.0,0.3617991615261986,0.22782351636967146,0.29481133894793504,0.03083628382449294,0,1,0.14740566947396752,0.5154181419122464,0,1,0,0
P08,V8_video1_normal,normal,305,10.166004199247032,1,0.2370591116768918,0.22470906168200963,0.24940916167177396,0.163970966518063,0.032679738562091505,1.0,0.22233205018515778,0.23301154999765805,0.22767180009140792,0.02710832316965282,0,1,0.11383590004570396,0.5135541615848264,0,1,0,0
P08,V8_video1_normal,normal,306,10.199335360556038,1,0.24766641459806815,0.2424258681682443,0.252906961027892,0.16529925346072188,0.03257328990228013,1.0,0.05737373637541254,0.5183075593464095,0.287840647860911,0.11552427833046053,0,1,0.1439203239304555,0.5577621391652303,0,1,0,0
P08,V8_video1_normal,normal,307,10.232666521865045,1,0.24768183504962848,0.24310833430478646,0.2522553357944705,0.16890590514984688,0.032467532467532464,1.0,0.2570704283407095,0.30653523023426466,0.28180282928748707,0.013907210612580007,0,1,0.14090141464374353,0.50695360530629,0,1,0,0
P08,V8_video1_normal,normal,308,10.265997683174051,1,0.2573370928703629,0.25294340799237836,0.26173077774834735,0.1671973093959481,0.032362459546925564,1.0,0.2916424866910994,0.3111083673480699,0.30137542701958464,0.037431187604350484,0,1,0.15068771350979232,0.5187155938021752,0,1,0,0
P08,V8_video1_normal,normal,309,10.299328844483059,1,0.25329189578848355,0.2485448945246639,0.2580388970523032,0.16638001731644403,0.03225806451612903,1.0,0.11436893671593695,0.044241817628909885,0.07930537717242342,0.014889568287061793,0,1,0.03965268858621171,0.5074447841435309,0,1,0,0
P08,V8_video1_normal,normal,310,10.332660005792064,1,0.26649865350121144,0.2576435795187132,0.2753537274837097,0.1687051360699839,0.03215434083601286,1.0,0.19186255761397153,0.2629261982077534,0.22739437791086248,0.022756196931364905,0,1,0.11369718895543124,0.5113780984656825,0,1,0,0
P08,V8_video1_normal,normal,311,10.365991167101072,1,0.2589346894787564,0.25369311339498585,0.26417626556252694,0.16571522207325534,0.03205128205128205,1.0,0.1838900580890963,0.0567991468746607,0.1203446024818785,0.02964024051998242,0,1,0.06017230124093925,0.5148201202599912,0,1,0,0
P08,V8_video1_normal,normal,312,10.399322328410078,1,0.2561719921753405,0.25199304154063495,0.26035094281004606,0.16506382852710544,0.03194888178913738,1.0,0.05224745374708906,0.05128786823890563,0.051767660992997344,0.026954575040191914,0,1,0.025883830496498672,0.5134772875200959,0,1,0,0
P08,V8_video1_normal,normal,313,10.432653489719085,1,0.2580410228345223,0.25131447423086817,0.2647675714381764,0.16461505058919934,0.03184713375796178,1.0,0.4714827859956692,0.1209228352166043,0.29620281060613673,0.025730670081970115,0,1,0.14810140530306837,0.5128653350409851,0,1,0,0
P08,V8_video1_normal,normal,314,10.46598465102809,1,0.26343026597887376,0.25741549121865837,0.26944504073908915,0.16497673828860365,0.031746031746031744,1.0,0.10159758453491152,0.04600197913400861,0.07379978183446007,0.012410055763149607,0,1,0.03689989091723003,0.5062050278815748,0,1,0,0
P08,V8_video1_normal,normal,315,10.499315812337098,1,0.2693759651735184,0.2625288174539597,0.27622311289307716,0.16523303673845216,0.03164556962025317,1.0,0.056435632442363826,0.08897802440296998,0.0727068284226669,0.0043886138299530034,0,1,0.03635341421133345,0.5021943069149765,0,1,0,0
P08,V8_video1_normal,normal,316,10.532646973646104,1,0.2654786784145663,0.2572120209092334,0.27374533591989914,0.1641876114209071,0.031545741324921134,1.0,0.34533016526663773,0.24384547901635067,0.2945878221414942,0.01132848458881469,0,1,0.1472939110707471,0.5056642422944073,0,1,0,0
P08,V8_video1_normal,normal,317,10.565978134955111,1,0.27110468996112064,0.26491107279018333,0.27729830713205794,0.16450669174491633,0.031446540880503145,1.0,0.06618468415082002,0.022071005927747467,0.04412784503928374,0.03330394822570279,0,1,0.02206392251964187,0.5166519741128514,0,1,0,0
P08,V8_video1_normal,normal,318,10.599309296264119,1,0.275357492360724,0.2687319365783455,0.2819830481431025,0.1663168667306732,0.03134796238244514,1.0,0.059354460362338934,0.016159883742730696,0.037757172052534815,0.04170532559790296,0,1,0.018878586026267408,0.5208526627989515,0,1,0,0
P08,V8_video1_normal,normal,319,10.632640457573125,1,0.2691361716545132,0.26309165047886984,0.2751806928301566,0.16727317843818992,0.03125,1.0,0.09279147030793478,0.01327787889903509,0.05303467460348493,0.02700714585661771,0,1,0.026517337301742466,0.5135035729283088,0,1,0,0
P08,V8_video1_normal,normal,320,10.665971618882132,1,0.27951658349541664,0.27605987982333596,0.2829732871674973,0.16932819340927832,0.03115264797507788,1.0,0.06888777072685304,0.029749425288881692,0.049318598007867365,0.005857194613246016,0,1,0.024659299003933682,0.502928597306623,0,1,0,0
P08,V8_video1_normal,normal,321,10.699302780191138,1,0.28260104564299515,0.2733742237166051,0.29182786756938517,0.1716633002557869,0.031055900621118012,1.0,0.07303606729704004,0.03606586070741191,0.05455096400222598,0.004579581937938142,0,1,0.02727548200111299,0.5022897909689691,0,1,0,0
P08,V8_video1_normal,normal,322,10.732633941500145,1,0.27865288183202125,0.27019137396568627,0.28711438969835623,0.16991351895584905,0.030959752321981424,1.0,0.051518354801520005,0.07169347805572168,0.061605916428620844,0.006142989831802955,0,1,0.030802958214310422,0.5030714949159015,0,1,0,0
P08,V8_video1_normal,normal,323,10.765965102809151,1,0.28051588143906514,0.2721973409293525,0.28883442194877784,0.1720186035206619,0.030864197530864196,1.0,0.22239929165829753,0.06625224798928753,0.14432576982379253,0.005188996537559055,0,1,0.07216288491189626,0.5025944982687796,0,1,0,0
P08,V8_video1_normal,normal,324,10.799296264118158,1,0.28411083091846867,0.27780377948931334,0.290417882347624,0.17017310791193807,0.03076923076923077,1.0,0.37768778486950094,0.015800592280160952,0.19674418857483095,0.010942523249434347,0,1,0.09837209428741547,0.5054712616247172,0,1,0,0
P08,V8_video1_normal,normal,325,10.832627425427164,1,0.27781047223672317,0.2736722244496386,0.2819487200238077,0.17046988316034986,0.03067484662576687,1.0,0.07333718981690696,0.08246830038448283,0.07790274510069489,0.005146574299110346,0,1,0.038951372550347446,0.5025732871495552,0,1,0,0
P08,V8_video1_normal,normal,326,10.865958586736172,1,0.28248171845416464,0.28022712617149725,0.28473631073683203,0.169198030848468,0.03058103975535168,1.0,0.05129115137421514,0.03534837034218885,0.043319760858201994,0.009379254092577869,0,1,0.021659880429100997,0.504689627046289,0,1,0,0
P08,V8_video1_normal,normal,327,10.899289748045177,1,0.28685988390951433,0.2838584412136665,0.28986132660536224,0.1691394401122019,0.03048780487804878,1.0,0.019087250799635913,0.04526886646352413,0.03217805863158002,0.01353349180226145,0,1,0.01608902931579001,0.5067667459011307,0,1,0,0
P08,V8_video1_normal,normal,328,10.932620909354185,1,0.2830328971108274,0.2795687325931673,0.28649706162848754,0.16923921849187007,0.030395136778115502,1.0,0.3454447408517335,0.2316986743966959,0.2885717076242147,0.008660161574014278,0,1,0.14428585381210735,0.5043300807870071,0,1,0,0
P08,V8_video1_normal,normal,329,10.96595207066319,1,0.2765209541061171,0.27437302309346767,0.2786688851187665,0.1709384115542082,0.030303030303030304,1.0,0.19299027945246683,0.19105905196445283,0.19202466570845983,0.018743018313425317,0,1,0.09601233285422991,0.5093715091567127,0,1,0,0
P08,V8_video1_normal,normal,330,10.999283231972198,1,0.2695978204446574,0.25459155389088606,0.2846040869984288,0.1643071205125873,0.030211480362537766,1.0,0.030189838290795246,0.01716006189188779,0.023674950091341518,0.11769047111168211,0,1,0.011837475045670759,0.5588452355558411,0,1,0,0
P08,V8_video1_normal,normal,331,11.032614393281206,1,0.2777954501183686,0.26777255932558125,0.287818340911156,0.16640329099542472,0.030120481927710843,1.0,0.0694324925708899,0.016466931859500322,0.04294971221519511,0.03275411497097182,0,1,0.021474856107597556,0.5163770574854859,0,1,0,0
P08,V8_video1_normal,normal,332,11.065945554590211,1,0.2817326974959385,0.27290164534894773,0.29056374964292925,0.16659365014661157,0.03003003003003003,1.0,0.05701891824701932,0.08857706485084405,0.07279799154893168,0.05843695912064044,0,1,0.03639899577446584,0.5292184795603202,0,1,0,0
P08,V8_video1_normal,normal,333,11.099276715899219,1,0.2856800766192444,0.2768531251375897,0.29450702810089907,0.16699027297344823,0.029940119760479042,1.0,0.049996083865862295,0.03037293554019016,0.04018450970302623,0.027354804729680205,0,1,0.020092254851513114,0.51367740236484,0,1,0,0
P08,V8_video1_normal,normal,334,11.132607877208224,1,0.285858845005291,0.27771903349454996,0.293998656516032,0.16741485268596115,0.029850746268656716,1.0,0.11397346411371745,0.040523882030397695,0.07724867307205757,0.009227487607359142,0,1,0.038624336536028786,0.5046137438036795,0,1,0,0
P08,V8_video1_normal,normal,335,11.165939038517232,1,0.27797800142914486,0.2695439543504773,0.2864120485078124,0.16557496471784636,0.02976190476190476,1.0,0.0593509462848143,0.03426414463884808,0.04680754546183119,0.038038006242150105,0,1,0.023403772730915595,0.5190190031210751,0,1,0,0
P08,V8_video1_normal,normal,336,11.199270199826238,1,0.284678799663347,0.27517846755259395,0.2941791317741001,0.16620120281140952,0.02967359050445104,1.0,0.0376863856398717,0.028544112028986324,0.03311524883442901,0.022058360608728043,0,1,0.016557624417214506,0.5110291803043641,0,1,0,0
P08,V8_video1_normal,normal,337,11.232601361135245,1,0.2882014307914563,0.2791001965971978,0.2973026649857149,0.16834864056821602,0.029585798816568046,1.0,0.024260380111427948,0.04953691087090928,0.036898645491168613,0.01241991284369927,0,1,0.018449322745584307,0.5062099564218496,0,1,0,0
P08,V8_video1_normal,normal,338,11.26593252244425,1,0.28619344100087457,0.2759327699735975,0.29645411202815164,0.1688988983636635,0.029498525073746312,1.0,0.027134971537690622,0.03307305252140447,0.030104012029547544,0.013881613086785016,0,1,0.015052006014773772,0.5069408065433925,0,1,0,0
P08,V8_video1_normal,normal,339,11.299263683753258,1,0.2918213196378924,0.2843978504213749,0.29924478885440986,0.16970825399570272,0.029411764705882353,1.0,0.003041739817809863,0.05061587999916417,0.026828809908487017,0.01706903770720084,0,1,0.013414404954243508,0.5085345188536005,0,1,0,0
P08,V8_video1_normal,normal,340,11.332594845062264,1,0.28629070680491453,0.278647190509219,0.2939342231006101,0.1700215092471027,0.02932551319648094,1.0,0.0999580759524279,0.023876418762063478,0.061917247357245686,0.002395992191631508,0,1,0.030958623678622843,0.5011979960958157,0,1,0,0
P08,V8_video1_normal,normal,341,11.365926006371271,1,0.27535966564060566,0.26723349962221726,0.2834858316589941,0.16838930316125927,0.029239766081871343,1.0,0.03982885432271299,0.051391458100600085,0.04561015621165654,0.005834805358094469,0,1,0.02280507810582827,0.5029174026790473,0,1,0,0
P08,V8_video1_normal,normal,342,11.399257167680277,1,0.2880400096446508,0.27804335719358686,0.2980366620957147,0.16884659354996942,0.029154518950437316,1.0,0.05374419332047953,0.032444578390588896,0.04309438585553421,0.007579274649051414,0,1,0.021547192927767106,0.5037896373245258,0,1,0,0
P08,V8_video1_normal,normal,343,11.432588328989285,1,0.2891122276644085,0.28024367000498895,0.2979807853238281,0.1688603037463914,0.029069767441860465,1.0,0.11685115762166409,0.08123950023927784,0.09904532893047097,0.006070305495928117,0,1,0.04952266446523548,0.5030351527479641,0,1,0,0
P08,V8_video1_normal,normal,344,11.465919490298292,1,0.28511920745041985,0.2769287815951032,0.2933096333057365,0.168023841281907,0.028985507246376812,1.0,0.102481763115437,0.04485704498646137,0.07366940405094918,0.01562424663570586,0,1,0.03683470202547459,0.507812123317853,0,1,0,0
P08,V8_video1_normal,normal,345,11.499250651607298,1,0.28642874901937887,0.27754087767603974,0.29531662036271794,0.16770216249141717,0.028901734104046242,1.0,0.0945354420105522,0.020880150365615968,0.05770779618808408,0.0074055828893284876,0,1,0.02885389809404204,0.5037027914446642,0,1,0,0
P08,V8_video1_normal,normal,346,11.532581812916305,1,0.2872916049392213,0.2788662993841638,0.2957169104942788,0.16710795501294554,0.02881844380403458,1.0,0.10882022106773193,0.028272183047707955,0.06854620205771994,0.0074055828893284876,0,1,0.03427310102885997,0.5037027914446642,0,1,0,0
P08,V8_video1_normal,normal,347,11.565912974225311,1,0.2876156535922013,0.2785926834377355,0.2966386237466671,0.1688361101268429,0.028735632183908046,1.0,0.0704126214007954,0.01371545472340141,0.04206403806209841,0.005803825028807488,0,1,0.021032019031049204,0.5029019125144037,0,1,0,0
P08,V8_video1_normal,normal,348,11.599244135534319,1,0.2823130658996402,0.27262726811963,0.2919988636796505,0.16695578298217012,0.02865329512893983,1.0,0.09004795366741813,0.008696770460697834,0.049372362064057984,0.012512197474054266,0,1,0.024686181032028992,0.5062560987370271,0,1,0,0
P08,V8_video1_normal,normal,349,11.632575296843324,1,0.29529377815181945,0.2856321326216709,0.30495542368196793,0.168093271939346,0.02857142857142857,1.0,0.21061163634887814,0.015760747680508613,0.11318619201469338,0.030236698801088965,0,1,0.05659309600734669,0.5151183494005445,0,1,0,0
P08,V8_video1_normal,normal,350,11.665906458152332,1,0.2893851801083696,0.2745293757574104,0.30424098445932884,0.1664961903216415,0.02849002849002849,1.0,0.48379877948992245,0.012163390825067233,0.24798108515749484,0.020451744381393806,0,1,0.12399054257874742,0.5102258721906969,0,1,0,0
P08,V8_video1_normal,normal,351,11.699237619461337,1,0.29780839606026266,0.28629204583211815,0.30932474628840717,0.16795412816154323,0.028409090909090908,1.0,0.11989245551878214,0.004738907485953958,0.06231568150236805,0.01825226517575717,0,1,0.031157840751184024,0.5091261325878785,0,1,0,0
P08,V8_video1_normal,normal,352,11.732568780770345,1,0.2928392138182805,0.2806744349038275,0.30500399273273354,0.16626374843971917,0.028328611898016998,1.0,0.3589854432202616,0.002450263018071941,0.18071785311916677,0.013905615125945434,0,1,0.09035892655958339,0.5069528075629727,0,1,0,0
P08,V8_video1_normal,normal,353,11.76589994207935,1,0.3025235486185058,0.29034703184164423,0.3147000653953673,0.16760595063024814,0.02824858757062147,1.0,0.13310496294001894,0.015798375269587384,0.07445166910480316,0.014409784449742861,0,1,0.03722583455240158,0.5072048922248714,0,1,0,0
P08,V8_video1_normal,normal,354,11.799231103388358,1,0.30257613483808043,0.29559970752545117,0.3095525621507097,0.16753988259796465,0.028169014084507043,1.0,0.08987195403262183,0.028343239300605894,0.05910759666661386,0.004152115095057712,0,1,0.02955379833330693,0.5020760575475288,0,1,0,0
P08,V8_video1_normal,normal,355,11.832562264697364,1,0.30279374997982106,0.28874055388366693,0.3168469460759752,0.1661750711551073,0.028089887640449437,1.0,0.1550192814462209,0.016911868712011446,0.08596557507911617,0.0039062647061589165,0,1,0.04298278753955809,0.5019531323530795,0,1,0,0
P08,V8_video1_normal,normal,356,11.865893426006371,1,0.3055437200105229,0.28729736801004335,0.3237900720110024,0.16638338411015918,0.028011204481792718,1.0,0.20066395187291097,0.0053361546194192755,0.10300005324616512,0.01394146548927852,0,1,0.05150002662308256,0.5069707327446392,0,1,0,0
P08,V8_video1_normal,normal,357,11.899224587315377,1,0.3058120608322865,0.2891228133499761,0.322501308314597,0.16549193562227008,0.027932960893854747,1.0,0.12399009034683128,0.001711434419168656,0.06285076238299997,0.028862652571206716,0,1,0.031425381191499985,0.5144313262856034,0,1,0,0
P08,V8_video1_normal,normal,358,11.932555748624385,1,0.2964671022740869,0.2764529553557417,0.31648124919243215,0.16651570158654375,0.027855153203342618,1.0,0.10573433839691182,0.0020590923921942617,0.05389671539455304,0.012479212003532556,0,1,0.02694835769727652,0.5062396060017663,0,1,0,0
P08,V8_video1_normal,normal,359,11.965886909933392,1,0.29423186602592366,0.27623960479644605,0.3122241272554012,0.16624361707417704,0.027777777777777776,1.0,0.1087310044040194,0.000441490843311132,0.05458624762366526,0.010557828835826765,0,1,0.02729312381183263,0.5052789144179134,0,1,0,0
P08,V8_video1_normal,normal,360,11.999218071242398,1,0.295209411862534,0.27586263958608814,0.3145561841389799,0.16729658225342625,0.027700831024930747,1.0,0.25353152390165345,0.0026043914368170107,0.12806795766923523,0.010507379189791664,0,1,0.06403397883461762,0.5052536895948958,0,1,0,0
P08,V8_video1_normal,normal,361,12.032549232551405,1,0.2858717279919638,0.27000928145545,0.30173417452847767,0.16499715309924604,0.027624309392265192,1.0,0.2913119042272082,0.004890373718013263,0.14810113897261074,0.004152698747874345,0,1,0.07405056948630537,0.5020763493739372,0,1,0,0
P08,V8_video1_normal,normal,362,12.065880393860411,1,0.29708795136890603,0.28031918218941027,0.3138567205484018,0.16488605970208858,0.027548209366391185,1.0,0.46142368516657184,0.0029128928193900006,0.23216828899298092,0.003547669593621557,0,1,0.11608414449649046,0.5017738347968108,0,1,0,0
P08,V8_video1_normal,normal,363,12.099211555169418,1,0.30170357185666735,0.2860089450972338,0.3173981986161009,0.16594074324242541,0.027472527472527472,1.0,0.34725622687496127,0.005847734115332237,0.17655198049514675,0.01516493064737677,0,1,0.08827599024757338,0.5075824653236883,0,1,0,0
P08,V8_video1_normal,normal,364,12.132542716478424,1,0.3063435133417671,0.2958137511704828,0.3168732755130515,0.16646999504731932,0.0273972602739726,1.0,0.2555124058015602,0.01109302769738263,0.13330271674947142,0.010499945297379161,0,1,0.06665135837473571,0.5052499726486895,0,1,0,0
P08,V8_video1_normal,normal,365,12.165873877787432,1,0.31145257400878357,0.29938054470635134,0.32352460331121585,0.16581706463947682,0.0273224043715847,1.0,0.187245987948919,0.013429644576778199,0.1003378162628486,0.015928657548837148,0,1,0.0501689081314243,0.5079643287744185,0,1,0,0
P08,V8_video1_normal,normal,366,12.199205039096437,1,0.307482889036465,0.2951189682841704,0.31984680978875957,0.1659139685170138,0.027247956403269755,1.0,0.19811638148221344,0.0056206679884991395,0.10186852473535629,0.010042323383801167,0,1,0.050934262367678146,0.5050211616919006,0,1,0,0
P08,V8_video1_normal,normal,367,12.232536200405445,1,0.2936431283131582,0.2827362892056133,0.3045499674207031,0.16614953372766145,0.02717391304347826,1.0,0.05413050032281286,0.0029488377925769305,0.028539669057694894,0.00936764905476658,0,1,0.014269834528847447,0.5046838245273833,0,1,0,0
P08,V8_video1_normal,normal,368,12.26586736171445,1,0.28791259166205696,0.2748895637317775,0.3009356195923364,0.1666127686641218,0.02710027100271003,1.0,0.12597874931244668,0.001672073447382072,0.06382541137991438,0.006443149487813501,0,1,0.03191270568995719,0.5032215747439067,0,1,0,0
P08,V8_video1_normal,normal,369,12.299198523023458,1,0.2961050073118013,0.28404997832329587,0.3081600363003067,0.16605984913100097,0.02702702702702703,1.0,0.15908756716066408,0.023279777521309275,0.09118367234098668,0.005435801569958918,0,1,0.04559183617049334,0.5027179007849795,0,1,0,0
P08,V8_video1_normal,normal,370,12.332529684332464,1,0.2916137817469685,0.2783154065096108,0.30491215698432617,0.16584335253880847,0.026954177897574125,1.0,0.08387713973570143,0.004112963446258888,0.04399505159098016,0.008804598223259536,0,1,0.02199752579549008,0.5044022991116298,0,1,0,0
P08,V8_video1_normal,normal,371,12.365860845641471,1,0.29318877585411596,0.276492551859886,0.30988499984834594,0.167382727769816,0.026881720430107527,1.0,0.11680424582622129,0.001935692156031732,0.05936996899112651,0.01509890632868295,0,1,0.029684984495563255,0.5075494531643415,0,1,0,0
P08,V8_video1_normal,normal,372,12.399192006950479,1,0.29523795157628585,0.2820581239625958,0.3084177791899759,0.16707796096961236,0.02680965147453083,1.0,0.041680881974966,0.0057045087365661384,0.02369269535576607,0.01345675574230971,0,1,0.011846347677883035,0.5067283778711549,0,1,0,0
P08,V8_video1_normal,normal,373,12.432523168259484,1,0.29702829496002614,0.2830662671199314,0.31099032280012096,0.16721652417560617,0.026737967914438502,1.0,0.2539807678632642,0.029031058938603693,0.14150591340093394,0.023343588011565868,0,1,0.07075295670046697,0.5116717940057829,0,1,0,0
P08,V8_video1_normal,normal,374,12.465854329568492,1,0.3063302141774071,0.29499964671073264,0.3176607816440815,0.16731770350945088,0.02666666666666667,1.0,0.12710417514551342,0.003471130874505013,0.06528765301000922,0.004988608977811927,0,1,0.03264382650500461,0.502494304488906,0,1,0,0
P08,V8_video1_normal,normal,375,12.499185490877498,1,0.3043157868839364,0.29371294072032533,0.31491863304754747,0.16694212534639266,0.026595744680851064,1.0,0.26343395480279364,0.003843765106149477,0.13363885995447156,0.003943574562152459,0,1,0.06681942997723578,0.5019717872810763,0,1,0,0
P08,V8_video1_normal,normal,376,12.532516652186505,1,0.29990408028037296,0.28812035564311933,0.31168780491762665,0.16684318556098732,0.026525198938992044,1.0,0.11746235161620444,0.03992025047878767,0.07869130104749605,0.01872418994892339,0,1,0.03934565052374803,0.5093620949744617,0,1,0,0
P08,V8_video1_normal,normal,377,12.56584781349551,1,0.2987641287555278,0.28874072751100666,0.30878753000004894,0.16709355951245178,0.026455026455026454,1.0,0.09212594245229755,0.030301754980498585,0.06121384871639807,0.013597561276261052,0,1,0.030606924358199034,0.5067987806381306,0,1,0,0
P08,V8_video1_normal,normal,378,12.599178974804518,1,0.2959146321845855,0.2890286782487064,0.3028005861204646,0.16747888825287166,0.026385224274406333,1.0,0.06581951071388636,0.021930143235574517,0.04387482697473044,0.04895071947379681,0,1,0.02193741348736522,0.5244753597368984,0,1,0,0
P08,V8_video1_normal,normal,379,12.632510136113524,1,0.3017171013285175,0.29200798251882987,0.31142622013820503,0.16754616755537574,0.02631578947368421,1.0,0.049289997100206207,0.01794418916239582,0.03361709313130101,0.015261472450818289,0,1,0.016808546565650506,0.5076307362254091,0,1,0,0
P08,V8_video1_normal,normal,380,12.665841297422531,1,0.30349549419589694,0.2945634594268923,0.3124275289649015,0.16824439953390616,0.026246719160104987,1.0,0.05290095183204935,0.009775010229423398,0.03133798103073637,0.020426387805208557,0,1,0.015668990515368186,0.5102131939026042,0,1,0,0
P08,V8_video1_normal,normal,381,12.699172458731537,1,0.29341376793529395,0.28455669584364457,0.3022708400269433,0.16668913686736475,0.02617801047120419,1.0,0.11453741222509506,0.00904334698479825,0.061790379604946655,0.016899331459758856,0,1,0.030895189802473327,0.5084496657298794,0,1,0,0
P08,V8_video1_normal,normal,382,12.732503620040545,1,0.3088466316952489,0.2993731100793917,0.3183201533111061,0.16907096374547625,0.02610966057441253,1.0,0.0694611968503176,0.010762009490813185,0.04011160317056539,0.017048752992225417,0,1,0.020055801585282695,0.5085243764961127,0,1,0,0
P08,V8_video1_normal,normal,383,12.76583478134955,1,0.30758827597087246,0.2957830359800608,0.3193935159616842,0.1697047809373795,0.026041666666666668,1.0,0.05300234003832638,0.003010164581937813,0.028006252310132096,0.02685624243379659,0,1,0.014003126155066048,0.5134281212168983,0,1,0,0
P08,V8_video1_normal,normal,384,12.799165942658558,1,0.3064995123955317,0.2937976940512618,0.31920133073980156,0.1687792884789181,0.025974025974025976,1.0,0.04460441352508637,0.006529356336965053,0.025566884931025713,0.01141643366362666,0,1,0.012783442465512856,0.5057082168318133,0,1,0,0
P08,V8_video1_normal,normal,385,12.832497103967565,1,0.305218894912985,0.2985317456036089,0.31190604422236107,0.16878989714239195,0.025906735751295335,1.0,0.10982069863756694,0.015407116889961658,0.0626139077637643,0.012567717725662063,0,1,0.03130695388188215,0.506283858862831,0,1,0,0
P08,V8_video1_normal,normal,386,12.865828265276571,1,0.2993662817763969,0.29133140461266815,0.30740115894012565,0.1676793651006746,0.025839793281653745,1.0,0.07503400610697941,0.00908563831299547,0.04205982220998744,0.017092822641285546,0,1,0.02102991110499372,0.5085464113206428,0,1,0,0
P08,V8_video1_normal,normal,387,12.899159426585578,1,0.30342189764292954,0.29380589325272977,0.3130379020331293,0.1680827148105655,0.02577319587628866,1.0,0.08865214077170835,0.013492778500103886,0.05107245963590612,0.031090164809766962,0,1,0.02553622981795306,0.5155450824048835,0,1,0,0
P08,V8_video1_normal,normal,388,12.932490587894584,1,0.29451185189165024,0.28210406578547814,0.30691963799782235,0.16622801460063824,0.02570694087403599,1.0,0.25389054287178325,0.07029934653323633,0.1620949447025098,0.010469298406978604,0,1,0.0810474723512549,0.5052346492034893,0,1,0,0
P08,V8_video1_normal,normal,389,12.965821749203592,1,0.29910199174149676,0.28852866845561465,0.3096753150273789,0.16935591754826276,0.02564102564102564,1.0,0.10781665334728374,0.012331581255886181,0.06007411730158496,0.014016207225023499,0,1,0.03003705865079248,0.5070081036125117,0,1,0,0
P08,V8_video1_normal,normal,390,12.999152910512597,1,0.2987961401381529,0.2901655957045993,0.3074266845717066,0.16519417033327727,0.02557544757033248,1.0,0.02741287575315321,0.007464567396169075,0.017438721574661142,0.06932326104609621,0,1,0.008719360787330571,0.534661630523048,0,1,0,0
P08,V8_video1_normal,normal,391,13.032484071821605,1,0.2907916281373599,0.2821000719385742,0.2994831843361456,0.16516030624052583,0.025510204081632654,1.0,0.022491056792226738,0.008018203973116034,0.015254630382671386,0.010710791796690647,0,1,0.007627315191335693,0.5053553958983453,0,1,0,0
P08,V8_video1_normal,normal,392,13.06581523313061,1,0.2932807375515115,0.2839893185689872,0.3025721565340359,0.16510065624662384,0.02544529262086514,1.0,0.1051485820778627,0.011909083997574399,0.05852883303771855,0.007913548369407428,0,1,0.029264416518859276,0.5039567741847037,0,1,0,0
P08,V8_video1_normal,normal,393,13.099146394439618,1,0.29404915631523154,0.28557876975599955,0.3025195428744635,0.16511752811899635,0.025380710659898477,1.0,0.17840701602424458,0.11515297272594827,0.14677999437509642,0.004763593072812544,0,1,0.07338999718754821,0.5023817965364062,0,1,0,0
P08,V8_video1_normal,normal,394,13.132477555748624,1,0.29246037773949896,0.2839306278949067,0.3009901275840912,0.1654179813126608,0.02531645569620253,1.0,0.32142219364678437,0.06243774848984529,0.19192997106831483,0.015373618308032702,0,1,0.09596498553415742,0.5076868091540163,0,1,0,0
P08,V8_video1_normal,normal,395,13.165808717057631,1,0.290168099118542,0.2819113150006835,0.2984248832364006,0.16556568479125594,0.025252525252525252,1.0,0.214649395994032,0.019390821075530695,0.11702010853478134,0.00603363960978699,0,1,0.05851005426739067,0.5030168198048935,0,1,0,0
P08,V8_video1_normal,normal,396,13.199139878366637,1,0.2885493991296718,0.276595060109689,0.3005037381496547,0.1656127486189891,0.02518891687657431,1.0,0.050707442015598736,0.03011468607201273,0.04041106404380573,0.016801196951391976,0,1,0.020205532021902867,0.508400598475696,0,1,0,0
P08,V8_video1_normal,normal,397,13.232471039675644,1,0.29952172617582046,0.2877187248958538,0.3113247274557871,0.16614452523492607,0.02512562814070352,1.0,0.20259910337444764,0.016701727422496204,0.10965041539847192,0.017011483654861614,0,1,0.05482520769923596,0.5085057418274308,0,1,0,0
P08,V8_video1_normal,normal,398,13.26580220098465,1,0.29811174986334527,0.28652883512448185,0.3096946646022087,0.16653000849353547,0.02506265664160401,1.0,0.2517607307022266,0.006090844163012976,0.1289257874326198,0.002931086273296096,0,1,0.0644628937163099,0.501465543136648,0,1,0,0
P08,V8_video1_normal,normal,399,13.299133362293658,1,0.30029093106567994,0.2884175272943994,0.3121643348369605,0.16565679143847226,0.025,1.0,0.06841435389437167,0.028808084345702478,0.048611219120037075,0.03164744020046472,0,1,0.024305609560018537,0.5158237201002324,0,1,0,0
P08,V8_video1_normal,normal,400,13.332464523602665,1,0.3004382873396556,0.29089400525334924,0.30998256942596203,0.16539262026394433,0.02493765586034913,1.0,0.1810004245755532,0.005282135578111857,0.09314128007683253,0.018245520514519904,0,1,0.04657064003841627,0.50912276025726,0,1,0,0
P08,V8_video1_normal,normal,401,13.36579568491167,1,0.29568848014352356,0.2821693294862655,0.3092076308007816,0.16549516383709229,0.024875621890547265,1.0,0.2695820170687522,0.019890044390823536,0.14473603072978786,0.014447743898200985,0,1,0.07236801536489393,0.5072238719491005,0,1,0,0
P08,V8_video1_normal,normal,402,13.399126846220678,1,0.30076653203985027,0.28995675534967363,0.31157630873002695,0.16521988444147367,0.02481389578163772,1.0,0.018623605592314796,0.015050911630656194,0.016837258611485495,0.018388921393416472,0,1,0.008418629305742747,0.5091944606967083,0,1,0,0
P08,V8_video1_normal,normal,403,13.432458007529684,1,0.29208171415612194,0.28033001575908534,0.30383341255315854,0.16556678951962878,0.024752475247524754,1.0,0.2605853414683714,0.10281788225032329,0.18170161185934736,0.004412817036190528,0,1,0.09085080592967368,0.5022064085180953,0,1,0,0
P08,V8_video1_normal,normal,404,13.465789168838691,1,0.30225533399831706,0.29275862511791156,0.3117520428787225,0.167228402255201,0.024691358024691357,1.0,0.048297392957612595,0.03551676602666798,0.04190707949214029,0.005880115234576677,0,1,0.020953539746070143,0.5029400576172883,0,1,0,0
P08,V8_video1_normal,normal,405,13.499120330147697,1,0.2906172110803473,0.27769106366731044,0.3035433584933842,0.16631103102321734,0.024630541871921183,1.0,0.11024709322789905,0.04029788904238163,0.07527249113514034,0.0030529872638869553,0,1,0.03763624556757017,0.5015264936319435,0,1,0,0
P08,V8_video1_normal,normal,406,13.532451491456705,1,0.2956859456295786,0.281715580240935,0.3096563110182223,0.16659050995043762,0.02457002457002457,1.0,0.1723912401221629,0.019185529614676122,0.09578838486841951,0.0019224214842011444,0,1,0.047894192434209754,0.5009612107421005,0,1,0,0
P08,V8_video1_normal,normal,407,13.56578265276571,1,0.29940666295368973,0.28724104982850024,0.3115722760788792,0.167448311691811,0.024509803921568627,1.0,0.5059969827551294,0.022085470810861096,0.26404122678299524,0.0018264193230253256,0,1,0.13202061339149762,0.5009132096615126,0,1,0,0
P08,V8_video1_normal,normal,408,13.599113814074718,1,0.29749692529351657,0.28463599286468877,0.3103578577223444,0.16704041956362267,0.02444987775061125,1.0,0.15475610110827354,0.04664974469131422,0.10070292289979388,0.001888041915720951,0,1,0.05035146144989694,0.5009440209578605,0,1,0,0
P08,V8_video1_normal,normal,409,13.632444975383724,1,0.30135302305741607,0.2910296134275596,0.31167643268727246,0.16841446485175016,0.024390243902439025,1.0,0.07434441986674944,0.007473793694684483,0.040909106780716964,0.003928831387891887,0,1,0.020454553390358482,0.5019644156939459,0,1,0,0
P08,V8_video1_normal,normal,410,13.665776136692731,1,0.3044065935482192,0.29441479512402313,0.3143983919724152,0.16820007832190595,0.024330900243309004,1.0,0.21067224944614116,0.05206235217231414,0.13136730080922765,0.0022098108719185287,0,1,0.06568365040461382,0.5011049054359593,0,1,0,0
P08,V8_video1_normal,normal,411,13.699107298001737,1,0.29410095529675584,0.2849347416783426,0.3032671689151691,0.16616797898165564,0.024271844660194174,1.0,0.08860430428319122,0.04492269156649953,0.06676349792484537,0.003943361042806981,0,1,0.033381748962422686,0.5019716805214035,0,1,0,0
P08,V8_video1_normal,normal,412,13.732438459310744,1,0.29606738178930486,0.2864700855265036,0.3056646780521061,0.16711960212135335,0.024213075060532687,1.0,0.09450422197405739,0.02297578031383196,0.058740001143944676,0.0032972280641925286,0,1,0.029370000571972338,0.5016486140320963,0,1,0,0
P08,V8_video1_normal,normal,413,13.765769620619752,1,0.29978571933674186,0.28856808692303754,0.3110033517504462,0.16523383573035483,0.024154589371980676,1.0,0.3670868971124399,0.0015562960150095062,0.1843215965637247,0.002891281003481902,0,1,0.09216079828186236,0.5014456405017409,0,1,0,0
P08,V8_video1_normal,normal,414,13.799100781928757,1,0.29279583492340916,0.28142242653769384,0.3041692433091245,0.1656791203074245,0.024096385542168676,1.0,0.28233174771445213,0.06263908531645812,0.17248541651545513,0.0010980342046757298,0,1,0.08624270825772756,0.5005490171023379,0,1,0,0
P08,V8_video1_normal,normal,415,13.832431943237765,1,0.29495396895223863,0.2828134100798897,0.30709452782458757,0.1659148373050582,0.02403846153846154,1.0,0.48384524104724747,0.04772124300116809,0.2657832420242078,0.001729370692475545,0,1,0.1328916210121039,0.5008646853462377,0,1,0,0
P08,V8_video1_normal,normal,416,13.86576310454677,1,0.29397097021139373,0.28004578162647514,0.30789615879631227,0.1650881769923814,0.023980815347721823,1.0,0.4695398427445071,0.03080069891276893,0.250170270828638,0.0015223077784602417,0,1,0.125085135414319,0.5007611538892301,0,1,0,0
P08,V8_video1_normal,normal,417,13.899094265855778,1,0.2974821176742034,0.2855323527811013,0.3094318825673055,0.16520953256802762,0.023923444976076555,1.0,0.24223831882490066,0.0169503696044645,0.12959434421468258,0.0012989325118330486,0,1,0.06479717210734129,0.5006494662559166,0,1,0,0
P08,V8_video1_normal,normal,418,13.932425427164784,1,0.3004115472402355,0.28734524941112904,0.31347784506934195,0.1658295322375565,0.02386634844868735,1.0,0.105526869286374,0.013541929261091767,0.059534399273732885,0.008300374103191283,0,1,0.029767199636866443,0.5041501870515956,0,1,0,0
P08,V8_video1_normal,normal,419,13.965756588473791,1,0.30499014346668796,0.2913466347045509,0.318633652228825,0.1664708736133825,0.023809523809523808,1.0,0.2480217529598595,0.01161300476878857,0.12981737886432404,0.00622026958568222,0,1,0.06490868943216202,0.5031101347928411,0,1,0,0
P08,V8_video1_normal,normal,420,13.999087749782797,1,0.28937290623121636,0.27462589215162714,0.3041199203108056,0.16536051655062275,0.023752969121140142,1.0,0.1450910815055494,0.009669988099098248,0.07738053480232382,0.00822578271323776,0,1,0.03869026740116191,0.5041128913566189,0,1,0,0
P08,V8_video1_normal,normal,421,14.032418911091805,1,0.2826796886499002,0.27067084812063613,0.2946885291791642,0.16543846450424946,0.023696682464454975,1.0,0.06858304728697961,0.0032880406549037344,0.035935543970941675,0.013249259168510278,0,1,0.017967771985470837,0.5066246295842551,0,1,0,0
P08,V8_video1_normal,normal,422,14.06575007240081,1,0.2840246967016645,0.2743153088349591,0.2937340845683699,0.16585481589933737,0.02364066193853428,1.0,0.3398802928448341,0.012346143697503309,0.17611321827116871,0.015240189200478184,0,1,0.08805660913558436,0.507620094600239,0,1,0,0
P08,V8_video1_normal,normal,423,14.099081233709818,1,0.2916263618672769,0.28191504705465525,0.3013376766798986,0.1655438091578152,0.02358490566037736,1.0,0.368395432606178,0.00645938485560793,0.18742740873089297,0.008348184076029648,0,1,0.09371370436544649,0.5041740920380148,0,1,0,0
P08,V8_video1_normal,normal,424,14.132412395018823,1,0.2908864434777594,0.2803029808985234,0.30146990605699536,0.1657878344926743,0.023529411764705882,1.0,0.4940747133026947,0.009877085078799475,0.2519758991907471,0.04090338639463766,0,1,0.12598794959537354,0.5204516931973189,0,1,0,0
P08,V8_video1_normal,normal,425,14.16574355632783,1,0.299813726976893,0.2911421399564918,0.30848531399729423,0.1666273671305696,0.023474178403755867,1.0,0.2836410638249055,0.0006715286547475108,0.1421562962398265,0.04872840016328483,0,1,0.07107814811991325,0.5243642000816424,0,1,0,0
P08,V8_video1_normal,normal,426,14.199074717636837,1,0.293543623939655,0.28349285369008836,0.30359439418922163,0.16466016888446866,0.0234192037470726,1.0,0.17776284381416185,0.0039379276698249255,0.09085038574199339,0.15646391671755938,0,1,0.045425192870996695,0.5782319583587797,0,1,0,0
P08,V8_video1_normal,normal,427,14.232405878945844,1,0.29589584287169723,0.2822092486439018,0.3095824370994926,0.1645854993986854,0.02336448598130841,1.0,0.27320511481484633,0.0028398172439900726,0.1380224660294182,0.010800119354438148,0,1,0.0690112330147091,0.5054000596772191,0,1,0,0
P08,V8_video1_normal,normal,428,14.265737040254852,1,0.2937536661820597,0.28445444223361155,0.3030528901305079,0.165672935143414,0.023310023310023312,1.0,0.17312039491247377,0.006544502166815014,0.0898324485396444,0.006086002276482388,0,1,0.0449162242698222,0.5030430011382412,0,1,0,0
P08,V8_video1_normal,normal,429,14.299068201563857,1,0.2881639865796476,0.2783898351133533,0.2979381380459419,0.1649590465276809,0.023255813953488372,1.0,0.30954747937891114,0.006118476674801032,0.15783297802685609,0.0036382366014309896,0,1,0.07891648901342804,0.5018191183007155,0,1,0,0
P08,V8_video1_normal,normal,430,14.332399362872865,1,0.28739318887451304,0.27751830673965666,0.2972680710093695,0.1648809897883044,0.02320185614849188,1.0,0.06685486723820788,0.006707277349316643,0.03678107229376226,0.003015196004832018,0,1,0.01839053614688113,0.501507598002416,0,1,0,0
P08,V8_video1_normal,normal,431,14.36573052418187,1,0.29227092054782644,0.2825190428654849,0.3020227982301679,0.16506636757625975,0.023148148148148147,1.0,0.059585511646717104,0.0019324503200527365,0.03075898098338492,0.00784746435488122,0,1,0.01537949049169246,0.5039237321774406,0,1,0,0
P08,V8_video1_normal,normal,432,14.399061685490878,1,0.298277917629169,0.28713150574907514,0.3094243295092629,0.16406100180526467,0.023094688221709007,1.0,0.12621303611483792,0.0003227511259957794,0.06326789362041685,0.009456421475476243,0,1,0.031633946810208424,0.5047282107377381,0,1,0,0
P08,V8_video1_normal,normal,433,14.432392846799884,1,0.29864891028767143,0.28661045636224797,0.3106873642130949,0.163842461481491,0.02304147465437788,1.0,0.02861565265579491,0.007980799734969901,0.018298226195382405,0.009485538443212427,0,1,0.009149113097691203,0.5047427692216062,0,1,0,0
P08,V8_video1_normal,normal,434,14.465724008108891,1,0.2995897229633938,0.28831185170768486,0.3108675942191027,0.16367837242956992,0.022988505747126436,1.0,0.13837361865706221,0.007980799734969901,0.07317720919601606,0.008529438032266383,0,1,0.03658860459800803,0.5042647190161332,0,1,0,0
P08,V8_video1_normal,normal,435,14.499055169417897,1,0.2993316676047394,0.2865294386185681,0.3121338965909107,0.16404480051344197,0.022935779816513763,1.0,0.03731122959490818,0.002158087242483897,0.01973465841869604,0.01628721413669603,0,1,0.00986732920934802,0.508143607068348,0,1,0,0
P08,V8_video1_normal,normal,436,14.532386330726904,1,0.2974311451586489,0.28518354730150236,0.3096787430157954,0.16452145817182537,0.02288329519450801,1.0,0.04541575486521998,0.00298895986493275,0.024202357365076366,0.022398982576939196,0,1,0.012101178682538183,0.5111994912884696,0,1,0,0
P08,V8_video1_normal,normal,437,14.56571749203591,1,0.2962156304889515,0.2877725170672763,0.3046587439106267,0.16490395917591288,0.0228310502283105,1.0,0.12908906611560678,0.0048260424012096514,0.06695755425840821,0.04442970109159168,0,1,0.03347877712920411,0.5222148505457959,0,1,0,0
P08,V8_video1_normal,normal,438,14.599048653344918,1,0.29081610391368845,0.28407675007754385,0.29755545774983305,0.16579705379926327,0.022779043280182234,1.0,0.27460903978212703,0.003518916046743703,0.13906397791443537,0.022635491733957895,0,1,0.06953198895721768,0.511317745866979,0,1,0,0
P08,V8_video1_normal,normal,439,14.632379814653923,1,0.2861203029310262,0.2765117225355561,0.2957288833264963,0.1653322128766075,0.022727272727272728,1.0,0.02146830718377235,0.0029507001935777932,0.012209503688675072,0.021150661726789727,0,1,0.006104751844337536,0.5105753308633949,0,1,0,0
P08,V8_video1_normal,normal,440,14.66571097596293,1,0.2924766135541209,0.2837677502783039,0.30118547682993796,0.16504583684332547,0.022675736961451247,1.0,0.141050086230312,0.022207890967311683,0.08162898859881185,0.024996090739442554,0,1,0.04081449429940592,0.5124980453697213,0,1,0,0
P08,V8_video1_normal,normal,441,14.699042137271938,1,0.2960803162199387,0.286580267660654,0.30558036477922346,0.16452046270324674,0.02262443438914027,1.0,0.1643981780046303,0.11731732371817538,0.14085775086140284,0.030145822344586046,0,1,0.07042887543070142,0.515072911172293,0,1,0,0
P08,V8_video1_normal,normal,442,14.732373298580944,1,0.2959918786119332,0.28705888272411506,0.3049248744997514,0.16631156137100234,0.022573363431151242,1.0,0.20477635611175382,0.006925629203041739,0.10585099265739778,0.014750038764698895,0,1,0.05292549632869889,0.5073750193823494,0,1,0,0
P08,V8_video1_normal,normal,443,14.765704459889951,1,0.29224050654824574,0.2812286165656562,0.3032523965308353,0.1669783709396349,0.02252252252252252,1.0,0.16843039043517793,0.01558719549047527,0.0920087929628266,0.01814503866496535,0,1,0.0460043964814133,0.5090725193324827,0,1,0,0
P08,V8_video1_normal,normal,444,14.799035621198957,1,0.28758086692913076,0.2783518884382295,0.29680984542003197,0.16647017642659784,0.02247191011235955,1.0,0.06948169561913886,0.007518063372086603,0.03849987949561273,0.01179913470695853,0,1,0.019249939747806366,0.5058995673534793,0,1,0,0
P08,V8_video1_normal,normal,445,14.832366782507965,1,0.2876856948534249,0.2793543419021788,0.29601704780467103,0.16627618787224016,0.02242152466367713,1.0,0.4222213296475481,0.013402971912249817,0.21781215077989896,0.01907628610179309,0,1,0.10890607538994948,0.5095381430508965,0,1,0,0
P08,V8_video1_normal,normal,446,14.86569794381697,1,0.28914336434521004,0.27949211460838297,0.29879461408203717,0.16676611045974893,0.02237136465324385,1.0,0.32933891243904023,0.013708006576975351,0.1715234595080078,0.0056561364043118505,0,1,0.0857617297540039,0.502828068202156,0,1,0,0
P08,V8_video1_normal,normal,447,14.899029105125978,1,0.2969342479881968,0.2910851189873886,0.302783376989005,0.16548921291858454,0.022321428571428572,1.0,0.2166825348692868,0.007494560572394726,0.11208854772084076,0.02274654922319923,0,1,0.05604427386042038,0.5113732746115996,0,1,0,0
P08,V8_video1_normal,normal,448,14.932360266434983,1,0.28947291646594187,0.27872681616739875,0.300219016764485,0.16701248686640668,0.022271714922048998,1.0,0.15756583313241568,0.005610536452927084,0.08158818479267138,0.03365896602667967,0,1,0.04079409239633569,0.5168294830133399,0,1,0,0
P08,V8_video1_normal,normal,449,14.965691427743991,1,0.30467391635193997,0.29597929701765174,0.31336853568622824,0.16743326645381393,0.022222222222222223,1.0,0.28363752742713144,0.0008777713812000432,0.14225764940416574,0.005745703705926648,0,1,0.07112882470208287,0.5028728518529634,0,1,0,0
P08,V8_video1_normal,normal,450,14.999022589052997,1,0.2576585241756771,0.24433407525064266,0.2709829731007115,0.1669561663596957,0.022172949002217297,1.0,0.19651468906248737,0.037767097338914146,0.11714089320070076,0.042439634333900356,0,1,0.05857044660035038,0.5212198171669502,0,1,0,0
P08,V8_video1_normal,normal,451,15.032353750362004,1,0.13678914137748965,0.11638956100747073,0.15718872174750856,0.1679944506697073,0.024390243902439025,1.0,0.3013658723980511,0.11093888321079681,0.20615237780442397,0.04158370054703997,1,1,0.603076188902212,0.52079185027352,1,1,1,0
P08,V8_video1_normal,normal,452,15.06568491167101,1,0.17209829684648664,0.150633048612266,0.1935635450807073,0.167450488754299,0.024390243902439025,1.0,0.6173511528012209,0.2627750910047667,0.4400631219029938,0.01728314423969595,0,1,0.2200315609514969,0.508641572119848,0,1,0,0
P08,V8_video1_normal,normal,453,15.099016072980017,1,0.21116902051699954,0.1967800257016238,0.22555801533237524,0.16565135457402277,0.024390243902439025,1.0,0.11848539024465199,0.11850974657759561,0.1184975684111238,0.020048368792680755,0,1,0.0592487842055619,0.5100241843963403,0,1,0,0
P08,V8_video1_normal,normal,454,15.132347234289025,1,0.23509049232577137,0.22389306772706632,0.2462879169244764,0.16523538684701153,0.022172949002217297,1.0,0.08073012511784428,0.10520817999821408,0.09296915255802918,0.01948497825774905,0,1,0.04648457627901459,0.5097424891288745,0,1,0,0
P08,V8_video1_normal,normal,455,15.16567839559803,1,0.2495084703956111,0.23976030399880938,0.25925663679241284,0.16567465307529344,0.019955654101995565,1.0,0.03675778111188288,0.05276032873753611,0.044759054924709496,0.013511521465470583,0,1,0.022379527462354748,0.5067557607327353,0,1,0,0
P08,V8_video1_normal,normal,456,15.199009556907038,1,0.25196845350591174,0.2419663594537968,0.2619705475580267,0.16554174443950992,0.017738359201773836,1.0,0.09841411523846355,0.04344631226226647,0.07093021375036501,0.015776147951602832,0,1,0.035465106875182506,0.5078880739758014,0,1,0,0
P08,V8_video1_normal,normal,457,15.232340718216044,1,0.2790034793387153,0.27215950868800043,0.2858474499894302,0.16593936636181525,0.017738359201773836,1.0,0.051651678722919314,0.01764524034520809,0.0346484595340637,0.013132136708536064,0,1,0.01732422976703185,0.506566068354268,0,1,0,0
P08,V8_video1_normal,normal,458,15.265671879525051,1,0.27702591133295845,0.27124612046583896,0.28280570220007795,0.16565416846190262,0.017738359201773836,1.0,0.2377363623759755,0.11705426961377596,0.17739531599487574,0.007820075785244138,0,1,0.08869765799743787,0.5039100378926221,0,1,0,0
P08,V8_video1_normal,normal,459,15.299003040834057,1,0.29215070845976304,0.28654636452486826,0.2977550523946578,0.16711882059606553,0.017738359201773836,1.0,0.14310003190788423,0.047071480747364225,0.09508575632762423,0.02682219819676325,0,1,0.04754287816381211,0.5134110990983817,0,1,0,0
P08,V8_video1_normal,normal,460,15.332334202143064,1,0.2836314370808605,0.27422996685531,0.2930329073064111,0.16709872679057922,0.017738359201773836,1.0,0.3238200274908082,0.059604218121770525,0.19171212280628935,0.010595133434040992,0,1,0.09585606140314468,0.5052975667170205,0,1,0,0
P08,V8_video1_normal,normal,461,15.36566536345207,1,0.27839991735241876,0.2668359201054758,0.2899639145993617,0.1670450364300776,0.017738359201773836,1.0,0.42828106329362425,0.011215661729958915,0.21974836251179158,0.008652117017046695,0,1,0.10987418125589579,0.5043260585085233,0,1,0,0
P08,V8_video1_normal,normal,462,15.398996524761078,1,0.2827522295013828,0.27188588681907666,0.293618572183689,0.16600763279368239,0.017738359201773836,1.0,0.16043754507780805,0.013189589045123795,0.08681356706146592,0.0046402203752069675,0,1,0.04340678353073296,0.5023201101876035,0,1,0,0
P08,V8_video1_normal,normal,463,15.432327686070083,1,0.28794896498144695,0.2782764607194325,0.29762146924346145,0.16634135883620932,0.017738359201773836,1.0,0.12508538089280707,0.019133413005724575,0.07210939694926582,0.01675088304610651,0,1,0.03605469847463291,0.5083754415230533,0,1,0,0
P08,V8_video1_normal,normal,464,15.46565884737909,1,0.2956408802181679,0.2872354143773261,0.3040463460590097,0.16608824287434584,0.017738359201773836,1.0,0.11577255601752379,0.001486018031046421,0.058629287024285104,0.011885210141540684,0,1,0.029314643512142552,0.5059426050707704,0,1,0,0
P08,V8_video1_normal,normal,465,15.498990008688097,1,0.27194393256002736,0.26088139304734526,0.2830064720727094,0.16580944332836867,0.017738359201773836,1.0,0.17626891030719583,0.003562874587527687,0.08991589244736176,0.008982618278294888,0,1,0.04495794622368088,0.5044913091391474,0,1,0,0
P08,V8_video1_normal,normal,466,15.532321169997104,1,0.27596314125085036,0.2659262656658178,0.28600001683588294,0.16578510400989685,0.017738359201773836,1.0,0.07617342118590986,0.10943250367197566,0.09280296242894276,0.009602883287054173,0,1,0.04640148121447138,0.5048014416435271,0,1,0,0
P08,V8_video1_normal,normal,467,15.56565233130611,1,0.29529881624111337,0.28892473465465646,0.3016728978275703,0.16626885332637417,0.017738359201773836,1.0,0.12351588269571101,0.018519642003151593,0.0710177623494313,0.005922494989544062,0,1,0.03550888117471565,0.502961247494772,0,1,0,0
P08,V8_video1_normal,normal,468,15.598983492615117,1,0.2944317583029217,0.2871694581631637,0.3016940584426796,0.16649367038184806,0.017738359201773836,1.0,0.10089136061140713,0.007084983846429194,0.05398817222891816,0.0037217227951021788,0,1,0.02699408611445908,0.501860861397551,0,1,0,0
P08,V8_video1_normal,normal,469,15.632314653924125,1,0.2901742114863981,0.28239873755924916,0.29794968541354705,0.16529131136807523,0.017738359201773836,1.0,0.1586313892843555,0.060040266599206804,0.10933582794178115,0.007074827104796908,0,1,0.054667913970890575,0.5035374135523984,0,1,0,0
P08,V8_video1_normal,normal,470,15.66564581523313,1,0.295775948709872,0.2872468604946747,0.3043050369250694,0.16600136925943412,0.017738359201773836,1.0,0.020539603340386403,0.03313230751503915,0.026835955427712777,0.0049049634804979,0,1,0.013417977713856388,0.5024524817402489,0,1,0,0
P08,V8_video1_normal,normal,471,15.698976976542138,1,0.2952860105762919,0.28703249682412596,0.3035395243284578,0.166212977097335,0.017738359201773836,1.0,0.1626754448119372,0.00981180899511458,0.08624362690352588,0.004583822634098391,0,1,0.04312181345176294,0.5022919113170492,0,1,0,0
P08,V8_video1_normal,normal,472,15.732308137851144,1,0.3001535103402316,0.291483688961018,0.30882333171944515,0.16738030611206578,0.017738359201773836,1.0,0.12515353683575925,0.019161524013254216,0.07215753042450673,0.0019821706719764455,0,1,0.036078765212253366,0.5009910853359882,0,1,0,0
P08,V8_video1_normal,normal,473,15.765639299160151,1,0.30358675083657094,0.296810786677002,0.3103627149961398,0.16746742252779387,0.017738359201773836,1.0,0.06677481628241111,0.023457839661562785,0.04511632797198695,0.004378067439034638,0,1,0.022558163985993473,0.5021890337195173,0,1,0,0
P08,V8_video1_normal,normal,474,15.798970460469157,1,0.3001510161073252,0.292553052048284,0.3077489801663663,0.16762132642261926,0.017738359201773836,1.0,0.17696192160204682,0.044976538454375437,0.11096923002821113,0.006284816648249177,0,1,0.055484615014105565,0.5031424083241246,0,1,0,0
P08,V8_video1_normal,normal,475,15.832301621778164,1,0.30121484084779904,0.2924997333897612,0.30992994830583687,0.16788455621227114,0.017738359201773836,1.0,0.05927762111255597,0.01217205673993893,0.03572483892624745,0.004400674841854386,0,1,0.017862419463123724,0.5022003374209272,0,1,0,0
P08,V8_video1_normal,normal,476,15.86563278308717,1,0.30400661669200446,0.2951018904711183,0.3129113429128907,0.16761646304842892,0.017738359201773836,1.0,0.06151669228683998,0.023424934280189214,0.0424708132835146,0.00840093317958403,0,1,0.0212354066417573,0.504200466589792,0,1,0,0
P08,V8_video1_normal,normal,477,15.898963944396177,1,0.3018001577366135,0.2915969410783242,0.3120033743949029,0.16770286964487768,0.017738359201773836,1.0,0.13728069435439605,0.042679899928023346,0.0899802971412097,0.00601014980785551,0,1,0.04499014857060485,0.5030050749039278,0,1,0,0
P08,V8_video1_normal,normal,478,15.932295105705183,1,0.297529576794736,0.28565929751638575,0.30939985607308623,0.16756712562499007,0.017738359201773836,1.0,0.2916207537455866,0.039677393861199506,0.16564907380339305,0.017480181967108044,0,1,0.08282453690169653,0.508740090983554,0,1,0,0
P08,V8_video1_normal,normal,479,15.96562626701419,1,0.29399976009833717,0.2853561218223701,0.30264339837430426,0.16736454859620836,0.017738359201773836,1.0,0.4771316638599328,0.0640832473272741,0.27060745559360344,0.013996616163446014,0,1,0.13530372779680172,0.506998308081723,0,1,0,0
P08,V8_video1_normal,normal,480,15.998957428323196,1,0.29459177524185304,0.2855917245226051,0.30359182596110096,0.16665885020040533,0.017738359201773836,1.0,0.140787042636767,0.009049780427934806,0.0749184115323509,0.004026799788786048,0,1,0.03745920576617545,0.502013399894393,0,1,0,0
P08,V8_video1_normal,normal,481,16.032288589632206,1,0.30063900755549966,0.2935971199203543,0.30768089519064495,0.16545140240348147,0.017738359201773836,1.0,0.15963416745592096,0.0691850721118582,0.11440961978388958,0.029888898268930385,0,1,0.05720480989194479,0.5149444491344652,0,1,0,0
P08,V8_video1_normal,normal,482,16.06561975094121,1,0.28523391797334585,0.27776253751514457,0.2927052984315472,0.16506901795481133,0.017738359201773836,1.0,0.2578132714784226,0.07945008849198842,0.1686316799852055,0.04036398802510864,0,1,0.08431583999260275,0.5201819940125543,0,1,0,0
P08,V8_video1_normal,normal,483,16.098950912250217,1,0.2949515358599871,0.2864080759987325,0.3034949957212417,0.16583403158909535,0.017738359201773836,1.0,0.03813468128984343,0.07069505893828143,0.05441487011406243,0.016415615769033595,0,1,0.027207435057031215,0.5082078078845168,0,1,0,0
P08,V8_video1_normal,normal,484,16.132282073559225,1,0.2971093434526928,0.2889390036677757,0.30527968323760996,0.16505720292006232,0.017738359201773836,1.0,0.09999059836234891,0.07268048207417355,0.08633554021826123,0.017788103074996287,0,1,0.043167770109130615,0.5088940515374981,0,1,0,0
P08,V8_video1_normal,normal,485,16.165613234868232,1,0.2924806132915051,0.2855404048316364,0.29942082175137374,0.1659147838013935,0.017738359201773836,1.0,0.12986350778737,0.049633494084644125,0.08974850093600706,0.03223782454814281,0,1,0.04487425046800353,0.5161189122740714,0,1,0,0
P08,V8_video1_normal,normal,486,16.198944396177236,1,0.28702615180584934,0.2776791201671329,0.29637318344456576,0.16603931264958732,0.017738359201773836,1.0,0.2882148623894535,0.007965686838530162,0.14809027461399182,0.05795749118028323,0,1,0.07404513730699591,0.5289787455901416,0,1,0,0
P08,V8_video1_normal,normal,487,16.232275557486243,1,0.29147106081881125,0.28324335827755354,0.2996987633600689,0.16656848113415748,0.017738359201773836,1.0,0.17420758276356652,0.054386527839428545,0.11429705530149753,0.023298368366469323,0,1,0.057148527650748765,0.5116491841832347,0,1,0,0
P08,V8_video1_normal,normal,488,16.26560671879525,1,0.2934770633670323,0.2818211933784544,0.3051329333556102,0.16629193553545596,0.017738359201773836,1.0,0.09991587091417009,0.08242346283540003,0.09116966687478506,0.013503591793466368,0,1,0.04558483343739253,0.5067517958967331,0,1,0,0
P08,V8_video1_normal,normal,489,16.29893788010426,1,0.290879754215703,0.27970402868162125,0.30205547974978475,0.1657717107785997,0.017738359201773836,1.0,0.16230809185568196,0.020557741720461542,0.09143291678807175,0.012819476231685197,0,1,0.045716458394035875,0.5064097381158426,0,1,0,0
P08,V8_video1_normal,normal,490,16.332269041413262,1,0.2969005731328693,0.2862851709957352,0.30751597527000346,0.1656756161637936,0.017738359201773836,1.0,0.05823976297838507,0.03459553192683429,0.04641764745260968,0.046569670237705814,0,1,0.02320882372630484,0.5232848351188529,0,1,0,0
P08,V8_video1_normal,normal,491,16.36560020272227,1,0.29841324723289575,0.28749213899052717,0.3093343554752643,0.1661033254863114,0.017738359201773836,1.0,0.08407302851691989,0.05496492608828141,0.06951897730260065,0.017434004068391396,0,1,0.034759488651300324,0.5087170020341957,0,1,0,0
P08,V8_video1_normal,normal,492,16.398931364031277,1,0.2938640105172444,0.28275119876205396,0.30497682227243494,0.16557064436157515,0.017738359201773836,1.0,0.1314760645590315,0.13835072328187115,0.13491339392045132,0.020223917562154275,0,1,0.06745669696022566,0.5101119587810772,0,1,0,0
P08,V8_video1_normal,normal,493,16.432262525340285,1,0.2948993977172364,0.2840964908030208,0.3057023046314519,0.16592036585840708,0.017738359201773836,1.0,0.1637095521770453,0.09618423946389709,0.1299468958204712,0.016033216614607656,0,1,0.0649734479102356,0.5080166083073038,0,1,0,0
P08,V8_video1_normal,normal,494,16.46559368664929,1,0.2928384816274119,0.28096969581961084,0.30470726743521287,0.16568848719994675,0.017738359201773836,1.0,0.09540062356235257,0.04323269526981377,0.06931665941608317,0.014956475393968733,0,1,0.034658329708041585,0.5074782376969844,0,1,0,0
P08,V8_video1_normal,normal,495,16.498924847958296,1,0.29752161456995696,0.28538520206619605,0.30965802707371787,0.16608161715462993,0.017738359201773836,1.0,0.2868412123045029,0.0878834709356826,0.18736234162009274,0.0786128109985593,0,1,0.09368117081004637,0.5393064054992797,0,1,0,0
P08,V8_video1_normal,normal,496,16.532256009267304,1,0.2948062966582163,0.2866027796549546,0.30300981366147794,0.16678729580952392,0.017738359201773836,1.0,0.245848883317902,0.07327723018439392,0.15956305675114796,0.03184249765186869,0,1,0.07978152837557398,0.5159212488259344,0,1,0,0
P08,V8_video1_normal,normal,497,16.56558717057631,1,0.2989992986888682,0.2908809091481878,0.30711768822954855,0.16583744575775383,0.017738359201773836,1.0,0.1698808024570848,0.03674812513884662,0.10331446379796572,0.033691194399116726,0,1,0.05165723189898286,0.5168455971995584,0,1,0,0
P08,V8_video1_normal,normal,498,16.59891833188532,1,0.29465288553883817,0.2850669696359252,0.3042388014417511,0.16537476122190703,0.017738359201773836,1.0,0.10696007129589824,0.07271293194321515,0.0898365016195567,0.14320617478964193,0,1,0.04491825080977835,0.571603087394821,0,1,0,0
P08,V8_video1_normal,normal,499,16.632249493194323,1,0.2917021546923747,0.2812121761759184,0.302192133208831,0.16535702268329183,0.017738359201773836,1.0,0.11270565541915645,0.026894652483534287,0.06980015395134537,0.03920790273235032,0,1,0.034900076975672684,0.5196039513661752,0,1,0,0
P08,V8_video1_normal,normal,500,16.66558065450333,1,0.29400396843763327,0.28395904922900705,0.3040488876462595,0.1655842719470349,0.017738359201773836,1.0,0.1310586148663191,0.021750524920875702,0.0764045698935974,0.030717564088019546,0,1,0.0382022849467987,0.5153587820440098,0,1,0,0
P08,V8_video1_normal,normal,501,16.698911815812338,1,0.288384736537443,0.280893477101351,0.2958759959735351,0.16558442536530305,0.017738359201773836,1.0,0.15112176654728648,0.09571242481354059,0.12341709568041354,0.01571240092883631,0,1,0.06170854784020677,0.5078562004644182,0,1,0,0
P08,V8_video1_normal,normal,502,16.732242977121345,1,0.295615012234834,0.28722030831163714,0.3040097161580309,0.16661573786757278,0.017738359201773836,1.0,0.13778152438805835,0.05868282041024897,0.09823217239915366,0.05785159540619523,0,1,0.04911608619957683,0.5289257977030977,0,1,0,0
P08,V8_video1_normal,normal,503,16.76557413843035,1,0.30142625962397096,0.2930602735604325,0.30979224568750946,0.1675540294246993,0.015521064301552107,1.0,0.16020227053469405,0.015243481465414876,0.08772287600005446,0.025381595292703295,0,1,0.04386143800002723,0.5126907976463516,0,1,0,0
P08,V8_video1_normal,normal,504,16.798905299739356,1,0.2948524305112148,0.2868176757953503,0.3028871852270793,0.1665222458215568,0.013303769401330377,1.0,0.2243036676480089,0.0908826095425318,0.15759313859527035,0.02462945182673509,0,1,0.07879656929763518,0.5123147259133676,0,1,0,0
P08,V8_video1_normal,normal,505,16.832236461048364,1,0.2964556034968967,0.2886791603627507,0.30423204663104275,0.16570098641261333,0.011086474501108648,1.0,0.11851502684497461,0.0589178188227254,0.08871642283385,0.019233242530692897,0,1,0.044358211416925,0.5096166212653465,0,1,0,0
P08,V8_video1_normal,normal,506,16.86556762235737,1,0.3058260423397565,0.2978165630844427,0.3138355215950703,0.16726578299114273,0.008869179600886918,1.0,0.09262580194465253,0.048140966201897006,0.07038338407327477,0.012962977610606807,0,1,0.035191692036637384,0.5064814888053034,0,1,0,0
P08,V8_video1_normal,normal,507,16.898898783666375,1,0.29142827396944593,0.28045277202185825,0.30240377591703366,0.16853423382875574,0.008869179600886918,1.0,0.11623625903206014,0.06222357534402023,0.08922991718804019,0.01425876612614974,0,1,0.04461495859402009,0.5071293830630749,0,1,0,0
P08,V8_video1_normal,normal,508,16.932229944975383,1,0.11682764930560502,0.09372493940137211,0.13993035920983793,0.17046382413473404,0.011086474501108648,1.0,0.3737026123046485,0.1419590543217597,0.2578308333132041,0.022952441143099276,1,1,0.628915416656602,0.5114762205715496,1,1,1,0
P08,V8_video1_normal,normal,509,16.96556110628439,1,0.08771614359419974,0.07740429279836447,0.09802799439003501,0.1706662945935672,0.013303769401330377,1.0,0.33812623783221696,0.38417057534590937,0.36114840658906316,0.0166434709808469,1,1,0.6805742032945316,0.5083217354904235,1,1,1,0
P08,V8_video1_normal,normal,510,16.998892267593398,1,0.12888771691278317,0.11032024641564721,0.14745518740991914,0.16738169401713124,0.015521064301552107,1.0,0.08989208155414874,0.08722251673218251,0.08855729914316562,0.08888404612043424,1,1,0.5442786495715828,0.5444420230602172,1,1,0,0
P08,V8_video1_normal,normal,511,17.032223428902405,1,0.18630820298954168,0.16075187509583166,0.2118645308832517,0.16668053282945217,0.015521064301552107,1.0,0.13039946848267014,0.08707252673451915,0.10873599760859465,0.33859255125272136,0,1,0.054367998804297324,0.6692962756263607,0,1,0,1
P08,V8_video1_normal,normal,512,17.06555459021141,1,0.22429482470678003,0.20462806507021356,0.24396158434334653,0.1662762379604596,0.015521064301552107,1.0,0.1483101107797009,0.141078728726307,0.14469441975300396,0.11446387699208761,0,1,0.07234720987650198,0.5572319384960438,0,1,0,0
P08,V8_video1_normal,normal,513,17.098885751520417,1,0.249289605169455,0.2345372393538392,0.2640419709850708,0.16694097139614444,0.015521064301552107,1.0,0.10061497351468862,0.12300562714455232,0.11181030032962047,0.1384440585699251,0,1,0.055905150164810236,0.5692220292849626,0,1,0,0
P08,V8_video1_normal,normal,514,17.132216912829424,1,0.2541492979809906,0.23935106814108076,0.2689475278209004,0.1664687535492226,0.015521064301552107,1.0,0.032649684137121326,0.051996570233178385,0.042323127185149856,0.17464142417093453,0,1,0.021161563592574928,0.5873207120854673,0,1,0,1
P08,V8_video1_normal,normal,515,17.16554807413843,1,0.2725607520671307,0.2605034065350681,0.2846180975991933,0.16681560618623373,0.015521064301552107,1.0,0.021071145360269328,0.09240005864289846,0.056735602001583896,0.18079704402800464,0,1,0.028367801000791948,0.5903985220140023,0,1,0,1
P08,V8_video1_normal,normal,516,17.198879235447436,1,0.28386327495749886,0.2759890838243368,0.2917374660906609,0.16641398710425062,0.015521064301552107,1.0,0.07340648628154944,0.07257863866450509,0.07299256247302727,0.07327012289339299,0,1,0.036496281236513634,0.5366350614466965,0,1,0,0
P08,V8_video1_normal,normal,517,17.232210396756443,1,0.2924556820182317,0.2850146433619163,0.29989672067454715,0.16661529511542078,0.015521064301552107,1.0,0.08859689209874366,0.02201225859032041,0.055304575344532036,0.05217548445553901,0,1,0.027652287672266018,0.5260877422277696,0,1,0,0
P08,V8_video1_normal,normal,518,17.26554155806545,1,0.2909956105361294,0.28344689236707526,0.2985443287051835,0.16681204764493243,0.015521064301552107,1.0,0.16573353050780815,0.05996255579574039,0.11284804315177427,0.039515806442715844,0,1,0.056424021575887134,0.519757903221358,0,1,0,0
P08,V8_video1_normal,normal,519,17.298872719374458,1,0.2832059510172047,0.27912561481583537,0.28728628721857397,0.16709295745477012,0.015521064301552107,1.0,0.0935866890250836,0.13459773459279079,0.1140922118089372,0.05622666634276436,0,1,0.0570461059044686,0.5281133331713822,0,1,0,0
P08,V8_video1_normal,normal,520,17.332203880683462,1,0.2973737899300096,0.2902950032469748,0.30445257661304437,0.16690411750965922,0.015521064301552107,1.0,0.054893252294020756,0.04616625768451654,0.05052975498926865,0.015056921305439938,0,1,0.025264877494634325,0.50752846065272,0,1,0,0
P08,V8_video1_normal,normal,521,17.36553504199247,1,0.2931800007624815,0.2857810619355872,0.30057893958937587,0.16694850579793444,0.015521064301552107,1.0,0.019529284535636182,0.0473078125821178,0.03341854855887699,0.016376181530629128,0,1,0.016709274279438496,0.5081880907653146,0,1,0,0
P08,V8_video1_normal,normal,522,17.398866203301477,1,0.2939226722852182,0.2857279320675288,0.3021174125029076,0.1670994962064239,0.015521064301552107,1.0,0.03682739479726038,0.044172610052579,0.04050000242491969,0.006872302424200448,0,1,0.020250001212459845,0.5034361512121002,0,1,0,0
P08,V8_video1_normal,normal,523,17.432197364610484,1,0.29695118498153844,0.2892834451102959,0.30461892485278097,0.1669414356721689,0.015521064301552107,1.0,0.024435039425327543,0.12219008319437963,0.07331256130985359,0.013053535830471384,0,1,0.03665628065492679,0.5065267679152357,0,1,0,0
P08,V8_video1_normal,normal,524,17.465528525919492,1,0.29848035447110105,0.29004575431312407,0.30691495462907803,0.1669438145244062,0.015521064301552107,1.0,0.1790136260663333,0.01040661488918515,0.09471012047775923,0.013774341611203784,0,1,0.047355060238879615,0.5068871708056019,0,1,0,0
P08,V8_video1_normal,normal,525,17.498859687228496,1,0.2949269718456171,0.28827180960707033,0.30158213408416396,0.16718681857076653,0.015521064301552107,1.0,0.12478202147403095,0.03371082996320829,0.07924642571861962,0.01546782931377298,0,1,0.03962321285930981,0.5077339146568864,0,1,0,0
P08,V8_video1_normal,normal,526,17.532190848537503,1,0.2919184725888316,0.28547193234322416,0.298365012834439,0.1678005876976682,0.015521064301552107,1.0,0.02077126018994524,0.019100419274565072,0.019935839732255156,0.009490449950467397,0,1,0.009967919866127578,0.5047452249752337,0,1,0,0
P08,V8_video1_normal,normal,527,17.56552200984651,1,0.29805760576157453,0.29078491414422525,0.3053302973789238,0.16812656584284838,0.015521064301552107,1.0,0.07615649415073689,0.05302915244152007,0.06459282329612848,0.03333365882867289,0,1,0.03229641164806424,0.5166668294143364,0,1,0,0
P08,V8_video1_normal,normal,528,17.59885317115552,1,0.2969423685627017,0.2913577750722745,0.30252696205312885,0.16869380915072296,0.015521064301552107,1.0,0.039936546326096556,0.095238263618172,0.06758740497213428,0.009896045163064802,0,1,0.03379370248606714,0.5049480225815324,0,1,0,0
P08,V8_video1_normal,normal,529,17.632184332464522,1,0.2885166425627435,0.28254341712666164,0.29448986799882537,0.16808953809936714,0.015521064301552107,1.0,0.1535258870737075,0.02233704951191795,0.08793146829281273,0.008384666668397845,0,1,0.043965734146406366,0.5041923333341989,0,1,0,0
P08,V8_video1_normal,normal,530,17.66551549377353,1,0.29097675223808883,0.2855425227025082,0.2964109817736695,0.16772309416396122,0.015521064301552107,1.0,0.09651622759397871,0.0516996055313812,0.07410791656267995,0.019580045771510162,0,1,0.03705395828133998,0.509790022885755,0,1,0,0
P08,V8_video1_normal,normal,531,17.698846655082537,1,0.29936708536051393,0.29267463103784946,0.30605953968317845,0.16780702113279317,0.015521064301552107,1.0,0.16848516252487433,0.04125393502835073,0.10486954877661253,0.011709331746799754,0,1,0.052434774388306266,0.5058546658733999,0,1,0,0
P08,V8_video1_normal,normal,532,17.732177816391545,1,0.2938309244240823,0.28474456421876765,0.30291728462939693,0.16778987862962874,0.015521064301552107,1.0,0.0918342222150007,0.04412476921947994,0.06797949571724032,0.013779913498024743,0,1,0.03398974785862016,0.5068899567490124,0,1,0,0
P08,V8_video1_normal,normal,533,17.76550897770055,1,0.29480708590115967,0.2853976516864888,0.3042165201158305,0.16789702383996816,0.015521064301552107,1.0,0.15804225201682287,0.22990663609550366,0.19397444405616326,0.006145692026768689,0,1,0.09698722202808163,0.5030728460133843,0,1,0,0
P08,V8_video1_normal,normal,534,17.798840139009556,1,0.29915270851887527,0.28932346949766213,0.3089819475400884,0.16770495439691058,0.015521064301552107,1.0,0.2455067462220183,0.09677937841536377,0.17114306231869103,0.025816031115441316,0,1,0.08557153115934552,0.5129080155577207,0,1,0,0
P08,V8_video1_normal,normal,535,17.832171300318564,1,0.3012091258200188,0.29644747921522735,0.30597077242481024,0.16781881640439927,0.015521064301552107,1.0,0.1512273313612028,0.08862404075035168,0.11992568605577725,0.021976230869177275,0,1,0.059962843027888624,0.5109881154345887,0,1,0,0
P08,V8_video1_normal,normal,536,17.86550246162757,1,0.29769907247257626,0.2934647382134069,0.3019334067317456,0.16810212385554266,0.015521064301552107,1.0,0.11276253253202317,0.1399461273627708,0.12635432994739698,0.00905325765600638,0,1,0.06317716497369849,0.5045266288280031,0,1,0,0
P08,V8_video1_normal,normal,537,17.89883362293658,1,0.3010195875700567,0.29658372290587454,0.30545545223423887,0.16743912706674308,0.015521064301552107,1.0,0.11339554063137769,0.4121186711184609,0.2627571058749193,0.023084725404738847,0,1,0.13137855293745965,0.5115423627023694,0,1,0,0
P08,V8_video1_normal,normal,538,17.932164784245582,1,0.30526639154402013,0.29947729238200554,0.3110554907060348,0.1685709801129072,0.015521064301552107,1.0,0.0502616644078534,0.06157677408646889,0.055919219247161145,0.016953452758671342,0,1,0.027959609623580572,0.5084767263793357,0,1,0,0
P08,V8_video1_normal,normal,539,17.96549594555459,1,0.3021951102482721,0.29718573376325924,0.307204486733285,0.16769053076126622,0.015521064301552107,1.0,0.17448947513582913,0.03639922041275501,0.10544434777429207,0.01523566705634466,0,1,0.052722173887146034,0.5076178335281724,0,1,0,0
P08,V8_video1_normal,normal,540,17.998827106863597,1,0.29290215264786584,0.2873193719800909,0.2984849333156408,0.1659105299834249,0.015521064301552107,1.0,0.02158417438387583,0.029389133800495015,0.025486654092185423,0.014575659543578229,0,1,0.012743327046092712,0.5072878297717891,0,1,0,0
P08,V8_video1_normal,normal,541,18.032158268172605,1,0.2957246083853796,0.28637909983510706,0.30507011693565217,0.1666576767393137,0.015521064301552107,1.0,0.0063733922810981225,0.09462881029968839,0.05050110129039326,0.0034053623702091345,0,1,0.02525055064519663,0.5017026811851045,0,1,0,0
P08,V8_video1_normal,normal,542,18.06548942948161,1,0.31010756007429485,0.3056482895442395,0.31456683060435026,0.16786527074846438,0.015521064301552107,1.0,0.026712047017347307,0.020825117845875374,0.02376858243161134,0.008367228549862757,0,1,0.01188429121580567,0.5041836142749314,0,1,0,0
P08,V8_video1_normal,normal,543,18.098820590790616,1,0.30367989988218097,0.29646137563836494,0.310898424125997,0.16702255869267024,0.015521064301552107,1.0,0.03935360625899875,0.005095738431298402,0.022224672345148577,0.01672887564355143,0,1,0.011112336172574289,0.5083644378217758,0,1,0,0
P08,V8_video1_normal,normal,544,18.132151752099624,1,0.3049675061880739,0.29935838594342884,0.31057662643271894,0.16701700277506248,0.015521064301552107,1.0,0.03497698324413501,0.013189638695880412,0.02408331097000771,0.0059957898079899844,0,1,0.012041655485003855,0.502997894903995,0,1,0,0
P08,V8_video1_normal,normal,545,18.16548291340863,1,0.3056187003571219,0.3014566710434693,0.3097807296707746,0.16701577421681152,0.015521064301552107,1.0,0.016198760114132793,0.013189638695880412,0.014694199405006603,0.010326734286814519,0,1,0.007347099702503301,0.5051633671434073,0,1,0,0
P08,V8_video1_normal,normal,546,18.198814074717635,1,0.3087094285644807,0.3022239313766884,0.3151949257522729,0.16676579251726936,0.015521064301552107,1.0,0.039077897865066324,0.0055172087697713534,0.02229755331741884,0.011388391790859414,0,1,0.01114877665870942,0.5056941958954297,0,1,0,0
P08,V8_video1_normal,normal,547,18.232145236026643,1,0.3017771588500565,0.2965686097006258,0.30698570799948727,0.16805100941514675,0.015521064301552107,1.0,0.022106907183225943,0.049591315312100925,0.035849111247663434,0.013440344735773898,0,1,0.017924555623831717,0.5067201723678869,0,1,0,0
P08,V8_video1_normal,normal,548,18.26547639733565,1,0.3034269509149858,0.2986762354836001,0.30817766634637145,0.16843064952868958,0.015521064301552107,1.0,0.032295744863577,0.024439796894762056,0.02836777087916953,0.02084954243060299,0,1,0.014183885439584765,0.5104247712153015,0,1,0,0
P08,V8_video1_normal,normal,549,18.298807558644658,1,0.30317478077062016,0.29488702503108527,0.31146253651015504,0.16961386820382,0.015521064301552107,1.0,0.051011512375308765,0.014909802003810202,0.032960657189559484,0.021903791505155066,0,1,0.016480328594779742,0.5109518957525775,0,1,0,0
P08,V8_video1_normal,normal,550,18.332138719953665,1,0.31183333862952556,0.306880911722669,0.3167857655363821,0.16913914952338763,0.015521064301552107,1.0,0.012037136104435686,0.004459079862133453,0.00824810798328457,0.02745708219836258,0,1,0.004124053991642285,0.5137285410991813,0,1,0,0
P08,V8_video1_normal,normal,551,18.36546988126267,1,0.31260580837341045,0.30759019759537387,0.3176214191514471,0.1687932096342112,0.015521064301552107,1.0,0.00584295416699987,0.0024873163241589946,0.004165135245579432,0.013700607523162864,0,1,0.002082567622789716,0.5068503037615815,0,1,0,0
P08,V8_video1_normal,normal,552,18.398801042571677,1,0.3019303192662771,0.29310027911707803,0.31076035941547614,0.16932536438731532,0.015521064301552107,1.0,0.0672532742115366,0.0058707821271473115,0.036562028169341954,0.022896442609028716,0,1,0.018281014084670977,0.5114482213045144,0,1,0,0
P08,V8_video1_normal,normal,553,18.432132203880684,1,0.3017538685839576,0.29199727861256014,0.3115104585553551,0.16805226723964004,0.015521064301552107,1.0,0.03698239421768168,0.03334396252985272,0.0351631783737672,0.03423645611082801,0,1,0.0175815891868836,0.517118228055414,0,1,0,0
P08,V8_video1_normal,normal,554,18.46546336518969,1,0.3016587033359742,0.2911981471135372,0.3121192595584113,0.1686238966766533,0.015521064301552107,1.0,0.047866202987255524,0.014836924008077457,0.03135156349766649,0.0277129716458624,0,1,0.015675781748833245,0.5138564858229312,0,1,0,0
P08,V8_video1_normal,normal,555,18.498794526498695,1,0.30939336780036175,0.30309214074350893,0.3156945948572146,0.16973715555214428,0.015521064301552107,1.0,0.05649872633450803,0.006771761540044552,0.03163524393727629,0.0287183151091923,0,1,0.015817621968638146,0.5143591575545962,0,1,0,0
P08,V8_video1_normal,normal,556,18.532125687807703,1,0.30981442800971115,0.3026600434391731,0.3169688125802493,0.16847495222962489,0.015521064301552107,1.0,0.08145706591049984,0.013364343444163262,0.04741070467733155,0.006305490878673261,0,1,0.023705352338665775,0.5031527454393366,0,1,0,0
P08,V8_video1_normal,normal,557,18.56545684911671,1,0.3023048732165375,0.2970714695556163,0.30753827687745866,0.16681773835185265,0.015521064301552107,1.0,0.07145896061531787,0.10237521261280924,0.08691708661406355,0.01575193304588865,0,1,0.04345854330703178,0.5078759665229443,0,1,0,0
P08,V8_video1_normal,normal,558,18.598788010425718,1,0.30822050084655217,0.3023034324578873,0.314137569235217,0.1686594361386533,0.015521064301552107,1.0,0.01989143414088157,0.03430745170121208,0.027099442921046824,0.00819148096354897,0,1,0.013549721460523412,0.5040957404817745,0,1,0,0
P08,V8_video1_normal,normal,559,18.632119171734722,1,0.3064303978396984,0.29933611217184264,0.3135246835075541,0.1681820340764091,0.015521064301552107,1.0,0.054270075035167564,0.002488928220011788,0.028379501627589676,0.008289641985295212,0,1,0.014189750813794838,0.5041448209926476,0,1,0,0
P08,V8_video1_normal,normal,560,18.66545033304373,1,0.2970705278630109,0.29039133820671054,0.30374971751931135,0.16773194457284588,0.015521064301552107,1.0,0.04829344792401424,0.013253729714621243,0.030773588819317743,0.003234299555806255,0,1,0.015386794409658872,0.5016171497779032,0,1,0,0
P08,V8_video1_normal,normal,561,18.698781494352737,1,0.3005318873669702,0.29557402988270487,0.3054897448512355,0.16820700523348442,0.015521064301552107,1.0,0.10452004850930652,0.045311349686696256,0.07491569909800139,0.004067546527365872,0,1,0.037457849549000694,0.5020337732636829,0,1,0,0
P08,V8_video1_normal,normal,562,18.732112655661744,1,0.30435492211915716,0.29972269117289907,0.3089871530654152,0.16809640294277178,0.015521064301552107,1.0,0.22342483714122507,0.004902883226855725,0.1141638601840404,0.005458195156883815,0,1,0.0570819300920202,0.5027290975784419,0,1,0,0
P08,V8_video1_normal,normal,563,18.76544381697075,1,0.3009255418405048,0.29673068602767083,0.3051203976533387,0.16881158077736444,0.015521064301552107,1.0,0.21700766173369224,0.002979363699235127,0.10999351271646368,0.009732353651860877,0,1,0.05499675635823184,0.5048661768259305,0,1,0,0
P08,V8_video1_normal,normal,564,18.798774978279756,1,0.29773812539998323,0.29141575517909013,0.3040604956208763,0.16948401913367614,0.015521064301552107,1.0,0.37141222748126856,0.013892178354156903,0.19265220291771273,0.009042090748370101,0,1,0.09632610145885637,0.5045210453741851,0,1,0,0
P08,V8_video1_normal,normal,565,18.832106139588763,1,0.2994282010970031,0.29198207168992096,0.30687433050408514,0.16832153284042786,0.015521064301552107,1.0,0.36637586078624484,0.02852657776816203,0.19745121927720344,0.01112201806764326,0,1,0.09872560963860172,0.5055610090338216,0,1,0,0
P08,V8_video1_normal,normal,566,18.86543730089777,1,0.30198365966617,0.2949354713641601,0.30903184796817995,0.16941149048242815,0.015521064301552107,1.0,0.14084570011780306,0.021348559851344096,0.08109712998457358,0.018360216612215267,0,1,0.04054856499228679,0.5091801083061076,0,1,0,0
P08,V8_video1_normal,normal,567,18.898768462206778,1,0.30374256432675273,0.29704275410160175,0.31044237455190365,0.16970715698273253,0.015521064301552107,1.0,0.245404214108916,0.018162538628681113,0.13178337636879855,0.013229306395629517,0,1,0.06589168818439928,0.5066146531978147,0,1,0,0
P08,V8_video1_normal,normal,568,18.932099623515782,1,0.30872096354231016,0.3040129278590965,0.31342899922552386,0.17002332458809266,0.015521064301552107,1.0,0.14330499231686444,0.03606919289254573,0.08968709260470509,0.013687533468401064,0,1,0.044843546302352544,0.5068437667342005,0,1,0,0
P08,V8_video1_normal,normal,569,18.96543078482479,1,0.3073832271635374,0.30155536468870153,0.31321108963837324,0.16879882883366862,0.015521064301552107,1.0,0.3405982550022567,0.03551881602725504,0.18805853551475588,0.020226019957241635,0,1,0.09402926775737794,0.5101130099786209,0,1,0,0
P08,V8_video1_normal,normal,570,18.998761946133797,1,0.2997100249181333,0.2930318224531768,0.3063882273830898,0.16605401144244847,0.015521064301552107,1.0,0.2157422857702459,0.0030983121828069837,0.10942029897652644,0.014176583941367999,0,1,0.05471014948826322,0.507088291970684,0,1,0,0
P08,V8_video1_normal,normal,571,19.032093107442805,1,0.2963546041384058,0.2888970730532507,0.30381213522356093,0.1662817446334091,0.015521064301552107,1.0,0.2019777249848872,0.012775721963776854,0.10737672347433203,0.03318322717957095,0,1,0.05368836173716601,0.5165916135897854,0,1,0,0
P08,V8_video1_normal,normal,572,19.06542426875181,1,0.29805318948032866,0.2912430945013379,0.30486328445931943,0.16643438999713245,0.015521064301552107,1.0,0.14492383553456278,0.06234318794412663,0.10363351173934471,0.038662312696359794,0,1,0.051816755869672354,0.51933115634818,0,1,0,0
P08,V8_video1_normal,normal,573,19.098755430060816,1,0.29607184708686896,0.28894206589561566,0.3032016282781222,0.16570233293498024,0.015521064301552107,1.0,0.2386249683031222,0.04244712454413646,0.14053604642362932,0.018358686926218462,0,1,0.07026802321181466,0.5091793434631092,0,1,0,0
P08,V8_video1_normal,normal,574,19.132086591369823,1,0.2960241291785384,0.28920002713451426,0.30284823122256255,0.16551344209167912,0.015521064301552107,1.0,0.07961840003739651,0.015272239784549724,0.047445319910973116,0.021028726078681854,0,1,0.023722659955486558,0.510514363039341,0,1,0,0
P08,V8_video1_normal,normal,575,19.16541775267883,1,0.2861998883400579,0.2806968680381788,0.291702908641937,0.16537053651489605,0.015521064301552107,1.0,0.40600367378049573,0.055874911765878665,0.2309392927731872,0.00872870830943864,0,1,0.1154696463865936,0.5043643541547194,0,1,0,0
P08,V8_video1_normal,normal,576,19.198748913987835,1,0.29376290822507795,0.28806007296768105,0.29946574348247484,0.16591111937203112,0.015521064301552107,1.0,0.3270901680157706,0.11510570673849996,0.2210979373771353,0.014830729104742004,0,1,0.11054896868856764,0.507415364552371,0,1,0,0
P08,V8_video1_normal,normal,577,19.232080075296842,1,0.29578660330091855,0.2902639853524273,0.30130922124940973,0.16549853872032844,0.015521064301552107,1.0,0.1306338565680617,0.09297569958786323,0.11180477807796246,0.01278151484768578,0,1,0.05590238903898123,0.5063907574238429,0,1,0,0
P08,V8_video1_normal,normal,578,19.26541123660585,1,0.2944463645827319,0.29091069897989763,0.2979820301855662,0.1666572003879386,0.015521064301552107,1.0,0.07663931611190511,0.19407528186891787,0.1353572989904115,0.009294970390501974,0,1,0.06767864949520574,0.5046474851952509,0,1,0,0
P08,V8_video1_normal,normal,579,19.298742397914857,1,0.2998039371654379,0.29559535935017206,0.30401251498070375,0.16550733598533834,0.015521064301552107,1.0,0.06550734801625879,0.0310210333890516,0.048264190702655196,0.0045894633711106745,0,1,0.024132095351327598,0.5022947316855554,0,1,0,0
P08,V8_video1_normal,normal,580,19.332073559223865,1,0.3053114108785535,0.29941967076915704,0.31120315098794993,0.1662311915828253,0.015521064301552107,1.0,0.3708659261762747,0.003680739536768951,0.1872733328565218,0.005921832494100665,0,1,0.0936366664282609,0.5029609162470503,0,1,0,0
P08,V8_video1_normal,normal,581,19.36540472053287,1,0.3039845515327659,0.3001664279862836,0.30780267507924813,0.16786078824259854,0.015521064301552107,1.0,0.18572552622165506,0.006704507724012321,0.09621501697283369,0.0033170257150815017,0,1,0.048107508486416845,0.5016585128575407,0,1,0,0
P08,V8_video1_normal,normal,582,19.398735881841876,1,0.3074221791710347,0.30156877908803575,0.31327557925403365,0.1684796217433454,0.015521064301552107,1.0,0.1558537170268134,0.006726553204620345,0.08129013511571687,0.0553014840637009,0,1,0.04064506755785843,0.5276507420318505,0,1,0,0
P08,V8_video1_normal,normal,583,19.432067043150884,1,0.30648490522107463,0.3007645917146207,0.31220521872752854,0.1682136474129429,0.015521064301552107,1.0,0.1185206311250806,0.0019840543897876595,0.06025234275743413,0.006981366556659706,0,1,0.030126171378717065,0.5034906832783298,0,1,0,0
P08,V8_video1_normal,normal,584,19.46539820445989,1,0.30134233363309826,0.29849505102469764,0.30418961624149893,0.16837321449877732,0.015521064301552107,1.0,0.18446892233906487,0.036818845746717455,0.11064388404289116,0.005752013261346809,0,1,0.05532194202144558,0.5028760066306734,0,1,0,0
P08,V8_video1_normal,normal,585,19.498729365768895,1,0.29698903169217283,0.2945967104726981,0.29938135291164764,0.1686202578360306,0.015521064301552107,1.0,0.10672281962737062,0.05758792171853655,0.08215537067295359,0.049084808446897825,0,1,0.041077685336476794,0.5245424042234489,0,1,0,0
P08,V8_video1_normal,normal,586,19.532060527077903,1,0.3072966142648732,0.3027551222095729,0.3118381063201735,0.1692394001939407,0.015521064301552107,1.0,0.04862851323145423,0.012568498851648235,0.030598506041551232,0.026195485980063105,0,1,0.015299253020775616,0.5130977429900315,0,1,0,0
P08,V8_video1_normal,normal,587,19.56539168838691,1,0.30412106954252627,0.3008600112589117,0.3073821278261409,0.16837754176095274,0.015521064301552107,1.0,0.08714385097569055,0.019745359467515322,0.05344460522160294,0.014962103570984285,0,1,0.02672230261080147,0.5074810517854922,0,1,0,0
P08,V8_video1_normal,normal,588,19.598722849695918,1,0.2891433503356159,0.28437264835473736,0.29391405231649437,0.16819624288880575,0.015521064301552107,1.0,0.08885171050941176,0.03757116744329292,0.06321143897635234,0.0068225943712898985,0,1,0.03160571948817617,0.5034112971856449,0,1,0,0
P08,V8_video1_normal,normal,589,19.63205401100492,1,0.29505139932354485,0.2918802546614992,0.29822254398559045,0.16821420287080888,0.015521064301552107,1.0,0.16401623843722413,0.030828489769717637,0.09742236410347088,0.006300174940595496,0,1,0.04871118205173544,0.5031500874702978,0,1,0,0
P08,V8_video1_normal,normal,590,19.66538517231393,1,0.29713815719755315,0.2966991247272421,0.29757718966786423,0.16853555845339946,0.015521064301552107,1.0,0.2310666381555614,0.02204829777616335,0.12655746796586237,0.028482487663425086,0,1,0.06327873398293118,0.5142412438317125,0,1,0,0
P08,V8_video1_normal,normal,591,19.698716333622937,1,0.30200517694181594,0.2985838917998629,0.30542646208376895,0.16624129608389246,0.015521064301552107,1.0,0.274638320015391,0.003496245966162159,0.1390672829907766,0.03506719480002785,0,1,0.0695336414953883,0.5175335974000139,0,1,0,0
P08,V8_video1_normal,normal,592,19.732047494931944,1,0.2870342939278023,0.28272767850749664,0.2913409093481079,0.16641125086067782,0.015521064301552107,1.0,0.2670236676201325,0.016302776191812862,0.1416632219059727,0.0355363232628138,0,1,0.07083161095298635,0.5177681616314069,0,1,0,0
P08,V8_video1_normal,normal,593,19.76537865624095,1,0.2895032620265751,0.2844580664900223,0.2945484575631279,0.16526311460789417,0.015521064301552107,1.0,0.256329509010915,0.05472674211500439,0.1555281255629597,0.03600819127234052,0,1,0.07776406278147985,0.5180040956361702,0,1,0,0
P08,V8_video1_normal,normal,594,19.798709817549955,1,0.29874295235549786,0.2932532415506299,0.3042326631603659,0.16683873580642908,0.015521064301552107,1.0,0.320749444936721,0.050286480817132606,0.1855179628769268,0.02403810477339517,0,1,0.0927589814384634,0.5120190523866975,0,1,0,0
P08,V8_video1_normal,normal,595,19.832040978858963,1,0.30250827064201624,0.2969182666687191,0.3080982746153133,0.1680998149542712,0.015521064301552107,1.0,0.27408147359326585,0.06112179530382389,0.16760163444854487,0.04331871309551291,0,1,0.08380081722427243,0.5216593565477564,0,1,0,0
P08,V8_video1_normal,normal,596,19.86537214016797,1,0.3062527673643919,0.30024664603104156,0.31225888869774227,0.16834690474685624,0.015521064301552107,1.0,0.10283895369276164,0.0246727199379837,0.06375583681537267,0.03734091444171233,0,1,0.031877918407686334,0.5186704572208561,0,1,0,0
P08,V8_video1_normal,normal,597,19.898703301476978,1,0.3027098203473034,0.2971341815565155,0.3082854591380913,0.16737543219360912,0.015521064301552107,1.0,0.22183155618516193,0.027598645402478583,0.12471510079382025,0.009698515020014297,0,1,0.06235755039691013,0.5048492575100072,0,1,0,0
P08,V8_video1_normal,normal,598,19.932034462785982,1,0.30368188573931393,0.29787166180904917,0.3094921096695787,0.16781571282442523,0.015521064301552107,1.0,0.3465915226597941,0.029486455436884995,0.18803898904833954,0.010334758855267374,0,1,0.09401949452416977,0.5051673794276337,0,1,0,0
P08,V8_video1_normal,normal,599,19.96536562409499,1,0.30585237167852564,0.2999446196360157,0.31176012372103556,0.16740266905820123,0.015521064301552107,1.0,0.4399741505730109,0.013863322196567274,0.2269187363847891,0.019606247051136484,0,1,0.11345936819239455,0.5098031235255682,0,1,0,0
P08,V8_video1_normal,normal,600,19.998696785403997,1,0.3000639852383887,0.29436027018485694,0.3057677002919204,0.1646130274348318,0.015521064301552107,1.0,0.04776427508437653,0.006344348316316029,0.02705431170034628,0.007870720774303614,0,1,0.01352715585017314,0.5039353603871518,0,1,0,0
P08,V8_video1_normal,normal,601,20.032027946713004,1,0.29300535042590214,0.2853537096910388,0.30065699116076555,0.16507844062834737,0.015521064301552107,1.0,0.028483140807023966,0.009826556669302433,0.0191548487381632,0.014847298683764066,0,1,0.0095774243690816,0.507423649341882,0,1,0,0
P08,V8_video1_normal,normal,602,20.065359108022008,1,0.28849299602735834,0.28172150798561324,0.29526448406910344,0.16575557373960415,0.015521064301552107,1.0,0.06863987713150177,0.0032851618468346944,0.03596251948916823,0.011364596077155875,0,1,0.017981259744584116,0.5056822980385779,0,1,0,0
P08,V8_video1_normal,normal,603,20.098690269331016,1,0.29236822150941644,0.2847273143932985,0.3000091286255343,0.16523258567317992,0.015521064301552107,1.0,0.02677717146024372,0.00585964683411444,0.01631840914717908,0.029831621368354495,0,1,0.00815920457358954,0.5149158106841772,0,1,0,0
P08,V8_video1_normal,normal,604,20.132021430640023,1,0.2841176469132909,0.27680765623174225,0.2914276375948395,0.16437165381154967,0.015521064301552107,1.0,0.13345452971973037,0.007135113536849258,0.07029482162828982,0.016361479112494377,0,1,0.03514741081414491,0.5081807395562472,0,1,0,0
P08,V8_video1_normal,normal,605,20.16535259194903,1,0.2854777190461225,0.28127454393119594,0.28968089416104903,0.16471760838084737,0.015521064301552107,1.0,0.11099733287246749,0.14609838566977873,0.1285478592711231,0.02354490177626113,0,1,0.06427392963556156,0.5117724508881306,0,1,0,0
P08,V8_video1_normal,normal,606,20.198683753258038,1,0.287059924314105,0.28243202310086113,0.2916878255273489,0.1651639812452155,0.015521064301552107,1.0,0.08253906474344042,0.0018980669842389997,0.04221856586383971,0.027849044471194826,0,1,0.021109282931919854,0.5139245222355974,0,1,0,0
P08,V8_video1_normal,normal,607,20.232014914567042,1,0.29081910819095513,0.28559425576401953,0.2960439606178908,0.16545536053312246,0.015521064301552107,1.0,0.047531572606588135,0.04781437741623007,0.0476729750114091,0.029056325628999354,0,1,0.02383648750570455,0.5145281628144996,0,1,0,0
P08,V8_video1_normal,normal,608,20.26534607587605,1,0.28931365488840066,0.2822917329213045,0.2963355768554968,0.16495687881594595,0.015521064301552107,1.0,0.11850733067409991,0.027898446988773418,0.07320288883143666,0.03374471541701178,0,1,0.03660144441571833,0.5168723577085059,0,1,0,0
P08,V8_video1_normal,normal,609,20.298677237185057,1,0.29071321309875753,0.28441272648049404,0.2970136997170211,0.16520653869946583,0.015521064301552107,1.0,0.12157098039493763,0.02065042897531999,0.07111070468512881,0.03321709819752626,0,1,0.035555352342564406,0.5166085490987631,0,1,0,0
P08,V8_video1_normal,normal,610,20.332008398494064,1,0.30027568277251415,0.29604924234644747,0.30450212319858083,0.16613185035221778,0.015521064301552107,1.0,0.16721348948338333,0.003739256912217659,0.08547637319780049,0.022112850731903267,0,1,0.042738186598900246,0.5110564253659516,0,1,0,0
P08,V8_video1_normal,normal,611,20.36533955980307,1,0.2992929841825266,0.293967187256767,0.3046187811082861,0.1663821258096388,0.013303769401330377,1.0,0.044033380502403574,0.020156005112217268,0.03209469280731042,0.009162836328409082,0,1,0.01604734640365521,0.5045814181642045,0,1,0,0
P08,V8_video1_normal,normal,612,20.398670721112076,1,0.2915146752689505,0.28293613363318604,0.30009321690471485,0.1649724042361193,0.011086474501108648,1.0,0.18484487897124657,0.013738430434700355,0.09929165470297346,0.00843328499566171,0,1,0.04964582735148673,0.5042166424978308,0,1,0,0
P08,V8_video1_normal,normal,613,20.432001882421083,1,0.305448936875683,0.29794436330233265,0.31295351044903336,0.16503548400611845,0.011086474501108648,1.0,0.13842115341209926,0.0037551532805765175,0.07108815334633789,0.011359218429104697,0,1,0.035544076673168945,0.5056796092145524,0,1,0,0
P08,V8_video1_normal,normal,614,20.46533304373009,1,0.30566626391162305,0.2987182628407285,0.3126142649825176,0.16487811868758687,0.011086474501108648,1.0,0.5373503121079992,0.021861619696444512,0.27960596590222186,0.0057413496339562935,0,1,0.13980298295111093,0.5028706748169781,0,1,0,0
P08,V8_video1_normal,normal,615,20.498664205039095,1,0.3016713365979581,0.29507672587704886,0.3082659473188673,0.16433245549750622,0.011086474501108648,1.0,0.32052086909470323,0.05622478126376795,0.1883728251792356,0.01792164964066319,0,1,0.0941864125896178,0.5089608248203316,0,1,0,0
P08,V8_video1_normal,normal,616,20.531995366348102,1,0.3043664498592924,0.29752668236086527,0.31120621735771953,0.16489195296876916,0.011086474501108648,1.0,0.29932853427610395,0.018058205333166044,0.158693369804635,0.010024022754024493,0,1,0.0793466849023175,0.5050120113770122,0,1,0,0
P08,V8_video1_normal,normal,617,20.56532652765711,1,0.29920828947943856,0.2924754800520257,0.30594109890685134,0.16742840281645546,0.011086474501108648,1.0,0.21713870280734382,0.026767157562905264,0.12195293018512454,0.003522737064058139,0,1,0.06097646509256227,0.501761368532029,0,1,0,0
P08,V8_video1_normal,normal,618,20.598657688966117,1,0.2942324384829914,0.2860624984463,0.3024023785196829,0.1655488877103263,0.011086474501108648,1.0,0.07266905788365574,0.04052618108235817,0.056597619483006956,0.009634025419815537,0,1,0.028298809741503478,0.5048170127099078,0,1,0,0
P08,V8_video1_normal,normal,619,20.631988850275125,1,0.3040550529770744,0.2969914941072594,0.31111861184688944,0.16664296046233879,0.011086474501108648,1.0,0.1092694965874842,0.03227879016431734,0.07077414337590077,0.019920184708400776,0,1,0.03538707168795038,0.5099600923542004,0,1,0,0
P08,V8_video1_normal,normal,620,20.66532001158413,1,0.2951741653677338,0.2865173918623335,0.303830938873134,0.1654634343689769,0.011086474501108648,1.0,0.028732324052910818,0.06916439340666047,0.048948358729785646,0.012723229294840847,0,1,0.024474179364892823,0.5063616146474205,0,1,0,0
P08,V8_video1_normal,normal,621,20.698651172893136,1,0.30053546735797837,0.29691083639771737,0.30416009831823937,0.1669828571172666,0.011086474501108648,1.0,0.05793191752599047,0.020023333687244516,0.038977625606617494,0.011601133913877388,0,1,0.019488812803308747,0.5058005669569386,0,1,0,0
P08,V8_video1_normal,normal,622,20.731982334202144,1,0.2952769159066124,0.291453108413931,0.29910072339929383,0.1662442708196941,0.011086474501108648,1.0,0.03643893741264814,0.013166632933268696,0.02480278517295842,0.00487579474914005,0,1,0.01240139258647921,0.50243789737457,0,1,0,0
P08,V8_video1_normal,normal,623,20.76531349551115,1,0.2972027395340264,0.2933939497892239,0.30101152927882896,0.16764018024291025,0.011086474501108648,1.0,0.06021563950521758,0.008077491957430794,0.034146565731324185,0.01253359624316923,0,1,0.017073282865662093,0.5062667981215846,0,1,0,0
P08,V8_video1_normal,normal,624,20.798644656820155,1,0.3000322908860884,0.29440663070280165,0.30565795106937516,0.16797840757640511,0.011086474501108648,1.0,0.035427485316200324,0.09000740545840313,0.06271744538730173,0.005717009495343905,0,1,0.031358722693650865,0.5028585047476719,0,1,0,0
P08,V8_video1_normal,normal,625,20.831975818129163,1,0.29968023564664664,0.2939783639787958,0.3053821073144975,0.16704835311217303,0.011086474501108648,1.0,0.09692471608529485,0.010637681044324165,0.05378119856480951,0.011901556298801021,0,1,0.026890599282404754,0.5059507781494005,0,1,0,0
P08,V8_video1_normal,normal,626,20.86530697943817,1,0.3016004231489768,0.2958504667218459,0.30735037957610767,0.16678389422501244,0.011086474501108648,1.0,0.04906275684746908,0.10022471067700423,0.07464373376223665,0.027939826460888682,0,1,0.037321866881118326,0.5139699132304444,0,1,0,0
P08,V8_video1_normal,normal,627,20.898638140747178,1,0.3066372260271604,0.3025788971574702,0.31069555489685063,0.1669559017371114,0.011086474501108648,1.0,0.17148394672048417,0.1226265497117297,0.14705524821610694,0.013552194926450696,0,1,0.07352762410805347,0.5067760974632254,0,1,0,0
P08,V8_video1_normal,normal,628,20.93196930205618,1,0.30915656909351585,0.3055610082348643,0.3127521299521674,0.16724788100710752,0.011086474501108648,1.0,0.1650200799948104,0.06577920797114145,0.11539964398297592,0.044919080774566675,0,1,0.05769982199148796,0.5224595403872834,0,1,0,0
P08,V8_video1_normal,normal,629,20.96530046336519,1,0.30828849849148166,0.3044333270020672,0.31214366998089615,0.1674100618617587,0.011086474501108648,1.0,0.06976160759688943,0.0056899763986806295,0.03772579199778503,0.010765375729836744,0,1,0.018862895998892515,0.5053826878649184,0,1,0,0
P08,V8_video1_normal,normal,630,20.998631624674196,1,0.294478655120636,0.28807091731624607,0.3008863929250259,0.16504313939459248,0.011086474501108648,1.0,0.0715279176837259,0.006513905877857273,0.03902091178079159,0.03309871838043649,0,1,0.019510455890395795,0.5165493591902183,0,1,0,0
P08,V8_video1_normal,normal,631,21.031962785983204,1,0.29317044924476243,0.28637284641456623,0.2999680520749586,0.16534256064704764,0.011086474501108648,1.0,0.0494769115633974,0.011419404706133118,0.030448158134765257,0.03471354412120063,0,1,0.015224079067382629,0.5173567720606003,0,1,0,0
P08,V8_video1_normal,normal,632,21.065293947292208,1,0.2966681179115962,0.2897756497573524,0.3035605860658399,0.1667032682698589,0.011086474501108648,1.0,0.11763133892434474,0.006625578382695507,0.062128458653520124,0.013574837062798783,0,1,0.031064229326760062,0.5067874185313994,0,1,0,0
P08,V8_video1_normal,normal,633,21.098625108601215,1,0.2885914678161281,0.2821532997989405,0.29502963583331576,0.16537063319404396,0.011086474501108648,1.0,0.08536970605310745,0.047277852475500204,0.06632377926430383,0.0171612923829578,0,1,0.033161889632151914,0.5085806461914789,0,1,0,0
P08,V8_video1_normal,normal,634,21.131956269910223,1,0.28859991247545824,0.2823334054331987,0.29486641951771786,0.16513685774293096,0.011086474501108648,1.0,0.09801035822023652,0.023601645781596403,0.06080600200091646,0.020323645416153693,0,1,0.03040300100045823,0.5101618227080769,0,1,0,0
P08,V8_video1_normal,normal,635,21.16528743121923,1,0.2879748386464819,0.28248463860029754,0.29346503869266627,0.16550960607897922,0.011086474501108648,1.0,0.08021703284534587,0.0303482645826062,0.055282648713976035,0.017473811676901582,0,1,0.027641324356988017,0.5087369058384508,0,1,0,0
P08,V8_video1_normal,normal,636,21.198618592528238,1,0.2906182113638453,0.2846928124291132,0.2965436102985774,0.1651470007443244,0.011086474501108648,1.0,0.12416241574961251,0.019726438831359938,0.07194442729048622,0.014486326045085707,0,1,0.03597221364524311,0.5072431630225429,0,1,0,0
P08,V8_video1_normal,normal,637,21.23194975383724,1,0.29752099871644067,0.29072808561445396,0.3043139118184274,0.16679926765702333,0.011086474501108648,1.0,0.18428685560922387,0.0238058787536366,0.10404636718143023,0.005535660722099213,0,1,0.052023183590715116,0.5027678303610497,0,1,0,0
P08,V8_video1_normal,normal,638,21.26528091514625,1,0.29861149847594837,0.29321337817673926,0.3040096187751575,0.16702825971673838,0.011086474501108648,1.0,0.081024665703201,0.011412403525126624,0.04621853461416381,0.009611835050078737,0,1,0.023109267307081904,0.5048059175250393,0,1,0,0
P08,V8_video1_normal,normal,639,21.298612076455257,1,0.295701926409497,0.28928875446818086,0.3021150983508131,0.1676681301248195,0.011086474501108648,1.0,0.22727093469320814,0.04966645583948426,0.1384686952663462,0.007057526980139724,0,1,0.0692343476331731,0.5035287634900698,0,1,0,0
P08,V8_video1_normal,normal,640,21.331943237764264,1,0.29194516668048776,0.28656448292414627,0.2973258504368292,0.1665975776156499,0.011086474501108648,1.0,0.31844269215980103,0.023843900563263243,0.17114329636153214,0.007869294797028643,0,1,0.08557164818076607,0.5039346473985143,0,1,0,0
P08,V8_video1_normal,normal,641,21.365274399073268,1,0.3023650577233219,0.2953316316500854,0.3093984837965583,0.1671791812620523,0.011086474501108648,1.0,0.33409408282446207,0.03035403928482283,0.18222406105464245,0.0062501675861608135,0,1,0.09111203052732122,0.5031250837930804,0,1,0,0
P08,V8_video1_normal,normal,642,21.398605560382276,1,0.30326672781347414,0.29813532243719687,0.3083981331897514,0.16779452080791027,0.011086474501108648,1.0,0.13195737317239664,0.013620912389195716,0.07278914278079618,0.013263630065759136,0,1,0.03639457139039809,0.5066318150328796,0,1,0,0
P08,V8_video1_normal,normal,643,21.431936721691283,1,0.2950103915862579,0.2880450872966261,0.30197569587588974,0.167117917156085,0.011086474501108648,1.0,0.20401764009640422,0.0671100172655621,0.13556382868098316,0.0026771660217436545,0,1,0.06778191434049158,0.5013385830108719,0,1,0,0
P08,V8_video1_normal,normal,644,21.46526788300029,1,0.2967722060505865,0.2909362242332232,0.3026081878679498,0.1678643873591215,0.011086474501108648,1.0,0.18733450002301577,0.04803094926893814,0.11768272464597695,0.010615767615618277,0,1,0.05884136232298848,0.5053078838078091,0,1,0,0
P08,V8_video1_normal,normal,645,21.498599044309294,1,0.2969702872763401,0.2912135726794392,0.30272700187324103,0.16589853470454174,0.011086474501108648,1.0,0.3614353814008331,0.05027974053462625,0.20585756096772967,0.008200966099589539,0,1,0.10292878048386483,0.5041004830497948,0,1,0,0
P08,V8_video1_normal,normal,646,21.531930205618302,1,0.3006246106497715,0.2936917985429268,0.30755742275661613,0.16667879035427183,0.011086474501108648,1.0,0.21074873771161529,0.019478087643721387,0.11511341267766834,0.008373957148213288,0,1,0.05755670633883417,0.5041869785741067,0,1,0,0
P08,V8_video1_normal,normal,647,21.56526136692731,1,0.30175799527964814,0.2934036237500571,0.3101123668092392,0.1675274396309495,0.011086474501108648,1.0,0.29700754904231474,0.04951861656867329,0.17326308280549402,0.009212411910285122,0,1,0.08663154140274701,0.5046062059551426,0,1,0,0
P08,V8_video1_normal,normal,648,21.598592528236317,1,0.3083038257110723,0.30027791460270853,0.316329736819436,0.16792967531790226,0.011086474501108648,1.0,0.6341514551879692,0.05301062178931737,0.3435810384886433,0.018667300728590363,0,1,0.17179051924432165,0.5093336503642952,0,1,0,0
P08,V8_video1_normal,normal,649,21.631923689545324,1,0.30698513285197915,0.2992891625505772,0.3146811031533811,0.1678901067587252,0.011086474501108648,1.0,0.29424769815721463,0.04236484036373789,0.16830626926047626,0.009270544423816205,0,1,0.08415313463023813,0.5046352722119081,0,1,0,0
P08,V8_video1_normal,normal,650,21.66525485085433,1,0.30953227267572675,0.3017410005097262,0.3173235448417273,0.1686399490876992,0.011086474501108648,1.0,0.33109158206461464,0.03133363384554211,0.18121260795507838,0.07338352667217315,0,1,0.09060630397753919,0.5366917633360866,0,1,0,0
P08,V8_video1_normal,normal,651,21.698586012163336,1,0.30643305074530014,0.3003127624230079,0.3125533390675924,0.1686218437776714,0.011086474501108648,1.0,0.10380106901365571,0.026867155185576697,0.0653341120996162,0.09072970478374469,0,1,0.0326670560498081,0.5453648523918724,0,1,0,0
P08,V8_video1_normal,normal,652,21.731917173472343,1,0.2829597942891529,0.27783436165740016,0.28808522692090566,0.1644714301837916,0.011086474501108648,1.0,0.16570266093397212,0.062152424862423006,0.11392754289819756,0.04264815430160027,0,1,0.05696377144909878,0.5213240771508001,0,1,0,0
P08,V8_video1_normal,normal,653,21.76524833478135,1,0.29201039718234434,0.2864603849762327,0.2975604093884559,0.1642087501660537,0.011086474501108648,1.0,0.25435691405521965,0.08724402532323527,0.17080046968922746,0.04184069897502611,0,1,0.08540023484461373,0.5209203494875131,0,1,0,0
P08,V8_video1_normal,normal,654,21.798579496090355,1,0.2960938680306745,0.29104163638461605,0.30114609967673295,0.1645315390119596,0.011086474501108648,1.0,0.34160965912969654,0.06259784338235841,0.20210375125602748,0.04180317996587706,0,1,0.10105187562801374,0.5209015899829386,0,1,0,0
P08,V8_video1_normal,normal,655,21.831910657399362,1,0.2921298971443096,0.2863820367727209,0.2978777575158983,0.16441071234543583,0.011086474501108648,1.0,0.15956403877424474,0.08695598503206581,0.12326001190315528,0.03177708068795567,0,1,0.06163000595157764,0.5158885403439778,0,1,0,0
P08,V8_video1_normal,normal,656,21.86524181870837,1,0.3151206257584314,0.309760129980651,0.32048112153621183,0.16792547950151207,0.011086474501108648,1.0,0.10361271906722103,0.03225681252720747,0.06793476579721425,0.01602960613979362,0,1,0.033967382898607124,0.5080148030698968,0,1,0,0
P08,V8_video1_normal,normal,657,21.898572980017377,1,0.30267621764166946,0.29459485663538193,0.310757578647957,0.16741142330005343,0.011086474501108648,1.0,0.30502886162432674,0.030118975995061525,0.16757391880969413,0.00568891358223955,0,1,0.08378695940484707,0.5028444567911198,0,1,0,0
P08,V8_video1_normal,normal,658,21.93190414132638,1,0.31630874625424443,0.31004555293507524,0.3225719395734136,0.1680128291430262,0.011086474501108648,1.0,0.15310168759558807,0.0377042534130978,0.09540297050434293,0.013619989885457474,0,1,0.047701485252171466,0.5068099949427287,0,1,0,0
P08,V8_video1_normal,normal,659,21.96523530263539,1,0.2884077892752829,0.2848470262904722,0.2919685522600935,0.16359692708622017,0.011086474501108648,1.0,0.22961641010458345,0.19572231341385127,0.21266936175921736,0.024044543577765323,0,1,0.10633468087960868,0.5120222717888827,0,1,0,0
P08,V8_video1_normal,normal,660,21.998566463944396,1,0.29590626009791077,0.2906612233987044,0.30115129679711716,0.16443832510369633,0.011086474501108648,1.0,0.1278415924802837,0.009891626329127878,0.06886660940470579,0.02088781896999601,0,1,0.034433304702352896,0.510443909484998,0,1,0,0
P08,V8_video1_normal,normal,661,22.031897625253404,1,0.2962688419571007,0.2942631524699445,0.2982745314442569,0.16482229036187132,0.011086474501108648,1.0,0.14680377861436555,0.01914540829487399,0.08297459345461977,0.019499997411893684,0,1,0.041487296727309886,0.5097499987059468,0,1,0,0
P08,V8_video1_normal,normal,662,22.06522878656241,1,0.30183932595632934,0.29908292025790634,0.3045957316547524,0.1670041550929249,0.011086474501108648,1.0,0.2744902764486721,0.04038218506247193,0.157436230755572,0.04516064988966972,0,1,0.078718115377786,0.5225803249448349,0,1,0,0
P08,V8_video1_normal,normal,663,22.098559947871415,1,0.29677000737494064,0.2920550636829929,0.30148495106688833,0.16522292575694478,0.011086474501108648,1.0,0.16290078807803676,0.032056467651153664,0.09747862786459521,0.0416568613296905,0,1,0.04873931393229761,0.5208284306648453,0,1,0,0
P08,V8_video1_normal,normal,664,22.131891109180422,1,0.2954617814466992,0.29044890827528086,0.3004746546181176,0.16495879293275334,0.011086474501108648,1.0,0.14217086573382187,0.02401996098523207,0.08309541335952697,0.03364445979087695,0,1,0.041547706679763485,0.5168222298954385,0,1,0,0
P08,V8_video1_normal,normal,665,22.16522227048943,1,0.2913940161341909,0.28904652623171634,0.29374150603666543,0.1655322787669143,0.011086474501108648,1.0,0.0726827799664218,0.03521700085187507,0.05394989040914844,0.03158096710020213,0,1,0.02697494520457422,0.515790483550101,0,1,0,0
P08,V8_video1_normal,normal,666,22.198553431798437,1,0.29136275046438964,0.28744253989733337,0.29528296103144586,0.16517976365765963,0.011086474501108648,1.0,0.35393690483405615,0.15307069915568894,0.25350380199487255,0.02627682003169853,0,1,0.12675190099743627,0.5131384100158493,0,1,0,0
P08,V8_video1_normal,normal,667,22.23188459310744,1,0.29350161706037026,0.2880376163589664,0.2989656177617741,0.1651611245864826,0.011086474501108648,1.0,0.3478393410552214,0.041544284910700946,0.19469181298296118,0.02929035436076718,0,1,0.09734590649148059,0.5146451771803836,0,1,0,0
P08,V8_video1_normal,normal,668,22.26521575441645,1,0.2562860280634495,0.24736451955944203,0.26520753656745705,0.16566210014462598,0.011086474501108648,1.0,0.09705056553519509,0.2986702002515802,0.19786038289338764,0.026773431352819763,0,1,0.09893019144669382,0.5133867156764099,0,1,0,0
P08,V8_video1_normal,normal,669,22.298546915725456,1,0.1405320442736262,0.12651118568648123,0.1545529028607712,0.16783681297624076,0.011086474501108648,1.0,0.46424343716488203,0.15510658949063116,0.3096750133277566,0.02017149315971677,0,1,0.1548375066638783,0.5100857465798584,0,1,0,0
P08,V8_video1_normal,normal,670,22.331878077034464,1,0.14634050887411654,0.1362142073488604,0.15646681039937266,0.16723652110802661,0.011086474501108648,1.0,0.5423159627256063,0.19005100721604673,0.36618348497082653,0.023557824829175983,0,1,0.18309174248541327,0.511778912414588,0,1,0,0
P08,V8_video1_normal,normal,671,22.365209238343468,1,0.18732253650311173,0.1777656555767902,0.19687941742943327,0.16388137730687397,0.011086474501108648,1.0,0.46190750004595926,0.18902708174597693,0.3254672908959681,0.008373771050163433,0,1,0.16273364544798405,0.5041868855250817,0,1,0,0
P08,V8_video1_normal,normal,672,22.398540399652475,1,0.21922654817736859,0.21303298522531489,0.22542011112942226,0.16453167569499122,0.011086474501108648,1.0,0.01400423864988909,0.108146796176952,0.061075517413420544,0.01835521551866257,0,1,0.030537758706710272,0.5091776077593313,0,1,0,0
P08,V8_video1_normal,normal,673,22.431871560961483,1,0.24849118926161817,0.24575271516690514,0.2512296633563312,0.1677981488157138,0.011086474501108648,1.0,0.053033810007281024,0.03267119705260735,0.042852503529944186,0.02570095212051958,0,1,0.021426251764972093,0.5128504760602598,0,1,0,0
P08,V8_video1_normal,normal,674,22.46520272227049,1,0.25874864566066713,0.2549559532722651,0.26254133804906915,0.16674246017212416,0.011086474501108648,1.0,0.013315377466986633,0.09876730430074698,0.05604134088386681,0.017193291425135235,0,1,0.028020670441933404,0.5085966457125676,0,1,0,0
P08,V8_video1_normal,normal,675,22.498533883579498,1,0.26715584221582134,0.26107771699053606,0.27323396744110656,0.16847548362280404,0.011086474501108648,1.0,0.016215889672485106,0.016810919727820783,0.016513404700152945,0.022250762232663136,0,1,0.008256702350076472,0.5111253811163315,0,1,0,0
P08,V8_video1_normal,normal,676,22.5318650448885,1,0.2730344108049156,0.25985673016669625,0.2862120914431349,0.16861497615604223,0.011086474501108648,1.0,0.04584098920694668,0.0038996540129095925,0.024870321609928137,0.029481516112379348,0,1,0.012435160804964068,0.5147407580561897,0,1,0,0
P08,V8_video1_normal,normal,677,22.56519620619751,1,0.27452167962237706,0.2645659412130987,0.2844774180316555,0.16733810350610123,0.011086474501108648,1.0,0.056617573859177206,0.026529797843957925,0.041573685851567566,0.013634776580632087,0,1,0.020786842925783783,0.5068173882903161,0,1,0,0
P08,V8_video1_normal,normal,678,22.598527367506517,1,0.28727620544092775,0.27852868870333036,0.29602372217852513,0.1669367306915029,0.011086474501108648,1.0,0.035102910938945575,0.004223369606723759,0.019663140272834667,0.021723679931275806,0,1,0.009831570136417334,0.5108618399656379,0,1,0,0
P08,V8_video1_normal,normal,679,22.631858528815524,1,0.2857888610705338,0.27736651584681926,0.2942112062942483,0.16705500620631164,0.011086474501108648,1.0,0.15736165676895553,0.013931610011758355,0.08564663339035694,0.006867019217054313,0,1,0.04282331669517847,0.5034335096085272,0,1,0,0
P08,V8_video1_normal,normal,680,22.665189690124528,1,0.28892765461584297,0.28276514329786984,0.2950901659338161,0.16725282106416461,0.011086474501108648,1.0,0.1497589378502998,0.010793284972128059,0.08027611141121394,0.03957751255938713,0,1,0.04013805570560697,0.5197887562796936,0,1,0,0
P08,V8_video1_normal,normal,681,22.698520851433535,1,0.2955083534116348,0.2896899660739642,0.3013267407493054,0.1682386873659522,0.011086474501108648,1.0,0.10445095934356985,0.03739119479759323,0.07092107707058154,0.03297445061722078,0,1,0.03546053853529077,0.5164872253086104,0,1,0,0
P08,V8_video1_normal,normal,682,22.731852012742543,1,0.29483420331879256,0.28882125784212137,0.30084714879546376,0.16858622950101532,0.011086474501108648,1.0,0.08146969675124871,0.03743866183353928,0.059454179292393994,0.02991248779641361,0,1,0.029727089646196997,0.5149562438982068,0,1,0,0
P08,V8_video1_normal,normal,683,22.76518317405155,1,0.29489424481352455,0.2881997577661166,0.3015887318609325,0.16844922765451056,0.011086474501108648,1.0,0.08523528193556107,0.03743866183353928,0.06133697188455017,0.03219615142399784,0,1,0.030668485942275087,0.516098075711999,0,1,0,0
P08,V8_video1_normal,normal,684,22.798514335360554,1,0.300014017323382,0.2936024978707753,0.3064255367759887,0.1670829553374751,0.011086474501108648,1.0,0.14340401305485007,0.019349546008388785,0.08137677953161943,0.03355875526780643,0,1,0.04068838976580971,0.5167793776339032,0,1,0,0
P08,V8_video1_normal,normal,685,22.831845496669562,1,0.3016330474786415,0.295249952672652,0.3080161422846309,0.1669074829350856,0.011086474501108648,1.0,0.19775776364690756,0.13706166558088084,0.1674097146138942,0.03933961986105832,0,1,0.0837048573069471,0.5196698099305291,0,1,0,0
P08,V8_video1_normal,normal,686,22.86517665797857,1,0.2951226983932972,0.28889356723010945,0.3013518295564849,0.16733105459444272,0.011086474501108648,1.0,0.4805387500593321,0.03393947833989763,0.25723911419961487,0.012240710271824924,0,1,0.12861955709980744,0.5061203551359125,0,1,0,0
P08,V8_video1_normal,normal,687,22.898507819287577,1,0.29575864870013824,0.28965234102014886,0.3018649563801276,0.16738041438123574,0.011086474501108648,1.0,0.12740192799497962,0.023044750668615888,0.07522333933179776,0.022438176630766995,0,1,0.03761166966589888,0.5112190883153835,0,1,0,0
P08,V8_video1_normal,normal,688,22.931838980596584,1,0.2963844000572372,0.28903911886574535,0.30372968124872907,0.16744713842022899,0.011086474501108648,1.0,0.21200656306233656,0.016662023773280632,0.1143342934178086,0.01727141297607655,0,1,0.0571671467089043,0.5086357064880382,0,1,0,0
P08,V8_video1_normal,normal,689,22.96517014190559,1,0.29318379992510313,0.28762575833525317,0.29874184151495303,0.16795569127067012,0.011086474501108648,1.0,0.12149321825673176,0.024009991786426155,0.07275160502157896,0.009302218322250142,0,1,0.03637580251078948,0.5046511091611251,0,1,0,0
P08,V8_video1_normal,normal,690,22.998501303214596,1,0.30132022598974795,0.29349756839184443,0.3091428835876514,0.16773758175629908,0.011086474501108648,1.0,0.0908764242934148,0.11014998064467663,0.10051320246904571,0.07956801034472223,0,1,0.05025660123452286,0.5397840051723611,0,1,0,0
P08,V8_video1_normal,normal,691,23.031832464523603,1,0.29542568356265414,0.28745132042319105,0.30340004670211723,0.16601562721197685,0.011086474501108648,1.0,0.08802729659035702,0.08819081167771414,0.08810905413403558,0.13249815204589835,0,1,0.04405452706701779,0.5662490760229492,0,1,0,0
P08,V8_video1_normal,normal,692,23.06516362583261,1,0.3005930817964527,0.2935852532495744,0.30760091034333104,0.16679176387042158,0.011086474501108648,1.0,0.09997729650399712,0.005501603625430285,0.0527394500647137,0.025473817595321194,0,1,0.02636972503235685,0.5127369087976607,0,1,0,0
P08,V8_video1_normal,normal,693,23.098494787141615,1,0.2929302242396656,0.2839768342116758,0.30188361426765536,0.1648138822231946,0.011086474501108648,1.0,0.130762606839669,0.07939000253185857,0.10507630468576379,0.009197191149534755,0,1,0.052538152342881894,0.5045985955747674,0,1,0,0
P08,V8_video1_normal,normal,694,23.131825948450622,1,0.29795547555983903,0.28893684202404174,0.30697410909563627,0.16721850066120783,0.011086474501108648,1.0,0.22488452505964895,0.010333476265308783,0.11760900066247887,0.027492770056273232,0,1,0.058804500331239434,0.5137463850281366,0,1,0,0
P08,V8_video1_normal,normal,695,23.16515710975963,1,0.29893595624053404,0.29181610028300264,0.3060558121980655,0.16742194894809598,0.011086474501108648,1.0,0.09678535992280846,0.03155839251193471,0.06417187621737158,0.011338053681779243,0,1,0.03208593810868579,0.5056690268408897,0,1,0,0
P08,V8_video1_normal,normal,696,23.198488271068637,1,0.29979427352794774,0.2903858215932207,0.3092027254626748,0.16740194431673625,0.011086474501108648,1.0,0.040871793509434706,0.017344591690756972,0.02910819260009584,0.009462381689428366,0,1,0.01455409630004792,0.5047311908447142,0,1,0,0
P08,V8_video1_normal,normal,697,23.23181943237764,1,0.2869451649288083,0.27659924305498085,0.2972910868026358,0.16578610927994306,0.011086474501108648,1.0,0.16925909551906426,0.0379497654544122,0.10360443048673823,0.015819111446700323,0,1,0.051802215243369115,0.5079095557233502,0,1,0,0
P08,V8_video1_normal,normal,698,23.26515059368665,1,0.29209625308891773,0.28393256974457803,0.30025993643325743,0.16610677961681697,0.011086474501108648,1.0,0.21723781170029632,0.013810131030671191,0.11552397136548376,0.02796799465622707,0,1,0.05776198568274188,0.5139839973281135,0,1,0,0
P08,V8_video1_normal,normal,699,23.298481754995656,1,0.29337509763330955,0.2884539384601369,0.2982962568064822,0.16571555808277588,0.011086474501108648,1.0,0.26200474247489036,0.022779988703724885,0.14239236558930762,0.02528020849712724,0,1,0.07119618279465381,0.5126401042485637,0,1,0,0
P08,V8_video1_normal,normal,700,23.331812916304663,1,0.2969856235462243,0.2925144901726683,0.30145675691978036,0.16671706310746182,0.011086474501108648,1.0,0.13461860607496612,0.0174471925195665,0.07603289929726631,0.03261626686595125,0,1,0.038016449648633155,0.5163081334329757,0,1,0,0
P08,V8_video1_normal,normal,701,23.36514407761367,1,0.3001260519445915,0.29500925441068526,0.30524284947849784,0.16724261191946196,0.011086474501108648,1.0,0.09149242792899626,0.03305853866130248,0.06227548329514937,0.06308982851234629,0,1,0.031137741647574685,0.5315449142561731,0,1,0,0
P08,V8_video1_normal,normal,702,23.398475238922675,1,0.2912254659029213,0.2824254895654081,0.3000254422404346,0.16694603646218725,0.011086474501108648,1.0,0.04793435669719426,0.014521440420535603,0.03122789855886493,0.014945281453675,0,1,0.015613949279432465,0.5074726407268375,0,1,0,0
P08,V8_video1_normal,normal,703,23.431806400231682,1,0.2905706572141106,0.2836856182299342,0.297455696198287,0.16600865537662338,0.011086474501108648,1.0,0.10307152099316275,0.00831883442957393,0.05569517771136834,0.07517716526178937,0,1,0.02784758885568417,0.5375885826308947,0,1,0,0
P08,V8_video1_normal,normal,704,23.46513756154069,1,0.29528445314140056,0.28966745120061804,0.3009014550821831,0.16759124966910435,0.011086474501108648,1.0,0.0988622293108371,0.016781736505717015,0.05782198290827706,0.031738460015254925,0,1,0.02891099145413853,0.5158692300076274,0,1,0,0
P08,V8_video1_normal,normal,705,23.498468722849697,1,0.291756501778338,0.2848911674348245,0.2986218361218515,0.16758094937748452,0.011086474501108648,1.0,0.03858013596639087,0.028483378317391783,0.03353175714189133,0.013396409600851571,0,1,0.016765878570945664,0.5066982048004258,0,1,0,0
P08,V8_video1_normal,normal,706,23.5317998841587,1,0.2969178029945213,0.29322337874498344,0.30061222724405917,0.16652660425892618,0.011086474501108648,1.0,0.2282881963187806,0.01895530542399848,0.12362175087138955,0.017105773523556963,0,1,0.06181087543569477,0.5085528867617785,0,1,0,0
P08,V8_video1_normal,normal,707,23.56513104546771,1,0.29668758649130345,0.2911729763266835,0.30220219665592335,0.16729697011963648,0.011086474501108648,1.0,0.16972493686778334,0.017137968030329853,0.0934314524490566,0.015980613007666428,0,1,0.0467157262245283,0.5079903065038333,0,1,0,0
P08,V8_video1_normal,normal,708,23.598462206776716,1,0.2990034913608062,0.29284878981572393,0.30515819290588836,0.16788828853839075,0.011086474501108648,1.0,0.20880692908479848,0.03163037655787926,0.12021865282133887,0.019252131565519724,0,1,0.060109326410669434,0.5096260657827598,0,1,0,0
P08,V8_video1_normal,normal,709,23.631793368085724,1,0.29661086088395794,0.2901242866641221,0.30309743510379383,0.1683265263746619,0.011086474501108648,1.0,0.10610487205969477,0.03371487646307625,0.06990987426138551,0.015038440261172618,0,1,0.034954937130692754,0.5075192201305863,0,1,0,0
P08,V8_video1_normal,normal,710,23.665124529394728,1,0.2982186021711365,0.29307719183894765,0.3033600125033253,0.16827303485441703,0.011086474501108648,1.0,0.06427844060386934,0.028546022725310927,0.04641223166459013,0.019156026692075043,0,1,0.023206115832295066,0.5095780133460375,0,1,0,0
P08,V8_video1_normal,normal,711,23.698455690703735,1,0.30485551673543027,0.2987946817987169,0.31091635167214365,0.16840378518268323,0.011086474501108648,1.0,0.1709344843303936,0.02337859729526459,0.0971565408128291,0.04589108166212124,0,1,0.04857827040641455,0.5229455408310606,0,1,0,0
P08,V8_video1_normal,normal,712,23.731786852012743,1,0.30281782030786064,0.2956649556731435,0.30997068494257785,0.16748218902325426,0.011086474501108648,1.0,0.14943233542834522,0.02289353578808584,0.08616293560821553,0.019019317558537877,0,1,0.043081467804107765,0.5095096587792689,0,1,0,0
P08,V8_video1_normal,normal,713,23.76511801332175,1,0.2973418949749592,0.2922523715181298,0.3024314184317886,0.164895503767357,0.011086474501108648,1.0,0.10889869696891019,0.10738446865594942,0.1081415828124298,0.026501673081094013,0,1,0.0540707914062149,0.513250836540547,0,1,0,0
P08,V8_video1_normal,normal,714,23.798449174630754,1,0.29631072539721665,0.29120457921239395,0.30141687158203934,0.16481009336364197,0.008869179600886918,1.0,0.12646743529258098,0.07193835099120938,0.09920289314189518,0.08047104468149205,0,1,0.04960144657094759,0.540235522340746,0,1,0,0
P08,V8_video1_normal,normal,715,23.83178033593976,1,0.3014778615838207,0.29587300747528544,0.30708271569235607,0.16525017443830517,0.008869179600886918,1.0,0.08214970770156604,0.07631274303243374,0.07923122536699989,0.07190709510380128,0,1,0.039615612683499946,0.5359535475519006,0,1,0,0
P08,V8_video1_normal,normal,716,23.86511149724877,1,0.2987672007618898,0.29055905185634234,0.30697534966743717,0.16474299672890058,0.008869179600886918,1.0,0.048377433543991266,0.061767130200250486,0.055072281872120876,0.03276317271508543,0,1,0.027536140936060438,0.5163815863575427,0,1,0,0
P08,V8_video1_normal,normal,717,23.898442658557776,1,0.2996703186219555,0.2951659480619076,0.3041746891820034,0.16548660265050477,0.008869179600886918,1.0,0.18001815342601213,0.23895515434618442,0.20948665388609827,0.015822734676317132,0,1,0.10474332694304914,0.5079113673381586,0,1,0,0
P08,V8_video1_normal,normal,718,23.931773819866784,1,0.29290096519418163,0.2875112434157917,0.29829068697257155,0.16499154573474656,0.008869179600886918,1.0,0.14105599343751807,0.11785523141702825,0.12945561242727316,0.020338632532673033,0,1,0.06472780621363658,0.5101693162663365,0,1,0,0
P08,V8_video1_normal,normal,719,23.965104981175788,1,0.29356440595783007,0.28733891940086714,0.299789892514793,0.1650925138348352,0.008869179600886918,1.0,0.22763912647674822,0.05990435128351279,0.1437717388801305,0.008594256829893395,0,1,0.07188586944006525,0.5042971284149467,0,1,0,0
P08,V8_video1_normal,normal,720,23.998436142484795,1,0.3029806490175896,0.29627032009410914,0.30969097794107003,0.16880052202918047,0.008869179600886918,1.0,0.12593074256844317,0.0022026383539361927,0.06406669046118968,0.027157481416309335,0,1,0.03203334523059484,0.5135787407081547,0,1,0,0
P08,V8_video1_normal,normal,721,24.031767303793803,1,0.30343723055133887,0.2957430162798864,0.3111314448227913,0.16529022992442302,0.008869179600886918,1.0,0.15039928304483052,0.0077654358732098805,0.0790823594590202,0.008255275254961704,0,1,0.0395411797295101,0.5041276376274808,0,1,0,0
P08,V8_video1_normal,normal,722,24.06509846510281,1,0.2901592095524788,0.2857370083761228,0.2945814107288348,0.16561660268790918,0.008869179600886918,1.0,0.08125836544219389,0.012369807483457174,0.04681408646282553,0.007147548608917603,0,1,0.023407043231412766,0.5035737743044588,0,1,0,0
P08,V8_video1_normal,normal,723,24.098429626411814,1,0.2883058423863267,0.2836398751631061,0.2929718096095473,0.16530332309924275,0.008869179600886918,1.0,0.20519213320280194,0.02419588185872823,0.11469400753076509,0.010088667403413678,0,1,0.05734700376538254,0.5050443337017069,0,1,0,0
P08,V8_video1_normal,normal,724,24.131760787720822,1,0.2889181337604557,0.2829495542281838,0.29488671329272764,0.16528736136773056,0.008869179600886918,1.0,0.07856369378406858,0.014172186314775459,0.04636794004942202,0.005883882170976296,0,1,0.02318397002471101,0.5029419410854882,0,1,0,0
P08,V8_video1_normal,normal,725,24.16509194902983,1,0.29019049637066746,0.2842939923185574,0.2960870004227775,0.1651980007561446,0.008869179600886918,1.0,0.20258275332929332,0.021758856243026314,0.11217080478615982,0.022595987313052672,0,1,0.05608540239307991,0.5112979936565263,0,1,0,0
P08,V8_video1_normal,normal,726,24.198423110338837,1,0.28922639905501724,0.2837869861901381,0.29466581191989644,0.16442940023827068,0.008869179600886918,1.0,0.042288105973072976,0.0032622821081385034,0.02277519404060574,0.012693566459219327,0,1,0.01138759702030287,0.5063467832296097,0,1,0,0
P08,V8_video1_normal,normal,727,24.23175427164784,1,0.2910324762686221,0.28628378814278954,0.2957811643944547,0.16484747721755943,0.008869179600886918,1.0,0.20307545775851255,0.0032622821081385034,0.10316886993332552,0.02326106573527487,0,1,0.05158443496666276,0.5116305328676375,0,1,0,0
P08,V8_video1_normal,normal,728,24.265085432956848,1,0.29290860792301693,0.28853720430111157,0.2972800115449223,0.1651987518922111,0.008869179600886918,1.0,0.07894443303022658,0.0032622821081385034,0.04110335756918254,0.016925851147956392,0,1,0.02055167878459127,0.5084629255739782,0,1,0,0
P08,V8_video1_normal,normal,729,24.298416594265856,1,0.2898490558115737,0.2844235828458307,0.2952745287773167,0.1650927348679454,0.008869179600886918,1.0,0.07912993586269368,0.003998541996019234,0.041564238929356456,0.00852896221485388,0,1,0.020782119464678228,0.5042644811074269,0,1,0,0
P08,V8_video1_normal,normal,730,24.331747755574863,1,0.30007231379543525,0.2940539319041143,0.30609069568675623,0.16457332411792042,0.008869179600886918,1.0,0.13758165339567396,0.015301834643204004,0.07644174401943898,0.020982628614537598,0,1,0.03822087200971949,0.5104913143072688,0,1,0,0
P08,V8_video1_normal,normal,731,24.36507891688387,1,0.2959721039059874,0.28945635478133314,0.3024878530306417,0.16533821757488723,0.008869179600886918,1.0,0.1605676829724757,0.01343724063458529,0.0870024618035305,0.009822910595202435,0,1,0.04350123090176525,0.5049114552976012,0,1,0,0
P08,V8_video1_normal,normal,732,24.398410078192875,1,0.3035144234396117,0.29786892652834585,0.3091599203508776,0.16657862757328104,0.008869179600886918,1.0,0.21289751388446276,0.01566688392824145,0.1142821989063521,0.009368635881101367,0,1,0.05714109945317605,0.5046843179405507,0,1,0,0
P08,V8_video1_normal,normal,733,24.431741239501882,1,0.30366202907433626,0.29878798567153975,0.30853607247713283,0.166829784142249,0.008869179600886918,1.0,0.03019945892861653,0.014206196274482275,0.022202827601549402,0.023067472261281002,0,1,0.011101413800774701,0.5115337361306405,0,1,0,0
P08,V8_video1_normal,normal,734,24.46507240081089,1,0.2991268400237499,0.2933376080675703,0.30491607197992954,0.16582600136729717,0.008869179600886918,1.0,0.1583775421517336,0.0032742972454675723,0.08082591969860059,0.036610573714727236,0,1,0.040412959849300295,0.5183052868573637,0,1,0,0
P08,V8_video1_normal,normal,735,24.498403562119897,1,0.2881489401120795,0.281748542338013,0.2945493378861459,0.16506102020766777,0.008869179600886918,1.0,0.11143541991448358,0.003046238754170094,0.05724082933432684,0.016580717432328872,0,1,0.02862041466716342,0.5082903587161645,0,1,0,0
P08,V8_video1_normal,normal,736,24.5317347234289,1,0.30053320790855365,0.29414121260407994,0.3069252032130273,0.1658709056253644,0.008869179600886918,1.0,0.12002822148804992,0.01524451938971727,0.0676363704388836,0.011428009968288829,0,1,0.0338181852194418,0.5057140049841444,0,1,0,0
P08,V8_video1_normal,normal,737,24.56506588473791,1,0.29858708316449145,0.29092722117639824,0.3062469451525846,0.16513998676255834,0.008869179600886918,1.0,0.10039376681802448,0.05589030834328601,0.07814203758065524,0.0440647137907485,0,1,0.03907101879032762,0.5220323568953742,0,1,0,0
P08,V8_video1_normal,normal,738,24.598397046046916,1,0.29875906409703423,0.2888868408908479,0.3086312873032206,0.16507007535246765,0.008869179600886918,1.0,0.4822273432553241,0.003922557116832537,0.24307495018607833,0.017458018614832673,0,1,0.12153747509303917,0.5087290093074164,0,1,0,0
P08,V8_video1_normal,normal,739,24.631728207355923,1,0.3075264658936171,0.29923821769599146,0.31581471409124273,0.16587113944317677,0.008869179600886918,1.0,0.06477587498549975,0.010460884188206121,0.037618379586852935,0.023230036472377428,0,1,0.018809189793426467,0.5116150182361887,0,1,0,0
P08,V8_video1_normal,normal,740,24.665059368664927,1,0.3086134194589375,0.3003735414785417,0.31685329743933327,0.16748938417311252,0.008869179600886918,1.0,0.11299260944177714,0.04046935327917289,0.07673098136047501,0.010388627953753532,0,1,0.03836549068023751,0.5051943139768768,0,1,0,0
P08,V8_video1_normal,normal,741,24.698390529973935,1,0.30571091274685563,0.2988248631926713,0.31259696230103995,0.16794610326387044,0.008869179600886918,1.0,0.38917863754868254,0.03513087871579501,0.21215475813223877,0.012225067149079998,0,1,0.10607737906611939,0.50611253357454,0,1,0,0
P08,V8_video1_normal,normal,742,24.731721691282942,1,0.299501472145002,0.2944901550380371,0.30451278925196684,0.16731169299143608,0.008869179600886918,1.0,0.26405871109326295,0.015860068743080213,0.13995938991817158,0.005655626884924464,0,1,0.06997969495908579,0.5028278134424622,0,1,0,0
P08,V8_video1_normal,normal,743,24.76505285259195,1,0.2973428837886638,0.2901244449339288,0.3045613226433988,0.16813096436701613,0.008869179600886918,1.0,0.22069550566173224,0.018249889955817333,0.11947269780877479,0.0038778620618930607,0,1,0.05973634890438739,0.5019389310309466,0,1,0,0
P08,V8_video1_normal,normal,744,24.798384013900957,1,0.2966412630820303,0.28921146362857003,0.3040710625354906,0.16802705060881895,0.008869179600886918,1.0,0.288784727472686,0.08820037897397515,0.18849255322333058,0.02216252719241149,0,1,0.09424627661166529,0.5110812635962058,0,1,0,0
P08,V8_video1_normal,normal,745,24.83171517520996,1,0.30581871924460335,0.30229150552240225,0.3093459329668045,0.16865753161843697,0.008869179600886918,1.0,0.07612861987899777,0.020078260941714388,0.04810344041035608,0.011080297706914356,0,1,0.02405172020517804,0.5055401488534572,0,1,0,0
P08,V8_video1_normal,normal,746,24.86504633651897,1,0.3069127342592539,0.29953600608166314,0.31428946243684475,0.16768217065002938,0.008869179600886918,1.0,0.0500566229189221,0.007717693940008874,0.028887158429465487,0.018788843042154824,0,1,0.014443579214732744,0.5093944215210774,0,1,0,0
P08,V8_video1_normal,normal,747,24.898377497827976,1,0.304920637888638,0.29789073637710034,0.3119505394001756,0.1670705494164488,0.008869179600886918,1.0,0.3622228998706125,0.031059009971074247,0.19664095492084338,0.019110132765539908,0,1,0.09832047746042169,0.5095550663827699,0,1,0,0
P08,V8_video1_normal,normal,748,24.931708659136984,1,0.3055833502514431,0.2986844541467231,0.3124822463561632,0.1672280194241473,0.008869179600886918,1.0,0.17270556836908868,0.024876400064388515,0.0987909842167386,0.018783213307641083,0,1,0.0493954921083693,0.5093916066538206,0,1,0,0
P08,V8_video1_normal,normal,749,24.965039820445988,1,0.3071504811213722,0.30286033419233743,0.31144062805040695,0.16742473987084935,0.008869179600886918,1.0,0.12644649733639035,0.2369567766111751,0.18170163697378272,0.03545911054539066,0,1,0.09085081848689136,0.5177295552726954,0,1,0,0
P08,V8_video1_normal,normal,750,24.998370981754995,1,0.302973845143674,0.29326624203170787,0.31268144825564004,0.16662282270726733,0.008869179600886918,1.0,0.034841572033072365,0.03418590597826543,0.0345137390056689,0.02307851604733857,0,1,0.01725686950283445,0.5115392580236693,0,1,0,0
P08,V8_video1_normal,normal,751,25.031702143064003,1,0.3015245479017794,0.2936701169132193,0.30937897889033955,0.16616533514918339,0.008869179600886918,1.0,0.04463567666105095,0.009323383510380312,0.02697953008571563,0.016940480214048852,0,1,0.013489765042857815,0.5084702401070245,0,1,0,0
P08,V8_video1_normal,normal,752,25.06503330437301,1,0.30518832714423716,0.2969162124178443,0.31346044187063,0.16664169034566978,0.008869179600886918,1.0,0.07165997291876303,0.015000368526455143,0.043330170722609085,0.03282707618369008,0,1,0.021665085361304542,0.5164135380918451,0,1,0,0
P08,V8_video1_normal,normal,753,25.098364465682014,1,0.3076829431479773,0.30113459761570877,0.31423128868024586,0.1670496795476895,0.008869179600886918,1.0,0.17589463962768348,0.018337572000840296,0.09711610581426189,0.05573783958367995,0,1,0.048558052907130944,0.52786891979184,0,1,0,0
P08,V8_video1_normal,normal,754,25.13169562699102,1,0.3027907901637075,0.2953744268218371,0.3102071535055779,0.16572899375781427,0.008869179600886918,1.0,0.2548816219640905,0.034085908621738326,0.1444837652929144,0.05277665517682973,0,1,0.0722418826464572,0.5263883275884149,0,1,0,0
P08,V8_video1_normal,normal,755,25.16502678830003,1,0.3078816265574225,0.30282415705107224,0.3129390960637728,0.16753984011383177,0.008869179600886918,1.0,0.2502636158986761,0.014075645649479385,0.13216963077407773,0.12342821613460266,0,1,0.06608481538703886,0.5617141080673014,0,1,0,0
P08,V8_video1_normal,normal,756,25.198357949609036,1,0.3115970568490976,0.305658228683807,0.31753588501438823,0.16661752768195315,0.008869179600886918,1.0,0.012855085910200237,0.11216715268951838,0.06251111929985931,0.07520443762976142,0,1,0.031255559649929654,0.5376022188148807,0,1,0,0
P08,V8_video1_normal,normal,757,25.231689110918044,1,0.3044128932260333,0.2978673458843012,0.31095844056776545,0.1663750083063156,0.008869179600886918,1.0,0.1740959343409214,0.009308847389102648,0.09170239086501203,0.037837219402488895,0,1,0.045851195432506014,0.5189186097012445,0,1,0,0
P08,V8_video1_normal,normal,758,25.265020272227048,1,0.298355256106649,0.28890046158501415,0.3078100506282838,0.16648386293135556,0.008869179600886918,1.0,0.08952642309418068,0.09529818689031067,0.09241230499224568,0.030279555153751525,0,1,0.04620615249612284,0.5151397775768758,0,1,0,0
P08,V8_video1_normal,normal,759,25.298351433536055,1,0.3007032402883143,0.29180728008896817,0.3095992004876605,0.16783876269234183,0.008869179600886918,1.0,0.26961873074554654,0.05810092563221647,0.1638598281888815,0.03587200348642747,0,1,0.08192991409444075,0.5179360017432137,0,1,0,0
P08,V8_video1_normal,normal,760,25.331682594845063,1,0.30325882583649805,0.2920762708343505,0.3144413808386456,0.1676934328232202,0.008869179600886918,1.0,0.23707758658958578,0.049863216575584124,0.14347040158258495,0.09156621624568237,0,1,0.07173520079129247,0.5457831081228411,0,1,0,0
P08,V8_video1_normal,normal,761,25.36501375615407,1,0.30321862247303544,0.292984849616929,0.3134523953291418,0.16737449782285918,0.008869179600886918,1.0,0.03550495828231026,0.01604232909711789,0.025773643689714076,0.08684357377376825,0,1,0.012886821844857038,0.5434217868868841,0,1,0,0
P08,V8_video1_normal,normal,762,25.398344917463074,1,0.30324069149037136,0.29406301193001755,0.3124183710507252,0.16738585986020152,0.008869179600886918,1.0,0.05234687810908467,0.028175579885519886,0.04026122899730228,0.03720929198578832,0,1,0.02013061449865114,0.5186046459928941,0,1,0,0
P08,V8_video1_normal,normal,763,25.43167607877208,1,0.30481127308052447,0.2960715307452603,0.31355101541578856,0.16751873967886216,0.008869179600886918,1.0,0.0670251800896452,0.21521585337891858,0.1411205167342819,0.02627929075038437,0,1,0.07056025836714094,0.5131396453751922,0,1,0,0
P08,V8_video1_normal,normal,764,25.46500724008109,1,0.3081328797040549,0.3022321957528541,0.31403356365525564,0.16691575642170448,0.008869179600886918,1.0,0.06570923833870812,0.02752570115177888,0.0466174697452435,0.018148347854614597,0,1,0.02330873487262175,0.5090741739273072,0,1,0,0
P08,V8_video1_normal,normal,765,25.498338401390097,1,0.3028024716193405,0.2938986216571139,0.31170632158156714,0.16534453443438318,0.008869179600886918,1.0,0.3304938529603988,0.0467557119235521,0.18862478244197545,0.015342964658484802,0,1,0.09431239122098772,0.5076714823292424,0,1,0,0
P08,V8_video1_normal,normal,766,25.5316695626991,1,0.29629020540025114,0.2863722408922564,0.3062081699082459,0.16772439716888668,0.008869179600886918,1.0,0.48126061736556824,0.046515542163747425,0.26388807976465783,0.013573719712680314,0,1,0.13194403988232892,0.5067868598563402,0,1,0,0
P08,V8_video1_normal,normal,767,25.565000724008108,1,0.29818772185037556,0.2874615142548723,0.30891392944587887,0.16711046500029073,0.008869179600886918,1.0,0.09782286765601389,0.01614709938515535,0.05698498352058462,0.013920871175668797,0,1,0.02849249176029231,0.5069604355878344,0,1,0,0
P08,V8_video1_normal,normal,768,25.598331885317116,1,0.2979445985942196,0.28790014243430473,0.30798905475413446,0.16700383920025702,0.008869179600886918,1.0,0.22411760989006346,0.019506663059671747,0.1218121364748676,0.02495852970391576,0,1,0.0609060682374338,0.5124792648519578,0,1,0,0
P08,V8_video1_normal,normal,769,25.631663046626123,1,0.29914715921795976,0.2893950396952771,0.3088992787406425,0.16703804452595747,0.008869179600886918,1.0,0.1198918643185013,0.00642697902226641,0.06315942167038385,0.028634977486372143,0,1,0.031579710835191926,0.5143174887431861,0,1,0,0
P08,V8_video1_normal,normal,770,25.66499420793513,1,0.30047628225169953,0.29024814652863756,0.31070441797476145,0.16662383736248318,0.008869179600886918,1.0,0.21628282535076493,0.08519842608357997,0.15074062571717245,0.008817249540410315,0,1,0.07537031285858622,0.5044086247702052,0,1,0,0
P08,V8_video1_normal,normal,771,25.698325369244134,1,0.3022376486302154,0.29272412438273987,0.3117511728776909,0.16717938867310655,0.008869179600886918,1.0,0.17299039992096354,0.08002446372353444,0.126507431822249,0.034810653928677965,0,1,0.0632537159111245,0.5174053269643389,0,1,0,0
P08,V8_video1_normal,normal,772,25.731656530553142,1,0.30303772365942105,0.2904154996334298,0.31565994768541233,0.1667275657108801,0.008869179600886918,1.0,0.28619247599220754,0.0190900275396102,0.15264125176590887,0.016020147481459992,0,1,0.07632062588295443,0.50801007374073,0,1,0,0
P08,V8_video1_normal,normal,773,25.76498769186215,1,0.296676657856246,0.2834497164093591,0.30990359930313277,0.1665639003879384,0.008869179600886918,1.0,0.08638382046956372,0.022132104524381857,0.05425796249697279,0.02079568120920874,0,1,0.027128981248486395,0.5103978406046044,0,1,0,0
P08,V8_video1_normal,normal,774,25.798318853171157,1,0.2975048762742909,0.28872825114104994,0.30628150140753185,0.167503211411471,0.008869179600886918,1.0,0.06238218144554397,0.03542953035287233,0.04890585589920815,0.014233962601705686,0,1,0.024452927949604075,0.5071169813008528,0,1,0,0
P08,V8_video1_normal,normal,775,25.83165001448016,1,0.296318455640178,0.28608688752669803,0.306550023753658,0.167621652849626,0.008869179600886918,1.0,0.11316929421404254,0.022021519719310323,0.06759540696667643,0.06438614697009987,0,1,0.033797703483338215,0.53219307348505,0,1,0,0
P08,V8_video1_normal,normal,776,25.86498117578917,1,0.2986932621672414,0.2877501928959258,0.309636331438557,0.16864199852176098,0.008869179600886918,1.0,0.12284258158368055,0.00919250383266923,0.06601754270817489,0.07186842454079095,0,1,0.033008771354087446,0.5359342122703955,0,1,0,0
P08,V8_video1_normal,normal,777,25.898312337098176,1,0.3014513283698459,0.290634545409584,0.31226811133010784,0.16805629404876607,0.008869179600886918,1.0,0.14692625716636198,0.005291378569892813,0.0761088178681274,0.022137461155141463,0,1,0.0380544089340637,0.5110687305775707,0,1,0,0
P08,V8_video1_normal,normal,778,25.931643498407183,1,0.3049030248057726,0.29431651644062906,0.31548953317091605,0.16711192132551475,0.008869179600886918,1.0,0.21740298467725183,0.017321704379790526,0.11736234452852118,0.0307876698507714,0,1,0.05868117226426059,0.5153938349253857,0,1,0,0
P08,V8_video1_normal,normal,779,25.964974659716187,1,0.30517414490766415,0.29499324099509755,0.31535504882023074,0.1675148915955823,0.008869179600886918,1.0,0.20752528573190332,0.012906098522080467,0.1102156921269919,0.01125101982120073,0,1,0.05510784606349595,0.5056255099106004,0,1,0,0
P08,V8_video1_normal,normal,780,25.998305821025195,1,0.2949569732399828,0.28564253022513625,0.30427141625482945,0.16706260862229727,0.008869179600886918,1.0,0.1387280848074407,0.025480003386834538,0.08210404409713762,0.029010044271139193,0,1,0.04105202204856881,0.5145050221355696,0,1,0,0
P08,V8_video1_normal,normal,781,26.031636982334202,1,0.29927766351260804,0.28911726250404846,0.3094380645211676,0.1683832273870069,0.008869179600886918,1.0,0.028333089992314098,0.06009338302008249,0.044213236506198295,0.030004687926407342,0,1,0.022106618253099147,0.5150023439632037,0,1,0,0
P08,V8_video1_normal,normal,782,26.06496814364321,1,0.2967793938474086,0.28582996135505334,0.30772882633976384,0.16735303138656218,0.008869179600886918,1.0,0.03565480280017164,0.014538694281269526,0.02509674854072058,0.01729363532646507,0,1,0.01254837427036029,0.5086468176632325,0,1,0,0
P08,V8_video1_normal,normal,783,26.098299304952214,1,0.2913484350551449,0.27944755551043027,0.30324931459985954,0.16663179338419468,0.008869179600886918,1.0,0.11351609309662725,0.004550071004394529,0.05903308205051089,0.03399034232182492,0,1,0.029516541025255444,0.5169951711609124,0,1,0,0
P08,V8_video1_normal,normal,784,26.13163046626122,1,0.2982059774646393,0.2869034815727107,0.30950847335656795,0.16724636762425962,0.008869179600886918,1.0,0.03353742004502214,0.0044949645670314675,0.019016192306026802,0.09495023637077446,0,1,0.009508096153013401,0.5474751181853872,0,1,0,0
P08,V8_video1_normal,normal,785,26.16496162757023,1,0.3000435570844431,0.2903199762112848,0.30976713795760136,0.16779991885771037,0.008869179600886918,1.0,0.16944023654641294,0.0029267680363781468,0.08618350229139554,0.04519309718807378,0,1,0.04309175114569777,0.5225965485940369,0,1,0,0
P08,V8_video1_normal,normal,786,26.198292788879236,1,0.3010807284589704,0.29306545835510467,0.3090959985628361,0.16798474890401496,0.008869179600886918,1.0,0.1627884099710163,0.011844171051466845,0.08731629051124157,0.038836193688423275,0,1,0.043658145255620784,0.5194180968442116,0,1,0,0
P08,V8_video1_normal,normal,787,26.231623950188244,1,0.30001267655289315,0.29319678703220137,0.30682856607358494,0.16804245949409155,0.008869179600886918,1.0,0.21058508002821286,0.010105038413372958,0.11034505922079291,0.04085018095351663,0,1,0.055172529610396454,0.5204250904767583,0,1,0,0
P08,V8_video1_normal,normal,788,26.264955111497247,1,0.29494350501580835,0.28412129022213106,0.3057657198094857,0.166959093362427,0.008869179600886918,1.0,0.19501807304824315,0.00040665799571715233,0.09771236552198015,0.11172643237946574,0,1,0.048856182760990075,0.5558632161897329,0,1,0,0
P08,V8_video1_normal,normal,789,26.298286272806255,1,0.29965343863687544,0.28862982968788464,0.3106770475858662,0.16862380086252945,0.008869179600886918,1.0,0.13952771416304854,0.008261016004344701,0.07389436508369662,0.0932315437251922,0,1,0.03694718254184831,0.5466157718625961,0,1,0,0
P08,V8_video1_normal,normal,790,26.331617434115262,1,0.2994561837111286,0.2885219183526471,0.31039044906961005,0.16753058779730223,0.008869179600886918,1.0,0.05984999609819186,0.02581431028390979,0.042832153191050826,0.11874783472436076,0,1,0.021416076595525413,0.5593739173621803,0,1,0,0
P08,V8_video1_normal,normal,791,26.36494859542427,1,0.2971894096356146,0.28703686452696603,0.3073419547442631,0.16779208838931864,0.008869179600886918,1.0,0.10485247136165954,0.006396931660259675,0.05562470151095961,0.07244031260128342,0,1,0.027812350755479803,0.5362201563006417,0,1,0,0
P08,V8_video1_normal,normal,792,26.398279756733274,1,0.29809399136892223,0.2864808820906188,0.30970710064722573,0.16722337835831444,0.008869179600886918,1.0,0.22668003202916898,0.0029005529182842826,0.11479029247372663,0.059383205911338964,0,1,0.057395146236863315,0.5296916029556695,0,1,0,0
P08,V8_video1_normal,normal,793,26.43161091804228,1,0.29032600248558543,0.2778503786470697,0.3028016263241012,0.16674715428785683,0.008869179600886918,1.0,0.1892040403415164,0.010779690054730562,0.09999186519812348,0.0784421524281342,0,1,0.04999593259906174,0.5392210762140671,0,1,0,0
P08,V8_video1_normal,normal,794,26.46494207935129,1,0.29280453649020355,0.2824741918152705,0.3031348811651366,0.165952753208269,0.008869179600886918,1.0,0.14432785414925853,0.07418883143947641,0.10925834279436747,0.06255353691633578,0,1,0.054629171397183734,0.5312767684581678,0,1,0,0
P08,V8_video1_normal,normal,795,26.498273240660296,1,0.2868983455318851,0.27495906663849834,0.2988376244252719,0.16553181858503568,0.008869179600886918,1.0,0.03651540122618224,0.026898533868742636,0.03170696754746244,0.10831678287603501,0,1,0.01585348377373122,0.5541583914380175,0,1,0,0
P08,V8_video1_normal,normal,796,26.5316044019693,1,0.29343029156192824,0.28533259253230914,0.3015279905915474,0.1668750948714616,0.008869179600886918,1.0,0.13667150502496161,0.03703942093260548,0.08685546297878355,0.08063837777528231,0,1,0.043427731489391774,0.5403191888876412,0,1,0,0
P08,V8_video1_normal,normal,797,26.564935563278308,1,0.3003111401083528,0.29459084193874197,0.3060314382779637,0.16762793611307072,0.008869179600886918,1.0,0.038416223558533136,0.0043011805826431715,0.021358702070588154,0.053300796642037476,0,1,0.010679351035294077,0.5266503983210188,0,1,0,0
P08,V8_video1_normal,normal,798,26.598266724587315,1,0.3026572344481304,0.2979410278610468,0.3073734410352141,0.16786291905393924,0.008869179600886918,1.0,0.10154928357260595,0.006452328853491118,0.054000806213048536,0.10482358540174586,0,1,0.027000403106524268,0.5524117927008729,0,1,0,0
P08,V8_video1_normal,normal,799,26.631597885896323,1,0.2983678427637102,0.2916286122485318,0.3051070732788886,0.16746301007416248,0.008869179600886918,1.0,0.07760000906649966,0.025546303759618194,0.05157315641305893,0.02655628747896731,0,1,0.025786578206529465,0.5132781437394837,0,1,0,0
P08,V8_video1_normal,normal,800,26.66492904720533,1,0.30401028192883617,0.29737643872468583,0.31064412513298656,0.16783965395369102,0.008869179600886918,1.0,0.11720293770600776,0.041368850315742334,0.07928589401087505,0.0510384804958275,0,1,0.03964294700543752,0.5255192402479137,0,1,0,0
P08,V8_video1_normal,normal,801,26.698260208514334,1,0.3044142066700299,0.297597922846796,0.3112304904932638,0.16806535471497933,0.008869179600886918,1.0,0.09134051969643131,0.019000345885551773,0.05517043279099154,0.0743562832362885,0,1,0.02758521639549577,0.5371781416181443,0,1,0,0
P08,V8_video1_normal,normal,802,26.73159136982334,1,0.3007338668647084,0.293836007241981,0.3076317264874357,0.16806390734095855,0.008869179600886918,1.0,0.22931165159433176,0.002392111026503385,0.11585188131041757,0.09119492418808464,0,1,0.057925940655208785,0.5455974620940424,0,1,0,0
P08,V8_video1_normal,normal,803,26.76492253113235,1,0.29995528002697147,0.29217431224060647,0.30773624781333647,0.1679251615424453,0.008869179600886918,1.0,0.3443855692788472,0.006318428986050062,0.17535199913244864,0.09411924237081211,0,1,0.08767599956622432,0.5470596211854061,0,1,0,0
P08,V8_video1_normal,normal,804,26.798253692441357,1,0.30202238431721345,0.2931574969413707,0.3108872716930562,0.16792256297576544,0.008869179600886918,1.0,0.4284368091389318,0.0024331641196970732,0.21543498662931443,0.10894004804120264,0,1,0.10771749331465721,0.5544700240206013,0,1,0,0
P08,V8_video1_normal,normal,805,26.83158485375036,1,0.29604148766671773,0.2866484315220609,0.3054345438113746,0.16808820523852266,0.008869179600886918,1.0,0.3234954017478233,0.018666916388067945,0.17108115906794563,0.06807526119832961,0,1,0.08554057953397282,0.5340376305991648,0,1,0,0
P08,V8_video1_normal,normal,806,26.864916015059368,1,0.2949441879762801,0.2847999873962769,0.3050883885562833,0.16726555736064577,0.008869179600886918,1.0,0.1289082589390731,0.01151301030713281,0.07021063462310295,0.0923790467508683,0,1,0.035105317311551476,0.5461895233754341,0,1,0,0
P08,V8_video1_normal,normal,807,26.898247176368375,1,0.29446284521959404,0.2842242551478674,0.30470143529132065,0.16741314755277256,0.008869179600886918,1.0,0.10193475611655967,0.006875316700104772,0.05440503640833222,0.090673978209622,0,1,0.02720251820416611,0.545336989104811,0,1,0,0
P08,V8_video1_normal,normal,808,26.931578337677383,1,0.2962238618649762,0.28726490403182714,0.3051828196981253,0.16639418948919824,0.008869179600886918,1.0,0.21730665992573583,0.002137641629236464,0.10972215077748615,0.0597151133281295,0,1,0.054861075388743075,0.5298575566640648,0,1,0,0
P08,V8_video1_normal,normal,809,26.964909498986387,1,0.2992509217348699,0.29187822568517025,0.30662361778456954,0.16753604647901657,0.008869179600886918,1.0,0.16499678972266418,0.010477862693747952,0.08773732620820607,0.02977527047418068,0,1,0.043868663104103034,0.5148876352370904,0,1,0,0
P08,V8_video1_normal,normal,810,26.998240660295394,1,0.29815063553197363,0.2909407196910592,0.3053605513728881,0.1677978672221383,0.008869179600886918,1.0,0.1067512344232413,0.00669970486512772,0.05672546964418451,0.021282712866708662,0,1,0.028362734822092256,0.5106413564333543,0,1,0,0
P08,V8_video1_normal,normal,811,27.031571821604402,1,0.2998071559535118,0.29278237535651075,0.3068319365505129,0.16814397810482953,0.008869179600886918,1.0,0.1067512344232413,0.00669970486512772,0.05672546964418451,0.020816655315897464,0,1,0.028362734822092256,0.5104083276579487,0,1,0,0
P08,V8_video1_normal,normal,812,27.06490298291341,1,0.3001333601443488,0.2931778634905494,0.30708885679814824,0.16814259356524883,0.008869179600886918,1.0,0.09615649038889829,0.011971708485532195,0.05406409943721524,0.024067028243727844,0,1,0.02703204971860762,0.5120335141218639,0,1,0,0
P08,V8_video1_normal,normal,813,27.098234144222417,1,0.30616160861688346,0.2985240608929787,0.31379915634078814,0.16897885320688083,0.008869179600886918,1.0,0.19941204116085542,0.019983335599007113,0.10969768837993127,0.0806477108576349,0,1,0.054848844189965634,0.5403238554288174,0,1,0,0
P08,V8_video1_normal,normal,814,27.13156530553142,1,0.29834704953734803,0.2896950856533125,0.3069990134213836,0.16750513486301039,0.008869179600886918,1.0,0.08048665913752351,0.04417015392490653,0.06232840653121502,0.04240201829115478,0,1,0.03116420326560751,0.5212010091455774,0,1,0,0
P08,V8_video1_normal,normal,815,27.16489646684043,1,0.3029001079243095,0.29387957958563826,0.3119206362629807,0.16811556761451646,0.008869179600886918,1.0,0.2838502673151799,0.006320890386597,0.14508557885088846,0.049313822140866825,0,1,0.07254278942544423,0.5246569110704334,0,1,0,0
P08,V8_video1_normal,normal,816,27.198227628149436,1,0.3060261407008092,0.29894116979715724,0.31311111160446115,0.16933642675782856,0.008869179600886918,1.0,0.1975135844478908,0.02752464176003222,0.11251911310396151,0.03388209245046603,0,1,0.056259556551980755,0.5169410462252331,0,1,0,0
P08,V8_video1_normal,normal,817,27.231558789458443,1,0.3070175561229548,0.30106476440788404,0.31297034783802546,0.16857850048518502,0.008869179600886918,1.0,0.26435933194781047,0.0039212028875527105,0.1341402674176816,0.02466464310961068,0,1,0.0670701337088408,0.5123323215548053,0,1,0,0
P08,V8_video1_normal,normal,818,27.264889950767447,1,0.3044279998500814,0.29878618050432365,0.31006981919583915,0.16879738546255407,0.008869179600886918,1.0,0.13197478399508522,0.04173824992673136,0.08685651696090829,0.017013437325354607,0,1,0.043428258480454146,0.5085067186626773,0,1,0,0
P08,V8_video1_normal,normal,819,27.298221112076455,1,0.29283893575134223,0.28897111138078313,0.2967067601219014,0.16617838872917956,0.008869179600886918,1.0,0.16913390296188158,0.01607349746945963,0.0926037002156706,0.08873286469883064,0,1,0.0463018501078353,0.5443664323494153,0,1,0,0
P08,V8_video1_normal,normal,820,27.331552273385462,1,0.2997017085222749,0.29525934774098017,0.30414406930356963,0.1684447053556853,0.008869179600886918,1.0,0.2567739290166977,0.05379995901657775,0.15528694401663773,0.06029261712662463,0,1,0.07764347200831886,0.5301463085633124,0,1,0,0
P08,V8_video1_normal,normal,821,27.36488343469447,1,0.30066544759892966,0.29256466798578185,0.3087662272120774,0.1682999101264623,0.008869179600886918,1.0,0.35079331807484504,0.028930151574566576,0.1898617348247058,0.03486084310879305,0,1,0.0949308674123529,0.5174304215543966,0,1,0,0
P08,V8_video1_normal,normal,822,27.398214596003474,1,0.3021300465248092,0.2934030779018372,0.3108570151477812,0.16802108328593318,0.008869179600886918,1.0,0.37756717099990467,0.14432510115178765,0.26094613607584616,0.01481223621886061,0,1,0.13047306803792308,0.5074061181094303,0,1,0,0
P08,V8_video1_normal,normal,823,27.43154575731248,1,0.30353764999471633,0.2957875879740049,0.31128771201542776,0.16811282503731056,0.008869179600886918,1.0,0.1359354708644075,0.03330047124664781,0.08461797105552765,0.015260146764984162,0,1,0.042308985527763826,0.5076300733824921,0,1,0,0
P08,V8_video1_normal,normal,824,27.46487691862149,1,0.30332072316404457,0.2942642577616062,0.312377188566483,0.16778675218322794,0.008869179600886918,1.0,0.1349444744708007,0.02810080973106932,0.08152264210093502,0.030748401507365186,0,1,0.04076132105046751,0.5153742007536826,0,1,0,0
P08,V8_video1_normal,normal,825,27.498208079930496,1,0.29653345115113794,0.28451989787895066,0.3085470044233253,0.16706513155780997,0.008869179600886918,1.0,0.1434621871996684,0.0035053850923693064,0.07348378614601886,0.08564232356999872,0,1,0.03674189307300943,0.5428211617849994,0,1,0,0
P08,V8_video1_normal,normal,826,27.531539241239503,1,0.3009806370890227,0.29179069166492616,0.3101705825131192,0.16828947177319328,0.008869179600886918,1.0,0.17124998820137727,0.0538254641808944,0.11253772619113583,0.015299873307341992,0,1,0.05626886309556792,0.507649936653671,0,1,0,0
P08,V8_video1_normal,normal,827,27.564870402548507,1,0.3007017291128567,0.2882865653463609,0.3131168928793525,0.16728144244754942,0.008869179600886918,1.0,0.20888829732985037,0.06586769892755873,0.13737799812870455,0.017827777731775882,0,1,0.06868899906435227,0.508913888865888,0,1,0,0
P08,V8_video1_normal,normal,828,27.598201563857515,1,0.29476440547976673,0.28240350339472947,0.307125307564804,0.1665380317947598,0.008869179600886918,1.0,0.06483010213567675,0.051605089134519666,0.05821759563509821,0.021442873442525136,0,1,0.029108797817549104,0.5107214367212626,0,1,0,0
P08,V8_video1_normal,normal,829,27.631532725166522,1,0.2944901301638265,0.2822581017479657,0.3067221585796874,0.16628283382918901,0.008869179600886918,1.0,0.2482560777965389,0.09784445814042797,0.17305026796848344,0.02321704564798546,0,1,0.08652513398424172,0.5116085228239927,0,1,0,0
P08,V8_video1_normal,normal,830,27.66486388647553,1,0.30069752570390607,0.2890890092223532,0.3123060421854589,0.16643970387231347,0.008869179600886918,1.0,0.21462761304775635,0.010860443705951073,0.11274402837685371,0.018161275935380267,0,1,0.056372014188426856,0.5090806379676901,0,1,0,0
P08,V8_video1_normal,normal,831,27.698195047784534,1,0.29708991721175937,0.28441699709860724,0.30976283732491144,0.16748671620057493,0.008869179600886918,1.0,0.08803246449606361,0.02293766220449267,0.05548506335027814,0.04626691895608465,0,1,0.02774253167513907,0.5231334594780424,0,1,0,0
P08,V8_video1_normal,normal,832,27.73152620909354,1,0.2973962037915159,0.2852109183123352,0.30958148927069656,0.16738037573363565,0.008869179600886918,1.0,0.06512203084715829,0.020160700226691475,0.04264136553692488,0.018176438198071618,0,1,0.02132068276846244,0.5090882190990358,0,1,0,0
P08,V8_video1_normal,normal,833,27.76485737040255,1,0.2961853703028093,0.28089579793642844,0.3114749426691901,0.16747702153462007,0.008869179600886918,1.0,0.0709183375567406,0.006905763943280796,0.038912050750010696,0.010325413700651168,0,1,0.019456025375005348,0.5051627068503256,0,1,0,0
P08,V8_video1_normal,normal,834,27.798188531711556,1,0.2419652741539957,0.225323065578756,0.2586074827292354,0.1647554678030022,0.008869179600886918,1.0,0.11548101982271575,0.03957771193619586,0.0775293658794558,0.02055263451714882,0,1,0.0387646829397279,0.5102763172585744,0,1,0,0
P08,V8_video1_normal,normal,835,27.83151969302056,1,0.17879065504425218,0.1509065922581303,0.20667471783037403,0.16538499914724156,0.008869179600886918,1.0,0.333444749921031,0.08382805383668479,0.2086364018788579,0.006702812206974696,0,1,0.10431820093942895,0.5033514061034874,0,1,0,0
P08,V8_video1_normal,normal,836,27.864850854329568,1,0.16916588833067486,0.13894805280828704,0.19938372385306266,0.16528707531205059,0.008869179600886918,1.0,0.5190484973237228,0.09444637709885717,0.30674743721129,0.012009489006960153,0,1,0.153373718605645,0.5060047445034801,0,1,0,0
P08,V8_video1_normal,normal,837,27.898182015638575,1,0.17906018112666822,0.14942168897677996,0.20869867327655645,0.16549389593611807,0.008869179600886918,1.0,0.42919012322822336,0.045553590510897246,0.2373718568695603,0.007295435913385113,0,1,0.11868592843478015,0.5036477179566926,0,1,0,0
P08,V8_video1_normal,normal,838,27.931513176947583,1,0.2180954168947879,0.2003379350592543,0.2358528987303215,0.1642904089751314,0.008869179600886918,1.0,0.09314070109544226,0.018067220920465532,0.055603961007953895,0.014017769086723461,0,1,0.027801980503976947,0.5070088845433617,0,1,0,0
P08,V8_video1_normal,normal,839,27.96484433825659,1,0.23829115859660982,0.22454786856779632,0.25203444862542335,0.1653832045462007,0.008869179600886918,1.0,0.08192620694878128,0.024528871613050063,0.05322753928091567,0.006677414685276756,0,1,0.026613769640457835,0.5033387073426384,0,1,0,0
P08,V8_video1_normal,normal,840,27.998175499565594,1,0.26025316789510045,0.251738918240548,0.2687674175496529,0.1650177389820565,0.008869179600886918,1.0,0.002826617835558265,0.01725772425819405,0.010042171046876158,0.00887738208913775,0,1,0.005021085523438079,0.5044386910445688,0,1,0,0
P08,V8_video1_normal,normal,841,28.0315066608746,1,0.2623282914306977,0.25356726526613993,0.27108931759525545,0.16488621451446359,0.008869179600886918,1.0,0.059675379660067196,0.01854832656745309,0.03911185311376014,0.013950330800804456,0,1,0.01955592655688007,0.5069751654004022,0,1,0,0
P08,V8_video1_normal,normal,842,28.06483782218361,1,0.2711412908586087,0.2609530062673606,0.28132957544985676,0.16416550289535037,0.008869179600886918,1.0,0.15469920945383953,0.017816359352745947,0.08625778440329274,0.008128141016137454,0,1,0.04312889220164637,0.5040640705080687,0,1,0,0
P08,V8_video1_normal,normal,843,28.098168983492616,1,0.2746986818856795,0.2665280617312215,0.2828693020401374,0.16482667074650167,0.008869179600886918,1.0,0.24159050405819926,0.02261009808208614,0.1321003010701427,0.02763039294462198,0,1,0.06605015053507135,0.513815196472311,0,1,0,0
P08,V8_video1_normal,normal,844,28.13150014480162,1,0.268765068764656,0.2569553315353899,0.28057480599392204,0.16481699902309116,0.008869179600886918,1.0,0.09600394659083045,0.030932226836194676,0.06346808671351256,0.04536896518810615,0,1,0.03173404335675628,0.5226844825940531,0,1,0,0
P08,V8_video1_normal,normal,845,28.164831306110628,1,0.27540814068662434,0.2630791869939934,0.2877370943792553,0.16646804098575374,0.008869179600886918,1.0,0.2040244545230364,0.010977630338468547,0.10750104243075248,0.0270217411218755,0,1,0.05375052121537624,0.5135108705609378,0,1,0,0
P08,V8_video1_normal,normal,846,28.198162467419635,1,0.27823817634851866,0.2654813983249899,0.2909949543720475,0.16626735508902807,0.008869179600886918,1.0,0.20453345876296403,0.00884503887517929,0.10668924881907166,0.03302558518015624,0,1,0.05334462440953583,0.5165127925900781,0,1,0,0
P08,V8_video1_normal,normal,847,28.231493628728643,1,0.28084592214399884,0.2681885426981935,0.2935033015898042,0.16750480818088082,0.008869179600886918,1.0,0.09768483955108176,0.012767761730923755,0.05522630064100276,0.022981893085963524,0,1,0.02761315032050138,0.5114909465429818,0,1,0,0
P08,V8_video1_normal,normal,848,28.264824790037647,1,0.279829168716893,0.27288845335043194,0.2867698840833541,0.1657023361046124,0.008869179600886918,1.0,0.0929253660721161,0.003900624711459577,0.04841299539178784,0.04474612843278889,0,1,0.02420649769589392,0.5223730642163944,0,1,0,0
P08,V8_video1_normal,normal,849,28.298155951346654,1,0.28742888043480286,0.2801285643181482,0.29472919655145746,0.16486564220757974,0.008869179600886918,1.0,0.03606884473993732,0.00209238824572322,0.01908061649283027,0.007332264681754002,0,1,0.009540308246415136,0.503666132340877,0,1,0,0
P08,V8_video1_normal,normal,850,28.33148711265566,1,0.2917421650010017,0.28596558738148503,0.2975187426205183,0.16543632718011947,0.008869179600886918,1.0,0.12074338782012783,0.003676644713183741,0.06221001626665579,0.03429157842495582,0,1,0.031105008133327894,0.5171457892124779,0,1,0,0
P08,V8_video1_normal,normal,851,28.36481827396467,1,0.2874504170605542,0.2806248333974265,0.2942760007236819,0.16423041595863727,0.008869179600886918,1.0,0.15965574192209597,0.0015472855956318865,0.08060151375886393,0.039260810332997935,0,1,0.040300756879431965,0.5196304051664989,0,1,0,0
P08,V8_video1_normal,normal,852,28.398149435273673,1,0.2868962366966608,0.2763311201758266,0.297461353217495,0.1649619658168371,0.008869179600886918,1.0,0.09917183455513068,0.007959234712487273,0.053565534633808976,0.09002156421059915,0,1,0.026782767316904488,0.5450107821052996,0,1,0,0
P08,V8_video1_normal,normal,853,28.43148059658268,1,0.2760795000470706,0.2652621995458448,0.28689680054829636,0.16643197281485697,0.008869179600886918,1.0,0.19759331418862036,0.009875196644349993,0.10373425541648518,0.07865506217133598,0,1,0.05186712770824259,0.539327531085668,0,1,0,0
P08,V8_video1_normal,normal,854,28.464811757891688,1,0.13701890956298465,0.11427409368230156,0.15976372544366774,0.165823012418264,0.011086474501108648,1.0,0.13797834977328582,0.3190255282509131,0.22850193901209948,0.044065205895927016,1,1,0.6142509695060497,0.5220326029479635,1,1,1,0
P08,V8_video1_normal,normal,855,28.498142919200696,1,0.10791791130793098,0.0862939703816201,0.12954185223424186,0.16650625958521187,0.013303769401330377,1.0,0.43378754987555557,0.14347988353420582,0.2886337167048807,0.08612869216365895,1,1,0.6443168583524403,0.5430643460818295,1,1,1,0
P08,V8_video1_normal,normal,856,28.531474080509703,1,0.14771804181401726,0.12872031079467866,0.16671577283335587,0.16555398182287054,0.013303769401330377,1.0,0.15322567728362568,0.05367462644674881,0.10345015186518725,0.0955365692741996,0,1,0.05172507593259362,0.5477682846370998,0,1,0,0
P08,V8_video1_normal,normal,857,28.564805241818707,1,0.19748708407659155,0.17745262660201042,0.2175215415511727,0.16459234433775083,0.013303769401330377,1.0,0.023276075183085942,0.06862756283790183,0.04595181901049389,0.05482618826395353,0,1,0.022975909505246944,0.5274130941319768,0,1,0,0
P08,V8_video1_normal,normal,858,28.598136403127715,1,0.24536466448955152,0.23477241042029148,0.25595691855881153,0.16559617387189618,0.013303769401330377,1.0,0.0240231806021457,0.048958534091461337,0.03649085734680352,0.0518307365069482,0,1,0.01824542867340176,0.5259153682534741,0,1,0,0
P08,V8_video1_normal,normal,859,28.631467564436722,1,0.276953830898899,0.26590417211985573,0.28800348967794237,0.16599395513646303,0.013303769401330377,1.0,0.03250230289202671,0.01621235281921596,0.024357327855621336,0.0047162088442005284,0,1,0.012178663927810668,0.5023581044221003,0,1,0,0
P08,V8_video1_normal,normal,860,28.66479872574573,1,0.28789678701135457,0.27560515504339805,0.3001884189793111,0.16599711601670816,0.013303769401330377,1.0,0.049096193954013656,0.0029631612328517853,0.02602967759343272,0.015669362254711713,0,1,0.01301483879671636,0.5078346811273559,0,1,0,0
P08,V8_video1_normal,normal,861,28.698129887054733,1,0.29812087849750635,0.2854070952673158,0.31083466172769686,0.1666182082420887,0.013303769401330377,1.0,0.05348121771790293,0.013088111641232247,0.03328466467956759,0.011186298171569993,0,1,0.016642332339783794,0.505593149085785,0,1,0,0
P08,V8_video1_normal,normal,862,28.73146104836374,1,0.28601352527397594,0.2779782514699029,0.29404879907804904,0.16512615010145415,0.013303769401330377,1.0,0.12700088860126324,0.2500746361726347,0.18853776238694897,0.03014122205153617,0,1,0.09426888119347449,0.5150706110257681,0,1,0,0
P08,V8_video1_normal,normal,863,28.76479220967275,1,0.28838548278655113,0.2805409204643326,0.29623004510876966,0.1653810345036898,0.013303769401330377,1.0,0.05668349779115567,0.08185280338031464,0.06926815058573516,0.023560473895133285,0,1,0.03463407529286758,0.5117802369475667,0,1,0,0
P08,V8_video1_normal,normal,864,28.798123370981756,1,0.28593752092307834,0.27731368861424927,0.2945613532319074,0.1652756326902853,0.013303769401330377,1.0,0.16862586493508036,0.0950206989714002,0.13182328195324028,0.016912502949827296,0,1,0.06591164097662014,0.5084562514749137,0,1,0,0
P08,V8_video1_normal,normal,865,28.83145453229076,1,0.29696108524367887,0.2899906560413588,0.3039315144459989,0.16566734913302522,0.013303769401330377,1.0,0.2578245170531135,0.015336547354026897,0.1365805322035702,0.0052091850753356725,0,1,0.0682902661017851,0.5026045925376679,0,1,0,0
P08,V8_video1_normal,normal,866,28.864785693599767,1,0.29978765008855335,0.29132502563295526,0.30825027454415144,0.16601984527392122,0.013303769401330377,1.0,0.548631155140479,0.009415631156182491,0.27902339314833075,0.014473948320298276,0,1,0.13951169657416537,0.5072369741601491,0,1,0,0
P08,V8_video1_normal,normal,867,28.898116854908775,1,0.29361610354201223,0.2863841850891546,0.3008480219948699,0.16594400407610044,0.013303769401330377,1.0,0.29881421158595534,0.2263510115865751,0.2625826115862652,0.008916320882096686,0,1,0.1312913057931326,0.5044581604410483,0,1,0,0
P08,V8_video1_normal,normal,868,28.931448016217782,1,0.2934491348357784,0.2849425765535689,0.30195569311798787,0.16638627743754195,0.013303769401330377,1.0,0.12423015316869945,0.1949637889019673,0.15959697103533338,0.010412042524692218,0,1,0.07979848551766669,0.5052060212623461,0,1,0,0
P08,V8_video1_normal,normal,869,28.96477917752679,1,0.30417501740556724,0.29769426019434014,0.31065577461679433,0.16606070715773041,0.013303769401330377,1.0,0.10730857410694816,0.044196906559616056,0.07575274033328211,0.003309782010299816,0,1,0.037876370166641055,0.5016548910051499,0,1,0,0
P08,V8_video1_normal,normal,870,28.998110338835794,1,0.30153071864123104,0.2936958838138184,0.30936555346864364,0.16640728918133435,0.013303769401330377,1.0,0.30469624903234405,0.01922480728397713,0.1619605281581606,0.023631299998640273,0,1,0.0809802640790803,0.5118156499993202,0,1,0,0
P08,V8_video1_normal,normal,871,29.0314415001448,1,0.29689113042047616,0.28972763696467424,0.3040546238762781,0.1662615951230262,0.013303769401330377,1.0,0.1108534799324501,0.10349813755976256,0.10717580874610633,0.036371751646873354,0,1,0.05358790437305316,0.5181858758234367,0,1,0,0
P08,V8_video1_normal,normal,872,29.06477266145381,1,0.3003892747161594,0.2926195219338322,0.3081590274984865,0.166399673982274,0.013303769401330377,1.0,0.14236627418662218,0.012175634926628653,0.07727095455662542,0.042168101237501726,0,1,0.03863547727831271,0.5210840506187508,0,1,0,0
P08,V8_video1_normal,normal,873,29.098103822762816,1,0.3102229916899441,0.3038556797078541,0.3165903036720341,0.16579057206452205,0.013303769401330377,1.0,0.1019727611223119,0.006379718652798294,0.0541762398875551,0.10717120680629727,0,1,0.02708811994377755,0.5535856034031487,0,1,0,0
P08,V8_video1_normal,normal,874,29.13143498407182,1,0.316774952417641,0.3095555462091351,0.3239943586261469,0.16750050987759565,0.013303769401330377,1.0,0.1056239032472227,0.033853812834077734,0.06973885804065022,0.07149814007139119,0,1,0.03486942902032511,0.5357490700356956,0,1,0,0
P08,V8_video1_normal,normal,875,29.164766145380828,1,0.3078614555511927,0.3012071371315085,0.314515773970877,0.16764950386248798,0.013303769401330377,1.0,0.31991234677616576,0.0602568573915786,0.19008460208387218,0.040179286120898425,0,1,0.09504230104193609,0.5200896430604492,0,1,0,0
P08,V8_video1_normal,normal,876,29.198097306689835,1,0.32082882429789095,0.31196761496425957,0.32969003363152233,0.16686893360397015,0.013303769401330377,1.0,0.18469257274996598,0.007893772956222178,0.09629317285309408,0.09238588364139597,0,1,0.04814658642654704,0.546192941820698,0,1,0,0
P08,V8_video1_normal,normal,877,29.231428467998843,1,0.32163877054581835,0.31357293159694527,0.3297046094946915,0.16762147500581218,0.013303769401330377,1.0,0.1868838560863435,0.015797774727441705,0.1013408154068926,0.15565769456172987,0,1,0.0506704077034463,0.5778288472808649,0,1,0,0
P08,V8_video1_normal,normal,878,29.264759629307846,1,0.3166676007653548,0.3094216536984303,0.32391354783227927,0.16707613544114988,0.013303769401330377,1.0,0.14057750232622024,0.04600692847597576,0.093292215401098,0.10400262916667595,0,1,0.046646107700549,0.552001314583338,0,1,0,0
P08,V8_video1_normal,normal,879,29.298090790616854,1,0.31088340209687104,0.304157629995756,0.31760917419798607,0.1661530806127256,0.013303769401330377,1.0,0.17974474012532327,0.023369002182311527,0.1015568711538174,0.043327072845484337,0,1,0.0507784355769087,0.5216635364227422,0,1,0,0
P08,V8_video1_normal,normal,880,29.33142195192586,1,0.30698307182255563,0.2995556589543292,0.3144104846907821,0.1671220491019931,0.013303769401330377,1.0,0.02550976296892371,0.0865775811255719,0.056043672047247806,0.07437889901656827,0,1,0.028021836023623903,0.5371894495082842,0,1,0,0
P08,V8_video1_normal,normal,881,29.36475311323487,1,0.3024809713336525,0.29603008578053713,0.30893185688676783,0.1664657816296322,0.013303769401330377,1.0,0.1704940398958128,0.15448473720110845,0.16248938854846062,0.06597076970912882,0,1,0.08124469427423031,0.5329853848545644,0,1,0,0
P08,V8_video1_normal,normal,882,29.398084274543876,1,0.303659308987908,0.29700607115589245,0.31031254681992354,0.16732275905320462,0.013303769401330377,1.0,0.31688234334046106,0.03441210799097716,0.1756472256657191,0.02123874687505528,0,1,0.08782361283285955,0.5106193734375276,0,1,0,0
P08,V8_video1_normal,normal,883,29.43141543585288,1,0.2998979705600753,0.29534468016058213,0.3044512609595684,0.16556768687048942,0.013303769401330377,1.0,0.2152571716547116,0.04500060057259603,0.1301288861136538,0.07013604710787805,0,1,0.0650644430568269,0.535068023553939,0,1,0,0
P08,V8_video1_normal,normal,884,29.464746597161888,1,0.2950547952723093,0.289243534449875,0.30086605609474365,0.1658108006064192,0.013303769401330377,1.0,0.44909450422881403,0.02686162659949054,0.23797806541415228,0.07406138158666663,0,1,0.11898903270707614,0.5370306907933333,0,1,0,0
P08,V8_video1_normal,normal,885,29.498077758470895,1,0.2936415189818447,0.28583342646016613,0.3014496115035233,0.16564490193385428,0.013303769401330377,1.0,0.23044337710720764,0.008936666643119762,0.1196900218751637,0.02795419216471111,0,1,0.05984501093758185,0.5139770960823555,0,1,0,0
P08,V8_video1_normal,normal,886,29.531408919779903,1,0.29136678241510683,0.28267085734225705,0.3000627074879566,0.16726647513686202,0.013303769401330377,1.0,0.3567826849714052,0.195977723089502,0.2763802040304536,0.035425277456057246,0,1,0.1381901020152268,0.5177126387280286,0,1,0,0
P08,V8_video1_normal,normal,887,29.564740081088907,1,0.2890347691730597,0.2802837886588274,0.29778574968729205,0.16717713162288428,0.013303769401330377,1.0,0.057032828709025374,0.040771364166172996,0.048902096437599185,0.028243383664754988,0,1,0.024451048218799593,0.5141216918323775,0,1,0,0
P08,V8_video1_normal,normal,888,29.598071242397914,1,0.28731025787442666,0.2809335349858648,0.2936869807629885,0.16688710943181467,0.013303769401330377,1.0,0.21655778063397613,0.03618253063956001,0.12637015563676807,0.019050601065761282,0,1,0.06318507781838403,0.5095253005328806,0,1,0,0
P08,V8_video1_normal,normal,889,29.63140240370692,1,0.28868939943156646,0.2811536014301387,0.2962251974329943,0.1666002749408021,0.013303769401330377,1.0,0.21906885805060972,0.17616672411797885,0.19761779108429428,0.05955230784291945,0,1,0.09880889554214714,0.5297761539214597,0,1,0,0
P08,V8_video1_normal,normal,890,29.66473356501593,1,0.2861204666026824,0.2791374225366898,0.29310351066867496,0.16614172538543562,0.013303769401330377,1.0,0.19851988760360262,0.11880403303717135,0.15866196032038699,0.049028707709586235,0,1,0.07933098016019349,0.5245143538547932,0,1,0,0
P08,V8_video1_normal,normal,891,29.698064726324933,1,0.2861007489686874,0.2768680575754539,0.2953334403619209,0.16658828891911795,0.013303769401330377,1.0,0.14446327598216002,0.08078966675589017,0.1126264713690251,0.02480809071460511,0,1,0.05631323568451255,0.5124040453573026,0,1,0,0
P08,V8_video1_normal,normal,892,29.73139588763394,1,0.2945853822242862,0.2861750592987852,0.30299570514978724,0.16668030704835693,0.013303769401330377,1.0,0.3523487755291188,0.06349806933377955,0.20792342243144918,0.0069636965092863155,0,1,0.10396171121572459,0.5034818482546431,0,1,0,0
P08,V8_video1_normal,normal,893,29.764727048942948,1,0.29483788146511414,0.28368825099329786,0.3059875119369304,0.16678093162972527,0.013303769401330377,1.0,0.39777510595755894,0.04159834567621046,0.2196867258168847,0.013288628577698657,0,1,0.10984336290844235,0.5066443142888494,0,1,0,0
P08,V8_video1_normal,normal,894,29.798058210251956,1,0.29529431116034854,0.2850347123446073,0.30555390997608983,0.1687085016060684,0.013303769401330377,1.0,0.08065437542284837,0.016467209880660416,0.04856079265175439,0.017918788003629213,0,1,0.024280396325877196,0.5089593940018146,0,1,0,0
P08,V8_video1_normal,normal,895,29.831389371560963,1,0.29335656533405796,0.28198219938217134,0.30473093128594453,0.16841484146632565,0.013303769401330377,1.0,0.08561478931126021,0.023745615647128404,0.054680202479194306,0.013927948723039289,0,1,0.027340101239597153,0.5069639743615196,0,1,0,0
P08,V8_video1_normal,normal,896,29.864720532869967,1,0.29015253366787863,0.278441891520352,0.3018631758154053,0.1684094612766455,0.013303769401330377,1.0,0.2478069521221059,0.022610798840957957,0.13520887548153193,0.02156030129036521,0,1,0.06760443774076597,0.5107801506451826,0,1,0,0
P08,V8_video1_normal,normal,897,29.898051694178974,1,0.2909079965404294,0.2800607318338901,0.3017552612469688,0.16898547047413845,0.013303769401330377,1.0,0.18393679208718072,0.051756758981705286,0.117846775534443,0.0162817372652359,0,1,0.0589233877672215,0.508140868632618,0,1,0,0
P08,V8_video1_normal,normal,898,29.931382855487982,1,0.2992662386982561,0.2913118355946445,0.30722064180186764,0.1689162087484442,0.013303769401330377,1.0,0.22827349565677502,0.010152253472774375,0.1192128745647747,0.016257598005468277,0,1,0.05960643728238735,0.5081287990027341,0,1,0,0
P08,V8_video1_normal,normal,899,29.96471401679699,1,0.2984783085760969,0.2919074460999559,0.3050491710522379,0.16972974899951102,0.013303769401330377,1.0,0.13064146535868693,0.012124126885302844,0.07138279612199488,0.004982931664714324,0,1,0.03569139806099744,0.5024914658323572,0,1,0,0
P08,V8_video1_normal,normal,900,29.998045178105993,1,0.2927427935649523,0.28436875945979484,0.3011168276701098,0.16813814292596946,0.013303769401330377,1.0,0.04818265186130333,0.03035828503635818,0.03927046844883075,0.006705828871426305,0,1,0.019635234224415377,0.5033529144357132,0,1,0,0
P08,V8_video1_normal,normal,901,30.031376339415,1,0.29255082247010017,0.28525993008022377,0.29984171485997657,0.1679560238891464,0.013303769401330377,1.0,0.08352426686705605,0.016692191951525714,0.05010822940929088,0.04161386101730902,0,1,0.02505411470464544,0.5208069305086545,0,1,0,0
P08,V8_video1_normal,normal,902,30.06470750072401,1,0.2898767109357651,0.2803252058029602,0.29942821606857,0.16752491134055048,0.011086474501108648,1.0,0.16190026991401396,0.017011738815633115,0.08945600436482354,0.0057912865466410906,0,1,0.04472800218241177,0.5028956432733206,0,1,0,0
P08,V8_video1_normal,normal,903,30.098038662033016,1,0.28343040888767834,0.2729972937873009,0.2938635239880558,0.1673727845684767,0.011086474501108648,1.0,0.0547408290275736,0.016904735147104555,0.03582278208733908,0.01567483505971916,0,1,0.01791139104366954,0.5078374175298596,0,1,0,0
P08,V8_video1_normal,normal,904,30.13136982334202,1,0.23274439686749848,0.2183154232319035,0.24717337050309346,0.16604541224226177,0.011086474501108648,1.0,0.20871511007741972,0.12615676542275078,0.16743593775008525,0.014130721648406414,0,1,0.08371796887504263,0.5070653608242032,0,1,0,0
P08,V8_video1_normal,normal,905,30.164700984651027,1,0.10619093244933789,0.09888208357929916,0.1134997813193766,0.1678881253807671,0.013303769401330377,1.0,0.04629182742236837,0.12289172243785063,0.0845917749301095,0.01633682512378932,1,1,0.5422958874650547,0.5081684125618947,1,1,0,0
P08,V8_video1_normal,normal,906,30.198032145960035,1,0.10844600973807525,0.10021947935662652,0.116672540119524,0.16763681363173505,0.015521064301552107,1.0,0.10381317949443902,0.4780664035265013,0.29093979151047017,0.039541296340254876,1,1,0.6454698957552351,0.5197706481701274,1,1,1,0
P08,V8_video1_normal,normal,907,30.231363307269042,1,0.16777735573164895,0.15619863094303904,0.17935608052025886,0.1655172839517532,0.015521064301552107,1.0,0.18871106628268552,0.15243737662586077,0.17057422145427314,0.015731372120049523,0,1,0.08528711072713657,0.5078656860600248,0,1,0,0
P08,V8_video1_normal,normal,908,30.26469446857805,1,0.2077926936939894,0.18468672209280476,0.23089866529517405,0.16653612971838713,0.015521064301552107,1.0,0.16268509026758926,0.1467684100038511,0.15472675013572018,0.023441193040591,0,1,0.07736337506786009,0.5117205965202954,0,1,0,0
P08,V8_video1_normal,normal,909,30.298025629887054,1,0.24693852394190746,0.23307216606278505,0.2608048818210299,0.16750655580725204,0.015521064301552107,1.0,0.0456350749641401,0.04488292674010219,0.045259000852121145,0.03340036073945993,0,1,0.022629500426060573,0.51670018036973,0,1,0,0
P08,V8_video1_normal,normal,910,30.33135679119606,1,0.2633484473635511,0.250009410775768,0.2766874839513342,0.1657971159032998,0.015521064301552107,1.0,0.04992367104851769,0.09253995400424364,0.07123181252638067,0.03724327560013917,0,1,0.03561590626319033,0.5186216378000695,0,1,0,0
P08,V8_video1_normal,normal,911,30.36468795250507,1,0.2701937466226624,0.25946430875448523,0.2809231844908396,0.16596323025718654,0.015521064301552107,1.0,0.058845840354870727,0.010850433938825232,0.03484813714684798,0.01688705666485872,0,1,0.01742406857342399,0.5084435283324293,0,1,0,0
P08,V8_video1_normal,normal,912,30.398019113814076,1,0.27929270277814433,0.26957604627895504,0.28900935927733357,0.16640828917302686,0.015521064301552107,1.0,0.160984627092556,0.01484219412005705,0.08791341060630653,0.009445627506076594,0,1,0.043956705303153265,0.5047228137530383,0,1,0,0
P08,V8_video1_normal,normal,913,30.43135027512308,1,0.2815517514125847,0.2715005287722667,0.29160297405290264,0.16749557000777457,0.015521064301552107,1.0,0.030150451204688067,0.029606822490733542,0.029878636847710804,0.00982585147160254,0,1,0.014939318423855402,0.5049129257358013,0,1,0,0
P08,V8_video1_normal,normal,914,30.464681436432087,1,0.2853183619338287,0.2755277292813038,0.2951089945863536,0.1666641507234086,0.015521064301552107,1.0,0.030282635575739514,0.07026656821682964,0.050274601896284576,0.012684086150012559,0,1,0.025137300948142288,0.5063420430750063,0,1,0,0
P08,V8_video1_normal,normal,915,30.498012597741095,1,0.28552284638296066,0.27432463949656566,0.2967210532693556,0.16731733600053597,0.015521064301552107,1.0,0.07127634823450002,0.03902414486845829,0.055150246551479154,0.02329014495748389,0,1,0.027575123275739577,0.5116450724787419,0,1,0,0
P08,V8_video1_normal,normal,916,30.531343759050102,1,0.28570509226371454,0.2748171905713033,0.2965929939561257,0.16784890949027895,0.015521064301552107,1.0,0.10036786590033697,0.027580761025100875,0.06397431346271892,0.0036101853454386878,0,1,0.03198715673135946,0.5018050926727193,0,1,0,0
P08,V8_video1_normal,normal,917,30.564674920359106,1,0.28854157241645995,0.27733324180948543,0.2997499030234345,0.16845012273189477,0.015521064301552107,1.0,0.10992089241294056,0.015908869987079854,0.06291488120001021,0.010886604284925957,0,1,0.031457440600005104,0.505443302142463,0,1,0,0
P08,V8_video1_normal,normal,918,30.598006081668114,1,0.28996223962637446,0.2801914979866806,0.2997329812660684,0.16926599058936448,0.015521064301552107,1.0,0.23303605135297167,0.03699117512631089,0.13501361323964128,0.11418748509153791,0,1,0.06750680661982064,0.5570937425457689,0,1,0,0
P08,V8_video1_normal,normal,919,30.63133724297712,1,0.28648680232285095,0.2754864323907489,0.297487172254953,0.17060076112511974,0.015521064301552107,1.0,0.10877967268221245,0.014660513402899755,0.0617200930425561,0.06452459597912527,0,1,0.03086004652127805,0.5322622979895626,0,1,0,0
P08,V8_video1_normal,normal,920,30.66466840428613,1,0.2926684060427239,0.28341139784762637,0.30192541423782143,0.16745017449200977,0.015521064301552107,1.0,0.030374936739349212,0.023069745085921967,0.02672234091263559,0.027131950613732223,0,1,0.013361170456317795,0.5135659753068661,0,1,0,0
P08,V8_video1_normal,normal,921,30.697999565595136,1,0.29620924433554835,0.289908855821899,0.3025096328491977,0.16763914297037855,0.015521064301552107,1.0,0.07647445523535423,0.031200843203067263,0.05383764921921075,0.020681359203520443,0,1,0.026918824609605374,0.5103406796017602,0,1,0,0
P08,V8_video1_normal,normal,922,30.73133072690414,1,0.2956056661028933,0.28603082457453793,0.3051805076312487,0.16833188539957006,0.015521064301552107,1.0,0.014706362799007389,0.016220834932765937,0.015463598865886663,0.02208764391725531,0,1,0.0077317994329433315,0.5110438219586276,0,1,0,0
P08,V8_video1_normal,normal,923,30.764661888213148,1,0.3011027952501326,0.28730676027634844,0.31489883022391674,0.16893644234061694,0.015521064301552107,1.0,0.0917830131591234,0.05434895844961407,0.07306598580436874,0.02827948726028987,0,1,0.03653299290218437,0.5141397436301449,0,1,0,0
P08,V8_video1_normal,normal,924,30.797993049522155,1,0.2984276537895117,0.28361109382170996,0.31324421375731343,0.1676169854570226,0.015521064301552107,1.0,0.030311438199276508,0.10007048549550046,0.06519096184738848,0.029296537276895945,0,1,0.03259548092369424,0.5146482686384479,0,1,0,0
P08,V8_video1_normal,normal,925,30.831324210831163,1,0.3062170946798601,0.29394138572405265,0.3184928036356675,0.1688117352279801,0.015521064301552107,1.0,0.08919076698132877,0.11520572361446146,0.10219824529789512,0.010002095182747538,0,1,0.05109912264894756,0.5050010475913738,0,1,0,0
P08,V8_video1_normal,normal,926,30.864655372140167,1,0.3035806201381093,0.2925156299168848,0.31464561035933386,0.16949468234761095,0.015521064301552107,1.0,0.03171932780432718,0.022731375424452027,0.027225351614389603,0.06813083824337417,0,1,0.013612675807194802,0.534065419121687,0,1,0,0
P08,V8_video1_normal,normal,927,30.897986533449174,1,0.3080548858500496,0.2989211506607038,0.3171886210393953,0.1676577796623091,0.015521064301552107,1.0,0.14384900485282504,0.008444732516525333,0.07614686868467518,0.022063190510828636,0,1,0.03807343434233759,0.5110315952554143,0,1,0,0
P08,V8_video1_normal,normal,928,30.93131769475818,1,0.3036133046350214,0.29191134261052076,0.31531526665952203,0.16747260057045676,0.015521064301552107,1.0,0.11386073911690864,0.0015326717973396242,0.05769670545712413,0.051554493855948964,0,1,0.028848352728562066,0.5257772469279745,0,1,0,0
P08,V8_video1_normal,normal,929,30.96464885606719,1,0.306906247391447,0.29718703018436105,0.3166254645985329,0.1671928824824838,0.015521064301552107,1.0,0.28229055446478013,0.004484070094356918,0.14338731227956852,0.03323570088393032,0,1,0.07169365613978426,0.5166178504419652,0,1,0,0
P08,V8_video1_normal,normal,930,30.997980017376193,1,0.2986701171613001,0.2904953216122314,0.3068449127103688,0.16798725411300733,0.015521064301552107,1.0,0.03417794048948719,0.0021331810874400947,0.018155560788463643,0.03859595983819923,0,1,0.009077780394231821,0.5192979799190997,0,1,0,0
P08,V8_video1_normal,normal,931,31.0313111786852,1,0.300300805038465,0.2920467408671183,0.3085548692098117,0.16794224244716652,0.015521064301552107,1.0,0.4291451560262537,0.0198095042296923,0.224477330127973,0.0405537980049996,0,1,0.1122386650639865,0.5202768990024998,0,1,0,0
P08,V8_video1_normal,normal,932,31.064642339994208,1,0.30363308184425075,0.29482301304146835,0.3124431506470332,0.16843285146844103,0.015521064301552107,1.0,0.23677617980826804,0.007872225216139617,0.12232420251220383,0.019859155167139497,0,1,0.061162101256101914,0.5099295775835697,0,1,0,0
P08,V8_video1_normal,normal,933,31.097973501303215,1,0.298307059945239,0.28719293983667343,0.30942118005380453,0.16838433066467196,0.015521064301552107,1.0,0.3190194163520458,0.05009552324898059,0.18455746980051319,0.019055520548446215,0,1,0.09227873490025659,0.5095277602742231,0,1,0,0
P08,V8_video1_normal,normal,934,31.13130466261222,1,0.2991814307725569,0.29056594440320616,0.30779691714190766,0.1673275381280993,0.015521064301552107,1.0,0.29500665893289635,0.014793091924863444,0.1548998754288799,0.045647495512828026,0,1,0.07744993771443995,0.522823747756414,0,1,0,0
P08,V8_video1_normal,normal,935,31.164635823921227,1,0.3009819153649974,0.2895620167576889,0.31240181397230593,0.16739676278426688,0.015521064301552107,1.0,0.4712566503933453,0.004919036352705075,0.2380878433730252,0.012130336466551343,0,1,0.1190439216865126,0.5060651682332756,0,1,0,0
P08,V8_video1_normal,normal,936,31.197966985230234,1,0.3020854396706907,0.29274362565793144,0.3114272536834499,0.16727934515706508,0.015521064301552107,1.0,0.46413976409668767,0.017841383989752213,0.24099057404321994,0.059711043804855694,0,1,0.12049528702160997,0.5298555219024278,0,1,0,0
P08,V8_video1_normal,normal,937,31.231298146539242,1,0.3053165574502438,0.29635958347055913,0.3142735314299284,0.16712303764594436,0.015521064301552107,1.0,0.6046165583691068,0.00491770379474199,0.3047671310819244,0.04060025321789129,0,1,0.1523835655409622,0.5203001266089456,0,1,0,0
P08,V8_video1_normal,normal,938,31.26462930784825,1,0.30766809882551127,0.2985493481169935,0.316786849534029,0.16698647508357484,0.015521064301552107,1.0,0.7509056947312411,0.03145527475231502,0.3911804847417781,0.038200290162639344,0,1,0.19559024237088904,0.5191001450813196,0,1,0,0
P08,V8_video1_normal,normal,939,31.297960469157253,1,0.31084992346568585,0.30179196323597357,0.3199078836953982,0.16867704894171104,0.015521064301552107,1.0,0.5730182029827442,0.016840847585036123,0.29492952528389016,0.010382100224427279,0,1,0.14746476264194508,0.5051910501122137,0,1,0,0
P08,V8_video1_normal,normal,940,31.33129163046626,1,0.30785926595966406,0.2994562303603913,0.31626230155893675,0.16816921335890284,0.015521064301552107,1.0,0.3634979358228131,0.03854078463749733,0.2010193602301552,0.010631936416766354,0,1,0.1005096801150776,0.5053159682083832,0,1,0,0
P08,V8_video1_normal,normal,941,31.36462279177527,1,0.3082659433619455,0.3011004553624986,0.31543143136139246,0.16669046461727333,0.015521064301552107,1.0,0.638107384216472,0.03071236118693832,0.33440987270170514,0.02471076384163566,0,1,0.16720493635085257,0.5123553819208179,0,1,0,0
P08,V8_video1_normal,normal,942,31.397953953084276,1,0.3012681139623201,0.2950177832122779,0.30751844471236234,0.16646635451004135,0.015521064301552107,1.0,0.5691505948425333,0.022347933917556073,0.2957492643800447,0.023769658748634633,0,1,0.14787463219002234,0.5118848293743173,0,1,0,0
P08,V8_video1_normal,normal,943,31.43128511439328,1,0.30431427105837305,0.2939565472608666,0.31467199485587943,0.1677898339162338,0.015521064301552107,1.0,0.4493144096336221,0.04442118907514103,0.24686779935438158,0.00965451107608196,0,1,0.12343389967719079,0.504827255538041,0,1,0,0
P08,V8_video1_normal,normal,944,31.464616275702287,1,0.3101766157447281,0.29645680878742586,0.3238964227020303,0.16655763881778254,0.015521064301552107,1.0,0.4294555988047314,0.012832076215025467,0.22114383750987843,0.011212891123641041,0,1,0.11057191875493921,0.5056064455618205,0,1,0,0
P08,V8_video1_normal,normal,945,31.497947437011295,1,0.30841751268598955,0.29591897771401826,0.32091604765796083,0.16734852614426157,0.015521064301552107,1.0,0.26014911521346473,0.007633940372625547,0.13389152779304514,0.006540113691231956,0,1,0.06694576389652257,0.503270056845616,0,1,0,0
P08,V8_video1_normal,normal,946,31.531278598320302,1,0.30684644235791025,0.2934831489338499,0.32020973578197065,0.16691273395708997,0.015521064301552107,1.0,0.27412816490794323,0.022519494743985846,0.14832382982596454,0.00847665438962258,0,1,0.07416191491298227,0.5042383271948113,0,1,0,0
P08,V8_video1_normal,normal,947,31.564609759629306,1,0.30803510189226757,0.2953479962434286,0.32072220754110653,0.16764482105156675,0.015521064301552107,1.0,0.20392769391690568,0.0038046117077744634,0.10386615281234007,0.005910430044537861,0,1,0.05193307640617004,0.5029552150222689,0,1,0,0
P08,V8_video1_normal,normal,948,31.597940920938314,1,0.30834180399963257,0.2965116470238431,0.32017196097542205,0.1671571283330722,0.015521064301552107,1.0,0.21115535091448345,0.02890464333885301,0.12002999712666823,0.008216377910811987,0,1,0.060014998563334115,0.504108188955406,0,1,0,0
P08,V8_video1_normal,normal,949,31.63127208224732,1,0.3080801596865893,0.2987848189160188,0.31737550045715984,0.1659681051702688,0.015521064301552107,1.0,0.5284725146087921,0.025636363151230634,0.27705443888001136,0.01599973010817047,0,1,0.13852721944000568,0.5079998650540852,0,1,0,0
P08,V8_video1_normal,normal,950,31.66460324355633,1,0.3043406792457357,0.2951914173738052,0.31348994111766615,0.1657346110100647,0.015521064301552107,1.0,0.3846516264122867,0.03540209071281797,0.21002685856255232,0.007570044510172131,0,1,0.10501342928127616,0.503785022255086,0,1,0,0
P08,V8_video1_normal,normal,951,31.697934404865336,1,0.3050668254527832,0.29613502652195023,0.3139986243836162,0.1660000362007643,0.015521064301552107,1.0,0.39573705201988685,0.038783470785895835,0.21726026140289134,0.013100602250268744,0,1,0.10863013070144567,0.5065503011251343,0,1,0,0
P08,V8_video1_normal,normal,952,31.73126556617434,1,0.3059848515435386,0.29648885965161564,0.3154808434354615,0.16623390103872548,0.015521064301552107,1.0,0.16161791799349667,0.019023281411711057,0.09032059970260387,0.00847682271557375,0,1,0.04516029985130193,0.5042384113577869,0,1,0,0
P08,V8_video1_normal,normal,953,31.764596727483347,1,0.30809966507792735,0.30036086112206933,0.3158384690337854,0.16661602133401585,0.015521064301552107,1.0,0.4184326557214051,0.019023281411711057,0.21872796856655807,0.014034162501221725,0,1,0.10936398428327904,0.5070170812506108,0,1,0,0
P08,V8_video1_normal,normal,954,31.797927888792355,1,0.309501431946742,0.30229136716247257,0.31671149673101145,0.16653553033123292,0.015521064301552107,1.0,0.6475006114763925,0.05253219948092236,0.3500164054786574,0.01540345716962181,0,1,0.1750082027393287,0.5077017285848109,0,1,0,0
P08,V8_video1_normal,normal,955,31.831259050101362,1,0.30199723659470523,0.29279971202393323,0.3111947611654773,0.16615828871207644,0.015521064301552107,1.0,0.5449334802492096,0.1049102419764294,0.3249218611128195,0.011386684713746799,0,1,0.16246093055640975,0.5056933423568734,0,1,0,0
P08,V8_video1_normal,normal,956,31.864590211410366,1,0.30294347329040705,0.29369552920860126,0.3121914173722129,0.1664364408164366,0.015521064301552107,1.0,0.5486124760428552,0.12624611715830614,0.3374292966005807,0.009589197134131325,0,1,0.16871464830029034,0.5047945985670657,0,1,0,0
P08,V8_video1_normal,normal,957,31.897921372719374,1,0.30734506706459774,0.297646036012609,0.3170440981165864,0.1658803939051667,0.015521064301552107,1.0,0.476149453162955,0.029422572290120352,0.25278601272653767,0.009782942888221504,0,1,0.12639300636326883,0.5048914714441107,0,1,0,0
P08,V8_video1_normal,normal,958,31.93125253402838,1,0.30531054768069354,0.29506054074254795,0.3155605546188391,0.1690551860721494,0.015521064301552107,1.0,0.33057248801401806,0.05265085050312113,0.1916116692585696,0.01389545794071572,0,1,0.0958058346292848,0.5069477289703579,0,1,0,0
P08,V8_video1_normal,normal,959,31.96458369533739,1,0.3052141880710384,0.29447664390093486,0.3159517322411419,0.16821453809709408,0.013303769401330377,1.0,0.3203454934101073,0.041660011915992334,0.18100275266304983,0.005195422460304545,0,1,0.09050137633152491,0.5025977112301523,0,1,0,0
P08,V8_video1_normal,normal,960,31.997914856646393,1,0.30282434284526244,0.292440888872567,0.3132077968179579,0.1670207649540272,0.011086474501108648,1.0,0.18544958264721267,0.00024088367482777429,0.09284523316102022,0.01513531218458152,0,1,0.04642261658051011,0.5075676560922907,0,1,0,0
P08,V8_video1_normal,normal,961,32.031246017955404,1,0.2991754475831564,0.2885056552861443,0.30984523988016854,0.1655489582044596,0.008869179600886918,1.0,0.08110330885481165,0.0005195709900345236,0.04081143992242309,0.007262719336292345,0,1,0.020405719961211544,0.5036313596681462,0,1,0,0
P08,V8_video1_normal,normal,962,32.06457717926441,1,0.31063025432826674,0.2986502145592885,0.32261029409724495,0.16633047095085257,0.008869179600886918,1.0,0.136801820571126,0.002299496459845174,0.06955065851548559,0.012811766506917746,0,1,0.03477532925774279,0.5064058832534589,0,1,0,0
P08,V8_video1_normal,normal,963,32.09790834057341,1,0.3100451351558848,0.3001126102029858,0.31997766010878376,0.1661731822939886,0.008869179600886918,1.0,0.08055890975605862,0.0010095806707691724,0.040784245213413894,0.010873662378214882,0,1,0.020392122606706947,0.5054368311891074,0,1,0,0
P08,V8_video1_normal,normal,964,32.13123950188242,1,0.2975730729751873,0.2847928983611983,0.31035324758917626,0.16561251389476792,0.008869179600886918,1.0,0.12732754657586598,0.0012607288686529161,0.06429413772225945,0.018031843618213916,0,1,0.032147068861129724,0.5090159218091069,0,1,0,0
P08,V8_video1_normal,normal,965,32.16457066319143,1,0.2953099295947863,0.28268487941071146,0.3079349797788611,0.16638223665906945,0.008869179600886918,1.0,0.17773548976347775,0.0024127524527655098,0.09007412110812163,0.011459432010714298,0,1,0.045037060554060815,0.5057297160053571,0,1,0,0
P08,V8_video1_normal,normal,966,32.197901824500434,1,0.29890309519756464,0.28742137382212507,0.31038481657300426,0.16546529398089058,0.008869179600886918,1.0,0.09222741271798574,0.005524188199767632,0.048875800458876684,0.00609341959665128,0,1,0.024437900229438342,0.5030467097983257,0,1,0,0
P08,V8_video1_normal,normal,967,32.23123298580944,1,0.30778519988407754,0.2977845810544547,0.3177858187137004,0.16747530870243035,0.008869179600886918,1.0,0.0581607381746011,0.0015625026380782225,0.029861620406339662,0.006629031504828564,0,1,0.014930810203169831,0.5033145157524143,0,1,0,0
P08,V8_video1_normal,normal,968,32.26456414711845,1,0.3091345881936908,0.2999095152380437,0.3183596611493379,0.16750443471486473,0.008869179600886918,1.0,0.07910070174184947,0.0019159902948568952,0.04050834601835318,0.005694588718250214,0,1,0.02025417300917659,0.5028472943591251,0,1,0,0
P08,V8_video1_normal,normal,969,32.29789530842746,1,0.3121505371235801,0.305373744945503,0.3189273293016572,0.16773071601592,0.008869179600886918,1.0,0.12815459080367708,0.003127743434632402,0.06564116711915474,0.00859236375260653,0,1,0.03282058355957737,0.5042961818763033,0,1,0,0
P08,V8_video1_normal,normal,970,32.331226469736464,1,0.3069577663312876,0.2995226413786755,0.3143928912838997,0.16731275065226384,0.008869179600886918,1.0,0.09101641389294546,0.012485148453979411,0.051750781173462435,0.004437867258887529,0,1,0.025875390586731217,0.5022189336294438,0,1,0,0
P08,V8_video1_normal,normal,971,32.364557631045464,1,0.3082369162190896,0.29743494741160226,0.31903888502657696,0.1676535230638334,0.008869179600886918,1.0,0.06424635492911168,0.015329427312268717,0.0397878911206902,0.023919303719587448,0,1,0.0198939455603451,0.5119596518597938,0,1,0,0
P08,V8_video1_normal,normal,972,32.39788879235447,1,0.30800936002697615,0.2949714657338314,0.32104725432012093,0.16856669430646742,0.008869179600886918,1.0,0.05826309629628634,0.003230171603321841,0.030746633949804092,0.05433238176822809,0,1,0.015373316974902046,0.5271661908841141,0,1,0,0
P08,V8_video1_normal,normal,973,32.43121995366348,1,0.31107453783031735,0.30018442681626195,0.3219646488443727,0.16752090795413058,0.008869179600886918,1.0,0.09135274949660355,0.021147177153502672,0.05624996332505311,0.01965602356421992,0,1,0.028124981662526555,0.50982801178211,0,1,0,0
P08,V8_video1_normal,normal,974,32.46455111497249,1,0.30956883867254836,0.2988252412873145,0.3203124360577822,0.16745422967928147,0.008869179600886918,1.0,0.10782539151754089,0.0173844756965561,0.0626049336070485,0.019195851121379125,0,1,0.03130246680352425,0.5095979255606896,0,1,0,0
P08,V8_video1_normal,normal,975,32.497882276281494,1,0.31675082881192396,0.3070565983218425,0.32644505930200546,0.16929961360867996,0.008869179600886918,1.0,0.05371266503371508,0.0046485019978868,0.02918058351580094,0.04103481395154253,0,1,0.01459029175790047,0.5205174069757713,0,1,0,0
P08,V8_video1_normal,normal,976,32.5312134375905,1,0.30484206764169564,0.2926700593715246,0.3170140759118667,0.16679273300824232,0.008869179600886918,1.0,0.02144598037370804,0.004897105476909691,0.013171542925308866,0.017999555639881072,0,1,0.006585771462654433,0.5089997778199405,0,1,0,0
P08,V8_video1_normal,normal,977,32.56454459889951,1,0.30630079091518614,0.2953746735150514,0.31722690831532085,0.16733841050385104,0.008869179600886918,1.0,0.09578068816530194,0.010170051357744181,0.05297536976152306,0.01343334096421161,0,1,0.02648768488076153,0.5067166704821058,0,1,0,0
P08,V8_video1_normal,normal,978,32.59787576020852,1,0.31212355507261225,0.30002764241298485,0.3242194677322397,0.16670502310647783,0.008869179600886918,1.0,0.4051841781954205,0.009499019744385273,0.2073415989699029,0.010135596253616238,0,1,0.10367079948495145,0.5050677981268081,0,1,0,0
P08,V8_video1_normal,normal,979,32.631206921517524,1,0.31077518293772327,0.3027546246336278,0.31879574124181875,0.1685947121945821,0.008869179600886918,1.0,0.19685965615729473,0.0044767558405630625,0.1006682059989289,0.016830153057873724,0,1,0.05033410299946445,0.5084150765289369,0,1,0,0
P08,V8_video1_normal,normal,980,32.664538082826525,1,0.31267607074041615,0.3056161771249605,0.3197359643558718,0.1673793815873588,0.008869179600886918,1.0,0.28510968948611004,0.0037407262407646025,0.14442520786343732,0.03468985638700208,0,1,0.07221260393171866,0.5173449281935011,0,1,0,0
P08,V8_video1_normal,normal,981,32.69786924413553,1,0.3167564234464285,0.3130717391766869,0.32044110771617007,0.1683373705902448,0.008869179600886918,1.0,0.07566564180064173,0.014999628773274543,0.045332635286958134,0.01177323710560489,0,1,0.022666317643479067,0.5058866185528025,0,1,0,0
P08,V8_video1_normal,normal,982,32.73120040544454,1,0.3162324350466233,0.310682761327226,0.3217821087660206,0.16784273771482194,0.008869179600886918,1.0,0.3412304961630538,0.02383586652598957,0.18253318134452168,0.020435740185279907,0,1,0.09126659067226084,0.51021787009264,0,1,0,0
P08,V8_video1_normal,normal,983,32.76453156675355,1,0.31699961325423925,0.310984715381343,0.32301451112713553,0.16597446268200813,0.008869179600886918,1.0,0.05818741265424787,0.017664285741964325,0.0379258491981061,0.015669752056296466,0,1,0.01896292459905305,0.5078348760281483,0,1,0,0
P08,V8_video1_normal,normal,984,32.797862728062555,1,0.32134978318401086,0.31501889886314444,0.3276806675048773,0.16696196255795948,0.008869179600886918,1.0,0.02653531542391019,0.02979722911183469,0.02816627226787244,0.014523269315257518,0,1,0.01408313613393622,0.5072616346576287,0,1,0,0
P08,V8_video1_normal,normal,985,32.83119388937156,1,0.31874344230936064,0.3141567460522507,0.3233301385664706,0.16607115424370375,0.008869179600886918,1.0,0.12757980401083013,0.026702775583674176,0.07714128979725215,0.006570209769484413,0,1,0.03857064489862608,0.5032851048847422,0,1,0,0
P08,V8_video1_normal,normal,986,32.86452505068057,1,0.3186995358238487,0.31369212727880746,0.3237069443688899,0.1670640273524516,0.008869179600886918,1.0,0.15886366223965231,0.015108184177617612,0.08698592320863496,0.006782652126710527,0,1,0.04349296160431748,0.5033913260633552,0,1,0,0
P08,V8_video1_normal,normal,987,32.89785621198958,1,0.3131675712460652,0.30502469872125854,0.32131044377087187,0.16514800728141202,0.008869179600886918,1.0,0.15655234413193186,0.017479133742046238,0.08701573893698905,0.021314579465869135,0,1,0.043507869468494526,0.5106572897329346,0,1,0,0
P08,V8_video1_normal,normal,988,32.93118737329858,1,0.31291834024404985,0.30430869635294416,0.3215279841351555,0.165648064301735,0.008869179600886918,1.0,0.21643285599612128,0.03260058570232016,0.12451672084922072,0.029108701811706057,0,1,0.06225836042461036,0.514554350905853,0,1,0,0
P08,V8_video1_normal,normal,989,32.964518534607585,1,0.31418840574211926,0.3097697635346549,0.31860704794958367,0.16671425758234257,0.008869179600886918,1.0,0.34639949219292476,0.009432279177139957,0.17791588568503236,0.02073084027450183,0,1,0.08895794284251618,0.510365420137251,0,1,0,0
P08,V8_video1_normal,normal,990,32.99784969591659,1,0.3088251495128878,0.30377365880524,0.31387664022053563,0.16417442796912168,0.008869179600886918,1.0,0.06374445633633519,0.011675713804610632,0.03771008507047291,0.0315314138916298,0,1,0.018855042535236455,0.5157657069458149,0,1,0,0
P08,V8_video1_normal,normal,991,33.0311808572256,1,0.3063117366453785,0.3016669692462492,0.3109565040445077,0.16474224012164726,0.008869179600886918,1.0,0.04167681571857296,0.011241056947125294,0.026458936332849126,0.011715728911525952,0,1,0.013229468166424563,0.505857864455763,0,1,0,0
P08,V8_video1_normal,normal,992,33.06451201853461,1,0.30587128054660795,0.3002623587309101,0.31148020236230584,0.16482413938188148,0.008869179600886918,1.0,0.04766008600554539,0.0019099195989487061,0.024785002802247047,0.007992360054286569,0,1,0.012392501401123523,0.5039961800271433,0,1,0,0
P08,V8_video1_normal,normal,993,33.097843179843615,1,0.310231389929604,0.3044405864402838,0.3160221934189241,0.16544729759733048,0.008869179600886918,1.0,0.03877105604414832,0.0027282370984466064,0.020749646571297464,0.014707820755974302,0,1,0.010374823285648732,0.5073539103779872,0,1,0,0
P08,V8_video1_normal,normal,994,33.13117434115262,1,0.30503314497773026,0.2988969496799579,0.3111693402755027,0.16510801405659478,0.008869179600886918,1.0,0.26323135458869984,0.006549166576203969,0.1348902605824519,0.008056791898990546,0,1,0.06744513029122595,0.5040283959494952,0,1,0,0
P08,V8_video1_normal,normal,995,33.16450550246163,1,0.3025249685984607,0.29293349753278064,0.31211643966414065,0.1656047894175257,0.008869179600886918,1.0,0.1686605119373522,0.0035751536073190815,0.08611783277233565,0.014568059204087408,0,1,0.04305891638616782,0.5072840296020437,0,1,0,0
P08,V8_video1_normal,normal,996,33.19783666377064,1,0.3052599951896714,0.2999536385680225,0.31056635181132036,0.16472915764633678,0.008869179600886918,1.0,0.0339269809046755,0.02070085257706422,0.02731391674086986,0.00831742233907187,0,1,0.01365695837043493,0.5041587111695359,0,1,0,0
P08,V8_video1_normal,normal,997,33.23116782507964,1,0.3015729402976747,0.29423266675820525,0.30891321383714415,0.16610025061974865,0.008869179600886918,1.0,0.19346953655402221,0.013255600677578472,0.10336256861580034,0.006586260858466858,0,1,0.05168128430790017,0.5032931304292334,0,1,0,0
P08,V8_video1_normal,normal,998,33.264498986388645,1,0.316158698446402,0.3087743412084212,0.32354305568438285,0.1642092434273223,0.008869179600886918,1.0,0.04906208943802359,0.0013821088012869742,0.025222099119655284,0.009669394482380644,0,1,0.012611049559827642,0.5048346972411903,0,1,0,0
P08,V8_video1_normal,normal,999,33.29783014769765,1,0.30147167951273834,0.2976255354437877,0.305317823581689,0.1646111159755115,0.008869179600886918,1.0,0.013407367470267051,0.005680259254098097,0.009543813362182574,0.01141675118423394,0,1,0.004771906681091287,0.505708375592117,0,1,0,0
P08,V8_video1_normal,normal,1000,33.33116130900666,1,0.275744623653114,0.26370520036074474,0.2877840469454832,0.16451165181016889,0.008869179600886918,1.0,0.1857727286949291,0.03271651986795332,0.10924462428144122,0.005115597549448573,0,1,0.05462231214072061,0.5025577987747243,0,1,0,0
P08,V8_video1_normal,normal,1001,33.36449247031567,1,0.28171107793740036,0.2752463039510618,0.28817585192373885,0.16490864064475014,0.008869179600886918,1.0,0.06568304317469897,0.0432317781263335,0.054457410650516236,0.00801551158969988,0,1,0.027228705325258118,0.5040077557948499,0,1,0,0
P08,V8_video1_normal,normal,1002,33.397823631624675,1,0.2948109886102826,0.2869142832938415,0.3027076939267237,0.1671489803624348,0.008869179600886918,1.0,0.017261881523683353,0.030514365152476408,0.02388812333807988,0.007733415689426718,0,1,0.01194406166903994,0.5038667078447133,0,1,0,0
P08,V8_video1_normal,normal,1003,33.43115479293368,1,0.29323450309417337,0.28526279102113317,0.3012062151672136,0.16533642660920822,0.008869179600886918,1.0,0.09477596172960656,0.019499322764883198,0.05713764224724488,0.0077926382651334405,0,1,0.02856882112362244,0.5038963191325667,0,1,0,0
P08,V8_video1_normal,normal,1004,33.46448595424269,1,0.2914414179826405,0.2779692195048328,0.30491361646044823,0.16779503654997815,0.008869179600886918,1.0,0.20522578873404773,0.00996955403020483,0.10759767138212628,0.009209387517691426,0,1,0.05379883569106314,0.5046046937588458,0,1,0,0
P08,V8_video1_normal,normal,1005,33.4978171155517,1,0.26309733361450505,0.24645311405226566,0.2797415531767444,0.16715262367964273,0.008869179600886918,1.0,0.09471829502172213,0.0722841289501448,0.08350121198593347,0.002409724384487275,0,1,0.04175060599296673,0.5012048621922436,0,1,0,0
P08,V8_video1_normal,normal,1006,33.5311482768607,1,0.20664565521627482,0.1888964233351928,0.22439488709735683,0.16578646559932256,0.008869179600886918,1.0,0.1677065161279998,0.11386567060660557,0.1407860933673027,0.0022333474406450254,0,1,0.07039304668365134,0.5011166737203225,0,1,0,0
P08,V8_video1_normal,normal,1007,33.564479438169705,1,0.17631508204701377,0.14586108715542145,0.20676907693860608,0.16568054604507002,0.008869179600886918,1.0,0.4043944829349624,0.25289374337660164,0.328644113155782,0.0025610060430975626,0,1,0.164322056577891,0.5012805030215488,0,1,0,0
P08,V8_video1_normal,normal,1008,33.59781059947871,1,0.16769204883473254,0.15537817377052685,0.1800059238989382,0.16654189794152163,0.008869179600886918,1.0,0.2686758115298884,0.22706600052983705,0.24787090602986273,0.0050169113256261074,0,1,0.12393545301493136,0.5025084556628131,0,1,0,0
P08,V8_video1_normal,normal,1009,33.63114176078772,1,0.15674659625271756,0.14231306474583147,0.17118012775960365,0.16594487371660707,0.008869179600886918,1.0,0.49422499887545845,0.1572083735400821,0.3257166862077703,0.0039038942521455442,0,1,0.16285834310388514,0.5019519471260727,0,1,0,0
P08,V8_video1_normal,normal,1010,33.66447292209673,1,0.16647019323695833,0.15347426819309148,0.17946611828082518,0.1649072167360496,0.008869179600886918,1.0,0.31533629469274493,0.16330036123243707,0.239318327962591,0.0044037177215434375,0,1,0.1196591639812955,0.5022018588607717,0,1,0,0
P08,V8_video1_normal,normal,1011,33.697804083405735,1,0.20378912172408364,0.1903513318058839,0.21722691164228342,0.16495511572661972,0.008869179600886918,1.0,0.11967734956972431,0.035051547243411085,0.0773644484065677,0.012646794440800215,0,1,0.03868222420328385,0.5063233972204001,0,1,0,0
P08,V8_video1_normal,normal,1012,33.73113524471474,1,0.20439110014645698,0.18654467709519007,0.22223752319772389,0.16487169030464088,0.008869179600886918,1.0,0.1118482052451224,0.0323975568128112,0.0721228810289668,0.005980488708249843,0,1,0.0360614405144834,0.5029902443541249,0,1,0,0
P08,V8_video1_normal,normal,1013,33.76446640602375,1,0.21711901506160208,0.20025577777467293,0.23398225234853123,0.16586679450168082,0.008869179600886918,1.0,0.14983372528762462,0.09385075155820788,0.12184223842291625,0.008724847367885376,0,1,0.060921119211458125,0.5043624236839427,0,1,0,0
P08,V8_video1_normal,normal,1014,33.79779756733275,1,0.21597135634264036,0.1971717890486309,0.23477092363664984,0.16536264162502373,0.008869179600886918,1.0,0.17869129401325823,0.07130490380981369,0.12499809891153596,0.009549643493918798,0,1,0.06249904945576798,0.5047748217469594,0,1,0,0
P08,V8_video1_normal,normal,1015,33.83112872864176,1,0.2129257402539996,0.19992878986425067,0.22592269064374854,0.16624406602045128,0.008869179600886918,1.0,0.10342334496866845,0.03168752653550433,0.06755543575208639,0.008236308200964566,0,1,0.033777717876043195,0.5041181541004823,0,1,0,0
P08,V8_video1_normal,normal,1016,33.864459889950766,1,0.19239261038473063,0.1747757173876472,0.21000950338181407,0.16619150247142675,0.008869179600886918,1.0,0.41342953603956756,0.34375644895002444,0.378592992494796,0.01928050823905925,0,1,0.189296496247398,0.5096402541195296,0,1,0,0
P08,V8_video1_normal,normal,1017,33.89779105125977,1,0.16774744921068865,0.13724644380707907,0.19824845461429824,0.16616104734603312,0.008869179600886918,1.0,0.21818156559523771,0.19812001766794118,0.20815079163158945,0.004132319430223687,0,1,0.10407539581579472,0.5020661597151118,0,1,0,0
P08,V8_video1_normal,normal,1018,33.93112221256878,1,0.1481328177166345,0.11946363213788697,0.17680200329538207,0.1662534640999502,0.008869179600886918,1.0,0.22771551129022627,0.3874151255578453,0.3075653184240358,0.0036356222648644214,0,1,0.1537826592120179,0.5018178111324322,0,1,0,0
P08,V8_video1_normal,normal,1019,33.96445337387779,1,0.1359708071079352,0.12633725472105028,0.14560435949482012,0.16653068886128813,0.011086474501108648,1.0,0.3741894836145878,0.3917341596989783,0.38296182165678305,0.004045780746465233,1,1,0.6914809108283915,0.5020228903732327,1,1,1,0
P08,V8_video1_normal,normal,1020,33.997784535186796,1,0.15817743680552432,0.13894298393430848,0.17741188967674015,0.1643672048358367,0.011086474501108648,1.0,0.12584193596405258,0.1745914615227725,0.15021669874341254,0.046700072640784414,0,1,0.07510834937170627,0.5233500363203922,0,1,0,0
P08,V8_video1_normal,normal,1021,34.0311156964958,1,0.15894771276393982,0.15041695861231422,0.16747846691556542,0.16461367705561541,0.011086474501108648,1.0,0.3394397243977173,0.11120844615670833,0.22532408527721282,0.019138492200381895,0,1,0.11266204263860641,0.5095692461001909,0,1,0,0
P08,V8_video1_normal,normal,1022,34.06444685780481,1,0.1732259073423985,0.17168147924463933,0.1747703354401577,0.16598018766996078,0.011086474501108648,1.0,0.3549224613654829,0.32871559256369476,0.3418190269645888,0.016986742965378773,0,1,0.1709095134822944,0.5084933714826894,0,1,0,0
P08,V8_video1_normal,normal,1023,34.09777801911381,1,0.18296918584171473,0.1771211696726239,0.1888172020108056,0.1645849057846977,0.011086474501108648,1.0,0.26492480545220076,0.24767882899058924,0.256301817221395,0.021201612390220816,0,1,0.1281509086106975,0.5106008061951104,0,1,0,0
P08,V8_video1_normal,normal,1024,34.13110918042282,1,0.17928887443223163,0.16002639226568297,0.19855135659878026,0.16451231128669502,0.011086474501108648,1.0,0.42422046052327456,0.08075371396780862,0.2524870872455416,0.025219949209148065,0,1,0.1262435436227708,0.512609974604574,0,1,0,0
P08,V8_video1_normal,normal,1025,34.164440341731826,1,0.1866349032932404,0.16322444996432525,0.2100453566221555,0.1639852491720339,0.011086474501108648,1.0,0.18994258192851887,0.18915134166799852,0.1895469617982587,0.03569779995563277,0,1,0.09477348089912935,0.5178488999778164,0,1,0,0
P08,V8_video1_normal,normal,1026,34.19777150304083,1,0.18440310779433616,0.16396958828320649,0.2048366273054658,0.16388668030550876,0.011086474501108648,1.0,0.4120294730178292,0.14543592125663773,0.2787326971372335,0.014031826967747914,0,1,0.13936634856861674,0.507015913483874,0,1,0,0
P08,V8_video1_normal,normal,1027,34.23110266434984,1,0.19017850344480472,0.18522548730336205,0.1951315195862474,0.16470201852203095,0.011086474501108648,1.0,0.23277536375848162,0.11320466486543357,0.1729900143119576,0.01710544482382531,0,1,0.0864950071559788,0.5085527224119126,0,1,0,0
P08,V8_video1_normal,normal,1028,34.26443382565885,1,0.18552671523509798,0.17430828232659096,0.196745148143605,0.1652862998683678,0.011086474501108648,1.0,0.0687261955496774,0.292775626915068,0.1807509112323727,0.01741067455902029,0,1,0.09037545561618635,0.5087053372795102,0,1,0,0
P08,V8_video1_normal,normal,1029,34.297764986967856,1,0.19539747948448793,0.19013870588474757,0.2006562530842283,0.16450297031570635,0.011086474501108648,1.0,0.08207107450109696,0.19817011502826753,0.14012059476468225,0.028786639709871505,0,1,0.07006029738234112,0.5143933198549357,0,1,0,0
P08,V8_video1_normal,normal,1030,34.33109614827686,1,0.17573902133950522,0.17221719159502782,0.17926085108398263,0.16484412404169338,0.011086474501108648,1.0,0.2742752209185114,0.29907638869709796,0.2866758048078047,0.0032739735729762575,0,1,0.14333790240390235,0.5016369867864882,0,1,0,0
P08,V8_video1_normal,normal,1031,34.36442730958587,1,0.16519180878505968,0.166156317808364,0.16422729976175535,0.16527344567973673,0.011086474501108648,1.0,0.09762708506273021,0.30203884783744817,0.1998329664500892,0.010608187795045423,0,1,0.0999164832250446,0.5053040938975227,0,1,0,0
P08,V8_video1_normal,normal,1032,34.39775847089487,1,0.1782279653174778,0.17880921028875554,0.17764672034620008,0.16445614424161042,0.011086474501108648,1.0,0.4038325574512248,0.5096612094811365,0.45674688346618064,0.021174125644015978,0,1,0.22837344173309032,0.5105870628220079,0,1,0,0
P08,V8_video1_normal,normal,1033,34.43108963220388,1,0.16711205241409488,0.1665636686117651,0.16766043621642468,0.16418327931654436,0.011086474501108648,1.0,0.2876814656182518,0.69849120798989,0.4930863368040709,0.02953079515808577,0,1,0.24654316840203544,0.5147653975790429,0,1,0,0
P08,V8_video1_normal,normal,1034,34.464420793512886,1,0.18244513741502574,0.17007238678979544,0.19481788804025604,0.1624489172990002,0.011086474501108648,1.0,0.10109046450465409,0.20071617620339044,0.15090332035402226,0.014878367753859941,0,1,0.07545166017701113,0.50743918387693,0,1,0,0
P08,V8_video1_normal,normal,1035,34.497751954821894,1,0.1871507399411908,0.18008087019110786,0.19422060969127372,0.16347800104583496,0.011086474501108648,1.0,0.07142493994556254,0.22599449021985718,0.14870971508270986,0.004770909561871607,0,1,0.07435485754135493,0.5023854547809358,0,1,0,0
P08,V8_video1_normal,normal,1036,34.5310831161309,1,0.1616833777366346,0.15047274430375246,0.17289401116951678,0.1636083469984663,0.011086474501108648,1.0,0.25640916556024806,0.4441517469558074,0.35028045625802773,0.010047600893252512,0,1,0.17514022812901386,0.5050238004466262,0,1,0,0
P08,V8_video1_normal,normal,1037,34.56441427743991,1,0.1553703376617283,0.15380950936166307,0.15693116596179355,0.1636565381329416,0.011086474501108648,1.0,0.36957634419250873,0.052677114263184666,0.2111267292278467,0.005018558726321461,0,1,0.10556336461392335,0.5025092793631607,0,1,0,0
P08,V8_video1_normal,normal,1038,34.597745438748916,1,0.14007213902188453,0.1336416059487823,0.14650267209498674,0.1641610096047751,0.013303769401330377,1.0,0.10232888360042536,0.30819065934907375,0.20525977147474955,0.016543142886745615,1,1,0.6026298857373747,0.5082715714433728,1,1,1,0
P08,V8_video1_normal,normal,1039,34.63107660005792,1,0.11771931251734516,0.10811370574808514,0.12732491928660516,0.16398109083913928,0.015521064301552107,1.0,0.4879887716020376,0.12629451614550047,0.307141643873769,0.007655547271029652,1,1,0.6535708219368845,0.5038277736355148,1,1,1,0
P08,V8_video1_normal,normal,1040,34.664407761366924,1,0.10589426462316393,0.09456547929448451,0.11722304995184335,0.16336484117908992,0.017738359201773836,1.0,0.6987173363329531,0.07534583575770482,0.38703158604532895,0.020371869729022628,1,1,0.6935157930226645,0.5101859348645114,1,1,1,0
P08,V8_video1_normal,normal,1041,34.69773892267593,1,0.11397836689659091,0.10314229950268439,0.12481443429049745,0.16436399029615398,0.019955654101995565,1.0,0.7683811492864001,0.2547175176939074,0.5115493334901537,0.014920472162318493,1,1,0.7557746667450769,0.5074602360811592,1,1,1,0
P08,V8_video1_normal,normal,1042,34.73107008398494,1,0.101519036295061,0.08800731139334092,0.11503076119678107,0.16381864908766322,0.022172949002217297,1.0,0.5072308654595978,0.22611576882768025,0.36667331714363904,0.05547689827702444,1,1,0.6833366585718195,0.5277384491385122,1,1,1,0
P08,V8_video1_normal,normal,1043,34.764401245293946,1,0.10978338727022685,0.09595578041311319,0.1236109941273405,0.1635055566543336,0.024390243902439025,1.0,0.4994328918504696,0.3594578462093384,0.429445369029904,0.03617658627369594,1,1,0.714722684514952,0.518088293136848,1,1,1,0
P08,V8_video1_normal,normal,1044,34.797732406602954,1,0.14119132503049595,0.13471547997631325,0.14766717008467864,0.16326346708673134,0.024390243902439025,1.0,0.45854396299630396,0.2011237259052897,0.32983384445079683,0.02061737270664615,0,1,0.16491692222539842,0.510308686353323,0,1,0,0
P08,V8_video1_normal,normal,1045,34.83106356791196,1,0.1533124997559422,0.14693208465172028,0.15969291486016413,0.16359579725246196,0.024390243902439025,1.0,0.30901435665873866,0.7843471342172929,0.5466807454380158,0.03938052907110153,0,1,0.2733403727190079,0.5196902645355508,0,1,0,0
P08,V8_video1_normal,normal,1046,34.86439472922097,1,0.18337348442127618,0.17387194983992657,0.1928750190026258,0.16271840503545268,0.024390243902439025,1.0,0.30404690912247734,0.11861262390122318,0.21132976651185026,0.022530418746988252,0,1,0.10566488325592513,0.5112652093734942,0,1,0,0
P08,V8_video1_normal,normal,1047,34.897725890529976,1,0.15986482514200323,0.14368298149945813,0.1760466687845483,0.16289115239004942,0.024390243902439025,1.0,0.30288047169703247,0.1600811556431887,0.23148081367011059,0.0475650336621605,0,1,0.11574040683505529,0.5237825168310802,0,1,0,0
P08,V8_video1_normal,normal,1048,34.931057051838984,1,0.16462618136315174,0.14913894833763763,0.18011341438866585,0.16214932114311106,0.024390243902439025,1.0,0.1918169997706669,0.14538271082162868,0.1685998552961478,0.016312100549358596,0,0,0.0842999276480739,0.008156050274679298,0,0,0,0
P08,V8_video1_normal,normal,1049,34.964388213147984,1,0.16985632307201884,0.15987447454413842,0.17983817159989926,0.16325547069899668,0.024390243902439025,1.0,0.1368790094265424,0.0991686183697068,0.11802381389812461,0.009975693124434637,0,1,0.059011906949062304,0.5049878465622173,0,1,0,0
P08,V8_video1_normal,normal,1050,34.99771937445699,1,0.1764008153588621,0.17839196831654353,0.1744096624011807,0.16294521735787046,0.024390243902439025,1.0,0.2587894948986069,0.03034932401689905,0.14456940945775298,0.00948307915471462,0,1,0.07228470472887649,0.5047415395773573,0,1,0,0
P08,V8_video1_normal,normal,1051,35.031050535766,1,0.17825508241720384,0.17669222200206272,0.17981794283234492,0.16327182045384947,0.024390243902439025,1.0,0.1427543347797008,0.06980726427092343,0.10628079952531211,0.0027610168098891317,0,1,0.053140399762656054,0.5013805084049445,0,1,0,0
P08,V8_video1_normal,normal,1052,35.06438169707501,1,0.17563826655003578,0.171838727018922,0.17943780608114954,0.16322449102736764,0.024390243902439025,1.0,0.27076587949349573,0.14899611138907065,0.2098809954412832,0.00751586488391641,0,1,0.1049404977206416,0.5037579324419582,0,1,0,0
P08,V8_video1_normal,normal,1053,35.097712858384014,1,0.19083052450228086,0.1825254391044295,0.1991356099001322,0.16248665452451816,0.024390243902439025,1.0,0.19613070642502373,0.49881710332783846,0.3474739048764311,0.0023425394320185033,0,1,0.17373695243821555,0.5011712697160092,0,1,0,0
P08,V8_video1_normal,normal,1054,35.13104401969302,1,0.1976353493659619,0.18921431590630086,0.20605638282562289,0.1643545047113778,0.024390243902439025,1.0,0.08568056749631303,0.08645508592090712,0.08606782670861007,0.007570904323365551,0,1,0.04303391335430504,0.5037854521616828,0,1,0,0
P08,V8_video1_normal,normal,1055,35.16437518100203,1,0.20884126799954228,0.19979242275859385,0.2178901132404907,0.1648123696507437,0.024390243902439025,1.0,0.11988297146066484,0.02098015053177449,0.07043156099621967,0.0028646281561761477,0,1,0.03521578049810983,0.5014323140780881,0,1,0,0
P08,V8_video1_normal,normal,1056,35.19770634231104,1,0.21209202353434187,0.20353583589455834,0.22064821117412542,0.16490624531800305,0.024390243902439025,1.0,0.6182450525728969,0.0337286038800414,0.3259868282264691,0.007603440446964482,0,1,0.16299341411323456,0.5038017202234822,0,1,0,0
P08,V8_video1_normal,normal,1057,35.23103750362004,1,0.18994178410843826,0.16753319550184861,0.2123503727150279,0.16440083062516253,0.024390243902439025,1.0,0.22918647087300803,0.2748688062795568,0.2520276385762824,0.007324404350181781,0,1,0.1260138192881412,0.503662202175091,0,1,0,0
P08,V8_video1_normal,normal,1058,35.264368664929044,1,0.19505006402414848,0.18114188959984093,0.20895823844845604,0.16459328144557567,0.024390243902439025,1.0,0.46379616751174135,0.08886390992246973,0.27633003871710554,0.00830296112700275,0,1,0.13816501935855277,0.5041514805635013,0,1,0,0
P08,V8_video1_normal,normal,1059,35.29769982623805,1,0.19674099973708098,0.19188025080092883,0.20160174867323316,0.16369305379310944,0.024390243902439025,1.0,0.2970533614811245,0.10852494257992695,0.20278915203052572,0.012321903664386362,0,1,0.10139457601526286,0.5061609518321932,0,1,0,0
P08,V8_video1_normal,normal,1060,35.33103098754706,1,0.16346847911055884,0.15925852366008816,0.1676784345610295,0.1644168998812427,0.024390243902439025,1.0,0.09511104885339627,0.1800793803864409,0.13759521461991858,0.013806637564551898,0,1,0.06879760730995929,0.5069033187822759,0,1,0,0
P08,V8_video1_normal,normal,1061,35.36436214885607,1,0.17002136840618493,0.17592367511120202,0.1641190617011678,0.1655562747242003,0.024390243902439025,1.0,0.024276910647899497,0.3164932549282238,0.17038508278806164,0.007017807212837994,0,1,0.08519254139403082,0.503508903606419,0,1,0,0
P08,V8_video1_normal,normal,1062,35.397693310165074,1,0.18415114562713047,0.18574644091430148,0.1825558503399595,0.16533083518778738,0.024390243902439025,1.0,0.08175276997667957,0.039530459397576045,0.06064161468712781,0.0042432832536087196,0,1,0.030320807343563905,0.5021216416268044,0,1,0,0
P08,V8_video1_normal,normal,1063,35.43102447147408,1,0.17316858559505593,0.1743189279243031,0.17201824326580875,0.16299473848846752,0.024390243902439025,1.0,0.068550766644354,0.11369063259260226,0.09112069961847813,0.008238875422888547,0,1,0.045560349809239065,0.5041194377114443,0,1,0,0
P08,V8_video1_normal,normal,1064,35.46435563278309,1,0.15729329425776345,0.15650932610388027,0.15807726241164666,0.16354136059125154,0.024390243902439025,1.0,0.05403097655252076,0.07191116848078727,0.06297107251665401,0.008057702737313191,0,1,0.03148553625832701,0.5040288513686566,0,1,0,0
P08,V8_video1_normal,normal,1065,35.4976867940921,1,0.16275341308347258,0.1556033913854271,0.1699034347815181,0.1636259232000347,0.024390243902439025,1.0,0.07258102988085147,0.24134702684784215,0.1569640283643468,0.007255678300071876,0,1,0.0784820141821734,0.503627839150036,0,1,0,0
P08,V8_video1_normal,normal,1066,35.5310179554011,1,0.1430618916727706,0.14355962577231757,0.1425641575732237,0.16321882108827165,0.024390243902439025,1.0,0.3326593470783613,0.3841314162920223,0.3583953816851918,0.0036132088867910734,0,1,0.1791976908425959,0.5018066044433955,0,1,0,0
P08,V8_video1_normal,normal,1067,35.564349116710105,1,0.1295774277489578,0.11642120365964323,0.14273365183827239,0.1636832661935583,0.026607538802660754,1.0,0.2255461911441481,0.11186073473084768,0.16870346293749788,0.008280994928061522,1,1,0.584351731468749,0.5041404974640308,1,1,1,0
P08,V8_video1_normal,normal,1068,35.59768027801911,1,0.12844537460902777,0.12847117794506233,0.1284195712729932,0.1627378086961422,0.028824833702882482,1.0,0.2942097738267404,0.075452061192815,0.1848309175097777,0.005154605565456766,1,1,0.5924154587548889,0.5025773027827284,1,1,1,0
P08,V8_video1_normal,normal,1069,35.63101143932812,1,0.12311210657797479,0.12405649439802774,0.12216771875792184,0.1626374172528985,0.031042128603104215,1.0,0.10902596438757839,0.17313896217686453,0.14108246328222146,0.004435765219284843,1,1,0.5705412316411107,0.5022178826096424,1,1,0,0
P08,V8_video1_normal,normal,1070,35.66434260063713,1,0.13886161709478356,0.1312808400639449,0.14644239412562224,0.16261425969763352,0.03325942350332594,1.0,0.4781818077536214,0.1213006013769996,0.2997412045653105,0.010359495326460225,1,1,0.6498706022826553,0.5051797476632301,1,1,1,0
P08,V8_video1_normal,normal,1071,35.697673761946135,1,0.1431941050246738,0.13677017734263355,0.14961803270671406,0.1632472226423336,0.03325942350332594,1.0,0.39165185215557485,0.13815274214619733,0.2649022971508861,0.011257254367110123,0,1,0.13245114857544305,0.5056286271835551,0,1,0,0
P08,V8_video1_normal,normal,1072,35.73100492325514,1,0.1382835462850372,0.1278746270611683,0.14869246550890605,0.1627692043960319,0.03547671840354767,1.0,0.26778011358066356,0.13361841871442837,0.20069926614754596,0.016256904036358977,1,1,0.600349633073773,0.5081284520181795,1,1,1,0
P08,V8_video1_normal,normal,1073,35.76433608456415,1,0.14997960775974462,0.1447658240312614,0.15519339148822783,0.1622527040024914,0.03547671840354767,1.0,0.28302867166166046,0.15300501447800996,0.2180168430698352,0.0603661841236187,0,0,0.1090084215349176,0.03018309206180935,0,0,0,0
P08,V8_video1_normal,normal,1074,35.79766724587316,1,0.1470009263987827,0.14367881435909155,0.15032303843847386,0.16203917774798998,0.03547671840354767,1.0,0.1831548718718129,0.2863625498841529,0.2347587108779829,0.012419439106155498,0,0,0.11737935543899145,0.006209719553077749,0,0,0,0
P08,V8_video1_normal,normal,1075,35.83099840718216,1,0.13823761762593323,0.1329044837767674,0.14357075147509907,0.16195666569115033,0.037694013303769404,1.0,0.39029348951463794,0.4450391802782724,0.41766633489645516,0.04271949670982136,1,0,0.7088331674482276,0.02135974835491068,1,0,1,0
P08,V8_video1_normal,normal,1076,35.864329568491165,1,0.12113379680094541,0.1268582009396668,0.11540939266222401,0.16218110695815072,0.03991130820399113,1.0,0.2784300624314867,0.1164929813500879,0.1974615218907873,0.017302397541638488,1,0,0.5987307609453937,0.008651198770819244,1,0,1,0
P08,V8_video1_normal,normal,1077,35.89766072980017,1,0.12346231499844243,0.1281011569050145,0.11882347309187036,0.1619225656691654,0.04212860310421286,1.0,0.25336201730180885,0.16414346141047453,0.2087527393561417,0.00880277155880382,1,0,0.6043763696780708,0.00440138577940191,1,0,1,0
P08,V8_video1_normal,normal,1078,35.93099189110918,1,0.10398791500393566,0.11028726023200382,0.0976885697758675,0.16251300800879354,0.04434589800443459,1.0,0.32739982810105206,0.11729103228545468,0.22234543019325337,0.034250530320410824,1,1,0.6111727150966266,0.5171252651602054,1,1,1,0
P08,V8_video1_normal,normal,1079,35.96432305241819,1,0.11167881841856883,0.11841685407253873,0.10494078276459894,0.16156212834968195,0.04656319290465632,1.0,0.5197453985799931,0.07127221336599454,0.29550880597299384,0.036129862234121776,1,0,0.6477544029864969,0.018064931117060888,1,0,1,0
P08,V8_video1_normal,normal,1080,35.997654213727195,1,0.14342677594828435,0.1432861472586759,0.14356740463789278,0.16151641970907163,0.04656319290465632,1.0,0.2837460657933141,0.2069932402559731,0.24536965302464359,0.07597661683599671,0,0,0.12268482651232179,0.03798830841799836,0,0,0,0
P08,V8_video1_normal,normal,1081,36.0309853750362,1,0.1322800089941823,0.1403984605836593,0.12416155740470533,0.161862215791675,0.04878048780487805,1.0,0.5932562128864847,0.24885800272895287,0.42105710780771877,0.13532761804485405,1,0,0.7105285539038594,0.06766380902242702,1,0,1,0
P08,V8_video1_normal,normal,1082,36.06431653634521,1,0.12435555701201514,0.14033489553424053,0.10837621848978977,0.16069837655029123,0.050997782705099776,1.0,0.3045900737029692,0.2345960083012989,0.26959304100213405,0.01585279140059265,1,0,0.634796520501067,0.007926395700296325,1,0,1,0
P08,V8_video1_normal,normal,1083,36.09764769765421,1,0.11048522383276449,0.1079047018232011,0.1130657458423279,0.1630264370209328,0.05321507760532151,1.0,0.410117381414573,0.10979932718321295,0.25995835429889297,0.026124203504327627,1,1,0.6299791771494465,0.5130621017521638,1,1,1,0
P08,V8_video1_normal,normal,1084,36.13097885896322,1,0.09596903314980905,0.08746716281390228,0.10447090348571582,0.1631759107294716,0.05543237250554324,1.0,0.7711409243625946,0.3411773188716092,0.5561591216171019,0.022708633262295733,1,1,0.7780795608085509,0.5113543166311478,1,1,1,0
P08,V8_video1_normal,normal,1085,36.164310020272225,1,0.11036901045063344,0.09851908826551223,0.12221893263575463,0.16272919535021244,0.057649667405764965,1.0,0.7487408360203532,0.13808868362587834,0.4434147598231158,0.03451659540370873,1,1,0.7217073799115579,0.5172582977018544,1,1,1,0
P08,V8_video1_normal,normal,1086,36.19764118158123,1,0.09860222101259644,0.08935604293690856,0.10784839908828432,0.16321772066791682,0.0598669623059867,1.0,0.687489275885691,0.06608589368538498,0.376787584785538,0.018849437546692337,1,1,0.688393792392769,0.5094247187733462,1,1,1,0
P08,V8_video1_normal,normal,1087,36.23097234289024,1,0.09203708334918112,0.09004536931684423,0.094028797381518,0.16385843030180053,0.06208425720620843,1.0,0.7979488657479363,0.10930639832492683,0.4536276320364316,0.058360460924201704,1,1,0.7268138160182158,0.5291802304621008,1,1,1,0
P08,V8_video1_normal,normal,1088,36.26430350419925,1,0.08858843046320647,0.08688921567353687,0.09028764525287607,0.1645279527698979,0.06430155210643015,1.0,0.7606681451721358,0.16054483600663816,0.46060649058938696,0.030672313953299172,1,1,0.7303032452946935,0.5153361569766496,1,1,1,0
P08,V8_video1_normal,normal,1089,36.297634665508255,1,0.1033289881047152,0.10238792521312957,0.10427005099630084,0.16329714128269734,0.06651884700665188,1.0,0.7861597917715044,0.18029752889255024,0.4832286603320273,0.004399599049782443,1,1,0.7416143301660136,0.5021997995248912,1,1,1,0
P08,V8_video1_normal,normal,1090,36.33096582681726,1,0.08742858321486921,0.0811335479324592,0.09372361849727923,0.16382239350758454,0.06873614190687362,1.0,0.5731777520266881,0.1656361578564094,0.36940695494154874,0.005152664410247546,1,1,0.6847034774707743,0.5025763322051238,1,1,1,0
P08,V8_video1_normal,normal,1091,36.36429698812627,1,0.08204874008299151,0.0722890007870307,0.09180847937895233,0.1633394012186245,0.07095343680709534,1.0,0.6269146963445198,0.23957971792551236,0.4332472071350161,0.004998002475123998,1,1,0.716623603567508,0.502499001237562,1,1,1,0
P08,V8_video1_normal,normal,1092,36.39762814943527,1,0.09245095149473694,0.0763142902635707,0.10858761272590317,0.16460992299984856,0.07317073170731707,1.0,0.4859612984654793,0.14557109385380662,0.31576619615964296,0.013477744264929587,1,1,0.6578830980798215,0.5067388721324648,1,1,1,0
P08,V8_video1_normal,normal,1093,36.43095931074428,1,0.09147429066889146,0.0885740500113368,0.09437453132644612,0.16566439577073774,0.07538802660753881,1.0,0.7496521388548636,0.16845864304472014,0.45905539094979186,0.0029718433902352456,1,1,0.7295276954748959,0.5014859216951176,1,1,1,0
P08,V8_video1_normal,normal,1094,36.464290472053285,1,0.0883477905919956,0.07408129681760764,0.10261428436638356,0.1647110074728949,0.07760532150776053,1.0,0.8449929915648491,0.11719210874993569,0.4810925501573924,0.006934955847050242,1,1,0.7405462750786962,0.5034674779235251,1,1,1,0
P08,V8_video1_normal,normal,1095,36.49762163336229,1,0.0726973932831256,0.057461120413319265,0.08793366615293194,0.16436580022008768,0.07982261640798226,1.0,0.46936908924973,0.17024163658978253,0.31980536291975625,0.006499904963420999,1,1,0.6599026814598781,0.5032499524817104,1,1,1,0
P08,V8_video1_normal,normal,1096,36.5309527946713,1,0.07786218817893834,0.06441119732729002,0.09131317903058667,0.1640036861137483,0.082039911308204,1.0,0.6475555031896141,0.29252278642298035,0.4700391448062972,0.01081739752042386,1,1,0.7350195724031486,0.5054086987602119,1,1,1,0
P08,V8_video1_normal,normal,1097,36.56428395598031,1,0.09769828247363554,0.07730065891302275,0.11809590603424833,0.16239844035608814,0.08425720620842572,1.0,0.5066599930015543,0.4932660062089721,0.4999629996052632,0.006871625531949717,1,0,0.7499814998026316,0.0034358127659748585,1,0,1,0
P08,V8_video1_normal,normal,1098,36.597615117289315,1,0.09377708367263489,0.07221827538129971,0.11533589196397007,0.16322562496226223,0.08647450110864745,1.0,0.9436805118047054,0.5480708187946264,0.7458756652996659,0.026929342165879215,1,1,0.8729378326498329,0.5134646710829396,1,1,1,0
P08,V8_video1_normal,normal,1099,36.63094627859832,1,0.08927289451608225,0.0709031886215479,0.10764260041061662,0.16322288685384825,0.08869179600886919,1.0,0.7481829671271216,0.31084939868309147,0.5295161829051065,0.006654517301053845,1,1,0.7647580914525532,0.503327258650527,1,1,1,0
P08,V8_video1_normal,normal,1100,36.66427743990733,1,0.09557337550743977,0.0772558286836648,0.11389092233121476,0.16426808187654893,0.09090909090909091,1.0,0.8310327494813566,0.21731491222826127,0.524173830854809,0.0034624591457903474,1,1,0.7620869154274045,0.5017312295728952,1,1,1,0
P08,V8_video1_normal,normal,1101,36.69760860121633,1,0.09072317780067946,0.07877614800751884,0.10267020759384009,0.1623146803081473,0.09312638580931264,1.0,0.6126721777846207,0.12809095100746137,0.37038156439604103,0.004355997530788737,1,0,0.6851907821980205,0.0021779987653943685,1,0,1,0
P08,V8_video1_normal,normal,1102,36.73093976252534,1,0.0919595876837909,0.07369333653181011,0.11022583883577168,0.16259440202185882,0.09534368070953436,1.0,0.6345923052016185,0.15681232223610497,0.3957023137188617,0.003138787146565023,1,1,0.6978511568594309,0.5015693935732826,1,1,1,0
P08,V8_video1_normal,normal,1103,36.764270923834346,1,0.09983506241283469,0.08379694292292411,0.11587318190274527,0.16267830390656712,0.0975609756097561,1.0,0.6093136477810628,0.15832733654658393,0.38382049216382336,0.0009582333788058338,1,1,0.6919102460819117,0.5004791166894029,1,1,1,0
P08,V8_video1_normal,normal,1104,36.79760208514335,1,0.12734091517602483,0.09991581873657386,0.1547660116154758,0.163193234556042,0.09977827050997783,1.0,0.6343011216910716,0.2973158690727734,0.4658084953819225,0.009196343868813479,1,1,0.7329042476909613,0.5045981719344067,1,1,1,0
P08,V8_video1_normal,normal,1105,36.83093324645236,1,0.15315238471382586,0.13935655301145683,0.1669482164161949,0.16354193718382604,0.09977827050997783,1.0,0.6102114703280728,0.09942031474674795,0.35481589253741036,0.007120798288138982,0,1,0.17740794626870518,0.5035603991440695,0,1,0,0
P08,V8_video1_normal,normal,1106,36.86426440776137,1,0.1651261570255002,0.15685120458084406,0.17340110947015636,0.16256830919354412,0.09977827050997783,1.0,0.3273404642724824,0.0521314171376247,0.18973594070505356,0.012962660357120187,0,1,0.09486797035252678,0.5064813301785601,0,1,0,0
P08,V8_video1_normal,normal,1107,36.897595569070376,1,0.1893129836239759,0.18144743874431016,0.19717852850364162,0.16273461433856762,0.09977827050997783,1.0,0.23563552203388116,0.04712063541122591,0.14137807872255354,0.006212666435995451,0,1,0.07068903936127677,0.5031063332179977,0,1,0,0
P08,V8_video1_normal,normal,1108,36.93092673037938,1,0.1790830294308586,0.17314193440892353,0.18502412445279368,0.163542705530214,0.09977827050997783,1.0,0.10783805264821156,0.1153140612054907,0.11157605692685113,0.026266024728143957,0,1,0.055788028463425565,0.5131330123640719,0,1,0,0
P08,V8_video1_normal,normal,1109,36.96425789168838,1,0.18737387617963325,0.17861219394392636,0.19613555841534017,0.1636160744669918,0.09977827050997783,1.0,0.3406376396913714,0.15044551948207519,0.2455415795867233,0.010652123890614509,0,1,0.12277078979336165,0.5053260619453073,0,1,0,0
P08,V8_video1_normal,normal,1110,36.99758905299739,1,0.16660964787603627,0.16236559957296068,0.17085369617911186,0.16223229131631314,0.09977827050997783,1.0,0.17734244419012812,0.016295222642212392,0.09681883341617026,0.06530133406579952,0,0,0.04840941670808513,0.03265066703289976,0,0,0,0
P08,V8_video1_normal,normal,1111,37.0309202143064,1,0.16164844549789784,0.15588467935925307,0.1674122116365426,0.16233474847783222,0.09977827050997783,1.0,0.307759343464145,0.07599628629717536,0.1918778148806602,0.11970882664321354,0,0,0.0959389074403301,0.05985441332160677,0,0,0,0
P08,V8_video1_normal,normal,1112,37.064251375615406,1,0.16498121255630077,0.16599934423447932,0.16396308087812222,0.16164241409622357,0.09977827050997783,1.0,0.09056051642482221,0.07152885188220626,0.08104468415351423,0.017139606628797866,0,0,0.04052234207675712,0.008569803314398933,0,0,0,0
P08,V8_video1_normal,normal,1113,37.09758253692441,1,0.17614535796655878,0.17369585846315141,0.17859485746996617,0.16184218978698534,0.09977827050997783,1.0,0.2463744331470713,0.04269168855791927,0.1445330608524953,0.009289097084568777,0,0,0.07226653042624764,0.0046445485422843885,0,0,0,0
P08,V8_video1_normal,normal,1114,37.13091369823342,1,0.1723298216233239,0.16428776121129565,0.1803718820353521,0.16262897463925716,0.09977827050997783,1.0,0.41968912048499574,0.06054016956057573,0.24011464502278573,0.15365313441719733,0,1,0.12005732251139287,0.5768265672085987,0,1,0,0
P08,V8_video1_normal,normal,1115,37.16424485954243,1,0.17838388426394058,0.17099333141038403,0.18577443711749714,0.16213648018152974,0.09977827050997783,1.0,0.18558783014797497,0.0767380579302348,0.1311629440391049,0.043571140360709554,0,0,0.06558147201955244,0.021785570180354777,0,0,0,0
P08,V8_video1_normal,normal,1116,37.197576020851436,1,0.15345805348713432,0.16280566156367232,0.1441104454105963,0.16097612546592893,0.09977827050997783,1.0,0.7572332350022338,0.24016904547071594,0.4987011402364749,0.027279823256882715,0,0,0.24935057011823744,0.013639911628441357,0,0,0,0
P08,V8_video1_normal,normal,1117,37.23090718216044,1,0.15656809061257704,0.16220798925886076,0.1509281919662933,0.16021645623407543,0.09977827050997783,1.0,0.5568460148669929,0.17016595670248003,0.3635059857847365,0.04103402587082912,0,0,0.18175299289236824,0.02051701293541456,0,0,0,0
P08,V8_video1_normal,normal,1118,37.264238343469444,1,0.18011787718029482,0.17677966609792076,0.1834560882626689,0.15980008146510954,0.09977827050997783,1.0,0.6926692641921366,0.056423915229138366,0.3745465897106375,0.02640767549542267,0,0,0.18727329485531874,0.013203837747711335,0,0,0,0
P08,V8_video1_normal,normal,1119,37.29756950477845,1,0.1709187479710524,0.18008381843824212,0.16175367750386263,0.16069779210595408,0.09977827050997783,1.0,0.23121836767044868,0.25276250056321803,0.24199043411683335,0.026984794689828298,0,0,0.12099521705841668,0.013492397344914149,0,0,0,0
P08,V8_video1_normal,normal,1120,37.33090066608746,1,0.1615167901282201,0.16857364207247463,0.15445993818396556,0.16024855219990178,0.09977827050997783,1.0,0.45924229957060947,0.5099048916976978,0.48457359563415364,0.12228666575299593,0,0,0.24228679781707682,0.061143332876497966,0,0,0,0
P08,V8_video1_normal,normal,1121,37.364231827396466,1,0.14626839771863942,0.1510598180317595,0.14147697740551934,0.1595646718630597,0.09977827050997783,1.0,0.22967254919324842,0.2268498436637345,0.22826119642849146,0.08691716917038841,0,0,0.11413059821424573,0.04345858458519421,0,0,0,0
P08,V8_video1_normal,normal,1122,37.397562988705474,1,0.11320757435021672,0.11363079520981308,0.11278435349062038,0.15925860362025232,0.10199556541019955,1.0,0.29902822306627574,0.28908682124018237,0.29405752215322906,0.0695969472852455,1,0,0.6470287610766146,0.03479847364262275,1,0,1,0
P08,V8_video1_normal,normal,1123,37.43089415001448,1,0.126239133461673,0.12714807040611137,0.12533019651723465,0.16063635962821007,0.10421286031042129,1.0,0.3852074385544153,0.11205715068406741,0.24863229461924136,0.051706291985001075,1,0,0.6243161473096207,0.025853145992500538,1,0,1,0
P08,V8_video1_normal,normal,1124,37.46422531132349,1,0.08651089122803632,0.07669206609445584,0.0963297163616168,0.15897624706175797,0.10643015521064302,1.0,0.2093087461136408,0.15000647937613165,0.17965761274488623,0.08501402970457028,1,0,0.5898288063724431,0.04250701485228514,1,0,1,0
P08,V8_video1_normal,normal,1125,37.497556472632496,1,0.09121790977827829,0.08060463321160645,0.10183118634495013,0.1599162500289766,0.10864745011086474,1.0,0.42518244034351804,0.07624499239151417,0.2507137163675161,0.09468452755903188,1,0,0.6253568581837581,0.04734226377951594,1,0,1,0
P08,V8_video1_normal,normal,1126,37.5308876339415,1,0.10576234588976442,0.11354227746731865,0.09798241431221019,0.16005595042132942,0.11086474501108648,1.0,0.2980067629302464,0.2461073723763244,0.2720570676532854,0.0682798611229977,1,0,0.6360285338266427,0.03413993056149885,1,0,1,0
P08,V8_video1_normal,normal,1127,37.564218795250504,1,0.0906272827686718,0.08545795584412356,0.09579660969322004,0.1596025188011374,0.1130820399113082,1.0,0.47772629857327253,0.10179164615012126,0.2897589723616969,0.10929541949598885,1,0,0.6448794861808484,0.054647709747994426,1,0,1,0
P08,V8_video1_normal,normal,1128,37.59754995655951,1,0.08382089771188256,0.08102523370554596,0.08661656171821916,0.158866106968974,0.11529933481152993,1.0,0.11655223061727582,0.045503300047734174,0.081027765332505,0.1365979013642425,1,0,0.5405138826662526,0.06829895068212125,1,0,0,0
P08,V8_video1_normal,normal,1129,37.63088111786852,1,0.0879013146175345,0.07945964951509607,0.09634297971997295,0.15927495779442263,0.11751662971175167,1.0,0.40691439270022356,0.40267437502650993,0.40479438386336675,0.1340078566183002,1,0,0.7023971919316834,0.0670039283091501,1,0,1,0
P08,V8_video1_normal,normal,1130,37.66421227917753,1,0.09047320927312419,0.0763395970999699,0.10460682144627846,0.1590940569333858,0.1197339246119734,1.0,0.3273788407878192,0.1169064543242313,0.22214264755602525,0.12875029154575543,1,0,0.6110713237780127,0.06437514577287771,1,0,1,0
P08,V8_video1_normal,normal,1131,37.697543440486534,1,0.07768817076447812,0.06436126106932848,0.09101508045962776,0.1594763996670326,0.12195121951219512,1.0,0.3452574698891042,0.18590237576227786,0.26557992282569104,0.19188780742014305,1,0,0.6327899614128455,0.09594390371007153,1,0,1,0
P08,V8_video1_normal,normal,1132,37.73087460179554,1,0.08357541482616143,0.0691917822048738,0.09795904744744907,0.15985753424662952,0.12416851441241686,1.0,0.3460235257688714,0.08686927184667603,0.21644639880777372,0.15191824411228302,1,0,0.6082231994038869,0.07595912205614151,1,0,1,0
P08,V8_video1_normal,normal,1133,37.76420576310455,1,0.0977084463368447,0.09690526033489728,0.0985116323387921,0.15861095833669211,0.12638580931263857,1.0,0.48128112979441695,0.18962048447064006,0.3354508071325285,0.18291871463117362,1,0,0.6677254035662643,0.09145935731558681,1,0,1,0
P08,V8_video1_normal,normal,1134,37.797536924413556,1,0.08742614592637413,0.08713746245325953,0.08771482939948873,0.15906605063531554,0.1286031042128603,1.0,0.5794103442383424,0.12265407619570101,0.3510322102170217,0.09166284437194648,1,0,0.6755161051085108,0.04583142218597324,1,0,1,0
P08,V8_video1_normal,normal,1135,37.83086808572256,1,0.07475488161473569,0.0653425155450549,0.08416724768441648,0.15803318546690917,0.13082039911308205,1.0,0.24379672981704792,0.04415680855747939,0.14397676918726365,0.06710282305227544,1,0,0.5719883845936318,0.03355141152613772,1,0,0,0
P08,V8_video1_normal,normal,1136,37.864199247031564,1,0.0845753480081706,0.08167306300278934,0.08747763301355184,0.15837921040014818,0.13303769401330376,1.0,0.27558002359267075,0.11405828849458222,0.19481915604362648,0.04363590639785156,1,0,0.5974095780218133,0.02181795319892578,1,0,1,0
P08,V8_video1_normal,normal,1137,37.89753040834057,1,0.07216991436183776,0.060325145102880805,0.0840146836207947,0.15824920227554568,0.1352549889135255,1.0,0.7768238459163902,0.06768336505824912,0.42225360548731966,0.0201576814795009,1,0,0.7111268027436598,0.01007884073975045,1,0,1,0
P08,V8_video1_normal,normal,1138,37.93086156964958,1,0.07036598533774192,0.0529224742895059,0.08780949638597794,0.1592304934594968,0.13747228381374724,1.0,0.7947113221967308,0.1982221165127107,0.49646671935472075,0.021715630221181108,1,0,0.7482333596773604,0.010857815110590554,1,0,1,0
P08,V8_video1_normal,normal,1139,37.96419273095859,1,0.06108789014346475,0.04546054811902217,0.07671523216790734,0.15842621940451146,0.13968957871396895,1.0,0.4406323312330723,0.07178156137077929,0.2562069463019258,0.018377412695292958,1,0,0.6281034731509629,0.009188706347646479,1,0,1,0
P08,V8_video1_normal,normal,1140,37.997523892267594,1,0.09224625075279808,0.08505871324668031,0.09943378825891584,0.1562974377591454,0.1419068736141907,1.0,0.8728694099557435,0.2721785883853768,0.5725239991705602,0.05077511611448589,1,0,0.7862619995852801,0.025387558057242944,1,0,1,0
P08,V8_video1_normal,normal,1141,38.0308550535766,1,0.09556148802786114,0.09053889550532299,0.1005840805503993,0.15705073824465027,0.14412416851441243,1.0,0.6078413734884822,0.18204270280342982,0.394942038145956,0.014643013919235054,1,0,0.697471019072978,0.007321506959617527,1,0,1,0
P08,V8_video1_normal,normal,1142,38.06418621488561,1,0.08305858561087595,0.08019740069049301,0.08591977053125888,0.15667503370866234,0.14634146341463414,1.0,0.5030725956612607,0.1844032396530818,0.34373791765717127,0.016903110693101672,1,0,0.6718689588285857,0.008451555346550836,1,0,1,0
P08,V8_video1_normal,normal,1143,38.09751737619462,1,0.0893077903332795,0.08557703722246114,0.09303854344409786,0.1576415122175369,0.14855875831485588,1.0,0.8925010062477808,0.05549331629390386,0.47399716127084235,0.009730060723706694,1,0,0.7369985806354211,0.004865030361853347,1,0,1,0
P08,V8_video1_normal,normal,1144,38.13084853750362,1,0.09386660585058779,0.08910302407216093,0.09863018762901464,0.15784932449176114,0.15077605321507762,1.0,0.6221151939295353,0.0907903822808308,0.35645278810518305,0.03820242759752064,1,0,0.6782263940525916,0.01910121379876032,1,0,1,0
P08,V8_video1_normal,normal,1145,38.164179698812625,1,0.06696495736086303,0.05777459024840125,0.07615532447332479,0.16101343055705641,0.15299334811529933,1.0,0.8033261159092367,0.10195566713898152,0.45264089152410913,0.014711006645491036,1,0,0.7263204457620546,0.007355503322745518,1,0,1,0
P08,V8_video1_normal,normal,1146,38.19751086012163,1,0.08390798501611005,0.08210825913258198,0.08570771089963812,0.1584982138011843,0.15521064301552107,1.0,0.4662223575375323,0.1884128095115538,0.32731758352454304,0.013406572759091594,1,0,0.6636587917622715,0.006703286379545797,1,0,1,0
P08,V8_video1_normal,normal,1147,38.23084202143064,1,0.07308666748536899,0.0674686219235893,0.0787047130471487,0.1628845559072475,0.1574279379157428,1.0,0.6509979376536065,0.22299952052750815,0.4369987290905573,0.004706243423904681,1,1,0.7184993645452786,0.5023531217119523,1,1,1,0
P08,V8_video1_normal,normal,1148,38.26417318273965,1,0.06220379337549442,0.0549178919754457,0.06948969477554315,0.16002701490042698,0.15964523281596452,1.0,0.6371624568444033,0.32740371325791984,0.4822830850511616,0.022879241608689576,1,0,0.7411415425255807,0.011439620804344788,1,0,1,0
P08,V8_video1_normal,normal,1149,38.297504344048654,1,0.05930121785193521,0.042205737219136064,0.07639669848473436,0.16124692845073338,0.16186252771618626,1.0,0.33296180821129273,0.21468044549755172,0.2738211268544222,0.0062773849529401,1,0,0.6369105634272111,0.00313869247647005,1,0,1,0
P08,V8_video1_normal,normal,1150,38.33083550535766,1,0.057286980540478386,0.04776456899755587,0.0668093920834009,0.16206487134689365,0.164079822616408,1.0,0.6404448459554506,0.21006590264357083,0.4252553742995107,0.007146225642646184,1,0,0.7126276871497553,0.003573112821323092,1,0,1,0
P08,V8_video1_normal,normal,1151,38.36416666666667,1,0.05482412393429176,0.03624944909233296,0.07339879877625055,0.16207033647915386,0.1662971175166297,1.0,0.8065623068918308,0.6257484164095513,0.716155361650691,0.007862778775620905,1,0,0.8580776808253455,0.0039313893878104526,1,0,1,0
P08,V8_video1_normal,normal,1152,38.39749782797567,1,0.044259006333939144,0.03132469697417624,0.057193315693702056,0.16368866718158723,0.16851441241685144,1.0,0.6203698145610337,0.5551729777464381,0.5877713961537359,0.005204724361615943,1,1,0.7938856980768679,0.502602362180808,1,1,1,0
P08,V8_video1_normal,normal,1153,38.43082898928468,1,0.06129966632539014,0.03681517774321093,0.08578415490756935,0.16823546517309998,0.17073170731707318,1.0,0.6631954620201819,0.7762116873582464,0.7197035746892142,0.026546304643770637,1,1,0.8598517873446071,0.5132731523218853,1,1,1,0
P08,V8_video1_normal,normal,1154,38.464160150593685,1,0.05801351414368572,0.03924779548238964,0.0767792328049818,0.1766427652741444,0.1729490022172949,1.0,0.6776591873943879,0.5560794690559131,0.6168693282251505,0.03729503886236935,1,1,0.8084346641125753,0.5186475194311847,1,1,1,0
P08,V8_video1_normal,normal,1155,38.49749131190269,1,0.07866761023987243,0.05470487323375353,0.10263034724599131,0.17688154986695095,0.17516629711751663,1.0,0.5103699146819938,0.678905600552691,0.5946377576173424,0.06756342154034123,1,1,0.7973188788086711,0.5337817107701706,1,1,1,0
P08,V8_video1_normal,normal,1156,38.5308224732117,1,0.07674586564798239,0.04701018900527017,0.10648154229069459,0.17395926081566151,0.17738359201773837,1.0,0.3259382538853923,0.7668606610515502,0.5463994574684712,0.10669859275109891,1,1,0.7731997287342356,0.5533492963755494,1,1,1,0
P08,V8_video1_normal,normal,1157,38.56415363452071,1,0.08898249685945994,0.06304726807003302,0.11491772564888687,0.17281768999756733,0.17960088691796008,1.0,0.4356053909819909,0.9793783903547897,0.7074918906683902,0.13416499419648265,1,1,0.8537459453341951,0.5670824970982413,1,1,1,0
P08,V8_video1_normal,normal,1158,38.597484795829715,1,0.06642647045651852,0.03835124524920925,0.09450169566382778,0.17255059606554118,0.18181818181818182,1.0,0.43083186587212097,0.8892096011096968,0.660020733490909,0.11821256221255275,1,1,0.8300103667454545,0.5591062811062764,1,1,1,0
P08,V8_video1_normal,normal,1159,38.63081595713872,1,0.05796388481450144,0.03391564432709045,0.08201212530191243,0.1725973451129753,0.18403547671840353,1.0,0.6402875643923105,0.6234224792957868,0.6318550218440486,0.08251848486549589,1,1,0.8159275109220243,0.5412592424327479,1,1,1,0
P08,V8_video1_normal,normal,1160,38.66414711844773,1,0.07231467337360543,0.043119165005316894,0.10151018174189397,0.17125803546103344,0.18625277161862527,1.0,0.2635466180188599,0.5037237313348373,0.3836351746768486,0.18223463031457196,1,1,0.6918175873384242,0.5911173151572859,1,1,1,1
P08,V8_video1_normal,normal,1161,38.69747827975673,1,0.07312213160952938,0.042806065576720606,0.10343819764233816,0.17023439225951487,0.188470066518847,1.0,0.42398836504288473,0.7332017978184701,0.5785950814306774,0.028222491029269162,1,1,0.7892975407153386,0.5141112455146346,1,1,1,0
P08,V8_video1_normal,normal,1162,38.73080944106574,1,0.07027846622877734,0.0492559375558523,0.09130099490170238,0.17113204426957296,0.19068736141906872,1.0,0.8602629381312439,0.27267145368396717,0.5664671959076055,0.03320967218633978,1,1,0.7832335979538028,0.5166048360931699,1,1,1,0
P08,V8_video1_normal,normal,1163,38.764140602374745,1,0.06942540129861628,0.04692775819770443,0.09192304439952814,0.16978820552817164,0.19290465631929046,1.0,0.6227061362996539,0.5009032403538072,0.5618046883267305,0.023119711041664864,1,1,0.7809023441633652,0.5115598555208324,1,1,1,0
P08,V8_video1_normal,normal,1164,38.79747176368375,1,0.06603676524147548,0.03619896224401056,0.09587456823894039,0.17128441630602984,0.1951219512195122,1.0,0.8733040167349335,0.47092505880558777,0.6721145377702606,0.0314667678339121,1,1,0.8360572688851303,0.515733383916956,1,1,1,0
P08,V8_video1_normal,normal,1165,38.83080292499276,1,0.06877398354138411,0.04313740888272741,0.09441055820004082,0.1735368807568687,0.1973392461197339,1.0,0.5583752669514097,0.2821539701754677,0.4202646185634387,0.03925322993131825,1,1,0.7101323092817193,0.5196266149656591,1,1,1,0
P08,V8_video1_normal,normal,1166,38.86413408630177,1,0.060073587450555084,0.03140269471307179,0.08874448018803838,0.17424848416363983,0.19955654101995565,1.0,0.903229666164082,0.45823802983383644,0.6807338479989592,0.04418752073733166,1,1,0.8403669239994795,0.5220937603686658,1,1,1,0
P08,V8_video1_normal,normal,1167,38.897465247610775,1,0.06519706862796629,0.04209513668467517,0.08829900057125742,0.1744268154229246,0.2017738359201774,1.0,0.6638184732561196,0.7774737716365815,0.7206461224463505,0.11197379239015602,1,1,0.8603230612231753,0.555986896195078,1,1,1,0
P08,V8_video1_normal,normal,1168,38.93079640891978,1,0.05350002383418432,0.02413855154141172,0.08286149612695692,0.16936184275651534,0.2039911308203991,1.0,0.7458705349838368,0.9087827250678614,0.827326630025849,0.042033587063138006,1,1,0.9136633150129245,0.521016793531569,1,1,1,0
P08,V8_video1_normal,normal,1169,38.96412757022879,1,0.05990387055745226,0.03022188309064821,0.08958585802425632,0.16780069622629898,0.20620842572062084,1.0,0.8046940916025078,0.9417969849035844,0.8732455382530462,0.054893227555722235,1,1,0.9366227691265231,0.5274466137778611,1,1,1,0
P08,V8_video1_normal,normal,1170,38.99745873153779,1,0.07694683433689994,0.04101816618878301,0.11287550248501688,0.16628038138147422,0.20842572062084258,1.0,0.8064392821120826,0.25189535775801986,0.5291673199350513,0.03928596250072034,1,1,0.7645836599675256,0.5196429812503601,1,1,1,0
P08,V8_video1_normal,normal,1171,39.0307898928468,1,0.0660674538330589,0.031744052302216205,0.10039085536390158,0.16398339730106523,0.2106430155210643,1.0,0.8381683503101375,0.23334221369897146,0.5357552820045545,0.037507242471600394,1,1,0.7678776410022772,0.5187536212358002,1,1,1,0
P08,V8_video1_normal,normal,1172,39.064121054155805,1,0.08045809650956694,0.048370408780928485,0.11254578423820538,0.16382500795762803,0.21286031042128603,1.0,0.6228102201879067,0.3459500872288128,0.48438015370835974,0.04704809751745023,1,1,0.7421900768541798,0.5235240487587252,1,1,1,0
P08,V8_video1_normal,normal,1173,39.09745221546481,1,0.054708608823577844,0.021316517645249906,0.08810070000190579,0.16271067728452002,0.21507760532150777,1.0,0.699026465609412,0.15204756442656653,0.42553701501798924,0.0748560533752356,1,1,0.7127685075089947,0.5374280266876178,1,1,1,0
P08,V8_video1_normal,normal,1174,39.13078337677382,1,0.05080177107816391,0.023492710509513962,0.07811083164681386,0.16363225680131988,0.21729490022172948,1.0,0.7839873347664813,0.26916698954240703,0.5265771621544442,0.05393313379134478,1,1,0.7632885810772221,0.5269665668956723,1,1,1,0
P08,V8_video1_normal,normal,1175,39.16411453808283,1,0.0531385030345452,0.031411004391340314,0.07486600167775008,0.16370352857229217,0.21951219512195122,1.0,0.4297561715617154,0.10756331112487327,0.26865974134329434,0.02792660055404343,1,1,0.6343298706716471,0.5139633002770218,1,1,1,0
P08,V8_video1_normal,normal,1176,39.197445699391835,1,0.039398977063806725,0.01116747996690192,0.06763047416071154,0.1631201754424832,0.22172949002217296,1.0,0.4798228106128979,0.21489617383150184,0.34735949222219986,0.04673365682999762,1,1,0.6736797461110999,0.5233668284149988,1,1,1,0
P08,V8_video1_normal,normal,1177,39.23077686070084,1,0.03543713340575201,0.010753315619367904,0.060120951192136125,0.16327360572373503,0.22394678492239467,1.0,0.1315651432731234,0.21877530498024012,0.17517022412668176,0.034604276219115514,1,1,0.5875851120633409,0.5173021381095577,1,1,1,0
P08,V8_video1_normal,normal,1178,39.26410802200984,1,0.03927404940923962,0.014350680732652738,0.0641974180858265,0.16408807557314015,0.2261640798226164,1.0,0.17652382580183346,0.43153760780755535,0.3040307168046944,0.018517665960089573,1,1,0.6520153584023471,0.5092588329800448,1,1,1,0
P08,V8_video1_normal,normal,1179,39.29743918331885,1,0.06493853660752932,0.036753527795739524,0.09312354541931911,0.16337307215599828,0.22838137472283815,1.0,0.44883844860904654,0.1967525666987301,0.3227955076538883,0.030860105268299402,1,1,0.6613977538269442,0.5154300526341496,1,1,1,0
P08,V8_video1_normal,normal,1180,39.33077034462786,1,0.039272219806218374,0.007360863353519356,0.07118357625891739,0.16544242985007937,0.23059866962305986,1.0,0.3813581814934368,0.2943814091038659,0.33786979529865135,0.015732531339702926,1,1,0.6689348976493257,0.5078662656698515,1,1,1,0
P08,V8_video1_normal,normal,1181,39.364101505936866,1,0.06147685256362348,0.031185526210679625,0.09176817891656733,0.16470842824684256,0.2328159645232816,1.0,0.4399477078809988,0.22392975595910702,0.3319387319200529,0.032405517498642296,1,1,0.6659693659600264,0.5162027587493212,1,1,1,0
P08,V8_video1_normal,normal,1182,39.39743266724587,1,0.0501021964117529,0.013640920553226608,0.08656347227027919,0.16467633184207628,0.23503325942350334,1.0,0.19497411716445334,0.3785702033895063,0.2867721602769798,0.04103059225965833,1,1,0.6433860801384899,0.5205152961298292,1,1,1,0
P08,V8_video1_normal,normal,1183,39.43076382855488,1,0.04813503601029018,0.013372493929304397,0.08289757809127596,0.16643862232675471,0.23725055432372505,1.0,0.752951629211053,0.11720829083621442,0.4350799600236337,0.04351249873052666,1,1,0.7175399800118168,0.5217562493652633,1,1,1,0
P08,V8_video1_normal,normal,1184,39.46409498986389,1,0.049910306237275805,0.0206012311271517,0.0792193813473999,0.164465293373018,0.2394678492239468,1.0,0.7303657401101724,0.3613017178611513,0.5458337289856618,0.0274237603098374,1,1,0.7729168644928309,0.5137118801549188,1,1,1,0
P08,V8_video1_normal,normal,1185,39.497426151172895,1,0.04413633994829176,0.012263094780765245,0.07600958511581828,0.16729407057953005,0.24168514412416853,1.0,0.4247749796253869,0.2146575147724017,0.3197162471988943,0.03793979128518921,1,1,0.6598581235994472,0.5189698956425947,1,1,1,0
P08,V8_video1_normal,normal,1186,39.5307573124819,1,0.04793990821619229,0.013843808863665341,0.08203600756871923,0.16713104207645144,0.24390243902439024,1.0,0.5335737254274289,0.6332711713932974,0.5834224484103632,0.0452845316640304,1,1,0.7917112242051816,0.5226422658320152,1,1,1,0
P08,V8_video1_normal,normal,1187,39.5640884737909,1,0.048988610649132514,0.015460416157117835,0.08251680514114719,0.1681830952226773,0.24611973392461198,1.0,0.9429860682298378,0.28973555471499635,0.6163608114724171,0.015860626957168108,1,1,0.8081804057362085,0.5079303134785841,1,1,1,0
P08,V8_video1_normal,normal,1188,39.59741963509991,1,0.05241272882890864,0.016259014063271605,0.08856644359454569,0.1672013862031469,0.24833702882483372,1.0,0.774081131770382,0.38680634561898963,0.5804437386946858,0.06725918209685375,1,1,0.7902218693473428,0.5336295910484269,1,1,1,0
P08,V8_video1_normal,normal,1189,39.63075079640892,1,0.04676555339542646,0.0077467591222369825,0.08578434766861594,0.16539569760004058,0.25055432372505543,1.0,0.8205863605788883,0.7586786626679318,0.7896325116234101,0.03449087761367019,1,1,0.894816255811705,0.517245438806835,1,1,1,0
P08,V8_video1_normal,normal,1190,39.664081957717926,1,0.05232102352746211,0.02289844080380203,0.08174360625112219,0.1654332068143126,0.25277161862527714,1.0,0.9250413976497849,0.17503665968177662,0.5500390286657808,0.011976892951135321,1,1,0.7750195143328904,0.5059884464755676,1,1,1,0
P08,V8_video1_normal,normal,1191,39.69741311902693,1,0.03834553099637226,0.010264791172423312,0.06642627082032121,0.16493644578212974,0.2549889135254989,1.0,0.8746058821574161,0.12286584590497673,0.4987358640311964,0.018142617681913425,1,1,0.7493679320155981,0.5090713088409567,1,1,1,0
P08,V8_video1_normal,normal,1192,39.73074428033594,1,0.03374618978520923,0.009347683298305634,0.058144696272112814,0.16437432507101357,0.2572062084257206,1.0,0.8735499078668671,0.45334662728090047,0.6634482675738838,0.03059985984530952,1,1,0.8317241337869419,0.5152999299226547,1,1,1,0
P08,V8_video1_normal,normal,1193,39.76407544164495,1,0.03771655710136314,0.007871483952594734,0.06756163025013154,0.16203167182772146,0.25942350332594233,1.0,0.5129347039061907,0.1567127629215772,0.33482373341388394,0.042308668182334544,1,0,0.667411866706942,0.021154334091167272,1,0,1,0
P08,V8_video1_normal,normal,1194,39.797406602953956,1,0.05950419399513414,0.03142502582701526,0.08758336216325302,0.16395556763476563,0.2616407982261641,1.0,0.6255168554634891,0.37659708339505016,0.5010569694292697,0.03830898035032772,1,1,0.7505284847146348,0.5191544901751639,1,1,1,0
P08,V8_video1_normal,normal,1195,39.830737764262956,1,0.04628344512762511,0.013205067977725898,0.07936182227752432,0.16435333925594284,0.2638580931263858,1.0,0.7451391156002374,0.3892138484251687,0.567176482012703,0.022063221376146296,1,1,0.7835882410063515,0.5110316106880731,1,1,1,0
P08,V8_video1_normal,normal,1196,39.864068925571964,1,0.03968992563209846,0.009928356776760941,0.06945149448743597,0.16194097978443966,0.2660753880266075,1.0,0.7171932342955376,0.36813635938250233,0.5426647968390199,0.03710780104046709,1,0,0.77133239841951,0.018553900520233545,1,0,1,0
P08,V8_video1_normal,normal,1197,39.89740008688097,1,0.03799045406496956,0.01039023089372615,0.06559067723621297,0.16205207403306798,0.2682926829268293,1.0,0.5460683968999871,0.2386234089081265,0.3923459029040568,0.031955810208131694,1,0,0.6961729514520284,0.015977905104065847,1,0,1,0
P08,V8_video1_normal,normal,1198,39.93073124818998,1,0.040757651156189116,0.009335791232670887,0.07217951107970734,0.16256182170238845,0.270509977827051,1.0,0.666551381742414,0.37321439323602645,0.5198828874892203,0.031058722970291282,1,1,0.7599414437446101,0.5155293614851456,1,1,1,0
P08,V8_video1_normal,normal,1199,39.964062409498986,1,0.037904826460813015,0.014384377645071004,0.06142527527655503,0.16274909476824612,0.2727272727272727,1.0,0.7016410241569297,0.4008650220016273,0.5512530230792785,0.055009638373096,1,1,0.7756265115396392,0.527504819186548,1,1,1,0
P08,V8_video1_normal,normal,1200,39.99739357080799,1,0.056790565886436856,0.03186697083794896,0.08171416093492476,0.16605229139178135,0.2749445676274945,1.0,0.17548066469452028,0.5551861444983432,0.36533340459643177,0.17911351139681508,1,1,0.6826667022982159,0.5895567556984076,1,1,1,1
P08,V8_video1_normal,normal,1201,40.030724732117,1,0.060215141514467704,0.03463943451950029,0.08579084850943512,0.16664274904102422,0.2771618625277162,1.0,0.26813879701480736,0.08187979171845405,0.1750092943666307,0.20489033043082627,1,1,0.5875046471833154,0.6024451652154131,1,1,1,1
P08,V8_video1_normal,normal,1202,40.06405589342601,1,0.05882197261491676,0.036580401411750896,0.08106354381808262,0.16494927547385488,0.2793791574279379,1.0,0.30018089167907713,0.22749221410547504,0.2638365528922761,0.05605708307354363,1,1,0.6319182764461381,0.5280285415367718,1,1,1,0
P08,V8_video1_normal,normal,1203,40.097387054735016,1,0.07156190759806595,0.045113331726457595,0.09801048346967431,0.163580760266891,0.28159645232815966,1.0,0.23524656184726667,0.12276551909632671,0.1790060404717967,0.06504667949864047,1,1,0.5895030202358984,0.5325233397493202,1,1,1,0
P08,V8_video1_normal,normal,1204,40.130718216044016,1,0.07087762433980434,0.045301623084054325,0.09645362559555436,0.16459120804313931,0.2838137472283814,1.0,0.18244664697173485,0.13967879103460978,0.16106271900317232,0.07807184982239906,1,1,0.5805313595015862,0.5390359249111996,1,1,1,0
P08,V8_video1_normal,normal,1205,40.164049377353024,1,0.04846107588859208,0.022656804505232088,0.07426534727195207,0.16409454535205006,0.2860310421286031,1.0,0.23293901519735116,0.22800969019376083,0.230474352695556,0.06532392297947057,1,1,0.615237176347778,0.5326619614897353,1,1,1,0
P08,V8_video1_normal,normal,1206,40.19738053866203,1,0.062495226088854466,0.03741212667202068,0.08757832550568825,0.1659423116337151,0.28824833702882485,1.0,0.39067705851792356,0.22191935513535188,0.3062982068266377,0.012421644184496528,1,1,0.6531491034133189,0.5062108220922482,1,1,1,0
P08,V8_video1_normal,normal,1207,40.23071169997104,1,0.06361829955587352,0.03949822104835763,0.08773837806338941,0.16509433690275818,0.29046563192904656,1.0,0.2513545114933452,0.2752598240325169,0.26330716776293106,0.0273227376458612,1,1,0.6316535838814655,0.5136613688229306,1,1,1,0
P08,V8_video1_normal,normal,1208,40.264042861280046,1,0.05748028048998541,0.029133228200427057,0.08582733277954376,0.1654035046617477,0.2926829268292683,1.0,0.22899494871278026,0.2726444083115327,0.2508196785121565,0.011870094174316517,1,1,0.6254098392560783,0.5059350470871583,1,1,1,0
P08,V8_video1_normal,normal,1209,40.297374022589054,1,0.05308869875413094,0.0192927670189561,0.08688463048930578,0.1629662076267513,0.29490022172949004,1.0,0.45470123607012924,0.4782232806715454,0.4664622583708373,0.06461674663284032,1,1,0.7332311291854187,0.5323083733164201,1,1,1,0
P08,V8_video1_normal,normal,1210,40.33070518389806,1,0.04903766557719706,0.02231113959279759,0.07576419156159654,0.1650324565813009,0.29711751662971175,1.0,0.40399002909793635,0.4465581790456775,0.42527410407180694,0.01547767179594565,1,1,0.7126370520359034,0.5077388358979729,1,1,1,0
P08,V8_video1_normal,normal,1211,40.36403634520707,1,0.037249155003225544,0.011844728157295429,0.06265358184915566,0.1666257974758375,0.29933481152993346,1.0,0.23891375015508443,0.21792619044637662,0.22841997030073052,0.018275567802886188,1,1,0.6142099851503653,0.509137783901443,1,1,1,0
P08,V8_video1_normal,normal,1212,40.397367506516076,1,0.04280328611895385,0.013583154341775231,0.07202341789613247,0.16646795345378118,0.30155210643015523,1.0,0.3477314907035547,0.37985836442512266,0.3637949275643387,0.010118923098876171,1,1,0.6818974637821693,0.505059461549438,1,1,1,0
P08,V8_video1_normal,normal,1213,40.43069866782508,1,0.03179419504114414,0.008137414255512058,0.05545097582677623,0.1643028614636697,0.30376940133037694,1.0,0.37734975412304006,0.034218487082260274,0.20578412060265017,0.015906085686099348,1,1,0.602892060301325,0.5079530428430497,1,1,1,0
P08,V8_video1_normal,normal,1214,40.464029829134084,1,0.04000254814531633,0.022155471539542056,0.0578496247510906,0.1638926014620855,0.30598669623059865,1.0,0.6160055369214421,0.09644678951704311,0.3562261632192426,0.014450813158113994,1,1,0.6781130816096212,0.507225406579057,1,1,1,0
P08,V8_video1_normal,normal,1215,40.49736099044309,1,0.03650865762128373,0.017714727695564425,0.05530258754700305,0.16427201608119069,0.3082039911308204,1.0,0.6672507349902197,0.2635498572546152,0.46540029612241746,0.015622207965409533,1,1,0.7327001480612088,0.5078111039827048,1,1,1,0
P08,V8_video1_normal,normal,1216,40.5306921517521,1,0.04050715717338184,0.020302719725195328,0.060711594621568346,0.16440925243253288,0.31042128603104213,1.0,0.5073873538079909,0.3131219177571848,0.41025463578258786,0.007097382580984973,1,1,0.7051273178912939,0.5035486912904925,1,1,1,0
P08,V8_video1_normal,normal,1217,40.56402331306111,1,0.054900263657172016,0.037197425907153976,0.07260310140719006,0.16340748875776054,0.31263858093126384,1.0,0.5998051027572574,0.6578649868440344,0.6288350448006459,0.026203381426864146,1,1,0.814417522400323,0.513101690713432,1,1,1,0
P08,V8_video1_normal,normal,1218,40.597354474370114,1,0.032314643744001365,0.018772612678828737,0.045856674809173985,0.16362545215447935,0.3148558758314856,1.0,0.4690220113473016,0.12372595787846763,0.2963739846128846,0.046410567571407914,1,1,0.6481869923064423,0.523205283785704,1,1,1,0
P08,V8_video1_normal,normal,1219,40.63068563567912,1,0.05106193476747638,0.03274391611218621,0.06937995342276654,0.16163711332683586,0.3170731707317073,1.0,0.6437925257689678,0.07119329879585212,0.35749291228241,0.017776626388060518,1,0,0.678746456141205,0.008888313194030259,1,0,1,0
P08,V8_video1_normal,normal,1220,40.66401679698813,1,0.057049908911294966,0.03717357197135217,0.07692624585123777,0.1634775583879702,0.31929046563192903,1.0,0.3932203777830331,0.33102358910752305,0.3621219834452781,0.016695675144208957,1,1,0.681060991722639,0.5083478375721044,1,1,1,0
P08,V8_video1_normal,normal,1221,40.69734795829713,1,0.058552939295109935,0.031088098328142723,0.08601778026207715,0.16089457044917738,0.3215077605321508,1.0,0.5546779615068758,0.23835531871631732,0.39651664011159654,0.015354949258168861,1,0,0.6982583200557982,0.0076774746290844305,1,0,1,0
P08,V8_video1_normal,normal,1222,40.73067911960614,1,0.04369612760963382,0.02708303813285383,0.06030921708641381,0.16313108892613018,0.3237250554323725,1.0,0.7930552055550939,0.5912071192258936,0.6921311623904938,0.03281875814454786,1,1,0.8460655811952469,0.5164093790722739,1,1,1,0
P08,V8_video1_normal,normal,1223,40.764010280915144,1,0.04776702083041387,0.03551613644257173,0.060017905218256,0.16128924065323402,0.3259423503325942,1.0,0.6323145872262246,0.5039712249616644,0.5681429060939445,0.026321914165030005,1,0,0.7840714530469722,0.013160957082515003,1,0,1,0
P08,V8_video1_normal,normal,1224,40.79734144222415,1,0.03931945779397569,0.022730867697909954,0.05590804789004144,0.15956341081247208,0.328159645232816,1.0,0.6413234629833953,0.24430388577849227,0.44281367438094377,0.006257146222249671,1,0,0.7214068371904718,0.0031285731111248354,1,0,1,0
P08,V8_video1_normal,normal,1225,40.83067260353316,1,0.04492453324253718,0.03035010704463859,0.05949895944043577,0.16192445914292233,0.3303769401330377,1.0,0.8273153805109792,0.5290709908866339,0.6781931856988066,0.006510308775807053,1,0,0.8390965928494033,0.0032551543879035267,1,0,1,0
P08,V8_video1_normal,normal,1226,40.86400376484217,1,0.044550444313964134,0.0283587811564036,0.06074210747152466,0.1613322349512137,0.3325942350332594,1.0,0.6956423181775324,0.6305863441979801,0.6631143311877563,0.0015606321166255271,1,0,0.8315571655938782,0.0007803160583127636,1,0,1,0
P08,V8_video1_normal,normal,1227,40.897334926151174,1,0.04087039643761138,0.026413570654030154,0.055327222221192615,0.1713257430865127,0.3348115299334812,1.0,0.4460171792313494,0.8178556882490455,0.6319364337401975,0.0018962124062239269,1,1,0.8159682168700988,0.5009481062031119,1,1,1,0
P08,V8_video1_normal,normal,1228,40.93066608746018,1,0.0407814439900355,0.01785718166731211,0.06370570631275889,0.17917403903326745,0.3370288248337029,1.0,0.6274347749935654,0.49316565046639593,0.5603002127299807,0.03970162927976459,1,1,0.7801501063649903,0.5198508146398823,1,1,1,0
P08,V8_video1_normal,normal,1229,40.96399724876919,1,0.036613444440840894,0.021138015998681543,0.052088872883000244,0.21081673692883865,0.3392461197339246,1.0,0.611746928829665,0.20055932349687744,0.4061531261632712,0.06333369194225882,1,1,0.7030765630816356,0.5316668459711295,1,1,1,0
P08,V8_video1_normal,normal,1230,40.99732841007819,1,0.04702278352100571,0.04344922491668913,0.05059634212532228,0.2175723211621412,0.34146341463414637,1.0,0.6381843780698597,0.21965857130951527,0.4289214746896875,0.3727561576327175,1,1,0.7144607373448437,0.6863780788163587,1,1,1,1
P08,V8_video1_normal,normal,1231,41.0306595713872,1,0.08063364828211811,0.06142687370795443,0.0998404228562818,0.2256475540812152,0.3436807095343681,1.0,0.41081648876409993,0.865446957012836,0.638131722888468,0.3587851879969279,1,1,0.819065861444234,0.679392593998464,1,1,1,1
P08,V8_video1_normal,normal,1232,41.063990732696205,1,0.12442244659436602,0.10731088997276399,0.14153400321596807,0.22520300161214382,0.3458980044345898,1.0,0.40224090615687835,0.22992615968442376,0.31608353292065106,0.28867438984005117,1,1,0.6580417664603255,0.6443371949200256,1,1,1,1
P08,V8_video1_normal,normal,1233,41.09732189400521,1,0.15913749338611477,0.15002156319032248,0.16825342358190704,0.22625715024308252,0.3458980044345898,1.0,0.1600667146663789,0.02841067790566376,0.09423869628602133,0.15421306262358814,0,1,0.047119348143010664,0.577106531311794,0,1,0,0
P08,V8_video1_normal,normal,1234,41.13065305531422,1,0.19973268861266402,0.1768279636602673,0.22263741356506078,0.22634671050781108,0.3458980044345898,1.0,0.0775930124659151,0.007489238549094668,0.042541125507504884,0.16063633608607344,0,1,0.021270562753752442,0.5803181680430367,0,1,0,0
P08,V8_video1_normal,normal,1235,41.16398421662323,1,0.23884958117615213,0.22322268574277593,0.2544764766095283,0.21981308785067535,0.3458980044345898,1.0,0.05264438162069818,0.0053347906382325005,0.02898958612946534,0.26555442670922047,0,1,0.01449479306473267,0.6327772133546102,0,1,0,1
P08,V8_video1_normal,normal,1236,41.197315377932235,1,0.25741520930860085,0.24014566529346917,0.2746847533237325,0.22139437134753354,0.3458980044345898,1.0,0.07541099078520341,0.03067295192899855,0.05304197135710098,0.22161424440610827,0,1,0.02652098567855049,0.6108071222030541,0,1,0,1
P08,V8_video1_normal,normal,1237,41.23064653924124,1,0.2573959051033818,0.23921947469802432,0.2755723355087392,0.21965817679828384,0.3458980044345898,1.0,0.17773771977910424,0.00894855025240937,0.0933431350157568,0.23392694217738133,0,1,0.0466715675078784,0.6169634710886907,0,1,0,1
P08,V8_video1_normal,normal,1238,41.26397770055025,1,0.25810157208772455,0.24559640588555678,0.2706067382898923,0.22443687085846153,0.3458980044345898,1.0,0.04227874073172544,0.007885725808845057,0.025082233270285248,0.29300696243525776,0,1,0.012541116635142624,0.6465034812176289,0,1,0,1
P08,V8_video1_normal,normal,1239,41.29730886185925,1,0.2649536632700298,0.24938366688388955,0.28052365965617004,0.2354396371417866,0.3458980044345898,1.0,0.09623007529506211,0.08094791900798481,0.08858899715152346,0.39136705073478073,0,1,0.04429449857576173,0.6956835253673903,0,1,0,1
P08,V8_video1_normal,normal,1240,41.33064002316826,1,0.2534950204814391,0.24407183528480356,0.2629182056780747,0.24619024726045963,0.3458980044345898,1.0,0.03477875381455864,0.04261562385792894,0.03869718883624379,0.9601770535440249,0,1,0.019348594418121895,0.9800885267720125,0,1,0,1
P08,V8_video1_normal,normal,1241,41.363971184477265,1,0.1736474356034989,0.16031158904967507,0.18698328215732274,0.2559232723074796,0.3458980044345898,1.0,0.1431510114973239,0.11031030108184481,0.12673065628958435,0.9729971642020274,0,1,0.06336532814479218,0.9864985821010137,0,1,0,1
P08,V8_video1_normal,normal,1242,41.39730234578627,1,0.1410913694317153,0.1208157960922196,0.161366942771211,0.2682403697690089,0.3458980044345898,1.0,0.47689183851217254,0.19516601380733156,0.33602892615975205,0.9039678883431176,0,1,0.16801446307987603,0.9519839441715587,0,1,0,1
P08,V8_video1_normal,normal,1243,41.43063350709528,1,0.1271772923444774,0.10238203235876275,0.15197255233019205,0.274853882642385,0.34811529933481156,1.0,0.14136327959090977,0.26332636372219465,0.2023448216565522,0.9456953211536362,1,1,0.6011724108282761,0.9728476605768182,1,1,1,1
P08,V8_video1_normal,normal,1244,41.46396466840429,1,0.1311318515029163,0.11087063534953104,0.1513930676563016,0.2758765067657802,0.35033259423503327,1.0,0.12617855610306294,0.3196728866293589,0.22292572136621092,0.9430709420766394,1,1,0.6114628606831054,0.9715354710383197,1,1,1,1
P08,V8_video1_normal,normal,1245,41.497295829713295,1,0.12554971970256382,0.1021209704884815,0.14897846891664615,0.281332254233465,0.352549889135255,1.0,0.04728198716474907,0.22807266741649723,0.13767732729062315,0.9454756843914213,1,1,0.5688386636453115,0.9727378421957107,1,1,0,1
P08,V8_video1_normal,normal,1246,41.5306269910223,1,0.11792102969385962,0.09016802093678189,0.14567403845093735,0.2922408032143529,0.35476718403547675,1.0,0.19055075976925218,0.2258068755396362,0.20817881765444418,0.9894308129393167,1,1,0.6040894088272221,0.9947154064696584,1,1,1,1
P08,V8_video1_normal,normal,1247,41.5639581523313,1,0.10488522376096392,0.08359487060039872,0.12617557692152911,0.32065595286597615,0.35698447893569846,1.0,0.3626514814656294,0.1510383488245156,0.2568449151450725,0.9930872507064058,1,1,0.6284224575725362,0.996543625353203,1,1,1,1
P08,V8_video1_normal,normal,1248,41.59728931364031,1,0.07178947135017716,0.04145798642302549,0.10212095627732884,0.3295081877057309,0.35920177383592017,1.0,0.33655670795429804,0.20844801371080035,0.2725023608325492,0.9968625449209356,1,1,0.6362511804162746,0.9984312724604678,1,1,1,1
P08,V8_video1_normal,normal,1249,41.63062047494932,1,0.07831674094114568,0.06647433210204222,0.09015914978024914,0.33925659869479485,0.3614190687361419,1.0,0.35312866950403543,0.18739630335929858,0.270262486431667,0.9990657017242879,1,1,0.6351312432158335,0.9995328508621439,1,1,1,1
P08,V8_video1_normal,normal,1250,41.663951636258325,1,0.06311908282755897,0.054856414499353544,0.07138175115576441,0.34763176010754615,0.36363636363636365,1.0,0.24132888902679628,0.32205388257276124,0.28169138579977876,0.9993064649632951,1,1,0.6408456928998894,0.9996532324816476,1,1,1,1
P08,V8_video1_normal,normal,1251,41.69728279756733,1,0.06440149573439587,0.052987262963919354,0.07581572850487238,0.37312645933077215,0.36585365853658536,1.0,0.29798208693952166,0.4471222322412377,0.3725521595903797,0.9992949566815899,1,1,0.6862760797951899,0.9996474783407949,1,1,1,1
P08,V8_video1_normal,normal,1252,41.73061395887634,1,0.08280108267286919,0.07221102352692023,0.09339114181881815,0.37088228476613844,0.36807095343680707,1.0,0.22673098280335247,0.3184600918844277,0.2725955373438901,0.9998802099021972,1,1,0.6362977686719451,0.9999401049510985,1,1,1,1
P08,V8_video1_normal,normal,1253,41.76394512018535,1,0.06524665739445533,0.04967888263699567,0.08081443215191499,0.3689347656847222,0.37028824833702884,1.0,0.05655572909102169,0.34059751873569455,0.19857662391335812,0.9998302011173725,1,1,0.5992883119566791,0.9999151005586863,1,1,1,1
P08,V8_video1_normal,normal,1254,41.797276281494355,1,0.06557081018815787,0.0483278122058601,0.08281380817045564,0.3684591951162678,0.37250554323725055,1.0,0.2246271503294639,0.39691539060720193,0.3107712704683329,0.9997378881595322,1,1,0.6553856352341665,0.9998689440797661,1,1,1,1
P08,V8_video1_normal,normal,1255,41.83060744280336,1,0.04244239863300115,0.03707074575851687,0.04781405150748543,0.37784822118309,0.37472283813747226,1.0,0.056973644791922795,0.3645131408949185,0.21074339284342064,0.9999223306864281,1,1,0.6053716964217103,0.9999611653432141,1,1,1,1
P08,V8_video1_normal,normal,1256,41.86393860411236,1,0.06061708120639501,0.039639521201552175,0.08159464121123784,0.3789310665703184,0.376940133037694,1.0,0.09204788309976786,0.4099967811017303,0.2510223321007491,0.999922726443553,1,1,0.6255111660503745,0.9999613632217765,1,1,1,1
P08,V8_video1_normal,normal,1257,41.89726976542137,1,0.10201395159572173,0.08263722259337114,0.12139068059807231,0.3788652105404472,0.37915742793791574,1.0,0.3174528051694241,0.14152876229991285,0.22949078373466847,0.9999294086758675,1,1,0.6147453918673342,0.9999647043379338,1,1,1,1
P08,V8_video1_normal,normal,1258,41.93060092673038,1,0.08516283212374591,0.05466677633408066,0.11565888791341117,0.37427370946699046,0.38137472283813745,1.0,0.2072349683057082,0.37301495960652875,0.2901249639561185,0.9999090924258408,1,1,0.6450624819780593,0.9999545462129205,1,1,1,1
P08,V8_video1_normal,normal,1259,41.963932088039385,1,0.12063760044033328,0.09494551091594329,0.1463296899647233,0.3778147704713912,0.3835920177383592,1.0,0.26305873439426275,0.2467976374947498,0.2549281859445063,0.9994201664319453,1,1,0.6274640929722531,0.9997100832159727,1,1,1,1
P08,V8_video1_normal,normal,1260,41.99726324934839,1,0.12308806999007696,0.09723645441413163,0.1489396855660223,0.371920456889682,0.3858093126385809,1.0,0.8872460542978039,0.11992405695106345,0.5035850556244337,0.9998880965394304,1,1,0.7517925278122168,0.9999440482697153,1,1,1,1
P08,V8_video1_normal,normal,1261,42.0305944106574,1,0.14571561513960793,0.11962297514959558,0.17180825512962028,0.3762423530511825,0.3858093126385809,1.0,0.7748401302893598,0.28383702428734103,0.5293385772883504,0.9996042233853137,0,1,0.2646692886441752,0.9998021116926569,0,1,0,1
P08,V8_video1_normal,normal,1262,42.06392557196641,1,0.1793420687830891,0.13970802169625837,0.2189761158699198,0.3923238340186548,0.3858093126385809,1.0,0.5124166480704921,0.0716320630097732,0.2920243555401327,0.9986750848455179,0,1,0.14601217777006634,0.999337542422759,0,1,0,1
P08,V8_video1_normal,normal,1263,42.097256733275415,1,0.1849126226958504,0.15357017700272116,0.21625506838897968,0.3960348600377102,0.3858093126385809,1.0,0.529214506494343,0.025764143526728733,0.27748932501053586,0.9983787573172676,0,1,0.13874466250526793,0.9991893786586338,0,1,0,1
P08,V8_video1_normal,normal,1264,42.130587894584416,1,0.1772738496190816,0.14423797586631493,0.2103097233718483,0.4136440145328691,0.3858093126385809,1.0,0.4976934060169642,0.06099673964459429,0.27934507283077925,0.9987809349661662,0,1,0.13967253641538963,0.9993904674830831,0,1,0,1
P08,V8_video1_normal,normal,1265,42.16391905589342,1,0.1564443711955052,0.11649307952620624,0.19639566286480417,0.40258246507237483,0.3858093126385809,1.0,0.8548567728835587,0.14718466516652617,0.5010207190250424,0.9962644804414867,0,1,0.2505103595125212,0.9981322402207433,0,1,0,1
P08,V8_video1_normal,normal,1266,42.19725021720243,1,0.1654830890700752,0.13610872210551345,0.19485745603463694,0.3936656702920349,0.3858093126385809,1.0,0.18648359516559432,0.24601716453230194,0.21625037984894813,0.9926885264953347,0,1,0.10812518992447406,0.9963442632476673,0,1,0,1
P08,V8_video1_normal,normal,1267,42.23058137851144,1,0.1670212783960859,0.13866132707991796,0.19538122971225386,0.3861772475250704,0.3858093126385809,1.0,0.15629843915940433,0.2648837869748504,0.21059111306712736,0.996945250310534,0,1,0.10529555653356368,0.998472625155267,0,1,0,1
P08,V8_video1_normal,normal,1268,42.263912539820446,1,0.1494013961915265,0.10975496444922303,0.18904782793383,0.3936377042610841,0.3858093126385809,1.0,0.36364592143472363,0.19314046919328032,0.278393195314002,0.9966149349884174,0,1,0.139196597657001,0.9983074674942087,0,1,0,1
P08,V8_video1_normal,normal,1269,42.29724370112945,1,0.11911069039168523,0.06865319123077991,0.16956818955259056,0.3958885003996158,0.38802660753880264,1.0,0.3506036014351068,0.10624196341116787,0.22842278242313735,0.9968816610641114,1,1,0.6142113912115686,0.9984408305320557,1,1,1,1
P08,V8_video1_normal,normal,1270,42.33057486243846,1,0.16758687479236917,0.1449606727742621,0.19021307681047622,0.3903581864964921,0.38802660753880264,1.0,0.4017779274290665,0.13113255292448078,0.26645524017677363,0.9882234281862478,0,1,0.13322762008838682,0.9941117140931239,0,1,0,1
P08,V8_video1_normal,normal,1271,42.36390602374747,1,0.1576283671251904,0.12392878018095904,0.19132795406942177,0.3771747027412107,0.38802660753880264,1.0,0.27934563308874816,0.2561587509594092,0.2677521920240787,0.9974365725397885,0,1,0.13387609601203934,0.9987182862698942,0,1,0,1
P08,V8_video1_normal,normal,1272,42.397237185056476,1,0.1762884277927445,0.14810315545918373,0.2044737001263053,0.3585381276614998,0.38802660753880264,1.0,0.5896662780411293,0.07004756309216453,0.3298569205666469,0.9783678605660239,0,1,0.16492846028332345,0.9891839302830119,0,1,0,1
P08,V8_video1_normal,normal,1273,42.430568346365476,1,0.14066637856198153,0.09486133597388434,0.18647142115007873,0.29984444520040276,0.38802660753880264,1.0,0.26845999700443024,0.28514054830766367,0.27680027265604695,0.9267733650752548,0,1,0.13840013632802348,0.9633866825376274,0,1,0,1
P08,V8_video1_normal,normal,1274,42.46389950767448,1,0.13178350904247807,0.08282251916472848,0.18074449892022768,0.2970240396312053,0.3902439024390244,1.0,0.5632167550898688,0.09249999881304605,0.3278583769514574,0.9575888808529204,1,1,0.6639291884757287,0.9787944404264601,1,1,1,1
P08,V8_video1_normal,normal,1275,42.49723066898349,1,0.13980206117297939,0.09886843469969397,0.18073568764626477,0.23509041983443763,0.3924611973392461,1.0,0.1815697540086315,0.15026487536400734,0.16591731468631943,0.9870752389006565,1,1,0.5829586573431598,0.9935376194503283,1,1,1,1
P08,V8_video1_normal,normal,1276,42.5305618302925,1,0.1335406646927823,0.09916365179226594,0.1679176775932987,0.24246122639214332,0.3946784922394678,1.0,0.37621274611404587,0.05296515902608989,0.21458895257006788,0.9924186053243478,1,1,0.607294476285034,0.9962093026621739,1,1,1,1
P08,V8_video1_normal,normal,1277,42.563892991601506,1,0.15208134104434887,0.11857276364240667,0.18558991844629105,0.22414813314189225,0.3946784922394678,1.0,0.13662657104215248,0.5079167201553394,0.32227164559874594,0.9965922401257875,0,1,0.16113582279937297,0.9982961200628937,0,1,0,1
P08,V8_video1_normal,normal,1278,42.59722415291051,1,0.16174455970738852,0.1292935783189936,0.19419554109578344,0.22848096086914124,0.3946784922394678,1.0,0.2474186095778863,0.20065093084055863,0.22403477020922247,0.9921391999031988,0,1,0.11201738510461123,0.9960695999515994,0,1,0,1
P08,V8_video1_normal,normal,1279,42.63055531421952,1,0.17507655174174208,0.1525844337328048,0.19756866975067933,0.2192987271533525,0.3946784922394678,1.0,0.6633932088191484,0.16592861139274928,0.41466091010594885,0.9882931731903969,0,1,0.20733045505297443,0.9941465865951984,0,1,0,1
P08,V8_video1_normal,normal,1280,42.66388647552853,1,0.17785989873677102,0.157532192810697,0.19818760466284505,0.23241108262077895,0.3946784922394678,1.0,0.1943649736718479,0.30813803694737407,0.251251505309611,0.9843678161906242,0,1,0.1256257526548055,0.9921839080953121,0,1,0,1
P08,V8_video1_normal,normal,1281,42.697217636837536,1,0.17338406922052574,0.15251559541132467,0.1942525430297268,0.2305835495507327,0.3946784922394678,1.0,0.17017928923748826,0.25068700152042356,0.2104331453789559,0.9624880147734367,0,1,0.10521657268947796,0.9812440073867184,0,1,0,1
P08,V8_video1_normal,normal,1282,42.730548798146536,1,0.17073391053263542,0.14991401595471618,0.19155380511055464,0.23946798966259505,0.3946784922394678,1.0,0.15921651448794616,0.20349797821556115,0.18135724635175365,0.9776638564202941,0,1,0.09067862317587683,0.988831928210147,0,1,0,1
P08,V8_video1_normal,normal,1283,42.763879959455544,1,0.15656462869549168,0.13312161442023615,0.1800076429707472,0.18353635808634242,0.3946784922394678,1.0,0.23973310022234884,0.20692315698018626,0.22332812860126755,0.9950984821892678,0,1,0.11166406430063378,0.9975492410946338,0,1,0,1
P08,V8_video1_normal,normal,1284,42.79721112076455,1,0.16549017043249653,0.13137321887434836,0.1996071219906447,0.18111557003206197,0.3946784922394678,1.0,0.0725738885440882,0.20453904466445683,0.1385564666042725,0.9379221618165717,0,1,0.06927823330213626,0.9689610809082858,0,1,0,1
P08,V8_video1_normal,normal,1285,42.83054228207356,1,0.1470049492971664,0.11204262259269379,0.18196727600163898,0.1817072453971852,0.3946784922394678,1.0,0.005609765017994706,0.18108353081766926,0.09334664791783198,0.9482045317813054,0,1,0.04667332395891599,0.9741022658906526,0,1,0,1
P08,V8_video1_normal,normal,1286,42.863873443382566,1,0.16526565489732203,0.12921969246208784,0.20131161733255623,0.17302155436732544,0.3946784922394678,1.0,0.025863154492811402,0.21645062697237427,0.12115689073259284,0.8503863132358968,0,1,0.06057844536629642,0.9251931566179483,0,1,0,1
P08,V8_video1_normal,normal,1287,42.897204604691574,1,0.1409544091910026,0.1296567179807975,0.1522521004012077,0.18950269451479843,0.3946784922394678,1.0,0.07129019060812547,0.08244777263777636,0.07686898162295092,0.9562084956948587,0,1,0.03843449081147546,0.9781042478474293,0,1,0,1
P08,V8_video1_normal,normal,1288,42.93053576600058,1,0.12078845063012128,0.1010706024830836,0.14050629877715898,0.17769445722684035,0.3968957871396896,1.0,0.014061022252176536,0.13602115765085365,0.0750410899515151,0.8313304117161349,1,1,0.5375205449757575,0.9156652058580674,1,1,0,1
P08,V8_video1_normal,normal,1289,42.96386692730959,1,0.06712855160669438,0.06236264062392204,0.07189446258946673,0.178730868383244,0.3991130820399113,1.0,0.05473895386491734,0.4073687910843281,0.23105387247462272,0.936612144795651,1,1,0.6155269362373114,0.9683060723978255,1,1,1,1
P08,V8_video1_normal,normal,1290,42.99719808861859,1,0.11783219898672423,0.09681813231165592,0.13884626566179253,0.1752569314714338,0.401330376940133,1.0,0.10555826726106421,0.15215126102552978,0.128854764143297,0.9878651257547595,1,1,0.5644273820716486,0.9939325628773797,1,1,0,1
P08,V8_video1_normal,normal,1291,43.030529249927596,1,0.11964668791808575,0.10499618421636477,0.13429719161980674,0.1857512819708458,0.4035476718403548,1.0,0.017533435902391648,0.07797175952830693,0.04775259771534929,0.9906387738621603,1,1,0.5238762988576746,0.9953193869310801,1,1,0,1
P08,V8_video1_normal,normal,1292,43.063860411236604,1,0.0849860531696095,0.06542981050118718,0.10454229583803183,0.18155813255087946,0.4057649667405765,1.0,0.08019532815596453,0.07908364872329399,0.07963948843962926,0.9517495331083252,1,1,0.5398197442198146,0.9758747665541626,1,1,0,1
P08,V8_video1_normal,normal,1293,43.09719157254561,1,0.06416773763657144,0.05308392733772332,0.07525154793541955,0.1835411295172813,0.4079822616407982,1.0,0.22535582274313193,0.055869139078193575,0.14061248091066275,0.9717563284170222,1,1,0.5703062404553314,0.985878164208511,1,1,0,1
P08,V8_video1_normal,normal,1294,43.13052273385462,1,0.050582343379812336,0.047281191510099,0.053883495249525674,0.18546038845268384,0.41019955654101997,1.0,0.19576643449272169,0.14282869289445344,0.16929756369358756,0.9843914399784295,1,1,0.5846487818467938,0.9921957199892147,1,1,1,1
P08,V8_video1_normal,normal,1295,43.163853895163626,1,0.0703837626187749,0.0758433300999107,0.06492419513763908,0.18341841746120602,0.4124168514412417,1.0,0.22912879395661978,0.14983904022240302,0.1894839170895114,0.9289596154653732,1,1,0.5947419585447558,0.9644798077326866,1,1,1,1
P08,V8_video1_normal,normal,1296,43.197185056472634,1,0.06421972482604318,0.07053962230009979,0.057899827351986566,0.18114276591001544,0.4146341463414634,1.0,0.15267607384493176,0.2354707079348587,0.19407339088989523,0.8361463658640149,1,1,0.5970366954449476,0.9180731829320075,1,1,1,1
P08,V8_video1_normal,normal,1297,43.23051621778164,1,0.05197201601481488,0.06152386570431098,0.04242016632531878,0.18333775914138825,0.41685144124168516,1.0,0.1793932817269409,0.24116505780856956,0.21027916976775524,0.7388062014683394,1,1,0.6051395848838776,0.8694031007341697,1,1,1,1
P08,V8_video1_normal,normal,1298,43.26384737909065,1,0.06623058032967877,0.05637634600580251,0.07608481465355503,0.18462537527282846,0.4190687361419069,1.0,0.28419679034040524,0.32306402228993025,0.30363040631516774,0.7688796649329739,1,1,0.6518152031575839,0.8844398324664869,1,1,1,1
P08,V8_video1_normal,normal,1299,43.29717854039965,1,0.08335975345036026,0.07323299857897447,0.09348650832174603,0.1768156232896804,0.4212860310421286,1.0,0.535686699534591,0.03482421841350203,0.2852554589740465,0.5193075690439267,1,1,0.6426277294870233,0.7596537845219633,1,1,1,1
P08,V8_video1_normal,normal,1300,43.33050970170866,1,0.09640590767432092,0.0919893548859587,0.10082246046268312,0.1716785870753235,0.42350332594235035,1.0,0.10343384665920463,0.02630931125001368,0.06487157895460915,0.057465224339189096,1,1,0.5324357894773046,0.5287326121695946,1,1,0,0
P08,V8_video1_normal,normal,1301,43.363840863017664,1,0.11010038442769045,0.1073567761561499,0.112843992699231,0.1537832867039234,0.42572062084257206,1.0,0.17179319866152776,0.04667611162810348,0.10923465514481562,0.00835828386762854,1,0,0.5546173275724078,0.00417914193381427,1,0,0,0
P08,V8_video1_normal,normal,1302,43.39717202432667,1,0.12534620363131066,0.10917774338946232,0.141514663873159,0.15978451037350627,0.4279379157427938,1.0,0.045447166581473075,0.08029754881169615,0.06287235769658461,0.017532220271218018,1,0,0.5314361788482923,0.008766110135609009,1,0,0,0
P08,V8_video1_normal,normal,1303,43.43050318563568,1,0.13487839047438785,0.11614326378508334,0.15361351716369237,0.16304902174297567,0.43015521064301554,1.0,0.03564219692373716,0.392738051358384,0.2141901241410606,0.013490607982058552,1,1,0.6070950620705303,0.5067453039910292,1,1,1,0
P08,V8_video1_normal,normal,1304,43.46383434694469,1,0.17351496482319384,0.16065026302163354,0.1863796666247541,0.16250449945970785,0.43015521064301554,1.0,0.23647576925388003,0.08153478813376092,0.15900527869382047,0.004246506088036204,0,1,0.07950263934691024,0.5021232530440181,0,1,0,0
P08,V8_video1_normal,normal,1305,43.497165508253694,1,0.19159100765572495,0.1781785124503824,0.20500350286106747,0.16208503793430626,0.4279379157427938,1.0,0.31063182476064044,0.124965392631468,0.21779860869605422,0.006533072213242354,0,0,0.10889930434802711,0.003266536106621177,0,0,0,0
P08,V8_video1_normal,normal,1306,43.5304966695627,1,0.19142580227580575,0.1845542326995055,0.19829737185210602,0.16202064201232003,0.42572062084257206,1.0,0.1989742238950709,0.07629469543991219,0.13763445966749155,0.008230366510510772,0,0,0.06881722983374577,0.004115183255255386,0,0,0,0
P08,V8_video1_normal,normal,1307,43.56382783087171,1,0.22721183414850432,0.22337635364468242,0.23104731465232622,0.16388498630420076,0.42572062084257206,1.0,0.06177333424437648,0.04908091368704548,0.05542712396571098,0.007068703185493256,0,1,0.02771356198285549,0.5035343515927466,0,1,0,0
P08,V8_video1_normal,normal,1308,43.59715899218071,1,0.20799118206668288,0.2105765584741553,0.20540580565921043,0.16405036601761047,0.42572062084257206,1.0,0.36106936748307605,0.08279694295350015,0.2219331552182881,0.0039025241974754363,0,1,0.11096657760914405,0.5019512620987377,0,1,0,0
P08,V8_video1_normal,normal,1309,43.63049015348972,1,0.13216509846045404,0.11873823195367586,0.14559196496723226,0.16488391216339224,0.4279379157427938,1.0,0.3435773154867332,0.20881608701742493,0.27619670125207907,0.011217290570106073,1,1,0.6380983506260396,0.505608645285053,1,1,1,0
P08,V8_video1_normal,normal,1310,43.663821314798724,1,0.053345412204283155,0.050759309365904365,0.05593151504266195,0.16548346686982282,0.43015521064301554,1.0,0.40442067636786416,0.11572846034520712,0.26007456835653564,0.0028381703727623515,1,1,0.6300372841782678,0.5014190851863812,1,1,1,0
P08,V8_video1_normal,normal,1311,43.69715247610773,1,0.0392858741106362,0.04089720653321722,0.03767454168805518,0.16125102319838674,0.43237250554323725,1.0,0.6140045258501385,0.1693882697517619,0.3916963978009502,0.012469279095934328,1,0,0.6958481989004751,0.006234639547967164,1,0,1,0
P08,V8_video1_normal,normal,1312,43.73048363741674,1,0.049962861127564706,0.05495425826909389,0.04497146398603552,0.16193931974933015,0.43458980044345896,1.0,0.32684859919081655,0.08934466947775577,0.20809663433428616,0.009102482354305875,1,0,0.6040483171671431,0.004551241177152937,1,0,1,0
P08,V8_video1_normal,normal,1313,43.76381479872575,1,0.10084912762695888,0.1022608573699395,0.09943739788397826,0.16170064434391584,0.43680709534368073,1.0,0.5190292580581146,0.24114302450373704,0.3800861412809258,0.03095941729125814,1,0,0.6900430706404629,0.01547970864562907,1,0,1,0
P08,V8_video1_normal,normal,1314,43.797145960034754,1,0.09980965539122746,0.09223263387012134,0.10738667691233358,0.1637813146214962,0.43902439024390244,1.0,0.3171729143485853,0.5008705696606968,0.40902174200464103,0.021144472801097228,1,1,0.7045108710023205,0.5105722364005486,1,1,1,0
P08,V8_video1_normal,normal,1315,43.83047712134376,1,0.12919608381435715,0.12244980371437296,0.13594236391434134,0.16374622156753918,0.44124168514412415,1.0,0.20027460811173092,0.30340285904904085,0.2518387335803859,0.03045711708319835,1,1,0.625919366790193,0.5152285585415992,1,1,1,0
P08,V8_video1_normal,normal,1316,43.86380828265276,1,0.15632356757987678,0.1558599295342978,0.15678720562545576,0.16200313511799877,0.44124168514412415,1.0,0.2801186452235166,0.16637384547333467,0.22324624534842563,0.022588653534466787,0,0,0.11162312267421282,0.011294326767233394,0,0,0,0
P08,V8_video1_normal,normal,1317,43.89713944396177,1,0.1745498475120883,0.1745312027475324,0.17456849227664417,0.1618007191177255,0.44124168514412415,1.0,0.08114903838553911,0.028822008980338487,0.0549855236829388,0.01440160602951553,0,0,0.0274927618414694,0.007200803014757765,0,0,0,0
P08,V8_video1_normal,normal,1318,43.93047060527078,1,0.1482045314563924,0.1460427466330123,0.15036631627977248,0.16275174843016219,0.44124168514412415,1.0,0.061264913566094314,0.005453843086236643,0.03335937832616548,0.03963045370574115,0,1,0.01667968916308274,0.5198152268528706,0,1,0,0
P08,V8_video1_normal,normal,1319,43.963801766579785,1,0.15995949762484576,0.16662786163911059,0.15329113361058094,0.16290455005689083,0.44124168514412415,1.0,0.05866973076061144,0.007731209587089505,0.03320047017385047,0.02483031866127943,0,1,0.016600235086925236,0.5124151593306397,0,1,0,0
P08,V8_video1_normal,normal,1320,43.99713292788879,1,0.19263249286570522,0.19072913926076834,0.19453584647064207,0.16150698390758605,0.44124168514412415,1.0,0.03194645216086078,0.0016655829517416842,0.016806017556301234,0.14180777459570845,0,0,0.008403008778150617,0.07090388729785423,0,0,0,0
P08,V8_video1_normal,normal,1321,44.0304640891978,1,0.1950790494724165,0.19433154747968504,0.19582655146514794,0.16197674121813527,0.44124168514412415,1.0,0.2283425945646177,0.020338499519556907,0.1243405470420873,0.07484003917084847,0,0,0.06217027352104365,0.037420019585424236,0,0,0,0
P08,V8_video1_normal,normal,1322,44.06379525050681,1,0.18771317167132734,0.18654610437895755,0.1888802389636971,0.16261017722256782,0.44124168514412415,1.0,0.08332872083975917,0.02333503386757929,0.05333187735366923,0.08597499117664763,0,1,0.026665938676834616,0.5429874955883238,0,1,0,0
P08,V8_video1_normal,normal,1323,44.097126411815815,1,0.19579140705449738,0.1913484997760535,0.20023431433294125,0.16260565131118318,0.44124168514412415,1.0,0.1244181399827311,0.017977309822496124,0.07119772490261361,0.0787985704211894,0,1,0.035598862451306806,0.5393992852105947,0,1,0,0
P08,V8_video1_normal,normal,1324,44.13045757312482,1,0.1925586820161735,0.18873723216013075,0.19638013187221626,0.16282539338881416,0.44124168514412415,1.0,0.01872532017881612,0.027316807530935794,0.023021063854875956,0.05139345729258843,0,1,0.011510531927437978,0.5256967286462942,0,1,0,0
P08,V8_video1_normal,normal,1325,44.16378873443382,1,0.18205394778242828,0.17988416411867778,0.18422373144617882,0.165401766901719,0.44124168514412415,1.0,0.06862279312311992,0.02978380540064196,0.04920329926188094,0.03950264223316983,0,1,0.02460164963094047,0.519751321116585,0,1,0,0
P08,V8_video1_normal,normal,1326,44.19711989574283,1,0.1563072255104883,0.16342571045458787,0.14918874056638878,0.1643636999953849,0.44124168514412415,1.0,0.02170527475420292,0.004148561703387177,0.012926918228795048,0.042889772628442825,0,1,0.006463459114397524,0.5214448863142214,0,1,0,0
P08,V8_video1_normal,normal,1327,44.23045105705184,1,0.1815144027494603,0.18096919493681682,0.1820596105621038,0.16453682068621536,0.44124168514412415,1.0,0.061464655623501674,0.004159791919007616,0.032812223771254645,0.06701237440917285,0,1,0.016406111885627322,0.5335061872045864,0,1,0,0
P08,V8_video1_normal,normal,1328,44.263782218360845,1,0.188523270452156,0.18010783966684094,0.1969387012374711,0.1653372518445064,0.44124168514412415,1.0,0.11535850619490784,0.012785275894835801,0.06407189104487182,0.08514457154939455,0,1,0.03203594552243591,0.5425722857746973,0,1,0,0
P08,V8_video1_normal,normal,1329,44.29711337966985,1,0.18750799344652475,0.1796370506819123,0.19537893621113717,0.16590027735728236,0.44124168514412415,1.0,0.19753933947196345,0.00698532132660068,0.10226233039928206,0.09980389425195003,0,1,0.05113116519964103,0.5499019471259751,0,1,0,0
P08,V8_video1_normal,normal,1330,44.33044454097886,1,0.2008594147300608,0.2015133005969478,0.2002055288631738,0.16465117067764545,0.44124168514412415,1.0,0.3302452692117007,0.026107576284430056,0.1781764227480654,0.08752361683409061,0,1,0.0890882113740327,0.5437618084170454,0,1,0,0
P08,V8_video1_normal,normal,1331,44.36377570228787,1,0.20160120080063124,0.20814843904871755,0.19505396255254492,0.1652969246998615,0.44124168514412415,1.0,0.10842505955080717,0.012753020587876862,0.060589040069342015,0.024838483010255014,0,1,0.030294520034671008,0.5124192415051275,0,1,0,0
P08,V8_video1_normal,normal,1332,44.397106863596875,1,0.21566711270460714,0.213846283643316,0.21748794176589825,0.16536002296139182,0.44124168514412415,1.0,0.3049476475630515,0.013188018935072376,0.15906783324906193,0.15117863338226803,0,1,0.07953391662453096,0.575589316691134,0,1,0,0
P08,V8_video1_normal,normal,1333,44.430438024905875,1,0.21492205869564784,0.20985604483059406,0.21998807256070163,0.16375021443914947,0.44124168514412415,1.0,0.24475362022108127,0.00579519196755951,0.1252744060943204,0.09267420552694376,0,1,0.0626372030471602,0.5463371027634719,0,1,0,0
P08,V8_video1_normal,normal,1334,44.46376918621488,1,0.21329771098836325,0.2098296193400663,0.21676580263666018,0.16417988768065855,0.44124168514412415,1.0,0.09168754189969874,0.018816193410600146,0.055251867655149445,0.08965375746598143,0,1,0.027625933827574722,0.5448268787329907,0,1,0,0
P08,V8_video1_normal,normal,1335,44.49710034752389,1,0.21562505827502976,0.20863758553299902,0.22261253101706047,0.16402892466472016,0.44124168514412415,1.0,0.3064263403010179,0.03045748318492958,0.16844191174297374,0.11572899711673854,0,1,0.08422095587148687,0.5578644985583693,0,1,0,0
P08,V8_video1_normal,normal,1336,44.5304315088329,1,0.2138576027485925,0.20835647102147914,0.21935873447570586,0.16405793301841626,0.44124168514412415,1.0,0.15069773275270626,0.02426421254696376,0.08748097264983501,0.07683798182752732,0,1,0.043740486324917505,0.5384189909137637,0,1,0,0
P08,V8_video1_normal,normal,1337,44.563762670141905,1,0.20611036858025017,0.2025138451962771,0.20970689196422326,0.1651261863404388,0.44124168514412415,1.0,0.05987206812666923,0.014114449290639208,0.03699325870865422,0.30509901769912856,0,1,0.01849662935432711,0.6525495088495643,0,1,0,1
P08,V8_video1_normal,normal,1338,44.59709383145091,1,0.21554198411137027,0.21283521029943195,0.21824875792330856,0.16539557665230056,0.44124168514412415,1.0,0.35511696348820454,0.004405959422315697,0.17976146145526012,0.03948083780666378,0,1,0.08988073072763006,0.5197404189033319,0,1,0,0
P08,V8_video1_normal,normal,1339,44.63042499275992,1,0.2102904945920272,0.20519104903331664,0.21538994015073773,0.1648838801913792,0.44124168514412415,1.0,0.31553068149020524,0.02034667665881451,0.16793867907450988,0.029145487081556835,0,1,0.08396933953725494,0.5145727435407784,0,1,0,0
P08,V8_video1_normal,normal,1340,44.66375615406893,1,0.2133663716253484,0.20964064376554273,0.2170920994851541,0.1654631232594898,0.44124168514412415,1.0,0.1403250034203667,0.014873629952833589,0.07759931668660014,0.050629561342312106,0,1,0.03879965834330007,0.525314780671156,0,1,0,0
P08,V8_video1_normal,normal,1341,44.697087315377935,1,0.21128497166494792,0.20790991216824764,0.21466003116164822,0.16505743128218428,0.44124168514412415,1.0,0.17780621632921412,0.05754662029712165,0.11767641831316789,0.10925745366965695,0,1,0.05883820915658394,0.5546287268348284,0,1,0,0
P08,V8_video1_normal,normal,1342,44.730418476686935,1,0.21068496145210525,0.20613627921141212,0.21523364369279835,0.16473723033256377,0.44124168514412415,1.0,0.021550807547861983,0.02650178380005075,0.024026295673956366,0.12163879952277919,0,1,0.012013147836978183,0.5608193997613896,0,1,0,0
P08,V8_video1_normal,normal,1343,44.76374963799594,1,0.21190964137697832,0.20938015870599738,0.21443912404795926,0.1644183870128156,0.44124168514412415,1.0,0.06851574589566789,0.06183838046052492,0.0651770631780964,0.06461510387145497,0,1,0.0325885315890482,0.5323075519357274,0,1,0,0
P08,V8_video1_normal,normal,1344,44.79708079930495,1,0.21095321773057035,0.2090298777674238,0.21287655769371688,0.16453550089081515,0.44124168514412415,1.0,0.04845331279589904,0.036238778395820126,0.04234604559585958,0.005456119601010292,0,1,0.02117302279792979,0.5027280598005052,0,1,0,0
P08,V8_video1_normal,normal,1345,44.83041196061396,1,0.2074344274902854,0.205355955002414,0.20951289997815678,0.16383997826092334,0.44124168514412415,1.0,0.024810669130936658,0.017486357921068896,0.021148513526002777,0.048052636892285054,0,1,0.010574256763001388,0.5240263184461426,0,1,0,0
P08,V8_video1_normal,normal,1346,44.863743121922965,1,0.2038818002488414,0.20091240028067875,0.206851200217004,0.16412022934791307,0.44124168514412415,1.0,0.1851178434497377,0.026111923107632884,0.10561488327868529,0.01289752388378091,0,1,0.052807441639342645,0.5064487619418905,0,1,0,0
P08,V8_video1_normal,normal,1347,44.89707428323197,1,0.2047370983662138,0.20066625476145608,0.20880794197097152,0.16394868334590948,0.44124168514412415,1.0,0.24692487805282448,0.027120486665425436,0.13702268235912496,0.014725929243626317,0,1,0.06851134117956248,0.5073629646218132,0,1,0,0
P08,V8_video1_normal,normal,1348,44.93040544454098,1,0.210254284748551,0.2074694612840014,0.21303910821310065,0.16395313166813413,0.44124168514412415,1.0,0.17139276062656972,0.042188463153362,0.10679061188996586,0.012660532176145744,0,1,0.05339530594498293,0.5063302660880729,0,1,0,0
P08,V8_video1_normal,normal,1349,44.96373660584999,1,0.2081980317834473,0.2054230873044522,0.2109729762624424,0.16422036254909916,0.44124168514412415,1.0,0.10429808951567332,0.02212076585923095,0.06320942768745214,0.011551918935322968,0,1,0.03160471384372607,0.5057759594676615,0,1,0,0
P08,V8_video1_normal,normal,1350,44.997067767158995,1,0.21192489068222026,0.21022490193705617,0.21362487942738434,0.16391623094942895,0.44124168514412415,1.0,0.43662865214142155,0.01247404779661887,0.2245513499690202,0.008296226327426964,0,1,0.1122756749845101,0.5041481131637134,0,1,0,0
P08,V8_video1_normal,normal,1351,45.030398928467996,1,0.21299210005219632,0.21136614346258575,0.21461805664180686,0.16388241412426272,0.44124168514412415,1.0,0.43662865214142155,0.01247404779661887,0.2245513499690202,0.007307622539290253,0,1,0.1122756749845101,0.5036538112696451,0,1,0,0
P08,V8_video1_normal,normal,1352,45.063730089777,1,0.21303435054951675,0.21104457106124,0.2150241300377935,0.16358523669592254,0.44124168514412415,1.0,0.1351591588344272,0.01198491377643196,0.07357203630542958,0.014741303057799741,0,1,0.03678601815271479,0.5073706515288998,0,1,0,0
P08,V8_video1_normal,normal,1353,45.09706125108601,1,0.21200549668930907,0.20645675593801865,0.21755423744059948,0.16332572305097107,0.44124168514412415,1.0,0.07603639298970777,0.01373130578088877,0.04488384938529827,0.034347047285673844,0,1,0.022441924692649134,0.517173523642837,0,1,0,0
P08,V8_video1_normal,normal,1354,45.13039241239502,1,0.21486099025231914,0.2080814273290664,0.22164055317557188,0.16317922623656672,0.44124168514412415,1.0,0.13702916931307862,0.029733381106678336,0.08338127520987848,0.030492803867315964,0,1,0.04169063760493924,0.515246401933658,0,1,0,0
P08,V8_video1_normal,normal,1355,45.163723573704026,1,0.21470308484955503,0.2108017474077474,0.21860442229136262,0.16316606680434154,0.44124168514412415,1.0,0.12366230627973429,0.006148366265522176,0.06490533627262823,0.031089719527742775,0,1,0.03245266813631412,0.5155448597638714,0,1,0,0
P08,V8_video1_normal,normal,1356,45.19705473501303,1,0.2150252842704247,0.21317940215098583,0.21687116638986356,0.16339897883529395,0.43902439024390244,1.0,0.16595406956466074,0.006237595968532017,0.08609583276659638,0.025700181988888713,0,1,0.04304791638329819,0.5128500909944443,0,1,0,0
P08,V8_video1_normal,normal,1357,45.23038589632204,1,0.21327730266690176,0.20826733099907593,0.21828727433472758,0.16348827883198203,0.43680709534368073,1.0,0.15358048856523,0.027835428036564358,0.09070795830089717,0.015499077746901553,0,1,0.04535397915044859,0.5077495388734508,0,1,0,0
P08,V8_video1_normal,normal,1358,45.26371705763105,1,0.21894728486628875,0.215391827830586,0.2225027419019915,0.16356018954141968,0.43680709534368073,1.0,0.12718494250000867,0.020388934459900976,0.07378693847995482,0.023766367179587623,0,1,0.03689346923997741,0.5118831835897938,0,1,0,0
P08,V8_video1_normal,normal,1359,45.29704821894005,1,0.21730323219362724,0.21337453758960778,0.22123192679764667,0.16405780902366174,0.43680709534368073,1.0,0.1589717893912882,0.016412898214616667,0.08769234380295243,0.022154835054161447,0,1,0.043846171901476216,0.5110774175270807,0,1,0,0
P08,V8_video1_normal,normal,1360,45.330379380249056,1,0.21671758292219373,0.2124570612791793,0.22097810456520817,0.16427509578355934,0.43680709534368073,1.0,0.16802265192730126,0.03932507077780156,0.10367386135255141,0.08504654609834232,0,1,0.051836930676275705,0.5425232730491711,0,1,0,0
P08,V8_video1_normal,normal,1361,45.36371054155806,1,0.21602153299423288,0.21393590237599397,0.2181071636124718,0.16598805720536183,0.43680709534368073,1.0,0.23722391315090874,0.04060166484261263,0.13891278899676068,0.006078507504146256,0,1,0.06945639449838034,0.5030392537520731,0,1,0,0
P08,V8_video1_normal,normal,1362,45.39704170286707,1,0.21557239425542385,0.21114094152106014,0.2200038469897876,0.1651254372084983,0.43680709534368073,1.0,0.07005986448546553,0.02836203073976895,0.04921094761261724,0.05399829094139742,0,1,0.02460547380630862,0.5269991454706987,0,1,0,0
P08,V8_video1_normal,normal,1363,45.43037286417608,1,0.22084212683669907,0.2186791279991876,0.22300512567421055,0.16586530522425116,0.43680709534368073,1.0,0.14632032318461174,0.02836203073976895,0.08734117696219035,0.019765009230685415,0,1,0.043670588481095174,0.5098825046153427,0,1,0,0
P08,V8_video1_normal,normal,1364,45.463704025485086,1,0.221112525459295,0.2196622361655446,0.22256281475304543,0.16570501707511986,0.43680709534368073,1.0,0.06417619982464606,0.01933028306230844,0.04175324144347725,0.019596881910062525,0,1,0.020876620721738626,0.5097984409550312,0,1,0,0
P08,V8_video1_normal,normal,1365,45.49703518679409,1,0.2187642089567847,0.21856398383254932,0.21896443408102007,0.16501621726646434,0.43680709534368073,1.0,0.18516194091506444,0.06771844283747996,0.1264401918762722,0.006597080092586654,0,1,0.0632200959381361,0.5032985400462934,0,1,0,0
P08,V8_video1_normal,normal,1366,45.5303663481031,1,0.21615124639142014,0.21699431016400555,0.2153081826188347,0.16576815906316225,0.43680709534368073,1.0,0.02711891404323341,0.05106465338592092,0.039091783714577166,0.09240953639069673,0,1,0.019545891857288583,0.5462047681953484,0,1,0,0
P08,V8_video1_normal,normal,1367,45.56369750941211,1,0.21928569592867148,0.22030641740084075,0.2182649744565022,0.16591143843655987,0.43680709534368073,1.0,0.17663785984576796,0.01866589442944333,0.09765187713760565,0.10692637096696163,0,1,0.048825938568802824,0.5534631854834808,0,1,0,0
P08,V8_video1_normal,normal,1368,45.59702867072111,1,0.21352033791044323,0.212488617118837,0.2145520587020495,0.1658966626043728,0.43680709534368073,1.0,0.07679777483123462,0.05215923945072409,0.06447850714097936,0.01809553114071686,0,1,0.03223925357048968,0.5090477655703585,0,1,0,0
P08,V8_video1_normal,normal,1369,45.630359832030116,1,0.2265900379378889,0.2259218315393474,0.2272582443364304,0.1650967723910965,0.43680709534368073,1.0,0.150783865474013,0.0497470349776189,0.10026545022581596,0.03902433262983615,0,1,0.05013272511290798,0.519512166314918,0,1,0,0
P08,V8_video1_normal,normal,1370,45.663690993339124,1,0.2214849245899913,0.2222649236248841,0.2207049255550985,0.16514433827170977,0.43680709534368073,1.0,0.18809101078472723,0.10001986798839757,0.1440554393865624,0.1589208254835378,0,1,0.0720277196932812,0.5794604127417688,0,1,0,0
P08,V8_video1_normal,normal,1371,45.69702215464813,1,0.2236172115321205,0.22660185838661315,0.22063256467762782,0.16551579420139373,0.43680709534368073,1.0,0.040359693931339424,0.10639893071612894,0.07337931232373418,0.11865784558741257,0,1,0.03668965616186709,0.5593289227937063,0,1,0,0
P08,V8_video1_normal,normal,1372,45.73035331595714,1,0.2217917286925544,0.22552827065329836,0.21805518673181043,0.16570521243791983,0.43680709534368073,1.0,0.06033665533205623,0.03511775655447946,0.04772720594326785,0.2079760514615415,0,1,0.023863602971633924,0.6039880257307707,0,1,0,1
P08,V8_video1_normal,normal,1373,45.763684477266146,1,0.22342869798915568,0.22633556199599392,0.22052183398231745,0.16525721117830514,0.43680709534368073,1.0,0.053293001377797355,0.17353848793532278,0.11341574465656007,0.044711329076650895,0,1,0.056707872328280035,0.5223556645383255,0,1,0,0
P08,V8_video1_normal,normal,1374,45.797015638575154,1,0.22115479670393323,0.22430981582463883,0.21799977758322767,0.16497065635681507,0.43680709534368073,1.0,0.1419495291483801,0.2924641105090324,0.21720681982870627,0.04953897639696116,0,1,0.10860340991435313,0.5247694881984806,0,1,0,0
P08,V8_video1_normal,normal,1375,45.83034679988416,1,0.21997267869233064,0.21591711595795185,0.22402824142670943,0.1654443843579163,0.43680709534368073,1.0,0.05136363977334446,0.11937606725860284,0.08536985351597365,0.043773088454824305,0,1,0.042684926757986824,0.5218865442274121,0,1,0,0
P08,V8_video1_normal,normal,1376,45.86367796119317,1,0.22061850652278653,0.21787407527388208,0.22336293777169097,0.16526175991385728,0.43680709534368073,1.0,0.027563379971729085,0.085839535038438,0.05670145750508354,0.010819617263320352,0,1,0.02835072875254177,0.5054098086316602,0,1,0,0
P08,V8_video1_normal,normal,1377,45.89700912250217,1,0.22304154895211065,0.2220617808016052,0.22402131710261605,0.1663619491758636,0.43680709534368073,1.0,0.07334085170035276,0.01327947830763887,0.043310165003995815,0.02736442944701597,0,1,0.021655082501997908,0.513682214723508,0,1,0,0
P08,V8_video1_normal,normal,1378,45.93034028381118,1,0.2206190229695088,0.21777869293348134,0.22345935300553627,0.16563421050965685,0.43680709534368073,1.0,0.07321980719190924,0.035239762779261996,0.054229784985585616,0.01960474393467905,0,1,0.027114892492792808,0.5098023719673396,0,1,0,0
P08,V8_video1_normal,normal,1379,45.963671445120184,1,0.21516561061902822,0.21100931357189281,0.21932190766616363,0.16596825641597462,0.43680709534368073,1.0,0.12840120132303212,0.15121135737069868,0.1398062793468654,0.03763549933882967,0,1,0.0699031396734327,0.5188177496694149,0,1,0,0
P08,V8_video1_normal,normal,1380,45.99700260642919,1,0.2115889131589441,0.20906824236891858,0.21410958394896962,0.1645065535924822,0.43680709534368073,1.0,0.13774773781807048,0.02140433111674822,0.07957603446740935,0.010266891599288864,0,1,0.039788017233704676,0.5051334457996445,0,1,0,0
P08,V8_video1_normal,normal,1381,46.0303337677382,1,0.21685044450348473,0.21270375436222597,0.22099713464474346,0.16466359567501213,0.43680709534368073,1.0,0.02967853520055108,0.01840345611121541,0.024040995655883246,0.018254798793237475,0,1,0.012020497827941623,0.5091273993966188,0,1,0,0
P08,V8_video1_normal,normal,1382,46.063664929047206,1,0.21575855683022008,0.2140851399659826,0.21743197369445755,0.16513948550878665,0.43680709534368073,1.0,0.13731389036240627,0.0027921983261319783,0.07005304434426912,0.01570173354123876,0,1,0.03502652217213456,0.5078508667706194,0,1,0,0
P08,V8_video1_normal,normal,1383,46.096996090356214,1,0.21645704420846984,0.2118427924207199,0.22107129599621977,0.16493039624116052,0.43680709534368073,1.0,0.12637436969196658,0.004662262909896797,0.06551831630093169,0.0337598388802836,0,1,0.032759158150465845,0.5168799194401418,0,1,0,0
P08,V8_video1_normal,normal,1384,46.13032725166522,1,0.22046768158519886,0.22048393050295245,0.22045143266744527,0.16534724418910549,0.43680709534368073,1.0,0.039695275992709944,0.0028112891436187226,0.021253282568164333,0.026599594817410768,0,1,0.010626641284082167,0.5132997974087053,0,1,0,0
P08,V8_video1_normal,normal,1385,46.16365841297422,1,0.21854052323489084,0.21699831079847576,0.22008273567130593,0.1654929166640019,0.43680709534368073,1.0,0.03513044231184115,0.009975952140856892,0.02255319722634902,0.008454960111003962,0,1,0.01127659861317451,0.504227480055502,0,1,0,0
P08,V8_video1_normal,normal,1386,46.19698957428323,1,0.2208379870695028,0.22018030551276338,0.2214956686262422,0.1661717920781951,0.43680709534368073,1.0,0.04409586735270743,0.010970395140644906,0.027533131246676168,0.02063992976374537,0,1,0.013766565623338084,0.5103199648818727,0,1,0,0
P08,V8_video1_normal,normal,1387,46.23032073559224,1,0.21502104698649993,0.21205235541249476,0.21798973856050508,0.16573720604327125,0.43680709534368073,1.0,0.028296395512778405,0.004088069737443134,0.01619223262511077,0.025187228909012826,0,1,0.008096116312555385,0.5125936144545065,0,1,0,0
P08,V8_video1_normal,normal,1388,46.263651896901244,1,0.21748952261559773,0.2148922988988512,0.22008674633234426,0.16548952360912111,0.43680709534368073,1.0,0.11322153991942352,0.0046963257076459985,0.05895893281353476,0.008851077325108868,0,1,0.02947946640676738,0.5044255386625545,0,1,0,0
P08,V8_video1_normal,normal,1389,46.29698305821025,1,0.21498650750252946,0.21063847432287477,0.21933454068218414,0.16458114857357595,0.43680709534368073,1.0,0.05540715398268903,0.02154341853478725,0.03847528625873814,0.01389422310639224,0,1,0.01923764312936907,0.5069471115531962,0,1,0,0
P08,V8_video1_normal,normal,1390,46.33031421951926,1,0.20931202571194332,0.20286575660080455,0.2157582948230821,0.16404757624098387,0.43680709534368073,1.0,0.11670680913584586,0.01506071922375396,0.06588376417979991,0.005955620706823353,0,1,0.032941882089899954,0.5029778103534117,0,1,0,0
P08,V8_video1_normal,normal,1391,46.36364538082827,1,0.21151501186543495,0.2041682421500384,0.2188617815808315,0.16369230894181847,0.43680709534368073,1.0,0.14580339801850628,0.02513035699296584,0.08546687750573606,0.014875879873626032,0,1,0.04273343875286803,0.507437939936813,0,1,0,0
P08,V8_video1_normal,normal,1392,46.396976542137274,1,0.20967228853959863,0.2023854380685293,0.21695913901066793,0.16376165984120922,0.43680709534368073,1.0,0.03870849834982737,0.020307938608207787,0.02950821847901758,0.018996484466335405,0,1,0.01475410923950879,0.5094982422331678,0,1,0,0
P08,V8_video1_normal,normal,1393,46.43030770344628,1,0.216445653619999,0.21081843150862062,0.22207287573137738,0.16354791208581995,0.43680709534368073,1.0,0.06686420859866438,0.04268324134771362,0.054773724973189,0.051943886188731116,0,1,0.0273868624865945,0.5259719430943656,0,1,0,0
P08,V8_video1_normal,normal,1394,46.46363886475528,1,0.21385505000549399,0.2073216623211993,0.22038843768978864,0.16507845397513668,0.43680709534368073,1.0,0.02957768353611323,0.012220288847025307,0.02089898619156927,0.011177746369776096,0,1,0.010449493095784634,0.5055888731848881,0,1,0,0
P08,V8_video1_normal,normal,1395,46.49697002606429,1,0.21309502581258227,0.20739958576986675,0.21879046585529777,0.1630609875880935,0.43680709534368073,1.0,0.0691046154858792,0.01151759128053298,0.04031110338320609,0.05447275404641421,0,1,0.020155551691603046,0.5272363770232071,0,1,0,0
P08,V8_video1_normal,normal,1396,46.5303011873733,1,0.21028372633959241,0.20440583644270777,0.21616161623647706,0.16218883665522094,0.43680709534368073,1.0,0.10486918860056149,0.002370662177873073,0.05361992538921728,0.02930127701352601,0,0,0.02680996269460864,0.014650638506763005,0,0,0,0
P08,V8_video1_normal,normal,1397,46.563632348682304,1,0.08276744143997516,0.09164430055570402,0.07389058232424629,0.1653986872170371,0.43902439024390244,1.0,0.5927842561910905,0.3615759871767923,0.4771801216839414,0.031000178323477196,1,1,0.7385900608419707,0.5155000891617386,1,1,1,0
P08,V8_video1_normal,normal,1398,46.59696350999131,1,0.03953559155694543,0.03463075422263583,0.04444042889125503,0.20030435669167387,0.44124168514412415,1.0,0.3055996475187658,0.0887511615742389,0.19717540454650234,0.19711733711017324,1,1,0.5985877022732512,0.5985586685550867,1,1,1,1
P08,V8_video1_normal,normal,1399,46.63029467130032,1,0.06647060879167194,0.05798093636359774,0.07496028121974614,0.2286059764823715,0.4434589800443459,1.0,0.1712931349205341,0.05280978747709797,0.11205146119881604,0.42229515391740774,1,1,0.5560257305994081,0.7111475769587039,1,1,0,1
P08,V8_video1_normal,normal,1400,46.66362583260933,1,0.09105727869170642,0.0794748316531054,0.10263972573030744,0.226459806563789,0.44567627494456763,1.0,0.173609042886964,0.37894805821985644,0.2762785505534102,0.650968523522742,1,1,0.6381392752767051,0.825484261761371,1,1,1,1
P08,V8_video1_normal,normal,1401,46.696956993918334,1,0.10337956222536251,0.08111766105270395,0.1256414633980211,0.21926835867419128,0.44789356984478934,1.0,0.15845209588765452,0.0965161860133833,0.1274841409505189,0.787183957490387,1,1,0.5637420704752595,0.8935919787451936,1,1,0,1
P08,V8_video1_normal,normal,1402,46.73028815522734,1,0.12709131190341577,0.11677566598154973,0.13740695782528184,0.2071539458510157,0.4501108647450111,1.0,0.13721237503144723,0.06263478780724785,0.09992358141934754,0.46686363180937385,1,1,0.5499617907096738,0.7334318159046869,1,1,0,1
P08,V8_video1_normal,normal,1403,46.76361931653634,1,0.1636561298301081,0.1432772462728971,0.18403501338731912,0.2007542452518632,0.4501108647450111,1.0,0.4062567480444038,0.017953317009182013,0.2121050325267929,0.6735355023513726,0,1,0.10605251626339646,0.8367677511756864,0,1,0,1
P08,V8_video1_normal,normal,1404,46.79695047784535,1,0.16959070962173034,0.15392560773609393,0.18525581150736672,0.19725104391713494,0.4501108647450111,1.0,0.5081463008319709,0.03202424347194255,0.2700852721519567,0.4163772388006019,0,1,0.13504263607597836,0.708188619400301,0,1,0,1
P08,V8_video1_normal,normal,1405,46.83028163915436,1,0.18026123606075128,0.16997400067353827,0.19054847144796433,0.1944614013980747,0.4501108647450111,1.0,0.22592453873606733,0.009533236051563643,0.11772888739381548,0.374217329686186,0,1,0.05886444369690774,0.687108664843093,0,1,0,1
P08,V8_video1_normal,normal,1406,46.863612800463365,1,0.1853078095266006,0.17373703511249206,0.19687858394070912,0.20712118365200052,0.4501108647450111,1.0,0.15439334183334397,0.006634440800673769,0.08051389131700887,0.26968035765676907,0,1,0.040256945658504434,0.6348401788283845,0,1,0,1
P08,V8_video1_normal,normal,1407,46.89694396177237,1,0.19679820767216177,0.19008676184680576,0.20350965349751776,0.2227002791049076,0.4501108647450111,1.0,0.3153462164691102,0.009230836234455753,0.16228852635178298,0.6441193744053398,0,1,0.08114426317589149,0.82205968720267,0,1,0,1
P08,V8_video1_normal,normal,1408,46.93027512308138,1,0.2049206310315026,0.19295239092072236,0.21688887114228286,0.23223037454192988,0.4501108647450111,1.0,0.28087060556904353,0.004672763216293396,0.14277168439266846,0.45225416681888814,0,1,0.07138584219633423,0.7261270834094441,0,1,0,1
P08,V8_video1_normal,normal,1409,46.96360628439039,1,0.21136442771502723,0.1982952378088639,0.22443361762119052,0.23344338576348375,0.4501108647450111,1.0,0.04086823271160045,0.0027481748137332396,0.021808203762666845,0.19626164626755782,0,1,0.010904101881333422,0.598130823133779,0,1,0,1
P08,V8_video1_normal,normal,1410,46.996937445699395,1,0.2045044527716362,0.18549381197410636,0.22351509356916607,0.22786124279747377,0.4501108647450111,1.0,0.3685645652034433,0.005728326101829606,0.18714644565263644,0.771961288503243,0,1,0.09357322282631822,0.8859806442516215,0,1,0,1
P08,V8_video1_normal,normal,1411,47.030268607008395,1,0.20907604629182253,0.194925934900554,0.22322615768309104,0.21925673830890474,0.4501108647450111,1.0,0.42376582915160055,0.014200968498386812,0.21898339882499368,0.33396172901443044,0,1,0.10949169941249684,0.6669808645072153,0,1,0,1
P08,V8_video1_normal,normal,1412,47.0635997683174,1,0.21549227782932046,0.20826319617078118,0.22272135948785976,0.21229608378216927,0.4501108647450111,1.0,0.47110924948406874,0.0008554501628474931,0.23598234982345812,0.21973874246820502,0,1,0.11799117491172906,0.6098693712341026,0,1,0,1
P08,V8_video1_normal,normal,1413,47.09693092962641,1,0.20019181359121696,0.1928377022951556,0.2075459248872783,0.2082771992788502,0.4501108647450111,1.0,0.2545324010880494,0.07842955454230183,0.16648097781517562,0.6049105162237228,0,1,0.08324048890758781,0.8024552581118614,0,1,0,1
P08,V8_video1_normal,normal,1414,47.13026209093542,1,0.20559154978647845,0.1991266789826535,0.2120564205903034,0.20673557484138666,0.4501108647450111,1.0,0.1662814929744496,0.007371514165652626,0.08682650357005112,0.30088077065308644,0,1,0.04341325178502556,0.6504403853265432,0,1,0,1
P08,V8_video1_normal,normal,1415,47.163593252244425,1,0.20773311494924596,0.20170653412590722,0.21375969577258472,0.20661860227861997,0.4501108647450111,1.0,0.42878013929518777,0.002896497116757657,0.2158383182059727,0.20371282909646996,0,1,0.10791915910298636,0.601856414548235,0,1,0,1
P08,V8_video1_normal,normal,1416,47.19692441355343,1,0.21082075432171526,0.20522811023777282,0.21641339840565774,0.19995539051182892,0.4501108647450111,1.0,0.12925477995773937,0.010409772892090885,0.06983227642491513,0.2852439035307798,0,1,0.034916138212457565,0.6426219517653899,0,1,0,1
P08,V8_video1_normal,normal,1417,47.23025557486244,1,0.22541535320135966,0.21851695388792408,0.23231375251479525,0.19419229473590494,0.4501108647450111,1.0,0.34448012983018295,0.00861062112791211,0.17654537547904753,0.2735474792895893,0,1,0.08827268773952376,0.6367737396447947,0,1,0,1
P08,V8_video1_normal,normal,1418,47.26358673617145,1,0.2190527883386526,0.21477568458271612,0.22332989209458912,0.1933360366218678,0.4501108647450111,1.0,0.428245985584922,0.026549249816682385,0.2273976177008022,0.06898685690494342,0,1,0.1136988088504011,0.5344934284524717,0,1,0,0
P08,V8_video1_normal,normal,1419,47.296917897480455,1,0.22122922546795548,0.21711203353751804,0.22534641739839292,0.19506677411342555,0.4501108647450111,1.0,0.48707096963846386,0.01668299819035357,0.2518769839144087,0.13087462291392635,0,1,0.12593849195720436,0.5654373114569632,0,1,0,0
P08,V8_video1_normal,normal,1420,47.330249058789455,1,0.22458776645714756,0.2205391844941518,0.22863634842014333,0.1974981262947821,0.4501108647450111,1.0,0.23968400014578362,0.002080373555160109,0.12088218685047186,0.36760678796554985,0,1,0.06044109342523593,0.6838033939827749,0,1,0,1
P08,V8_video1_normal,normal,1421,47.36358022009846,1,0.23259379115098072,0.22678746358761334,0.2384001187143481,0.19017763372959193,0.4501108647450111,1.0,0.49265658018078595,0.01045806119720738,0.25155732068899667,0.2858792552591232,0,1,0.12577866034449833,0.6429396276295616,0,1,0,1
P08,V8_video1_normal,normal,1422,47.39691138140747,1,0.230850873886351,0.22627724351135936,0.23542450426134268,0.19215699457526528,0.4501108647450111,1.0,0.6878237713608657,0.008952657368215822,0.34838821436454076,0.2267526989030331,0,1,0.17419410718227038,0.6133763494515165,0,1,0,1
P08,V8_video1_normal,normal,1423,47.43024254271648,1,0.23627878674971875,0.2294611225712379,0.24309645092819956,0.19467595141598515,0.4501108647450111,1.0,0.1729333936764632,0.005963419938323389,0.0894484068073933,0.08915054758329358,0,1,0.04472420340369665,0.5445752737916468,0,1,0,0
P08,V8_video1_normal,normal,1424,47.463573704025485,1,0.23380966153315272,0.2278498291255186,0.23976949394078684,0.19167152478858995,0.4501108647450111,1.0,0.22577636731993744,0.006162554961358868,0.11596946114064816,0.1243155183974201,0,1,0.05798473057032408,0.56215775919871,0,1,0,0
P08,V8_video1_normal,normal,1425,47.49690486533449,1,0.22922919496951116,0.2196810876064224,0.23877730233259992,0.1905485974826812,0.4501108647450111,1.0,0.21749781861773665,0.0021177540564230046,0.10980778633707983,0.26023190713786976,0,1,0.05490389316853991,0.6301159535689349,0,1,0,1
P08,V8_video1_normal,normal,1426,47.5302360266435,1,0.22553084563233994,0.21788970311488187,0.233171988149798,0.18630458289704027,0.4501108647450111,1.0,0.12095739603963152,0.005539397346017605,0.06324839669282456,0.1325078123958664,0,1,0.03162419834641228,0.5662539061979333,0,1,0,0
P08,V8_video1_normal,normal,1427,47.56356718795251,1,0.22753333529587738,0.21897313337522176,0.23609353721653303,0.1860169079508574,0.4501108647450111,1.0,0.11995030469085277,0.005539397346017605,0.06274485101843519,0.17950393701568754,0,1,0.031372425509217594,0.5897519685078437,0,1,0,1
P08,V8_video1_normal,normal,1428,47.59689834926151,1,0.22653425232782387,0.2171981345178152,0.23587037013783257,0.18458188446463986,0.4501108647450111,1.0,0.24497375814633526,0.007672355856866653,0.12632305700160096,0.16079464039316926,0,1,0.06316152850080048,0.5803973201965846,0,1,0,0
P08,V8_video1_normal,normal,1429,47.630229510570516,1,0.23130518045652912,0.22465468890767465,0.2379556720053836,0.18496781750410848,0.4501108647450111,1.0,0.16190007581004795,0.008493194202170984,0.08519663500610947,0.14064052431528504,0,1,0.04259831750305473,0.5703202621576425,0,1,0,0
P08,V8_video1_normal,normal,1430,47.66356067187952,1,0.22081090339241916,0.21568137004051433,0.225940436744324,0.18234832255656905,0.4501108647450111,1.0,0.11600227476479874,0.044509157392315424,0.08025571607855708,0.052208944415163994,0,1,0.04012785803927854,0.526104472207582,0,1,0,0
P08,V8_video1_normal,normal,1431,47.69689183318853,1,0.21338108589229132,0.20887196727068788,0.21789020451389476,0.18326722759767738,0.4501108647450111,1.0,0.27923890150158615,0.022144130330843836,0.150691515916215,0.0646111700482756,0,1,0.0753457579581075,0.5323055850241378,0,1,0,0
P08,V8_video1_normal,normal,1432,47.73022299449754,1,0.21525157777167886,0.20981055228670115,0.2206926032566566,0.1827386599106436,0.4501108647450111,1.0,0.4698638292876396,0.018410120187574486,0.24413697473760704,0.04675640263298684,0,1,0.12206848736880352,0.5233782013164934,0,1,0,0
P08,V8_video1_normal,normal,1433,47.763554155806546,1,0.21885188121329063,0.21662544570069467,0.2210783167258866,0.17937127064018563,0.4501108647450111,1.0,0.14745019250241143,0.0010856490557102916,0.07426792077906086,0.03169241365340865,0,1,0.03713396038953043,0.5158462068267043,0,1,0,0
P08,V8_video1_normal,normal,1434,47.79688531711555,1,0.21862939685685734,0.21642588393949136,0.2208329097742233,0.17981809240874136,0.4501108647450111,1.0,0.2619734646927775,0.0490472640452958,0.15551036436903665,0.0463541175318442,0,1,0.07775518218451832,0.5231770587659221,0,1,0,0
P08,V8_video1_normal,normal,1435,47.83021647842456,1,0.2255116105734492,0.22425462896171933,0.2267685921851791,0.17664870366391586,0.4501108647450111,1.0,0.05522039084050956,0.006808047359055047,0.031014219099782303,0.13687313660441436,0,1,0.015507109549891152,0.5684365683022072,0,1,0,0
P08,V8_video1_normal,normal,1436,47.86354763973357,1,0.22223332736760176,0.22029346592572166,0.2241731888094819,0.17847134238598508,0.4501108647450111,1.0,0.13433651012621106,0.0024126962154247256,0.0683746031708179,0.0666598238430549,0,1,0.03418730158540895,0.5333299119215275,0,1,0,0
P08,V8_video1_normal,normal,1437,47.89687880104257,1,0.22322144008029288,0.22039798395374005,0.22604489620684567,0.1783563430846898,0.4501108647450111,1.0,0.04796807613483245,0.004992923301919916,0.026480499718376183,0.043826170098113126,0,1,0.013240249859188091,0.5219130850490565,0,1,0,0
P08,V8_video1_normal,normal,1438,47.930209962351576,1,0.226794879835359,0.2250894816115917,0.2285002780591263,0.1804027071508526,0.4501108647450111,1.0,0.04224541849087815,0.0034608520472069193,0.022853135269042535,0.03481925032051231,0,1,0.011426567634521267,0.5174096251602561,0,1,0,0
P08,V8_video1_normal,normal,1439,47.96354112366058,1,0.2309465068011296,0.2273115230405565,0.23458149056170272,0.18168742291933682,0.4501108647450111,1.0,0.04429125291808789,0.006245185045373525,0.025268218981730706,0.022660723152636068,0,1,0.012634109490865353,0.5113303615763181,0,1,0,0
P08,V8_video1_normal,normal,1440,47.99687228496959,1,0.23313342370680773,0.23084763878959888,0.2354192086240166,0.17468510308758334,0.4501108647450111,1.0,0.021799329301461667,0.0012079719672891676,0.011503650634375417,0.04541964143471719,0,1,0.005751825317187709,0.5227098207173586,0,1,0,0
P08,V8_video1_normal,normal,1441,48.0302034462786,1,0.22835956854324288,0.2256007488830992,0.23111838820338657,0.17493617180394502,0.4501108647450111,1.0,0.04890158333384875,0.00540149981712601,0.02715154157548738,0.03432611383195442,0,1,0.01357577078774369,0.5171630569159772,0,1,0,0
P08,V8_video1_normal,normal,1442,48.063534607587606,1,0.2312100634294295,0.23032180510739497,0.23209832175146405,0.17627893006008905,0.4501108647450111,1.0,0.05480905451668927,0.004636915800993235,0.029722985158841253,0.06997629473064967,0,1,0.014861492579420627,0.5349881473653249,0,1,0,0
P08,V8_video1_normal,normal,1443,48.09686576889661,1,0.23059356125288333,0.22929351872886966,0.23189360377689697,0.17482921616281427,0.4501108647450111,1.0,0.18719788050080655,0.0046371689000159755,0.09591752470041126,0.0324353738175928,0,1,0.04795876235020563,0.5162176869087964,0,1,0,0
P08,V8_video1_normal,normal,1444,48.13019693020562,1,0.22686755570334582,0.22447657297309176,0.22925853843359992,0.17431445509898372,0.4501108647450111,1.0,0.1515265947525174,0.003880192811066552,0.07770339378179197,0.030741964509841374,0,1,0.03885169689089599,0.5153709822549207,0,1,0,0
P08,V8_video1_normal,normal,1445,48.16352809151463,1,0.23945146384515775,0.2389198689146304,0.23998305877568507,0.17224215593139636,0.4501108647450111,1.0,0.15146385956896768,0.0013304200666329757,0.07639713981780033,0.10640063085876462,0,1,0.038198569908900165,0.5532003154293823,0,1,0,0
P08,V8_video1_normal,normal,1446,48.19685925282363,1,0.23928082440593162,0.23679980822664765,0.24176184058521558,0.1706824373791033,0.4501108647450111,1.0,0.0682444076975599,0.0038628644937971357,0.03605363609567852,0.03777583193211152,0,1,0.01802681804783926,0.5188879159660558,0,1,0,0
P08,V8_video1_normal,normal,1447,48.230190414132636,1,0.2288486308527824,0.22913955715762285,0.22855770454794191,0.17013071786703873,0.4501108647450111,1.0,0.0629564449827168,0.0038997151375881334,0.033428080060152465,0.07330663747803921,0,1,0.016714040030076233,0.5366533187390196,0,1,0,0
P08,V8_video1_normal,normal,1448,48.263521575441644,1,0.07181854369860395,0.07647369248640853,0.06716339491079937,0.17059124560357752,0.4523281596452328,1.0,0.015389614392846807,0.12347150731407619,0.0694305608534615,0.04028737887987671,1,1,0.5347152804267308,0.5201436894399384,1,1,0,0
P08,V8_video1_normal,normal,1449,48.29685273675065,1,0.06269777739435908,0.06885622936361104,0.05653932542510713,0.1695291375571382,0.45454545454545453,1.0,0.35143953323100874,0.17878118474865123,0.26511035898983,0.04910976411895462,1,1,0.632555179494915,0.5245548820594773,1,1,1,0
P08,V8_video1_normal,normal,1450,48.33018389805966,1,0.08453936765022452,0.09509860209243143,0.07398013320801762,0.16824663584437274,0.4567627494456763,1.0,0.46285958420076345,0.28041364820798476,0.3716366162043741,0.008543506686546897,1,1,0.685818308102187,0.5042717533432735,1,1,1,0
P08,V8_video1_normal,normal,1451,48.363515059368666,1,0.09857263316107401,0.0984325330536074,0.0987127332685406,0.16711546959266943,0.458980044345898,1.0,0.25644403318612374,0.10811295112266839,0.18227849215439607,0.027860859224534754,1,1,0.591139246077198,0.5139304296122674,1,1,1,0
P08,V8_video1_normal,normal,1452,48.39684622067767,1,0.10805584439483129,0.09865036047749616,0.11746132831216644,0.16692070684014043,0.4611973392461197,1.0,0.0400467536995176,0.3018124058104972,0.1709295797550074,0.014558554008799292,1,1,0.5854647898775037,0.5072792770043997,1,1,1,0
P08,V8_video1_normal,normal,1453,48.43017738198668,1,0.1425975227333945,0.13865989720066763,0.14653514826612135,0.16647581015357685,0.4611973392461197,1.0,0.08795099662646211,0.36156846100262163,0.22475972881454187,0.019927819905891517,0,1,0.11237986440727094,0.5099639099529457,0,1,0,0
P08,V8_video1_normal,normal,1454,48.46350854329568,1,0.1527127386122199,0.15320857851492786,0.15221689870951194,0.16740041694757685,0.4611973392461197,1.0,0.22875678214894624,0.12243019626351515,0.1755934892062307,0.052037765882078195,0,1,0.08779674460311535,0.526018882941039,0,1,0,0
P08,V8_video1_normal,normal,1455,48.49683970460469,1,0.160882447999504,0.1599513762462937,0.16181351975271427,0.16805748601382683,0.4611973392461197,1.0,0.09353502790254575,0.1845637037013731,0.13904936580195942,0.049726278661259414,0,1,0.06952468290097971,0.5248631393306297,0,1,0,0
P08,V8_video1_normal,normal,1456,48.530170865913696,1,0.1780554276456627,0.1853533451874531,0.1707575101038723,0.16788683881127434,0.4611973392461197,1.0,0.14910988978859452,0.0588500130643439,0.10397995142646921,0.02790297997131126,0,1,0.051989975713234604,0.5139514899856557,0,1,0,0
P08,V8_video1_normal,normal,1457,48.563502027222704,1,0.20060506380084658,0.20383918763004985,0.19737093997164332,0.16775668727015636,0.4611973392461197,1.0,0.10516720322676787,0.01156909339806822,0.058368148312418044,0.021181346250473087,0,1,0.029184074156209022,0.5105906731252365,0,1,0,0
P08,V8_video1_normal,normal,1458,48.59683318853171,1,0.20854720181745792,0.21086155013140498,0.20623285350351087,0.16611130781064404,0.4611973392461197,1.0,0.029702554710189233,0.001472781239238663,0.015587667974713948,0.012069325536316037,0,1,0.007793833987356974,0.506034662768158,0,1,0,0
P08,V8_video1_normal,normal,1459,48.63016434984072,1,0.21560912791642653,0.21573131593216027,0.2154869399006928,0.1660711135347853,0.4611973392461197,1.0,0.01708957040705772,0.002443865700487491,0.009766718053772605,0.011726814828419094,0,1,0.0048833590268863025,0.5058634074142095,0,1,0,0
P08,V8_video1_normal,normal,1460,48.663495511149726,1,0.2095659493549604,0.21379210982178526,0.20533978888813553,0.16623552942119674,0.4611973392461197,1.0,0.0928509157459313,0.000981108316842394,0.046916012031386845,0.01825514489594143,0,1,0.023458006015693422,0.5091275724479707,0,1,0,0
P08,V8_video1_normal,normal,1461,48.696826672458734,1,0.20549188622889042,0.20997533756148265,0.2010084348962982,0.16646204167672873,0.4611973392461197,1.0,0.018402990963517607,0.0152392016575148,0.016821096310516204,0.022320103073988316,0,1,0.008410548155258102,0.5111600515369942,0,1,0,0
P08,V8_video1_normal,normal,1462,48.73015783376774,1,0.21458200464127952,0.21815136978395047,0.2110126394986086,0.1661155518030157,0.4611973392461197,1.0,0.012346347203757824,0.015143154138911652,0.013744750671334738,0.08509562955034278,0,1,0.006872375335667369,0.5425478147751714,0,1,0,0
P08,V8_video1_normal,normal,1463,48.76348899507674,1,0.22084946621460544,0.2221599300560454,0.2195390023731655,0.16521177079667684,0.4611973392461197,1.0,0.04634077648864188,0.0260362061959728,0.03618849134230734,0.10430178690206704,0,1,0.01809424567115367,0.5521508934510335,0,1,0,0
P08,V8_video1_normal,normal,1464,48.79682015638575,1,0.21580378897760658,0.21794288856463356,0.2136646893905796,0.16512838686789702,0.4611973392461197,1.0,0.03316635769653731,0.02439028843701485,0.02877832306677608,0.0563376617051957,0,1,0.01438916153338804,0.5281688308525978,0,1,0,0
P08,V8_video1_normal,normal,1465,48.83015131769476,1,0.21669136057326638,0.21622858897739963,0.21715413216913315,0.1644540768979564,0.4611973392461197,1.0,0.05297786096464463,0.007224085950372605,0.030100973457508617,0.04161936687112919,0,1,0.015050486728754309,0.5208096834355646,0,1,0,0
P08,V8_video1_normal,normal,1466,48.863482479003764,1,0.2123596600149334,0.21362414479163327,0.21109517523823354,0.16456357900918267,0.4611973392461197,1.0,0.21054182226554763,0.017659727234514366,0.114100774750031,0.03110007752372752,0,1,0.0570503873750155,0.5155500387618638,0,1,0,0
P08,V8_video1_normal,normal,1467,48.89681364031277,1,0.17480201181508936,0.17181612312699848,0.17778790050318025,0.16385011069288657,0.4611973392461197,1.0,0.07591169894768102,0.2796568520630106,0.1777842755053458,0.09239324080315596,0,1,0.0888921377526729,0.546196620401578,0,1,0,0
P08,V8_video1_normal,normal,1468,48.93014480162178,1,0.10628085449222721,0.103664262554006,0.10889744643044841,0.16480692702239053,0.4634146341463415,1.0,0.1667980659194933,0.09355583081226693,0.13017694836588012,0.08970109243518547,1,1,0.5650884741829401,0.5448505462175928,1,1,0,0
P08,V8_video1_normal,normal,1469,48.96347596293079,1,0.06728914687280473,0.07488758353727921,0.059690710208330236,0.16607460644497596,0.4656319290465632,1.0,0.2659947124814256,0.1150968432096352,0.1905457778455304,0.11306017983762508,1,1,0.5952728889227652,0.5565300899188126,1,1,1,0
P08,V8_video1_normal,normal,1470,48.996807124239794,1,0.061329344896108764,0.05412731731150114,0.06853137248071639,0.1647075598960584,0.4656319290465632,1.0,0.46532531393698817,0.3445343199507648,0.4049298169438765,0.019754240118310236,1,1,0.7024649084719382,0.5098771200591551,1,1,1,0
P08,V8_video1_normal,normal,1471,49.0301382855488,1,0.09168751302245143,0.08869524662155479,0.09467977942334807,0.16387332820012052,0.4678492239467849,1.0,0.6095315819086891,0.14554378414915514,0.3775376830289221,0.016301690348342935,1,1,0.688768841514461,0.5081508451741714,1,1,1,0
P08,V8_video1_normal,normal,1472,49.0634694468578,1,0.08581722098290187,0.08428050609115868,0.08735393587464507,0.16417247638701005,0.4700665188470067,1.0,0.6026604152459478,0.2214830753581598,0.4120717453020538,0.011203748696835228,1,1,0.706035872651027,0.5056018743484176,1,1,1,0
P08,V8_video1_normal,normal,1473,49.09680060816681,1,0.06595600246053969,0.0517775533492222,0.08013445157185718,0.16473350012522178,0.4722838137472284,1.0,0.7430883181310738,0.22857236497769395,0.48583034155438387,0.010050480260497636,1,1,0.7429151707771919,0.5050252401302489,1,1,1,0
P08,V8_video1_normal,normal,1474,49.13013176947582,1,0.05118278016155591,0.04124349913370608,0.061122061189405746,0.16452723032109687,0.4745011086474501,1.0,0.82618708240249,0.23169994765733914,0.5289435150299145,0.0029158428229272763,1,1,0.7644717575149573,0.5014579214114636,1,1,1,0
P08,V8_video1_normal,normal,1475,49.163462930784824,1,0.06138801713924523,0.048367917353168685,0.07440811692532177,0.16444637383515276,0.47671840354767187,1.0,0.8541164401840353,0.1910989072249708,0.5226076737045031,0.005067976938988333,1,1,0.7613038368522516,0.5025339884694942,1,1,1,0
P08,V8_video1_normal,normal,1476,49.19679409209383,1,0.07021943637280621,0.0631102210429539,0.07732865170265853,0.16343208877224855,0.4789356984478936,1.0,0.8831161395944653,0.11723579989523436,0.5001759697448498,0.0028442117574876045,1,1,0.7500879848724249,0.5014221058787438,1,1,1,0
P08,V8_video1_normal,normal,1477,49.23012525340284,1,0.06344137278553129,0.049015328663802774,0.0778674169072598,0.16333754162938854,0.4811529933481153,1.0,0.6608792285056573,0.14383339923412197,0.4023563138698896,0.0034405242674065742,1,1,0.7011781569349448,0.5017202621337032,1,1,1,0
P08,V8_video1_normal,normal,1478,49.26345641471185,1,0.05107704388509832,0.03752849038727855,0.06462559738291808,0.16421211116398296,0.48337028824833705,1.0,0.65846652211227,0.44339972742401834,0.5509331247681442,0.0014728997539858206,1,1,0.7754665623840721,0.500736449876993,1,1,1,0
P08,V8_video1_normal,normal,1479,49.296787576020854,1,0.04761115648679211,0.036495597303073404,0.05872671567051082,0.16461023264999813,0.48558758314855877,1.0,0.5647298630596587,0.12783828290554644,0.34628407298260255,0.0014396295794191756,1,1,0.6731420364913012,0.5007198147897096,1,1,1,0
P08,V8_video1_normal,normal,1480,49.330118737329855,1,0.045013113990061124,0.036933252389870934,0.05309297559025132,0.16433285693808178,0.4878048780487805,1.0,0.868820608115396,0.1744295727499896,0.5216250904326928,0.0015461405099977416,1,1,0.7608125452163463,0.5007730702549988,1,1,1,0
P08,V8_video1_normal,normal,1481,49.36344989863886,1,0.041691792023406345,0.02976324027278084,0.05362034377403185,0.16552513480340444,0.49002217294900224,1.0,0.4680178809967457,0.09492530488610029,0.281471592941423,0.0006395216892771669,1,1,0.6407357964707114,0.5003197608446386,1,1,1,0
P08,V8_video1_normal,normal,1482,49.39678105994787,1,0.06227808913869684,0.04865892250816578,0.0758972557692279,0.1645779924633896,0.49223946784922396,1.0,0.4534542984109794,0.2845945469501111,0.36902442268054525,0.001273382954642352,1,1,0.6845122113402726,0.5006366914773211,1,1,1,0
P08,V8_video1_normal,normal,1483,49.43011222125688,1,0.07657706987798094,0.05979283491046865,0.09336130484549322,0.16481022141042062,0.49445676274944567,1.0,0.37070273972593315,0.08239961022619047,0.2265511749760618,0.0005897653204440715,1,1,0.6132755874880309,0.500294882660222,1,1,1,0
P08,V8_video1_normal,normal,1484,49.463443382565885,1,0.06735887774682718,0.04836916291016414,0.08634859258349022,0.16545971261995773,0.49667405764966743,1.0,0.876851056588068,0.1464293404917183,0.5116401985398931,0.0015995016219587253,1,1,0.7558200992699465,0.5007997508109794,1,1,1,0
P08,V8_video1_normal,normal,1485,49.49677454387489,1,0.060383584544926816,0.04014669177518581,0.08062047731466782,0.16441051292079137,0.49889135254988914,1.0,0.8143173770834313,0.07759488954594429,0.4459561333146878,0.0037417730660919226,1,1,0.7229780666573439,0.501870886533046,1,1,1,0
P08,V8_video1_normal,normal,1486,49.5301057051839,1,0.0551863600316065,0.03813055759560079,0.07224216246761221,0.1649296058615053,0.5011086474501109,1.0,0.688757842689309,0.14767453361474403,0.4182161881520265,0.0031526078769283728,1,1,0.7091080940760133,0.5015763039384642,1,1,1,0
P08,V8_video1_normal,normal,1487,49.56343686649291,1,0.07091903597137794,0.05855624024696158,0.08328183169579431,0.1646766400899692,0.5033259423503326,1.0,0.46090586480668394,0.1988647875715589,0.3298853261891214,0.004779543523355479,1,1,0.6649426630945607,0.5023897717616778,1,1,1,0
P08,V8_video1_normal,normal,1488,49.596768027801915,1,0.09162025810796953,0.07917516067731041,0.10406535553862865,0.16330246606394128,0.5055432372505543,1.0,0.5961803574163462,0.21086584898087957,0.4035231031986129,0.0010201430974759648,1,1,0.7017615515993064,0.500510071548738,1,1,1,0
P08,V8_video1_normal,normal,1489,49.630099189110915,1,0.09181953411043814,0.08017739199525616,0.10346167622562012,0.1648460394470507,0.5055432372505543,1.0,0.25129590054251083,0.2530733632150437,0.25218463187877727,0.0029738729679560844,1,1,0.6260923159393886,0.501486936483978,1,1,1,0
P08,V8_video1_normal,normal,1490,49.66343035041992,1,0.0943223574614404,0.0753319449425647,0.11331276998031609,0.16298654387411057,0.5055432372505543,1.0,0.4648659553347526,0.17717133993276668,0.32101864763375965,0.005513455655873616,1,1,0.6605093238168798,0.5027567278279368,1,1,1,0
P08,V8_video1_normal,normal,1491,49.69676151172893,1,0.09579759982532102,0.08537483364160271,0.10622036600903931,0.163397043142244,0.5055432372505543,1.0,0.622616116244995,0.1993087969104511,0.41096245657772307,0.008441051989727173,1,1,0.7054812282888615,0.5042205259948636,1,1,1,0
P08,V8_video1_normal,normal,1492,49.73009267303794,1,0.08633557183039167,0.07922433117945468,0.09344681248132866,0.16321170701036944,0.5055432372505543,1.0,0.5089067651249013,0.1622945422625719,0.3356006536937366,0.016810297115374392,1,1,0.6678003268468683,0.5084051485576871,1,1,1,0
P08,V8_video1_normal,normal,1493,49.763423834346945,1,0.08140238925608115,0.07204611933393575,0.09075865917822655,0.16430799674165597,0.5055432372505543,1.0,0.37578671697272514,0.3469030912991862,0.36134490413595566,0.004352018338184066,1,1,0.6806724520679779,0.502176009169092,1,1,1,0
P08,V8_video1_normal,normal,1494,49.79675499565595,1,0.09148373128935491,0.07698504395672602,0.1059824186219838,0.16399816977869372,0.5055432372505543,1.0,0.5032958358002582,0.2830209670956516,0.3931584014479549,0.004039351160030113,1,1,0.6965792007239775,0.502019675580015,1,1,1,0
P08,V8_video1_normal,normal,1495,49.83008615696496,1,0.0800279481870167,0.04953063538678311,0.11052526098725027,0.1655285578384009,0.5077605321507761,1.0,0.32031281725575844,0.12515796161231507,0.22273538943403676,0.005977187230158265,1,1,0.6113676947170184,0.5029885936150791,1,1,1,0
P08,V8_video1_normal,normal,1496,49.86341731827397,1,0.1156699295334627,0.09463220898934292,0.13670765007758248,0.16568793145820676,0.5099778270509978,1.0,0.5126317900728713,0.08700595206300843,0.29981887106793986,0.007588979212735788,1,1,0.64990943553397,0.5037944896063679,1,1,1,0
P08,V8_video1_normal,normal,1497,49.89674847958297,1,0.13693162150662613,0.10852034713701682,0.16534289587623544,0.17024059335499653,0.5121951219512195,1.0,0.3663043961599186,0.16085682276561564,0.2635806094627671,0.007624326675796737,1,1,0.6317903047313835,0.5038121633378984,1,1,1,0
P08,V8_video1_normal,normal,1498,49.930079640891975,1,0.1250986066988476,0.09988471218951844,0.15031250120817674,0.16521277021845,0.5144124168514412,1.0,0.6887851474992523,0.0789892580702155,0.3838872027847339,0.0015769866856969895,1,1,0.691943601392367,0.5007884933428485,1,1,1,0
P08,V8_video1_normal,normal,1499,49.96341080220098,1,0.12637187127995408,0.11112899433847323,0.1416147482214349,0.16517862797663335,0.516629711751663,1.0,0.4751752307463313,0.2966053814073396,0.38589030607683544,0.007642484727750325,1,1,0.6929451530384177,0.5038212423638752,1,1,1,0
P08,V8_video1_normal,normal,1500,49.99674196350999,1,0.10556509315484656,0.10390338636590997,0.10722679994378316,0.16616672666806723,0.5188470066518847,1.0,0.34245082231079726,0.14755861656614222,0.24500471943846974,0.037617714662210505,1,1,0.6225023597192348,0.5188088573311053,1,1,1,0
P08,V8_video1_normal,normal,1501,50.030073124819,1,0.09872458092260412,0.09284046931359376,0.10460869253161449,0.16785896361694858,0.5210643015521065,1.0,0.3222362458854835,0.21834225098762305,0.2702892484365533,0.007293495383521826,1,1,0.6351446242182767,0.5036467476917609,1,1,1,0
P08,V8_video1_normal,normal,1502,50.063404286128005,1,0.09034314009551017,0.0677269972398191,0.11295928295120125,0.16552512222977134,0.5232815964523282,1.0,0.453569134935098,0.24917157466905615,0.35137035480207707,0.007754722206026783,1,1,0.6756851774010385,0.5038773611030134,1,1,1,0
P08,V8_video1_normal,normal,1503,50.09673544743701,1,0.12592326949018723,0.11211019241805842,0.139736346562316,0.16589687186216817,0.5254988913525499,1.0,0.2468002080224082,0.23184876181026348,0.23932448491633584,0.010350611589311281,1,1,0.6196622424581679,0.5051753057946556,1,1,1,0
P08,V8_video1_normal,normal,1504,50.13006660874602,1,0.1646480178245805,0.14427939334040343,0.18501664230875758,0.1657814560210682,0.5254988913525499,1.0,0.13098704615365897,0.04189206627187225,0.08643955621276561,0.0032425219248871724,0,1,0.043219778106382806,0.5016212609624436,0,1,0,0
P08,V8_video1_normal,normal,1505,50.16339777005503,1,0.1571222942574327,0.1401301721643096,0.17411441635055583,0.1668041711084513,0.5254988913525499,1.0,0.03122012705630184,0.07716299854927933,0.05419156280279058,0.02025781344708295,0,1,0.02709578140139529,0.5101289067235415,0,1,0,0
P08,V8_video1_normal,normal,1506,50.19672893136403,1,0.153967949710788,0.13674682300152072,0.1711890764200553,0.1668142259593315,0.5254988913525499,1.0,0.09840941901953248,0.12793769506030572,0.1131735570399191,0.009370977239764301,0,1,0.05658677851995955,0.5046854886198822,0,1,0,0
P08,V8_video1_normal,normal,1507,50.230060092673035,1,0.18827482499213066,0.1815451635146387,0.19500448646962265,0.16669237249936156,0.5254988913525499,1.0,0.0753801432943021,0.026042573281145343,0.05071135828772372,0.03861883540876632,0,1,0.02535567914386186,0.5193094177043831,0,1,0,0
P08,V8_video1_normal,normal,1508,50.26339125398204,1,0.2122420546373826,0.20615397676582806,0.21833013250893712,0.1667542327537037,0.5254988913525499,1.0,0.08608265141406979,0.021491965331045804,0.053787308372557796,0.010235758436395048,0,1,0.026893654186278898,0.5051178792181975,0,1,0,0
P08,V8_video1_normal,normal,1509,50.29672241529105,1,0.2115164717086323,0.20905036746362518,0.21398257595363943,0.16701803081851346,0.5254988913525499,1.0,0.1339785308092052,0.041888037724825966,0.08793328426701558,0.034483423070153396,0,1,0.04396664213350779,0.5172417115350767,0,1,0,0
P08,V8_video1_normal,normal,1510,50.33005357660006,1,0.22162385915961932,0.21794794684040733,0.22529977147883132,0.16466849626267568,0.5254988913525499,1.0,0.16656211569797708,0.07833818484089394,0.12245015026943551,0.04121086172249741,0,1,0.061225075134717755,0.5206054308612487,0,1,0,0
P08,V8_video1_normal,normal,1511,50.363384737909065,1,0.20231719094631756,0.19854664466001531,0.2060877372326198,0.16576093317623683,0.5254988913525499,1.0,0.13650784769666158,0.14621022728015898,0.14135903748841028,0.01521599109048329,0,1,0.07067951874420514,0.5076079955452416,0,1,0,0
P08,V8_video1_normal,normal,1512,50.39671589921807,1,0.16473258870062157,0.15603965209915707,0.17342552530208608,0.16497745359820187,0.5254988913525499,1.0,0.16363635026596335,0.0738995011048107,0.11876792568538702,0.07697303103941729,0,1,0.05938396284269351,0.5384865155197086,0,1,0,0
P08,V8_video1_normal,normal,1513,50.43004706052708,1,0.11195343053464166,0.09645453662622691,0.1274523244430564,0.16379695619002416,0.5277161862527716,1.0,0.03894840475881478,0.0845862309156683,0.06176731783724154,0.01563806222127826,1,1,0.5308836589186208,0.5078190311106391,1,1,0,0
P08,V8_video1_normal,normal,1514,50.46337822183609,1,0.10148512406617377,0.09841954598499192,0.10455070214735561,0.16401528995480244,0.5299334811529933,1.0,0.11735053475425472,0.21380014983999474,0.16557534229712473,0.01514815431680359,1,1,0.5827876711485623,0.5075740771584017,1,1,1,0
P08,V8_video1_normal,normal,1515,50.49670938314509,1,0.09476285645242542,0.0832869734533132,0.10623873945153764,0.16268602116618783,0.532150776053215,1.0,0.4523975047555888,0.09237051127108409,0.27238400801333645,0.09202903498044528,1,1,0.6361920040066682,0.5460145174902227,1,1,1,0
P08,V8_video1_normal,normal,1516,50.530040544454096,1,0.08072698870003228,0.07014966084994152,0.09130431655012305,0.16351963264920308,0.5343680709534369,1.0,0.5216865368199166,0.11672920128124209,0.31920786905057935,0.010990653148276927,1,1,0.6596039345252896,0.5054953265741384,1,1,1,0
P08,V8_video1_normal,normal,1517,50.5633717057631,1,0.08171611141553739,0.07509141809587551,0.08834080473519929,0.16389277689016812,0.5365853658536586,1.0,0.2460307639455217,0.12434858823637962,0.18518967609095066,0.002992022234212627,1,1,0.5925948380454753,0.5014960111171063,1,1,1,0
P08,V8_video1_normal,normal,1518,50.59670286707211,1,0.0763716563803035,0.07358040525367106,0.07916290750693594,0.1636053286718798,0.5365853658536586,1.0,0.5171490521519468,0.1284946989788931,0.32282187556541997,0.005633148987461579,1,1,0.66141093778271,0.5028165744937307,1,1,1,0
P08,V8_video1_normal,normal,1519,50.63003402838112,1,0.08119041070821567,0.07675109031652755,0.08562973109990381,0.16504892580177521,0.5365853658536586,1.0,0.6750948496465661,0.06667593485322498,0.37088539224989553,0.006203329078628201,1,1,0.6854426961249478,0.5031016645393142,1,1,1,0
P08,V8_video1_normal,normal,1520,50.663365189690126,1,0.09142278383586092,0.08642119079161519,0.09642437688010665,0.1638995029145447,0.5365853658536586,1.0,0.6126457838559671,0.175760223838771,0.39420300384736906,0.0029541883344390827,1,1,0.6971015019236846,0.5014770941672195,1,1,1,0
P08,V8_video1_normal,normal,1521,50.69669635099913,1,0.07768562989990947,0.06958952643583351,0.08578173336398544,0.16411713360458538,0.5365853658536586,1.0,0.4347147903811637,0.10692061096790562,0.27081770067453464,0.013710127763859603,1,1,0.6354088503372674,0.5068550638819298,1,1,1,0
P08,V8_video1_normal,normal,1522,50.73002751230814,1,0.08554435343941913,0.06914379219794445,0.10194491468089383,0.16340620302467815,0.5388026607538803,1.0,0.5347685258885373,0.11127131104767374,0.3230199184681055,0.0023014116921441165,1,1,0.6615099592340528,0.501150705846072,1,1,1,0
P08,V8_video1_normal,normal,1523,50.76335867361714,1,0.09474493431748857,0.08479006315291443,0.10469980548206272,0.16353743883196026,0.5388026607538803,1.0,0.21271536822150694,0.1660986778431186,0.18940702303231277,0.006529210962357427,1,1,0.5947035115161564,0.5032646054811787,1,1,1,0
P08,V8_video1_normal,normal,1524,50.79668983492615,1,0.08041753856644708,0.06355287768720333,0.09728219944569083,0.1632551261939853,0.541019955654102,1.0,0.8381111657243157,0.1775606238254167,0.5078358947748662,0.01430765368147157,1,1,0.7539179473874331,0.5071538268407357,1,1,1,0
P08,V8_video1_normal,normal,1525,50.830020996235156,1,0.07815374473650048,0.06357693123542552,0.09273055823757545,0.1636807594130985,0.5432372505543237,1.0,0.7430370182140235,0.20854059223523624,0.47578880522462985,0.0029789345491503644,1,1,0.7378944026123149,0.5014894672745752,1,1,1,0
P08,V8_video1_normal,normal,1526,50.86335215754416,1,0.07307002578037544,0.0573707792884892,0.08876927227226168,0.16444750536296648,0.5432372505543237,1.0,0.7506220052254846,0.3097793929394198,0.5302006990824522,0.006263357932867247,1,1,0.7651003495412261,0.5031316789664336,1,1,1,0
P08,V8_video1_normal,normal,1527,50.89668331885317,1,0.07930778608545877,0.06370902478588285,0.09490654738503468,0.16380514132797339,0.5432372505543237,1.0,0.86468846453305,0.08509468289685718,0.4748915737149536,0.005758460745634064,1,1,0.7374457868574769,0.502879230372817,1,1,1,0
P08,V8_video1_normal,normal,1528,50.93001448016218,1,0.1272130858718625,0.10602626309986932,0.1483999086438557,0.16437220786290754,0.5432372505543237,1.0,0.7880447137293366,0.3793998352311957,0.5837222744802661,0.0086716069316179,1,1,0.7918611372401331,0.504335803465809,1,1,1,0
P08,V8_video1_normal,normal,1529,50.963345641471186,1,0.130964464360055,0.10829544903440949,0.15363347968570049,0.16386217891118676,0.5432372505543237,1.0,0.2718371780929806,0.263183916076995,0.2675105470849878,0.007754780911283336,1,1,0.6337552735424938,0.5038773904556416,1,1,1,0
P08,V8_video1_normal,normal,1530,50.99667680278019,1,0.14478806145058087,0.13196352839648823,0.1576125945046735,0.163330342116504,0.541019955654102,1.0,0.23482403019938158,0.04479269354689053,0.13980836187313606,0.09682452923650639,0,1,0.06990418093656803,0.5484122646182532,0,1,0,0
P08,V8_video1_normal,normal,1531,51.0300079640892,1,0.13506613873467604,0.11387625038902636,0.1562560270803257,0.1629434121528249,0.5432372505543237,1.0,0.23087642858998847,0.1321065001877415,0.181491464388865,0.2811730301762584,1,1,0.5907457321944325,0.6405865150881291,1,1,1,1
P08,V8_video1_normal,normal,1532,51.0633391253982,1,0.16270999740512082,0.1409358460350095,0.18448414877523217,0.16372284922124114,0.541019955654102,1.0,0.5438225761091847,0.24974647918346404,0.3967845276463244,0.06706343175719419,0,1,0.1983922638231622,0.533531715878597,0,1,0,0
P08,V8_video1_normal,normal,1533,51.09667028670721,1,0.16984596064719748,0.13823336665640357,0.20145855463799137,0.16178989476609415,0.5388026607538803,1.0,0.4020483341576675,0.07670353821975684,0.23937593618871217,0.0691895402007319,0,0,0.11968796809435608,0.03459477010036595,0,0,0,0
P08,V8_video1_normal,normal,1534,51.130001448016216,1,0.1720017420944181,0.15030357515145756,0.19369990903737866,0.16202308522297118,0.5365853658536586,1.0,0.6891953918964886,0.12491586644356967,0.40705562917002913,0.06551733174743236,0,0,0.20352781458501457,0.03275866587371618,0,0,0,0
P08,V8_video1_normal,normal,1535,51.163332609325224,1,0.18031613500608282,0.16343742668107897,0.19719484333108667,0.1618707789183847,0.5343680709534369,1.0,0.5940359346411135,0.051557933034471426,0.32279693383779245,0.12468350084663382,0,0,0.16139846691889623,0.06234175042331691,0,0,0,0
P08,V8_video1_normal,normal,1536,51.19666377063423,1,0.1880364669242766,0.16781592248474353,0.20825701136380972,0.16268970762081505,0.532150776053215,1.0,0.4858743726308723,0.013023456309074977,0.24944891446997364,0.05028257544783695,0,1,0.12472445723498682,0.5251412877239184,0,1,0,0
P08,V8_video1_normal,normal,1537,51.22999493194324,1,0.19711491336848624,0.1790295966572005,0.215200230079772,0.16196470283124584,0.5299334811529933,1.0,0.19746933631265895,0.005510674498497181,0.10149000540557807,0.037516220623693634,0,0,0.05074500270278903,0.018758110311846817,0,0,0,0
P08,V8_video1_normal,normal,1538,51.263326093252246,1,0.20111079194687437,0.18602817331806806,0.21619341057568064,0.16223162028470903,0.5277161862527716,1.0,0.0441842180246802,0.009236834505246927,0.026710526264963563,0.012714122152944042,0,0,0.013355263132481782,0.006357061076472021,0,0,0,0
P08,V8_video1_normal,normal,1539,51.296657254561254,1,0.18460300248852074,0.16137174527374484,0.20783425970329666,0.16168929569446777,0.5254988913525499,1.0,0.06081716908937007,0.003962695494289181,0.032389932291829626,0.014372889216367698,0,0,0.016194966145914813,0.007186444608183849,0,0,0,0
P08,V8_video1_normal,normal,1540,51.32998841587026,1,0.18856937509748653,0.1650634482816918,0.21207530191328125,0.1626335165372798,0.5232815964523282,1.0,0.06314752085120945,0.009533762854382566,0.03634064185279601,0.016493124706491547,0,1,0.018170320926398004,0.5082465623532457,0,1,0,0
P08,V8_video1_normal,normal,1541,51.36331957717926,1,0.17877271504182457,0.15126580853446867,0.2062796215491805,0.16311355647522655,0.5210643015521065,1.0,0.17341974482591582,0.015147122852605777,0.0942834338392608,0.0011046370655698572,0,1,0.0471417169196304,0.5005523185327849,0,1,0,0
P08,V8_video1_normal,normal,1542,51.39665073848827,1,0.1769709490340729,0.15085287919817,0.20308901886997577,0.16305501400837716,0.5188470066518847,1.0,0.1033182032289589,0.0032913927958923006,0.0533047980124256,0.002492396969701601,0,1,0.0266523990062128,0.5012461984848507,0,1,0,0
P08,V8_video1_normal,normal,1543,51.429981899797276,1,0.17975696218980336,0.15753395971486334,0.2019799646647434,0.16626246055024008,0.516629711751663,1.0,0.3115518527096677,0.03070430653669398,0.17112807962318083,0.007913780476749647,0,1,0.08556403981159041,0.5039568902383749,0,1,0,0
P08,V8_video1_normal,normal,1544,51.463313061106284,1,0.17329555788806805,0.16315605410447928,0.18343506167165682,0.16396142879640002,0.5144124168514412,1.0,0.2208484731796393,0.1803824102838144,0.20061544173172685,0.01805435856148877,0,1,0.10030772086586343,0.5090271792807444,0,1,0,0
P08,V8_video1_normal,normal,1545,51.49664422241529,1,0.15568531139245528,0.1370978605038792,0.17427276228103133,0.16414918955349397,0.5121951219512195,1.0,0.37807270871960674,0.04419747057515633,0.21113508964738154,0.036075062237687486,0,1,0.10556754482369077,0.5180375311188438,0,1,0,0
P08,V8_video1_normal,normal,1546,51.5299753837243,1,0.1721957887820949,0.14162310141717221,0.2027684761470176,0.16532765612781541,0.5099778270509978,1.0,0.31740165134804277,0.04300963883063891,0.18020564508934084,0.01860857809660069,0,1,0.09010282254467042,0.5093042890483004,0,1,0,0
P08,V8_video1_normal,normal,1547,51.563306545033306,1,0.14963706901517798,0.12874799052287636,0.17052614750747963,0.16465523735682286,0.5077605321507761,1.0,0.2893004780864963,0.08232911681365274,0.1858147974500745,0.010306242628440628,0,1,0.09290739872503725,0.5051531213142203,0,1,0,0
P08,V8_video1_normal,normal,1548,51.596637706342314,1,0.1860336264195474,0.16198219904432856,0.21008505379476622,0.16302206429261146,0.5055432372505543,1.0,0.06464811065578735,0.05680287664717765,0.0607254936514825,0.019969902095611468,0,1,0.03036274682574125,0.5099849510478057,0,1,0,0
P08,V8_video1_normal,normal,1549,51.629968867651314,1,0.17178827037173083,0.13872234025033184,0.20485420049312986,0.17237398320584216,0.5033259423503326,1.0,0.058665425206771316,0.19250673749126224,0.12558608134901678,0.01323203312271558,0,1,0.06279304067450839,0.5066160165613578,0,1,0,0
P08,V8_video1_normal,normal,1550,51.66330002896032,1,0.17124165268486422,0.14152977237218875,0.20095353299753968,0.164367195389985,0.5011086474501109,1.0,0.319123871043021,0.10129137118511888,0.21020762111406993,0.01201832969940736,0,1,0.10510381055703497,0.5060091648497037,0,1,0,0
P08,V8_video1_normal,normal,1551,51.69663119026933,1,0.13256959756009296,0.10540323065320505,0.15973596446698088,0.16405584837122866,0.5011086474501109,1.0,0.7305215693812919,0.41251174139212177,0.5715166553867068,0.017257230951518505,1,1,0.7857583276933534,0.5086286154757592,1,1,1,0
P08,V8_video1_normal,normal,1552,51.72996235157834,1,0.14139446156620175,0.11688360815424452,0.16590531497815897,0.1647470963199423,0.49889135254988914,1.0,0.11996112735109044,0.4288481930894551,0.27440466022027277,0.00817163120004786,0,1,0.13720233011013638,0.504085815600024,0,1,0,0
P08,V8_video1_normal,normal,1553,51.763293512887344,1,0.13741385659608257,0.11461416010918793,0.16021355308297722,0.16487321617025666,0.49889135254988914,1.0,0.21184185241955922,0.3748015630886079,0.29332170775408356,0.005838723346864928,1,1,0.6466608538770418,0.5029193616734324,1,1,1,0
P08,V8_video1_normal,normal,1554,51.79662467419635,1,0.11213299383969205,0.08773544352899497,0.13653054415038912,0.16382407211794806,0.49889135254988914,1.0,0.41944499794621604,0.2936197647399392,0.35653238134307763,0.01264812229521145,1,1,0.6782661906715388,0.5063240611476058,1,1,1,0
P08,V8_video1_normal,normal,1555,51.82995583550536,1,0.13237219352801208,0.11525927655497654,0.14948511050104762,0.16788499756906566,0.49889135254988914,1.0,0.07981384142293735,0.44932315154709834,0.26456849648501785,0.009979546091922722,1,1,0.632284248242509,0.5049897730459614,1,1,1,0
P08,V8_video1_normal,normal,1556,51.86328699681437,1,0.1423384196997441,0.12051404422431966,0.1641627951751685,0.16905110125285472,0.49889135254988914,1.0,0.23914235835433417,0.24313827499290042,0.2411403166736173,0.03958556089747491,0,1,0.12057015833680865,0.5197927804487374,0,1,0,0
P08,V8_video1_normal,normal,1557,51.896618158123374,1,0.13723100318524184,0.12449668094774713,0.14996532542273658,0.16898861803745596,0.5011086474501109,1.0,0.18399527621620082,0.4431536321278211,0.31357445417201096,0.021899603432305945,1,1,0.6567872270860055,0.510949801716153,1,1,1,0
P08,V8_video1_normal,normal,1558,51.929949319432374,1,0.1599298877294909,0.14177852319579548,0.17808125226318633,0.16605509700453475,0.5011086474501109,1.0,0.22265177249559143,0.3683059416228962,0.2954788570592438,0.023903967521342124,0,1,0.1477394285296219,0.5119519837606711,0,1,0,0
P08,V8_video1_normal,normal,1559,51.96328048074138,1,0.13291170411890885,0.10972881404200893,0.1560945941958088,0.16491688195328918,0.5033259423503326,1.0,0.09057406617020636,0.5577736382354046,0.3241738522028055,0.052143470572616035,1,1,0.6620869261014027,0.526071735286308,1,1,1,0
P08,V8_video1_normal,normal,1560,51.99661164205039,1,0.12767080862817234,0.1211077156542019,0.1342339016021428,0.1641304925954324,0.5055432372505543,1.0,0.5775119661651997,0.08764622245255038,0.33257909430887506,0.040259226435122364,1,1,0.6662895471544376,0.5201296132175612,1,1,1,0
P08,V8_video1_normal,normal,1561,52.0299428033594,1,0.13467871378860125,0.12311519204043993,0.14624223553676258,0.1630718477556905,0.5077605321507761,1.0,0.5841478400217051,0.30355813201666826,0.44385298601918666,0.003972281127097514,1,1,0.7219264930095933,0.5019861405635487,1,1,1,0
P08,V8_video1_normal,normal,1562,52.063273964668404,1,0.15094787469507093,0.13578844163314574,0.16610730775699611,0.16271921464864814,0.5077605321507761,1.0,0.6443881650677166,0.2068425692056005,0.42561536713665854,0.023918774917361097,0,1,0.21280768356832927,0.5119593874586805,0,1,0,0
P08,V8_video1_normal,normal,1563,52.09660512597741,1,0.13630561471923783,0.10885725330090112,0.16375397613757453,0.16288247450626472,0.5099778270509978,1.0,0.70057820039453,0.12691837177727772,0.41374828608590386,0.0198670088585351,1,1,0.7068741430429519,0.5099335044292675,1,1,1,0
P08,V8_video1_normal,normal,1564,52.12993628728642,1,0.17276197130201626,0.15381549766939998,0.19170844493463254,0.16606045044165874,0.5099778270509978,1.0,0.6254574168219066,0.269440684785176,0.4474490508035413,0.016306087688865867,0,1,0.22372452540177065,0.5081530438444329,0,1,0,0
P08,V8_video1_normal,normal,1565,52.16326744859543,1,0.13963705991909237,0.1170193622321048,0.16225475760607996,0.16555795845835536,0.5121951219512195,1.0,0.234382878640095,0.13750065355929408,0.18594176609969454,0.0774606979114844,1,1,0.5929708830498472,0.5387303489557422,1,1,1,0
P08,V8_video1_normal,normal,1566,52.19659860990443,1,0.15878680991296384,0.13519550590386742,0.1823781139220603,0.16461285366033004,0.5121951219512195,1.0,0.17098052499314254,0.32612541331558464,0.2485529691543636,0.01646026845575744,0,1,0.1242764845771818,0.5082301342278788,0,1,0,0
P08,V8_video1_normal,normal,1567,52.229929771213435,1,0.161737404879403,0.14232921913138274,0.18114559062742325,0.16229509454493976,0.5121951219512195,1.0,0.19927054242294506,0.2083101070398805,0.2037903247314128,0.026154919981775424,0,0,0.1018951623657064,0.013077459990887712,0,0,0,0
P08,V8_video1_normal,normal,1568,52.26326093252244,1,0.12991710712509716,0.1095673320811603,0.150266882169034,0.16129345752049426,0.5144124168514412,1.0,0.33743971047143007,0.05895492362568011,0.1981973170485551,0.027978470821230558,1,0,0.5990986585242776,0.013989235410615279,1,0,1,0
P08,V8_video1_normal,normal,1569,52.29659209383145,1,0.09581187992207148,0.06793300889498442,0.12369075094915853,0.16124660488275858,0.516629711751663,1.0,0.33230044529689073,0.12250971754875406,0.2274050814228224,0.048199701039942956,1,0,0.6137025407114112,0.024099850519971478,1,0,1,0
P08,V8_video1_normal,normal,1570,52.32992325514046,1,0.09172569828100882,0.07831786549036539,0.10513353107165224,0.16195793142980794,0.5188470066518847,1.0,0.19649680806515235,0.14031475030816998,0.16840577918666116,0.02044683964426196,1,0,0.5842028895933306,0.01022341982213098,1,0,1,0
P08,V8_video1_normal,normal,1571,52.363254416449465,1,0.0787266528341936,0.06241732631470673,0.09503597935368047,0.16116390885304432,0.5210643015521065,1.0,0.19438054213310818,0.2589688996035342,0.2266747208683212,0.01797064386650467,1,0,0.6133373604341605,0.008985321933252336,1,0,1,0
P08,V8_video1_normal,normal,1572,52.39658557775847,1,0.07165583694601257,0.054968350716499734,0.0883433231755254,0.16264114909159327,0.5232815964523282,1.0,0.2996819802351054,0.24560312271646745,0.2726425514757864,0.003013307344111279,1,1,0.6363212757378932,0.5015066536720556,1,1,1,0
P08,V8_video1_normal,normal,1573,52.42991673906748,1,0.06576274918808522,0.0455631833885181,0.08596231498765236,0.1631187420858572,0.5232815964523282,1.0,0.38415110139030506,0.32531305451475867,0.35473207795253187,0.004726080875646508,1,1,0.6773660389762659,0.5023630404378232,1,1,1,0
P08,V8_video1_normal,normal,1574,52.46324790037649,1,0.07369407497117256,0.05161512048142984,0.09577302946091527,0.16277318074478458,0.5232815964523282,1.0,0.7861521161289053,0.21031145523395978,0.49823178568143256,0.002109294314098154,1,1,0.7491158928407162,0.5010546471570491,1,1,1,0
P08,V8_video1_normal,normal,1575,52.49657906168549,1,0.07604517519304477,0.06423027863378904,0.08786007175230051,0.16286128052471,0.5232815964523282,1.0,0.21476317971443026,0.3135114308501784,0.26413730528230434,0.006757997486654401,1,1,0.6320686526411522,0.5033789987433273,1,1,1,0
P08,V8_video1_normal,normal,1576,52.529910222994495,1,0.05019290012229744,0.02619949282865008,0.0741863074159448,0.1640858168009291,0.5232815964523282,1.0,0.7111565192108904,0.2825511199659396,0.496853819588415,0.0048229997726806206,1,1,0.7484269097942076,0.5024114998863403,1,1,1,0
P08,V8_video1_normal,normal,1577,52.5632413843035,1,0.046133109338837366,0.03561672004748715,0.056649498630187575,0.165275268867382,0.5232815964523282,1.0,0.48980474988152456,0.34084315315068137,0.41532395151610296,0.001918937879079033,1,1,0.7076619757580515,0.5009594689395395,1,1,1,0
P08,V8_video1_normal,normal,1578,52.59657254561251,1,0.05878745218067277,0.05265672852878154,0.064918175832564,0.16610658577949586,0.5232815964523282,1.0,0.8307558724845152,0.3236362173212567,0.5771960449028859,0.006824733673182936,1,1,0.788598022451443,0.5034123668365915,1,1,1,0
P08,V8_video1_normal,normal,1579,52.62990370692152,1,0.06262876218775601,0.05370491508126135,0.07155260929425068,0.16968891592863994,0.5232815964523282,1.0,0.8600923356658403,0.3647767298437756,0.612434532754808,0.003984822215926717,1,1,0.806217266377404,0.5019924111079633,1,1,1,0
P08,V8_video1_normal,normal,1580,52.663234868230525,1,0.07144805614314942,0.06769295195375248,0.07520316033254636,0.16823795002932881,0.5232815964523282,1.0,0.7858963204492408,0.32098343307568056,0.5534398767624606,0.0099059081663969,1,1,0.7767199383812303,0.5049529540831984,1,1,1,0
P08,V8_video1_normal,normal,1581,52.69656602953953,1,0.05352572456619124,0.03661035206088537,0.07044109707149712,0.16689207326615282,0.5232815964523282,1.0,0.4422605667376094,0.11473184265673164,0.2784962046971705,0.0037727941194496068,1,1,0.6392481023485852,0.5018863970597248,1,1,1,0
P08,V8_video1_normal,normal,1582,52.72989719084854,1,0.05106684334736626,0.031225546682805517,0.07090814001192701,0.16746152738797954,0.5232815964523282,1.0,0.8337145902751384,0.22630076824804657,0.5300076792615924,0.0016878189214474873,1,1,0.7650038396307962,0.5008439094607238,1,1,1,0
P08,V8_video1_normal,normal,1583,52.76322835215755,1,0.06249234126350285,0.03523743377564876,0.08974724875135695,0.16749379233910736,0.5232815964523282,1.0,0.8522043691526722,0.17532222862270153,0.5137632988876868,0.0023680788031191246,1,1,0.7568816494438434,0.5011840394015595,1,1,1,0
P08,V8_video1_normal,normal,1584,52.79655951346655,1,0.0542166186026871,0.03098985650048691,0.0774433807048873,0.16588207274320238,0.5232815964523282,1.0,0.8880179572005968,0.1544031159595286,0.5212105365800628,0.011211167767269548,1,1,0.7606052682900314,0.5056055838836347,1,1,1,0
P08,V8_video1_normal,normal,1585,52.829890674775555,1,0.06303496776705196,0.03939875743483553,0.0866711780992684,0.17185367143342714,0.5232815964523282,1.0,0.5341216739910934,0.3711709907238291,0.45264633235746127,0.04464758368826146,1,1,0.7263231661787306,0.5223237918441307,1,1,1,0
P08,V8_video1_normal,normal,1586,52.86322183608456,1,0.033890671246061044,0.019620017306124535,0.048161325185997556,0.17045356410038998,0.5232815964523282,1.0,0.718340654700804,0.11301036506658524,0.4156755098836946,0.009997983447671395,1,1,0.7078377549418473,0.5049989917238357,1,1,1,0
P08,V8_video1_normal,normal,1587,52.89655299739357,1,0.031237873406021383,0.01300760933687211,0.049468137475170655,0.1688429889774047,0.5232815964523282,1.0,0.5386099278365029,0.028974182820780237,0.28379205532864155,0.007281925005419529,1,1,0.6418960276643207,0.5036409625027097,1,1,1,0
P08,V8_video1_normal,normal,1588,52.92988415870258,1,0.045660523438959294,0.028474163744642244,0.06284688313327634,0.1708760769510986,0.5232815964523282,1.0,0.39652155986962034,0.06468544596217496,0.23060350291589765,0.0060608418290513276,1,1,0.6153017514579489,0.5030304209145257,1,1,1,0
P08,V8_video1_normal,normal,1589,52.963215320011585,1,0.08700445139028908,0.06510400930871123,0.10890489347186692,0.17073087780849916,0.5232815964523282,1.0,0.580436153638662,0.18033842384185805,0.38038728874026,0.006891318211521844,1,1,0.69019364437013,0.5034456591057609,1,1,1,0
P08,V8_video1_normal,normal,1590,52.99654648132059,1,0.1462234639498936,0.12422361071271935,0.16822331718706787,0.16611362883664768,0.5210643015521065,1.0,0.19989732751302536,0.0651925521458977,0.13254493982946153,0.07435111433430511,0,1,0.06627246991473076,0.5371755571671526,0,1,0,0
P08,V8_video1_normal,normal,1591,53.0298776426296,1,0.16201581615223207,0.14492720085233196,0.17910443145213217,0.16525569141920032,0.5188470066518847,1.0,0.5695843414978469,0.019680912240168547,0.2946326268690077,0.0467839220126003,0,1,0.14731631343450385,0.5233919610063001,0,1,0,0
P08,V8_video1_normal,normal,1592,53.0632088039386,1,0.1613501926533461,0.14868845048235532,0.17401193482433686,0.16770412173329932,0.516629711751663,1.0,0.16429888197141085,0.026453890693559856,0.09537638633248535,0.09430821638961379,0,1,0.047688193166242676,0.5471541081948069,0,1,0,0
P08,V8_video1_normal,normal,1593,53.09653996524761,1,0.1883335825883884,0.16941674963259715,0.20725041554417964,0.16633984448675382,0.5144124168514412,1.0,0.17249475771285416,0.03959052844765165,0.10604264308025291,0.05757530715301799,0,1,0.053021321540126454,0.528787653576509,0,1,0,0
P08,V8_video1_normal,normal,1594,53.129871126556615,1,0.19991701044558874,0.17751915779759894,0.2223148630935785,0.16972331790151826,0.5121951219512195,1.0,0.0661103981288611,0.002917881435422598,0.03451413978214185,0.04276090469846343,0,1,0.017257069891070925,0.5213804523492317,0,1,0,0
P08,V8_video1_normal,normal,1595,53.16320228786562,1,0.21199910987170473,0.1949778023099829,0.22902041743342652,0.17113619397271956,0.5099778270509978,1.0,0.033535913160465114,0.002505402499184073,0.018020657829824593,0.045091715312431294,0,1,0.009010328914912297,0.5225458576562156,0,1,0,0
P08,V8_video1_normal,normal,1596,53.19653344917463,1,0.19602643298749645,0.1711206055987756,0.2209322603762173,0.1756815480136007,0.5077605321507761,1.0,0.014921285168023712,0.001828607824694739,0.008374946496359226,0.021203675673979735,0,1,0.004187473248179613,0.5106018378369899,0,1,0,0
P08,V8_video1_normal,normal,1597,53.22986461048364,1,0.1970796645811781,0.17607298385292638,0.21808634530942983,0.17415000414956086,0.5055432372505543,1.0,0.09031818660426982,0.009078699146633729,0.049698442875451776,0.03368807422317881,0,1,0.024849221437725888,0.5168440371115894,0,1,0,0
P08,V8_video1_normal,normal,1598,53.263195771792645,1,0.19959925149080598,0.18243580495683254,0.21676269802477946,0.17250484549428824,0.5033259423503326,1.0,0.051512273769716344,0.0026652693687927442,0.027088771569254544,0.022248780902091606,0,1,0.013544385784627272,0.5111243904510459,0,1,0,0
P08,V8_video1_normal,normal,1599,53.29652693310165,1,0.15923789581225123,0.1425737420496149,0.17590204957488753,0.1714025031808341,0.5011086474501109,1.0,0.11736764964466606,0.007769952637712851,0.06256880114118946,0.025244003261978617,0,1,0.03128440057059473,0.5126220016309893,0,1,0,0
P08,V8_video1_normal,normal,1600,53.32985809441066,1,0.1444231992983685,0.13463478716832947,0.15421161142840756,0.17101726538268214,0.49889135254988914,1.0,0.16610922906708936,0.08290442861685177,0.12450682884197056,0.012321851436202638,0,1,0.06225341442098528,0.5061609257181013,0,1,0,0
P08,V8_video1_normal,normal,1601,53.36318925571966,1,0.13260073220602986,0.12505858395662536,0.14014288045543438,0.17146184361523828,0.49889135254988914,1.0,0.3130731413863632,0.12635916932364033,0.21971615535500177,0.037080516167895976,1,1,0.6098580776775009,0.518540258083948,1,1,1,0
P08,V8_video1_normal,normal,1602,53.39652041702867,1,0.17016313216450152,0.15372760605442276,0.18659865827458028,0.17167125337264386,0.49667405764966743,1.0,0.4467260882602003,0.022447000730237976,0.23458654449521915,0.03880189997816061,0,1,0.11729327224760958,0.5194009499890803,0,1,0,0
P08,V8_video1_normal,normal,1603,53.429851578337676,1,0.19404953315807394,0.17570750788939615,0.21239155842675175,0.17348541639428516,0.49445676274944567,1.0,0.4047283337888583,0.032437506359837665,0.21858292007434799,0.059686203927155325,0,1,0.10929146003717399,0.5298431019635776,0,1,0,0
P08,V8_video1_normal,normal,1604,53.46318273964668,1,0.17209367506564044,0.15555515742328477,0.18863219270799614,0.17085878855863645,0.49223946784922396,1.0,0.02130926346915618,0.015894513210517935,0.018601888339837058,0.04116302265191792,0,1,0.009300944169918529,0.520581511325959,0,1,0,0
P08,V8_video1_normal,normal,1605,53.49651390095569,1,0.1790387175559788,0.1739816409772277,0.1840957941347299,0.17170534026686482,0.49002217294900224,1.0,0.1194716688063564,0.03762450814587459,0.0785480884761155,0.019929300721127315,0,1,0.03927404423805775,0.5099646503605637,0,1,0,0
P08,V8_video1_normal,normal,1606,53.5298450622647,1,0.16178477151652743,0.14807124901183788,0.17549829402121697,0.1670816661038056,0.4878048780487805,1.0,0.14788177567013816,0.03995224498767036,0.09391701032890426,0.011866291593305699,0,1,0.04695850516445213,0.5059331457966528,0,1,0,0
P08,V8_video1_normal,normal,1607,53.563176223573706,1,0.17507822319940586,0.15868067000565833,0.19147577639315339,0.1691484700707814,0.48558758314855877,1.0,0.21783928528495844,0.024710246713964712,0.12127476599946158,0.012768194487773481,0,1,0.06063738299973079,0.5063840972438868,0,1,0,0
P08,V8_video1_normal,normal,1608,53.59650738488271,1,0.15539225973338,0.13228570832026967,0.17849881114649035,0.16586655021247976,0.48337028824833705,1.0,0.45393585081881294,0.06628160506113001,0.2601087279399715,0.04791605880128793,0,1,0.13005436396998574,0.523958029400644,0,1,0,0
P08,V8_video1_normal,normal,1609,53.62983854619172,1,0.11925505606634938,0.10958161069155445,0.12892850144114432,0.16411145509208466,0.48337028824833705,1.0,0.2365556965594825,0.3870500401034098,0.31180286833144616,0.0346066976020054,1,1,0.6559014341657231,0.5173033488010027,1,1,1,0
P08,V8_video1_normal,normal,1610,53.66316970750072,1,0.1264489927796738,0.10493267138015573,0.1479653141791919,0.16381827957457848,0.48337028824833705,1.0,0.14305498596904231,0.26491498571849526,0.20398498584376878,0.02829921450893716,1,1,0.6019924929218844,0.5141496072544686,1,1,1,0
P08,V8_video1_normal,normal,1611,53.69650086880973,1,0.11461583917004772,0.09115946520790706,0.13807221313218837,0.16473702981278562,0.48337028824833705,1.0,0.2482806397767251,0.24414130264171574,0.24621097120922042,0.03386707216179866,1,1,0.6231054856046102,0.5169335360808993,1,1,1,0
P08,V8_video1_normal,normal,1612,53.729832030118736,1,0.10595168887134813,0.0828453689333791,0.12905800880931717,0.16716381903661395,0.48337028824833705,1.0,0.5404424502478395,0.04571656297385396,0.29307950661084675,0.010132410576404882,1,1,0.6465397533054233,0.5050662052882025,1,1,1,0
P08,V8_video1_normal,normal,1613,53.76316319142774,1,0.1190123610490271,0.10726882277302195,0.13075589932503223,0.16426701559181525,0.48337028824833705,1.0,0.396866681441149,0.21824702951410502,0.307556855477627,0.004198966736169961,1,1,0.6537784277388135,0.502099483368085,1,1,1,0
P08,V8_video1_normal,normal,1614,53.79649435273675,1,0.14430247181516553,0.13337054312681534,0.15523440050351572,0.1659238411132951,0.4811529933481153,1.0,0.10454379397892855,0.10828026669927482,0.10641203033910168,0.004264932357538311,0,1,0.05320601516955084,0.5021324661787692,0,1,0,0
P08,V8_video1_normal,normal,1615,53.82982551404576,1,0.16209116094813297,0.14584486692431378,0.17833745497195214,0.164846618424962,0.4789356984478936,1.0,0.08223096449349221,0.07801805125753802,0.08012450787551512,0.011211585366397547,0,1,0.04006225393775756,0.5056057926831987,0,1,0,0
P08,V8_video1_normal,normal,1616,53.863156675354766,1,0.16278971116497812,0.14761757446136256,0.17796184786859368,0.16541992415859214,0.47671840354767187,1.0,0.10207413279699107,0.05302293896403687,0.07754853588051397,0.008447903355919223,0,1,0.038774267940256985,0.5042239516779596,0,1,0,0
P08,V8_video1_normal,normal,1617,53.89648783666377,1,0.1726015448502431,0.16367289549657565,0.1815301942039105,0.166448574029705,0.4745011086474501,1.0,0.06806839453426639,0.11431577115405489,0.09119208284416064,0.003573501180778898,0,1,0.04559604142208032,0.5017867505903895,0,1,0,0
P08,V8_video1_normal,normal,1618,53.929818997972774,1,0.19984424565258813,0.1894357362114763,0.21025275509369998,0.1647283666571262,0.4722838137472284,1.0,0.11888128085300287,0.015353860679120257,0.06711757076606156,0.00518144038853889,0,1,0.03355878538303078,0.5025907201942694,0,1,0,0
P08,V8_video1_normal,normal,1619,53.96315015928178,1,0.19141618241928038,0.17743476994455723,0.20539759489400353,0.1654522578867332,0.4700665188470067,1.0,0.16024368529214728,0.0315117184548791,0.09587770187351319,0.028621365918468894,0,1,0.047938850936756594,0.5143106829592344,0,1,0,0
P08,V8_video1_normal,normal,1620,53.99648132059079,1,0.19171338298802407,0.18494508556353478,0.19848168041251335,0.16336895494627243,0.4678492239467849,1.0,0.07222830225408616,0.005954141664595736,0.03909122195934095,0.13817313995898045,0,1,0.019545610979670475,0.5690865699794903,0,1,0,0
P08,V8_video1_normal,normal,1621,54.029812481899796,1,0.19928693622932353,0.18662340910395184,0.21195046335469525,0.1620571541649753,0.4656319290465632,1.0,0.029486141588530468,0.0032743221446724924,0.01638023186660148,0.04272077398047808,0,0,0.00819011593330074,0.02136038699023904,0,0,0,0
P08,V8_video1_normal,normal,1622,54.063143643208804,1,0.19669843927306163,0.19099033526511536,0.2024065432810079,0.16210272516417076,0.4634146341463415,1.0,0.11572026264888025,0.006668185713399222,0.061194224181139734,0.026497023291213125,0,0,0.030597112090569867,0.013248511645606562,0,0,0,0
P08,V8_video1_normal,normal,1623,54.09647480451781,1,0.2024444847170963,0.19880323093244884,0.20608573850174375,0.16041380919518738,0.4611973392461197,1.0,0.15035872344117995,0.0005105765924916517,0.0754346500168358,0.03242213264148208,0,0,0.0377173250084179,0.01621106632074104,0,0,0,0
P08,V8_video1_normal,normal,1624,54.12980596582682,1,0.20564039530818734,0.20168901949282203,0.20959177112355265,0.16063005002696257,0.458980044345898,1.0,0.06415572690956617,0.009321648381497738,0.03673868764553195,0.07184527274952925,0,0,0.018369343822765977,0.03592263637476462,0,0,0,0
P08,V8_video1_normal,normal,1625,54.163137127135826,1,0.2063094653559856,0.19798234796339384,0.21463658274857736,0.16227303370880813,0.4567627494456763,1.0,0.028795599762510893,0.002221354639737272,0.015508477201124082,0.025720248562077802,0,0,0.007754238600562041,0.012860124281038901,0,0,0,0
P08,V8_video1_normal,normal,1626,54.196468288444834,1,0.21367561962096934,0.20836541230560626,0.21898582693633242,0.16137063277587485,0.45454545454545453,1.0,0.11636524514199531,0.0021200487878072494,0.05924264696490128,0.010654626742420069,0,0,0.02962132348245064,0.005327313371210034,0,0,0,0
P08,V8_video1_normal,normal,1627,54.229799449753834,1,0.2148441440529857,0.20720279956853702,0.2224854885374344,0.16168001735101054,0.4523281596452328,1.0,0.015736112899495946,0.000984515263623864,0.008360314081559905,0.0038331426146331338,0,0,0.004180157040779953,0.0019165713073165669,0,0,0,0
P08,V8_video1_normal,normal,1628,54.26313061106284,1,0.22575644448414034,0.21847789049101538,0.23303499847726528,0.16150316047536725,0.4501108647450111,1.0,0.1656921139244515,0.0003193847138999173,0.0830057493191757,0.013423555624456223,0,0,0.04150287465958785,0.0067117778122281115,0,0,0,0
P08,V8_video1_normal,normal,1629,54.29646177237185,1,0.22631033894452934,0.21693173177228306,0.2356889461167756,0.16156608867662375,0.44789356984478934,1.0,0.06482711008917941,0.0007447209310970093,0.03278591551013821,0.003715642118000011,0,0,0.016392957755069104,0.0018578210590000056,0,0,0,0
P08,V8_video1_normal,normal,1630,54.32979293368086,1,0.23000251390087895,0.21997797035780053,0.2400270574439574,0.16112430559383736,0.44567627494456763,1.0,0.03426933617606087,0.00045705466558509933,0.017363195420822986,0.029056487060111234,0,0,0.008681597710411493,0.014528243530055617,0,0,0,0
P08,V8_video1_normal,normal,1631,54.363124094989864,1,0.2360110926496561,0.22829012401235593,0.2437320612869563,0.16166125123276953,0.4434589800443459,1.0,0.03493208194154729,0.001495134132803222,0.018213608037175255,0.017726258455865156,0,0,0.009106804018587628,0.008863129227932578,0,0,0,0
P08,V8_video1_normal,normal,1632,54.39645525629887,1,0.23647969199867958,0.23043560155847417,0.24252378243888498,0.1612895176556169,0.44124168514412415,1.0,0.00887395922579537,0.0022792621416082293,0.005576610683701799,0.004334674260611573,0,0,0.0027883053418508996,0.0021673371303057866,0,0,0,0
P08,V8_video1_normal,normal,1633,54.42978641760788,1,0.23852887956437568,0.23222480887484845,0.24483295025390295,0.16104672409768334,0.43902439024390244,1.0,0.006944745475341185,0.002404839312083129,0.004674792393712157,0.011908719283819359,0,0,0.0023373961968560786,0.005954359641909679,0,0,0,0
P08,V8_video1_normal,normal,1634,54.463117578916886,1,0.24020281070902494,0.23168567652252903,0.24871994489552085,0.1614659242596609,0.43680709534368073,1.0,0.019387747611020023,0.03671653239550432,0.02805214000326217,0.008000242667471975,0,0,0.014026070001631086,0.004000121333735987,0,0,0,0
P08,V8_video1_normal,normal,1635,54.49644874022589,1,0.24199086578582724,0.2320465007150628,0.2519352308565917,0.16147783809652946,0.43458980044345896,1.0,0.13608746376495906,0.02593663470855212,0.08101204923675559,0.024149951013046178,0,0,0.040506024618377795,0.012074975506523089,0,0,0,0
P08,V8_video1_normal,normal,1636,54.529779901534894,1,0.24169376453564062,0.2314265175125885,0.2519610115586927,0.16061350958641699,0.43237250554323725,1.0,0.03302944563142274,0.0008950854315153967,0.016962265531469067,0.015542268936854177,0,0,0.008481132765734534,0.007771134468427089,0,0,0,0
P08,V8_video1_normal,normal,1637,54.5631110628439,1,0.24021050453271492,0.23003213632996114,0.2503888727354687,0.1604317942771725,0.43015521064301554,1.0,0.0315852986577857,0.0056181393941108215,0.01860171902594826,0.021656110516799717,0,0,0.00930085951297413,0.010828055258399858,0,0,0,0
P08,V8_video1_normal,normal,1638,54.59644222415291,1,0.23931323185962006,0.22949704435929355,0.24912941935994654,0.16070917368175272,0.4279379157427938,1.0,0.09446770829356488,0.0027023672737265247,0.0485850377836457,0.04348018176986568,0,0,0.02429251889182285,0.02174009088493284,0,0,0,0
P08,V8_video1_normal,normal,1639,54.62977338546192,1,0.23658755255808367,0.22784644741106086,0.2453286577051065,0.160653125923846,0.42572062084257206,1.0,0.07188940384282871,0.0006179631986569234,0.03625368352074282,0.02067974643111311,0,0,0.01812684176037141,0.010339873215556555,0,0,0,0
P08,V8_video1_normal,normal,1640,54.663104546770924,1,0.22919164622834476,0.2214446095267118,0.23693868292997775,0.16146726781656703,0.42350332594235035,1.0,0.041479180311385644,0.011523444954272155,0.0265013126328289,0.011710308484746882,0,0,0.01325065631641445,0.005855154242373441,0,0,0,0
P08,V8_video1_normal,normal,1641,54.69643570807993,1,0.2293552446372612,0.22481887230350917,0.2338916169710132,0.16180231651831814,0.4212860310421286,1.0,0.05849016335653623,0.004170547380786149,0.03133035536866119,0.010528246639336545,0,0,0.015665177684330595,0.005264123319668273,0,0,0,0
P08,V8_video1_normal,normal,1642,54.72976686938894,1,0.2213664934524071,0.21401719119115717,0.22871579571365702,0.16080652542802457,0.4190687361419069,1.0,0.07195512993920272,0.003599665546108688,0.037777397742655705,0.004197637070519358,0,0,0.018888698871327853,0.002098818535259679,0,0,0,0
P08,V8_video1_normal,normal,1643,54.76309803069795,1,0.2041852079411986,0.19277722822479684,0.21559318765760033,0.16046636728141256,0.41685144124168516,1.0,0.00986363137736379,0.05698195883743662,0.033422795107400205,0.0037934392235470663,0,0,0.016711397553700102,0.0018967196117735331,0,0,0,0
P08,V8_video1_normal,normal,1644,54.79642919200695,1,0.14776966364655506,0.11562754457176673,0.1799117827213434,0.15954086854420957,0.4146341463414634,1.0,0.38985911301720866,0.1671941344665765,0.2785266237418926,0.009608962145044204,0,0,0.1392633118709463,0.004804481072522102,0,0,0,0
P08,V8_video1_normal,normal,1645,54.829760353315955,1,0.127044614930635,0.10768947266812726,0.14639975719314274,0.16002897358963614,0.4146341463414634,1.0,0.29859787871843924,0.07507654343509529,0.18683721107676726,0.009980347015759722,1,0,0.5934186055383837,0.004990173507879861,1,0,1,0
P08,V8_video1_normal,normal,1646,54.86309151462496,1,0.12800312573716643,0.10888638267764071,0.14711986879669217,0.1597243380192769,0.4146341463414634,1.0,0.32170288402470604,0.06337214511210176,0.1925375145684039,0.012395185391399059,1,0,0.5962687572842019,0.006197592695699529,1,0,1,0
P08,V8_video1_normal,normal,1647,54.89642267593397,1,0.1318367879715456,0.1135519492757835,0.15012162666730772,0.1594851814790402,0.4146341463414634,1.0,0.5090987601990886,0.08456540913871124,0.29683208466889993,0.004501863920035626,1,0,0.6484160423344499,0.002250931960017813,1,0,1,0
P08,V8_video1_normal,normal,1648,54.92975383724298,1,0.11403925782421948,0.08831244664352593,0.13976606900491303,0.16028194617075914,0.4146341463414634,1.0,0.574110933873637,0.15092285580509646,0.3625168948393667,0.002217187073490641,1,0,0.6812584474196833,0.0011085935367453204,1,0,1,0
P08,V8_video1_normal,normal,1649,54.963084998551984,1,0.10953377311451969,0.08239013535925255,0.13667741086978683,0.1607031497694611,0.4146341463414634,1.0,0.3313147900140798,0.19050119340107696,0.2609079917075784,0.02004487945477926,1,0,0.6304539958537891,0.01002243972738963,1,0,1,0
P08,V8_video1_normal,normal,1650,54.99641615986099,1,0.12298629629914068,0.09173951405857166,0.15423307853970972,0.15834241043374264,0.4146341463414634,1.0,0.19528097316894588,0.054175269083537314,0.1247281211262416,0.13234677494271027,1,0,0.5623640605631208,0.06617338747135514,1,0,0,0
P08,V8_video1_normal,normal,1651,55.02974732117,1,0.12279768160078627,0.09935077524177487,0.1462445879597977,0.15853634600423633,0.4146341463414634,1.0,0.4644852405632699,0.08453396378672329,0.2745096021749966,0.06061165702748026,1,0,0.6372548010874983,0.03030582851374013,1,0,1,0
P08,V8_video1_normal,normal,1652,55.06307848247901,1,0.12523719655432072,0.10226297957318471,0.14821141353545675,0.15862632120088385,0.4146341463414634,1.0,0.18947306653767604,0.17925061794882113,0.18436184224324859,0.048890551058788666,1,0,0.5921809211216242,0.024445275529394333,1,0,1,0
P08,V8_video1_normal,normal,1653,55.09640964378801,1,0.10544684521295317,0.08874302960395547,0.12215066082195088,0.15754472123906174,0.4146341463414634,1.0,0.5507437743582071,0.10253853074510044,0.32664115255165377,0.12094949965537795,1,0,0.6633205762758269,0.060474749827688974,1,0,1,0
P08,V8_video1_normal,normal,1654,55.129740805097015,1,0.08496144274138978,0.06273990949797617,0.10718297598480338,0.15858620444607774,0.4146341463414634,1.0,0.412403524164326,0.09385160314445962,0.2531275636543928,0.0998264092015816,1,0,0.6265637818271964,0.0499132046007908,1,0,1,0
P08,V8_video1_normal,normal,1655,55.16307196640602,1,0.08454842466481287,0.06153678250321728,0.10756006682640847,0.15923300813368782,0.4146341463414634,1.0,0.37426890643989263,0.18274128894808916,0.2785050976939909,0.11046773334451099,1,0,0.6392525488469954,0.055233866672255494,1,0,1,0
P08,V8_video1_normal,normal,1656,55.19640312771503,1,0.08200687473931259,0.06070989025096855,0.10330385922765664,0.15897660385596724,0.4146341463414634,1.0,0.5434287347365829,0.22403078734724813,0.38372976104191553,0.05877451146826129,1,0,0.6918648805209577,0.029387255734130646,1,0,1,0
P08,V8_video1_normal,normal,1657,55.22973428902404,1,0.07781922480036323,0.059475777919965646,0.0961626716807608,0.15895920296981417,0.4146341463414634,1.0,0.7197687191025152,0.1721210845325385,0.44594490181752683,0.11890980411352085,1,0,0.7229724509087634,0.05945490205676043,1,0,1,0
P08,V8_video1_normal,normal,1658,55.263065450333045,1,0.0807725766872784,0.058675441270096156,0.10286971210446065,0.15898500074963595,0.4146341463414634,1.0,0.4542065735907941,0.16849635247281358,0.31135146303180383,0.10426608746271165,1,0,0.6556757315159019,0.05213304373135583,1,0,1,0
P08,V8_video1_normal,normal,1659,55.29639661164205,1,0.07043253363525778,0.04478539934892437,0.09607966792159119,0.15983838380568408,0.4146341463414634,1.0,0.34307196477558677,0.07703367834926256,0.21005282156242466,0.1477749718711426,1,0,0.6050264107812123,0.0738874859355713,1,0,1,0
P08,V8_video1_normal,normal,1660,55.32972777295106,1,0.06367367182010193,0.04374528929141628,0.08360205434878758,0.16087607821280342,0.4146341463414634,1.0,0.11853091868950483,0.13599815584758734,0.12726453726854609,0.05579669495112696,1,0,0.5636322686342731,0.02789834747556348,1,0,0,0
P08,V8_video1_normal,normal,1661,55.36305893426006,1,0.051096531892255104,0.02947670382216664,0.07271635996234357,0.1591843526223508,0.4146341463414634,1.0,0.31087228052887905,0.06529987884373534,0.1880860796863072,0.04456796286555714,1,0,0.5940430398431535,0.02228398143277857,1,0,1,0
P08,V8_video1_normal,normal,1662,55.39639009556907,1,0.05170655798983574,0.034289620660478436,0.06912349531919304,0.15849609747684187,0.4146341463414634,1.0,0.5232345567711163,0.4069208370578553,0.4650776969144858,0.03816099585344928,1,0,0.7325388484572429,0.01908049792672464,1,0,1,0
P08,V8_video1_normal,normal,1663,55.429721256878075,1,0.05187350949850626,0.03625898694465735,0.06748803205235517,0.159377143696282,0.4146341463414634,1.0,0.2901640084585788,0.17426634430606547,0.23221517638232214,0.015043752597138322,1,0,0.6161075881911611,0.007521876298569161,1,0,1,0
P08,V8_video1_normal,normal,1664,55.46305241818708,1,0.04431834708081459,0.03426477179439574,0.05437192236723344,0.15708370754308704,0.4146341463414634,1.0,0.5243629252188624,0.16437806932716015,0.3443704972730113,0.011215704034537031,1,0,0.6721852486365056,0.005607852017268516,1,0,1,0
P08,V8_video1_normal,normal,1665,55.49638357949609,1,0.043985851415070304,0.031183575443095593,0.05678812738704501,0.1568628531074374,0.4146341463414634,1.0,0.5300744808470781,0.08903691029260763,0.30955569556984286,0.02955676392712458,1,0,0.6547778477849214,0.01477838196356229,1,0,1,0
P08,V8_video1_normal,normal,1666,55.5297147408051,1,0.04030683575897087,0.021539239368991697,0.05907443214895005,0.15658795482569127,0.4146341463414634,1.0,0.49603127827559523,0.3272380375872518,0.4116346579314235,0.01602641755231708,1,0,0.7058173289657117,0.00801320877615854,1,0,1,0
P08,V8_video1_normal,normal,1667,55.563045902114105,1,0.05545414386095503,0.03851656146466983,0.07239172625724022,0.15840016164089638,0.4146341463414634,1.0,0.4221818524654487,0.420544671585252,0.42136326202535035,0.01646665384295544,1,0,0.7106816310126751,0.00823332692147772,1,0,1,0
P08,V8_video1_normal,normal,1668,55.59637706342311,1,0.08779894790530357,0.06519855384912879,0.11039934196147837,0.15719244113322428,0.4146341463414634,1.0,0.06993182289108124,0.13937145498427617,0.1046516389376787,0.0037975319409465024,1,0,0.5523258194688394,0.0018987659704732512,1,0,0,0
P08,V8_video1_normal,normal,1669,55.62970822473212,1,0.12280191412191746,0.10012315488160788,0.14548067336222703,0.15732272759522686,0.4146341463414634,1.0,0.13365365457466327,0.0965372278389357,0.11509544120679949,0.003623174188713397,1,0,0.5575477206033997,0.0018115870943566986,1,0,0,0
P08,V8_video1_normal,normal,1670,55.66303938604112,1,0.12893785619374976,0.10657852631100725,0.15129718607649223,0.15880067639454873,0.4146341463414634,1.0,0.26018091740806637,0.3069734023348818,0.2835771598714741,0.0022092032510484514,1,0,0.641788579935737,0.0011046016255242257,1,0,1,0
P08,V8_video1_normal,normal,1671,55.69637054735013,1,0.14045879820310822,0.11729895057602123,0.1636186458301952,0.16086531861938116,0.4124168514412417,1.0,0.3485816554915332,0.01831986794573881,0.183450761718636,0.006426175211707623,0,0,0.091725380859318,0.0032130876058538115,0,0,0,0
P08,V8_video1_normal,normal,1672,55.729701708659135,1,0.13699703566745908,0.12650652691273714,0.14748754442218098,0.1596715489014729,0.4124168514412417,1.0,0.19542055528458568,0.1389704148137738,0.16719548504917975,0.0029675964935828264,1,0,0.5835977425245898,0.0014837982467914132,1,0,1,0
P08,V8_video1_normal,normal,1673,55.76303286996814,1,0.1424706087712927,0.12383700932688342,0.16110420821570198,0.15959816985229902,0.41019955654101997,1.0,0.2123733316711336,0.0658263131485336,0.1390998224098336,0.0014362233435628428,0,0,0.0695499112049168,0.0007181116717814214,0,0,0,0
P08,V8_video1_normal,normal,1674,55.79636403127715,1,0.12641372698825493,0.1145900247147861,0.13823742926172375,0.16245680842728505,0.41019955654101997,1.0,0.16394317136855752,0.13001403427206704,0.14697860282031228,0.006399368870316581,1,1,0.5734893014101561,0.5031996844351583,1,1,0,0
P08,V8_video1_normal,normal,1675,55.82969519258616,1,0.12466166178152882,0.10175669211167816,0.14756663145137947,0.1621801058067153,0.41019955654101997,1.0,0.20341932876598556,0.11596910184944043,0.159694215307713,0.004906197155145327,1,0,0.5798471076538565,0.0024530985775726637,1,0,0,0
P08,V8_video1_normal,normal,1676,55.863026353895165,1,0.10380496240132281,0.08949792394644633,0.11811200085619929,0.16233453516760113,0.41019955654101997,1.0,0.5444515319055525,0.21355959390417767,0.3790055629048651,0.004309234116626809,1,0,0.6895027814524326,0.0021546170583134046,1,0,1,0
P08,V8_video1_normal,normal,1677,55.89635751520417,1,0.08507650001053266,0.06107021446806446,0.10908278555300085,0.16178013257736032,0.41019955654101997,1.0,0.257424845773618,0.0751251325916058,0.1662749891826119,0.0006134710192449961,1,0,0.5831374945913059,0.00030673550962249805,1,0,1,0
P08,V8_video1_normal,normal,1678,55.92968867651318,1,0.07806317997531748,0.045026013812223306,0.11110034613841165,0.16357518144606023,0.41019955654101997,1.0,0.2754574547901395,0.27575861902670207,0.2756080369084208,0.001021030820307789,1,1,0.6378040184542104,0.5005105154101539,1,1,1,0
P08,V8_video1_normal,normal,1679,55.96301983782218,1,0.07725391781604443,0.043847121685225456,0.11066071394686341,0.163326010843157,0.41019955654101997,1.0,0.213575251077331,0.20701775984745063,0.21029650546239081,0.002917067206853069,1,1,0.6051482527311954,0.5014585336034265,1,1,1,0
P08,V8_video1_normal,normal,1680,55.99635099913119,1,0.07091133180396053,0.052031904157392755,0.08979075945052832,0.16516187231902368,0.41019955654101997,1.0,0.3491247236201155,0.08997636087603811,0.2195505422480768,0.03115580360524003,1,1,0.6097752711240384,0.51557790180262,1,1,1,0
P08,V8_video1_normal,normal,1681,56.029682160440196,1,0.058157395717063964,0.041323054409286096,0.07499173702484184,0.16500027538105883,0.41019955654101997,1.0,0.6027738799013078,0.10112331395399232,0.35194859692765007,0.07640958460750254,1,1,0.6759742984638251,0.5382047923037513,1,1,1,0
P08,V8_video1_normal,normal,1682,56.0630133217492,1,0.047915702817441314,0.030462586460924986,0.06536881917395763,0.16469086752533993,0.41019955654101997,1.0,0.47704263052057816,0.07756136433445249,0.2773019974275153,0.028833630070983954,1,1,0.6386509987137576,0.514416815035492,1,1,1,0
P08,V8_video1_normal,normal,1683,56.09634448305821,1,0.05281035709703744,0.02335490065004872,0.08226581354402616,0.1629380238142158,0.41019955654101997,1.0,0.49191898444839655,0.12892389473599208,0.3104214395921943,0.019759864091641287,1,1,0.6552107197960971,0.5098799320458206,1,1,1,0
P08,V8_video1_normal,normal,1684,56.12967564436722,1,0.047487681943396524,0.015862425844203446,0.0791129380425896,0.16342518624855298,0.4124168514412417,1.0,0.293915882721684,0.17121710096570242,0.2325664918436932,0.026573143336166265,1,1,0.6162832459218466,0.5132865716680831,1,1,1,0
P08,V8_video1_normal,normal,1685,56.163006805676225,1,0.044541852665721304,0.01743741327916437,0.07164629205227824,0.16349914380885633,0.4146341463414634,1.0,0.595440221569271,0.30807204043026715,0.4517561309997691,0.01579898324871386,1,1,0.7258780654998845,0.5078994916243569,1,1,1,0
P08,V8_video1_normal,normal,1686,56.19633796698523,1,0.053338550240830916,0.02149126603247621,0.08518583444918562,0.16426051016367424,0.41685144124168516,1.0,0.4858289623411203,0.05257131402106985,0.26920013818109506,0.03928645742292955,1,1,0.6346000690905476,0.5196432287114647,1,1,1,0
P08,V8_video1_normal,normal,1687,56.22966912829423,1,0.03821492205162192,0.014272985962648959,0.06215685814059488,0.163924452982289,0.4190687361419069,1.0,0.6322940776593164,0.20769941229021038,0.4199967449747634,0.06803144052687572,1,1,0.7099983724873817,0.5340157202634379,1,1,1,0
P08,V8_video1_normal,normal,1688,56.26300028960324,1,0.03027913025813938,0.009445534968129688,0.05111272554814907,0.16422710375888064,0.4212860310421286,1.0,0.5435656678219485,0.19286066442967864,0.36821316612581356,0.24299979068200742,1,1,0.6841065830629067,0.6214998953410037,1,1,1,1
P08,V8_video1_normal,normal,1689,56.29633145091225,1,0.03548507658748416,0.011815994785244716,0.059154158389723606,0.16415839726760403,0.42350332594235035,1.0,0.3390496680083871,0.16708286957228635,0.2530662687903367,0.07460601400712127,1,1,0.6265331343951683,0.5373030070035606,1,1,1,0
P08,V8_video1_normal,normal,1690,56.329662612221256,1,0.04474243039447518,0.013948736911526679,0.07553612387742369,0.16561295547012825,0.42572062084257206,1.0,0.5798087502886198,0.1591366442634411,0.36947269727603044,0.05761038853777004,1,1,0.6847363486380152,0.5288051942688851,1,1,1,0
P08,V8_video1_normal,normal,1691,56.36299377353026,1,0.037573286717631396,0.008751103587475198,0.06639546984778759,0.165327020478047,0.4279379157427938,1.0,0.405936862678727,0.19098518082991855,0.29846102175432276,0.028120585358411655,1,1,0.6492305108771614,0.5140602926792058,1,1,1,0
P08,V8_video1_normal,normal,1692,56.39632493483927,1,0.03671184647898902,0.01090887924037041,0.06251481371760763,0.16487787949375032,0.43015521064301554,1.0,0.36320657765168474,0.1574979455159221,0.2603522615838034,0.06476476890620313,1,1,0.6301761307919017,0.5323823844531016,1,1,1,0
P08,V8_video1_normal,normal,1693,56.42965609614828,1,0.03938464278257595,0.012059733968885308,0.0667095515962666,0.16467901871415236,0.43237250554323725,1.0,0.35176200256990997,0.16467382324789615,0.25821791290890306,0.023413183544859533,1,1,0.6291089564544515,0.5117065917724297,1,1,1,0
P08,V8_video1_normal,normal,1694,56.462987257457286,1,0.0427565391155508,0.014943110890187246,0.07056996734091435,0.16482782665727477,0.43237250554323725,1.0,0.6009996068476147,0.17769235721391707,0.38934598203076587,0.04305951781003625,1,1,0.6946729910153829,0.5215297589050181,1,1,1,0
P08,V8_video1_normal,normal,1695,56.49631841876629,1,0.04814086046193407,0.021525315686202567,0.07475640523766557,0.1652532012089461,0.43237250554323725,1.0,0.19345999426227212,0.1148523955885169,0.1541561949253945,0.03566786399852773,1,1,0.5770780974626972,0.5178339319992639,1,1,0,0
P08,V8_video1_normal,normal,1696,56.529649580075294,1,0.0576233078871961,0.03598374457453715,0.07926287119985505,0.16549146210010296,0.43237250554323725,1.0,0.3478628276503012,0.1495553034728173,0.24870906556155925,0.050202356969659905,1,1,0.6243545327807796,0.52510117848483,1,1,1,0
P08,V8_video1_normal,normal,1697,56.5629807413843,1,0.06019159221538951,0.029679555656876033,0.09070362877390298,0.16601390399803773,0.43237250554323725,1.0,0.3944295770113917,0.0743849232990158,0.23440725015520375,0.03288956055398133,1,1,0.6172036250776018,0.5164447802769907,1,1,1,0
P08,V8_video1_normal,normal,1698,56.59631190269331,1,0.053033793344936145,0.023271722302963413,0.08279586438690888,0.1665960626447439,0.43237250554323725,1.0,0.5833452216328948,0.29159327186100537,0.4374692467469501,0.019616813296471292,1,1,0.718734623373475,0.5098084066482357,1,1,1,0
P08,V8_video1_normal,normal,1699,56.629643064002316,1,0.052205543553571834,0.027624888446807112,0.07678619866033656,0.1669310958564848,0.43237250554323725,1.0,0.2748152300180904,0.30793968984924835,0.29137745993366937,0.022584137547386134,1,1,0.6456887299668347,0.511292068773693,1,1,1,0
P08,V8_video1_normal,normal,1700,56.66297422531132,1,0.054493263632432024,0.024899257209802128,0.08408727005506192,0.16463146688060792,0.43237250554323725,1.0,0.5521563330407042,0.3748616225966166,0.4635089778186604,0.011127295178613167,1,1,0.7317544889093301,0.5055636475893066,1,1,1,0
P08,V8_video1_normal,normal,1701,56.69630538662033,1,0.056574069323257814,0.025475209744776964,0.08767292890173867,0.1646157539514561,0.43237250554323725,1.0,0.7111105057197631,0.3885890947261754,0.5498498002229693,0.019881373384016854,1,1,0.7749249001114846,0.5099406866920084,1,1,1,0
P08,V8_video1_normal,normal,1702,56.72963654792934,1,0.044467166658420015,0.011885537949353916,0.07704879536748611,0.16524456259184464,0.43237250554323725,1.0,0.6483014257785176,0.20425366878100149,0.4262775472797595,0.017694089256735393,1,1,0.7131387736398798,0.5088470446283677,1,1,1,0
P08,V8_video1_normal,normal,1703,56.762967709238346,1,0.03790744003682368,0.010840841529333662,0.06497403854431369,0.16508127426821978,0.43237250554323725,1.0,0.4643378808203297,0.5633691192647252,0.5138535000425275,0.021625555467357373,1,1,0.7569267500212638,0.5108127777336787,1,1,1,0
P08,V8_video1_normal,normal,1704,56.796298870547346,1,0.04306248688597318,0.020871547601115658,0.0652534261708307,0.1651773650123183,0.43237250554323725,1.0,0.4114854422924088,0.07180367724663761,0.2416445597695232,0.025542760733309022,1,1,0.6208222798847616,0.5127713803666545,1,1,1,0
P08,V8_video1_normal,normal,1705,56.829630031856354,1,0.04677940775539337,0.01984460127154817,0.07371421423923856,0.16442679064631296,0.43237250554323725,1.0,0.22321916536099506,0.25892557341498657,0.24107236938799081,0.05544768451973002,1,1,0.6205361846939954,0.527723842259865,1,1,1,0
P08,V8_video1_normal,normal,1706,56.86296119316536,1,0.04838021557609393,0.027532372459744,0.06922805869244385,0.16347054034808722,0.43237250554323725,1.0,0.4684631270089623,0.1771484361950717,0.322805781602017,0.014050759774976319,1,1,0.6614028908010086,0.5070253798874882,1,1,1,0
P08,V8_video1_normal,normal,1707,56.89629235447437,1,0.032689663810100945,0.01568145538063669,0.0496978722395652,0.16540703184806094,0.43237250554323725,1.0,0.33876104084052183,0.46724435400149733,0.4030026974210096,0.013291223535579912,1,1,0.7015013487105048,0.50664561176779,1,1,1,0
P08,V8_video1_normal,normal,1708,56.929623515783376,1,0.032573632902494425,0.014313382228736866,0.05083388357625198,0.16639422124282996,0.43237250554323725,1.0,0.370990821618564,0.14342428097016013,0.25720755129436207,0.0392588678898909,1,1,0.6286037756471811,0.5196294339449454,1,1,1,0
P08,V8_video1_normal,normal,1709,56.962954677092384,1,0.04343344725183504,0.018641119436231098,0.06822577506743897,0.1661714660487531,0.43237250554323725,1.0,0.31537124686067086,0.07775840608483908,0.19656482647275497,0.0271981458793109,1,1,0.5982824132363775,0.5135990729396555,1,1,1,0
P08,V8_video1_normal,normal,1710,56.99628583840139,1,0.04694330418929378,0.028201418049816972,0.06568519032877058,0.16399963155262307,0.43237250554323725,1.0,0.5069913274679113,0.13685792740323444,0.3219246274355729,0.16249379366068165,1,1,0.6609623137177865,0.5812468968303408,1,1,1,0
P08,V8_video1_normal,normal,1711,57.0296169997104,1,0.03940175862371282,0.01903766580700027,0.05976585144042537,0.16393860005820107,0.43237250554323725,1.0,0.5189981373477843,0.14937481326203683,0.3341864753049106,0.03198313257327075,1,1,0.6670932376524553,0.5159915662866353,1,1,1,0
P08,V8_video1_normal,normal,1712,57.062948161019406,1,0.05874590897922668,0.03553760146125404,0.08195421649719932,0.16388559489761,0.43458980044345896,1.0,0.41291619353805,0.17897578616514553,0.29594598985159776,0.06418699708441523,1,1,0.6479729949257989,0.5320934985422077,1,1,1,0
P08,V8_video1_normal,normal,1713,57.09627932232841,1,0.07307115715292231,0.043734702161573887,0.10240761214427074,0.1631590564751239,0.43680709534368073,1.0,0.6810635672326967,0.26735779629755296,0.4742106817651248,0.02474560804824794,1,1,0.7371053408825624,0.512372804024124,1,1,1,0
P08,V8_video1_normal,normal,1714,57.129610483637414,1,0.06155930777512629,0.03626268007812507,0.08685593547212751,0.16213171198702014,0.43902439024390244,1.0,0.7695542974314132,0.1252520100139567,0.44740315372268497,0.010545577108594615,1,0,0.7237015768613425,0.005272788554297307,1,0,1,0
P08,V8_video1_normal,normal,1715,57.16294164494642,1,0.05771330577815048,0.030609517294519998,0.08481709426178097,0.16119753107479987,0.44124168514412415,1.0,0.4435570588159121,0.2722094661607485,0.3578832624883303,0.004425664847321505,1,0,0.6789416312441652,0.0022128324236607524,1,0,1,0
P08,V8_video1_normal,normal,1716,57.19627280625543,1,0.08118318744543557,0.056329245255568434,0.10603712963530271,0.1609875512300488,0.4434589800443459,1.0,0.3094034687905993,0.15120424296499357,0.23030385587779645,0.006629201067759421,1,0,0.6151519279388982,0.0033146005338797104,1,0,1,0
P08,V8_video1_normal,normal,1717,57.22960396756444,1,0.11836342636885765,0.10187189491746443,0.13485495782025086,0.16067137739932516,0.44567627494456763,1.0,0.34846663396552013,0.14308038680118962,0.24577351038335488,0.009801761070016863,1,0,0.6228867551916775,0.0049008805350084315,1,0,1,0
P08,V8_video1_normal,normal,1718,57.262935128873444,1,0.13676812112348358,0.10977768422326283,0.16375855802370431,0.16046896506673766,0.44789356984478934,1.0,0.2536413202069697,0.23071874135099835,0.24218003077898403,0.05168156086394168,1,0,0.621090015389492,0.02584078043197084,1,0,1,0
P08,V8_video1_normal,normal,1719,57.29626629018245,1,0.15608019186668648,0.1324291430769714,0.1797312406564016,0.15963036682715004,0.44789356984478934,1.0,0.10983594288395893,0.07415834556740009,0.0919971442256795,0.04989506830278195,0,0,0.04599857211283975,0.024947534151390977,0,0,0,0
P08,V8_video1_normal,normal,1720,57.32959745149146,1,0.16440938499819008,0.13206765548340763,0.1967511145129725,0.1594330127818549,0.44567627494456763,1.0,0.36498859328610145,0.05829766769127687,0.21164313048868916,0.03968780599228552,0,0,0.10582156524434458,0.01984390299614276,0,0,0,0
P08,V8_video1_normal,normal,1721,57.36292861280047,1,0.17854542157229808,0.15727053033116012,0.199820312813436,0.15826294431523333,0.44567627494456763,1.0,0.2859137418248804,0.052744459721144055,0.16932910077301222,0.015192430075010246,0,0,0.08466455038650611,0.007596215037505123,0,0,0,0
P08,V8_video1_normal,normal,1722,57.39625977410947,1,0.16886017925974323,0.1479880354016656,0.18973232311782082,0.15824292992424005,0.44567627494456763,1.0,0.2473056881146085,0.06313749306536054,0.15522159058998453,0.024391911043711984,0,0,0.07761079529499226,0.012195955521855992,0,0,0,0
P08,V8_video1_normal,normal,1723,57.429590935418474,1,0.19004678301460143,0.17339407619012762,0.20669948983907527,0.1575832871995042,0.44567627494456763,1.0,0.23789312655216122,0.07155647124260589,0.15472479889738355,0.06262086128880426,0,0,0.07736239944869178,0.03131043064440213,0,0,0,0
P08,V8_video1_normal,normal,1724,57.46292209672748,1,0.19576872134212625,0.18438013102577053,0.207157311658482,0.15795932157962328,0.44567627494456763,1.0,0.5611604729670645,0.04747011831798176,0.30431529564252313,0.04458600691076372,0,0,0.15215764782126157,0.02229300345538186,0,0,0,0
P08,V8_video1_normal,normal,1725,57.49625325803649,1,0.18289726195840306,0.16585557577198665,0.19993894814481947,0.15693838983020744,0.4434589800443459,1.0,0.14827888355851782,0.09051145805617933,0.11939517080734857,0.0452065351198417,0,0,0.059697585403674286,0.02260326755992085,0,0,0,0
P08,V8_video1_normal,normal,1726,57.5295844193455,1,0.18328269536936315,0.16884305413894404,0.19772233659978222,0.1569070098693822,0.44124168514412415,1.0,0.03320679408121574,0.012969757684432759,0.02308827588282425,0.07044012345333693,0,0,0.011544137941412125,0.035220061726668465,0,0,0,0
P08,V8_video1_normal,normal,1727,57.562915580654504,1,0.18486577473758883,0.16840623842830524,0.20132531104687243,0.1563787839974601,0.43902439024390244,1.0,0.0022612087825337746,0.010625703583417079,0.006443456182975427,0.06008566723755541,0,0,0.0032217280914877133,0.030042833618777704,0,0,0,0
P08,V8_video1_normal,normal,1728,57.59624674196351,1,0.16988665135161257,0.14692485406623,0.19284844863699513,0.15657809143486592,0.43902439024390244,1.0,0.008307450076637468,0.004936556296660566,0.006622003186649017,0.024834348543413237,0,0,0.0033110015933245085,0.012417174271706619,0,0,0,0
P08,V8_video1_normal,normal,1729,57.62957790327252,1,0.18338458413336467,0.16700869377662259,0.19976047449010675,0.15635762037074402,0.43902439024390244,1.0,0.29017491028973186,0.011408783518722543,0.1507918469042272,0.0483813082509732,0,0,0.0753959234521136,0.0241906541254866,0,0,0,0
P08,V8_video1_normal,normal,1730,57.66290906458152,1,0.17561434410001014,0.15436353178679052,0.19686515641322974,0.15796828564059812,0.43902439024390244,1.0,0.04462030673639039,0.12213373215807166,0.08337701944723103,0.046184949052924286,0,0,0.04168850972361551,0.023092474526462143,0,0,0,0
P08,V8_video1_normal,normal,1731,57.69624022589053,1,0.1794526167287018,0.16346907404572472,0.19543615941167888,0.15564817736012784,0.43902439024390244,1.0,0.028918338748338046,0.014252983315813927,0.021585661032075987,0.016661359707547542,0,0,0.010792830516037993,0.008330679853773771,0,0,0,0
P08,V8_video1_normal,normal,1732,57.729571387199535,1,0.17902897647694582,0.16125817646409898,0.1967997764897927,0.15518890525798854,0.43902439024390244,1.0,0.054187425927733734,0.0091562929743908,0.03167185945106227,0.12380475372244965,0,0,0.015835929725531134,0.06190237686122482,0,0,0,0
P08,V8_video1_normal,normal,1733,57.76290254850854,1,0.1748234883831709,0.15696440158413955,0.19268257518220228,0.15596267499658115,0.43902439024390244,1.0,0.056030923555412504,0.013810423274582262,0.03492067341499738,0.06814661265184034,0,0,0.01746033670749869,0.03407330632592017,0,0,0,0
P08,V8_video1_normal,normal,1734,57.79623370981755,1,0.17275623036019866,0.14858755845238072,0.19692490226801662,0.15605478931559463,0.43902439024390244,1.0,0.11267573643007511,0.033237393928909564,0.07295656517949234,0.08854307910536029,0,0,0.03647828258974617,0.04427153955268014,0,0,0,0
P08,V8_video1_normal,normal,1735,57.82956487112656,1,0.17351984772941365,0.14932427144557878,0.19771542401324854,0.1562868668435156,0.43902439024390244,1.0,0.04776699699105991,0.11210199448416747,0.07993449573761369,0.15028597327575702,0,0,0.03996724786880684,0.07514298663787851,0,0,0,0
P08,V8_video1_normal,normal,1736,57.862896032435565,1,0.18054986649563123,0.15740895826606205,0.20369077472520042,0.15702912353269358,0.43902439024390244,1.0,0.15302871454208689,0.04002516529348543,0.09652693991778616,0.04767718686723203,0,0,0.04826346995889308,0.023838593433616016,0,0,0,0
P08,V8_video1_normal,normal,1737,57.89622719374457,1,0.1776226758778516,0.15356052017421037,0.20168483158149283,0.15716851147678496,0.43902439024390244,1.0,0.04711574343964142,0.024454415988278577,0.03578507971396,0.028201417375938658,0,0,0.01789253985698,0.014100708687969329,0,0,0,0
P08,V8_video1_normal,normal,1738,57.92955835505358,1,0.16110620804765874,0.14555633992081377,0.1766560761745037,0.15689719626258986,0.43902439024390244,1.0,0.18951124026901223,0.04934617998069524,0.11942871012485373,0.0881157246753249,0,0,0.059714355062426866,0.04405786233766245,0,0,0,0
P08,V8_video1_normal,normal,1739,57.96288951636258,1,0.13611621072227617,0.11328009375278994,0.1589523276917624,0.15655282360420142,0.43902439024390244,1.0,0.587150357627903,0.015563382913743373,0.3013568702708232,0.022448109866929536,1,0,0.6506784351354116,0.011224054933464768,1,0,1,0
P08,V8_video1_normal,normal,1740,57.99622067767159,1,0.13690646877189672,0.12165814686477329,0.15215479067902013,0.15668161868092798,0.43902439024390244,1.0,0.47538986280453255,0.08587589354291458,0.28063287817372357,0.020443630936226056,1,0,0.6403164390868618,0.010221815468113028,1,0,1,0
P08,V8_video1_normal,normal,1741,58.029551838980595,1,0.14787689417010927,0.1299173350255581,0.16583645331466043,0.15560323332042256,0.43680709534368073,1.0,0.7042802936774095,0.1330043611773244,0.41864232742736696,0.02020802660243957,0,0,0.20932116371368348,0.010104013301219785,0,0,0,0
P08,V8_video1_normal,normal,1742,58.0628830002896,1,0.13820696354039044,0.12307690733372183,0.15333701974705904,0.1569501348470098,0.43680709534368073,1.0,0.47161389264394815,0.08159579962367847,0.2766048461338133,0.011489395890076982,1,0,0.6383024230669067,0.005744697945038491,1,0,1,0
P08,V8_video1_normal,normal,1743,58.09621416159861,1,0.1025852965747874,0.08406529309293435,0.12110530005664046,0.1577402078524808,0.43680709534368073,1.0,0.10778473335605154,0.33627311428918405,0.2220289238226178,0.019075987191670453,1,0,0.6110144619113089,0.009537993595835226,1,0,1,0
P08,V8_video1_normal,normal,1744,58.12954532290762,1,0.07553426767891898,0.05164716414813625,0.09942137120970171,0.15678451926324669,0.43680709534368073,1.0,0.03843977234922247,0.39572702492819267,0.21708339863870757,0.010010489069501418,1,0,0.6085416993193538,0.005005244534750709,1,0,1,0
P08,V8_video1_normal,normal,1745,58.162876484216625,1,0.07313555325513713,0.05846747329216863,0.08780363321810561,0.15621381566579512,0.43680709534368073,1.0,0.09325879789831304,0.40450676895075377,0.2488827834245334,0.005231523419612253,1,0,0.6244413917122666,0.0026157617098061265,1,0,1,0
P08,V8_video1_normal,normal,1746,58.19620764552563,1,0.07511858398979267,0.06117492730706538,0.08906224067251996,0.1564804124027578,0.43680709534368073,1.0,0.07548155476079454,0.29263640814029923,0.1840589814505469,0.007006190058514553,1,0,0.5920294907252734,0.0035030950292572766,1,0,1,0
P08,V8_video1_normal,normal,1747,58.22953880683464,1,0.09366408573772453,0.07513667692101919,0.11219149455442985,0.15712339657314256,0.43680709534368073,1.0,0.589843627362465,0.22689745470299705,0.408370541032731,0.020255745667699623,1,0,0.7041852705163655,0.010127872833849812,1,0,1,0
P08,V8_video1_normal,normal,1748,58.26286996814364,1,0.07225502308903775,0.05672824220280934,0.08778180397526616,0.15799697027113896,0.43680709534368073,1.0,0.7675776883145442,0.18005785494354465,0.4738177716290444,0.009704736309724378,1,0,0.7369088858145222,0.004852368154862189,1,0,1,0
P08,V8_video1_normal,normal,1749,58.29620112945265,1,0.0739953313211048,0.05340998076192298,0.09458068188028665,0.15788055458333003,0.43680709534368073,1.0,0.5285882983942642,0.3253701220724534,0.42697921023335883,0.006987517911640887,1,0,0.7134896051166795,0.0034937589558204436,1,0,1,0
P08,V8_video1_normal,normal,1750,58.329532290761655,1,0.05594174829483891,0.03328466717185659,0.07859882941782123,0.15869375667487368,0.43680709534368073,1.0,0.16435879763651406,0.3210684392220533,0.24271361842928368,0.014818416552506306,1,0,0.6213568092146419,0.007409208276253153,1,0,1,0
P08,V8_video1_normal,normal,1751,58.36286345207066,1,0.039993259883615066,0.010028860877969312,0.06995765888926082,0.15898178589660614,0.43680709534368073,1.0,0.58674381998684,0.22680006558217747,0.40677194278450873,0.01188025520415201,1,0,0.7033859713922543,0.005940127602076005,1,0,1,0
P08,V8_video1_normal,normal,1752,58.39619461337967,1,0.03221252713542882,0.008409212660510625,0.05601584161034701,0.1590605482112294,0.43680709534368073,1.0,0.7334477914512418,0.3064256942471807,0.5199367428492112,0.012831653401341226,1,0,0.7599683714246056,0.006415826700670613,1,0,1,0
P08,V8_video1_normal,normal,1753,58.42952577468868,1,0.031757287710316356,0.012660966666711891,0.050853608753920816,0.15968052073787695,0.43680709534368073,1.0,0.748817930827222,0.19835156807035415,0.4735847494487881,0.010335641641771143,1,0,0.7367923747243941,0.005167820820885571,1,0,1,0
P08,V8_video1_normal,normal,1754,58.462856935997685,1,0.0374269358911334,0.007060191168006066,0.06779368061426073,0.15935082585013524,0.43680709534368073,1.0,0.5872562318588841,0.19803051014280693,0.3926433710008455,0.010821275985947558,1,0,0.6963216855004227,0.005410637992973779,1,0,1,0
P08,V8_video1_normal,normal,1755,58.49618809730669,1,0.04978058046992752,0.02604310147977622,0.07351805946007882,0.1588741828254531,0.43902439024390244,1.0,0.7001643068920489,0.20239094014103087,0.4512776235165399,0.01737816409524702,1,0,0.7256388117582699,0.00868908204762351,1,0,1,0
P08,V8_video1_normal,normal,1756,58.52951925861569,1,0.07653599788248795,0.05342770606236622,0.09964428970260969,0.15923525728353075,0.44124168514412415,1.0,0.42076330820892704,0.24581951059476426,0.33329140940184565,0.010491793827340728,1,0,0.6666457047009229,0.005245896913670364,1,0,1,0
P08,V8_video1_normal,normal,1757,58.5628504199247,1,0.07377276301033292,0.04953215239705706,0.09801337362360879,0.1597258934878751,0.4434589800443459,1.0,0.32355158585932264,0.3850951046283936,0.3543233452438581,0.005460794590516741,1,0,0.6771616726219291,0.0027303972952583706,1,0,1,0
P08,V8_video1_normal,normal,1758,58.59618158123371,1,0.1037478067812399,0.07890690555635553,0.1285887080061243,0.16279601666038873,0.44567627494456763,1.0,0.5875429316097611,0.1494160783013081,0.3684795049555346,0.0036115560939581773,1,1,0.6842397524777672,0.5018057780469791,1,1,1,0
P08,V8_video1_normal,normal,1759,58.629512742542715,1,0.11014155070172166,0.08409006949204358,0.13619303191139975,0.1624989444506773,0.44789356984478934,1.0,0.8752953430179634,0.023063711566006062,0.44917952729198474,0.0018803781429565104,1,1,0.7245897636459924,0.5009401890714783,1,1,1,0
P08,V8_video1_normal,normal,1760,58.66284390385172,1,0.08122566674220781,0.053121326355624075,0.10933000712879155,0.1614313512897506,0.44789356984478934,1.0,0.6635663882751199,0.2352727489361488,0.44941956860563437,0.004002174582997868,1,0,0.7247097843028172,0.002001087291498934,1,0,1,0
P08,V8_video1_normal,normal,1761,58.69617506516073,1,0.05867590104156363,0.03636996666571627,0.080981835417411,0.16161014089559,0.44789356984478934,1.0,0.5175296166034657,0.15287224780338438,0.33520093220342506,0.006701237726218139,1,0,0.6676004661017125,0.0033506188631090695,1,0,1,0
P08,V8_video1_normal,normal,1762,58.72950622646974,1,0.04812144577877034,0.020303990299981277,0.07593890125755941,0.16167565023489688,0.44789356984478934,1.0,0.5573804208187372,0.35739548754775297,0.45738795418324507,0.015721289717038907,1,0,0.7286939770916225,0.007860644858519453,1,0,1,0
P08,V8_video1_normal,normal,1763,58.762837387778745,1,0.042427504760020274,0.01653736843211038,0.06831764108793016,0.16208831182698577,0.44789356984478934,1.0,0.47664560799261224,0.37537809758063967,0.42601185278662596,0.012286525722451546,1,0,0.713005926393313,0.006143262861225773,1,0,1,0
P08,V8_video1_normal,normal,1764,58.79616854908775,1,0.04780651002834416,0.02761660927722582,0.0679964107794625,0.16226142339067992,0.44789356984478934,1.0,0.617462944396097,0.383307063823524,0.5003850041098105,0.0050676307240015706,1,0,0.7501925020549052,0.0025338153620007853,1,0,1,0
P08,V8_video1_normal,normal,1765,58.82949971039675,1,0.046243581033088184,0.027472490463152477,0.06501467160302389,0.16289068360705414,0.44789356984478934,1.0,0.8129826914483405,0.2653071201093885,0.5391449057788644,0.0038049478762734374,1,1,0.7695724528894322,0.5019024739381367,1,1,1,0
P08,V8_video1_normal,normal,1766,58.86283087170576,1,0.04331768918291696,0.029495451063529476,0.057139927302304445,0.1637706339228473,0.44789356984478934,1.0,0.7144536295416033,0.10730220221002251,0.4108779158758129,0.004227179484634564,1,1,0.7054389579379065,0.5021135897423172,1,1,1,0
P08,V8_video1_normal,normal,1767,58.89616203301477,1,0.05154460884003459,0.036808500497140045,0.06628071718292913,0.16302890826946084,0.4501108647450111,1.0,0.7421240640107467,0.44037008994759275,0.5912470769791698,0.00614953187287464,1,1,0.7956235384895849,0.5030747659364373,1,1,1,0
P08,V8_video1_normal,normal,1768,58.929493194323776,1,0.04476560400848334,0.031659170803815216,0.05787203721315147,0.16444352185223546,0.4523281596452328,1.0,0.7571448214969287,0.2850341788868752,0.521089500191902,0.002975728497727511,1,1,0.760544750095951,0.5014878642488637,1,1,1,0
P08,V8_video1_normal,normal,1769,58.96282435563278,1,0.058072991580891714,0.027578054925116436,0.088567928236667,0.16295912377898752,0.45454545454545453,1.0,0.6770892782150066,0.17822567882674867,0.42765747852087765,0.0063486874883974306,1,1,0.7138287392604388,0.5031743437441987,1,1,1,0
P08,V8_video1_normal,normal,1770,58.99615551694179,1,0.04098641295411451,0.01799952605760729,0.06397329985062172,0.16376021624944773,0.4567627494456763,1.0,0.31747744736189265,0.034496491378480654,0.17598696937018665,0.04922578425038603,1,1,0.5879934846850934,0.524612892125193,1,1,1,0
P08,V8_video1_normal,normal,1771,59.0294866782508,1,0.04469423218157475,0.014426266973189186,0.07496219738996031,0.1651448974253932,0.458980044345898,1.0,0.43075318969719834,0.04832699046191302,0.23954009007955568,0.06551409125855165,1,1,0.6197700450397778,0.5327570456292758,1,1,1,0
P08,V8_video1_normal,normal,1772,59.062817839559806,1,0.04030647391853115,0.013998883140290084,0.06661406469677221,0.16377051504996826,0.4611973392461197,1.0,0.46603447074442794,0.14233053028483766,0.3041825005146328,0.08984839907037957,1,1,0.6520912502573164,0.5449241995351898,1,1,1,0
P08,V8_video1_normal,normal,1773,59.09614900086881,1,0.03249148685231277,0.008382939332172944,0.05660003437245259,0.16506252610664307,0.4634146341463415,1.0,0.5720952747260488,0.0600133751821913,0.31605432495412006,0.07349209177334809,1,1,0.6580271624770601,0.5367460458866741,1,1,1,0
P08,V8_video1_normal,normal,1774,59.12948016217781,1,0.030748157816042204,0.008002600428519028,0.05349371520356538,0.16701093524295524,0.4656319290465632,1.0,0.3738279233187217,0.15842025886393707,0.2661240910913294,0.03864124572269946,1,1,0.6330620455456647,0.5193206228613497,1,1,1,0
P08,V8_video1_normal,normal,1775,59.16281132348682,1,0.03212659315448474,0.007108836531345366,0.05714434977762411,0.16507440128197223,0.4678492239467849,1.0,0.4063163292352633,0.22632598286324845,0.31632115604925587,0.0876079093951808,1,1,0.6581605780246279,0.5438039546975904,1,1,1,0
P08,V8_video1_normal,normal,1776,59.19614248479583,1,0.036933004111883466,0.012166442293938578,0.06169956592982836,0.165697480909271,0.4700665188470067,1.0,0.4291451560262537,0.40994075264336693,0.4195429543348103,0.07118568449140052,1,1,0.7097714771674052,0.5355928422457003,1,1,1,0
P08,V8_video1_normal,normal,1777,59.229473646104836,1,0.030933608440739946,0.010961471220063164,0.05090574566141673,0.16470429385933152,0.4722838137472284,1.0,0.5281112006940556,0.18550182814844307,0.35680651442124933,0.02367187631439645,1,1,0.6784032572106247,0.5118359381571982,1,1,1,0
P08,V8_video1_normal,normal,1778,59.26280480741384,1,0.03751694027569218,0.01430065353742676,0.06073322701395761,0.16511476275923295,0.4745011086474501,1.0,0.49589069871998903,0.10071680953233175,0.2983037541261604,0.015400774400607472,1,1,0.6491518770630802,0.5077003872003037,1,1,1,0
P08,V8_video1_normal,normal,1779,59.29613596872285,1,0.03245033531174449,0.01077935338863373,0.05412131723485525,0.1642654122230431,0.47671840354767187,1.0,0.576754098707129,0.190767452523251,0.38376077561519,0.022550395594891897,1,1,0.691880387807595,0.5112751977974459,1,1,1,0
P08,V8_video1_normal,normal,1780,59.32946713003186,1,0.03826011881648038,0.01619425898767643,0.06032597864528432,0.16494712219075025,0.4789356984478936,1.0,0.43893374495739856,0.23325920270405598,0.33609647383072727,0.015438751953645047,1,1,0.6680482369153636,0.5077193759768225,1,1,1,0
P08,V8_video1_normal,normal,1781,59.362798291340866,1,0.0409125026224095,0.021674715195212954,0.06015029004960606,0.16539296483693655,0.4811529933481153,1.0,0.30550009937114697,0.1524233614555348,0.2289617304133409,0.006016585455924648,1,1,0.6144808652066704,0.5030082927279623,1,1,1,0
P08,V8_video1_normal,normal,1782,59.396129452649866,1,0.036389694772175595,0.00824500264286988,0.0645343869014813,0.16468397941027804,0.48337028824833705,1.0,0.7531294278740628,0.08868911253897216,0.42090927020651747,0.005550640698012788,1,1,0.7104546351032588,0.5027753203490064,1,1,1,0
P08,V8_video1_normal,normal,1783,59.429460613958874,1,0.041269484971707175,0.009086852826331865,0.07345211711708248,0.1642018644535384,0.48558758314855877,1.0,0.8823334917899144,0.24735229065652364,0.5648428912232191,0.012404446642461302,1,1,0.7824214456116095,0.5062022233212307,1,1,1,0
P08,V8_video1_normal,normal,1784,59.46279177526788,1,0.038744183246063484,0.007114301618193333,0.07037406487393363,0.16307140829028252,0.4878048780487805,1.0,0.614309994249997,0.22945778807837525,0.4218838911641861,0.0034756350482914745,1,1,0.7109419455820931,0.5017378175241457,1,1,1,0
P08,V8_video1_normal,normal,1785,59.49612293657689,1,0.035764462118843626,0.0057742189914193045,0.06575470524626795,0.16293996567303817,0.49002217294900224,1.0,0.5407108216707472,0.1261074919853773,0.33340915682806227,0.0018090947190148054,1,1,0.6667045784140311,0.5009045473595074,1,1,1,0
P08,V8_video1_normal,normal,1786,59.529454097885896,1,0.03565197709397204,0.006222368110680292,0.06508158607726379,0.163193532999347,0.49223946784922396,1.0,0.7174422344388498,0.20560374641877321,0.4615229904288115,0.004715293485298561,1,1,0.7307614952144057,0.5023576467426493,1,1,1,0
P08,V8_video1_normal,normal,1787,59.562785259194904,1,0.04510691353067989,0.015224545710726352,0.07498928135063343,0.1625414915007165,0.49445676274944567,1.0,0.4019482911853314,0.32947812268119503,0.3657132069332632,0.003251268853141599,1,1,0.6828566034666316,0.5016256344265708,1,1,1,0
P08,V8_video1_normal,normal,1788,59.59611642050391,1,0.05738263122291321,0.025593692263469334,0.0891715701823571,0.1627531229310337,0.49667405764966743,1.0,0.5213304408475031,0.2652040804140233,0.3932672606307632,0.005765508523439544,1,1,0.6966336303153816,0.5028827542617198,1,1,1,0
P08,V8_video1_normal,normal,1789,59.62944758181292,1,0.056488623427091905,0.02403969744579923,0.08893754940838458,0.16256255963656663,0.49889135254988914,1.0,0.4629730473507636,0.4056300622120309,0.43430155478139726,0.002841796098545493,1,1,0.7171507773906987,0.5014208980492727,1,1,1,0
P08,V8_video1_normal,normal,1790,59.662778743121926,1,0.044258680433633193,0.011767803828672353,0.07674955703859403,0.1625942963553912,0.5011086474501109,1.0,0.26411222836469794,0.44799157026176106,0.3560518993132295,0.01370157407476983,1,1,0.6780259496566148,0.506850787037385,1,1,1,0
P08,V8_video1_normal,normal,1791,59.69610990443093,1,0.04329172900217076,0.0097864619938072,0.07679699601053432,0.1634766473831071,0.5033259423503326,1.0,0.6352696747680069,0.0734183578254256,0.35434401629671625,0.00712678143807524,1,1,0.6771720081483581,0.5035633907190377,1,1,1,0
P08,V8_video1_normal,normal,1792,59.729441065739934,1,0.04852653253308395,0.020350694272348514,0.07670237079381939,0.16295454558321032,0.5055432372505543,1.0,0.479850213914189,0.5434884436643648,0.5116693287892768,0.0065275625774245845,1,1,0.7558346643946384,0.5032637812887123,1,1,1,0
P08,V8_video1_normal,normal,1793,59.76277222704894,1,0.048169820075631795,0.019552319037927424,0.07678732111333617,0.1624653255608727,0.5077605321507761,1.0,0.28347209738973067,0.1848969029533536,0.23418450017154213,0.010130029141038157,1,1,0.6170922500857711,0.5050650145705191,1,1,1,0
P08,V8_video1_normal,normal,1794,59.79610338835795,1,0.04472925562757489,0.011821820120547595,0.07763669113460218,0.16276159061338713,0.5099778270509978,1.0,0.5893165801289084,0.059510794099617015,0.3244136871142627,0.014952843832618017,1,1,0.6622068435571313,0.507476421916309,1,1,1,0
P08,V8_video1_normal,normal,1795,59.829434549666956,1,0.04229011669262586,0.008498840432665952,0.07608139295258577,0.16164686360007696,0.5121951219512195,1.0,0.7608075980203824,0.6711239274506439,0.7159657627355132,0.01800303688685835,1,0,0.8579828813677566,0.009001518443429175,1,0,1,0
P08,V8_video1_normal,normal,1796,59.862765710975964,1,0.04080964445473051,0.007270663959080226,0.07434862495038079,0.1610322678461301,0.5144124168514412,1.0,0.5628929480504393,0.43940836184317167,0.5011506549468054,0.021410259750034414,1,0,0.7505753274734027,0.010705129875017207,1,0,1,0
P08,V8_video1_normal,normal,1797,59.89609687228497,1,0.04876208569133426,0.01650267177784163,0.08102149960482688,0.16254890045108472,0.516629711751663,1.0,0.3974687409457931,0.3013836552374668,0.34942619809162995,0.0018293756375223878,1,1,0.674713099045815,0.5009146878187611,1,1,1,0
P08,V8_video1_normal,normal,1798,59.92942803359398,1,0.05549007354211521,0.02103292715927538,0.08994721992495504,0.16242405676033947,0.5188470066518847,1.0,0.6863710505850762,0.6479916142577696,0.6671813324214229,0.0059801258821256965,1,1,0.8335906662107114,0.5029900629410629,1,1,1,0
P08,V8_video1_normal,normal,1799,59.96275919490298,1,0.05633511348062126,0.022041152911628472,0.09062907404961404,0.16251476089836212,0.5210643015521065,1.0,0.560865401134854,0.5396346563565275,0.5502500287456907,0.010749345926247314,1,1,0.7751250143728454,0.5053746729631237,1,1,1,0
P08,V8_video1_normal,normal,1800,59.99609035621199,1,0.039265229122586426,0.01061887949132565,0.06791157875384721,0.16219822904986259,0.5232815964523282,1.0,0.1958072968336575,0.1915726069568381,0.1936899518952478,0.061332382977220816,1,0,0.5968449759476239,0.030666191488610408,1,0,1,0
P08,V8_video1_normal,normal,1801,60.029421517520994,1,0.04801719096063492,0.014297837250000762,0.08173654467126908,0.16194412756943827,0.5254988913525499,1.0,0.44876146542923323,0.3161722304776179,0.38246684795342556,0.039647434988626634,1,0,0.6912334239767128,0.019823717494313317,1,0,1,0
P08,V8_video1_normal,normal,1802,60.06275267883,1,0.043498051008324656,0.011403835201601164,0.07559226681504815,0.16210477717606347,0.5277161862527716,1.0,0.7917211500581588,0.4628635112226763,0.6272923306404176,0.06737366568766251,1,0,0.8136461653202087,0.033686832843831255,1,0,1,0
P08,V8_video1_normal,normal,1803,60.09608384013901,1,0.03799447934393742,0.009457773183217938,0.06653118550465689,0.16228591117756358,0.5299334811529933,1.0,0.6455731512718599,0.5294322804130764,0.5875027158424682,0.012155944844554168,1,0,0.7937513579212341,0.006077972422277084,1,0,1,0
P08,V8_video1_normal,normal,1804,60.12941500144802,1,0.03993734899792753,0.012444533462477385,0.06743016453337768,0.16236940493917632,0.532150776053215,1.0,0.42421072066250887,0.3396640046336532,0.38193736264808104,0.027039981874475556,1,0,0.6909686813240405,0.013519990937237778,1,0,1,0
P08,V8_video1_normal,normal,1805,60.162746162757024,1,0.034820858764013064,0.00935682814120089,0.06028488938682523,0.1637855277789099,0.5343680709534369,1.0,0.5112851762753721,0.24397681380904013,0.3776309950422061,0.010600768366378879,1,1,0.688815497521103,0.5053003841831895,1,1,1,0
P08,V8_video1_normal,normal,1806,60.19607732406603,1,0.034496039077496224,0.00849983279962514,0.06049224535536731,0.16420546463849836,0.5365853658536586,1.0,0.6844289606432961,0.349929091160862,0.517179025902079,0.012048374868502708,1,1,0.7585895129510395,0.5060241874342514,1,1,1,0
P08,V8_video1_normal,normal,1807,60.22940848537504,1,0.031861269937988095,0.011083995517131,0.052638544358845185,0.1633299721632059,0.5388026607538803,1.0,0.38430401224518584,0.889578973655386,0.6369414929502859,0.05431595681075935,1,1,0.818470746475143,0.5271579784053797,1,1,1,0
P08,V8_video1_normal,normal,1808,60.26273964668404,1,0.03100620524843652,0.0088952513936612,0.05311715910321184,0.16353955196680672,0.541019955654102,1.0,0.21688060570911605,0.5930565930531604,0.4049685993811382,0.045046987251621554,1,1,0.7024842996905691,0.5225234936258107,1,1,1,0
P08,V8_video1_normal,normal,1809,60.29607080799305,1,0.031180399056381494,0.009764999091215077,0.05259579902154791,0.1631480979314679,0.5432372505543237,1.0,0.4495504928306929,0.5467948201573071,0.498172656494,0.016511272678481306,1,1,0.7490863282469999,0.5082556363392406,1,1,1,0
P08,V8_video1_normal,normal,1810,60.329401969302054,1,0.045357193604064844,0.009275742578453424,0.08143864462967626,0.16291572571263963,0.5454545454545454,1.0,0.5957416079076092,0.4046204434197961,0.5001810256637027,0.012663190870545758,1,1,0.7500905128318514,0.5063315954352728,1,1,1,0
P08,V8_video1_normal,normal,1811,60.36273313061106,1,0.04839120415270024,0.009956405196683364,0.08682600310871712,0.1630326810250127,0.5476718403547672,1.0,0.5048452216609391,0.6074071068479335,0.5561261642544364,0.028524714582924,1,1,0.7780630821272182,0.514262357291462,1,1,1,0
P08,V8_video1_normal,normal,1812,60.39606429192007,1,0.048935663697968236,0.011124943371122993,0.08674638402481348,0.16286136670842624,0.549889135254989,1.0,0.3110065512304119,0.42836378736752534,0.3696851692989686,0.005681824202128893,1,1,0.6848425846494843,0.5028409121010644,1,1,1,0
P08,V8_video1_normal,normal,1813,60.42939545322908,1,0.037790899290099024,0.0092491156062707,0.06633268297392735,0.16310673868698186,0.5521064301552107,1.0,0.5004059149923258,0.4272568765031186,0.4638313957477222,0.007219210909731775,1,1,0.7319156978738611,0.5036096054548659,1,1,1,0
P08,V8_video1_normal,normal,1814,60.462726614538084,1,0.0360188840058073,0.009752839788192748,0.06228492822342185,0.16370500982925418,0.5543237250554324,1.0,0.32132368481229734,0.3365768313075226,0.32895025805990996,0.0756107323903784,1,1,0.664475129029955,0.5378053661951891,1,1,1,0
P08,V8_video1_normal,normal,1815,60.49605777584709,1,0.04793220787851597,0.021017821614182093,0.07484659414284986,0.1629712599525479,0.5565410199556541,1.0,0.11178716228116137,0.35473822604859084,0.2332626941648761,0.04949313868091051,1,1,0.616631347082438,0.5247465693404553,1,1,1,0
P08,V8_video1_normal,normal,1816,60.5293889371561,1,0.05680005237211045,0.02679669242563175,0.08680341231858915,0.16283260387662576,0.5587583148558758,1.0,0.43806760582770765,0.3667509076912685,0.4024092567594881,0.07026270554393274,1,1,0.7012046283797441,0.5351313527719663,1,1,1,0
P08,V8_video1_normal,normal,1817,60.5627200984651,1,0.04852107206523977,0.016714730126239565,0.08032741400423997,0.16318133990347236,0.5609756097560976,1.0,0.3310088984867732,0.2757681423201276,0.3033885204034504,0.05818550508721147,1,1,0.6516942602017252,0.5290927525436058,1,1,1,0
P08,V8_video1_normal,normal,1818,60.59605125977411,1,0.03792675442327104,0.008665701747243779,0.06718780709929831,0.16275715755833634,0.5631929046563193,1.0,0.6111048139103354,0.818459491227379,0.7147821525688572,0.02572047559267739,1,1,0.8573910762844286,0.5128602377963387,1,1,1,0
P08,V8_video1_normal,normal,1819,60.629382421083115,1,0.04385828425173305,0.018000306198580524,0.06971626230488558,0.16345110528072412,0.565410199556541,1.0,0.7285934090840747,0.39669768476986433,0.5626455469269696,0.03658583383612737,1,1,0.7813227734634848,0.5182929169180637,1,1,1,0
P08,V8_video1_normal,normal,1820,60.66271358239212,1,0.045253455839465294,0.013521073703033057,0.07698583797589753,0.1621609101935484,0.5676274944567627,1.0,0.5269420676319969,0.42384107902762125,0.4753915733298091,0.08244250616257498,1,0,0.7376957866649045,0.04122125308128749,1,0,1,0
P08,V8_video1_normal,normal,1821,60.69604474370113,1,0.04469997814138959,0.02244911833371864,0.06695083794906054,0.1625280114307879,0.5698447893569845,1.0,0.7727346759448818,0.3115351053409172,0.5421348906428995,0.014048718733452557,1,1,0.7710674453214498,0.5070243593667263,1,1,1,0
P08,V8_video1_normal,normal,1822,60.72937590501014,1,0.03864366090957606,0.010500846966643182,0.06678647485250894,0.16276612263758428,0.5720620842572062,1.0,0.594763358598735,0.6504157116652007,0.6225895351319679,0.054046271976038396,1,1,0.811294767565984,0.5270231359880192,1,1,1,0
P08,V8_video1_normal,normal,1823,60.762707066319145,1,0.03670956774714604,0.009346829782487388,0.0640723057118047,0.16323071554840715,0.5742793791574279,1.0,0.5121982549482537,0.4549538774351046,0.48357606619167914,0.024784210961429225,1,1,0.7417880330958395,0.5123921054807146,1,1,1,0
P08,V8_video1_normal,normal,1824,60.79603822762815,1,0.036089302065843175,0.009743160821177441,0.06243544331050891,0.16270754945189958,0.5764966740576497,1.0,0.571467803941277,0.486145333517628,0.5288065687294525,0.009539275751102633,1,1,0.7644032843647263,0.5047696378755513,1,1,1,0
P08,V8_video1_normal,normal,1825,60.82936938893715,1,0.051507693088865526,0.019758089738804493,0.08325729643892656,0.16223431694898147,0.5787139689578714,1.0,0.7618628887819916,0.38875568031796137,0.5753092845499765,0.018326266408905386,1,0,0.7876546422749883,0.009163133204452693,1,0,1,0
P08,V8_video1_normal,normal,1826,60.86270055024616,1,0.04885920671452984,0.0248026522538672,0.07291576117519248,0.16208016258366784,0.5809312638580931,1.0,0.2712885767737122,0.32872432585591793,0.30000645131481507,0.017865012406352222,1,0,0.6500032256574075,0.008932506203176111,1,0,1,0
P08,V8_video1_normal,normal,1827,60.89603171155517,1,0.039349284846578694,0.008015102780019582,0.0706834669131378,0.16225760062663117,0.5831485587583148,1.0,0.5057019950525534,0.1411132419508595,0.32340761850170646,0.022322850291300315,1,0,0.6617038092508533,0.011161425145650158,1,0,1,0
P08,V8_video1_normal,normal,1828,60.929362872864175,1,0.04262436686870055,0.015430440788002929,0.06981829294939818,0.16340950694535145,0.5853658536585366,1.0,0.3426668364506963,0.15355447185416715,0.24811065415243172,0.010778901947368668,1,1,0.6240553270762159,0.5053894509736844,1,1,1,0
P08,V8_video1_normal,normal,1829,60.96269403417318,1,0.048280103888230355,0.016673520821264828,0.07988668695519588,0.16369540228100918,0.5875831485587583,1.0,0.646615005268427,0.20335049285735163,0.4249827490628893,0.00673216270218007,1,1,0.7124913745314446,0.5033660813510901,1,1,1,0
P08,V8_video1_normal,normal,1830,60.99602519548219,1,0.042712700922704475,0.01185488717041361,0.07357051467499534,0.1652813534861998,0.5898004434589801,1.0,0.27774342339852653,0.11987858184414746,0.198811002621337,0.02602421987206222,1,1,0.5994055013106685,0.5130121099360311,1,1,1,0
P08,V8_video1_normal,normal,1831,61.0293563567912,1,0.0406896338074221,0.009209133363545974,0.07217013425129822,0.16694881236729725,0.5920177383592018,1.0,0.48121282223791007,0.4122550786943049,0.4467339504661075,0.0122287010446657,1,1,0.7233669752330537,0.5061143505223329,1,1,1,0
P08,V8_video1_normal,normal,1832,61.062687518100205,1,0.055576367373777524,0.02067173371429272,0.09048100103326233,0.16905017290800037,0.5942350332594235,1.0,0.5264971935348799,0.17591850467468872,0.3512078491047843,0.009798040831487432,1,1,0.6756039245523922,0.5048990204157437,1,1,1,0
P08,V8_video1_normal,normal,1833,61.09601867940921,1,0.05577221971495468,0.019464393179697392,0.09208004625021196,0.167107172256647,0.5964523281596452,1.0,0.8755188360562035,0.27398098013248984,0.5747499080943467,0.01862205002112712,1,1,0.7873749540471733,0.5093110250105636,1,1,1,0
P08,V8_video1_normal,normal,1834,61.12934984071821,1,0.06072132009085779,0.022969760748154218,0.09847287943356137,0.16966829535826194,0.5986696230598669,1.0,0.8073247611084707,0.468786952959502,0.6380558570339864,0.01479069452252194,1,1,0.8190279285169932,0.507395347261261,1,1,1,0
P08,V8_video1_normal,normal,1835,61.16268100202722,1,0.056132344960796055,0.022921223457005292,0.08934346646458681,0.16862410784485005,0.6008869179600886,1.0,0.468914783705473,0.17182122026424695,0.32036800198486,0.023648138906697924,1,1,0.66018400099243,0.5118240694533489,1,1,1,0
P08,V8_video1_normal,normal,1836,61.19601216333623,1,0.05207693195426511,0.022968676985542974,0.08118518692298725,0.16735998613049596,0.6031042128603105,1.0,0.7735485615922324,0.07833279698630169,0.42594067928926704,0.007517981539896473,1,1,0.7129703396446335,0.5037589907699482,1,1,1,0
P08,V8_video1_normal,normal,1837,61.229343324645235,1,0.0449585358887266,0.014616418348254306,0.0753006534291989,0.16432951467306184,0.6053215077605322,1.0,0.34215256115035064,0.17379283828898784,0.25797269971966924,0.010336695230506092,1,1,0.6289863498598346,0.5051683476152531,1,1,1,0
P08,V8_video1_normal,normal,1838,61.26267448595424,1,0.05014977539681076,0.0170582427542475,0.08324130803937402,0.16375445359976792,0.6075388026607539,1.0,0.3762995305350394,0.08444358064490443,0.2303715555899719,0.011565707728862324,1,1,0.615185777794986,0.5057828538644311,1,1,1,0
P08,V8_video1_normal,normal,1839,61.29600564726325,1,0.045893703706692296,0.014890413973257693,0.0768969934401269,0.16495203797344096,0.6097560975609756,1.0,0.6921525354445341,0.3218412740947597,0.506996904769647,0.03598701099104211,1,1,0.7534984523848235,0.517993505495521,1,1,1,0
P08,V8_video1_normal,normal,1840,61.32933680857226,1,0.0536210302051695,0.01759774680883049,0.08964431360150851,0.16404479910721062,0.6119733924611973,1.0,0.5700073606426415,0.6225833299263632,0.5962953452845023,0.02589662730526522,1,1,0.7981476726422512,0.5129483136526326,1,1,1,0
P08,V8_video1_normal,normal,1841,61.362667969881265,1,0.05208288497279054,0.01856976708224087,0.08559600286334021,0.16635158721558094,0.614190687361419,1.0,0.416223777875378,0.5021147899880807,0.45916928393172934,0.046372933978709036,1,1,0.7295846419658647,0.5231864669893546,1,1,1,0
P08,V8_video1_normal,normal,1842,61.39599913119027,1,0.04290461792083332,0.015563028828910978,0.07024620701275566,0.16888695087766395,0.6164079822616408,1.0,0.8581602767282361,0.492156314641635,0.6751582956849356,0.024476944132207138,1,1,0.8375791478424678,0.5122384720661036,1,1,1,0
P08,V8_video1_normal,normal,1843,61.42933029249927,1,0.05262218645863018,0.017998915992975834,0.08724545692428452,0.16861684059246637,0.6186252771618626,1.0,0.9241003420690226,0.5927541632789701,0.7584272526739964,0.03114052145732779,1,1,0.8792136263369982,0.5155702607286639,1,1,1,0
P08,V8_video1_normal,normal,1844,61.46266145380828,1,0.04826200548230543,0.018650580544730063,0.07787343041988079,0.1676936301085032,0.6208425720620843,1.0,0.7204014876354948,0.5285598113081035,0.6244806494717992,0.027197666462061863,1,1,0.8122403247358996,0.513598833231031,1,1,1,0
P08,V8_video1_normal,normal,1845,61.49599261511729,1,0.060439689616305664,0.026520991985822334,0.094358387246789,0.16753303695524424,0.623059866962306,1.0,0.7917973910800895,0.1610735429186878,0.47643546699938866,0.020671230716946966,1,1,0.7382177334996943,0.5103356153584735,1,1,1,0
P08,V8_video1_normal,normal,1846,61.529323776426295,1,0.05314561634210192,0.02103769528606496,0.08525353739813889,0.168085803463116,0.6252771618625277,1.0,0.8642366614206033,0.07154258114837975,0.4678896212844915,0.024237228733840658,1,1,0.7339448106422457,0.5121186143669203,1,1,1,0
P08,V8_video1_normal,normal,1847,61.5626549377353,1,0.04405658143449313,0.013940178271317263,0.07417298459766901,0.17080113060988347,0.6274944567627494,1.0,0.5053876341277097,0.14888158890727832,0.327134611517494,0.010265578586448847,1,1,0.663567305758747,0.5051327892932245,1,1,1,0
P08,V8_video1_normal,normal,1848,61.59598609904431,1,0.04232936285173576,0.009056259756902331,0.07560246594656919,0.16755478878298136,0.6274944567627494,1.0,0.6685153700762514,0.34962356482731316,0.5090694674517823,0.015751156821492373,1,1,0.7545347337258912,0.5078755784107462,1,1,1,0
P08,V8_video1_normal,normal,1849,61.62931726035332,1,0.04117403369024371,0.020722961906910864,0.06162510547357656,0.16711490683462144,0.6274944567627494,1.0,0.9000362182891809,0.11419450295685385,0.5071153606230174,0.03625690207964107,1,1,0.7535576803115087,0.5181284510398205,1,1,1,0
P08,V8_video1_normal,normal,1850,61.662648421662325,1,0.02581776251860151,0.00910971365949345,0.04252581137770957,0.16388283789404443,0.6274944567627494,1.0,0.9288081831359984,0.4737497449844179,0.7012789640602082,0.024798235150145898,1,1,0.8506394820301041,0.512399117575073,1,1,1,0
P08,V8_video1_normal,normal,1851,61.695979582971326,1,0.030774398576222023,0.012708650387983267,0.04884014676446078,0.16213046004789078,0.6274944567627494,1.0,0.8665255759881931,0.5306542770861036,0.6985899265371484,0.018612497165630633,1,0,0.8492949632685742,0.009306248582815316,1,0,1,0
P08,V8_video1_normal,normal,1852,61.72931074428033,1,0.06350776701150525,0.04291875135246974,0.08409678267054076,0.16049055464733722,0.6274944567627494,1.0,0.11992594420687774,0.19859961945670812,0.15926278183179293,0.024215653740774182,1,0,0.5796313909158964,0.012107826870387091,1,0,0,0
P08,V8_video1_normal,normal,1853,61.76264190558934,1,0.1016787047330809,0.08505153613892397,0.11830587332723783,0.16101500530349455,0.6274944567627494,1.0,0.32373895953436993,0.1993992333435699,0.2615690964389699,0.0520772269112858,1,0,0.6307845482194849,0.0260386134556429,1,0,1,0
P08,V8_video1_normal,normal,1854,61.79597306689835,1,0.14296276639419725,0.1133977488732592,0.1725277839151353,0.16057762650077215,0.6274944567627494,1.0,0.16127767906354362,0.025379743434047808,0.09332871124879571,0.05119698236778938,0,0,0.04666435562439786,0.02559849118389469,0,0,0,0
P08,V8_video1_normal,normal,1855,61.829304228207356,1,0.15476276471206474,0.1273108678611091,0.1822146615630204,0.1596530608720023,0.6274944567627494,1.0,0.25479197845998924,0.21505699677188306,0.23492448761593615,0.033799704382279194,0,0,0.11746224380796808,0.016899852191139597,0,0,0,0
P08,V8_video1_normal,normal,1856,61.86263538951636,1,0.18621491994222114,0.17285074097164654,0.19957909891279574,0.1603201724295291,0.6274944567627494,1.0,0.15607389991488763,0.021116831830745864,0.08859536587281674,0.026221845611038214,0,0,0.04429768293640837,0.013110922805519107,0,0,0,0
P08,V8_video1_normal,normal,1857,61.89596655082537,1,0.2393826494698915,0.22247297142751704,0.25629232751226594,0.16103379069518703,0.6274944567627494,1.0,0.011302590384374644,0.05123661679372038,0.03126960358904751,0.015296102203193765,0,0,0.015634801794523756,0.007648051101596882,0,0,0,0
P08,V8_video1_normal,normal,1858,61.92929771213438,1,0.24347637040416603,0.23331142438035438,0.25364131642797766,0.16033351281365762,0.6274944567627494,1.0,0.10475729286258484,0.03965309999268907,0.07220519642763695,0.03839018009790217,0,0,0.036102598213818476,0.019195090048951084,0,0,0,0
P08,V8_video1_normal,normal,1859,61.962628873443386,1,0.25462264656520006,0.24370649379868403,0.26553879933171604,0.1624889375308654,0.6274944567627494,1.0,0.22450577437360886,0.06536603459811763,0.14493590448586324,0.08072964738913495,0,1,0.07246795224293162,0.5403648236945675,0,1,0,0
P08,V8_video1_normal,normal,1860,61.995960034752386,1,0.256092266867739,0.24250661111827101,0.269677922617207,0.16112620925353544,0.6274944567627494,1.0,0.04964786870945448,0.00255749314056819,0.026102680925011335,0.8946236139686321,0,0,0.013051340462505667,0.44731180698431605,0,0,0,0
P08,V8_video1_normal,normal,1861,62.02929119606139,1,0.2357544919843702,0.2151989302779247,0.2563100536908157,0.16593862178948687,0.6274944567627494,1.0,0.015610435734636496,0.017187418535087762,0.01639892713486213,0.8620935067999126,0,1,0.008199463567431065,0.9310467533999562,0,1,0,1
P08,V8_video1_normal,normal,1862,62.0626223573704,1,0.263061951882402,0.24437394244177557,0.2817499613230285,0.18111053168052285,0.6274944567627494,1.0,0.01563275614341586,0.00036111999154431196,0.007996938067480086,0.7860820039816303,0,1,0.003998469033740043,0.8930410019908152,0,1,0,1
P08,V8_video1_normal,normal,1863,62.09595351867941,1,0.2421470638378467,0.21990925947726964,0.2643848681984238,0.17772426018107929,0.6274944567627494,1.0,0.1634602905948308,0.0030393794087830717,0.08324983500180694,0.6515236090400128,0,1,0.04162491750090347,0.8257618045200064,0,1,0,1
P08,V8_video1_normal,normal,1864,62.129284679988416,1,0.2401703449828885,0.22043009930409369,0.2599105906616833,0.1662091607856566,0.6274944567627494,1.0,0.10250121627257491,0.01420002729957559,0.05835062178607525,0.6261686723159217,0,1,0.029175310893037626,0.8130843361579608,0,1,0,1
P08,V8_video1_normal,normal,1865,62.16261584129742,1,0.24920160701851737,0.23187981405968622,0.26652339997734853,0.16174247199078037,0.6274944567627494,1.0,0.07026856193125741,0.019811004209141725,0.04503978307019957,0.48418635589919923,0,0,0.022519891535099784,0.24209317794959961,0,0,0,0
P08,V8_video1_normal,normal,1866,62.19594700260643,1,0.25722844135538225,0.2404800363926735,0.27397684631809094,0.16129467653189025,0.6274944567627494,1.0,0.07700852617726817,0.07977972047810289,0.07839412332768553,0.25544338409842854,0,0,0.039197061663842764,0.12772169204921427,0,0,0,0
P08,V8_video1_normal,normal,1867,62.22927816391544,1,0.2589661662218592,0.24170749639290207,0.2762248360508164,0.16054884476803108,0.6274944567627494,1.0,0.08465121811811538,0.012439070284297582,0.04854514420120648,0.18825738617691212,0,0,0.02427257210060324,0.09412869308845606,0,0,0,0
P08,V8_video1_normal,normal,1868,62.26260932522444,1,0.2644501948176488,0.24907865002636295,0.27982173960893464,0.16100698211801776,0.6274944567627494,1.0,0.04318841746923907,0.07315494063642258,0.05817167905283083,0.29833473225791346,0,0,0.029085839526415413,0.14916736612895673,0,0,0,0
P08,V8_video1_normal,normal,1869,62.295940486533446,1,0.2700868665284687,0.2585773734389076,0.28159635961802987,0.16098319257859794,0.6274944567627494,1.0,0.05201883368688753,0.005950789768285447,0.02898481172758649,0.21304917231294127,0,0,0.014492405863793245,0.10652458615647063,0,0,0,0
P08,V8_video1_normal,normal,1870,62.329271647842454,1,0.26938929374997,0.2587511858862796,0.2800274016136604,0.1619593057261338,0.6274944567627494,1.0,0.15404769770971738,0.04321134938107152,0.09862952354539445,0.12654403552379373,0,0,0.049314761772697224,0.06327201776189686,0,0,0,0
P08,V8_video1_normal,normal,1871,62.36260280915146,1,0.26696781417028426,0.2575615988062945,0.276374029534274,0.16032162751288404,0.6274944567627494,1.0,0.11544417838665344,0.07241604606231888,0.09393011222448616,0.08123553193607484,0,0,0.04696505611224308,0.04061776596803742,0,0,0,0
P08,V8_video1_normal,normal,1872,62.39593397046047,1,0.26704940363563945,0.2572754290604973,0.27682337821078157,0.16189883069411395,0.6274944567627494,1.0,0.10739861557343044,0.04082013032332521,0.07410937294837783,0.2145390710619,0,0,0.037054686474188914,0.10726953553095,0,0,0,0
P08,V8_video1_normal,normal,1873,62.429265131769476,1,0.2791900627260176,0.2673877750861229,0.2909923503659123,0.15978317778580756,0.6274944567627494,1.0,0.16081852963952903,0.047077566260888215,0.10394804795020862,0.22621142682724663,0,0,0.05197402397510431,0.11310571341362331,0,0,0,0
P08,V8_video1_normal,normal,1874,62.462596293078484,1,0.2759610645422797,0.260147902465044,0.2917742266195154,0.15996984492194008,0.6274944567627494,1.0,0.14410101826611288,0.050718012973692606,0.09740951561990274,0.16075330349290648,0,0,0.04870475780995137,0.08037665174645324,0,0,0,0
P08,V8_video1_normal,normal,1875,62.49592745438749,1,0.27927039614187266,0.2686341929054561,0.2899065993782892,0.16038323387474962,0.6274944567627494,1.0,0.11171408165928554,0.08056138211601027,0.0961377318876479,0.06626845927031233,0,0,0.04806886594382395,0.033134229635156165,0,0,0,0
P08,V8_video1_normal,normal,1876,62.5292586156965,1,0.2774366958624725,0.2654200014422635,0.28945339028268147,0.16083881149124982,0.6274944567627494,1.0,0.07336196752476387,0.003517871173002285,0.03843991934888308,0.2007770760066007,0,0,0.01921995967444154,0.10038853800330035,0,0,0,0
P08,V8_video1_normal,normal,1877,62.5625897770055,1,0.2774648469544593,0.26312690882684353,0.2918027850820751,0.16059288859804904,0.6274944567627494,1.0,0.17280713932283598,0.04183789850797859,0.10732251891540728,0.1296490596167789,0,0,0.05366125945770364,0.06482452980838944,0,0,0,0
P08,V8_video1_normal,normal,1878,62.59592093831451,1,0.28802053504020136,0.2702363509079149,0.3058047191724878,0.16190097644598364,0.6274944567627494,1.0,0.1868775340900114,0.009664975455544345,0.09827125477277787,0.05534968269336289,0,0,0.049135627386388936,0.027674841346681446,0,0,0,0
P08,V8_video1_normal,normal,1879,62.629252099623514,1,0.28830161148016953,0.27239829880762917,0.30420492415270983,0.159771228023902,0.6274944567627494,1.0,0.018986445713075062,0.01678944875523458,0.017887947234154822,0.05162347040504971,0,0,0.008943973617077411,0.025811735202524853,0,0,0,0
P08,V8_video1_normal,normal,1880,62.66258326093252,1,0.2886116917523326,0.2735324587256275,0.30369092477903775,0.15946585059568927,0.6274944567627494,1.0,0.1790176907240414,0.010651561080364136,0.09483462590220276,0.08578753837616154,0,0,0.04741731295110138,0.04289376918808077,0,0,0,0
P08,V8_video1_normal,normal,1881,62.69591442224153,1,0.2803053829045714,0.2652959667568855,0.2953147990522574,0.16077404641219686,0.6274944567627494,1.0,0.15967543128311867,0.19116062815039303,0.17541802971675585,0.14587258330227457,0,0,0.08770901485837793,0.07293629165113728,0,0,0,0
P08,V8_video1_normal,normal,1882,62.72924558355054,1,0.28646872747569396,0.2699418150008418,0.3029956399505462,0.1597188655038306,0.6274944567627494,1.0,0.03604634602244883,0.01755988814477527,0.02680311708361205,0.1404525510139037,0,0,0.013401558541806025,0.07022627550695185,0,0,0,0
P08,V8_video1_normal,normal,1883,62.762576744859544,1,0.2799256104116111,0.2621550787881558,0.2976961420350664,0.16226915150340743,0.6274944567627494,1.0,0.055021438510854614,0.1549118336658899,0.10496663608837226,0.0688427014964356,0,0,0.05248331804418613,0.0344213507482178,0,0,0,0
P08,V8_video1_normal,normal,1884,62.79590790616855,1,0.27424512815321594,0.25613921838176246,0.29235103792466943,0.1609473041616558,0.6274944567627494,1.0,0.05379145173840272,0.03590534773927678,0.04484839973883975,0.02947018735093379,0,0,0.022424199869419875,0.014735093675466895,0,0,0,0
P08,V8_video1_normal,normal,1885,62.82923906747756,1,0.2738564772494983,0.2550503060741787,0.2926626484248179,0.1604499224237899,0.6274944567627494,1.0,0.0635517676939148,0.16392390798720502,0.11373783784055991,0.11761973332737245,0,0,0.056868918920279954,0.058809866663686226,0,0,0,0
P08,V8_video1_normal,normal,1886,62.86257022878656,1,0.27753617758696403,0.26349678125682363,0.2915755739171045,0.16043231424322288,0.6274944567627494,1.0,0.06209615070219232,0.29868827908478135,0.18039221489348684,0.014567833307824515,0,0,0.09019610744674342,0.007283916653912257,0,0,0,0
P08,V8_video1_normal,normal,1887,62.89590139009557,1,0.26312099734722805,0.25035330201936173,0.27588869267509436,0.16067651830010066,0.6274944567627494,1.0,0.04661363248168382,0.07085295253787649,0.058733292509780155,0.020990338948447245,0,0,0.029366646254890078,0.010495169474223623,0,0,0,0
P08,V8_video1_normal,normal,1888,62.929232551404574,1,0.22920195236878407,0.2199101809371789,0.23849372380038925,0.16008752741218288,0.6274944567627494,1.0,0.02556382414131586,0.12421711929168844,0.07489047171650215,0.053995124486022096,0,0,0.037445235858251075,0.026997562243011048,0,0,0,0
P08,V8_video1_normal,normal,1889,62.96256371271358,1,0.2147863582214702,0.2044042833299925,0.22516843311294793,0.16010968274155235,0.6274944567627494,1.0,0.31896038534647264,0.050871704890983804,0.18491604511872822,0.01334182795489229,0,0,0.09245802255936411,0.006670913977446145,0,0,0,0
P08,V8_video1_normal,normal,1890,62.99589487402259,1,0.19172268286976085,0.17749596015894092,0.20594940558058075,0.16067345928535623,0.6274944567627494,1.0,0.23719748997247592,0.05907861434697925,0.14813805215972758,0.08384539575976223,0,0,0.07406902607986379,0.041922697879881114,0,0,0,0
P08,V8_video1_normal,normal,1891,63.0292260353316,1,0.14979737779422647,0.13410792212675177,0.1654868334617012,0.16033271912532907,0.6274944567627494,1.0,0.16371092312827362,0.04360600756085886,0.10365846534456624,0.11153116118677385,0,0,0.05182923267228312,0.055765580593386925,0,0,0,0
P08,V8_video1_normal,normal,1892,63.062557196640604,1,0.13341981428840288,0.11741667116340293,0.14942295741340286,0.16003246199013546,0.6297117516629712,1.0,0.3731340848165694,0.13824437469695194,0.25568922975676067,0.0451175925406773,1,0,0.6278446148783803,0.02255879627033865,1,0,1,0
P08,V8_video1_normal,normal,1893,63.09588835794961,1,0.1049061791489298,0.08832050331912228,0.12149185497873732,0.16078316351587676,0.6319290465631929,1.0,0.7181222994912186,0.18024055936680894,0.4491814294290138,0.01492504939226371,1,0,0.7245907147145069,0.007462524696131855,1,0,1,0
P08,V8_video1_normal,normal,1894,63.12921951925861,1,0.09725850586729465,0.07317650147287319,0.12134051026171609,0.15825441421509326,0.6341463414634146,1.0,0.32591410663266585,0.14543353592186026,0.23567382127726305,0.01656859246538617,1,0,0.6178369106386316,0.008284296232693085,1,0,1,0
P08,V8_video1_normal,normal,1895,63.16255068056762,1,0.0865160084638169,0.07496797838070404,0.09806403854692979,0.15986432458208527,0.6363636363636364,1.0,0.44830721009220786,0.288866940024167,0.36858707505818744,0.008088257698233231,1,0,0.6842935375290937,0.004044128849116616,1,0,1,0
P08,V8_video1_normal,normal,1896,63.19588184187663,1,0.08784908389889054,0.06794291499999355,0.10775525279778754,0.16055693951695135,0.6385809312638581,1.0,0.605981167156122,0.19125405860581268,0.39861761288096736,0.01681229901332401,1,0,0.6993088064404837,0.008406149506662006,1,0,1,0
P08,V8_video1_normal,normal,1897,63.229213003185635,1,0.08160468418348299,0.06291692290765892,0.10029244545930706,0.16134870152175226,0.6407982261640798,1.0,0.5406839367401737,0.20123441883031712,0.3709591777852454,0.006831527623086333,1,0,0.6854795888926227,0.0034157638115431665,1,0,1,0
P08,V8_video1_normal,normal,1898,63.26254416449464,1,0.07981747789125365,0.0630719309790148,0.0965630248034925,0.16077903893512333,0.6430155210643016,1.0,0.7045251473460528,0.26356723387709746,0.4840461906115751,0.004695030914334331,1,0,0.7420230953057876,0.0023475154571671653,1,0,1,0
P08,V8_video1_normal,normal,1899,63.29587532580365,1,0.07573093955582264,0.051859586611482586,0.09960229250016268,0.16056134405047845,0.6430155210643016,1.0,0.4267604506876451,0.5209338855348287,0.4738471681112369,0.010551405005081328,1,0,0.7369235840556184,0.005275702502540664,1,0,1,0
P08,V8_video1_normal,normal,1900,63.32920648711266,1,0.08469077964388913,0.06959079253281214,0.09979076675496613,0.16118065076033689,0.6430155210643016,1.0,0.6138061217384306,0.2802565044993752,0.44703131311890293,0.02073342507385033,1,0,0.7235156565594515,0.010366712536925164,1,0,1,0
P08,V8_video1_normal,normal,1901,63.362537648421664,1,0.0778118947441638,0.05727456716815755,0.09834922232017007,0.16182001213069783,0.6430155210643016,1.0,0.6575410441108996,0.18863358539679687,0.42308731475384825,0.02944438091458257,1,0,0.7115436573769242,0.014722190457291284,1,0,1,0
P08,V8_video1_normal,normal,1902,63.39586880973067,1,0.07453936406133613,0.06068279829022123,0.08839592983245104,0.16035369105686156,0.6430155210643016,1.0,0.3537797176228856,0.282590173257413,0.3181849454401493,0.01235898852416893,1,0,0.6590924727200747,0.006179494262084465,1,0,1,0
P08,V8_video1_normal,normal,1903,63.42919997103967,1,0.0834069933701777,0.05974651925704023,0.10706746748331518,0.16139896802834927,0.6430155210643016,1.0,0.6789929228174392,0.3090900113683449,0.49404146709289204,0.09411533951315479,1,0,0.747020733546446,0.047057669756577394,1,0,1,0
P08,V8_video1_normal,normal,1904,63.46253113234868,1,0.06964710549883271,0.046101435506428146,0.09319277549123729,0.16122242170773288,0.6452328159645233,1.0,0.6599865128102089,0.3127330012259244,0.48635975701806666,0.056475536358124905,1,0,0.7431798785090333,0.028237768179062452,1,0,1,0
P08,V8_video1_normal,normal,1905,63.49586229365769,1,0.06367219426469937,0.04454916892859629,0.08279521960080247,0.16126141955549944,0.647450110864745,1.0,0.8288572151968554,0.44200757465418195,0.6354323949255187,0.010385838960030593,1,0,0.8177161974627594,0.0051929194800152964,1,0,1,0
P08,V8_video1_normal,normal,1906,63.529193454966695,1,0.05050806859419017,0.024453800084965473,0.07656233710341487,0.16118749563996299,0.6496674057649667,1.0,0.7137535307335208,0.23860047361501058,0.4761770021742657,0.010901545901717049,1,0,0.7380885010871329,0.005450772950858524,1,0,1,0
P08,V8_video1_normal,normal,1907,63.5625246162757,1,0.05050224742250353,0.028908836849592424,0.07209565799541463,0.1615918439972508,0.6518847006651884,1.0,0.6604087315886489,0.5493827214047646,0.6048957264967068,0.004292218765401651,1,0,0.8024478632483534,0.0021461093827008257,1,0,1,0
P08,V8_video1_normal,normal,1908,63.59585577758471,1,0.04970888616835044,0.026250151796539896,0.07316762054016099,0.1598088637290447,0.6541019955654102,1.0,0.7625460656684044,0.3966596546427542,0.5796028601555794,0.005008064572864549,1,0,0.7898014300777897,0.0025040322864322744,1,0,1,0
P08,V8_video1_normal,normal,1909,63.62918693889372,1,0.06986506845548954,0.046684149693165845,0.09304598721781324,0.16011305072449772,0.656319290465632,1.0,0.6412182127078354,0.04988557517280978,0.3455518939403226,0.009892182079248637,1,0,0.6727759469701613,0.004946091039624318,1,0,1,0
P08,V8_video1_normal,normal,1910,63.662518100202725,1,0.12980719992933598,0.1018107924343094,0.15780360742436259,0.15981643588354527,0.6585365853658537,1.0,0.45688007827480437,0.5869033105094308,0.5218916943921176,0.0025276573425979743,1,0,0.7609458471960588,0.0012638286712989871,1,0,1,0
P08,V8_video1_normal,normal,1911,63.69584926151173,1,0.14620043058319485,0.12751725370882572,0.16488360745756397,0.16110536349766724,0.6585365853658537,1.0,0.16022073127167147,0.24640911888455264,0.20331492507811205,0.02189083655195695,0,0,0.10165746253905603,0.010945418275978475,0,0,0,0
P08,V8_video1_normal,normal,1912,63.72918042282073,1,0.15492029001881574,0.1244704445297958,0.18537013550783565,0.16059403890782734,0.6585365853658537,1.0,0.26596070967154717,0.15815936889187288,0.21206003928171002,0.004258817162737868,0,0,0.10603001964085501,0.002129408581368934,0,0,0,0
P08,V8_video1_normal,normal,1913,63.76251158412974,1,0.15481369738269435,0.1341409388449681,0.17548645592042056,0.1606426730836475,0.6585365853658537,1.0,0.049820875390614416,0.09063329408300635,0.07022708473681039,0.0021210113770053574,0,0,0.03511354236840519,0.0010605056885026787,0,0,0,0
P08,V8_video1_normal,normal,1914,63.79584274543875,1,0.19105960539699596,0.17319098073199915,0.20892823006199274,0.16133593623859763,0.6585365853658537,1.0,0.03037940303381348,0.036857521942196936,0.03361846248800521,0.00919067125346574,0,0,0.016809231244002604,0.00459533562673287,0,0,0,0
P08,V8_video1_normal,normal,1915,63.829173906747755,1,0.19153299129909296,0.17832642054777326,0.2047395620504127,0.16107527909598104,0.6585365853658537,1.0,0.05604436765909848,0.052133679165162095,0.05408902341213029,0.01150306754628908,0,0,0.027044511706065144,0.00575153377314454,0,0,0,0
P08,V8_video1_normal,normal,1916,63.86250506805676,1,0.18493319218473284,0.1677342833802009,0.20213210098926476,0.1602083702142743,0.6585365853658537,1.0,0.046832184508940555,0.021947445082416195,0.034389814795678375,0.005517590762053003,0,0,0.017194907397839188,0.0027587953810265017,0,0,0,0
P08,V8_video1_normal,normal,1917,63.89583622936577,1,0.19104999447660453,0.17750434519976666,0.20459564375344239,0.16001370152911543,0.6585365853658537,1.0,0.014844676451492456,0.015528901129921668,0.015186788790707062,0.0017432101990496247,0,0,0.007593394395353531,0.0008716050995248123,0,0,0,0
P08,V8_video1_normal,normal,1918,63.92916739067478,1,0.19528948884232405,0.18672565129316757,0.20385332639148057,0.15999365442628827,0.6585365853658537,1.0,0.0187358590688812,0.05047439097308082,0.03460512502098101,0.004585115191913684,0,0,0.017302562510490505,0.002292557595956842,0,0,0,0
P08,V8_video1_normal,normal,1919,63.962498551983785,1,0.19673376122670927,0.187554587222415,0.2059129352310035,0.15956609969418373,0.656319290465632,1.0,0.05626963441959221,0.007759710055907032,0.03201467223774962,0.0017562705509281073,0,0,0.01600733611887481,0.0008781352754640536,0,0,0,0
P08,V8_video1_normal,normal,1920,63.995829713292785,1,0.2071761242635354,0.19544690761609984,0.21890534091097097,0.15911888570495797,0.6541019955654102,1.0,0.07333599082971431,0.010251547971705688,0.04179376940071,0.029301738143474563,0,0,0.020896884700355,0.014650869071737281,0,0,0,0
P08,V8_video1_normal,normal,1921,64.0291608746018,1,0.20950764660416607,0.19699448649812187,0.22202080671021027,0.159511218359873,0.6518847006651884,1.0,0.04251891239111261,0.0014491223839450118,0.02198401738752881,0.011973287848440725,0,0,0.010992008693764405,0.005986643924220362,0,0,0,0
P08,V8_video1_normal,normal,1922,64.06249203591081,1,0.21133462662262897,0.20089978993162383,0.22176946331363412,0.15911882427402957,0.6496674057649667,1.0,0.10603811380132666,0.02954563955734213,0.0677918766793344,0.0034238361743314074,0,0,0.0338959383396672,0.0017119180871657037,0,0,0,0
P08,V8_video1_normal,normal,1923,64.09582319721981,1,0.20364378316871218,0.19287646454006604,0.2144111017973583,0.16018427645011282,0.647450110864745,1.0,0.06680464102131456,0.006332365522819905,0.03656850327206723,0.01967044549029075,0,0,0.018284251636033616,0.009835222745145375,0,0,0,0
P08,V8_video1_normal,normal,1924,64.12915435852882,1,0.20340142816037143,0.19369650842579525,0.21310634789494765,0.15992360395279015,0.6452328159645233,1.0,0.10681063148393233,0.01124848453176619,0.05902955800784926,0.014702535475837436,0,0,0.02951477900392463,0.007351267737918718,0,0,0,0
P08,V8_video1_normal,normal,1925,64.16248551983782,1,0.2070535755487717,0.20351451574775647,0.21059263534978695,0.15935831051965504,0.6430155210643016,1.0,0.09673739210707799,0.05024716697748843,0.07349227954228321,0.016222805842019933,0,0,0.036746139771141606,0.008111402921009966,0,0,0,0
P08,V8_video1_normal,normal,1926,64.19581668114682,1,0.20894238263200782,0.20317166899910394,0.21471309626491167,0.1591162984133993,0.6407982261640798,1.0,0.0745506436329636,0.038561136093956505,0.05655588986346005,0.003805199118287708,0,0,0.028277944931730026,0.001902599559143854,0,0,0,0
P08,V8_video1_normal,normal,1927,64.22914784245583,1,0.20767804028348213,0.19494412050428,0.22041196006268424,0.15901632852050393,0.6385809312638581,1.0,0.17113348440069376,0.01184652640070305,0.0914900054006984,0.0016805768551335267,0,0,0.0457450027003492,0.0008402884275667634,0,0,0,0
P08,V8_video1_normal,normal,1928,64.26247900376484,1,0.21361352403602218,0.20668188421823666,0.22054516385380768,0.15749325810209577,0.6363636363636364,1.0,0.0704985006362292,0.07793104360732661,0.0742147721217779,0.005373126255041981,0,0,0.03710738606088895,0.0026865631275209906,0,0,0,0
P08,V8_video1_normal,normal,1929,64.29581016507385,1,0.21725481449694334,0.20917419360869974,0.2253354353851869,0.15612288652117504,0.6341463414634146,1.0,0.20772717188983114,0.012693542555509585,0.11021035722267036,0.0031520234998072922,0,0,0.05510517861133518,0.0015760117499036461,0,0,0,0
P08,V8_video1_normal,normal,1930,64.32914132638285,1,0.22000544117040813,0.21203155548096492,0.22797932685985134,0.15706410956519007,0.6319290465631929,1.0,0.1306911348293388,0.0026372757156417626,0.06666420527249028,0.0019238703468161596,0,0,0.03333210263624514,0.0009619351734080798,0,0,0,0
P08,V8_video1_normal,normal,1931,64.36247248769186,1,0.2127759039532588,0.20734548031291872,0.21820632759359884,0.15801388939215644,0.6297117516629712,1.0,0.2833788734437599,0.039924911006924524,0.1616518922253422,0.003731590921842386,0,0,0.0808259461126711,0.001865795460921193,0,0,0,0
P08,V8_video1_normal,normal,1932,64.39580364900087,1,0.21637909557426438,0.20866482082193702,0.22409337032659177,0.15648723733155445,0.6274944567627494,1.0,0.053785129747304095,0.01135463013586091,0.0325698799415825,0.0032826927305487875,0,0,0.01628493997079125,0.0016413463652743938,0,0,0,0
P08,V8_video1_normal,normal,1933,64.42913481030988,1,0.22595273836073493,0.22011501968352873,0.23179045703794116,0.15617582374983904,0.6252771618625277,1.0,0.052427526975692085,0.025546309694737035,0.03898691833521456,0.0021450121840136315,0,0,0.01949345916760728,0.0010725060920068158,0,0,0,0
P08,V8_video1_normal,normal,1934,64.46246597161888,1,0.22213068906004552,0.21552550171349277,0.22873587640659826,0.15643902734309142,0.623059866962306,1.0,0.07815333276823289,0.02142926017093849,0.04979129646958569,0.003138791622545856,0,0,0.024895648234792844,0.001569395811272928,0,0,0,0
P08,V8_video1_normal,normal,1935,64.49579713292789,1,0.23359658915802878,0.22883907838687167,0.2383540999291859,0.15742889734263588,0.6208425720620843,1.0,0.12880928757789079,0.029500083672219013,0.0791546856250549,0.00697817394251586,0,0,0.03957734281252745,0.00348908697125793,0,0,0,0
P08,V8_video1_normal,normal,1936,64.5291282942369,1,0.23559985899568864,0.23378120838929115,0.23741850960208613,0.1584297438489624,0.6186252771618626,1.0,0.019483957950092057,0.023789755258913692,0.021636856604502874,0.006214014945144662,0,0,0.010818428302251437,0.003107007472572331,0,0,0,0
P08,V8_video1_normal,normal,1937,64.5624594555459,1,0.23360777267401656,0.22863248486936832,0.2385830604786648,0.1590762215525684,0.6164079822616408,1.0,0.0470314248695648,0.0069304320823567744,0.026980928475960786,0.004794370716829092,0,0,0.013490464237980393,0.002397185358414546,0,0,0,0
P08,V8_video1_normal,normal,1938,64.59579061685491,1,0.23794443299306456,0.23221871077516082,0.24367015521096833,0.15735539560008,0.614190687361419,1.0,0.044709638664659046,0.05083484540301986,0.04777224203383945,0.008638634678305609,0,0,0.023886121016919726,0.004319317339152804,0,0,0,0
P08,V8_video1_normal,normal,1939,64.62912177816392,1,0.23811413463403566,0.23197411867684736,0.24425415059122396,0.15731105046321722,0.6119733924611973,1.0,0.00762041676856462,0.12565722754274933,0.06663882215565697,0.00624656128845364,0,0,0.03331941107782849,0.00312328064422682,0,0,0,0
P08,V8_video1_normal,normal,1940,64.66245293947293,1,0.24129148577253984,0.23686690707165337,0.24571606447342628,0.15793707861239847,0.6097560975609756,1.0,0.042161515004146444,0.033117592951285135,0.03763955397771579,0.004166774480569615,0,0,0.018819776988857895,0.0020833872402848076,0,0,0,0
P08,V8_video1_normal,normal,1941,64.69578410078194,1,0.24164658413428153,0.23737919498452653,0.24591397328403652,0.15802830220809058,0.6075388026607539,1.0,0.10725751693402541,0.007143830711095256,0.05720067382256033,0.005520320417300565,0,0,0.028600336911280166,0.0027601602086502826,0,0,0,0
P08,V8_video1_normal,normal,1942,64.72911526209093,1,0.24028818287548392,0.2316836230488642,0.24889274270210363,0.15872488135568996,0.6053215077605322,1.0,0.03491167237171977,0.09939954602069867,0.06715560919620922,0.004697295363857466,0,0,0.03357780459810461,0.002348647681928733,0,0,0,0
P08,V8_video1_normal,normal,1943,64.76244642339994,1,0.23841782915413673,0.2302563830879073,0.24657927522036618,0.15788091022230394,0.6031042128603105,1.0,0.023669743954746525,0.022653015184532443,0.023161379569639484,0.013458135824801423,0,0,0.011580689784819742,0.0067290679124007114,0,0,0,0
P08,V8_video1_normal,normal,1944,64.79577758470894,1,0.21145193408206958,0.2045497313120343,0.21835413685210484,0.1599535128246913,0.6008869179600886,1.0,0.04190301507391436,0.041445750579335416,0.04167438282662489,0.012972224033397201,0,0,0.020837191413312445,0.0064861120166986004,0,0,0,0
P08,V8_video1_normal,normal,1945,64.82910874601795,1,0.17721513733645994,0.17163854845259754,0.18279172622032236,0.16013182860237168,0.5986696230598669,1.0,0.020838584142447658,0.02619498118818453,0.023516782665316094,0.01832797360804828,0,0,0.011758391332658047,0.00916398680402414,0,0,0,0
P08,V8_video1_normal,normal,1946,64.86243990732696,1,0.1355060417267355,0.11326525080058719,0.1577468326528838,0.1597240576553322,0.5986696230598669,1.0,0.06783824954320106,0.004964934635454221,0.03640159208932764,0.011315780893842059,1,0,0.5182007960446638,0.005657890446921029,1,0,0,0
P08,V8_video1_normal,normal,1947,64.89577106863597,1,0.13416551638997326,0.11460426958149296,0.15372676319845355,0.16025007348665035,0.5986696230598669,1.0,0.2867124601070766,0.024244215877048392,0.1554783379920625,0.01704944821284027,1,0,0.5777391689960313,0.008524724106420136,1,0,0,0
P08,V8_video1_normal,normal,1948,64.92910222994497,1,0.15941607508346176,0.14090144443575667,0.17793070573116684,0.16009383615707626,0.5964523281596452,1.0,0.15126635412260403,0.05029220845255922,0.10077928128758162,0.005749177879290588,0,0,0.05038964064379081,0.002874588939645294,0,0,0,0
P08,V8_video1_normal,normal,1949,64.96243339125398,1,0.17585285795700403,0.15681298837354035,0.19489272754046771,0.15904942633016622,0.5942350332594235,1.0,0.07677901366145845,0.003004341587922288,0.03989167762469037,0.01684505619232425,0,0,0.019945838812345185,0.008422528096162125,0,0,0,0
P08,V8_video1_normal,normal,1950,64.99576455256299,1,0.1866045934161346,0.17388170454481364,0.19932748228745562,0.1603877066489829,0.5920177383592018,1.0,0.0366328895452005,0.004559852258252062,0.02059637090172628,0.07056292666709789,0,0,0.01029818545086314,0.035281463333548944,0,0,0,0
P08,V8_video1_normal,normal,1951,65.029095713872,1,0.1942905299018718,0.1861579659821206,0.20242309382162296,0.160541180911589,0.5898004434589801,1.0,0.131149124250864,0.010885880326807373,0.07101750228883569,0.07445800549020423,0,0,0.035508751144417844,0.037229002745102116,0,0,0,0
P08,V8_video1_normal,normal,1952,65.062426875181,1,0.18543183739681987,0.17636786678419258,0.19449580800944716,0.1602282137277592,0.5875831485587583,1.0,0.1944986617711747,0.006980368295808281,0.10073951503349149,0.07156138167742625,0,0,0.050369757516745745,0.035780690838713124,0,0,0,0
P08,V8_video1_normal,normal,1953,65.09575803649001,1,0.18193442256199915,0.17141289601869264,0.1924559491053057,0.16064921513404126,0.5853658536585366,1.0,0.12307677199893252,0.0037470151321156164,0.06341189356552407,0.08083149727271094,0,0,0.031705946782762034,0.04041574863635547,0,0,0,0
P08,V8_video1_normal,normal,1954,65.12908919779902,1,0.15220719618833797,0.13042735057791913,0.17398704179875682,0.1608434779931153,0.5831485587583148,1.0,0.18823046270588728,0.00542772581729134,0.09682909426158931,0.037615617293604055,0,0,0.048414547130794655,0.018807808646802027,0,0,0,0
P08,V8_video1_normal,normal,1955,65.16242035910803,1,0.1356335325941647,0.1193288092864404,0.15193825590188897,0.16146568956735463,0.5853658536585366,1.0,0.424596793174826,0.042052599855908146,0.23332469651536708,0.04109298424941699,1,0,0.6166623482576835,0.020546492124708497,1,0,1,0
P08,V8_video1_normal,normal,1956,65.19575152041703,1,0.12175736671627907,0.1078104078763986,0.13570432555615955,0.16179383628970842,0.5875831485587583,1.0,0.53695953091444,0.09254369809513929,0.31475161450478967,0.04356950102522168,1,0,0.6573758072523949,0.02178475051261084,1,0,1,0
P08,V8_video1_normal,normal,1957,65.22908268172604,1,0.13452844783995424,0.12145015729407185,0.14760673838583663,0.1610093270572868,0.5898004434589801,1.0,0.5389487377670905,0.04309366959553451,0.2910212036813125,0.01955312006194375,1,0,0.6455106018406562,0.009776560030971874,1,0,1,0
P08,V8_video1_normal,normal,1958,65.26241384303505,1,0.15343128711612145,0.14579289313148483,0.16106968110075806,0.16180588381869632,0.5898004434589801,1.0,0.4220018404032384,0.2180763527168489,0.32003909656004365,0.032838493149950375,0,0,0.16001954828002182,0.016419246574975187,0,0,0,0
P08,V8_video1_normal,normal,1959,65.29574500434404,1,0.15253883120956002,0.15102411237321642,0.15405355004590365,0.1614335962891775,0.5898004434589801,1.0,0.08127064776713833,0.0901990017120552,0.08573482473959676,0.07203268790539362,0,0,0.04286741236979838,0.03601634395269681,0,0,0,0
P08,V8_video1_normal,normal,1960,65.32907616565305,1,0.17380758962477844,0.16153619646952158,0.18607898278003526,0.16186672909492605,0.5898004434589801,1.0,0.14206001618107744,0.014916330715726622,0.07848817344840203,0.08228132355473898,0,0,0.039244086724201016,0.04114066177736949,0,0,0,0
P08,V8_video1_normal,normal,1961,65.36240732696206,1,0.14617404477299506,0.12656286134817613,0.16578522819781397,0.16199791948631953,0.5898004434589801,1.0,0.1295707779869233,0.015174455092357486,0.07237261653964039,0.023895980473531375,0,0,0.036186308269820194,0.011947990236765687,0,0,0,0
P08,V8_video1_normal,normal,1962,65.39573848827106,1,0.16332681485645406,0.13920566890647698,0.1874479608064311,0.1621226525883736,0.5898004434589801,1.0,0.05857113290509797,0.0025377448782428758,0.03055443889167042,0.021529888490523535,0,0,0.01527721944583521,0.010764944245261768,0,0,0,0
P08,V8_video1_normal,normal,1963,65.42906964958007,1,0.18502110021095447,0.17087759998909566,0.19916460043281325,0.1618099870205512,0.5898004434589801,1.0,0.16103757562657672,0.0019183279148252685,0.081477951770701,0.03411629219600563,0,0,0.0407389758853505,0.017058146098002814,0,0,0,0
P08,V8_video1_normal,normal,1964,65.46240081088908,1,0.18466170081367478,0.17128644811961163,0.19803695350773792,0.16249629533615556,0.5875831485587583,1.0,0.06009697864912267,0.006172966250153511,0.03313497244963809,0.04053946797029764,0,1,0.016567486224819045,0.5202697339851489,0,1,0,0
P08,V8_video1_normal,normal,1965,65.49573197219809,1,0.16220462572634564,0.1475726875746455,0.1768365638780458,0.16121576422136996,0.5853658536585366,1.0,0.13341494161515555,0.013871858030421125,0.07364339982278834,0.03951951670466824,0,0,0.03682169991139417,0.01975975835233412,0,0,0,0
P08,V8_video1_normal,normal,1966,65.5290631335071,1,0.1417059978297045,0.1266788323827684,0.15673316327664064,0.16211013992198306,0.5831485587583148,1.0,0.03127821399961028,0.01882964096895301,0.025053927484281646,0.08181095702249738,0,0,0.012526963742140823,0.04090547851124869,0,0,0,0
P08,V8_video1_normal,normal,1967,65.5623942948161,1,0.14679358772764892,0.1369275482384945,0.15665962721680332,0.16268014152763582,0.5809312638580931,1.0,0.5730147029703809,0.04678884502353131,0.3099017739969561,0.014217078531019256,0,1,0.15495088699847806,0.5071085392655096,0,1,0,0
P08,V8_video1_normal,normal,1968,65.59572545612511,1,0.15342277705480895,0.1321445820288137,0.17470097208080418,0.16347219908748326,0.5787139689578714,1.0,0.29445209795530825,0.050351297203690026,0.17240169757949914,0.017521094522553602,0,1,0.08620084878974957,0.5087605472612768,0,1,0,0
P08,V8_video1_normal,normal,1969,65.62905661743412,1,0.117996743188438,0.10034140227511847,0.13565208410175753,0.1634886047114709,0.5787139689578714,1.0,0.3434479406180694,0.1170099474254438,0.2302289440217566,0.02685144492977349,1,1,0.6151144720108783,0.5134257224648867,1,1,1,0
P08,V8_video1_normal,normal,1970,65.66238777874312,1,0.08781758517359317,0.07176388140192615,0.1038712889452602,0.16344949126533095,0.5787139689578714,1.0,0.3080694485053126,0.17194298326471225,0.24000621588501242,0.05612494445798648,1,1,0.6200031079425062,0.5280624722289933,1,1,1,0
P08,V8_video1_normal,normal,1971,65.69571894005213,1,0.10023251217792073,0.0803112692843677,0.12015375507147376,0.16745682208711918,0.5787139689578714,1.0,0.5422702253866194,0.10187758672447478,0.3220739060555471,0.03146399953329175,1,1,0.6610369530277735,0.5157319997666459,1,1,1,0
P08,V8_video1_normal,normal,1972,65.72905010136114,1,0.0787420188742134,0.060054294324197885,0.09742974342422892,0.16657523531646914,0.5787139689578714,1.0,0.5750218926682884,0.049687571255224494,0.31235473196175645,0.022530865056084228,1,1,0.6561773659808783,0.5112654325280421,1,1,1,0
P08,V8_video1_normal,normal,1973,65.76238126267015,1,0.09525999235307409,0.07521671135898303,0.11530327334716514,0.1660657763714917,0.5787139689578714,1.0,0.8790205982070504,0.1310122875384172,0.5050164428727337,0.022993100389064065,1,1,0.7525082214363669,0.511496550194532,1,1,1,0
P08,V8_video1_normal,normal,1974,65.79571242397915,1,0.11173788140338808,0.08807061445457469,0.13540514835220147,0.16879403985979258,0.5787139689578714,1.0,0.6500360077141958,0.2246481836007833,0.43734209565748955,0.026502595752815675,1,1,0.7186710478287448,0.5132512978764079,1,1,1,0
P08,V8_video1_normal,normal,1975,65.82904358528816,1,0.13961619656700047,0.1117746781526679,0.16745771498133305,0.1657973260303594,0.5787139689578714,1.0,0.9520465986150264,0.08541676077335814,0.5187316796941923,0.05279026816095702,1,1,0.7593658398470962,0.5263951340804786,1,1,1,0
P08,V8_video1_normal,normal,1976,65.86237474659715,1,0.15213386127490727,0.1286846568282394,0.17558306572157514,0.1679622642877392,0.5764966740576497,1.0,0.46356011137645714,0.0894067827714996,0.2764834470739784,0.04922666578813325,0,1,0.1382417235369892,0.5246133328940666,0,1,0,0
P08,V8_video1_normal,normal,1977,65.89570590790616,1,0.19251180031439574,0.1703021869244805,0.21472141370431103,0.16413243534640418,0.5742793791574279,1.0,0.44001117532014145,0.06559789555216333,0.2528045354361524,0.08904561276430421,0,1,0.1264022677180762,0.5445228063821521,0,1,0,0
P08,V8_video1_normal,normal,1978,65.92903706921517,1,0.20591497258640495,0.18916106901090857,0.22266887616190137,0.16442929969327602,0.5720620842572062,1.0,0.3078262806881029,0.10277559693654681,0.20530093881232486,0.04582105436442082,0,1,0.10265046940616243,0.5229105271822104,0,1,0,0
P08,V8_video1_normal,normal,1979,65.96236823052418,1,0.21217377182473565,0.1943130355835934,0.2300345080658779,0.1628779504403956,0.5698447893569845,1.0,0.04571605330883244,0.019610711239463674,0.032663382274148056,0.037052136204516965,0,1,0.016331691137074028,0.5185260681022584,0,1,0,0
P08,V8_video1_normal,normal,1980,65.99569939183318,1,0.20096055040264543,0.1842760663775646,0.21764503442772626,0.16349055753755729,0.5676274944567627,1.0,0.018361733531095825,0.00261715446923505,0.010489444000165438,0.08845931971972391,0,1,0.005244722000082719,0.5442296598598619,0,1,0,0
P08,V8_video1_normal,normal,1981,66.02903055314219,1,0.20034815567977315,0.17984067345193824,0.22085563790760804,0.16260816763255784,0.5676274944567627,1.0,0.00959358637987806,0.019383663996663247,0.014488625188270654,0.039607330084245086,0,1,0.007244312594135327,0.5198036650421225,0,1,0,0
P08,V8_video1_normal,normal,1982,66.0623617144512,1,0.1913077711395213,0.1668095698302226,0.21580597244882,0.16251603296710396,0.565410199556541,1.0,0.059821025551874296,0.004408076697230201,0.03211455112455225,0.10309530595094955,0,1,0.016057275562276124,0.5515476529754748,0,1,0,0
P08,V8_video1_normal,normal,1983,66.09569287576021,1,0.19083833254011956,0.16878658612767977,0.21289007895255938,0.16196659704800168,0.565410199556541,1.0,0.0504637652736557,0.012184596417732951,0.03132418084569433,0.03270221751256763,0,0,0.015662090422847164,0.016351108756283816,0,0,0,0
P08,V8_video1_normal,normal,1984,66.12902403706921,1,0.17984095374114273,0.16112138962312494,0.1985605178591605,0.16269132268726885,0.565410199556541,1.0,0.03886713187910318,0.0638596237685547,0.05136337782382894,0.01390740679142827,0,1,0.02568168891191447,0.5069537033957141,0,1,0,0
P08,V8_video1_normal,normal,1985,66.16235519837822,1,0.1770670795744108,0.15704893418184648,0.19708522496697517,0.16306587876804896,0.565410199556541,1.0,0.10195282930335181,0.025681681705856163,0.06381725550460399,0.051095520438293116,0,1,0.03190862775230199,0.5255477602191465,0,1,0,0
P08,V8_video1_normal,normal,1986,66.19568635968723,1,0.1824895228789246,0.16176138517491315,0.20321766058293603,0.1621782242472542,0.565410199556541,1.0,0.0498560782863805,0.008460698527707922,0.02915838840704421,0.039755084537924465,0,0,0.014579194203522106,0.019877542268962232,0,0,0,0
P08,V8_video1_normal,normal,1987,66.22901752099624,1,0.17468408144181624,0.15780903536189017,0.19155912752174228,0.16168054093988818,0.565410199556541,1.0,0.10621862492011036,0.0024476967330925303,0.054333160826601445,0.07654291530274399,0,0,0.027166580413300723,0.03827145765137199,0,0,0,0
P08,V8_video1_normal,normal,1988,66.26234868230524,1,0.1794510206392964,0.16305924125386526,0.1958428000247276,0.16202538110410328,0.565410199556541,1.0,0.24234557830348946,0.0022117452249781344,0.1222786617642338,0.06747344705072679,0,0,0.0611393308821169,0.033736723525363395,0,0,0,0
P08,V8_video1_normal,normal,1989,66.29567984361425,1,0.17746840598915187,0.1557085661758275,0.1992282458024762,0.16154592780230687,0.565410199556541,1.0,0.19007394587455273,0.0008296658705518878,0.09545180587255231,0.06711880950630919,0,0,0.047725902936276154,0.033559404753154595,0,0,0,0
P08,V8_video1_normal,normal,1990,66.32901100492326,1,0.18360339392197472,0.1601188303277323,0.20708795751621717,0.16133933691291477,0.565410199556541,1.0,0.07087722202991509,0.002209660528049495,0.03654344127898229,0.03868396699201027,0,0,0.018271720639491146,0.019341983496005136,0,0,0,0
P08,V8_video1_normal,normal,1991,66.36234216623227,1,0.18955728623085066,0.176148259011797,0.2029663134499043,0.16178549707862339,0.565410199556541,1.0,0.023084101707287474,0.03492136146635605,0.02900273158682176,0.012788472138773386,0,0,0.01450136579341088,0.006394236069386693,0,0,0,0
P08,V8_video1_normal,normal,1992,66.39567332754127,1,0.1809306060433325,0.1599034196701586,0.2019577924165064,0.16187675199729876,0.565410199556541,1.0,0.046078127366831145,0.06313457386253929,0.05460635061468522,0.008564106220388421,0,0,0.02730317530734261,0.004282053110194211,0,0,0,0
P08,V8_video1_normal,normal,1993,66.42900448885028,1,0.18791762483010677,0.17280683234740016,0.2030284173128134,0.1611640134214799,0.565410199556541,1.0,0.043258797265904536,0.0062490037517636265,0.02475390050883408,0.003509324866628769,0,0,0.01237695025441704,0.0017546624333143845,0,0,0,0
P08,V8_video1_normal,normal,1994,66.46233565015928,1,0.19617015244239694,0.18488481844059607,0.20745548644419778,0.16089429647922823,0.565410199556541,1.0,0.06985376960374223,0.02793335193351454,0.048893560768628386,0.013001097592678094,0,0,0.024446780384314193,0.006500548796339047,0,0,0,0
P08,V8_video1_normal,normal,1995,66.49566681146828,1,0.18901887725191274,0.1781619478512339,0.1998758066525916,0.1609894104088029,0.565410199556541,1.0,0.06333661972943627,0.016321682789524283,0.03982915125948028,0.006443112857465867,0,0,0.01991457562974014,0.0032215564287329337,0,0,0,0
P08,V8_video1_normal,normal,1996,66.52899797277729,1,0.18958858596350836,0.18106978977241636,0.19810738215460036,0.16182992765895116,0.565410199556541,1.0,0.11218726465076323,0.04610112522909271,0.07914419493992797,0.007828419417541296,0,0,0.039572097469963985,0.003914209708770648,0,0,0,0
P08,V8_video1_normal,normal,1997,66.5623291340863,1,0.20271863427089742,0.19925688749693912,0.2061803810448557,0.1612735800347039,0.565410199556541,1.0,0.23359192484849645,0.018764060001005722,0.12617799242475108,0.0022260838713415447,0,0,0.06308899621237554,0.0011130419356707724,0,0,0,0
P08,V8_video1_normal,normal,1998,66.5956602953953,1,0.19935572579428654,0.18824539719018024,0.21046605439839283,0.1619160514884172,0.565410199556541,1.0,0.15425002534759402,0.0019212635440015724,0.0780856444457978,0.002481832802657454,0,0,0.0390428222228989,0.001240916401328727,0,0,0,0
P08,V8_video1_normal,normal,1999,66.62899145670431,1,0.18482249118208913,0.16917465600814283,0.20047032635603543,0.1612761978828156,0.565410199556541,1.0,0.11316393441544381,0.002278818681539896,0.057721376548491854,0.002025152117931022,0,0,0.028860688274245927,0.001012576058965511,0,0,0,0
P08,V8_video1_normal,normal,2000,66.66232261801332,1,0.19346057539601708,0.18069540086711358,0.20622574992492054,0.1614637042579194,0.565410199556541,1.0,0.1152435198724644,0.0036806713399212265,0.05946209560619281,0.002348149291788763,0,0,0.029731047803096405,0.0011740746458943816,0,0,0,0
P08,V8_video1_normal,normal,2001,66.69565377932233,1,0.18554700553261833,0.16818908610868194,0.20290492495655474,0.1612591373900825,0.565410199556541,1.0,0.13220009849739933,0.01654964525174918,0.07437487187457426,0.0008994914234672218,0,0,0.03718743593728713,0.0004497457117336109,0,0,0,0
P08,V8_video1_normal,normal,2002,66.72898494063134,1,0.18641318897837922,0.1694423572088253,0.2033840207479331,0.16102270347736844,0.5631929046563193,1.0,0.14408931524307333,0.003952684192213285,0.07402099971764331,0.0009341758834501217,0,0,0.037010499858821655,0.00046708794172506087,0,0,0,0
P08,V8_video1_normal,normal,2003,66.76231610194034,1,0.19262984662636481,0.1837577871591243,0.20150190609360533,0.16180022230573762,0.5631929046563193,1.0,0.012280323937803761,0.009041945480482538,0.01066113470914315,0.0026767357299651872,0,0,0.005330567354571575,0.0013383678649825936,0,0,0,0
P08,V8_video1_normal,normal,2004,66.79564726324935,1,0.18952579748666354,0.1830032994499017,0.1960482955234254,0.16178877669810648,0.5609756097560976,1.0,0.04387830290643924,0.0030746433510593363,0.023476473128749287,0.004289283144953665,0,0,0.011738236564374643,0.0021446415724768325,0,0,0,0
P08,V8_video1_normal,normal,2005,66.82897842455836,1,0.1570542280406294,0.14281386977203878,0.17129458630922,0.16192029556104762,0.5587583148558758,1.0,0.17785008519725998,0.011694519486873722,0.09477230234206685,0.008935682678949229,0,0,0.047386151171033425,0.004467841339474614,0,0,0,0
P08,V8_video1_normal,normal,2006,66.86230958586737,1,0.15037764605658538,0.12776746717216297,0.17298782494100776,0.16134344175978907,0.5565410199556541,1.0,0.031029878143700507,0.0033178313706813123,0.01717385475719091,0.005893286264985557,0,0,0.008586927378595455,0.0029466431324927786,0,0,0,0
P08,V8_video1_normal,normal,2007,66.89564074717637,1,0.17110570396785482,0.1561348680955732,0.18607653984013645,0.16276253570895824,0.5565410199556541,1.0,0.10244356812423117,0.008595475767942395,0.05551952194608678,0.0017504892077071128,0,1,0.02775976097304339,0.5008752446038536,0,1,0,0
P08,V8_video1_normal,normal,2008,66.92897190848538,1,0.15514476031956578,0.13699960271097048,0.1732899179281611,0.16244100992020494,0.5543237250554324,1.0,0.08993648568070478,0.0018567249498180338,0.04589660531526141,0.0014437503975907526,0,1,0.022948302657630704,0.5007218751987954,0,1,0,0
P08,V8_video1_normal,normal,2009,66.96230306979439,1,0.18987133416544247,0.17918370264347824,0.2005589656874067,0.16359453161939136,0.5543237250554324,1.0,0.06753094044231278,0.011484820587238986,0.039507880514775884,0.006678392054809409,0,1,0.019753940257387942,0.5033391960274047,0,1,0,0
P08,V8_video1_normal,normal,2010,66.9956342311034,1,0.20426857167233642,0.19983509060153892,0.20870205274313394,0.16200270164973363,0.5521064301552107,1.0,0.07655628032756856,0.004536277962373769,0.040546279144971165,0.02139151038507172,0,0,0.020273139572485582,0.01069575519253586,0,0,0,0
P08,V8_video1_normal,normal,2011,67.02896539241239,1,0.1833591985210561,0.17113247086782818,0.19558592617428402,0.16076607168221754,0.549889135254989,1.0,0.039239196855884284,0.013431476848550727,0.026335336852217506,0.04259745683818372,0,0,0.013167668426108753,0.02129872841909186,0,0,0,0
P08,V8_video1_normal,normal,2012,67.0622965537214,1,0.1809308776787074,0.17383946517378426,0.1880222901836306,0.16219449166799513,0.5476718403547672,1.0,0.10692386658598385,0.017920709698670212,0.06242228814232703,0.02122414596908118,0,0,0.031211144071163516,0.01061207298454059,0,0,0,0
P08,V8_video1_normal,normal,2013,67.0956277150304,1,0.19724168392915203,0.187466101147775,0.20701726671052906,0.16215707401889579,0.5476718403547672,1.0,0.08932135551310438,0.009903378383708805,0.049612366948406594,0.005986237317803475,0,0,0.024806183474203297,0.0029931186589017373,0,0,0,0
P08,V8_video1_normal,normal,2014,67.12895887633941,1,0.19676892011258973,0.18571668186798826,0.2078211583571912,0.16097848989228283,0.5454545454545454,1.0,0.11421307437847827,0.0343621779426202,0.07428762616054924,0.04022224685250935,0,0,0.03714381308027462,0.020111123426254676,0,0,0,0
P08,V8_video1_normal,normal,2015,67.16229003764842,1,0.20267029254772884,0.1915419543070959,0.2137986307883618,0.1603887330513464,0.5454545454545454,1.0,0.12647604836912052,0.0446720173141244,0.08557403284162246,0.019579016008552455,0,0,0.04278701642081123,0.009789508004276228,0,0,0,0
P08,V8_video1_normal,normal,2016,67.19562119895743,1,0.20381970535606153,0.19236137695272723,0.21527803375939586,0.16037077735352195,0.5432372505543237,1.0,0.06028156838211174,0.062549594388429,0.06141558138527037,0.03962841206505214,0,0,0.030707790692635184,0.01981420603252607,0,0,0,0
P08,V8_video1_normal,normal,2017,67.22895236026643,1,0.20438313931689422,0.19590735423612837,0.21285892439766005,0.15980988151246536,0.5432372505543237,1.0,0.10109113613335885,0.1783032822754994,0.13969720920442913,0.011811628730547303,0,0,0.06984860460221456,0.005905814365273651,0,0,0,0
P08,V8_video1_normal,normal,2018,67.26228352157544,1,0.1971846633956595,0.18861260645024625,0.20575672034107276,0.16074422860037532,0.5432372505543237,1.0,0.11033833603821952,0.07648098885939647,0.093409662448808,0.019475278343327764,0,0,0.046704831224404,0.009737639171663882,0,0,0,0
P08,V8_video1_normal,normal,2019,67.29561468288445,1,0.2038594003657836,0.19604590052186466,0.21167290020970253,0.16141780295789812,0.541019955654102,1.0,0.18575877253063877,0.04475781889960451,0.11525829571512164,0.04336430527102551,0,0,0.05762914785756082,0.021682152635512757,0,0,0,0
P08,V8_video1_normal,normal,2020,67.32894584419346,1,0.208566777442452,0.1996711758650506,0.21746237901985344,0.1610582768075051,0.5388026607538803,1.0,0.141694305273392,0.09920879539967675,0.12045155033653437,0.031284282776386584,0,0,0.06022577516826719,0.015642141388193292,0,0,0,0
P08,V8_video1_normal,normal,2021,67.36227700550246,1,0.2119899239246225,0.20108743167216014,0.22289241617708483,0.1608422921358475,0.5365853658536586,1.0,0.2838467656914925,0.2179615244008999,0.2509041450461962,0.01196572005805095,0,0,0.1254520725230981,0.005982860029025475,0,0,0,0
P08,V8_video1_normal,normal,2022,67.39560816681147,1,0.1913742841080331,0.17719663934887647,0.20555192886718973,0.16046404993188232,0.5343680709534369,1.0,0.13167778357611937,0.04212348046307968,0.08690063201959952,0.013726521454842508,0,0,0.04345031600979976,0.006863260727421254,0,0,0,0
P08,V8_video1_normal,normal,2023,67.42893932812048,1,0.15136891819702275,0.12986041745276408,0.17287741894128142,0.15954456066934675,0.532150776053215,1.0,0.2326852778715235,0.01678065864217171,0.1247329682568476,0.009462354873541292,0,0,0.0623664841284238,0.004731177436770646,0,0,0,0
P08,V8_video1_normal,normal,2024,67.46227048942949,1,0.13092103996205645,0.11829679237345907,0.14354528755065382,0.16026189771053284,0.532150776053215,1.0,0.40355574212888523,0.12828500406149768,0.26592037309519145,0.01325649259495577,1,0,0.6329601865475958,0.006628246297477885,1,0,1,0
P08,V8_video1_normal,normal,2025,67.4956016507385,1,0.11482780742274759,0.10745973218011887,0.12219588266537632,0.159473036871334,0.532150776053215,1.0,0.8509078205003615,0.12599887270613208,0.4884533466032468,0.008007364065759697,1,0,0.7442266733016234,0.004003682032879849,1,0,1,0
P08,V8_video1_normal,normal,2026,67.5289328120475,1,0.09746280342818128,0.0889378323129039,0.10598777454345865,0.16035719533405424,0.532150776053215,1.0,0.2733068632310479,0.41592292835836653,0.3446148957947072,0.008024665558085571,1,0,0.6723074478973536,0.0040123327790427855,1,0,1,0
P08,V8_video1_normal,normal,2027,67.56226397335651,1,0.08120972132423215,0.06788874621930846,0.09453069642915585,0.16057355577365529,0.532150776053215,1.0,0.06102851052579494,0.08359766299493154,0.07231308676036324,0.005760585103280936,1,0,0.5361565433801816,0.002880292551640468,1,0,0,0
P08,V8_video1_normal,normal,2028,67.5955951346655,1,0.0802749035153216,0.06594404119108939,0.09460576583955382,0.16090831910518127,0.532150776053215,1.0,0.4705933629434691,0.16807595139340792,0.3193346571684385,0.016250903562811638,1,0,0.6596673285842193,0.008125451781405819,1,0,1,0
P08,V8_video1_normal,normal,2029,67.62892629597451,1,0.07510844290915239,0.058689924725167916,0.09152696109313685,0.1607608648684872,0.532150776053215,1.0,0.35456932467458047,0.04530077945608835,0.1999350520653344,0.017940374635940587,1,0,0.5999675260326672,0.008970187317970293,1,0,1,0
P08,V8_video1_normal,normal,2030,67.66225745728352,1,0.06381573170130618,0.04471194715366477,0.08291951624894758,0.16093111530648196,0.532150776053215,1.0,0.2710726074051153,0.06724147483905896,0.16915704112208713,0.020236667503804196,1,0,0.5845785205610435,0.010118333751902098,1,0,1,0
P08,V8_video1_normal,normal,2031,67.69558861859252,1,0.06349285725733395,0.05008047253073665,0.07690524198393123,0.16157153395755758,0.532150776053215,1.0,0.6852416568821633,0.08148564841348949,0.3833636526478264,0.02800870839060819,1,0,0.6916818263239132,0.014004354195304094,1,0,1,0
P08,V8_video1_normal,normal,2032,67.72891977990153,1,0.05628200913310987,0.04319129279413299,0.06937272547208675,0.16262965521432626,0.532150776053215,1.0,0.5063815749210425,0.23018691626008192,0.3682842455905622,0.006397783366383644,1,1,0.6841421227952811,0.5031988916831919,1,1,1,0
P08,V8_video1_normal,normal,2033,67.76225094121054,1,0.06379328162936584,0.053911773625099205,0.07367478963363247,0.16286359708872977,0.532150776053215,1.0,0.5170028562123332,0.3118254670757423,0.41441416164403777,0.013635488433153441,1,1,0.7072070808220189,0.5068177442165768,1,1,1,0
P08,V8_video1_normal,normal,2034,67.79558210251955,1,0.04530492680883964,0.02496762565931839,0.0656422279583609,0.16089421774713109,0.532150776053215,1.0,0.8814729672610102,0.1621599062988608,0.5218164367799355,0.006764248096725943,1,0,0.7609082183899678,0.0033821240483629714,1,0,1,0
P08,V8_video1_normal,normal,2035,67.82891326382855,1,0.04869405983250573,0.031653197832888766,0.06573492183212269,0.16072675621085694,0.532150776053215,1.0,0.7855904694063154,0.19442964311714683,0.4900100562617311,0.015185604101859717,1,0,0.7450050281308656,0.0075928020509298585,1,0,1,0
P08,V8_video1_normal,normal,2036,67.86224442513756,1,0.051149553420885674,0.03288428343330049,0.06941482340847085,0.16104508389625177,0.532150776053215,1.0,0.5892408071893784,0.16230121969926492,0.3757710134443217,0.010643142539819966,1,0,0.6878855067221609,0.005321571269909983,1,0,1,0
P08,V8_video1_normal,normal,2037,67.89557558644657,1,0.05175615913027792,0.0313116364902543,0.07220068177030155,0.1617173070508905,0.532150776053215,1.0,0.4858994927229423,0.22789533005630336,0.35689741138962283,0.009285701200588106,1,0,0.6784487056948114,0.004642850600294053,1,0,1,0
P08,V8_video1_normal,normal,2038,67.92890674775558,1,0.050652950219717635,0.030224082378390388,0.07108181806104488,0.16375099197171952,0.532150776053215,1.0,0.10594733862127437,0.0643594953611002,0.08515341699118728,0.0035235372570735887,1,1,0.5425767084955937,0.5017617686285368,1,1,0,0
P08,V8_video1_normal,normal,2039,67.96223790906458,1,0.07838396213777472,0.051156693738386626,0.10561123053716283,0.1631273523343687,0.532150776053215,1.0,0.11008169142391366,0.09251975427798387,0.10130072285094877,0.00696722564275435,1,1,0.5506503614254744,0.5034836128213772,1,1,0,0
P08,V8_video1_normal,normal,2040,67.99556907037359,1,0.09353764390005105,0.061828930672064,0.1252463571280381,0.16251849246148992,0.532150776053215,1.0,0.19702396555840207,0.08509028386775119,0.14105712471307663,0.03236403057078827,1,1,0.5705285623565384,0.5161820152853941,1,1,0,0
P08,V8_video1_normal,normal,2041,68.0289002316826,1,0.07756717532116923,0.06113799158104706,0.0939963590612914,0.16118889732745414,0.5343680709534369,1.0,0.24872606313325052,0.1790219481799692,0.21387400565660986,0.014572125927003314,1,0,0.606937002828305,0.007286062963501657,1,0,1,0
P08,V8_video1_normal,normal,2042,68.0622313929916,1,0.13592679211696476,0.10762145311945383,0.1642321311144757,0.16133488787910935,0.5365853658536586,1.0,0.1611412589252973,0.16320876211367485,0.16217501051948607,0.02353650029654395,1,0,0.5810875052597431,0.011768250148271975,1,0,1,0
P08,V8_video1_normal,normal,2043,68.09556255430061,1,0.14852294199752203,0.11626721587306364,0.18077866812198043,0.16131840395190752,0.5365853658536586,1.0,0.07651636014266272,0.15712250211368084,0.11681943112817178,0.03618242255179018,0,0,0.05840971556408589,0.01809121127589509,0,0,0,0
P08,V8_video1_normal,normal,2044,68.12889371560962,1,0.15309490648403115,0.11941593022877052,0.18677388273929177,0.161177961297048,0.5365853658536586,1.0,0.20571443912486853,0.0687790121443036,0.13724672563458606,0.029718314648274104,0,0,0.06862336281729303,0.014859157324137052,0,0,0,0
P08,V8_video1_normal,normal,2045,68.16222487691861,1,0.1859449571481993,0.15862245786686732,0.2132674564295313,0.1606571429283513,0.5365853658536586,1.0,0.10662353383472822,0.03916109165475812,0.07289231274474317,0.018511128292436885,0,0,0.036446156372371585,0.009255564146218443,0,0,0,0
P08,V8_video1_normal,normal,2046,68.19555603822762,1,0.18171783056416896,0.15581171336121727,0.20762394776712065,0.1597683136145006,0.5365853658536586,1.0,0.11173871330191498,0.06748808997203681,0.0896134016369759,0.01249268176504544,0,0,0.04480670081848795,0.00624634088252272,0,0,0,0
P08,V8_video1_normal,normal,2047,68.22888719953663,1,0.1874374853090216,0.16790676983500757,0.2069682007830356,0.15994371363957935,0.5365853658536586,1.0,0.03876023513661342,0.014696527038818852,0.026728381087716135,0.012335153468118035,0,0,0.013364190543858068,0.006167576734059018,0,0,0,0
P08,V8_video1_normal,normal,2048,68.26221836084564,1,0.17954692479103343,0.1609478168150399,0.19814603276702697,0.1600758088571477,0.5365853658536586,1.0,0.1297077198734482,0.010970302014347566,0.07033901094389788,0.015798315955783085,0,0,0.03516950547194894,0.007899157977891542,0,0,0,0
P08,V8_video1_normal,normal,2049,68.29554952215464,1,0.17974743919282293,0.1515699020854725,0.2079249763001734,0.16167015640725194,0.5365853658536586,1.0,0.15163602629268025,0.004986344378108187,0.07831118533539422,0.03385988810411133,0,0,0.03915559266769711,0.016929944052055664,0,0,0,0
P08,V8_video1_normal,normal,2050,68.32888068346365,1,0.18886658083702357,0.17771560777868953,0.20001755389535764,0.16065220780251008,0.5365853658536586,1.0,0.03931194049609488,0.0067241100637168705,0.023018025279905874,0.02158860562385609,0,0,0.011509012639952937,0.010794302811928044,0,0,0,0
P08,V8_video1_normal,normal,2051,68.36221184477266,1,0.18029615480558725,0.15848145318475798,0.2021108564264165,0.1605578757557011,0.5365853658536586,1.0,0.11922184783168233,0.0067494186570198345,0.06298563324435108,0.012655484558126382,0,0,0.03149281662217554,0.006327742279063191,0,0,0,0
P08,V8_video1_normal,normal,2052,68.39554300608167,1,0.19999690253946126,0.18483597022633855,0.21515783485258397,0.16142356912202954,0.5343680709534369,1.0,0.07641414443620986,0.005905002915086444,0.04115957367564815,0.026753801018242065,0,0,0.020579786837824077,0.013376900509121032,0,0,0,0
P08,V8_video1_normal,normal,2053,68.42887416739067,1,0.21623592840105862,0.20386065862368588,0.22861119817843137,0.16322705490100492,0.5343680709534369,1.0,0.17902476900713182,0.007954458284391674,0.09348961364576175,0.08043261137758956,0,1,0.046744806822880874,0.5402163056887948,0,1,0,0
P08,V8_video1_normal,normal,2054,68.46220532869968,1,0.19939687834783293,0.17984701725300078,0.21894673944266504,0.16331175120285532,0.5343680709534369,1.0,0.00476035693383392,0.016328490152871633,0.010544423543352777,0.039920862714497234,0,1,0.005272211771676388,0.5199604313572486,0,1,0,0
P08,V8_video1_normal,normal,2055,68.49553649000869,1,0.20164096863934483,0.19066877863207687,0.21261315864661282,0.16149467683907018,0.5343680709534369,1.0,0.12114663652214896,0.004126859978976438,0.0626367482505627,0.07512150479604271,0,0,0.03131837412528135,0.037560752398021355,0,0,0,0
P08,V8_video1_normal,normal,2056,68.5288676513177,1,0.20253518355668798,0.1926620866235087,0.2124082804898673,0.16125408439309916,0.5343680709534369,1.0,0.007512177268450215,0.019851629247696123,0.01368190325807317,0.03449816694433972,0,0,0.006840951629036585,0.01724908347216986,0,0,0,0
P08,V8_video1_normal,normal,2057,68.5621988126267,1,0.1986235556922945,0.18511262454700894,0.21213448683758004,0.16068431521512858,0.5343680709534369,1.0,0.025154947526467075,0.01511626785535125,0.020135607690909163,0.01392081226555309,0,0,0.010067803845454582,0.006960406132776545,0,0,0,0
P08,V8_video1_normal,normal,2058,68.59552997393571,1,0.20442917737909122,0.19428927536597326,0.21456907939220915,0.16081892246605672,0.5343680709534369,1.0,0.013589422006633267,0.01048305504488578,0.012036238525759524,0.057779437713588996,0,0,0.006018119262879762,0.028889718856794498,0,0,0,0
P08,V8_video1_normal,normal,2059,68.62886113524472,1,0.19648893475864268,0.18261313415509084,0.21036473536219452,0.15998754843386737,0.5343680709534369,1.0,0.06678132406454806,0.01661974742719352,0.04170053574587079,0.008535432358737065,0,0,0.020850267872935396,0.004267716179368533,0,0,0,0
P08,V8_video1_normal,normal,2060,68.66219229655373,1,0.20939550064773182,0.21004828051047936,0.2087427207849843,0.1609298685959687,0.532150776053215,1.0,0.11191870844777752,0.03245348603053855,0.07218609723915803,0.0055230959394994075,0,0,0.036093048619579016,0.0027615479697497038,0,0,0,0
P08,V8_video1_normal,normal,2061,68.69552345786273,1,0.21131429706477686,0.2051836311524599,0.21744496297709381,0.1615236256184418,0.5299334811529933,1.0,0.14145884925544416,0.0014602217688349794,0.07145953551213957,0.042037465773533705,0,0,0.035729767756069786,0.021018732886766853,0,0,0,0
P08,V8_video1_normal,normal,2062,68.72885461917174,1,0.21629824644706705,0.21318609886889997,0.21941039402523413,0.16101088799557747,0.5277161862527716,1.0,0.10811338792208258,0.00547307047618395,0.056793229199133266,0.005013408817541925,0,0,0.028396614599566633,0.0025067044087709626,0,0,0,0
P08,V8_video1_normal,normal,2063,68.76218578048073,1,0.21925770899358415,0.2176339968988089,0.22088142108835943,0.1626819724269375,0.5254988913525499,1.0,0.07014159828262656,0.007181613012472665,0.03866160564754961,0.013361922992263067,0,1,0.019330802823774806,0.5066809614961315,0,1,0,0
P08,V8_video1_normal,normal,2064,68.79551694178974,1,0.22463910214308308,0.2243060859380355,0.22497211834813063,0.16149562748667043,0.5232815964523282,1.0,0.18160623155058964,0.03140125653880277,0.1065037440446962,0.009446738480006808,0,0,0.0532518720223481,0.004723369240003404,0,0,0,0
P08,V8_video1_normal,normal,2065,68.82884810309875,1,0.2039614502410103,0.1991748929958049,0.2087480074862157,0.16112795039140795,0.5232815964523282,1.0,0.1937287846672039,0.04879984340776511,0.1212643140374845,0.007949756150866946,0,0,0.06063215701874225,0.003974878075433473,0,0,0,0
P08,V8_video1_normal,normal,2066,68.86217926440776,1,0.2044116562740237,0.19910695980544896,0.2097163527425984,0.16142576547095494,0.5232815964523282,1.0,0.1144580288147401,0.005867001278498818,0.06016251504661946,0.011758688507523471,0,0,0.03008125752330973,0.0058793442537617355,0,0,0,0
P08,V8_video1_normal,normal,2067,68.89551042571676,1,0.2151725211213973,0.21318793823922796,0.2171571040035666,0.16137208231852823,0.5232815964523282,1.0,0.09090747255024378,0.023868696218579788,0.057388084384411786,0.014045363869947829,0,0,0.028694042192205893,0.0070226819349739145,0,0,0,0
P08,V8_video1_normal,normal,2068,68.92884158702577,1,0.22265338581441652,0.2212668434599445,0.22403992816888854,0.16079583269701658,0.5232815964523282,1.0,0.03613626424395033,0.016203335376852812,0.026169799810401573,0.009097709602845847,0,0,0.013084899905200786,0.004548854801422923,0,0,0,0
P08,V8_video1_normal,normal,2069,68.96217274833478,1,0.19664238632757183,0.19065678160047939,0.20262799105466428,0.16123588577449832,0.5232815964523282,1.0,0.14337343996124885,0.010131941896741603,0.07675269092899523,0.12042252712308038,0,0,0.03837634546449761,0.06021126356154019,0,0,0,0
P08,V8_video1_normal,normal,2070,68.99550390964379,1,0.20638740573186076,0.19874789586213626,0.2140269156015853,0.1607115219861461,0.5232815964523282,1.0,0.12348880937377948,0.024971059414000685,0.07422993439389008,0.12977589368927753,0,0,0.03711496719694504,0.06488794684463876,0,0,0,0
P08,V8_video1_normal,normal,2071,69.0288350709528,1,0.19984246151377144,0.19188741147438873,0.20779751155315415,0.16090540829920666,0.5232815964523282,1.0,0.2009079311190567,0.012544566111218791,0.10672624861513774,0.1413747109516181,0,0,0.05336312430756887,0.07068735547580905,0,0,0,0
P08,V8_video1_normal,normal,2072,69.0621662322618,1,0.20291983572664057,0.1972552849111077,0.20858438654217343,0.1614271510991362,0.5232815964523282,1.0,0.17003797632968465,0.004920796533156024,0.08747938643142034,0.02542629799562566,0,0,0.04373969321571017,0.01271314899781283,0,0,0,0
P08,V8_video1_normal,normal,2073,69.09549739357081,1,0.20267916594913288,0.19769863342596272,0.20765969847230306,0.16143387928158864,0.5232815964523282,1.0,0.19651785130360344,0.004734627355291843,0.10062623932944764,0.013371657721907732,0,0,0.05031311966472382,0.006685828860953866,0,0,0,0
P08,V8_video1_normal,normal,2074,69.12882855487982,1,0.21022354472019775,0.20593182034543747,0.21451526909495802,0.16042528286276206,0.5232815964523282,1.0,0.2892754539051494,0.011322803548272753,0.15029912872671108,0.008469691806602035,0,0,0.07514956436335554,0.004234845903301017,0,0,0,0
P08,V8_video1_normal,normal,2075,69.16215971618882,1,0.20586898440255602,0.20067946033386064,0.21105850847125138,0.16138197666224002,0.5232815964523282,1.0,0.4817625425495995,0.005024781801145406,0.24339366217537245,0.014735784387168922,0,0,0.12169683108768622,0.007367892193584461,0,0,0,0
P08,V8_video1_normal,normal,2076,69.19549087749783,1,0.21110233131471984,0.20384384886849974,0.21836081376093994,0.16126262461565372,0.5232815964523282,1.0,0.06110592626106026,0.026897136008102396,0.04400153113458133,0.005194318481227229,0,0,0.022000765567290664,0.0025971592406136145,0,0,0,0
P08,V8_video1_normal,normal,2077,69.22882203880684,1,0.2186537081482604,0.20990920515638503,0.22739821114013578,0.1618248494153447,0.5232815964523282,1.0,0.16880198336846408,0.01893524921692913,0.0938686162926966,0.007261990520268464,0,0,0.0469343081463483,0.003630995260134232,0,0,0,0
P08,V8_video1_normal,normal,2078,69.26215320011585,1,0.23105465644644185,0.2257140384493444,0.23639527444353928,0.1623574010803049,0.5232815964523282,1.0,0.1107261989398971,0.019401640930254205,0.06506391993507565,0.006423794813469935,0,0,0.03253195996753783,0.0032118974067349673,0,0,0,0
P08,V8_video1_normal,normal,2079,69.29548436142485,1,0.22592308780983364,0.21564974112626922,0.23619643449339806,0.16343542766502606,0.5232815964523282,1.0,0.028134024336604613,0.0195290334504975,0.023831528893551057,0.002344169240257212,0,1,0.011915764446775529,0.5011720846201286,0,1,0,0
P08,V8_video1_normal,normal,2080,69.32881552273385,1,0.23965256960984016,0.23328083280115083,0.24602430641852946,0.1627232299221294,0.5232815964523282,1.0,0.06394635131455972,0.015200550995051576,0.03957345115480565,0.008152106735624868,0,1,0.019786725577402825,0.5040760533678125,0,1,0,0
P08,V8_video1_normal,normal,2081,69.36214668404286,1,0.2478025724205719,0.24380344687995112,0.25180169796119267,0.1626176087199433,0.5232815964523282,1.0,0.23605736507055852,0.016871848088197416,0.12646460657937797,0.0165089343973087,0,1,0.06323230328968898,0.5082544671986543,0,1,0,0
P08,V8_video1_normal,normal,2082,69.39547784535186,1,0.25269822125110847,0.2452809894975869,0.26011545300463007,0.16326865584737488,0.5232815964523282,1.0,0.015168876486858163,0.026714458350840853,0.020941667418849508,0.007979965465524817,0,1,0.010470833709424754,0.5039899827327624,0,1,0,0
P08,V8_video1_normal,normal,2083,69.42880900666087,1,0.251309433761551,0.24331819259588788,0.25930067492721415,0.16319788806901178,0.5232815964523282,1.0,0.06951925524872293,0.01045912713319308,0.03998919119095801,0.014520403237810196,0,1,0.019994595595479003,0.5072602016189051,0,1,0,0
P08,V8_video1_normal,normal,2084,69.46214016796988,1,0.24196199719611777,0.2341723909745507,0.24975160341768485,0.16280037835330124,0.5232815964523282,1.0,0.09818503737717255,0.005546333677411641,0.051865685527292094,0.02136975531394414,0,1,0.025932842763646047,0.5106848776569721,0,1,0,0
P08,V8_video1_normal,normal,2085,69.49547132927889,1,0.24169700081119805,0.23149658133990014,0.25189742028249595,0.1623885576237955,0.5232815964523282,1.0,0.08646227942121343,0.0073743653082377625,0.046918322364725595,0.015843963293051596,0,0,0.023459161182362798,0.007921981646525798,0,0,0,0
P08,V8_video1_normal,normal,2086,69.52880249058789,1,0.2383496040013972,0.22922833241230012,0.2474708755904943,0.16245336528449417,0.5232815964523282,1.0,0.03277537692114285,0.040024267545403225,0.03639982223327304,0.013419116954134086,0,1,0.01819991111663652,0.506709558477067,0,1,0,0
P08,V8_video1_normal,normal,2087,69.5621336518969,1,0.24402531446014752,0.23842511937373434,0.24962550954656068,0.16367475981262788,0.5232815964523282,1.0,0.032447205524380185,0.013524105257948893,0.02298565539116454,0.007018983605718295,0,1,0.01149282769558227,0.5035094918028592,0,1,0,0
P08,V8_video1_normal,normal,2088,69.59546481320591,1,0.24429602658157729,0.2384076917146136,0.250184361448541,0.16265441311903145,0.5232815964523282,1.0,0.03075280016226134,0.012667758434636078,0.02171027929844871,0.007041915763902672,0,1,0.010855139649224355,0.5035209578819513,0,1,0,0
P08,V8_video1_normal,normal,2089,69.62879597451492,1,0.24339088165302025,0.23652003528561802,0.25026172802042246,0.16248256106024522,0.5232815964523282,1.0,0.1599282566572574,0.00362336871261959,0.0817758126849385,0.004570624098325501,0,1,0.04088790634246925,0.5022853120491627,0,1,0,0
P08,V8_video1_normal,normal,2090,69.66212713582392,1,0.24311600298050243,0.2366902134497369,0.24954179251126796,0.1631505520789648,0.5232815964523282,1.0,0.015892529337158012,0.010360590434289163,0.013126559885723588,0.005142186437902389,0,1,0.006563279942861794,0.5025710932189512,0,1,0,0
P08,V8_video1_normal,normal,2091,69.69545829713293,1,0.24269200284492176,0.23696646376137573,0.24841754192846777,0.16273465695010744,0.5232815964523282,1.0,0.014257305128473008,0.006568351965735353,0.01041282854710418,0.011023048322792687,0,1,0.00520641427355209,0.5055115241613963,0,1,0,0
P08,V8_video1_normal,normal,2092,69.72878945844194,1,0.24324975565793988,0.235976164894194,0.2505233464216858,0.16226783977586973,0.5232815964523282,1.0,0.014257305128473008,0.020065669703165256,0.017161487415819132,0.01330930205256251,0,0,0.008580743707909566,0.006654651026281255,0,0,0,0
P08,V8_video1_normal,normal,2093,69.76212061975095,1,0.2451367302713884,0.23970736346426896,0.25056609707850785,0.16358180121378418,0.5232815964523282,1.0,0.10230582459374005,0.013786985217650094,0.05804640490569507,0.004755601614655731,0,1,0.029023202452847535,0.5023778008073279,0,1,0,0
P08,V8_video1_normal,normal,2094,69.79545178105995,1,0.23822436509856132,0.22872331825647038,0.24772541194065228,0.16379875052439588,0.5232815964523282,1.0,0.08532803375689879,0.0019517172703718,0.043639875513635296,0.010956233410051294,0,1,0.021819937756817648,0.5054781167050256,0,1,0,0
P08,V8_video1_normal,normal,2095,69.82878294236896,1,0.2441312907955226,0.23402095768297254,0.25424162390807264,0.1642900937542668,0.5232815964523282,1.0,0.04105809701261531,0.03974554722278467,0.04040182211769999,0.004444139244909976,0,1,0.020200911058849996,0.502222069622455,0,1,0,0
P08,V8_video1_normal,normal,2096,69.86211410367797,1,0.24292631976460788,0.2349819996382426,0.2508706398909732,0.16420840192408484,0.5210643015521065,1.0,0.08564478804403397,0.03118446639409167,0.05841462721906282,0.0028254339953992283,0,1,0.02920731360953141,0.5014127169976996,0,1,0,0
P08,V8_video1_normal,normal,2097,69.89544526498696,1,0.25070244260937957,0.2464534411904185,0.2549514440283407,0.16319691695744354,0.5188470066518847,1.0,0.04256974402983171,0.03647950897168051,0.03952462650075611,0.0024797642587568846,0,1,0.019762313250378055,0.5012398821293784,0,1,0,0
P08,V8_video1_normal,normal,2098,69.92877642629597,1,0.24932525415726026,0.2430350811521721,0.2556154271623484,0.16359066994755744,0.516629711751663,1.0,0.06341097403951246,0.03695479072864205,0.050182882384077254,0.003312931082386019,0,1,0.025091441192038627,0.501656465541193,0,1,0,0
P08,V8_video1_normal,normal,2099,69.96210758760498,1,0.25307166637978185,0.24859244219471088,0.25755089056485286,0.16195000971517312,0.5144124168514412,1.0,0.03557942005952475,0.0024759856193838914,0.01902770283945432,0.07020250127000839,0,0,0.00951385141972716,0.035101250635004196,0,0,0,0
P08,V8_video1_normal,normal,2100,69.99543874891398,1,0.253774394472326,0.24963504338184686,0.2579137455628052,0.161801068881225,0.5121951219512195,1.0,0.06256806475640475,0.0018921862473891826,0.03223012550189697,0.21362813525551377,0,0,0.016115062750948483,0.10681406762775689,0,0,0,0
P08,V8_video1_normal,normal,2101,70.02876991022299,1,0.2610214325596402,0.2560948232107303,0.26594804190855015,0.16233291238424644,0.5099778270509978,1.0,0.059336226548491466,0.0008170300065227787,0.030076628277507123,0.13539984911145878,0,0,0.015038314138753561,0.06769992455572939,0,0,0,0
P08,V8_video1_normal,normal,2102,70.062101071532,1,0.26212995178789855,0.25831285911530244,0.2659470444604947,0.16229593497584102,0.5077605321507761,1.0,0.04787850472537747,0.004851706859482552,0.02636510579243001,0.0648157212522041,0,0,0.013182552896215005,0.03240786062610205,0,0,0,0
P08,V8_video1_normal,normal,2103,70.095432232841,1,0.26227609582374356,0.2566694426917131,0.26788274895577396,0.162017779242504,0.5055432372505543,1.0,0.044521133662782764,0.004220292504651391,0.024370713083717077,0.10079740637532014,0,0,0.012185356541858539,0.05039870318766007,0,0,0,0
P08,V8_video1_normal,normal,2104,70.12876339415001,1,0.26344913959722893,0.257877557698229,0.2690207214962288,0.16216373977761636,0.5033259423503326,1.0,0.03043959143044106,0.0035260360958385695,0.016982813763139815,0.03497703957656594,0,0,0.008491406881569907,0.01748851978828297,0,0,0,0
P08,V8_video1_normal,normal,2105,70.16209455545902,1,0.24808188560423394,0.24362764225639036,0.2525361289520775,0.16147850268554706,0.5011086474501109,1.0,0.09642507979670611,0.009460969488445103,0.05294302464257561,0.05938905247944192,0,0,0.026471512321287805,0.02969452623972096,0,0,0,0
P08,V8_video1_normal,normal,2106,70.19542571676803,1,0.20878478995179026,0.20583451054733667,0.21173506935624384,0.16198184396798176,0.49889135254988914,1.0,0.0803650101489558,0.08046584047709249,0.08041542531302415,0.04967793544749361,0,0,0.040207712656512073,0.024838967723746806,0,0,0,0
P08,V8_video1_normal,normal,2107,70.22875687807704,1,0.1512177750105415,0.13388965603719225,0.16854589398389075,0.15994164603298167,0.49667405764966743,1.0,0.5253285438993389,0.018964542886776847,0.2721465433930579,0.04232748097332836,0,0,0.13607327169652894,0.02116374048666418,0,0,0,0
P08,V8_video1_normal,normal,2108,70.26208803938604,1,0.11684611101169785,0.11014902675317786,0.12354319527021784,0.160892334386002,0.49667405764966743,1.0,0.39339717992238776,0.18701103745212289,0.2902041086872553,0.03039708484609325,1,0,0.6451020543436277,0.015198542423046624,1,0,1,0
P08,V8_video1_normal,normal,2109,70.29541920069505,1,0.09903430069617788,0.08392775380902899,0.11414084758332677,0.1608418838752015,0.49667405764966743,1.0,0.45469528019853955,0.3485615027804877,0.4016283914895136,0.03617518969194077,1,0,0.7008141957447568,0.018087594845970386,1,0,1,0
P08,V8_video1_normal,normal,2110,70.32875036200406,1,0.09397414134061999,0.08245434530874926,0.10549393737249073,0.16025589380195313,0.49667405764966743,1.0,0.40184461017536566,0.25335473346704074,0.3275996718212032,0.06059577616624185,1,0,0.6637998359106017,0.030297888083120925,1,0,1,0
P08,V8_video1_normal,normal,2111,70.36208152331307,1,0.08396253695930092,0.07111041616416733,0.09681465775443453,0.15984858738234656,0.49667405764966743,1.0,0.35264396213378546,0.21209563696334477,0.2823697995485651,0.03427335264244878,1,0,0.6411848997742826,0.01713667632122439,1,0,1,0
P08,V8_video1_normal,normal,2112,70.39541268462207,1,0.09132536695248274,0.07735438445363689,0.10529634945132858,0.16035016192880158,0.49667405764966743,1.0,0.23396952116034997,0.35650291077451934,0.29523621596743466,0.016964558268282737,1,0,0.6476181079837173,0.008482279134141369,1,0,1,0
P08,V8_video1_normal,normal,2113,70.42874384593108,1,0.07820108632888861,0.06922134752115765,0.08718082513661958,0.160834199548818,0.49667405764966743,1.0,0.5168776143207902,0.3251435308696027,0.4210105725951964,0.019611068784275522,1,0,0.7105052862975982,0.009805534392137761,1,0,1,0
P08,V8_video1_normal,normal,2114,70.46207500724007,1,0.09217611459847674,0.08727058386360961,0.09708164533334389,0.16114782118706497,0.49667405764966743,1.0,0.607255167874056,0.36681498865320505,0.4870350782636305,0.016383280189174922,1,0,0.7435175391318153,0.008191640094587461,1,0,1,0
P08,V8_video1_normal,normal,2115,70.49540616854908,1,0.09153875328373794,0.08627977062311151,0.09679773594436436,0.16181898311461507,0.49667405764966743,1.0,0.3211347452359692,0.180965578994425,0.2510501621151971,0.006276680035685577,1,0,0.6255250810575985,0.0031383400178427883,1,0,1,0
P08,V8_video1_normal,normal,2116,70.52873732985809,1,0.0793184489594849,0.07551566481702006,0.08312123310194973,0.16180755924689913,0.49667405764966743,1.0,0.3332217358677275,0.34854624987984617,0.34088399287378685,0.007130179956153209,1,0,0.6704419964368934,0.0035650899780766045,1,0,1,0
P08,V8_video1_normal,normal,2117,70.5620684911671,1,0.08462408530420107,0.07536250598375152,0.0938856646246506,0.1619860695250678,0.49667405764966743,1.0,0.4910095711729636,0.5053723547561169,0.49819096296454024,0.006206331160983318,1,0,0.7490954814822701,0.003103165580491659,1,0,1,0
P08,V8_video1_normal,normal,2118,70.5953996524761,1,0.07716229258911234,0.07231334142575861,0.08201124375246606,0.1625105635406808,0.49667405764966743,1.0,0.6828112979399146,0.23271507675191427,0.4577631873459144,0.010729856863846813,1,1,0.7288815936729572,0.5053649284319234,1,1,1,0
P08,V8_video1_normal,normal,2119,70.62873081378511,1,0.07542812663083306,0.06750719671414135,0.08334905654752477,0.1619150968722877,0.49667405764966743,1.0,0.5062256069100082,0.2145866638505748,0.3604061353802915,0.012883744596876006,1,0,0.6802030676901457,0.006441872298438003,1,0,1,0
P08,V8_video1_normal,normal,2120,70.66206197509412,1,0.07808997609908433,0.06941950185817956,0.08676045033998908,0.1625238030308025,0.49667405764966743,1.0,0.5356270718601486,0.16981551831541697,0.35272129508778277,0.0085568458855752,1,1,0.6763606475438914,0.5042784229427876,1,1,1,0
P08,V8_video1_normal,normal,2121,70.69539313640313,1,0.06644427938954262,0.05891158513827953,0.0739769736408057,0.1616063510353786,0.49667405764966743,1.0,0.4999717245810036,0.19644051918357264,0.3482061218822881,0.04806369690591577,1,0,0.674103060941144,0.024031848452957884,1,0,1,0
P08,V8_video1_normal,normal,2122,70.72872429771213,1,0.07274298253725173,0.05792548079884495,0.08756048427565852,0.16085288986730562,0.49889135254988914,1.0,0.42975243215830516,0.08147776144177887,0.255615096800042,0.05370423135793003,1,0,0.627807548400021,0.026852115678965015,1,0,1,0
P08,V8_video1_normal,normal,2123,70.76205545902114,1,0.06358319078868979,0.046765980465088765,0.08040040111229083,0.16123004214670378,0.49889135254988914,1.0,0.6023766553651271,0.1226743075730049,0.362525481469066,0.03949897871687478,1,0,0.681262740734533,0.01974948935843739,1,0,1,0
P08,V8_video1_normal,normal,2124,70.79538662033015,1,0.06350706912171031,0.05077965719124786,0.07623448105217275,0.16214157563127046,0.5011086474501109,1.0,0.5761750919884918,0.054460610538952126,0.31531785126372197,0.032571529016525824,1,0,0.657658925631861,0.016285764508262912,1,0,1,0
P08,V8_video1_normal,normal,2125,70.82871778163916,1,0.05846658577208154,0.038487982946191594,0.07844518859797149,0.1619937066917789,0.5011086474501109,1.0,0.5755156090891416,0.3865373938169273,0.48102650145303444,0.010873190558363085,1,0,0.7405132507265172,0.005436595279181542,1,0,1,0
P08,V8_video1_normal,normal,2126,70.86204894294816,1,0.05611954372821289,0.03866886078402384,0.07357022667240194,0.1621874795730646,0.5011086474501109,1.0,0.7331383177331896,0.3474924422930661,0.5403153800131278,0.012873184863876104,1,0,0.7701576900065639,0.006436592431938052,1,0,1,0
P08,V8_video1_normal,normal,2127,70.89538010425717,1,0.05838061239372741,0.03920817483524223,0.0775530499522126,0.16117798138248224,0.5011086474501109,1.0,0.8730013979104123,0.3053834243995798,0.589192411154996,0.025798666034511347,1,0,0.794596205577498,0.012899333017255673,1,0,1,0
P08,V8_video1_normal,normal,2128,70.92871126556618,1,0.06311993246286443,0.04778125061010751,0.07845861431562136,0.1620795123813568,0.5011086474501109,1.0,0.705728288227775,0.21461453199510994,0.46017141011144247,0.022341053745780614,1,0,0.7300857050557212,0.011170526872890307,1,0,1,0
P08,V8_video1_normal,normal,2129,70.96204242687519,1,0.05700083294206698,0.0403166276820113,0.07368503820212266,0.16144679421078167,0.5011086474501109,1.0,0.7999947362753136,0.21732409748964843,0.508659416882481,0.07255943132630555,1,0,0.7543297084412405,0.03627971566315277,1,0,1,0
P08,V8_video1_normal,normal,2130,70.9953735881842,1,0.060481879176939334,0.04400904952725497,0.0769547088266237,0.16113514419112826,0.5011086474501109,1.0,0.5004913060275993,0.23883591926757297,0.3696636126475861,0.06310592440858913,1,0,0.684831806323793,0.031552962204294564,1,0,1,0
P08,V8_video1_normal,normal,2131,71.0287047494932,1,0.051227998630774166,0.03279039998811848,0.06966559727342986,0.16166974977450804,0.5011086474501109,1.0,0.5136168596461854,0.16854445929581863,0.341080659471002,0.09412788202468618,1,0,0.670540329735501,0.04706394101234309,1,0,1,0
P08,V8_video1_normal,normal,2132,71.0620359108022,1,0.060037166793542325,0.03779919428458682,0.08227513930249783,0.16105209421401906,0.5011086474501109,1.0,0.1689027815035814,0.5049247117675588,0.3369137466355701,0.06620780756779665,1,0,0.668456873317785,0.033103903783898325,1,0,1,0
P08,V8_video1_normal,normal,2133,71.0953670721112,1,0.06043246008966282,0.037698651222468196,0.08316626895685744,0.16075956496751334,0.5011086474501109,1.0,0.3842945348583685,0.25322757054077416,0.31876105269957133,0.06300828037720094,1,0,0.6593805263497856,0.03150414018860047,1,0,1,0
P08,V8_video1_normal,normal,2134,71.12869823342021,1,0.05225841053483937,0.03591130492211285,0.0686055161475659,0.1619004596601693,0.5011086474501109,1.0,0.5733795981674734,0.17028744475141322,0.3718335214594433,0.031177818617706438,1,0,0.6859167607297216,0.015588909308853219,1,0,1,0
P08,V8_video1_normal,normal,2135,71.16202939472922,1,0.049940372217361764,0.036923308423263364,0.06295743601146017,0.16218869349120518,0.5011086474501109,1.0,0.7602273540023126,0.3026587294149826,0.5314430417086475,0.0262289267015819,1,0,0.7657215208543238,0.01311446335079095,1,0,1,0
P08,V8_video1_normal,normal,2136,71.19536055603822,1,0.054231703339548874,0.03913801310155966,0.06932539357753809,0.16294868098245024,0.5011086474501109,1.0,0.5265374918182211,0.16768887915050334,0.3471131854843622,0.014840994937873737,1,1,0.6735565927421812,0.5074204974689369,1,1,1,0
P08,V8_video1_normal,normal,2137,71.22869171734723,1,0.047867708149010084,0.028356440181896984,0.06737897611612319,0.16213449910411112,0.5011086474501109,1.0,0.7668041558443678,0.20173450231144074,0.48426932907790426,0.020467660469212393,1,0,0.7421346645389522,0.010233830234606197,1,0,1,0
P08,V8_video1_normal,normal,2138,71.26202287865624,1,0.04490520350554583,0.02347691385017723,0.06633349316091443,0.1618544960151482,0.5011086474501109,1.0,0.6381133441298046,0.12393995105493028,0.38102664759236743,0.008675001634794802,1,0,0.6905133237961837,0.004337500817397401,1,0,1,0
P08,V8_video1_normal,normal,2139,71.29535403996525,1,0.0490658036030578,0.03135720354365934,0.06677440366245627,0.16216166689800365,0.5011086474501109,1.0,0.6675020908460219,0.07130338815739168,0.36940273950170677,0.014385033044655464,1,0,0.6847013697508534,0.007192516522327732,1,0,1,0
P08,V8_video1_normal,normal,2140,71.32868520127425,1,0.054784282914788054,0.03856650218840531,0.0710020636411708,0.1623568533228396,0.5011086474501109,1.0,0.810611260953037,0.11823411090906866,0.46442268593105285,0.008699973419387438,1,0,0.7322113429655264,0.004349986709693719,1,0,1,0
P08,V8_video1_normal,normal,2141,71.36201636258326,1,0.037523620006300086,0.018165432141310004,0.05688180787129017,0.16104659184186992,0.5011086474501109,1.0,0.6771209449756739,0.22767012680578336,0.4523955358907286,0.015215598112253413,1,0,0.7261977679453643,0.007607799056126707,1,0,1,0
P08,V8_video1_normal,normal,2142,71.39534752389227,1,0.04302257522673272,0.025375641334095225,0.060669509119370225,0.16056445895601207,0.5011086474501109,1.0,0.4328037434778983,0.25582812520622267,0.3443159343420605,0.0029197354478987247,1,0,0.6721579671710303,0.0014598677239493624,1,0,1,0
P08,V8_video1_normal,normal,2143,71.42867868520128,1,0.033589542005243014,0.013278972620913003,0.05390011138957302,0.16311741542242064,0.5011086474501109,1.0,0.5624517193728552,0.12409262389225661,0.3432721716325559,0.023195238971810802,1,1,0.671636085816278,0.5115976194859054,1,1,1,0
P08,V8_video1_normal,normal,2144,71.46200984651028,1,0.028874039935427406,0.013025020577077601,0.04472305929377721,0.163859306528801,0.5011086474501109,1.0,0.6508435277311823,0.08760526044501027,0.36922439408809626,0.031545461257017335,1,1,0.6846121970440482,0.5157727306285087,1,1,1,0
P08,V8_video1_normal,normal,2145,71.49534100781929,1,0.03124135467535757,0.013479523726670224,0.04900318562404492,0.1629921709709247,0.5011086474501109,1.0,0.2937581070320301,0.14872405986929071,0.2212410834506604,0.013907818775890356,1,1,0.6106205417253302,0.5069539093879452,1,1,1,0
P08,V8_video1_normal,normal,2146,71.5286721691283,1,0.026508864786853336,0.007661744178121787,0.045355985395584886,0.16355829357684967,0.5011086474501109,1.0,0.2419730555770082,0.20095949472805597,0.2214662751525321,0.012652148381014255,1,1,0.610733137576266,0.5063260741905071,1,1,1,0
P08,V8_video1_normal,normal,2147,71.5620033304373,1,0.031105030329072848,0.007189089045216835,0.05502097161292886,0.16349226101053782,0.5011086474501109,1.0,0.5466570951167169,0.34231935572898164,0.44448822542284927,0.01872788753874748,1,1,0.7222441127114246,0.5093639437693738,1,1,1,0
P08,V8_video1_normal,normal,2148,71.59533449174631,1,0.04300005250614188,0.019121567338420287,0.06687853767386348,0.164616695517807,0.5011086474501109,1.0,0.32625420438798425,0.34368759480847366,0.33497089959822895,0.023219895233898627,1,1,0.6674854497991145,0.5116099476169493,1,1,1,0
P08,V8_video1_normal,normal,2149,71.62866565305531,1,0.051087063903959444,0.028027478227553197,0.0741466495803657,0.16358292670486912,0.5011086474501109,1.0,0.39218982766141686,0.29251459580301775,0.3423522117322173,0.024958814006410555,1,1,0.6711761058661087,0.5124794070032053,1,1,1,0
P08,V8_video1_normal,normal,2150,71.66199681436431,1,0.04403061539138007,0.01994299782617992,0.06811823295658022,0.1625204537540032,0.5011086474501109,1.0,0.29055301466179406,0.4210766643096143,0.3558148394857042,0.022986026262349458,1,1,0.6779074197428521,0.5114930131311747,1,1,1,0
P08,V8_video1_normal,normal,2151,71.69532797567332,1,0.041875944176075465,0.016181645495282948,0.06757024285686798,0.16334336178751416,0.5011086474501109,1.0,0.38708071182370174,0.1394519338135919,0.2632663228186468,0.03075719231888945,1,1,0.6316331614093234,0.5153785961594447,1,1,1,0
P08,V8_video1_normal,normal,2152,71.72865913698233,1,0.0446843882558433,0.0212548368874186,0.06811393962426801,0.16369297383041612,0.5011086474501109,1.0,0.20074614620552578,0.24426821199116178,0.22250717909834378,0.024789547657478175,1,1,0.6112535895491719,0.5123947738287391,1,1,1,0
P08,V8_video1_normal,normal,2153,71.76199029829134,1,0.04073807782652402,0.015580458879196912,0.06589569677385113,0.16459097488718769,0.5011086474501109,1.0,0.20976512678365944,0.24041273404867558,0.2250889304161675,0.04133486322388047,1,1,0.6125444652080838,0.5206674316119402,1,1,1,0
P08,V8_video1_normal,normal,2154,71.79532145960034,1,0.035231874487098455,0.012071672826232675,0.05839207614796424,0.16368936787425378,0.5011086474501109,1.0,0.32903569766748864,0.23748601139195735,0.283260854529723,0.05413911919922567,1,1,0.6416304272648615,0.5270695595996129,1,1,1,0
P08,V8_video1_normal,normal,2155,71.82865262090935,1,0.04132733329294251,0.016205713348967275,0.06644895323691775,0.16309444562865627,0.5011086474501109,1.0,0.24927538393279158,0.10032832624430243,0.174801855088547,0.09106206772152488,1,1,0.5874009275442735,0.5455310338607624,1,1,1,0
P08,V8_video1_normal,normal,2156,71.86198378221836,1,0.041013570381281374,0.017965145496051355,0.06406199526651139,0.16319734553993734,0.5011086474501109,1.0,0.2534191426971717,0.1987832479104864,0.22610119530382905,0.0879153543516924,1,1,0.6130505976519145,0.5439576771758462,1,1,1,0
P08,V8_video1_normal,normal,2157,71.89531494352737,1,0.03811001638262111,0.011605232086607568,0.06461480067863466,0.16512582751400803,0.5011086474501109,1.0,0.2911380603957189,0.22118886688262396,0.2561634636391714,0.09007970447622016,1,1,0.6280817318195857,0.5450398522381101,1,1,1,0
P08,V8_video1_normal,normal,2158,71.92864610483637,1,0.036215557578967855,0.010785464923011629,0.061645650234924076,0.1635643242374415,0.5011086474501109,1.0,0.3489591214054717,0.3893995570856653,0.3691793392455685,0.08032979345989778,1,1,0.6845896696227842,0.5401648967299489,1,1,1,0
P08,V8_video1_normal,normal,2159,71.96197726614538,1,0.037768658558963,0.025056019084772806,0.05048129803315319,0.16435539221678014,0.5011086474501109,1.0,0.3483039774765544,0.12578766835248711,0.23704582291452075,0.030121253516231128,1,1,0.6185229114572603,0.5150606267581156,1,1,1,0
P08,V8_video1_normal,normal,2160,71.99530842745439,1,0.03943947947845039,0.024122376279195744,0.05475658267770503,0.16463143381093395,0.5011086474501109,1.0,0.38209118163067224,0.34101915044141307,0.36155516603604265,0.037020028658681994,1,1,0.6807775830180214,0.518510014329341,1,1,1,0
P08,V8_video1_normal,normal,2161,72.0286395887634,1,0.03927012298251069,0.019967840102318182,0.05857240586270319,0.16350013127421198,0.5011086474501109,1.0,0.5739411988271639,0.11971675356190492,0.3468289761945344,0.02926904927069004,1,1,0.6734144880972672,0.514634524635345,1,1,1,0
P08,V8_video1_normal,normal,2162,72.0619707500724,1,0.028657753096498068,0.01148140013262691,0.04583410606036922,0.16399870231720004,0.5011086474501109,1.0,0.4675330413914863,0.28353268291457867,0.3755328621530325,0.01851939065285776,1,1,0.6877664310765162,0.5092596953264289,1,1,1,0
P08,V8_video1_normal,normal,2163,72.09530191138141,1,0.03723952877028968,0.013213453993655725,0.06126560354692364,0.16404308810492774,0.5011086474501109,1.0,0.7246540555917302,0.1791980448994207,0.4519260502455755,0.010669807077662416,1,1,0.7259630251227878,0.5053349035388313,1,1,1,0
P08,V8_video1_normal,normal,2164,72.12863307269042,1,0.039074659554871105,0.013578216758066263,0.06457110235167594,0.16397999914060052,0.5011086474501109,1.0,0.37184285059326283,0.2180360257339501,0.29493943816360646,0.017149071743129223,1,1,0.6474697190818033,0.5085745358715646,1,1,1,0
P08,V8_video1_normal,normal,2165,72.16196423399943,1,0.04080241507235773,0.00959482776663704,0.07201000237807842,0.16311690873584525,0.5011086474501109,1.0,0.8160936969853079,0.09036272152396241,0.45322820925463514,0.027536622854090163,1,1,0.7266141046273176,0.513768311427045,1,1,1,0
P08,V8_video1_normal,normal,2166,72.19529539530842,1,0.035101297887680405,0.009498420864844814,0.060704174910516,0.16104874638597944,0.5011086474501109,1.0,0.7166026067179223,0.24207492021665145,0.4793387634672869,0.04286362900464392,1,0,0.7396693817336435,0.02143181450232196,1,0,1,0
P08,V8_video1_normal,normal,2167,72.22862655661743,1,0.03918998073744867,0.007268406493398055,0.07111155498149929,0.16295514802985853,0.5011086474501109,1.0,0.7042856564251596,0.5391779590512054,0.6217318077381825,0.03724899516119539,1,1,0.8108659038690913,0.5186244975805977,1,1,1,0
P08,V8_video1_normal,normal,2168,72.26195771792644,1,0.04420156246798175,0.007907886058102363,0.08049523887786114,0.1630943513210822,0.5011086474501109,1.0,0.7459620824704711,0.2988065561180514,0.5223843192942612,0.008326028372193796,1,1,0.7611921596471306,0.5041630141860969,1,1,1,0
P08,V8_video1_normal,normal,2169,72.29528887923544,1,0.0502470388961097,0.01837318168694713,0.08212089610527228,0.16237754479519664,0.5011086474501109,1.0,0.4696366351765582,0.1854764693812483,0.32755655227890323,0.02206220798693897,1,0,0.6637782761394516,0.011031103993469484,1,0,1,0
P08,V8_video1_normal,normal,2170,72.32862004054445,1,0.029685594266208766,0.008243004280528378,0.051128184251889155,0.1621067444340832,0.5033259423503326,1.0,0.569877240421693,0.06542260171367476,0.31764992106768386,0.011793759512336821,1,0,0.6588249605338419,0.005896879756168411,1,0,1,0
P08,V8_video1_normal,normal,2171,72.36195120185346,1,0.04693176111436716,0.015916977064142114,0.0779465451645922,0.16193085167977292,0.5055432372505543,1.0,0.2688312771782304,0.37008834755956166,0.31945981236889603,0.006751266572768798,1,0,0.659729906184448,0.003375633286384399,1,0,1,0
P08,V8_video1_normal,normal,2172,72.39528236316247,1,0.047738736041553334,0.01823877315437657,0.0772386989287301,0.16168615580057694,0.5077605321507761,1.0,0.23583581900575956,0.1891356549240396,0.21248573696489959,0.010422625864973993,1,0,0.6062428684824498,0.0052113129324869965,1,0,1,0
P08,V8_video1_normal,normal,2173,72.42861352447147,1,0.038786404813815456,0.008443639518058411,0.0691291701095725,0.16233867510979105,0.5099778270509978,1.0,0.6460126097582576,0.1211248202752494,0.3835687150167535,0.036593507109449815,1,0,0.6917843575083767,0.018296753554724907,1,0,1,0
P08,V8_video1_normal,normal,2174,72.46194468578048,1,0.028524610399740587,0.007215197354805544,0.04983402344467563,0.16312409266198602,0.5121951219512195,1.0,0.6959759316048209,0.1959470696398674,0.44596150062234413,0.017098519521516323,1,1,0.722980750311172,0.5085492597607582,1,1,1,0
P08,V8_video1_normal,normal,2175,72.49527584708949,1,0.03773585697064645,0.00894590010504132,0.06652581383625158,0.16298710640730907,0.5144124168514412,1.0,0.5881307210386068,0.14172150547504192,0.36492611325682434,0.018316858167235647,1,1,0.6824630566284122,0.5091584290836179,1,1,1,0
P08,V8_video1_normal,normal,2176,72.5286070083985,1,0.03620009137995922,0.010378330864895056,0.06202185189502338,0.16292491521207952,0.516629711751663,1.0,0.7909962383123403,0.12039406930809649,0.4556951538102184,0.02330098352695689,1,1,0.7278475769051092,0.5116504917634784,1,1,1,0
P08,V8_video1_normal,normal,2177,72.5619381697075,1,0.03848603306121656,0.009105153721707252,0.06786691240072587,0.1631312803832862,0.5188470066518847,1.0,0.30073626572776047,0.17659998074605754,0.238668123236909,0.035294996398239915,1,1,0.6193340616184545,0.5176474981991199,1,1,1,0
P08,V8_video1_normal,normal,2178,72.59526933101651,1,0.04112432240434331,0.006252538926837317,0.0759961058818493,0.16300699455172532,0.5210643015521065,1.0,0.38781657768306765,0.10240661299528464,0.24511159533917615,0.022658780080862605,1,1,0.6225557976695881,0.5113293900404313,1,1,1,0
P08,V8_video1_normal,normal,2179,72.62860049232552,1,0.031454392809727914,0.008007469799221057,0.054901315820234775,0.16376395899273008,0.5232815964523282,1.0,0.4477122132906193,0.080142847487366,0.26392753038899264,0.009652012963440808,1,1,0.6319637651944963,0.5048260064817204,1,1,1,0
P08,V8_video1_normal,normal,2180,72.66193165363453,1,0.03066222977261933,0.00938856938806788,0.051935890157170775,0.16230824963076348,0.5254988913525499,1.0,0.5537973171607379,0.1384940600181167,0.3461456885894273,0.018668763914104637,1,0,0.6730728442947136,0.009334381957052319,1,0,1,0
P08,V8_video1_normal,normal,2181,72.69526281494353,1,0.032753814627584636,0.011015337078956595,0.054492292176212674,0.16212094240715505,0.5277161862527716,1.0,0.5552884215403866,0.09046156048280729,0.32287499101159695,0.029108378387561397,1,0,0.6614374955057984,0.014554189193780698,1,0,1,0
P08,V8_video1_normal,normal,2182,72.72859397625254,1,0.03732775848142265,0.011283243729675102,0.0633722732331702,0.16336595060455958,0.5299334811529933,1.0,0.5348353637612888,0.17451944099876404,0.35467740238002643,0.04646603719870776,1,1,0.6773387011900132,0.5232330185993539,1,1,1,0
P08,V8_video1_normal,normal,2183,72.76192513756153,1,0.029766628075974518,0.011677704862239647,0.04785555128970939,0.16227340984017166,0.532150776053215,1.0,0.6829152593155119,0.2043324805454032,0.44362386993045755,0.07884809897787262,1,0,0.7218119349652288,0.03942404948893631,1,0,1,0
P08,V8_video1_normal,normal,2184,72.79525629887054,1,0.03246472819575348,0.012524434209288147,0.05240502218221882,0.16305233006553257,0.5343680709534369,1.0,0.8402759686849887,0.08899773933522481,0.46463685401010674,0.010935218102585909,1,1,0.7323184270050533,0.505467609051293,1,1,1,0
P08,V8_video1_normal,normal,2185,72.82858746017955,1,0.03123300536912646,0.01137269377582975,0.05109331696242317,0.16270577934053032,0.5365853658536586,1.0,0.43586355328928894,0.14018689074776924,0.2880252220185291,0.030799930256333357,1,1,0.6440126110092645,0.5153999651281667,1,1,1,0
P08,V8_video1_normal,normal,2186,72.86191862148856,1,0.023660096555440203,0.010188861068111808,0.0371313320427686,0.16186955237057316,0.5388026607538803,1.0,0.7972015549636645,0.23390594308573032,0.5155537490246974,0.034367866453620444,1,0,0.7577768745123488,0.017183933226810222,1,0,1,0
P08,V8_video1_normal,normal,2187,72.89524978279756,1,0.02382665128285147,0.01118408662079291,0.03646921594491003,0.16221456204911297,0.541019955654102,1.0,0.5447225351404736,0.08967140812884455,0.3171969716346591,0.014592723167409552,1,0,0.6585984858173295,0.007296361583704776,1,0,1,0
P08,V8_video1_normal,normal,2188,72.92858094410657,1,0.03150891903456994,0.010866286868940325,0.05215155120019956,0.16189622816726243,0.5432372505543237,1.0,0.6090419600073352,0.040895371426482474,0.32496866571690886,0.017644959322416238,1,0,0.6624843328584544,0.008822479661208119,1,0,1,0
P08,V8_video1_normal,normal,2189,72.96191210541558,1,0.02982957119574965,0.012732216954886444,0.04692692543661285,0.16190996048318898,0.5454545454545454,1.0,0.2594255292241806,0.0892096720714518,0.1743176006478162,0.08276374280731806,1,0,0.5871588003239081,0.04138187140365903,1,0,1,0
P08,V8_video1_normal,normal,2190,72.99524326672459,1,0.034233348377096476,0.015108966756240376,0.053357729997952574,0.16207307262680343,0.5454545454545454,1.0,0.26338135838653143,0.3205498566530235,0.29196560751977746,0.15244772696850942,1,0,0.6459828037598887,0.07622386348425471,1,0,1,0
P08,V8_video1_normal,normal,2191,73.0285744280336,1,0.03399767218337187,0.011953034633399693,0.05604230973334405,0.1618992585103787,0.5454545454545454,1.0,0.445757228496079,0.6240237864014022,0.5348905074487407,0.0726875205850462,1,0,0.7674452537243703,0.0363437602925231,1,0,1,0
P08,V8_video1_normal,normal,2192,73.0619055893426,1,0.03461753034485648,0.012679056491973569,0.05655600419773938,0.1622860332781562,0.5476718403547672,1.0,0.3299576676024569,0.12030750689742808,0.2251325872499425,0.0691258299425056,1,0,0.6125662936249713,0.0345629149712528,1,0,1,0
P08,V8_video1_normal,normal,2193,73.09523675065161,1,0.03364995027409097,0.010639452303157397,0.05666044824502454,0.16302075958890036,0.5476718403547672,1.0,0.2492067470261543,0.4047137655023523,0.3269602562642533,0.03957736755867646,1,1,0.6634801281321266,0.5197886837793382,1,1,1,0
P08,V8_video1_normal,normal,2194,73.12856791196062,1,0.030458434130856235,0.010718784747547628,0.05019808351416484,0.16263473752355775,0.5476718403547672,1.0,0.32864623022830464,0.4598412307939883,0.3942437305111465,0.07269380435261233,1,1,0.6971218652555733,0.5363469021763062,1,1,1,0
P08,V8_video1_normal,normal,2195,73.16189907326962,1,0.03453624167960363,0.011596234267153043,0.05747624909205422,0.16230030916875188,0.5476718403547672,1.0,0.8906228079476826,0.21448341190110332,0.552553109924393,0.06806462872903611,1,0,0.7762765549621965,0.034032314364518056,1,0,1,0
P08,V8_video1_normal,normal,2196,73.19523023457863,1,0.03484735912495621,0.013059595697772612,0.056635122552139816,0.1617859990248483,0.5476718403547672,1.0,0.3773874830525552,0.5101442422024619,0.44376586262750856,0.03256911752021269,1,0,0.7218829313137543,0.016284558760106344,1,0,1,0
P08,V8_video1_normal,normal,2197,73.22856139588764,1,0.03909468484337812,0.013267063093640582,0.06492230659311567,0.16288510181391844,0.5476718403547672,1.0,0.6629433335408164,0.3448998924894182,0.5039216130151173,0.012895551055655378,1,1,0.7519608065075587,0.5064477755278277,1,1,1,0
P08,V8_video1_normal,normal,2198,73.26189255719665,1,0.036257987788235274,0.012160500277401039,0.06035547529906951,0.163245971337928,0.5476718403547672,1.0,0.8155979436527243,0.47971696241220363,0.6476574530324639,0.033252857350579125,1,1,0.823828726516232,0.5166264286752895,1,1,1,0
P08,V8_video1_normal,normal,2199,73.29522371850565,1,0.0399895949853293,0.01192814656274717,0.06805104340791143,0.16328653307281754,0.5476718403547672,1.0,0.4142715146145566,0.16540725177987148,0.28983938319721403,0.05161642060195934,1,1,0.6449196915986071,0.5258082103009797,1,1,1,0
P08,V8_video1_normal,normal,2200,73.32855487981466,1,0.04221627379014464,0.011743178427827673,0.07268936915246162,0.16318732482010018,0.5476718403547672,1.0,0.6549868116967348,0.18087481419328266,0.4179308129450087,0.0546627033264283,1,1,0.7089654064725044,0.5273313516632141,1,1,1,0
P08,V8_video1_normal,normal,2201,73.36188604112365,1,0.03625829415985356,0.01287334273100324,0.05964324558870387,0.16373963439792139,0.5476718403547672,1.0,0.4884586349629717,0.23778402153508948,0.3631213282490306,0.04782327910623536,1,1,0.6815606641245153,0.5239116395531177,1,1,1,0
P08,V8_video1_normal,normal,2202,73.39521720243266,1,0.03515834509967125,0.009830583503599713,0.06048610669574279,0.16290914934487646,0.5476718403547672,1.0,0.6518033042240483,0.31713476997949563,0.48446903710177197,0.07263885843314147,1,1,0.742234518550886,0.5363194292165707,1,1,1,0
P08,V8_video1_normal,normal,2203,73.42854836374167,1,0.040746862170800854,0.011649807576765803,0.06984391676483591,0.16300233172563156,0.5476718403547672,1.0,0.6695508547965585,0.1438949930970751,0.4067229239468168,0.08426981105692678,1,1,0.7033614619734084,0.5421349055284634,1,1,1,0
P08,V8_video1_normal,normal,2204,73.46187952505068,1,0.039961118798514855,0.019517491571380424,0.06040474602564929,0.16395771934248626,0.5476718403547672,1.0,0.4160291851737554,0.3466659026781541,0.38134754392595477,0.07877982935643509,1,1,0.6906737719629774,0.5393899146782175,1,1,1,0
P08,V8_video1_normal,normal,2205,73.49521068635968,1,0.03987726957017211,0.011073204822086968,0.06868133431825725,0.16313127483713893,0.5476718403547672,1.0,0.7603928081043886,0.33154157441577115,0.5459671912600799,0.038868450059353535,1,1,0.7729835956300399,0.5194342250296767,1,1,1,0
P08,V8_video1_normal,normal,2206,73.52854184766869,1,0.04497297932419713,0.010558704314085138,0.07938725433430913,0.16408075786692122,0.5476718403547672,1.0,0.7890895747318433,0.4125144931550865,0.6008020339434649,0.05084457854588467,1,1,0.8004010169717324,0.5254222892729423,1,1,1,0
P08,V8_video1_normal,normal,2207,73.5618730089777,1,0.04816592148503193,0.01391805677685646,0.08241378619320741,0.1640178780462299,0.5476718403547672,1.0,0.7249732426383498,0.33963749467290316,0.5323053686556265,0.07522826901435523,1,1,0.7661526843278132,0.5376141345071777,1,1,1,0
P08,V8_video1_normal,normal,2208,73.5952041702867,1,0.03826367944088981,0.009256223904539809,0.06727113497723981,0.16298680821658088,0.5476718403547672,1.0,0.7832880036515196,0.20511171481953572,0.49419985923552767,0.01313175975469097,1,1,0.7470999296177638,0.5065658798773455,1,1,1,0
P08,V8_video1_normal,normal,2209,73.62853533159571,1,0.0372677220550211,0.00877593537516151,0.06575950873488069,0.16256522379493318,0.5476718403547672,1.0,0.6564612238512424,0.1496419904616587,0.40305160715645055,0.021696194276648803,1,1,0.7015258035782252,0.5108480971383244,1,1,1,0
P08,V8_video1_normal,normal,2210,73.66186649290472,1,0.05073176172019759,0.017261786094493164,0.08420173734590201,0.16305551667505516,0.5476718403547672,1.0,0.9000658807824972,0.3274332333476403,0.6137495570650687,0.014244263217967068,1,1,0.8068747785325343,0.5071221316089836,1,1,1,0
P08,V8_video1_normal,normal,2211,73.69519765421373,1,0.041502893653907774,0.014292472940815032,0.06871331436700051,0.16391429219077308,0.5476718403547672,1.0,0.8053638057645329,0.2704564767657336,0.5379101412651333,0.01927424283630067,1,1,0.7689550706325666,0.5096371214181503,1,1,1,0
P08,V8_video1_normal,normal,2212,73.72852881552274,1,0.044069076616508024,0.015375751784715197,0.07276240144830085,0.164135919390036,0.5476718403547672,1.0,0.8453806189552218,0.24280814172439236,0.5440943803398071,0.048210946351258575,1,1,0.7720471901699035,0.5241054731756293,1,1,1,0
P08,V8_video1_normal,normal,2213,73.76185997683174,1,0.0567367533966875,0.02085885400513282,0.09261465278824219,0.1643222012061444,0.5476718403547672,1.0,0.8020783272165791,0.29295250131104766,0.5475154142638134,0.031922659708886865,1,1,0.7737577071319067,0.5159613298544434,1,1,1,0
P08,V8_video1_normal,normal,2214,73.79519113814075,1,0.05059170653214545,0.014683267125907895,0.08650014593838301,0.1650624264912078,0.5476718403547672,1.0,0.9191087510951573,0.3725582305645464,0.6458334908298519,0.027343908725941342,1,1,0.822916745414926,0.5136719543629706,1,1,1,0
P08,V8_video1_normal,normal,2215,73.82852229944976,1,0.03961494560260364,0.01249128879382765,0.06673860241137963,0.1655236835462856,0.5476718403547672,1.0,0.7869857620643852,0.625324870525416,0.7061553162949006,0.048024267124146765,1,1,0.8530776581474503,0.5240121335620734,1,1,1,0
P08,V8_video1_normal,normal,2216,73.86185346075877,1,0.04192191105873817,0.011786416686991208,0.07205740543048514,0.16617859835275103,0.5476718403547672,1.0,0.744642875804757,0.4811550876107865,0.6128989817077717,0.017865204837215536,1,1,0.8064494908538858,0.5089326024186077,1,1,1,0
P08,V8_video1_normal,normal,2217,73.89518462206777,1,0.04442882210804416,0.014190160415612314,0.074667483800476,0.16552251570374807,0.5476718403547672,1.0,0.9082077051169467,0.1609687517160867,0.5345882284165167,0.00799551368747146,1,1,0.7672941142082583,0.5039977568437357,1,1,1,0
P08,V8_video1_normal,normal,2218,73.92851578337677,1,0.034925963495452704,0.01580453834100864,0.05404738864989676,0.16591301878769316,0.5476718403547672,1.0,0.8735388200677938,0.24537971135834802,0.5594592657130709,0.01819455987466953,1,1,0.7797296328565355,0.5090972799373348,1,1,1,0
P08,V8_video1_normal,normal,2219,73.96184694468577,1,0.04281809893259442,0.01126933800177928,0.07436685986340956,0.16583950757018812,0.5476718403547672,1.0,0.4573215555041372,0.16791361173956354,0.3126175836218504,0.03367869209100688,1,1,0.6563087918109252,0.5168393460455034,1,1,1,0
P08,V8_video1_normal,normal,2220,73.99517810599478,1,0.04733242624812903,0.018907212609772926,0.07575763988648512,0.16583772316496737,0.5476718403547672,1.0,0.3449616561879121,0.4354534277217714,0.39020754195484175,0.03350603625556512,1,1,0.6951037709774208,0.5167530181277825,1,1,1,0
P08,V8_video1_normal,normal,2221,74.02850926730379,1,0.04988647562264357,0.011582786797348213,0.08819016444793892,0.16532855473307756,0.5476718403547672,1.0,0.4253596200533267,0.6597046469745835,0.5425321335139551,0.054274113318802414,1,1,0.7712660667569775,0.5271370566594012,1,1,1,0
P08,V8_video1_normal,normal,2222,74.0618404286128,1,0.05088070098327872,0.017174004454914966,0.08458739751164247,0.16531969425851098,0.5476718403547672,1.0,0.8218631031002912,0.8707391823779543,0.8463011427391227,0.01702294567672815,1,1,0.9231505713695614,0.5085114728383641,1,1,1,0
P08,V8_video1_normal,normal,2223,74.0951715899218,1,0.05259239211016754,0.019034118738825385,0.08615066548150971,0.16588860064179592,0.5476718403547672,1.0,0.7050655823669816,0.8080274781660916,0.7565465302665366,0.05822987773744779,1,1,0.8782732651332683,0.5291149388687238,1,1,1,0
P08,V8_video1_normal,normal,2224,74.12850275123081,1,0.047448980993853064,0.016692348558576573,0.07820561342912956,0.1670546723079108,0.5476718403547672,1.0,0.6999495764475643,0.5624283080043393,0.6311889422259518,0.024159049434680533,1,1,0.8155944711129759,0.5120795247173403,1,1,1,0
P08,V8_video1_normal,normal,2225,74.16183391253982,1,0.04438315750725527,0.018324206980449575,0.07044210803406097,0.1681306299410695,0.5476718403547672,1.0,0.5834109409801141,0.5575576775426785,0.5704843092613963,0.03384298290199237,1,1,0.7852421546306981,0.5169214914509962,1,1,1,0
P08,V8_video1_normal,normal,2226,74.19516507384883,1,0.04863718680683976,0.01970832875574028,0.07756604485793925,0.1673624128090109,0.5476718403547672,1.0,0.704193687421643,0.7900777136618025,0.7471357005417227,0.030641968250270053,1,1,0.8735678502708614,0.515320984125135,1,1,1,0
P08,V8_video1_normal,normal,2227,74.22849623515783,1,0.05334513215301323,0.02234638486713291,0.08434387943889354,0.16737657913749732,0.5476718403547672,1.0,0.7920525965824715,0.7037337179794345,0.7478931572809531,0.015613586845680002,1,1,0.8739465786404765,0.50780679342284,1,1,1,0
P08,V8_video1_normal,normal,2228,74.26182739646684,1,0.05047456105806384,0.02603046678537899,0.07491865533074869,0.16888896005980625,0.5476718403547672,1.0,0.7596123215680537,0.7873879654595402,0.7735001435137969,0.00792956837643959,1,1,0.8867500717568985,0.5039647841882198,1,1,1,0
P08,V8_video1_normal,normal,2229,74.29515855777585,1,0.05397741792133063,0.030306182660237147,0.07764865318242412,0.16979523535924382,0.5476718403547672,1.0,0.6788140163104195,0.5191053220171696,0.5989596691637946,0.017428573013961907,1,1,0.7994798345818973,0.5087142865069809,1,1,1,0
P08,V8_video1_normal,normal,2230,74.32848971908486,1,0.051541484954412034,0.03315345537751605,0.06992951453130801,0.1727119811015247,0.5476718403547672,1.0,0.6939468000693605,0.5487238917672663,0.6213353459183134,0.06200770308177094,1,1,0.8106676729591566,0.5310038515408855,1,1,1,0
P08,V8_video1_normal,normal,2231,74.36182088039386,1,0.04970364238594586,0.03875589192922559,0.06065139284266612,0.17371306907471698,0.5476718403547672,1.0,0.6628908028668001,0.15015453923232802,0.4065226710495641,0.014565198106403185,1,1,0.7032613355247821,0.5072825990532016,1,1,1,0
P08,V8_video1_normal,normal,2232,74.39515204170287,1,0.05375634771823199,0.04560313820342614,0.06190955723303784,0.17443645106361885,0.5476718403547672,1.0,0.5449802500572228,0.36878786860058144,0.45688405932890214,0.042676432129911006,1,1,0.728442029664451,0.5213382160649555,1,1,1,0
P08,V8_video1_normal,normal,2233,74.42848320301188,1,0.04668164435485218,0.03985120450530113,0.053512084204403225,0.17327532532495954,0.5476718403547672,1.0,0.5233343044218852,0.39251768472745785,0.45792599457467154,0.06300412814011304,1,1,0.7289629972873357,0.5315020640700565,1,1,1,0
P08,V8_video1_normal,normal,2234,74.46181436432089,1,0.04501704750739248,0.04224008875288457,0.0477940062619004,0.17388744643986467,0.5476718403547672,1.0,0.663481061659612,0.49631887619919146,0.5798999689294018,0.05713162691275507,1,1,0.7899499844647009,0.5285658134563775,1,1,1,0
P08,V8_video1_normal,normal,2235,74.49514552562988,1,0.05317980725592825,0.0435028509453223,0.0628567635665342,0.17657715365369187,0.5476718403547672,1.0,0.6240759744754846,0.23078217965261172,0.42742907706404815,0.16144598316979902,1,1,0.713714538532024,0.5807229915848995,1,1,1,0
P08,V8_video1_normal,normal,2236,74.52847668693889,1,0.03939034292279983,0.027645793930562452,0.05113489191503721,0.17947620935888287,0.5476718403547672,1.0,0.6204354870615816,0.3877839034603098,0.5041096952609456,0.2669155149340249,1,1,0.7520548476304728,0.6334577574670124,1,1,1,1
P08,V8_video1_normal,normal,2237,74.5618078482479,1,0.04845377660063003,0.036094820990193566,0.06081273221106649,0.17874033048885418,0.5476718403547672,1.0,0.7421717875766032,0.5712423427566826,0.6567070651666429,0.17907789815565953,1,1,0.8283535325833215,0.5895389490778298,1,1,1,1
P08,V8_video1_normal,normal,2238,74.5951390095569,1,0.053868867133015336,0.05054719239777764,0.05719054186825302,0.17680811857961154,0.5476718403547672,1.0,0.5668572961914662,0.5399898983706435,0.5534235972810548,0.1278535819937531,1,1,0.7767117986405274,0.5639267909968766,1,1,1,0
P08,V8_video1_normal,normal,2239,74.62847017086591,1,0.0366411391331651,0.02544138977995261,0.04784088848637759,0.17931264628238316,0.5476718403547672,1.0,0.6065401980273395,0.26498820985641314,0.4357642039418763,0.2585919323478248,1,1,0.7178821019709382,0.6292959661739124,1,1,1,1
P08,V8_video1_normal,normal,2240,74.66180133217492,1,0.034574372157948244,0.02446865580646319,0.044680088509433294,0.1771983914889721,0.5476718403547672,1.0,0.6902928506123011,0.3280169584659849,0.509154904539143,0.13577138131851837,1,1,0.7545774522695715,0.5678856906592592,1,1,1,0
P08,V8_video1_normal,normal,2241,74.69513249348392,1,0.043609728344386985,0.03512018661109313,0.05209927007768084,0.17422032333285467,0.5476718403547672,1.0,0.35753033586153915,0.5513694379372005,0.4544498868993698,0.07298843229804587,1,1,0.7272249434496849,0.5364942161490229,1,1,1,0
P08,V8_video1_normal,normal,2242,74.72846365479293,1,0.049783657103863774,0.02546165821560617,0.07410565599212138,0.17264703836862275,0.5476718403547672,1.0,0.5000232607126068,0.6577357413791151,0.578879501045861,0.02194232783094388,1,1,0.7894397505229305,0.5109711639154719,1,1,1,0
P08,V8_video1_normal,normal,2243,74.76179481610194,1,0.0512162554717137,0.03129129082188097,0.07114122012154642,0.17464517279668504,0.5476718403547672,1.0,0.2701893594899485,0.4804479652876267,0.3753186623887876,0.08027841189205419,1,1,0.6876593311943938,0.540139205946027,1,1,1,0
P08,V8_video1_normal,normal,2244,74.79512597741095,1,0.12362041147596804,0.10463976182589849,0.1426010611260376,0.16859735190594569,0.5476718403547672,1.0,0.7627344096005959,0.511143165176213,0.6369387873884045,0.05402110677318104,1,1,0.8184693936942022,0.5270105533865905,1,1,1,0
P08,V8_video1_normal,normal,2245,74.82845713871995,1,0.17397076512616916,0.1331769743987821,0.21476455585355625,0.166839068907952,0.5454545454545454,1.0,0.6736343153378263,0.09439241580457336,0.3840133655711998,0.043452881987946224,0,1,0.1920066827855999,0.5217264409939731,0,1,0,0
P08,V8_video1_normal,normal,2246,74.86178830002896,1,0.1644213012206442,0.1337880128709534,0.19505458957033495,0.1642651574057614,0.5432372505543237,1.0,0.38754462987447436,0.006298327351978994,0.19692147861322667,0.121441811889284,0,1,0.09846073930661334,0.560720905944642,0,1,0,0
P08,V8_video1_normal,normal,2247,74.89511946133797,1,0.2047909568230762,0.18326108863758842,0.22632082500856396,0.16513271513145372,0.541019955654102,1.0,0.2865711663005581,0.00804287907197454,0.14730702268626633,0.016412328585078947,0,1,0.07365351134313317,0.5082061642925395,0,1,0,0
P08,V8_video1_normal,normal,2248,74.92845062264698,1,0.2046417354365459,0.19489699059981497,0.21438648027327684,0.1650674220201296,0.5388026607538803,1.0,0.2980068751532038,0.03661828562273328,0.16731258038796853,0.01224152898262655,0,1,0.08365629019398427,0.5061207644913133,0,1,0,0
P08,V8_video1_normal,normal,2249,74.96178178395598,1,0.2216911866524922,0.2170530366994018,0.22632933660558266,0.1608190238956306,0.5365853658536586,1.0,0.15472522875584804,0.022435708372787744,0.0885804685643179,0.09858030362101088,0,0,0.04429023428215895,0.04929015181050544,0,0,0,0
P08,V8_video1_normal,normal,2250,74.99511294526499,1,0.2239289687612306,0.2177225505537153,0.23013538696874591,0.16053146726957104,0.5343680709534369,1.0,0.17037932636587927,0.00766206328190866,0.08902069482389396,0.007344679242738261,0,0,0.04451034741194698,0.0036723396213691304,0,0,0,0
P08,V8_video1_normal,normal,2251,75.028444106574,1,0.2307845588513972,0.22462645252857796,0.23694266517421642,0.15970762127095975,0.532150776053215,1.0,0.24781566264218446,0.08410273873466834,0.1659592006884264,0.029082286854432725,0,0,0.0829796003442132,0.014541143427216362,0,0,0,0
P08,V8_video1_normal,normal,2252,75.061775267883,1,0.2141716647941782,0.20598446577302065,0.2223588638153358,0.16043324789611374,0.5299334811529933,1.0,0.1470117883425126,0.05162935371901478,0.0993205710307637,0.045270175134591556,0,0,0.04966028551538185,0.022635087567295778,0,0,0,0
P08,V8_video1_normal,normal,2253,75.095106429192,1,0.22750722753447544,0.22007281359305003,0.23494164147590088,0.16074877207249344,0.5277161862527716,1.0,0.32959451186966937,0.0012027743102993593,0.16539864308998437,0.031973966033486935,0,0,0.08269932154499218,0.015986983016743467,0,0,0,0
P08,V8_video1_normal,normal,2254,75.12843759050101,1,0.24556785244451573,0.2337866677193182,0.2573490371697133,0.16134267327345422,0.5254988913525499,1.0,0.49067861378830857,0.017030854665530448,0.2538547342269195,0.03964387660085199,0,0,0.12692736711345975,0.019821938300425994,0,0,0,0
P08,V8_video1_normal,normal,2255,75.16176875181002,1,0.24518341454784753,0.23815185596633778,0.2522149731293573,0.16028778341705455,0.5232815964523282,1.0,0.08476887899062602,0.0037553066967468407,0.04426209284368643,0.04756554131087954,0,0,0.022131046421843215,0.02378277065543977,0,0,0,0
P08,V8_video1_normal,normal,2256,75.19509991311902,1,0.25411709944516037,0.24518221422673295,0.26305198466358776,0.15915453545835817,0.5210643015521065,1.0,0.3133756984727144,0.028646658074478082,0.17101117827359624,0.041782604523723316,0,0,0.08550558913679812,0.020891302261861658,0,0,0,0
P08,V8_video1_normal,normal,2257,75.22843107442803,1,0.24962686164276654,0.24072328768207604,0.25853043560345706,0.1597654588730645,0.5188470066518847,1.0,0.14624259692236286,0.020239735658202362,0.08324116629028261,0.0507144546550298,0,0,0.041620583145141304,0.0253572273275149,0,0,0,0
P08,V8_video1_normal,normal,2258,75.26176223573704,1,0.25409398176989817,0.24214344003528462,0.2660445235045117,0.1592163293083289,0.516629711751663,1.0,0.10771067522670807,0.03347825250220382,0.07059446386445595,0.06770644738045624,0,0,0.035297231932227974,0.03385322369022812,0,0,0,0
P08,V8_video1_normal,normal,2259,75.29509339704605,1,0.24257954752811284,0.2355846352749,0.24957445978132564,0.15752379526916002,0.5144124168514412,1.0,0.15003291361592197,0.019090058791349174,0.08456148620363557,0.047392688131510194,0,0,0.042280743101817786,0.023696344065755097,0,0,0,0
P08,V8_video1_normal,normal,2260,75.32842455835505,1,0.24057908317235438,0.23470868292831934,0.24644948341638942,0.15812162089118662,0.5121951219512195,1.0,0.053451777051515825,0.0169581659638669,0.03520497150769136,0.031974807300805645,0,0,0.01760248575384568,0.015987403650402823,0,0,0,0
P08,V8_video1_normal,normal,2261,75.36175571966406,1,0.2515877135160758,0.24559876347683413,0.2575766635553174,0.15746885934353666,0.5099778270509978,1.0,0.027190804126119517,0.005080668469252703,0.01613573629768611,0.035110195681053655,0,0,0.008067868148843055,0.017555097840526827,0,0,0,0
P08,V8_video1_normal,normal,2262,75.39508688097307,1,0.24734095924193822,0.2404953596757695,0.254186558808107,0.157245351247648,0.5077605321507761,1.0,0.06010814388932706,0.010265670637282343,0.0351869072633047,0.04001510795368517,0,0,0.01759345363165235,0.020007553976842583,0,0,0,0
P08,V8_video1_normal,normal,2263,75.42841804228208,1,0.25625219572858815,0.24886432827163432,0.263640063185542,0.1582279964875665,0.5055432372505543,1.0,0.09640073686353534,0.004606387716543647,0.050503562290039494,0.010289718998861913,0,0,0.025251781145019747,0.0051448594994309566,0,0,0,0
P08,V8_video1_normal,normal,2264,75.46174920359108,1,0.25521140138497417,0.24861087054818298,0.26181193222176535,0.156425515403877,0.5033259423503326,1.0,0.029314917227631354,0.0022962223654023894,0.015805569796516872,0.06751864555504619,0,0,0.007902784898258436,0.033759322777523096,0,0,0,0
P08,V8_video1_normal,normal,2265,75.49508036490009,1,0.24902554449054787,0.2410934837819924,0.2569576051991033,0.15632986836509655,0.5011086474501109,1.0,0.03389595583055249,0.0017514860425851264,0.01782372093656881,0.0314610280502485,0,0,0.008911860468284405,0.01573051402512425,0,0,0,0
P08,V8_video1_normal,normal,2266,75.5284115262091,1,0.24963027485065742,0.23916658981044195,0.26009395989087286,0.15703995732039322,0.49889135254988914,1.0,0.10389519098806099,0.01791057482849845,0.06090288290827972,0.051227009646065656,0,0,0.03045144145413986,0.025613504823032828,0,0,0,0
P08,V8_video1_normal,normal,2267,75.5617426875181,1,0.24554158605727566,0.23165619912457044,0.2594269729899809,0.15772710409784205,0.49667405764966743,1.0,0.17288463554503652,0.013335514766591894,0.09311007515581421,0.04260664640223294,0,0,0.046555037577907105,0.02130332320111647,0,0,0,0
P08,V8_video1_normal,normal,2268,75.59507384882711,1,0.24528188065891154,0.23282915255038014,0.2577346087674429,0.1577359776045692,0.49445676274944567,1.0,0.12966757013981978,0.06125505551196242,0.0954613128258911,0.05395428073610935,0,0,0.04773065641294555,0.026977140368054674,0,0,0,0
P08,V8_video1_normal,normal,2269,75.62840501013612,1,0.24538075690946548,0.23287182680554713,0.25788968701338383,0.15796751169623233,0.49223946784922396,1.0,0.08244977470010795,0.02551845910247963,0.05398411690129379,0.021830923715110463,0,0,0.026992058450646894,0.010915461857555231,0,0,0,0
P08,V8_video1_normal,normal,2270,75.66173617144511,1,0.2465562361746952,0.23338793390808205,0.25972453844130833,0.15832703935702971,0.49002217294900224,1.0,0.13572743789269026,0.009597914157006282,0.07266267602484827,0.021891918823245926,0,0,0.036331338012424136,0.010945959411622963,0,0,0,0
P08,V8_video1_normal,normal,2271,75.69506733275412,1,0.2416641223009121,0.22933778600991664,0.2539904585919076,0.15814873453254913,0.4878048780487805,1.0,0.04529815015384031,0.0063967467852007465,0.02584744846952053,0.010766691029159798,0,0,0.012923724234760264,0.005383345514579899,0,0,0,0
P08,V8_video1_normal,normal,2272,75.72839849406313,1,0.24782680166590934,0.23750314232574476,0.2581504610060739,0.15755917609041464,0.48558758314855877,1.0,0.04050282556143747,0.0015458541868247355,0.021024339874131104,0.02556785114768348,0,0,0.010512169937065552,0.01278392557384174,0,0,0,0
P08,V8_video1_normal,normal,2273,75.76172965537214,1,0.24151466039130698,0.22979860680969816,0.2532307139729158,0.15869828677258163,0.48337028824833705,1.0,0.1529324806953687,0.0005822506375914305,0.07675736566648006,0.050713961100458914,0,0,0.03837868283324003,0.025356980550229457,0,0,0,0
P08,V8_video1_normal,normal,2274,75.79506081668114,1,0.2362671240079799,0.22267128449700768,0.2498629635189521,0.15863801527091193,0.4811529933481153,1.0,0.15289276587425327,0.001527122884041665,0.07720994437914747,0.029888089449374225,0,0,0.03860497218957373,0.014944044724687112,0,0,0,0
P08,V8_video1_normal,normal,2275,75.82839197799015,1,0.23633433921151947,0.22641098465868373,0.2462576937643552,0.158437675296394,0.4789356984478936,1.0,0.08649241515385009,0.006192934397671657,0.04634267477576087,0.009997100893819364,0,0,0.023171337387880436,0.004998550446909682,0,0,0,0
P08,V8_video1_normal,normal,2276,75.86172313929916,1,0.2416184095515456,0.2318500144192916,0.2513868046837996,0.1581476079224244,0.47671840354767187,1.0,0.3347443106523288,0.00027330183390195106,0.16750880624311537,0.011586304016656104,0,0,0.08375440312155769,0.005793152008328052,0,0,0,0
P08,V8_video1_normal,normal,2277,75.89505430060817,1,0.23235237566224148,0.22102252662774258,0.2436822246967404,0.1584122969385732,0.4745011086474501,1.0,0.4026466985891226,0.01997976864980855,0.21131323361946558,0.019741506556308422,0,0,0.10565661680973279,0.009870753278154211,0,0,0,0
P08,V8_video1_normal,normal,2278,75.92838546191717,1,0.2336306228341694,0.22211799529135318,0.24514325037698567,0.15835620757671487,0.4722838137472284,1.0,0.38666854980732546,0.007964255096114758,0.1973164024517201,0.020016209809963773,0,0,0.09865820122586005,0.010008104904981887,0,0,0,0
P08,V8_video1_normal,normal,2279,75.96171662322618,1,0.2287032365693433,0.2147328470728466,0.24267362606584,0.15780697438467145,0.4700665188470067,1.0,0.029254285481723485,0.04531438197175275,0.03728433372673812,0.031068984842961757,0,0,0.01864216686336906,0.015534492421480878,0,0,0,0
P08,V8_video1_normal,normal,2280,75.99504778453519,1,0.2282656796006587,0.21482717645207425,0.24170418274924316,0.1571877964947419,0.4678492239467849,1.0,0.013255107965394308,0.02419179541944183,0.01872345169241807,0.03203167931445022,0,0,0.009361725846209035,0.01601583965722511,0,0,0,0
P08,V8_video1_normal,normal,2281,76.0283789458442,1,0.2289410329485751,0.2215839021509773,0.23629816374617285,0.15840652327530794,0.4656319290465632,1.0,0.03470124308228151,0.025157678006121786,0.029929460544201647,0.04018512509284535,0,0,0.014964730272100824,0.020092562546422676,0,0,0,0
P08,V8_video1_normal,normal,2282,76.0617101071532,1,0.22818456394347186,0.21887632481734756,0.2374928030695962,0.15847492448821918,0.4634146341463415,1.0,0.05691103785159113,0.04071799721975733,0.04881451753567423,0.0691116863016336,0,0,0.024407258767837114,0.0345558431508168,0,0,0,0
P08,V8_video1_normal,normal,2283,76.09504126846221,1,0.22989649082545469,0.22046165945276502,0.23933132219814435,0.15757038375293814,0.4611973392461197,1.0,0.033174783755483994,0.05153929411982361,0.0423570389376538,0.02587724412111198,0,0,0.0211785194688269,0.01293862206055599,0,0,0,0
P08,V8_video1_normal,normal,2284,76.12837242977122,1,0.23126158928885016,0.22132505076406583,0.24119812781363448,0.15749892891564796,0.458980044345898,1.0,0.033104433843695436,0.04675253478512553,0.039928484314410484,0.03566323096843974,0,0,0.019964242157205242,0.01783161548421987,0,0,0,0
P08,V8_video1_normal,normal,2285,76.16170359108023,1,0.22867823809855242,0.2196454977947001,0.23771097840240477,0.15731548784799235,0.4567627494456763,1.0,0.029193018578107188,0.04758639175757484,0.038389705167841015,0.012101018540473948,0,0,0.019194852583920508,0.006050509270236974,0,0,0,0
P08,V8_video1_normal,normal,2286,76.19503475238923,1,0.22867221745986072,0.2215669477010353,0.2357774872186861,0.157918592812031,0.45454545454545453,1.0,0.03876150542139134,0.030833006384402895,0.03479725590289712,0.00809324396212778,0,0,0.01739862795144856,0.00404662198106389,0,0,0,0
P08,V8_video1_normal,normal,2287,76.22836591369823,1,0.22716173922067162,0.21968566738803366,0.23463781105330958,0.1572385708431386,0.4523281596452328,1.0,0.12248361552546838,0.05321316192818237,0.08784838872682538,0.01760777914654952,0,0,0.04392419436341269,0.00880388957327476,0,0,0,0
P08,V8_video1_normal,normal,2288,76.26169707500723,1,0.22630636665000656,0.21816769181723936,0.23444504148277376,0.15700619266341506,0.4501108647450111,1.0,0.10776854722596374,0.2378980326568364,0.17283328994140007,0.008472835884203158,0,0,0.08641664497070004,0.004236417942101579,0,0,0,0
P08,V8_video1_normal,normal,2289,76.29502823631624,1,0.23063796749476545,0.22432846347812468,0.23694747151140624,0.15792444853931797,0.44789356984478934,1.0,0.05453033842137711,0.12517409556138792,0.08985221699138252,0.048666382673228786,0,0,0.04492610849569126,0.024333191336614393,0,0,0,0
P08,V8_video1_normal,normal,2290,76.32835939762525,1,0.2314423547776286,0.22614301046027901,0.23674169909497816,0.1573750171098755,0.44567627494456763,1.0,0.09890631178632747,0.1502322895145688,0.12456930065044813,0.004571333573741814,0,0,0.06228465032522407,0.002285666786870907,0,0,0,0
P08,V8_video1_normal,normal,2291,76.36169055893426,1,0.23449490398684666,0.22661845592710417,0.24237135204658916,0.15674901012088596,0.4434589800443459,1.0,0.1516622823401581,0.06263053256436302,0.10714640745226056,0.015494756402074013,0,0,0.05357320372613028,0.0077473782010370066,0,0,0,0
P08,V8_video1_normal,normal,2292,76.39502172024326,1,0.23437144904111434,0.22698182409109735,0.2417610739911313,0.15705565062830615,0.44124168514412415,1.0,0.023233407024795927,0.09790226410163261,0.06056783556321427,0.013413928766000463,0,0,0.030283917781607134,0.0067069643830002315,0,0,0,0
P08,V8_video1_normal,normal,2293,76.42835288155227,1,0.24206854977178013,0.23025719848151832,0.25387990106204195,0.15809520522520681,0.43902439024390244,1.0,0.07306645117017552,0.030132566980732522,0.05159950907545402,0.008870738902166104,0,0,0.02579975453772701,0.004435369451083052,0,0,0,0
P08,V8_video1_normal,normal,2294,76.46168404286128,1,0.2432185559576293,0.2325489941723239,0.25388811774293474,0.1580745214091209,0.43680709534368073,1.0,0.29349491968760966,0.024696184885950045,0.15909555228677985,0.02906753370493519,0,0,0.07954777614338993,0.014533766852467595,0,0,0,0
P08,V8_video1_normal,normal,2295,76.49501520417029,1,0.23304967301767573,0.22417720097492203,0.24192214506042944,0.15739706892954825,0.43458980044345896,1.0,0.21554809266887864,0.0390046045432918,0.12727634860608522,0.01883309464563384,0,0,0.06363817430304261,0.00941654732281692,0,0,0,0
P08,V8_video1_normal,normal,2296,76.5283463654793,1,0.22745819881425294,0.2163099257165333,0.23860647191197262,0.1575295206213439,0.43237250554323725,1.0,0.2560066628381682,0.01886109056938179,0.137433876703775,0.041605522734895664,0,0,0.0687169383518875,0.020802761367447832,0,0,0,0
P08,V8_video1_normal,normal,2297,76.5616775267883,1,0.2253420793866694,0.21314519604504864,0.23753896272829012,0.1572550613529629,0.43015521064301554,1.0,0.061554954875210455,0.022748208132470027,0.04215158150384024,0.024944388187999864,0,0,0.02107579075192012,0.012472194093999932,0,0,0,0
P08,V8_video1_normal,normal,2298,76.59500868809731,1,0.22675923244733706,0.21332043977572587,0.24019802511894825,0.15781904704671104,0.4279379157427938,1.0,0.146691068563656,0.030863428284998773,0.08877724842432738,0.06130274166593498,0,0,0.04438862421216369,0.03065137083296749,0,0,0,0
P08,V8_video1_normal,normal,2299,76.62833984940632,1,0.22700312122969418,0.2159007518122602,0.23810549064712816,0.15689255729450766,0.42572062084257206,1.0,0.060448933988687004,0.0452708346360301,0.05285988431235855,0.08582937661221267,0,0,0.026429942156179276,0.042914688306106334,0,0,0,0
P08,V8_video1_normal,normal,2300,76.66167101071532,1,0.22596081373191226,0.21620022470378322,0.2357214027600413,0.15721886858815803,0.42350332594235035,1.0,0.1552523692922222,0.054509507071813346,0.10488093818201777,0.021008263688944092,0,0,0.052440469091008884,0.010504131844472046,0,0,0,0
P08,V8_video1_normal,normal,2301,76.69500217202433,1,0.22763908566454916,0.217994286978148,0.23728388435095032,0.1572128568401263,0.4212860310421286,1.0,0.12857869079369277,0.018905137590164878,0.07374191419192883,0.036284754247081684,0,0,0.03687095709596441,0.018142377123540842,0,0,0,0
