participante,video,condicion,frame,tiempo_s,deteccion_rostro,ear,ear_ojo1,ear_ojo2,mar,perclos,cobertura_perclos,p_cerrado_ojo1,p_cerrado_ojo2,p_cerrado,p_bostezo,d_ear,d_mar,score_ojo_o2,score_bostezo_o2,cond_o1_cierre,cond_o1_bostezo,cond_o2_cierre,cond_o2_bostezo
P07,V7_video2_pocaluz,poca_luz,0,0.0,1,0.3011137341258279,0.2991336995184364,0.30309376873321947,0.16146680730328966,0.0,1.0,0.08361790287585513,0.2135016776408084,0.14855979025833177,0.11775909077493255,0,0,0.07427989512916588,0.05887954538746627,0,0,0,0
P07,V7_video2_pocaluz,poca_luz,1,0.033331161780673184,1,0.30790561819920115,0.3069199433541637,0.3088912930442386,0.1603085481424811,0.0,1.0,0.010312036966500737,0.0831643810615793,0.04673820901404002,0.07290372183499506,0,0,0.02336910450702001,0.03645186091749753,0,0,0,0
P07,V7_video2_pocaluz,poca_luz,2,0.06666232356134637,1,0.3090396943462419,0.3097058411404934,0.3083735475519905,0.16053979441018848,0.0,1.0,0.00573970851879424,0.05797922083886453,0.031859464678829386,0.08221200163089476,0,0,0.015929732339414693,0.04110600081544738,0,0,0,0
P07,V7_video2_pocaluz,poca_luz,3,0.09999348534201954,1,0.3060478911195531,0.30556544708343925,0.3065303351556669,0.16016231033090045,0.0,1.0,0.03182386307407936,0.06797746427673135,0.049900663675405355,0.17554506099532743,0,0,0.024950331837702677,0.08777253049766372,0,0,0,0
P07,V7_video2_pocaluz,poca_luz,4,0.13332464712269274,1,0.30764539060433094,0.306651255042272,0.30863952616638984,0.16065989585654503,0.0,1.0,0.005150941449977742,0.015649605204662076,0.010400273327319909,0.0631563651521777,0,0,0.005200136663659954,0.03157818257608885,0,0,0,0
P07,V7_video2_pocaluz,poca_luz,5,0.1666558089033659,1,0.3061658525149632,0.3033111366672776,0.30902056836264885,0.15955205265622205,0.0,1.0,0.037678198242669714,0.028376061591720014,0.033027129917194864,0.11661022891346548,0,0,0.016513564958597432,0.05830511445673274,0,0,0,0
P07,V7_video2_pocaluz,poca_luz,6,0.1999869706840391,1,0.29712833938165867,0.2963532765749979,0.29790340218831945,0.15929690312036585,0.0,1.0,0.0067230814689124285,0.025921195213282844,0.016322138341097636,0.07728592051538521,0,0,0.008161069170548818,0.03864296025769261,0,0,0,0
P07,V7_video2_pocaluz,poca_luz,7,0.23331813246471228,1,0.29805224224077503,0.2996730709855503,0.2964314134959998,0.15947298627084447,0.0,1.0,0.05334367779303417,0.021434950510110906,0.03738931415157254,0.11583471006226281,0,0,0.01869465707578627,0.05791735503113141,0,0,0,0
P07,V7_video2_pocaluz,poca_luz,8,0.26664929424538547,1,0.2972514704798699,0.2980421944996724,0.2964607464600673,0.15908059566253593,0.0,1.0,0.01361538469484691,0.04638626273673119,0.03000082371578905,0.05571257281899579,0,0,0.015000411857894524,0.027856286409497895,0,0,0,0
P07,V7_video2_pocaluz,poca_luz,9,0.2999804560260586,1,0.29954846351911524,0.29931302309431906,0.2997839039439114,0.15711419766861248,0.0,1.0,0.0753563175556684,0.028956392247970086,0.052156354901819246,0.10187457630041352,0,0,0.026078177450909623,0.05093728815020676,0,0,0,0
P07,V7_video2_pocaluz,poca_luz,10,0.3333116178067318,1,0.3014476823465835,0.3022732960238792,0.30062206866928776,0.15777108477779,0.0,1.0,0.009136552536966991,0.040170028189548845,0.024653290363257918,0.19625846833792063,0,0,0.012326645181628959,0.09812923416896031,0,0,0,0
P07,V7_video2_pocaluz,poca_luz,11,0.366642779587405,1,0.29954119694092585,0.29924139144669765,0.2998410024351541,0.15731579850207206,0.0,1.0,0.04231321846352232,0.03449876254352624,0.03840599050352428,0.09351291546185936,0,0,0.01920299525176214,0.04675645773092968,0,0,0,0
P07,V7_video2_pocaluz,poca_luz,12,0.3999739413680782,1,0.2914835402282008,0.29435184905908124,0.2886152313973203,0.1580025899143027,0.0,1.0,0.03559480350746691,0.07788556967783267,0.05674018659264979,0.04962527375268984,0,0,0.028370093296324894,0.02481263687634492,0,0,0,0
P07,V7_video2_pocaluz,poca_luz,13,0.43330510314875137,1,0.2883481192679602,0.2880751266506062,0.2886211118853142,0.15850792070656058,0.0,1.0,0.041285669031063454,0.05147049377788926,0.04637808140447636,0.11137473915862864,0,0,0.02318904070223818,0.05568736957931432,0,0,0,0
P07,V7_video2_pocaluz,poca_luz,14,0.46663626492942456,1,0.2852448647059896,0.28451948299896135,0.2859702464130178,0.15826415925773712,0.0,1.0,0.019958813756891236,0.058391481510032595,0.039175147633461915,0.23906634135936172,0,0,0.019587573816730958,0.11953317067968086,0,0,0,0
P07,V7_video2_pocaluz,poca_luz,15,0.4999674267100977,1,0.28136687295858154,0.28126565450176677,0.28146809141539636,0.1585880923202711,0.0,1.0,0.04308704360195792,0.02660565134547188,0.0348463474737149,0.17758358676433447,0,0,0.01742317373685745,0.08879179338216724,0,0,0,0
P07,V7_video2_pocaluz,poca_luz,16,0.5332985884907709,1,0.2832708838787338,0.2830263213976379,0.2835154463598297,0.15861247393009092,0.0,1.0,0.0674850891332911,0.1667027926593757,0.1170939408963334,0.12810835306049087,0,0,0.0585469704481667,0.06405417653024544,0,0,0,0
P07,V7_video2_pocaluz,poca_luz,17,0.5666297502714441,1,0.2836808863699428,0.28351734349888347,0.2838444292410021,0.15839684744291513,0.0,1.0,0.11182724656089071,0.08207437945233076,0.09695081300661074,0.094695318893078,0,0,0.04847540650330537,0.047347659446539,0,0,0,0
P07,V7_video2_pocaluz,poca_luz,18,0.5999609120521172,1,0.28328254688488197,0.28262385958802455,0.28394123418173944,0.1578430669453782,0.0,1.0,0.07548260295035869,0.19290897229298565,0.13419578762167217,0.08123811220281671,0,0,0.06709789381083608,0.040619056101408355,0,0,0,0
P07,V7_video2_pocaluz,poca_luz,19,0.6332920738327904,1,0.2828406437204678,0.28418756056912603,0.2814937268718095,0.15745089266512838,0.0,1.0,0.002841162445350598,0.019298075527416803,0.0110696189863837,0.043702577746152216,0,0,0.00553480949319185,0.021851288873076108,0,0,0,0
P07,V7_video2_pocaluz,poca_luz,20,0.6666232356134636,1,0.2841860533567117,0.28483172993799627,0.28354037677542715,0.1573831617097302,0.0,1.0,0.01168870663231969,0.03836425034262081,0.02502647848747025,0.04324632640859276,0,0,0.012513239243735125,0.02162316320429638,0,0,0,0
P07,V7_video2_pocaluz,poca_luz,21,0.6999543973941368,1,0.28518353059912993,0.28578115615897903,0.28458590503928083,0.15755152942657208,0.0,1.0,0.01455626929372289,0.048747998461529995,0.03165213387762644,0.0252608050821513,0,0,0.01582606693881322,0.01263040254107565,0,0,0,0
P07,V7_video2_pocaluz,poca_luz,22,0.73328555917481,1,0.28337312528288594,0.28467648534064444,0.2820697652251274,0.1575277975947428,0.0,1.0,0.04626378393991293,0.15303504948839552,0.09964941671415423,0.038953652614346086,0,0,0.04982470835707711,0.019476826307173043,0,0,0,0
P07,V7_video2_pocaluz,poca_luz,23,0.7666167209554832,1,0.2823276237324476,0.2835948623481828,0.2810603851167124,0.15734990241883082,0.0,1.0,0.0723552924793679,0.22437635390754562,0.14836582319345676,0.05305245610988754,0,0,0.07418291159672838,0.02652622805494377,0,0,0,0
P07,V7_video2_pocaluz,poca_luz,24,0.7999478827361564,1,0.27919378645018195,0.27939503299024354,0.27899253991012035,0.15696105374206035,0.0,1.0,0.08391919486794452,0.20963829207069196,0.14677874346931824,0.06639596190516386,0,0,0.07338937173465912,0.03319798095258193,0,0,0,0
P07,V7_video2_pocaluz,poca_luz,25,0.8332790445168295,1,0.27781374088306243,0.2787180515859118,0.2769094301802131,0.15703593076369682,0.0,1.0,0.1547626972177043,0.019250677571122088,0.0870066873944132,0.06001478740722095,0,0,0.0435033436972066,0.030007393703610476,0,0,0,0
P07,V7_video2_pocaluz,poca_luz,26,0.8666102062975027,1,0.28237674355002856,0.2826580248948039,0.2820954622052532,0.15559172487991504,0.0,1.0,0.06970382576953782,0.04737852499096051,0.058541175380249166,0.013051803572678895,0,0,0.029270587690124583,0.006525901786339447,0,0,0,0
P07,V7_video2_pocaluz,poca_luz,27,0.8999413680781759,1,0.2878924046172886,0.28570800307268973,0.2900768061618874,0.1553291848406419,0.0,1.0,0.14682074132919465,0.050751243003156254,0.09878599216617545,0.04529365489930067,0,0,0.049392996083087726,0.022646827449650336,0,0,0,0
P07,V7_video2_pocaluz,poca_luz,28,0.9332725298588491,1,0.2960161858160665,0.29670823022718595,0.295324141404947,0.1569090156572648,0.0,1.0,0.06463065402146873,0.042610371389294244,0.053620512705381485,0.02163915439719003,0,0,0.026810256352690742,0.010819577198595016,0,0,0,0
P07,V7_video2_pocaluz,poca_luz,29,0.9666036916395222,1,0.2922581080927265,0.2946154866203441,0.28990072956510893,0.15721048871944254,0.0,1.0,0.06625388517613673,0.09110636017128548,0.0786801226737111,0.09144499535609121,0,0,0.03934006133685555,0.04572249767804561,0,0,0,0
P07,V7_video2_pocaluz,poca_luz,30,0.9999348534201954,1,0.2939542266509816,0.297841323768038,0.29006712953392516,0.15566640133567625,0.0,1.0,0.03425015966745715,0.07626306278917838,0.055256611228317765,0.0965824025869862,0,0,0.027628305614158882,0.0482912012934931,0,0,0,0
P07,V7_video2_pocaluz,poca_luz,31,1.0332660152008686,1,0.2949628870532832,0.2988050459633829,0.2911207281431835,0.15566217245144967,0.0,1.0,0.03481614160342661,0.09921295026654586,0.06701454593498624,0.22217519614440243,0,0,0.03350727296749312,0.11108759807220121,0,0,0,0
P07,V7_video2_pocaluz,poca_luz,32,1.0665971769815419,1,0.2959944195089985,0.30034561397945,0.2916432250385471,0.1554411139587175,0.0,1.0,0.0587576182104842,0.18368694730849744,0.12122228275949082,0.08858674697721065,0,0,0.06061114137974541,0.04429337348860533,0,0,0,0
P07,V7_video2_pocaluz,poca_luz,33,1.099928338762215,1,0.29505614294726235,0.2992754042951514,0.2908368815993732,0.15656099990689923,0.0,1.0,0.0059837069128994,0.029808252238596178,0.01789597957574779,0.0640918132802639,0,0,0.008947989787873895,0.03204590664013195,0,0,0,0
P07,V7_video2_pocaluz,poca_luz,34,1.1332595005428883,1,0.29330352198790277,0.2962097102566416,0.2903973337191639,0.15683675859226945,0.0,1.0,0.01758717871962956,0.08426668338457555,0.05092693105210255,0.09735104564712492,0,0,0.025463465526051277,0.04867552282356246,0,0,0,0
P07,V7_video2_pocaluz,poca_luz,35,1.1665906623235613,1,0.2966304341091853,0.2993302376742578,0.2939306305441129,0.1581672722951723,0.0,1.0,0.0026198244428953243,0.08476025966683187,0.0436900420548636,0.07598309468714248,0,0,0.0218450210274318,0.03799154734357124,0,0,0,0
P07,V7_video2_pocaluz,poca_luz,36,1.1999218241042344,1,0.2967315609764368,0.2964063342838657,0.29705678766900795,0.15792404817778324,0.0,1.0,0.008538402831249958,0.07617353863032161,0.042355970730785786,0.12286204319478701,0,0,0.021177985365392893,0.061431021597393505,0,0,0,0
P07,V7_video2_pocaluz,poca_luz,37,1.2332529858849077,1,0.3021946722692111,0.30178377775694326,0.30260556678147893,0.15776254147745172,0.0,1.0,0.053723414933924296,0.2381954897907399,0.1459594523623321,0.15908321349632648,0,0,0.07297972618116605,0.07954160674816324,0,0,0,0
P07,V7_video2_pocaluz,poca_luz,38,1.2665841476655808,1,0.30019577247561635,0.3020311642970953,0.29836038065413745,0.1581284285973877,0.0,1.0,0.0750131096926141,0.12466295918123493,0.09983803443692452,0.14349492977757528,0,0,0.04991901721846226,0.07174746488878764,0,0,0,0
P07,V7_video2_pocaluz,poca_luz,39,1.299915309446254,1,0.30235308969024755,0.3045759775066381,0.30013020187385697,0.15763061821182844,0.0,1.0,0.08062123433957269,0.155016626910931,0.11781893062525184,0.05838433767280957,0,0,0.05890946531262592,0.029192168836404787,0,0,0,0
P07,V7_video2_pocaluz,poca_luz,40,1.3332464712269272,1,0.29744422273708865,0.2975596703064686,0.29732877516770867,0.15746416942063288,0.0,1.0,0.017841985606541932,0.14537540898007295,0.08160869729330744,0.09977755042557683,0,0,0.04080434864665372,0.049888775212788415,0,0,0,0
P07,V7_video2_pocaluz,poca_luz,41,1.3665776330076005,1,0.27292167281016977,0.2708513922289451,0.2749919533913945,0.15819047771158312,0.0,1.0,0.08889874061370062,0.11500452784104587,0.10195163422737324,0.17229455474806954,0,0,0.05097581711368662,0.08614727737403477,0,0,0,0
P07,V7_video2_pocaluz,poca_luz,42,1.3999087947882736,1,0.1939554317333867,0.19337775051256778,0.19453311295420558,0.15622106363068602,0.0,1.0,0.06911472343027625,0.5162519539034949,0.29268333866688556,0.1450798144188704,0,0,0.14634166933344278,0.0725399072094352,0,0,0,0
P07,V7_video2_pocaluz,poca_luz,43,1.4332399565689469,1,0.15096118429915084,0.16225853788341293,0.13966383071488872,0.15701985498566162,0.0,1.0,0.08258751810000109,0.3113663423980304,0.19697693024901575,0.060479882469432734,0,0,0.09848846512450787,0.030239941234716367,0,0,0,0
P07,V7_video2_pocaluz,poca_luz,44,1.46657111834962,1,0.1530178926967406,0.1625232536745199,0.1435125317189613,0.15688406397548244,0.0,1.0,0.14431788762216446,0.14711076177368088,0.14571432469792267,0.10587509281224289,0,0,0.07285716234896134,0.052937546406121444,0,0,0,0
P07,V7_video2_pocaluz,poca_luz,45,1.4999022801302933,1,0.16070512830761072,0.17202982521365476,0.14938043140156668,0.15918514707765244,0.0,1.0,0.3736893734642126,0.25691486800400054,0.3153021207341066,0.20286881881392796,0,0,0.1576510603670533,0.10143440940696398,0,0,0,0
P07,V7_video2_pocaluz,poca_luz,46,1.5332334419109663,1,0.18599351993055563,0.18885085506729332,0.18313618479381796,0.15932419659031205,0.0,1.0,0.2895049107026776,0.1849478960007812,0.2372264033517294,0.05607311996902904,0,0,0.1186132016758647,0.02803655998451452,0,0,0,0
P07,V7_video2_pocaluz,poca_luz,47,1.5665646036916394,1,0.21390468097611676,0.21843684558768894,0.20937251636454457,0.1583301385569077,0.0,1.0,0.5734957692784677,0.3139034663471356,0.44369961781280165,0.09207329170864319,0,0,0.22184980890640082,0.046036645854321594,0,0,0,0
P07,V7_video2_pocaluz,poca_luz,48,1.5998957654723127,1,0.22225343836667266,0.22379139813614482,0.22071547859720048,0.15763386361863677,0.0,1.0,0.5801309558681236,0.23531699919282,0.4077239775304718,0.05434963239926665,0,0,0.2038619887652359,0.027174816199633325,0,0,0,0
P07,V7_video2_pocaluz,poca_luz,49,1.6332269272529858,1,0.23253621189673496,0.23600127663877127,0.22907114715469862,0.15821333248421535,0.0,1.0,0.16264089383038494,0.19433891635033052,0.17848990509035773,0.025928293620212442,0,0,0.08924495254517886,0.012964146810106221,0,0,0,0
P07,V7_video2_pocaluz,poca_luz,50,1.666558089033659,1,0.24016405497332843,0.24523859906695225,0.2350895108797046,0.15736806685760363,0.0,1.0,0.046455707091584975,0.06365814031188421,0.055056923701734595,0.018360474436777862,0,0,0.027528461850867297,0.009180237218388931,0,0,0,0
P07,V7_video2_pocaluz,poca_luz,51,1.6998892508143322,1,0.24593183979482874,0.2505829448965748,0.2412807346930827,0.15663710461381877,0.0,1.0,0.027793464327509287,0.11539615133788128,0.07159480783269528,0.07518343129961964,0,0,0.03579740391634764,0.03759171564980982,0,0,0,0
P07,V7_video2_pocaluz,poca_luz,52,1.7332204125950055,1,0.2549816794954196,0.2595171104055038,0.2504462485853354,0.15587922684916322,0.0,1.0,0.012230578879331766,0.039931217257374474,0.02608089806835312,0.32164785668408113,0,0,0.01304044903417656,0.16082392834204057,0,0,0,0
P07,V7_video2_pocaluz,poca_luz,53,1.7665515743756786,1,0.2558285120751208,0.2605581956846646,0.251098828465577,0.15570308079369685,0.0,1.0,0.03140155385383636,0.026693129427333817,0.02904734164058509,0.11806218891781087,0,0,0.014523670820292545,0.059031094458905434,0,0,0,0
P07,V7_video2_pocaluz,poca_luz,54,1.7998827361563519,1,0.24428632401181466,0.24522243685764977,0.24335021116597955,0.15639954822734492,0.0,1.0,0.1092073685567011,0.049274212878520185,0.07924079071761064,0.20482658055858582,0,0,0.03962039535880532,0.10241329027929291,0,0,0,0
P07,V7_video2_pocaluz,poca_luz,55,1.833213897937025,1,0.2559533976124445,0.25958035237557125,0.2523264428493177,0.15617501421664393,0.0,1.0,0.014159620516764004,0.029803184832146057,0.02198140267445503,0.2286438402314465,0,0,0.010990701337227515,0.11432192011572324,0,0,0,0
P07,V7_video2_pocaluz,poca_luz,56,1.8665450597176982,1,0.2521218584125987,0.25333873499158815,0.2509049818336092,0.15587625690572318,0.0,1.0,0.14122972015411417,0.12506874800089873,0.13314923407750645,0.14425954265954186,0,0,0.06657461703875323,0.07212977132977093,0,0,0,0
P07,V7_video2_pocaluz,poca_luz,57,1.8998762214983713,1,0.2579126461410054,0.2580347995748978,0.2577904927071131,0.15627950589405182,0.0,1.0,0.15056645980271888,0.09017409808392751,0.1203702789433232,0.21998793233497946,0,0,0.0601851394716616,0.10999396616748973,0,0,0,0
P07,V7_video2_pocaluz,poca_luz,58,1.9332073832790444,1,0.25666867580214037,0.25663310246795934,0.25670424913632145,0.15703995009510835,0.0,1.0,0.04856950286754369,0.08245527609019787,0.06551238947887078,0.11294764579012918,0,0,0.03275619473943539,0.05647382289506459,0,0,0,0
P07,V7_video2_pocaluz,poca_luz,59,1.9665385450597177,1,0.2567421385597207,0.2565579978077092,0.25692627931173223,0.15753079588820243,0.0,1.0,0.21810133619172123,0.07721073587756777,0.1476560360346445,0.22389949015112937,0,0,0.07382801801732225,0.11194974507556468,0,0,0,0
P07,V7_video2_pocaluz,poca_luz,60,1.9998697068403908,1,0.2581518742821527,0.26012843486632303,0.25617531369798235,0.15902360809511734,0.0,1.0,0.013575456433081445,0.11450467647466245,0.06404006645387195,0.1150778311219761,0,0,0.03202003322693597,0.05753891556098805,0,0,0,0
P07,V7_video2_pocaluz,poca_luz,61,2.033200868621064,1,0.2595746310186255,0.2616191111104525,0.2575301509267985,0.15789195466932127,0.0,1.0,0.08432421261306255,0.12970749110841073,0.10701585186073664,0.08429536992902172,0,0,0.05350792593036832,0.04214768496451086,0,0,0,0
P07,V7_video2_pocaluz,poca_luz,62,2.066532030401737,1,0.26483878449880216,0.26463655570021954,0.2650410132973847,0.15831131541681703,0.0,1.0,0.06379460376917168,0.08643463824895536,0.07511462100906352,0.1611633042135976,0,0,0.03755731050453176,0.0805816521067988,0,0,0,0
P07,V7_video2_pocaluz,poca_luz,63,2.0998631921824105,1,0.2628661484131267,0.26104861157241976,0.2646836852538337,0.15789510291601183,0.0,1.0,0.011597367289553295,0.2048237846783737,0.1082105759839635,0.1391602814901041,0,0,0.05410528799198175,0.06958014074505205,0,0,0,0
P07,V7_video2_pocaluz,poca_luz,64,2.1331943539630838,1,0.26504026659748947,0.26402920420533205,0.2660513289896469,0.15794773705777135,0.0,1.0,0.041539889672192576,0.08078678078903456,0.06116333523061357,0.1480179107351475,0,0,0.030581667615306785,0.07400895536757375,0,0,0,0
P07,V7_video2_pocaluz,poca_luz,65,2.1665255157437566,1,0.2633961527308723,0.26225836215089504,0.26453394331084956,0.15822441228344605,0.0,1.0,0.0033347366235304543,0.089414799599832,0.04637476811168123,0.17468089713307722,0,0,0.023187384055840615,0.08734044856653861,0,0,0,0
P07,V7_video2_pocaluz,poca_luz,66,2.19985667752443,1,0.2658002491249051,0.2670533769351016,0.2645471213147085,0.15762037803045623,0.0,1.0,0.002073978500116147,0.11653043248557116,0.05930220549284365,0.16115677739410325,0,0,0.029651102746421826,0.08057838869705163,0,0,0,0
P07,V7_video2_pocaluz,poca_luz,67,2.2331878393051032,1,0.27119428794674555,0.27217263425296956,0.27021594164052154,0.15772645133904867,0.0,1.0,0.005589768543336038,0.132063151746575,0.06882646014495553,0.0867862837195152,0,0,0.03441323007247776,0.0433931418597576,0,0,0,0
P07,V7_video2_pocaluz,poca_luz,68,2.2665190010857765,1,0.2731249654535255,0.27167277638792975,0.2745771545191213,0.15793235374049205,0.0,1.0,0.026543144173685862,0.019446788907912294,0.022994966540799078,0.12912650284239519,0,0,0.011497483270399539,0.06456325142119759,0,0,0,0
P07,V7_video2_pocaluz,poca_luz,69,2.2998501628664494,1,0.279730695007552,0.2801306451223137,0.27933074489279025,0.1579426351294378,0.0,1.0,0.03056287906499411,0.04671210000052173,0.03863748953275792,0.13299407911386432,0,0,0.01931874476637896,0.06649703955693216,0,0,0,0
P07,V7_video2_pocaluz,poca_luz,70,2.3331813246471227,1,0.27644366751210747,0.2746326031365004,0.2782547318877146,0.15795994946865896,0.0,1.0,0.010405573889197162,0.057470958183543086,0.033938266036370124,0.09284511223759792,0,0,0.016969133018185062,0.04642255611879896,0,0,0,0
P07,V7_video2_pocaluz,poca_luz,71,2.366512486427796,1,0.2787778196569337,0.27730143490939235,0.280254204404475,0.15743618825259204,0.0,1.0,0.05567262466398659,0.06579284971226917,0.06073273718812788,0.18653664410624077,0,0,0.03036636859406394,0.09326832205312038,0,0,0,0
P07,V7_video2_pocaluz,poca_luz,72,2.399843648208469,1,0.2819872781301272,0.28037424015383255,0.28360031610642183,0.1576610296354759,0.0,1.0,0.0072940685116148485,0.07273011858227674,0.04001209354694579,0.1068831207333115,0,0,0.020006046773472896,0.05344156036665575,0,0,0,0
P07,V7_video2_pocaluz,poca_luz,73,2.433174809989142,1,0.28413588833230724,0.28180808573878374,0.28646369092583074,0.15782379327533674,0.0,1.0,0.014343574896253042,0.04588503775635844,0.03011430632630574,0.04104172904283025,0,0,0.01505715316315287,0.020520864521415126,0,0,0,0
P07,V7_video2_pocaluz,poca_luz,74,2.4665059717698155,1,0.28364685495674,0.2818890874284938,0.2854046224849862,0.1573217806828217,0.0,1.0,0.0035674465316465342,0.049184268510157225,0.02637585752090188,0.0716592750487517,0,0,0.01318792876045094,0.03582963752437585,0,0,0,0
P07,V7_video2_pocaluz,poca_luz,75,2.4998371335504888,1,0.2752717742286014,0.2741434297509505,0.2764001187062523,0.15746062833419402,0.0,1.0,0.03319330234826434,0.11865627479368324,0.07592478857097379,0.07972720832507948,0,0,0.037962394285486895,0.03986360416253974,0,0,0,0
P07,V7_video2_pocaluz,poca_luz,76,2.5331682953311616,1,0.28096929499263146,0.2785349986802656,0.28340359130499726,0.15713946399371956,0.0,1.0,0.017053300399609506,0.0657239645762644,0.04138863248793695,0.08772375261348161,0,0,0.020694316243968475,0.04386187630674081,0,0,0,0
P07,V7_video2_pocaluz,poca_luz,77,2.566499457111835,1,0.27632953041399977,0.2772850038538177,0.2753740569741819,0.1569760725953745,0.0,1.0,0.00993168662864119,0.16953237543014232,0.08973203102939176,0.047906292486333615,0,0,0.04486601551469588,0.023953146243166808,0,0,0,0
P07,V7_video2_pocaluz,poca_luz,78,2.599830618892508,1,0.2796465342895777,0.2790136750324761,0.2802793935466793,0.15637456528876628,0.0,1.0,0.0013053405977312416,0.06065964901667398,0.03098249480720261,0.019639716029509844,0,0,0.015491247403601305,0.009819858014754922,0,0,0,0
P07,V7_video2_pocaluz,poca_luz,79,2.6331617806731815,1,0.2793413406114776,0.2811716912725305,0.27751098995042467,0.15711073768543074,0.0,1.0,0.01591172943315633,0.11238375330858175,0.06414774137086904,0.03206593825723298,0,0,0.03207387068543452,0.01603296912861649,0,0,0,0
P07,V7_video2_pocaluz,poca_luz,80,2.6664929424538544,1,0.2818620762501334,0.2818561548360681,0.28186799766419873,0.15761915804330223,0.0,1.0,0.011984191063851402,0.08700373622573365,0.04949396364479253,0.0838498279039113,0,0,0.024746981822396263,0.04192491395195565,0,0,0,0
P07,V7_video2_pocaluz,poca_luz,81,2.6998241042345277,1,0.2806414802523587,0.281169605029295,0.2801133554754224,0.15669238690908627,0.0,1.0,0.03344277569730947,0.19871860752807458,0.11608069161269202,0.02042223306713016,0,0,0.05804034580634601,0.01021111653356508,0,0,0,0
P07,V7_video2_pocaluz,poca_luz,82,2.733155266015201,1,0.2832741917154723,0.28275450596667606,0.28379387746426854,0.15609130073113978,0.0,1.0,0.008844119248206939,0.2584496165436867,0.13364686789594682,0.036355852959473293,0,0,0.06682343394797341,0.018177926479736647,0,0,0,0
P07,V7_video2_pocaluz,poca_luz,83,2.766486427795874,1,0.2835466611972077,0.28541303515006866,0.2816802872443467,0.1562050171107645,0.0,1.0,0.012025805718851479,0.1999151549515028,0.10597048033517714,0.013355851761968952,0,0,0.05298524016758857,0.006677925880984476,0,0,0,0
P07,V7_video2_pocaluz,poca_luz,84,2.799817589576547,1,0.2911678734961337,0.2924621996166123,0.2898735473756552,0.15554731943458544,0.0,1.0,0.0032585475291357913,0.22271173630341645,0.11298514191627612,0.055865001701759294,0,0,0.05649257095813806,0.027932500850879647,0,0,0,0
P07,V7_video2_pocaluz,poca_luz,85,2.8331487513572204,1,0.28953391302164905,0.2900687830355219,0.2889990430077762,0.15504633662440712,0.0,1.0,0.007604721454809171,0.23778791060513216,0.12269631602997066,0.013885752055718082,0,0,0.06134815801498533,0.006942876027859041,0,0,0,0
P07,V7_video2_pocaluz,poca_luz,86,2.8664799131378937,1,0.29203390620479275,0.2931027676892922,0.2909650447202933,0.15525833294424132,0.0,1.0,0.028634798433270214,0.0803242805664387,0.05447953949985446,0.015241169649655047,0,0,0.02723976974992723,0.007620584824827524,0,0,0,0
P07,V7_video2_pocaluz,poca_luz,87,2.8998110749185666,1,0.28906146695381907,0.2904582011545949,0.2876647327530433,0.15512316590270217,0.0,1.0,0.11342049567789314,0.01567014186742377,0.06454531877265846,0.024028167367357824,0,0,0.03227265938632923,0.012014083683678912,0,0,0,0
P07,V7_video2_pocaluz,poca_luz,88,2.93314223669924,1,0.29370405262084975,0.29485694614056834,0.29255115910113116,0.1556858350728601,0.0,1.0,0.0056324412263261125,0.09032582647425424,0.04797913385029018,0.05862763595208479,0,0,0.02398956692514509,0.029313817976042395,0,0,0,0
P07,V7_video2_pocaluz,poca_luz,89,2.966473398479913,1,0.29420416331893284,0.29478817265226687,0.2936201539855988,0.15585130217736387,0.0,1.0,0.03698901792820697,0.094381390469638,0.06568520419892249,0.024380112668018657,0,0,0.03284260209946124,0.012190056334009328,0,0,0,0
P07,V7_video2_pocaluz,poca_luz,90,2.9998045602605865,1,0.2836378179108036,0.28424313130853707,0.28303250451307016,0.1564378680126363,0.0,1.0,0.01053990158107132,0.0756093159652419,0.04307460877315661,0.47774883465470164,0,0,0.021537304386578304,0.23887441732735082,0,0,0,0
P07,V7_video2_pocaluz,poca_luz,91,3.0331357220412594,1,0.29111371352979865,0.2898366084024104,0.29239081865718697,0.15836191706731478,0.0,1.0,0.002203231593927102,0.09800572132647345,0.050104476460200276,0.15230846152876942,0,0,0.025052238230100138,0.07615423076438471,0,0,0,0
P07,V7_video2_pocaluz,poca_luz,92,3.0664668838219327,1,0.29524752907006496,0.2937866367706784,0.2967084213694515,0.15824986593809234,0.0,1.0,0.010310343577265124,0.06671164118614747,0.0385109923817063,0.1984714114866962,0,0,0.01925549619085315,0.0992357057433481,0,0,0,0
P07,V7_video2_pocaluz,poca_luz,93,3.099798045602606,1,0.289965638383622,0.2899494867696024,0.2899817899976416,0.15839611619009308,0.0,1.0,0.0070651062904169,0.05650651763345793,0.031785811961937416,0.4420617327354556,0,0,0.015892905980968708,0.2210308663677278,0,0,0,0
P07,V7_video2_pocaluz,poca_luz,94,3.133129207383279,1,0.2887483385086892,0.2892291520273107,0.28826752499006775,0.15780717146116677,0.0,1.0,0.003684273505542124,0.06097281925320597,0.032328546379374046,0.21286369620785656,0,0,0.016164273189687023,0.10643184810392828,0,0,0,0
P07,V7_video2_pocaluz,poca_luz,95,3.166460369163952,1,0.28948611553100034,0.291188154850709,0.28778407621129176,0.15612610825698103,0.0,1.0,0.0018923150314800186,0.07610440939993401,0.038998362215707016,0.04869580816742237,0,0,0.019499181107853508,0.024347904083711184,0,0,0,0
P07,V7_video2_pocaluz,poca_luz,96,3.1997915309446254,1,0.289948321811636,0.29259616232243174,0.2873004813008403,0.15663536048862897,0.0,1.0,0.023135127151625023,0.028516285476392067,0.025825706314008545,0.20082895886001376,0,0,0.012912853157004273,0.10041447943000688,0,0,0,0
P07,V7_video2_pocaluz,poca_luz,97,3.2331226927252987,1,0.29982605174888,0.2994418583445557,0.30021024515320427,0.1578873308904474,0.0,1.0,0.004857781673674122,0.1129815223725541,0.05891965202311411,0.11594910918807076,0,0,0.029459826011557055,0.05797455459403538,0,0,0,0
P07,V7_video2_pocaluz,poca_luz,98,3.2664538545059716,1,0.29769433741989804,0.29677827083540487,0.29861040400439126,0.15740186749272772,0.0,1.0,0.0049482535225136015,0.03585278758876398,0.02040052055563879,0.08526251957361108,0,0,0.010200260277819395,0.04263125978680554,0,0,0,0
P07,V7_video2_pocaluz,poca_luz,99,3.299785016286645,1,0.29801984507188745,0.295141123881292,0.3008985662624829,0.15742299795099965,0.0,1.0,0.0005683987193390028,0.13362545697738315,0.06709692784836108,0.03909552976700081,0,0,0.03354846392418054,0.019547764883500404,0,0,0,0
P07,V7_video2_pocaluz,poca_luz,100,3.333116178067318,1,0.2992034255248228,0.29591877333506245,0.30248807771458314,0.15696275019729497,0.0,1.0,0.008351007006364597,0.050172625854710606,0.0292618164305376,0.050356074116005844,0,0,0.0146309082152688,0.025178037058002922,0,0,0,0
P07,V7_video2_pocaluz,poca_luz,101,3.3664473398479915,1,0.29554743084568724,0.29344972327840796,0.2976451384129665,0.15634765476303952,0.0,1.0,0.004442485536288454,0.18479836158675356,0.094620423561521,0.038589626003873036,0,0,0.0473102117807605,0.019294813001936518,0,0,0,0
P07,V7_video2_pocaluz,poca_luz,102,3.3997785016286644,1,0.2951517105888394,0.29430900271126853,0.29599441846641017,0.1563140158420602,0.0,1.0,0.0025984057853803977,0.22301660307689775,0.11280750443113907,0.050204835315656,0,0,0.056403752215569536,0.025102417657828,0,0,0,0
P07,V7_video2_pocaluz,poca_luz,103,3.4331096634093377,1,0.2928998131537808,0.29257230616670754,0.293227320140854,0.15547053096017233,0.0,1.0,0.007843771182622583,0.05710334028126507,0.032473555731943826,0.08176789498082,0,0,0.016236777865971913,0.04088394749041,0,0,0,0
P07,V7_video2_pocaluz,poca_luz,104,3.466440825190011,1,0.29628178484421336,0.29667605003690656,0.29588751965152016,0.1555440687940035,0.0,1.0,0.0007366801617740837,0.053810786089678264,0.027273733125726174,0.10511267167128908,0,0,0.013636866562863087,0.05255633583564454,0,0,0,0
P07,V7_video2_pocaluz,poca_luz,105,3.499771986970684,1,0.2952320833852763,0.29512847561846933,0.29533569115208325,0.1556233256136557,0.0,1.0,0.0119302900124314,0.04845946892731734,0.03019487946987437,0.038981768748680395,0,0,0.015097439734937185,0.019490884374340198,0,0,0,0
P07,V7_video2_pocaluz,poca_luz,106,3.533103148751357,1,0.2979710266729511,0.2966175785257305,0.2993244748201717,0.15569900316654534,0.0,1.0,0.010221401517757744,0.05683879386920154,0.033530097693479644,0.037523823108909504,0,0,0.016765048846739822,0.018761911554454752,0,0,0,0
P07,V7_video2_pocaluz,poca_luz,107,3.5664343105320304,1,0.29479837095075584,0.29342463074053965,0.29617211116097203,0.15691391930349707,0.0,1.0,0.00333755404073921,0.11260841427472401,0.05797298415773161,0.041988996890227025,0,0,0.028986492078865805,0.020994498445113512,0,0,0,0
P07,V7_video2_pocaluz,poca_luz,108,3.5997654723127037,1,0.29872436574410277,0.2974930720407463,0.2999556594474593,0.15668703282280513,0.0,1.0,0.002627856923885785,0.06402311549253481,0.0333254862082103,0.02822990704655573,0,0,0.01666274310410515,0.014114953523277865,0,0,0,0
P07,V7_video2_pocaluz,poca_luz,109,3.6330966340933766,1,0.2980665119275884,0.2970819058499554,0.2990511180052214,0.1555025610859351,0.0,1.0,0.005793032951449062,0.05832128464959352,0.03205715880052129,0.030724855263640206,0,0,0.016028579400260645,0.015362427631820103,0,0,0,0
P07,V7_video2_pocaluz,poca_luz,110,3.66642779587405,1,0.29090484249789816,0.2910413727734762,0.2907683122223202,0.15641881039824584,0.0,1.0,0.013316780838084075,0.17490212387386184,0.09410945235597296,0.11227482517778987,0,0,0.04705472617798648,0.05613741258889494,0,0,0,0
P07,V7_video2_pocaluz,poca_luz,111,3.699758957654723,1,0.2857136359552306,0.2864908144178057,0.2849364574926554,0.1564940240491286,0.0,1.0,0.009886294567468812,0.2543067023519363,0.13209649845970256,0.0820353743855307,0,0,0.06604824922985128,0.04101768719276535,0,0,0,0
P07,V7_video2_pocaluz,poca_luz,112,3.7330901194353965,1,0.284322592554925,0.28494164888944506,0.28370353622040484,0.15673100784340271,0.0,1.0,0.01026493909794468,0.06812607025447714,0.03919550467621091,0.1061782968804726,0,0,0.019597752338105456,0.0530891484402363,0,0,0,0
P07,V7_video2_pocaluz,poca_luz,113,3.7664212812160693,1,0.28631418899413774,0.28662462237392144,0.28600375561435404,0.15673464966870015,0.0,1.0,0.022934173272961433,0.21835197620656832,0.12064307473976488,0.14760917102430615,0,0,0.06032153736988244,0.07380458551215308,0,0,0,0
P07,V7_video2_pocaluz,poca_luz,114,3.7997524429967426,1,0.29029787663250917,0.2883648819593294,0.292230871305689,0.1565049014209418,0.0,1.0,0.005208708195258982,0.2662378399611339,0.13572327407819645,0.03877292201084891,0,0,0.06786163703909823,0.019386461005424457,0,0,0,0
P07,V7_video2_pocaluz,poca_luz,115,3.833083604777416,1,0.28883747432505213,0.2879427887858633,0.2897321598642409,0.15679660363183515,0.0,1.0,0.008881985721068686,0.02920865150810359,0.019045318614586138,0.04273832795954294,0,0,0.009522659307293069,0.02136916397977147,0,0,0,0
P07,V7_video2_pocaluz,poca_luz,116,3.866414766558089,1,0.2883036077300545,0.28704393843202436,0.2895632770280846,0.15693727431937185,0.0,1.0,0.009673322155622555,0.3344720620725967,0.17207269211410964,0.1415697852004424,0,0,0.08603634605705482,0.0707848926002212,0,0,0,0
P07,V7_video2_pocaluz,poca_luz,117,3.899745928338762,1,0.28892280886511645,0.2880466646396898,0.2897989530905431,0.15702383341619902,0.0,1.0,0.0348675097788933,0.2308130779758356,0.13284029387736446,0.18714688103460214,0,0,0.06642014693868223,0.09357344051730107,0,0,0,0
P07,V7_video2_pocaluz,poca_luz,118,3.9330770901194354,1,0.2896675198565458,0.28932720755770164,0.29000783215539006,0.15742404388110792,0.0,1.0,0.014835341940101165,0.08303959502773095,0.04893746848391606,0.07596607258107047,0,0,0.02446873424195803,0.03798303629053523,0,0,0,0
P07,V7_video2_pocaluz,poca_luz,119,3.9664082519001087,1,0.29029396143883524,0.29025569952254465,0.29033222335512576,0.1577329303341216,0.0,1.0,0.003961378261502113,0.05255770687698558,0.028259542569243845,0.10728402472082599,0,0,0.014129771284621923,0.053642012360412994,0,0,0,0
P07,V7_video2_pocaluz,poca_luz,120,3.9997394136807816,1,0.2873109686574208,0.2842652068350587,0.29035673047978294,0.15729186857997524,0.0,1.0,0.1229916492997446,0.14014894695245705,0.13157029812610083,0.09264904886466722,0,0,0.06578514906305041,0.04632452443233361,0,0,0,0
P07,V7_video2_pocaluz,poca_luz,121,4.033070575461455,1,0.28835080524134615,0.2850173845289969,0.2916842259536954,0.1571520096803595,0.0,1.0,0.14382255100279362,0.025229686591550227,0.08452611879717192,0.25338734267086044,0,0,0.04226305939858596,0.12669367133543022,0,0,0,0
P07,V7_video2_pocaluz,poca_luz,122,4.066401737242128,1,0.28916378283292676,0.28585734421319753,0.292470221452656,0.15660156440982667,0.0,1.0,0.09181938962202985,0.03133692659401355,0.0615781581080217,0.2984929660849508,0,0,0.03078907905401085,0.1492464830424754,0,0,0,0
P07,V7_video2_pocaluz,poca_luz,123,4.0997328990228015,1,0.2918773777831195,0.28869889149113975,0.2950558640750992,0.15654453756621317,0.0,1.0,0.030878892712171813,0.10137376600490033,0.06612632935853607,0.28165975532748866,0,0,0.03306316467926804,0.14082987766374433,0,0,0,0
P07,V7_video2_pocaluz,poca_luz,124,4.133064060803474,1,0.29377411874262915,0.29241458471333087,0.2951336527719275,0.15679208740838785,0.0,1.0,0.031012850223149924,0.18258477669437279,0.10679881345876135,0.07628078432661907,0,0,0.05339940672938068,0.038140392163309535,0,0,0,0
P07,V7_video2_pocaluz,poca_luz,125,4.166395222584148,1,0.2917805217424822,0.2906643891438121,0.2928966543411523,0.1564614481925499,0.0,1.0,0.048044010886937216,0.040290752908959226,0.04416738189794822,0.13940930822279582,0,0,0.02208369094897411,0.06970465411139791,0,0,0,0
P07,V7_video2_pocaluz,poca_luz,126,4.199726384364821,1,0.29092423565300274,0.2914826777036878,0.2903657936023177,0.15683733182127857,0.0,1.0,0.004953043064428675,0.21002038931450895,0.10748671618946881,0.39412463612993176,0,0,0.053743358094734406,0.19706231806496588,0,0,0,0
P07,V7_video2_pocaluz,poca_luz,127,4.233057546145494,1,0.2864885387563642,0.282904790105691,0.29007228740703744,0.15685600558356866,0.0,1.0,0.09226957851096107,0.017704626270925394,0.05498710239094323,0.23521670974109227,0,0,0.027493551195471616,0.11760835487054613,0,0,0,0
P07,V7_video2_pocaluz,poca_luz,128,4.2663887079261675,1,0.2851093537403534,0.2806004329840902,0.28961827449661653,0.1565470862568876,0.0,1.0,0.036656818093715904,0.0269376589125061,0.031797238503111,0.28570116712495497,0,0,0.0158986192515555,0.14285058356247748,0,0,0,0
P07,V7_video2_pocaluz,poca_luz,129,4.29971986970684,1,0.28966375855144966,0.28613496037268255,0.2931925567302167,0.15676677882386053,0.0,1.0,0.03938678894518699,0.0696460264244877,0.05451640768483734,0.12458270670033716,0,0,0.02725820384241867,0.06229135335016858,0,0,0,0
P07,V7_video2_pocaluz,poca_luz,130,4.333051031487513,1,0.29075418430102223,0.28767960675952614,0.2938287618425183,0.15657937495468635,0.0,1.0,0.0850669000874763,0.047869778006262464,0.06646833904686938,0.16439601639077314,0,0,0.03323416952343469,0.08219800819538657,0,0,0,0
P07,V7_video2_pocaluz,poca_luz,131,4.366382193268187,1,0.2872406729923355,0.28231017217032983,0.2921711738143412,0.15639145079895186,0.0,1.0,0.09720285695668196,0.03986744933591424,0.0685351531462981,0.09360115063300728,0,0,0.03426757657314905,0.04680057531650364,0,0,0,0
P07,V7_video2_pocaluz,poca_luz,132,4.39971335504886,1,0.29007049192629164,0.2886005699403741,0.29154041391220914,0.15584808620994092,0.0,1.0,0.09762945851018023,0.2863170934930782,0.19197327600162922,0.13365648427362248,0,0,0.09598663800081461,0.06682824213681124,0,0,0,0
P07,V7_video2_pocaluz,poca_luz,133,4.433044516829533,1,0.2873462281466337,0.28363939382636266,0.29105306246690466,0.1555334219417033,0.0,1.0,0.04380256734960253,0.1703817191159076,0.10709214323275507,0.1750668200988775,0,0,0.05354607161637753,0.08753341004943875,0,0,0,0
P07,V7_video2_pocaluz,poca_luz,134,4.4663756786102065,1,0.28744542662628475,0.2839956372450083,0.2908952160075612,0.15637987016917237,0.0,1.0,0.13652584880933205,0.13904263644287285,0.13778424262610245,0.14043190031397196,0,0,0.06889212131305122,0.07021595015698598,0,0,0,0
P07,V7_video2_pocaluz,poca_luz,135,4.499706840390879,1,0.29173952584524054,0.28974477707447166,0.29373427461600937,0.1559267500723571,0.0,1.0,0.05122924613982294,0.0123298274704009,0.03177953680511192,0.09933353010857325,0,0,0.01588976840255596,0.049666765054286625,0,0,0,0
P07,V7_video2_pocaluz,poca_luz,136,4.533038002171553,1,0.2953744270507467,0.2944921429661662,0.2962567111353271,0.15553495455097835,0.0,1.0,0.015112945864024119,0.06698136098145235,0.041047153422738236,0.22286559841722206,0,0,0.020523576711369118,0.11143279920861103,0,0,0,0
P07,V7_video2_pocaluz,poca_luz,137,4.566369163952226,1,0.2973461602899534,0.2961530861052683,0.29853923447463854,0.15574476821208189,0.0,1.0,0.14672985446437548,0.068837276074037,0.10778356526920624,0.07572307410111151,0,0,0.05389178263460312,0.037861537050555755,0,0,0,0
P07,V7_video2_pocaluz,poca_luz,138,4.599700325732899,1,0.29346757272479174,0.289964953790736,0.2969701916588474,0.1559114502378588,0.0,1.0,0.049807852453243706,0.012800475624161756,0.03130416403870273,0.04777362344349395,0,0,0.015652082019351365,0.023886811721746976,0,0,0,0
P07,V7_video2_pocaluz,poca_luz,139,4.6330314875135725,1,0.2982455561307453,0.2964129046781706,0.30007820758332004,0.15576507263946152,0.0,1.0,0.022379721012498965,0.05233951028159323,0.037359615647046096,0.036937620701301487,0,0,0.018679807823523048,0.018468810350650743,0,0,0,0
P07,V7_video2_pocaluz,poca_luz,140,4.666362649294245,1,0.2948336433151929,0.2940134855281124,0.29565380110227335,0.15597727741442294,0.0,1.0,0.021071784696280793,0.15034845931391172,0.08571012200509626,0.10311047442863815,0,0,0.04285506100254813,0.05155523721431907,0,0,0,0
P07,V7_video2_pocaluz,poca_luz,141,4.699693811074918,1,0.29567857619336263,0.29508643003379253,0.2962707223529327,0.15649862856960198,0.0,1.0,0.02195478013755603,0.02716220607144293,0.02455849310449948,0.055066194088106306,0,0,0.01227924655224974,0.027533097044053153,0,0,0,0
P07,V7_video2_pocaluz,poca_luz,142,4.733024972855592,1,0.28988168965524697,0.288187663413028,0.29157571589746595,0.15605882029345297,0.0,1.0,0.01639574857279169,0.07129123243791047,0.04384349050535108,0.021805008926506702,0,0,0.02192174525267554,0.010902504463253351,0,0,0,0
P07,V7_video2_pocaluz,poca_luz,143,4.766356134636265,1,0.29278160144651166,0.29293253504052036,0.2926306678525029,0.1561177217682456,0.0,1.0,0.014515498079692657,0.10985065277593364,0.06218307542781315,0.08720630777789035,0,0,0.031091537713906575,0.04360315388894517,0,0,0,0
P07,V7_video2_pocaluz,poca_luz,144,4.799687296416938,1,0.2912708101649492,0.2900838573336636,0.2924577629962348,0.15625125154310868,0.0,1.0,0.0039181794409755,0.3627269951788824,0.18332258730992895,0.04414315517608472,0,0,0.09166129365496448,0.02207157758804236,0,0,0,0
P07,V7_video2_pocaluz,poca_luz,145,4.8330184581976114,1,0.2952291831360649,0.294717051353527,0.2957413149186028,0.15654083857202575,0.0,1.0,0.01188800484248953,0.11979794578069625,0.06584297531159289,0.058286870242841175,0,0,0.032921487655796444,0.029143435121420588,0,0,0,0
P07,V7_video2_pocaluz,poca_luz,146,4.866349619978284,1,0.2935001700258967,0.2926446016811415,0.2943557383706518,0.15674648874094846,0.0,1.0,0.017352330382114922,0.05531881257664473,0.036335571479379825,0.07281216438264722,0,0,0.018167785739689912,0.03640608219132361,0,0,0,0
P07,V7_video2_pocaluz,poca_luz,147,4.899680781758958,1,0.29472638972876186,0.2950675401150779,0.29438523934244587,0.1568033012272617,0.0,1.0,0.018685736346577664,0.050613233510234834,0.03464948492840625,0.02358271996098046,0,0,0.017324742464203124,0.01179135998049023,0,0,0,0
P07,V7_video2_pocaluz,poca_luz,148,4.933011943539631,1,0.297891958537807,0.2994666528844116,0.29631726419120236,0.15664419826288037,0.0,1.0,0.0313883948331648,0.07437479553886073,0.052881595186012764,0.053372291341207016,0,0,0.026440797593006382,0.026686145670603508,0,0,0,0
P07,V7_video2_pocaluz,poca_luz,149,4.966343105320304,1,0.29547491990045094,0.2965313859169602,0.2944184538839417,0.15620344362104716,0.0,1.0,0.010155105004887033,0.06093293049853665,0.03554401775171184,0.0119386568630273,0,0,0.01777200887585592,0.00596932843151365,0,0,0,0
P07,V7_video2_pocaluz,poca_luz,150,4.9996742671009775,1,0.2917238915320231,0.2926497193766454,0.2907980636874008,0.15715124134102584,0.0,1.0,0.012617313467906621,0.06854137440392483,0.040579343935915724,0.3453520224549825,0,0,0.020289671967957862,0.17267601122749124,0,0,0,0
P07,V7_video2_pocaluz,poca_luz,151,5.03300542888165,1,0.29071898578667643,0.28996150044061747,0.29147647113273534,0.15696787082120878,0.0,1.0,0.016709842267069175,0.0225834481211471,0.019646645194108137,0.3170840824324716,0,0,0.009823322597054068,0.1585420412162358,0,0,0,0
P07,V7_video2_pocaluz,poca_luz,152,5.066336590662323,1,0.29437420755195165,0.2946198702476192,0.29412854485628404,0.15641092619410685,0.0,1.0,0.003331785399317999,0.1284517730671607,0.06589177923323936,0.2416786914451956,0,0,0.03294588961661968,0.1208393457225978,0,0,0,0
P07,V7_video2_pocaluz,poca_luz,153,5.099667752442997,1,0.2936228639192018,0.2935712855423234,0.2936744422960801,0.1566332751721898,0.0,1.0,0.003210387078652177,0.03379083713323472,0.018500612105943448,0.2279407252052098,0,0,0.009250306052971724,0.1139703626026049,0,0,0,0
P07,V7_video2_pocaluz,poca_luz,154,5.13299891422367,1,0.2921215540431591,0.2928155309220073,0.29142757716431084,0.1566133746112648,0.0,1.0,0.005957170705796266,0.055004519936986074,0.03048084532139117,0.17117420621961954,0,0,0.015240422660695585,0.08558710310980977,0,0,0,0
P07,V7_video2_pocaluz,poca_luz,155,5.166330076004343,1,0.29329071251588973,0.29443563081910024,0.2921457942126792,0.15637646092034563,0.0,1.0,0.0035441466243104625,0.23131229605391435,0.1174282213391124,0.16752840083976017,0,0,0.0587141106695562,0.08376420041988009,0,0,0,0
P07,V7_video2_pocaluz,poca_luz,156,5.199661237785016,1,0.29528096957304173,0.29662313117199407,0.29393880797408944,0.15587278254137343,0.0,1.0,0.015434164568427722,0.17985851886577975,0.09764634171710374,0.2626097502167339,0,0,0.04882317085855187,0.13130487510836694,0,0,0,0
P07,V7_video2_pocaluz,poca_luz,157,5.232992399565689,1,0.29401620234437964,0.2934875415463597,0.2945448631423996,0.1563736046285126,0.0,1.0,0.004260285469204206,0.08905725593759917,0.046658770703401686,0.06029404900971837,0,0,0.023329385351700843,0.030147024504859184,0,0,0,0
P07,V7_video2_pocaluz,poca_luz,158,5.266323561346363,1,0.2934132340762682,0.29209866512018007,0.29472780303235624,0.156173575441408,0.0,1.0,0.008207146787486796,0.1866008682340412,0.097404007510764,0.1181834383539712,0,0,0.048702003755382,0.0590917191769856,0,0,0,0
P07,V7_video2_pocaluz,poca_luz,159,5.299654723127036,1,0.29434900889399107,0.2926150017870961,0.2960830160008861,0.15593516351056136,0.0,1.0,0.04476689197377404,0.08571559442757659,0.06524124320067531,0.06975544993020559,0,0,0.03262062160033766,0.034877724965102795,0,0,0,0
P07,V7_video2_pocaluz,poca_luz,160,5.332985884907709,1,0.2898874731088419,0.2879176467448355,0.2918572994728483,0.15617372031822063,0.0,1.0,0.07915714653461992,0.20532539887039902,0.14224127270250947,0.050451005808501224,0,0,0.07112063635125473,0.025225502904250612,0,0,0,0
P07,V7_video2_pocaluz,poca_luz,161,5.3663170466883825,1,0.292764914118414,0.2934601453758151,0.2920696828610129,0.1566848396379174,0.0,1.0,0.001992883264806955,0.30800141480242627,0.1549971490336166,0.07567646463779987,0,0,0.0774985745168083,0.037838232318899934,0,0,0,0
P07,V7_video2_pocaluz,poca_luz,162,5.399648208469055,1,0.2916834694481501,0.2924601733148942,0.290906765581406,0.15670216522314354,0.0,1.0,0.01222867224573776,0.20129518711729188,0.10676192968151482,0.06315845297068326,0,0,0.05338096484075741,0.03157922648534163,0,0,0,0
P07,V7_video2_pocaluz,poca_luz,163,5.432979370249728,1,0.29204188414234467,0.2914509697541731,0.29263279853051616,0.15663007374769747,0.0,1.0,0.09632184701720281,0.0788729345552045,0.08759739078620365,0.03357458735251692,0,0,0.04379869539310183,0.01678729367625846,0,0,0,0
P07,V7_video2_pocaluz,poca_luz,164,5.466310532030402,1,0.29538396392326827,0.29479803817325434,0.29596988967328214,0.15684937125047838,0.0,1.0,0.03615004347743922,0.1573720264575008,0.09676103496747002,0.05663702245603877,0,0,0.04838051748373501,0.028318511228019386,0,0,0,0
P07,V7_video2_pocaluz,poca_luz,165,5.499641693811075,1,0.29047071369399,0.2891012120867559,0.2918402153012242,0.15636863606209966,0.0,1.0,0.06594650428339888,0.16836837151385986,0.11715743789862937,0.0498127723519642,0,0,0.058578718949314684,0.0249063861759821,0,0,0,0
P07,V7_video2_pocaluz,poca_luz,166,5.532972855591748,1,0.29440877666789034,0.29478818434649084,0.2940293689892899,0.1566428100884569,0.0,1.0,0.010839303362578101,0.24427241519681275,0.12755585927969543,0.07445595171868047,0,0,0.06377792963984771,0.037227975859340234,0,0,0,0
P07,V7_video2_pocaluz,poca_luz,167,5.566304017372421,1,0.29755267962661036,0.29794465712146373,0.297160702131757,0.1564198190944322,0.0,1.0,0.01439366894394356,0.05237586221631618,0.03338476558012987,0.16165006418543187,0,0,0.016692382790064936,0.08082503209271594,0,0,0,0
P07,V7_video2_pocaluz,poca_luz,168,5.599635179153094,1,0.2946302283587404,0.2958954870602261,0.2933649696572547,0.15544881445613343,0.0,1.0,0.009939214916092287,0.04824683203875679,0.02909302347742454,0.0654442526387138,0,0,0.01454651173871227,0.0327221263193569,0,0,0,0
P07,V7_video2_pocaluz,poca_luz,169,5.632966340933768,1,0.2939898468289749,0.2956298574732995,0.2923498361846503,0.15613155006869098,0.0,1.0,0.022383357082316424,0.20273302204529198,0.1125581895638042,0.023067945076764736,0,0,0.0562790947819021,0.011533972538382368,0,0,0,0
P07,V7_video2_pocaluz,poca_luz,170,5.666297502714441,1,0.2958962784304904,0.29652552208880395,0.29526703477217675,0.15616600057515012,0.0,1.0,0.01983699372725034,0.17316840339178297,0.09650269855951665,0.08064003927466282,0,0,0.04825134927975833,0.04032001963733141,0,0,0,0
P07,V7_video2_pocaluz,poca_luz,171,5.699628664495114,1,0.2946404618921731,0.2959932614747215,0.2932876623096246,0.15605559074391329,0.0,1.0,0.014851825897427284,0.2205993220856144,0.11772557399152084,0.037402309326724066,0,0,0.05886278699576042,0.018701154663362033,0,0,0,0
P07,V7_video2_pocaluz,poca_luz,172,5.7329598262757875,1,0.29756548522303505,0.2989175024248827,0.29621346802118736,0.15664361623300344,0.0,1.0,0.03875620246927747,0.3422282988474895,0.1904922506583835,0.03706168179420478,0,0,0.09524612532919174,0.01853084089710239,0,0,0,0
P07,V7_video2_pocaluz,poca_luz,173,5.76629098805646,1,0.2955682698333057,0.2977035577970648,0.2934329818695466,0.15560974018964546,0.0,1.0,0.007328420190724105,0.23898934361059243,0.12315888190065827,0.060812756975450265,0,0,0.061579440950329134,0.030406378487725132,0,0,0,0
P07,V7_video2_pocaluz,poca_luz,174,5.799622149837133,1,0.2977476453637975,0.3001432329531197,0.2953520577744754,0.15601085257836808,0.0,1.0,0.01329931175451382,0.06697934951822049,0.040139330636367154,0.052635583242997726,0,0,0.020069665318183577,0.026317791621498863,0,0,0,0
P07,V7_video2_pocaluz,poca_luz,175,5.832953311617807,1,0.29958702908089774,0.3009991794057188,0.2981748787560766,0.15604787283539984,0.0,1.0,0.011043746191363168,0.11474329723006216,0.06289352171071266,0.07643657704270854,0,0,0.03144676085535633,0.03821828852135427,0,0,0,0
P07,V7_video2_pocaluz,poca_luz,176,5.86628447339848,1,0.2984759822501425,0.300787090237595,0.29616487426269,0.15569019684319715,0.0,1.0,0.007007381107564714,0.12287399123965492,0.06494068617360982,0.07254104673617219,0,0,0.03247034308680491,0.036270523368086095,0,0,0,0
P07,V7_video2_pocaluz,poca_luz,177,5.899615635179153,1,0.2987558653525814,0.3007992363588854,0.29671249434627744,0.15575976062519648,0.0,1.0,0.003076133077514309,0.10864635424290514,0.055861243660209725,0.047056371801108346,0,0,0.027930621830104863,0.023528185900554173,0,0,0,0
P07,V7_video2_pocaluz,poca_luz,178,5.932946796959826,1,0.29801583309224067,0.30069351104345093,0.29533815514103046,0.15603507252090146,0.0,1.0,0.008900032744761921,0.08587398451480044,0.04738700862978118,0.11950669914397576,0,0,0.02369350431489059,0.05975334957198788,0,0,0,0
P07,V7_video2_pocaluz,poca_luz,179,5.966277958740499,1,0.2999197670566929,0.3016301785852873,0.2982093555280985,0.15592209775654825,0.0,1.0,0.020537445053352088,0.13963088006964175,0.08008416256149692,0.1524982701774458,0,0,0.04004208128074846,0.0762491350887229,0,0,0,0
P07,V7_video2_pocaluz,poca_luz,180,5.999609120521173,1,0.3067314974874294,0.3074219968522315,0.3060409981226273,0.15688252589771048,0.0,1.0,0.0051812191821005715,0.06400813002985672,0.03459467460597865,0.07357075254202855,0,0,0.017297337302989324,0.036785376271014275,0,0,0,0
P07,V7_video2_pocaluz,poca_luz,181,6.032940282301846,1,0.3051810411416743,0.3062255404506479,0.3041365418327008,0.15615058129810547,0.0,1.0,0.06061338108169323,0.07663641420148626,0.06862489764158974,0.04895834537226363,0,0,0.03431244882079487,0.024479172686131815,0,0,0,0
P07,V7_video2_pocaluz,poca_luz,182,6.066271444082519,1,0.3068855144551673,0.30670211782678436,0.3070689110835502,0.15654503603718742,0.0,1.0,0.007148624755665911,0.036975915973643025,0.022062270364654468,0.04392747083383007,0,0,0.011031135182327234,0.021963735416915035,0,0,0,0
P07,V7_video2_pocaluz,poca_luz,183,6.0996026058631925,1,0.29829794065391124,0.2998539973700088,0.2967418839378137,0.15635934281564715,0.0,1.0,0.03370763037581681,0.08481629948927316,0.059261964932544986,0.12727022904359656,0,0,0.029630982466272493,0.06363511452179828,0,0,0,0
P07,V7_video2_pocaluz,poca_luz,184,6.132933767643865,1,0.30023183833023426,0.2974825500611774,0.30298112659929116,0.15660163554810858,0.0,1.0,0.015766644065541735,0.04738231291411055,0.03157447848982614,0.22762041034291755,0,0,0.01578723924491307,0.11381020517145878,0,0,0,0
P07,V7_video2_pocaluz,poca_luz,185,6.166264929424538,1,0.2986476177532117,0.30007109043893365,0.29722414506748973,0.15716993474103189,0.0,1.0,0.031453023107349876,0.08074675876217485,0.056099890934762364,0.3856880356881344,0,0,0.028049945467381182,0.1928440178440672,0,0,0,0
P07,V7_video2_pocaluz,poca_luz,186,6.199596091205212,1,0.2979425406791616,0.299118102798455,0.2967669785598681,0.15716736093000383,0.0,1.0,0.008419766532818063,0.03153198906663113,0.019975877799724595,0.0755129230422114,0,0,0.009987938899862298,0.0377564615211057,0,0,0,0
P07,V7_video2_pocaluz,poca_luz,187,6.232927252985885,1,0.2986166683720656,0.29990373172687135,0.29732960501725986,0.15730252347235357,0.0,1.0,0.02315143755954685,0.06354717061591375,0.0433493040877303,0.14195808145185052,0,0,0.02167465204386515,0.07097904072592526,0,0,0,0
P07,V7_video2_pocaluz,poca_luz,188,6.266258414766558,1,0.2994004843380276,0.30077786830687936,0.29802310036917584,0.1580591026425514,0.0,1.0,0.07751651420190275,0.06813833142227732,0.07282742281209004,0.336757169385614,0,0,0.03641371140604502,0.168378584692807,0,0,0,0
P07,V7_video2_pocaluz,poca_luz,189,6.299589576547231,1,0.29761135489881396,0.2980822391490081,0.29714047064861987,0.15763575698624924,0.0,1.0,0.03834794617906523,0.2283492321953281,0.13334858918719666,0.3454539863828835,0,0,0.06667429459359833,0.17272699319144175,0,0,0,0
P07,V7_video2_pocaluz,poca_luz,190,6.332920738327904,1,0.2993080036122252,0.30037713856633036,0.29823886865812005,0.15705480877314373,0.0,1.0,0.056991939759479915,0.3903099144659624,0.22365092711272117,0.34096108697956357,0,0,0.11182546355636058,0.17048054348978178,0,0,0,0
P07,V7_video2_pocaluz,poca_luz,191,6.366251900108578,1,0.2969044239271502,0.2982822535293669,0.29552659432493356,0.15708341673929618,0.0,1.0,0.02990881436260384,0.35872840631577574,0.1943186103391898,0.3054822810186316,0,0,0.0971593051695949,0.1527411405093158,0,0,0,0
P07,V7_video2_pocaluz,poca_luz,192,6.399583061889251,1,0.29760731818681896,0.29908814920426946,0.29612648716936846,0.15689223885802328,0.0,1.0,0.05174333945784004,0.033494935520858804,0.042619137489349423,0.20402120216193825,0,0,0.021309568744674712,0.10201060108096913,0,0,0,0
P07,V7_video2_pocaluz,poca_luz,193,6.432914223669924,1,0.30061548664788285,0.3017780317463322,0.2994529415494334,0.15760749219473535,0.0,1.0,0.017391702189484493,0.018221248891631237,0.017806475540557865,0.052838930077846534,0,0,0.008903237770278932,0.026419465038923267,0,0,0,0
P07,V7_video2_pocaluz,poca_luz,194,6.4662453854505975,1,0.3013494998601355,0.30195939662649157,0.30073960309377934,0.15716888217316602,0.0,1.0,0.07597095959254685,0.05598529173371425,0.06597812566313055,0.40174429015968277,0,0,0.032989062831565275,0.20087214507984139,0,0,0,0
P07,V7_video2_pocaluz,poca_luz,195,6.49957654723127,1,0.3003290415888318,0.3007592327060125,0.299898850471651,0.15717697383499254,0.0,1.0,0.008757272354346646,0.030794436327112873,0.01977585434072976,0.2775456413133403,0,0,0.00988792717036488,0.13877282065667015,0,0,0,0
P07,V7_video2_pocaluz,poca_luz,196,6.532907709011943,1,0.30259651669741416,0.3034300279506441,0.3017630054441842,0.15804837961685106,0.0,1.0,0.0038242747319638948,0.025120697830283922,0.014472486281123909,0.0610948475755653,0,0,0.007236243140561954,0.03054742378778265,0,0,0,0
P07,V7_video2_pocaluz,poca_luz,197,6.566238870792617,1,0.30643318589244106,0.30423643849565524,0.3086299332892269,0.15740508601354045,0.0,1.0,0.2157495268595978,0.07018238154512091,0.14296595420235936,0.3941837616338728,0,0,0.07148297710117968,0.1970918808169364,0,0,0,0
P07,V7_video2_pocaluz,poca_luz,198,6.59957003257329,1,0.3077246159424939,0.30655144635938697,0.30889778552560077,0.1574884762175354,0.0,1.0,0.020717364737614985,0.03930037168306433,0.030008868210339656,0.04645922415268506,0,0,0.015004434105169828,0.02322961207634253,0,0,0,0
P07,V7_video2_pocaluz,poca_luz,199,6.632901194353963,1,0.30525840070848087,0.306622280280425,0.30389452113653675,0.1569086158996428,0.0,1.0,0.03476499038768921,0.06531980345412869,0.05004239692090895,0.04125209622867312,0,0,0.025021198460454475,0.02062604811433656,0,0,0,0
P07,V7_video2_pocaluz,poca_luz,200,6.666232356134636,1,0.30225516820157516,0.3032155376322792,0.3012947987708712,0.15676997942346305,0.0,1.0,0.025746387815366867,0.08333775424536394,0.0545420710303654,0.13452497657014542,0,0,0.0272710355151827,0.06726248828507271,0,0,0,0
P07,V7_video2_pocaluz,poca_luz,201,6.699563517915309,1,0.3055729150297314,0.30564463536836656,0.3055011946910962,0.15658997129777558,0.0,1.0,0.02715753810743493,0.0487080802158385,0.037932809161636716,0.14640395321699584,0,0,0.018966404580818358,0.07320197660849792,0,0,0,0
P07,V7_video2_pocaluz,poca_luz,202,6.732894679695983,1,0.306814076846048,0.30840639269313463,0.3052217609989614,0.15617527005582352,0.0,1.0,0.06918990871483,0.24802184189332033,0.15860587530407516,0.22959597719288657,0,0,0.07930293765203758,0.11479798859644329,0,0,0,0
P07,V7_video2_pocaluz,poca_luz,203,6.766225841476656,1,0.3100680633457744,0.31139099727250696,0.3087451294190418,0.1565760353952729,0.0,1.0,0.009521132037246582,0.08507419297435337,0.047297662505799976,0.1289529617987361,0,0,0.023648831252899988,0.06447648089936805,0,0,0,0
P07,V7_video2_pocaluz,poca_luz,204,6.799557003257329,1,0.3068842711781252,0.3076619775089515,0.30610656484729887,0.15634504481200148,0.0,1.0,0.013962621588159863,0.16342125392912943,0.08869193775864465,0.13427056425291647,0,0,0.04434596887932232,0.06713528212645824,0,0,0,0
P07,V7_video2_pocaluz,poca_luz,205,6.8328881650380024,1,0.3060420977386091,0.3057179954477667,0.3063662000294515,0.15681166883163972,0.0,1.0,0.018715960564068768,0.1458220912507423,0.08226902590740554,0.12174424742882468,0,0,0.04113451295370277,0.06087212371441234,0,0,0,0
P07,V7_video2_pocaluz,poca_luz,206,6.866219326818675,1,0.30794063574469277,0.30884205198628534,0.30703921950310015,0.1565991074141838,0.0,1.0,0.004281831872288033,0.13224802682702308,0.06826492934965556,0.1292122815972314,0,0,0.03413246467482778,0.0646061407986157,0,0,0,0
P07,V7_video2_pocaluz,poca_luz,207,6.899550488599348,1,0.30468416517796104,0.30356182850112434,0.3058065018547978,0.1564116061109393,0.0,1.0,0.03582316293781562,0.08773749135322406,0.06178032714551984,0.12189218030287233,0,0,0.03089016357275992,0.060946090151436164,0,0,0,0
P07,V7_video2_pocaluz,poca_luz,208,6.932881650380022,1,0.30696909968147196,0.30750310191152097,0.30643509745142294,0.15650549321246593,0.0,1.0,0.005585505489521636,0.22790367859344507,0.11674459204148335,0.09517363116510975,0,0,0.058372296020741676,0.04758681558255488,0,0,0,0
P07,V7_video2_pocaluz,poca_luz,209,6.966212812160695,1,0.3058049751220975,0.30880288855771554,0.30280706168647936,0.15612486490881428,0.0,1.0,0.0037200505932846184,0.03078499496386966,0.01725252277857714,0.10640253504692838,0,0,0.00862626138928857,0.05320126752346419,0,0,0,0
P07,V7_video2_pocaluz,poca_luz,210,6.999543973941368,1,0.3034038737668533,0.3043389287344464,0.3024688187992602,0.1555332233375755,0.0,1.0,0.01956952638160736,0.10889053019998574,0.06423002829079655,0.2534007164032737,0,0,0.032115014145398274,0.12670035820163686,0,0,0,0
P07,V7_video2_pocaluz,poca_luz,211,7.032875135722041,1,0.30424648907091945,0.30584170334352,0.30265127479831894,0.15558534175947747,0.0,1.0,0.047346285491669415,0.11774195118460873,0.08254411833813907,0.27071914717338985,0,0,0.041272059169069536,0.13535957358669493,0,0,0,0
P07,V7_video2_pocaluz,poca_luz,212,7.066206297502714,1,0.3045808277990203,0.3065290428563758,0.30263261274166486,0.15547519364315562,0.0,1.0,0.004791434363028535,0.11743833013450922,0.061114882248768876,0.6564670173440325,0,0,0.030557441124384438,0.3282335086720162,0,0,0,0
P07,V7_video2_pocaluz,poca_luz,213,7.099537459283388,1,0.30409625096365017,0.3054199031699365,0.30277259875736384,0.15571285363241189,0.0,1.0,0.030144574622121945,0.102080863488473,0.06611271905529748,0.3729562739743567,0,0,0.03305635952764874,0.18647813698717836,0,0,0,0
P07,V7_video2_pocaluz,poca_luz,214,7.132868621064061,1,0.30322639009956975,0.30326795908301607,0.3031848211161235,0.15624967861725755,0.0,1.0,0.0036033941594886265,0.02933303682387034,0.016468215491679483,0.442303685779181,0,0,0.008234107745839742,0.2211518428895905,0,0,0,0
P07,V7_video2_pocaluz,poca_luz,215,7.166199782844734,1,0.30220349671728686,0.3028619495572963,0.3015450438772774,0.15612914020238292,0.0,1.0,0.014994754346066452,0.11091718019834007,0.06295596727220326,0.3670485107675013,0,0,0.03147798363610163,0.18352425538375064,0,0,0,0
P07,V7_video2_pocaluz,poca_luz,216,7.199530944625407,1,0.3058700928908611,0.30624327188409417,0.305496913897628,0.1563086609833653,0.0,1.0,0.007896013870763108,0.11660372065992175,0.06224986726534243,0.4908619864377641,0,0,0.031124933632671214,0.24543099321888204,0,0,0,0
P07,V7_video2_pocaluz,poca_luz,217,7.23286210640608,1,0.30785861169744555,0.3069979090946147,0.30871931430027644,0.15690733760992173,0.0,1.0,0.004604291454084364,0.04365782075468172,0.024131056104383042,0.26257814891596093,0,0,0.012065528052191521,0.13128907445798046,0,0,0,0
P07,V7_video2_pocaluz,poca_luz,218,7.266193268186753,1,0.3075789513831414,0.30564719064716256,0.3095107121191203,0.15645791538424467,0.0,1.0,0.009874693122203126,0.32682793165804636,0.16835131239012474,0.15011518983401126,0,0,0.08417565619506237,0.07505759491700563,0,0,0,0
P07,V7_video2_pocaluz,poca_luz,219,7.299524429967427,1,0.30477698897311334,0.3026462714860194,0.3069077064602072,0.15662710372378666,0.0,1.0,0.005114384278365192,0.06785230236776141,0.0364833433230633,0.34164907336278516,0,0,0.01824167166153165,0.17082453668139258,0,0,0,0
P07,V7_video2_pocaluz,poca_luz,220,7.3328555917481,1,0.2886388480079518,0.28894788471795324,0.28832981129795043,0.15687643718121466,0.0,1.0,0.004323868921164542,0.15709571261024957,0.08070979076570706,0.22504583617244314,0,0,0.04035489538285353,0.11252291808622157,0,0,0,0
P07,V7_video2_pocaluz,poca_luz,221,7.366186753528773,1,0.22014298495355367,0.22136617090916438,0.21891979899794295,0.15530910116951915,0.0,1.0,0.13124400893659993,0.24005120072518105,0.1856476048308905,0.36752476183214794,0,0,0.09282380241544524,0.18376238091607397,0,0,0,0
P07,V7_video2_pocaluz,poca_luz,222,7.399517915309446,1,0.18151646730047716,0.18341639517479377,0.17961653942616054,0.15645560163082942,0.0,1.0,0.07451521984817522,0.25890571906082305,0.16671046945449913,0.18799095954966427,0,0,0.08335523472724957,0.09399547977483214,0,0,0,0
P07,V7_video2_pocaluz,poca_luz,223,7.432849077090119,1,0.18342326824093594,0.18408769589308574,0.18275884058878614,0.15619290259152524,0.0,1.0,0.20398209941053325,0.5851380943379956,0.3945600968742644,0.25333101122434504,0,0,0.1972800484371322,0.12666550561217252,0,0,0,0
P07,V7_video2_pocaluz,poca_luz,224,7.466180238870793,1,0.2015633929829595,0.20238255057988364,0.20074423538603534,0.1562755001986871,0.0,1.0,0.043138021938468274,0.3694857760333292,0.20631189898589875,0.11371910445445389,0,0,0.10315594949294937,0.056859552227226946,0,0,0,0
P07,V7_video2_pocaluz,poca_luz,225,7.499511400651466,1,0.2172906630255802,0.21728428664313731,0.21729703940802308,0.15603288165727064,0.0,1.0,0.35879645978923025,0.2530088543755604,0.30590265708239534,0.22165169328676407,0,0,0.15295132854119767,0.11082584664338203,0,0,0,0
P07,V7_video2_pocaluz,poca_luz,226,7.532842562432139,1,0.24450041603553282,0.24687146761851353,0.24212936445255212,0.15632491267621693,0.0,1.0,0.1929867333226355,0.48868528981428605,0.3408360115684608,0.04704284930257895,0,0,0.1704180057842304,0.023521424651289476,0,0,0,0
P07,V7_video2_pocaluz,poca_luz,227,7.566173724212812,1,0.2704440344139481,0.27332836361175566,0.26755970521614053,0.15587259291108624,0.0,1.0,0.05300153825735132,0.1354364444497983,0.09421899135357481,0.1038460570968828,0,0,0.047109495676787405,0.0519230285484414,0,0,0,0
P07,V7_video2_pocaluz,poca_luz,228,7.599504885993485,1,0.27188701088132305,0.27335579259851367,0.2704182291641325,0.15531174177324786,0.0,1.0,0.03560939915341754,0.4402790922132972,0.23794424568335737,0.33343529113775705,0,0,0.11897212284167868,0.16671764556887853,0,0,0,0
P07,V7_video2_pocaluz,poca_luz,229,7.632836047774158,1,0.2818873120801916,0.284205502023345,0.27956912213703816,0.15572076967041462,0.0,1.0,0.10288262641811907,0.11581927870196473,0.1093509525600419,0.3292963377007041,0,0,0.05467547628002095,0.16464816885035205,0,0,0,0
P07,V7_video2_pocaluz,poca_luz,230,7.666167209554832,1,0.28221878632622344,0.2844078656889967,0.28002970696345025,0.156092398703791,0.0,1.0,0.11351184656297597,0.1941746818775637,0.15384326422026984,0.18041131618678677,0,0,0.07692163211013492,0.09020565809339338,0,0,0,0
P07,V7_video2_pocaluz,poca_luz,231,7.699498371335505,1,0.28547938403511863,0.2872464727721022,0.283712295298135,0.15557295615715142,0.0,1.0,0.08133746475823633,0.3055929564438009,0.19346521060101862,0.12971370825684786,0,0,0.09673260530050931,0.06485685412842393,0,0,0,0
P07,V7_video2_pocaluz,poca_luz,232,7.732829533116178,1,0.28818895861432814,0.29072813519216634,0.2856497820364899,0.15580175615656328,0.0,1.0,0.02657253279255478,0.16892067086175777,0.09774660182715628,0.0587945492653657,0,0,0.04887330091357814,0.02939727463268285,0,0,0,0
P07,V7_video2_pocaluz,poca_luz,233,7.766160694896851,1,0.29096227851401174,0.2912493080380767,0.2906752489899468,0.15615925607865153,0.0,1.0,0.051129724768026685,0.3550057784568529,0.20306775161243978,0.031307730513516756,0,0,0.10153387580621989,0.015653865256758378,0,0,0,0
P07,V7_video2_pocaluz,poca_luz,234,7.799491856677524,1,0.2886034149644096,0.28877851367577884,0.2884283162530404,0.15767980643040766,0.0,1.0,0.024288140509546752,0.13826261074662693,0.08127537562808684,0.03054544273474096,0,0,0.04063768781404342,0.01527272136737048,0,0,0,0
P07,V7_video2_pocaluz,poca_luz,235,7.832823018458198,1,0.2911151203889122,0.29165831804476466,0.2905719227330597,0.158000882446581,0.0,1.0,0.03916800895512784,0.06848977641525045,0.053828892685189145,0.07880514719955631,0,0,0.026914446342594572,0.039402573599778154,0,0,0,0
P07,V7_video2_pocaluz,poca_luz,236,7.866154180238871,1,0.2861009750103986,0.28559291360397215,0.28660903641682506,0.15858042188447433,0.0,1.0,0.10024634227442408,0.39963012251552965,0.24993823239497687,0.03284488469113928,0,0,0.12496911619748843,0.01642244234556964,0,0,0,0
P07,V7_video2_pocaluz,poca_luz,237,7.899485342019544,1,0.29273260262118034,0.2910764158494321,0.29438878939292856,0.15823905749962539,0.0,1.0,0.044846269376240255,0.2391353740760157,0.14199082172612798,0.028277593884916994,0,0,0.07099541086306399,0.014138796942458497,0,0,0,0
P07,V7_video2_pocaluz,poca_luz,238,7.932816503800217,1,0.29594901688118713,0.29745823259595516,0.29443980116641916,0.1578643020308821,0.0,1.0,0.015295154183833759,0.2285583030218188,0.12192672860282627,0.021938459963045782,0,0,0.06096336430141314,0.010969229981522891,0,0,0,0
P07,V7_video2_pocaluz,poca_luz,239,7.96614766558089,1,0.29972763548777526,0.30005906013180805,0.2993962108437425,0.15850867130675036,0.0,1.0,0.03315619871033004,0.18548077369923455,0.1093184862047823,0.07077645815706986,0,0,0.05465924310239115,0.03538822907853493,0,0,0,0
P07,V7_video2_pocaluz,poca_luz,240,7.999478827361563,1,0.2969079361355179,0.29658769788285205,0.2972281743881837,0.1567985699496382,0.0,1.0,0.0021775620791965045,0.07412106434703769,0.0381493132131171,0.3165089471243229,0,0,0.01907465660655855,0.15825447356216146,0,0,0,0
P07,V7_video2_pocaluz,poca_luz,241,8.032809989142237,1,0.2972888188694102,0.2971485496138135,0.29742908812500696,0.15726658484104822,0.0,1.0,0.0012885812487574144,0.1667219034486075,0.08400524234868245,0.22861589994415885,0,0,0.042002621174341226,0.11430794997207942,0,0,0,0
P07,V7_video2_pocaluz,poca_luz,242,8.06614115092291,1,0.2958189986463977,0.29628886821766476,0.2953491290751307,0.15601565421960878,0.0,1.0,0.008120191024965306,0.1375035376414847,0.07281186433322501,0.1670511023244972,0,0,0.036405932166612504,0.0835255511622486,0,0,0,0
P07,V7_video2_pocaluz,poca_luz,243,8.099472312703583,1,0.2864994689416147,0.28821537979495465,0.28478355808827477,0.15607164434296888,0.0,1.0,0.011927800194276084,0.17975593618766506,0.09584186819097057,0.21593127737897558,0,0,0.047920934095485285,0.10796563868948779,0,0,0,0
P07,V7_video2_pocaluz,poca_luz,244,8.132803474484255,1,0.2866239717899879,0.28824851618279174,0.28499942739718404,0.15584522938852619,0.0,1.0,0.020758369579248814,0.3119023820275668,0.16633037580340782,0.22210569627232782,0,0,0.08316518790170391,0.11105284813616391,0,0,0,0
P07,V7_video2_pocaluz,poca_luz,245,8.16613463626493,1,0.28721296033330207,0.2882510316635981,0.286174889003006,0.1565670027632083,0.0,1.0,0.01592070674896573,0.3414380852517016,0.17867939600033367,0.08296328873449635,0,0,0.08933969800016683,0.041481644367248174,0,0,0,0
P07,V7_video2_pocaluz,poca_luz,246,8.199465798045603,1,0.28531133415876586,0.2863035148549855,0.28431915346254616,0.15685760216149647,0.0,1.0,0.0057147764790904665,0.3065126903365779,0.1561137334078342,0.173721950558795,0,0,0.0780568667039171,0.0868609752793975,0,0,0,0
P07,V7_video2_pocaluz,poca_luz,247,8.232796959826276,1,0.2859732465923288,0.28617174834952025,0.28577474483513743,0.15675513184483647,0.0,1.0,0.006697062053341973,0.09233457807571555,0.04951582006452876,0.07878311696768153,0,0,0.02475791003226438,0.039391558483840766,0,0,0,0
P07,V7_video2_pocaluz,poca_luz,248,8.266128121606949,1,0.2924040066769601,0.2918328159436224,0.2929751974102978,0.1574891968426776,0.0,1.0,0.0045119082356179785,0.08642646793616005,0.04546918808588901,0.12282502344813742,0,0,0.022734594042944506,0.06141251172406871,0,0,0,0
P07,V7_video2_pocaluz,poca_luz,249,8.299459283387622,1,0.2942430385720177,0.29428365318530936,0.29420242395872614,0.1568890285027119,0.0,1.0,0.0740994857811631,0.177007606714927,0.12555354624804504,0.1644679678189776,0,0,0.06277677312402252,0.0822339839094888,0,0,0,0
P07,V7_video2_pocaluz,poca_luz,250,8.332790445168296,1,0.29248167328296487,0.29311569731217246,0.2918476492537573,0.15760130302477438,0.0,1.0,0.011383287416845356,0.08838145216853477,0.04988236979269006,0.1349788363528772,0,0,0.02494118489634503,0.0674894181764386,0,0,0,0
P07,V7_video2_pocaluz,poca_luz,251,8.366121606948969,1,0.2965734003739122,0.29703548903373644,0.29611131171408805,0.15665350263724098,0.0,1.0,0.0028289869999280626,0.03354909868405165,0.018189042841989855,0.027915586845210026,0,0,0.009094521420994928,0.013957793422605013,0,0,0,0
P07,V7_video2_pocaluz,poca_luz,252,8.399452768729642,1,0.2959646087544282,0.2939403886768462,0.2979888288320103,0.1565269458772434,0.0,1.0,0.020584598962375522,0.009078214416704977,0.01483140668954025,0.06672176566182488,0,0,0.007415703344770125,0.03336088283091244,0,0,0,0
P07,V7_video2_pocaluz,poca_luz,253,8.432783930510315,1,0.2993047106897616,0.29845858243083795,0.30015083894868533,0.1563644022416098,0.0,1.0,0.014995071277286942,0.1328782324963278,0.07393665188680737,0.19716714892052828,0,0,0.036968325943403685,0.09858357446026414,0,0,0,0
P07,V7_video2_pocaluz,poca_luz,254,8.466115092290988,1,0.29630578695846704,0.2942038439428844,0.2984077299740497,0.15719551619540736,0.0,1.0,0.029455652345311223,0.08575181190145453,0.05760373212338288,0.2929837746800964,0,0,0.02880186606169144,0.1464918873400482,0,0,0,0
P07,V7_video2_pocaluz,poca_luz,255,8.49944625407166,1,0.29639636499220623,0.29376000122551205,0.29903272875890036,0.15697636800170658,0.0,1.0,0.009182394418655648,0.12322777120791961,0.06620508281328763,0.22491210071877027,0,0,0.033102541406643815,0.11245605035938513,0,0,0,0
P07,V7_video2_pocaluz,poca_luz,256,8.532777415852335,1,0.29559956993181946,0.2940916713473895,0.2971074685162495,0.15721730437516646,0.0,1.0,0.01903619290399372,0.04321561775359184,0.03112590532879278,0.1316665390349959,0,0,0.01556295266439639,0.06583326951749795,0,0,0,0
P07,V7_video2_pocaluz,poca_luz,257,8.566108577633008,1,0.29127176281300354,0.29189043029277584,0.29065309533323125,0.15867645722900994,0.0,1.0,0.0015579840598010097,0.016543111855228054,0.009050547957514532,0.22760515320037408,0,0,0.004525273978757266,0.11380257660018704,0,0,0,0
P07,V7_video2_pocaluz,poca_luz,258,8.59943973941368,1,0.2910692627753324,0.29115082832777617,0.29098769722288864,0.15873213878588793,0.0,1.0,0.014907904161902241,0.09083961611100255,0.0528737601364524,0.335606954958002,0,0,0.0264368800682262,0.167803477479001,0,0,0,0
P07,V7_video2_pocaluz,poca_luz,259,8.632770901194354,1,0.2947748722550076,0.29472388754014484,0.29482585696987035,0.15733880192525926,0.0,1.0,0.006370964900831999,0.023072055746427123,0.01472151032362956,0.33993869516174535,0,0,0.00736075516181478,0.16996934758087268,0,0,0,0
P07,V7_video2_pocaluz,poca_luz,260,8.666102062975026,1,0.2959900428325436,0.2972149804576419,0.2947651052074453,0.1559467924562299,0.0,1.0,0.010254243203109858,0.030191178578955813,0.020222710891032836,0.10094927216865439,0,0,0.010111355445516418,0.050474636084327194,0,0,0,0
P07,V7_video2_pocaluz,poca_luz,261,8.699433224755701,1,0.2964932237562399,0.2960491389858329,0.2969373085266469,0.15653996026198297,0.0,1.0,0.03125518469298527,0.012547153499252617,0.021901169096118944,0.04787954812042564,0,0,0.010950584548059472,0.02393977406021282,0,0,0,0
P07,V7_video2_pocaluz,poca_luz,262,8.732764386536374,1,0.2952223141201131,0.2934607719376968,0.29698385630252944,0.15660886669212312,0.0,1.0,0.0054036674676963825,0.04421662096078405,0.024810144214240215,0.07368097203298306,0,0,0.012405072107120108,0.03684048601649153,0,0,0,0
P07,V7_video2_pocaluz,poca_luz,263,8.766095548317047,1,0.29795028709803195,0.2984796941992483,0.2974208799968156,0.15666870394025184,0.0,1.0,0.012348184724483513,0.008789056540865592,0.010568620632674552,0.07946850434006283,0,0,0.005284310316337276,0.03973425217003142,0,0,0,0
P07,V7_video2_pocaluz,poca_luz,264,8.79942671009772,1,0.29741165354063337,0.2976677149329131,0.2971555921483537,0.1565541205074387,0.0,1.0,0.0074925178333126174,0.0660582939863712,0.03677540590984191,0.09213613282637087,0,0,0.018387702954920954,0.046068066413185435,0,0,0,0
P07,V7_video2_pocaluz,poca_luz,265,8.832757871878393,1,0.29177061208680455,0.2952898380103748,0.28825138616323426,0.1569389587397831,0.0,1.0,0.022728399044924075,0.2693983786882451,0.1460633888665846,0.07871906575555872,0,0,0.0730316944332923,0.03935953287777936,0,0,0,0
P07,V7_video2_pocaluz,poca_luz,266,8.866089033659065,1,0.2928532339368522,0.29412849080225345,0.29157797707145094,0.15648751731577218,0.0,1.0,0.01781771949906885,0.037281148130370534,0.027549433814719693,0.11749186531548378,0,0,0.013774716907359846,0.05874593265774189,0,0,0,0
P07,V7_video2_pocaluz,poca_luz,267,8.89942019543974,1,0.2946420988269495,0.295448843994882,0.293835353659017,0.1574687492097991,0.0,1.0,0.023859226929800026,0.08834540271754099,0.05610231482367051,0.06228859070435869,0,0,0.028051157411835254,0.031144295352179344,0,0,0,0
P07,V7_video2_pocaluz,poca_luz,268,8.932751357220413,1,0.2936023412561371,0.29390955363085486,0.29329512888141934,0.15881579439743693,0.0,1.0,0.01179406517204995,0.052237832751635405,0.03201594896184268,0.1801562758763883,0,0,0.01600797448092134,0.09007813793819415,0,0,0,0
P07,V7_video2_pocaluz,poca_luz,269,8.966082519001086,1,0.29984049679293756,0.30092217668797266,0.29875881689790246,0.15844491120834342,0.0,1.0,0.008807744794803618,0.31600404102109514,0.16240589290794938,0.23902815476786302,0,0,0.08120294645397469,0.11951407738393151,0,0,0,0
P07,V7_video2_pocaluz,poca_luz,270,8.999413680781759,1,0.30026590750720783,0.3004691580127514,0.3000626570016643,0.1591371898065588,0.0,1.0,0.009280245793088171,0.011549790231236146,0.010415018012162158,0.22389888942191005,0,0,0.005207509006081079,0.11194944471095503,0,0,0,0
P07,V7_video2_pocaluz,poca_luz,271,9.032744842562431,1,0.29936002137681195,0.29948335456786607,0.2992366881857579,0.15844949376022127,0.0,1.0,0.017002443822797808,0.019230049659888282,0.018116246741343045,0.1515022428763352,0,0,0.009058123370671523,0.0757511214381676,0,0,0,0
P07,V7_video2_pocaluz,poca_luz,272,9.066076004343106,1,0.29636004466370514,0.29644202156707283,0.29627806776033744,0.15848871493672226,0.0,1.0,0.029597412278005275,0.06394892015563802,0.04677316621682165,0.14330374833224135,0,0,0.023386583108410824,0.07165187416612068,0,0,0,0
P07,V7_video2_pocaluz,poca_luz,273,9.099407166123779,1,0.29662878950400184,0.29685671592488316,0.2964008630831206,0.16012511834169404,0.0,1.0,0.0031882901254216556,0.16569461879049774,0.0844414544579597,0.12851322923860536,0,0,0.04222072722897985,0.06425661461930268,0,0,0,0
P07,V7_video2_pocaluz,poca_luz,274,9.132738327904452,1,0.2974752793463776,0.29823108542030813,0.296719473272447,0.1577220222455827,0.0,1.0,0.017823478303034435,0.022403530271215333,0.020113504287124884,0.15114859179793888,0,0,0.010056752143562442,0.07557429589896944,0,0,0,0
P07,V7_video2_pocaluz,poca_luz,275,9.166069489685125,1,0.2975247303151679,0.2985090942008456,0.2965403664294903,0.15819282499296694,0.0,1.0,0.14304490267586445,0.17358434778685505,0.15831462523135975,0.11415575263222995,0,0,0.07915731261567988,0.057077876316114974,0,0,0,0
P07,V7_video2_pocaluz,poca_luz,276,9.199400651465798,1,0.298678352786036,0.29957671518839457,0.2977799903836774,0.15896019314343746,0.0,1.0,0.008440956205499228,0.005496857398489485,0.006968906801994357,0.07081767657181946,0,0,0.0034844534009971784,0.03540883828590973,0,0,0,0
P07,V7_video2_pocaluz,poca_luz,277,9.23273181324647,1,0.3021562830989123,0.30291425514305675,0.3013983110547678,0.15777977914105676,0.0,1.0,0.01696558411963911,0.03143716432425003,0.02420137422194457,0.10923049475018362,0,0,0.012100687110972286,0.05461524737509181,0,0,0,0
P07,V7_video2_pocaluz,poca_luz,278,9.266062975027145,1,0.30194219941135303,0.3018292956934608,0.3020551031292452,0.15698303332141214,0.0,1.0,0.02116270905430706,0.093579529753822,0.05737111940406453,0.09452368750105526,0,0,0.028685559702032265,0.04726184375052763,0,0,0,0
P07,V7_video2_pocaluz,poca_luz,279,9.299394136807818,1,0.3049015798838245,0.30533643378536657,0.30446672598228236,0.15683542931069783,0.0,1.0,0.0063724290687802165,0.05512804512825231,0.030750237098516264,0.045931957927572875,0,0,0.015375118549258132,0.022965978963786438,0,0,0,0
P07,V7_video2_pocaluz,poca_luz,280,9.33272529858849,1,0.3071546241584766,0.3075857224607533,0.30672352585619994,0.156537784167895,0.0,1.0,0.03514066685079942,0.005063771059488076,0.020102218955143747,0.021285225909820918,0,0,0.010051109477571873,0.010642612954910459,0,0,0,0
P07,V7_video2_pocaluz,poca_luz,281,9.366056460369164,1,0.3066763329172806,0.3073969340445922,0.30595573178996904,0.15660984524865476,0.0,1.0,0.003397227297981864,0.006696995441217823,0.005047111369599844,0.05846198071569571,0,0,0.002523555684799922,0.029230990357847854,0,0,0,0
P07,V7_video2_pocaluz,poca_luz,282,9.399387622149836,1,0.30446725333019153,0.3057740027269434,0.30316050393343974,0.156264559656038,0.0,1.0,0.02305909210274948,0.02274862155317292,0.0229038568279612,0.053804279889048574,0,0,0.0114519284139806,0.026902139944524287,0,0,0,0
P07,V7_video2_pocaluz,poca_luz,283,9.432718783930511,1,0.30025131148054013,0.3013725337054066,0.29913008925567364,0.15683425240881788,0.0,1.0,0.018445871728388963,0.06153893943519262,0.03999240558179079,0.05241671412091696,0,0,0.019996202790895395,0.02620835706045848,0,0,0,0
P07,V7_video2_pocaluz,poca_luz,284,9.466049945711184,1,0.30460602777250523,0.30524648348781214,0.3039655720571984,0.15676405425629614,0.0,1.0,0.10050357250403263,0.04304613932760837,0.0717748559158205,0.048334677665816145,0,0,0.03588742795791025,0.024167338832908072,0,0,0,0
P07,V7_video2_pocaluz,poca_luz,285,9.499381107491857,1,0.30166635680821596,0.3026288176344102,0.3007038959820218,0.1568286028637722,0.0,1.0,0.025643421354047624,0.017697703148151223,0.021670562251099423,0.055340483522411,0,0,0.010835281125549712,0.0276702417612055,0,0,0,0
P07,V7_video2_pocaluz,poca_luz,286,9.53271226927253,1,0.2992868183217755,0.3007994193441316,0.2977742172994194,0.15614431350440383,0.0,1.0,0.041346560991098125,0.15547544348508868,0.0984110022380934,0.037052961353759475,0,0,0.0492055011190467,0.018526480676879738,0,0,0,0
P07,V7_video2_pocaluz,poca_luz,287,9.566043431053203,1,0.2940297147063591,0.29498279762560314,0.29307663178711507,0.15612863289611204,0.0,1.0,0.04811244864955411,0.18855961266894616,0.11833603065925014,0.09281212477711123,0,0,0.05916801532962507,0.046406062388555616,0,0,0,0
P07,V7_video2_pocaluz,poca_luz,288,9.599374592833875,1,0.30255233681241134,0.3014933944826918,0.30361127914213093,0.15651054186486088,0.0,1.0,0.07147031998406328,0.034371743706093416,0.05292103184507835,0.02442140862192977,0,0,0.026460515922539174,0.012210704310964885,0,0,0,0
P07,V7_video2_pocaluz,poca_luz,289,9.63270575461455,1,0.30625948351111487,0.30623702646882345,0.30628194055340624,0.1566511902640844,0.0,1.0,0.019235338415721004,0.0635189990028816,0.041377168709301304,0.06873919776720452,0,0,0.020688584354650652,0.03436959888360226,0,0,0,0
P07,V7_video2_pocaluz,poca_luz,290,9.666036916395223,1,0.30385553592887654,0.30398812091747507,0.303722950940278,0.15761797985847148,0.0,1.0,0.018145085388809545,0.08508425177923051,0.05161466858402003,0.034725849363776144,0,0,0.025807334292010015,0.017362924681888072,0,0,0,0
P07,V7_video2_pocaluz,poca_luz,291,9.699368078175896,1,0.30625713997242054,0.3083006348950986,0.3042136450497424,0.15680627363143548,0.0,1.0,0.003877705500299644,0.06305819756635345,0.033467951533326545,0.05052886664176791,0,0,0.016733975766663273,0.025264433320883954,0,0,0,0
P07,V7_video2_pocaluz,poca_luz,292,9.732699239956569,1,0.30631295090610744,0.30804477538616165,0.3045811264260532,0.15748373457403705,0.0,1.0,0.0023219824716786963,0.05135225626303519,0.026837119367356943,0.11214137029714832,0,0,0.013418559683678472,0.05607068514857416,0,0,0,0
P07,V7_video2_pocaluz,poca_luz,293,9.766030401737241,1,0.303962386393699,0.3056126896510296,0.3023120831363683,0.15658660400478816,0.0,1.0,0.012798830736515332,0.061914969407836695,0.037356900072176014,0.11367576242009642,0,0,0.018678450036088007,0.05683788121004821,0,0,0,0
P07,V7_video2_pocaluz,poca_luz,294,9.799361563517916,1,0.3025635182906541,0.3040486159275399,0.3010784206537682,0.1575527831092691,0.0,1.0,0.006928797944956044,0.09944896612735321,0.05318888203615463,0.07595849158974971,0,0,0.026594441018077314,0.037979245794874855,0,0,0,0
P07,V7_video2_pocaluz,poca_luz,295,9.832692725298589,1,0.304782341947559,0.30588231699601065,0.3036823668991073,0.15724270061016632,0.0,1.0,0.011912973093356483,0.06610539353256817,0.039009183312962326,0.11192273702097427,0,0,0.019504591656481163,0.055961368510487136,0,0,0,0
P07,V7_video2_pocaluz,poca_luz,296,9.866023887079262,1,0.30106745856750977,0.3006367551409609,0.30149816199405866,0.1568765116201411,0.0,1.0,0.01663622248780494,0.03581734128701619,0.026226781887410566,0.06637913062803909,0,0,0.013113390943705283,0.033189565314019544,0,0,0,0
P07,V7_video2_pocaluz,poca_luz,297,9.899355048859935,1,0.30054906499591383,0.30240224136582156,0.29869588862600605,0.1576462689077613,0.0,1.0,0.0168993710700569,0.005481743610845191,0.011190557340451046,0.059944926318247535,0,0,0.005595278670225523,0.029972463159123768,0,0,0,0
P07,V7_video2_pocaluz,poca_luz,298,9.932686210640608,1,0.3029279650281812,0.30618322070742476,0.2996727093489376,0.1574238842668684,0.0,1.0,0.02701098663220758,0.050322553587619945,0.03866677010991376,0.0670027902695793,0,0,0.01933338505495688,0.03350139513478965,0,0,0,0
P07,V7_video2_pocaluz,poca_luz,299,9.96601737242128,1,0.2995042865552251,0.3029626829996499,0.2960458901108003,0.15729563247525938,0.0,1.0,0.06044600920971288,0.16280776087984272,0.1116268850447778,0.18901816405443583,0,0,0.0558134425223889,0.09450908202721792,0,0,0,0
P07,V7_video2_pocaluz,poca_luz,300,9.999348534201955,1,0.29855014770034544,0.30017608370217364,0.29692421169851724,0.157391688098832,0.0,1.0,0.00871519829877665,0.19401552992056093,0.10136536410966879,0.42568685995264294,0,0,0.050682682054834394,0.21284342997632147,0,0,0,0
P07,V7_video2_pocaluz,poca_luz,301,10.032679695982628,1,0.29824164032803246,0.2995354874842786,0.2969477931717863,0.15724358313598688,0.0,1.0,0.0037424325914429124,0.16544553330698186,0.08459398294921239,0.21117238833306082,0,0,0.042296991474606194,0.10558619416653041,0,0,0,0
P07,V7_video2_pocaluz,poca_luz,302,10.0660108577633,1,0.3005948712903433,0.30222184907780264,0.29896789350288394,0.15740039657532004,0.0,1.0,0.0034777893367832213,0.08372787513986246,0.04360283223832284,0.2646868295543258,0,0,0.02180141611916142,0.1323434147771629,0,0,0,0
P07,V7_video2_pocaluz,poca_luz,303,10.099342019543974,1,0.29731684906052325,0.29887365918147935,0.2957600389395672,0.15732052085247356,0.0,1.0,0.01942673617723356,0.0376424427344807,0.02853458945585713,0.20155593156638385,0,0,0.014267294727928564,0.10077796578319193,0,0,0,0
P07,V7_video2_pocaluz,poca_luz,304,10.132673181324646,1,0.3019028032732175,0.3014565590372197,0.3023490475092153,0.15646246329480587,0.0,1.0,0.006530296709963634,0.1905795370542651,0.09855491688211437,0.3227031451403292,0,0,0.04927745844105719,0.1613515725701646,0,0,0,0
P07,V7_video2_pocaluz,poca_luz,305,10.166004343105321,1,0.30319324117874896,0.3023338610121196,0.3040526213453783,0.15596117066048995,0.0,1.0,0.02978434967733601,0.03981690270243432,0.034800626189885164,0.2934885917351855,0,0,0.017400313094942582,0.14674429586759274,0,0,0,0
P07,V7_video2_pocaluz,poca_luz,306,10.199335504885994,1,0.29959761393168427,0.29794506096370804,0.30125016689966055,0.15565798182433574,0.0,1.0,0.011144738776826202,0.2704790694313981,0.14081190410411215,0.1383413159242075,0,0,0.07040595205205608,0.06917065796210375,0,0,0,0
P07,V7_video2_pocaluz,poca_luz,307,10.232666666666667,1,0.29883696218228856,0.29670845551290187,0.30096546885167524,0.15576747820022496,0.0,1.0,0.0023548219693257932,0.09513091356623182,0.04874286776777881,0.15321537646828337,0,0,0.024371433883889404,0.07660768823414169,0,0,0,0
P07,V7_video2_pocaluz,poca_luz,308,10.26599782844734,1,0.29517347922757103,0.2925267243844073,0.29782023407073477,0.15574659887159087,0.0,1.0,0.008816061933190067,0.15222041406952036,0.08051823800135521,0.16557427121994103,0,0,0.04025911900067761,0.08278713560997052,0,0,0,0
P07,V7_video2_pocaluz,poca_luz,309,10.299328990228013,1,0.2969559523276225,0.2926304195854508,0.3012814850697943,0.15591017972074284,0.0,1.0,0.0043975818624125695,0.010397916868707058,0.007397749365559814,0.15263288284148202,0,0,0.003698874682779907,0.07631644142074101,0,0,0,0
P07,V7_video2_pocaluz,poca_luz,310,10.332660152008685,1,0.2969510132249116,0.2939107316244414,0.2999912948253818,0.1554330171822918,0.0,1.0,0.012638366073723817,0.10867979164563057,0.060659078859677196,0.1295552367245203,0,0,0.030329539429838598,0.06477761836226015,0,0,0,0
P07,V7_video2_pocaluz,poca_luz,311,10.36599131378936,1,0.29280609912279165,0.29282732427165137,0.292784873973932,0.15657386006566892,0.0,1.0,0.009047244981873148,0.33915136305379023,0.1740993040178317,0.047377050791847876,0,0,0.08704965200891585,0.023688525395923938,0,0,0,0
P07,V7_video2_pocaluz,poca_luz,312,10.399322475570033,1,0.2922991495209134,0.29182523878024846,0.2927730602615784,0.156069290605358,0.0,1.0,0.004778357416379664,0.23067122352485037,0.11772479047061502,0.024404793508541474,0,0,0.05886239523530751,0.012202396754270737,0,0,0,0
P07,V7_video2_pocaluz,poca_luz,313,10.432653637350706,1,0.2938898872997978,0.2931011000306277,0.29467867456896796,0.15595603401810404,0.0,1.0,0.034079119277161785,0.0726112071717343,0.053345163224448044,0.09613844386020096,0,0,0.026672581612224022,0.04806922193010048,0,0,0,0
P07,V7_video2_pocaluz,poca_luz,314,10.465984799131379,1,0.2982022964116018,0.29890045258667486,0.29750414023652866,0.15599419396998,0.0,1.0,0.05416224761895516,0.22219569477514323,0.1381789711970492,0.04067925567278025,0,0,0.0690894855985246,0.020339627836390126,0,0,0,0
P07,V7_video2_pocaluz,poca_luz,315,10.499315960912051,1,0.2986402367881674,0.3006510135436004,0.2966294600327345,0.15607991239664548,0.0,1.0,0.005543872512876469,0.230692315854788,0.11811809418383223,0.050422219710260105,0,0,0.05905904709191612,0.025211109855130052,0,0,0,0
P07,V7_video2_pocaluz,poca_luz,316,10.532647122692726,1,0.29466092613485007,0.2970253580009324,0.2922964942687678,0.1564624231463844,0.0,1.0,0.026636151915309103,0.22947441827530068,0.1280552850953049,0.277393917789413,0,0,0.06402764254765245,0.1386969588947065,0,0,0,0
P07,V7_video2_pocaluz,poca_luz,317,10.565978284473399,1,0.296473348845232,0.2982273075564447,0.2947193901340193,0.1554668075565233,0.0,1.0,0.01742770746562905,0.10772614328256558,0.06257692537409731,0.0696412839025231,0,0,0.03128846268704866,0.03482064195126155,0,0,0,0
P07,V7_video2_pocaluz,poca_luz,318,10.599309446254072,1,0.29747487026527325,0.3001929885304907,0.2947567520000558,0.1556958048465039,0.0,1.0,0.014773111381097603,0.06592487509765044,0.04034899323937402,0.1139959533538328,0,0,0.02017449661968701,0.0569979766769164,0,0,0,0
P07,V7_video2_pocaluz,poca_luz,319,10.632640608034745,1,0.3006525886573518,0.30112914228855125,0.30017603502615237,0.15573454497523245,0.0,1.0,0.010918881546005066,0.052563203952628035,0.03174104274931655,0.03528116597824939,0,0,0.015870521374658275,0.017640582989124694,0,0,0,0
P07,V7_video2_pocaluz,poca_luz,320,10.665971769815418,1,0.3035687188077639,0.30401524348616843,0.3031221941293595,0.15520828428094618,0.0,1.0,0.01573941455271377,0.07477378705816695,0.04525660080544036,0.060447823640335976,0,0,0.02262830040272018,0.030223911820167988,0,0,0,0
P07,V7_video2_pocaluz,poca_luz,321,10.69930293159609,1,0.3054026775867673,0.3057672189070785,0.30503813626645615,0.15594996206121697,0.0,1.0,0.004444546438092223,0.11979206305647128,0.06211830474728175,0.08782680237218937,0,0,0.031059152373640875,0.043913401186094686,0,0,0,0
P07,V7_video2_pocaluz,poca_luz,322,10.732634093376765,1,0.30416617218675807,0.30514482758617295,0.3031875167873432,0.15568680072180846,0.0,1.0,0.0033093384529494507,0.04400576942484957,0.02365755393889951,0.07414091387745558,0,0,0.011828776969449756,0.03707045693872779,0,0,0,0
P07,V7_video2_pocaluz,poca_luz,323,10.765965255157438,1,0.3067216894539949,0.30616309253795043,0.30728028637003946,0.15581163506712375,0.0,1.0,0.013445827635584107,0.07060784760494854,0.04202683762026632,0.03951069406803075,0,0,0.02101341881013316,0.019755347034015373,0,0,0,0
P07,V7_video2_pocaluz,poca_luz,324,10.79929641693811,1,0.3010847032616568,0.30097978051025526,0.30118962601305843,0.15563119364190958,0.0,1.0,0.009548146243901767,0.019047166187363462,0.014297656215632615,0.02779657613026765,0,0,0.007148828107816307,0.013898288065133825,0,0,0,0
P07,V7_video2_pocaluz,poca_luz,325,10.832627578718784,1,0.29964818262311826,0.29868713426590576,0.30060923098033077,0.15539451841676705,0.0,1.0,0.0017397617304041324,0.043757662761044425,0.02274871224572428,0.02247197449849228,0,0,0.01137435612286214,0.01123598724924614,0,0,0,0
P07,V7_video2_pocaluz,poca_luz,326,10.865958740499456,1,0.2976197309046314,0.2967103471414236,0.2985291146678392,0.15608253631482805,0.0,1.0,0.004114373859457232,0.05274603212515039,0.02843020299230381,0.04009315701471246,0,0,0.014215101496151905,0.02004657850735623,0,0,0,0
P07,V7_video2_pocaluz,poca_luz,327,10.899289902280131,1,0.2956602306404681,0.29704982678434394,0.2942706344965922,0.1565118691672205,0.0,1.0,0.0009956169140085125,0.17701064577178927,0.08900313134289889,0.05515953568828909,0,0,0.044501565671449445,0.027579767844144544,0,0,0,0
P07,V7_video2_pocaluz,poca_luz,328,10.932621064060804,1,0.29704134042603436,0.2982587280913971,0.29582395276067164,0.1557863149810757,0.0,1.0,0.001937676564270796,0.03511070453675502,0.01852419055051291,0.023927677013402277,0,0,0.009262095275256454,0.011963838506701139,0,0,0,0
P07,V7_video2_pocaluz,poca_luz,329,10.965952225841477,1,0.3021349427338407,0.3033917984203646,0.3008780870473168,0.15564109449831293,0.0,1.0,0.0029017750395253783,0.011018547538747758,0.006960161289136568,0.08773306421362663,0,0,0.003480080644568284,0.043866532106813315,0,0,0,0
P07,V7_video2_pocaluz,poca_luz,330,10.99928338762215,1,0.29717246549809495,0.2965951392482047,0.2977497917479852,0.15631237588843475,0.0,1.0,0.007002276605810986,0.1633195819414115,0.08516092927361124,0.0825147304441765,0,0,0.04258046463680562,0.04125736522208825,0,0,0,0
P07,V7_video2_pocaluz,poca_luz,331,11.032614549402822,1,0.2937065923241378,0.2918270444644385,0.2955861401838371,0.15672180399008548,0.0,1.0,0.02803336433970194,0.08859627604627351,0.058314820192987726,0.044055435074534466,0,0,0.029157410096493863,0.022027717537267233,0,0,0,0
P07,V7_video2_pocaluz,poca_luz,332,11.065945711183495,1,0.29208559556705704,0.2905210363372148,0.2936501547968992,0.15662823585942118,0.0,1.0,0.03259296961808633,0.05431638544143658,0.043454677529761454,0.0759259999322553,0,0,0.021727338764880727,0.03796299996612765,0,0,0,0
P07,V7_video2_pocaluz,poca_luz,333,11.09927687296417,1,0.2909572259412955,0.2900910064179814,0.29182344546460964,0.15631292269820257,0.0,1.0,0.010014960465265621,0.03080096937037624,0.02040796491782093,0.05307384027707905,0,0,0.010203982458910466,0.026536920138539526,0,0,0,0
P07,V7_video2_pocaluz,poca_luz,334,11.132608034744843,1,0.290031929549732,0.29021122184810744,0.2898526372513565,0.15596490800844542,0.0,1.0,0.06260816898007837,0.35603430987635,0.20932123942821418,0.0999638246123547,0,0,0.10466061971410709,0.04998191230617735,0,0,0,0
P07,V7_video2_pocaluz,poca_luz,335,11.165939196525516,1,0.2932977776170551,0.29348776836114476,0.2931077868729655,0.156567291224234,0.0,1.0,0.04169165415061293,0.4067929196781326,0.22424228691437276,0.1381924471074554,0,0,0.11212114345718638,0.0690962235537277,0,0,0,0
P07,V7_video2_pocaluz,poca_luz,336,11.199270358306189,1,0.28968306048257353,0.28925983236629843,0.2901062885988486,0.15604863355464688,0.0,1.0,0.048189190894930456,0.2676088882454517,0.15789903957019108,0.07126219275236209,0,0,0.07894951978509554,0.035631096376181046,0,0,0,0
P07,V7_video2_pocaluz,poca_luz,337,11.232601520086861,1,0.2941441592358234,0.29323149886735805,0.2950568196042887,0.1561909189199994,0.0,1.0,0.005329158717890858,0.12733720320008746,0.06633318095898916,0.027075576044978997,0,0,0.03316659047949458,0.013537788022489498,0,0,0,0
P07,V7_video2_pocaluz,poca_luz,338,11.265932681867536,1,0.29715942677754403,0.2963408865907365,0.2979779669643515,0.1558054559867301,0.0,1.0,0.15935294014029144,0.13932942181676844,0.14934118097852994,0.030232029152656305,0,0,0.07467059048926497,0.015116014576328152,0,0,0,0
P07,V7_video2_pocaluz,poca_luz,339,11.299263843648209,1,0.29799376918141857,0.2972579046099789,0.2987296337528582,0.15606076336287164,0.0,1.0,0.1687975175730203,0.16301913290483727,0.1659083252389288,0.014533878649015878,0,0,0.0829541626194644,0.007266939324507939,0,0,0,0
P07,V7_video2_pocaluz,poca_luz,340,11.332595005428882,1,0.2991596973836611,0.298004046917771,0.3003153478495512,0.15662195109856325,0.0,1.0,0.06144122367537752,0.18243441379592673,0.12193781873565213,0.0091375281950959,0,0,0.06096890936782606,0.00456876409754795,0,0,0,0
P07,V7_video2_pocaluz,poca_luz,341,11.365926167209555,1,0.2973244072808683,0.2964509290464271,0.2981978855153094,0.15626110491436163,0.0,1.0,0.07201920649688875,0.2518501623049417,0.16193468440091524,0.027371588258799442,0,0,0.08096734220045762,0.013685794129399721,0,0,0,0
P07,V7_video2_pocaluz,poca_luz,342,11.399257328990227,1,0.2958319823079918,0.2945045239611058,0.29715944065487776,0.1566302769732741,0.0,1.0,0.08707015775018945,0.0514692948813229,0.06926972631575617,0.01294518056059668,0,0,0.03463486315787809,0.00647259028029834,0,0,0,0
P07,V7_video2_pocaluz,poca_luz,343,11.4325884907709,1,0.29195597775584203,0.2919343158713446,0.2919776396403394,0.15596103005513537,0.0,1.0,0.2635367847812087,0.27057731017163766,0.26705704747642317,0.031844658652123624,0,0,0.13352852373821159,0.015922329326061812,0,0,0,0
P07,V7_video2_pocaluz,poca_luz,344,11.465919652551575,1,0.2512677146350357,0.2530061897323292,0.24952923953774228,0.15537032214551033,0.0,1.0,0.03676432391374396,0.17295997655232187,0.10486215023303291,0.03478099486950084,0,0,0.05243107511651646,0.01739049743475042,0,0,0,0
P07,V7_video2_pocaluz,poca_luz,345,11.499250814332248,1,0.17821784414107122,0.17997342032191554,0.17646226796022688,0.15598461806441655,0.0,1.0,0.255536466507721,0.16109451743874414,0.20831549197323257,0.08489296692621456,0,0,0.10415774598661628,0.04244648346310728,0,0,0,0
P07,V7_video2_pocaluz,poca_luz,346,11.53258197611292,1,0.0634680557604195,0.04898409251304123,0.07795201900779777,0.15899116549878478,0.002881844380403458,1.0,0.21138516278897845,0.22432461716441254,0.2178548899766955,0.07478017065433233,1,0,0.6089274449883477,0.037390085327166166,1,0,1,0
P07,V7_video2_pocaluz,poca_luz,347,11.565913137893594,1,0.03669465187324893,0.02709449157609035,0.04629481217040751,0.15991647622627017,0.005747126436781609,1.0,0.20197422797250864,0.35315742579893405,0.27756582688572135,0.03457478669725319,1,0,0.6387829134428606,0.017287393348626594,1,0,1,0
P07,V7_video2_pocaluz,poca_luz,348,11.599244299674266,1,0.03969744880761005,0.02691510448316176,0.05247979313205834,0.15963688659996514,0.008595988538681949,1.0,0.13793243108648723,0.28622199253364755,0.2120772118100674,0.03910886845675599,1,0,0.6060386059050337,0.019554434228377996,1,0,1,0
P07,V7_video2_pocaluz,poca_luz,349,11.632575461454941,1,0.04645120712719798,0.03926966019175564,0.05363275406264033,0.16091096180454742,0.011428571428571429,1.0,0.1637484809901485,0.17249160978082778,0.16812004538548814,0.048284331683378,1,0,0.584060022692744,0.024142165841689,1,0,1,0
P07,V7_video2_pocaluz,poca_luz,350,11.665906623235614,1,0.06543706795653748,0.05547229292227201,0.07540184299080295,0.16092507079987006,0.014245014245014245,1.0,0.2213592764557455,0.24793820941544065,0.23464874293559307,0.03664042924555586,1,0,0.6173243714677965,0.01832021462277793,1,0,1,0
P07,V7_video2_pocaluz,poca_luz,351,11.699237785016287,1,0.11148922945882501,0.09203178672934131,0.13094667218830872,0.16046389622478374,0.017045454545454544,1.0,0.5700371920419907,0.09028171914491867,0.33015945559345466,0.048892435802860686,1,0,0.6650797277967273,0.024446217901430343,1,0,1,0
P07,V7_video2_pocaluz,poca_luz,352,11.73256894679696,1,0.1867361528957508,0.1817674227182556,0.19170488307324596,0.15828827190742847,0.0169971671388102,1.0,0.22306886866413622,0.10277535509917568,0.16292211188165595,0.07482482034095286,0,0,0.08146105594082798,0.03741241017047643,0,0,0,0
P07,V7_video2_pocaluz,poca_luz,353,11.765900108577632,1,0.21300719942136956,0.2124276397671347,0.21358675907560443,0.15623672524126855,0.01694915254237288,1.0,0.05321921624614123,0.16426156633000022,0.10874039128807073,0.05800838365930526,0,0,0.05437019564403536,0.02900419182965263,0,0,0,0
P07,V7_video2_pocaluz,poca_luz,354,11.799231270358305,1,0.2322281367593262,0.23095515303063927,0.2335011204880131,0.1564936992851913,0.016901408450704224,1.0,0.22543089484414158,0.11192238155353551,0.16867663819883855,0.0681201977281754,0,0,0.08433831909941927,0.0340600988640877,0,0,0,0
P07,V7_video2_pocaluz,poca_luz,355,11.83256243213898,1,0.24436781980515532,0.24398249734409752,0.24475314226621311,0.1561846611579025,0.016853932584269662,1.0,0.06567398688296022,0.17104036721649163,0.11835717704972593,0.026972709136451473,0,0,0.05917858852486296,0.013486354568225736,0,0,0,0
P07,V7_video2_pocaluz,poca_luz,356,11.865893593919653,1,0.24740978730038474,0.24471505481723677,0.2501045197835327,0.1564083635930036,0.01680672268907563,1.0,0.052417531229115855,0.40900253084970983,0.23071003103941284,0.07265469563842238,0,0,0.11535501551970642,0.03632734781921119,0,0,0,0
P07,V7_video2_pocaluz,poca_luz,357,11.899224755700326,1,0.2558292831438451,0.2543905783126604,0.2572679879750298,0.15633582818004751,0.01675977653631285,1.0,0.012341516278066123,0.5040590020414017,0.25820025915973394,0.03640556798322074,0,0,0.12910012957986697,0.01820278399161037,0,0,0,0
P07,V7_video2_pocaluz,poca_luz,358,11.932555917480999,1,0.2618900925909182,0.25990161663756783,0.26387856854426855,0.15623167431386312,0.016713091922005572,1.0,0.031803029241052716,0.20987902968483907,0.12084102946294589,0.050871221399703785,0,0,0.060420514731472946,0.025435610699851893,0,0,0,0
P07,V7_video2_pocaluz,poca_luz,359,11.965887079261671,1,0.2649338089875805,0.26273281550475014,0.2671348024704109,0.15606525401200713,0.016666666666666666,1.0,0.03426143082409172,0.22735255122104914,0.13080699102257043,0.06012335274944422,0,0,0.06540349551128521,0.03006167637472211,0,0,0,0
P07,V7_video2_pocaluz,poca_luz,360,11.999218241042346,1,0.27145703414443456,0.26918647633929815,0.2737275919495709,0.15651447078718153,0.01662049861495845,1.0,0.008890531997361562,0.07667509212077117,0.042782812059066366,0.1307443428272481,0,0,0.021391406029533183,0.06537217141362404,0,0,0,0
P07,V7_video2_pocaluz,poca_luz,361,12.032549402823019,1,0.2749779156942527,0.2725698096909835,0.2773860216975218,0.15653627872665443,0.016574585635359115,1.0,0.015408332164228544,0.3254319707351634,0.17042015144969597,0.19310781249630615,0,0,0.08521007572484798,0.09655390624815308,0,0,0,0
P07,V7_video2_pocaluz,poca_luz,362,12.065880564603692,1,0.27566185388121006,0.27314475037242286,0.27817895738999726,0.15632254013847474,0.01652892561983471,1.0,0.010185745384810874,0.19771434411668298,0.10395004475074693,0.40775979678913926,0,0,0.051975022375373464,0.20387989839456963,0,0,0,0
P07,V7_video2_pocaluz,poca_luz,363,12.099211726384365,1,0.2790047627986596,0.27691844471247606,0.2810910808848431,0.1565327638575347,0.016483516483516484,1.0,0.0072145577141216055,0.5597085693459276,0.2834615635300246,0.2519521067829129,0,0,0.1417307817650123,0.12597605339145646,0,0,0,0
P07,V7_video2_pocaluz,poca_luz,364,12.132542888165037,1,0.2812670129994137,0.28023292389634147,0.282301102102486,0.15645393670464466,0.01643835616438356,1.0,0.008886436327669722,0.37481399369376855,0.19185021501071914,0.20472773234089686,0,0,0.09592510750535957,0.10236386617044843,0,0,0,0
P07,V7_video2_pocaluz,poca_luz,365,12.16587404994571,1,0.282343026416756,0.2807301101347197,0.2839559426987923,0.15622528732718508,0.01639344262295082,1.0,0.0028862430438247877,0.31157987689007227,0.15723305996694853,0.09421492804349665,0,0,0.07861652998347426,0.04710746402174833,0,0,0,0
P07,V7_video2_pocaluz,poca_luz,366,12.199205211726385,1,0.2828780966425962,0.2817167035921034,0.2840394896930891,0.15626249728482663,0.01634877384196185,1.0,0.004770517889715942,0.30322866502995216,0.15399959145983405,0.38992246969898264,0,0,0.07699979572991703,0.19496123484949132,0,0,0,0
P07,V7_video2_pocaluz,poca_luz,367,12.232536373507058,1,0.28564549492611657,0.28496752037997664,0.28632346947225656,0.1559163102550738,0.016304347826086956,1.0,0.021750479264490252,0.29609971109925615,0.1589250951818732,0.3242671220017483,0,0,0.0794625475909366,0.16213356100087414,0,0,0,0
P07,V7_video2_pocaluz,poca_luz,368,12.26586753528773,1,0.29000047681489577,0.2889739420034453,0.29102701162634625,0.15605155884991664,0.016260162601626018,1.0,0.11972537193099186,0.3309701870450594,0.22534777948802565,0.17113585173781143,0,0,0.11267388974401282,0.08556792586890571,0,0,0,0
P07,V7_video2_pocaluz,poca_luz,369,12.299198697068404,1,0.29158508924403415,0.29063027179289613,0.29253990669517216,0.15594097153991132,0.016216216216216217,1.0,0.025744910703963675,0.20638682504728056,0.11606586787562212,0.18169825681586632,0,0,0.05803293393781106,0.09084912840793316,0,0,0,0
P07,V7_video2_pocaluz,poca_luz,370,12.332529858849076,1,0.29102306657869287,0.2900738400716593,0.2919722930857264,0.15637100821736752,0.016172506738544475,1.0,0.014735161327666058,0.19277618956225595,0.103755675444961,0.2790421566588497,0,0,0.0518778377224805,0.13952107832942484,0,0,0,0
P07,V7_video2_pocaluz,poca_luz,371,12.365861020629751,1,0.2948751286063933,0.2953102490461218,0.29444000816666477,0.15640735699038408,0.016129032258064516,1.0,0.0023880305116071865,0.10668913967411897,0.05453858509286308,0.337005804512121,0,0,0.02726929254643154,0.1685029022560605,0,0,0,0
P07,V7_video2_pocaluz,poca_luz,372,12.399192182410424,1,0.29748311481994927,0.297451603231983,0.2975146264079156,0.15661964030238396,0.0160857908847185,1.0,0.021396182491841165,0.17227792905624773,0.09683705577404444,0.32204744078013436,0,0,0.04841852788702222,0.16102372039006718,0,0,0,0
P07,V7_video2_pocaluz,poca_luz,373,12.432523344191097,1,0.2972505455460116,0.29766044913413486,0.2968406419578884,0.15625431947506424,0.016042780748663103,1.0,0.0076198903095039405,0.2014554044195861,0.10453764736454502,0.22601663603063468,0,0,0.05226882368227251,0.11300831801531734,0,0,0,0
P07,V7_video2_pocaluz,poca_luz,374,12.46585450597177,1,0.29670875196584745,0.29657251656729255,0.29684498736440235,0.15659012173948242,0.016,1.0,0.030992072083806832,0.1494592015184184,0.09022563680111262,0.39273134881641963,0,0,0.04511281840055631,0.19636567440820982,0,0,0,0
P07,V7_video2_pocaluz,poca_luz,375,12.499185667752442,1,0.29658133546008647,0.29646082492923226,0.2967018459909407,0.15700552820798439,0.015957446808510637,1.0,0.011717650390877687,0.1810501574928417,0.0963839039418597,0.20351561997408937,0,0,0.04819195197092985,0.10175780998704469,0,0,0,0
P07,V7_video2_pocaluz,poca_luz,376,12.532516829533115,1,0.29768432372556003,0.29692173145449396,0.2984469159966261,0.15667334289651585,0.015915119363395226,1.0,0.026820175670850266,0.06042143817225032,0.04362080692155029,0.2279853294174471,0,0,0.021810403460775146,0.11399266470872355,0,0,0,0
P07,V7_video2_pocaluz,poca_luz,377,12.56584799131379,1,0.29581503055486136,0.2958682943747495,0.2957617667349733,0.15592038045997356,0.015873015873015872,1.0,0.028590704906969133,0.1214427149326549,0.07501670991981202,0.1449539002115467,0,0,0.03750835495990601,0.07247695010577335,0,0,0,0
P07,V7_video2_pocaluz,poca_luz,378,12.599179153094463,1,0.2950352515783311,0.2961519709777666,0.29391853217889563,0.15584504840874136,0.0158311345646438,1.0,0.00853477463452501,0.12367328759653251,0.06610403111552876,0.137729417250443,0,0,0.03305201555776438,0.0688647086252215,0,0,0,0
P07,V7_video2_pocaluz,poca_luz,379,12.632510314875136,1,0.2951185747227555,0.2962055383957616,0.29403161104974945,0.15591055756836852,0.015789473684210527,1.0,0.019096287817739754,0.09386052494064312,0.05647840637919144,0.13300951620839174,0,0,0.02823920318959572,0.06650475810419587,0,0,0,0
P07,V7_video2_pocaluz,poca_luz,380,12.665841476655809,1,0.2969474668670037,0.29813494648483213,0.2957599872491753,0.15598440355220927,0.015748031496062992,1.0,0.024616780065859545,0.15176183463029924,0.0881893073480794,0.16033339349046263,0,0,0.0440946536740397,0.08016669674523132,0,0,0,0
P07,V7_video2_pocaluz,poca_luz,381,12.699172638436481,1,0.3010795134541164,0.301186108861899,0.30097291804633375,0.1551127970602535,0.015706806282722512,1.0,0.011642756397638121,0.12936397801436816,0.07050336720600314,0.053113671243651794,0,0,0.03525168360300157,0.026556835621825897,0,0,0,0
P07,V7_video2_pocaluz,poca_luz,382,12.732503800217156,1,0.3024571336992309,0.30306504854984684,0.30184921884861493,0.15571409592638952,0.015665796344647518,1.0,0.010566918437387995,0.0825621233636763,0.04656452090053215,0.15775311795047123,0,0,0.023282260450266073,0.07887655897523561,0,0,0,0
P07,V7_video2_pocaluz,poca_luz,383,12.765834961997829,1,0.301946023738726,0.30177085636524187,0.3021211911122101,0.15590498050951304,0.015625,1.0,0.01056739705187093,0.27832242017785114,0.14444490861486103,0.03875008317726488,0,0,0.07222245430743052,0.01937504158863244,0,0,0,0
P07,V7_video2_pocaluz,poca_luz,384,12.799166123778502,1,0.3024855127003434,0.30342381619798997,0.3015472092026968,0.15627330332538422,0.015584415584415584,1.0,0.03497860887228843,0.1130879400417999,0.07403327445704416,0.11433515646494105,0,0,0.03701663722852208,0.057167578232470526,0,0,0,0
P07,V7_video2_pocaluz,poca_luz,385,12.832497285559175,1,0.2985821846714032,0.29936987936732107,0.29779448997548524,0.15613495300427113,0.015544041450777202,1.0,0.012370209444022562,0.02595665795043789,0.019163433697230225,0.041692101858330284,0,0,0.009581716848615113,0.020846050929165142,0,0,0,0
P07,V7_video2_pocaluz,poca_luz,386,12.865828447339847,1,0.297694609288974,0.2986442120287362,0.2967450065492118,0.15646275836873663,0.015503875968992248,1.0,0.015036392114561759,0.06277360887601913,0.03890500049529044,0.04697047861391038,0,0,0.01945250024764522,0.02348523930695519,0,0,0,0
P07,V7_video2_pocaluz,poca_luz,387,12.89915960912052,1,0.29728550700223966,0.2976371262396043,0.29693388776487506,0.1565448042784017,0.015463917525773196,1.0,0.10895462948882484,0.05960019576551345,0.08427741262716915,0.04355256467195732,0,0,0.04213870631358457,0.02177628233597866,0,0,0,0
P07,V7_video2_pocaluz,poca_luz,388,12.932490770901195,1,0.2990602426925047,0.2988985541164153,0.2992219312685941,0.15666824553517056,0.015424164524421594,1.0,0.08268014444606864,0.3128994003693031,0.19778977240768586,0.05791392470889183,0,0,0.09889488620384293,0.028956962354445916,0,0,0,0
P07,V7_video2_pocaluz,poca_luz,389,12.965821932681868,1,0.298529496949671,0.2987990311153876,0.2982599627839545,0.15625381892576892,0.015384615384615385,1.0,0.11155048819920776,0.07617998154974959,0.09386523487447868,0.08047736070477471,0,0,0.04693261743723934,0.040238680352387354,0,0,0,0
P07,V7_video2_pocaluz,poca_luz,390,12.99915309446254,1,0.2955223632678852,0.29530261626746734,0.2957421102683031,0.15761920261178142,0.015345268542199489,1.0,0.02652721186254825,0.059013004965411286,0.04277010841397977,0.25125241363184964,0,0,0.021385054206989884,0.12562620681592482,0,0,0,0
P07,V7_video2_pocaluz,poca_luz,391,13.032484256243213,1,0.29422261571811925,0.29520009244290574,0.2932451389933328,0.15677298293016298,0.015306122448979591,1.0,0.07136065627130417,0.10508495561329223,0.0882228059422982,0.5025279567308191,0,0,0.0441114029711491,0.25126397836540953,0,0,0,0
P07,V7_video2_pocaluz,poca_luz,392,13.065815418023886,1,0.29650619938953826,0.2964846700476668,0.2965277287314097,0.15687038086669994,0.015267175572519083,1.0,0.011950981523043414,0.04045708798288972,0.026204034752966565,0.476602202859167,0,0,0.013102017376483283,0.2383011014295835,0,0,0,0
P07,V7_video2_pocaluz,poca_luz,393,13.099146579804561,1,0.29444859868915096,0.2947299220225918,0.29416727535571013,0.15691183770015354,0.015228426395939087,1.0,0.062362214821713,0.0803865628737448,0.0713743888477289,0.2777204549476057,0,0,0.03568719442386445,0.13886022747380286,0,0,0,0
P07,V7_video2_pocaluz,poca_luz,394,13.132477741585234,1,0.29714539771104215,0.29750845299834866,0.29678234242373563,0.15677185696234436,0.015189873417721518,1.0,0.0468023938209835,0.017671146363216428,0.032236770092099964,0.2584190943034826,0,0,0.016118385046049982,0.1292095471517413,0,0,0,0
P07,V7_video2_pocaluz,poca_luz,395,13.165808903365907,1,0.29505652326978066,0.29427583856824935,0.29583720797131197,0.15708539395097482,0.015151515151515152,1.0,0.04630972477155881,0.06809716621428752,0.057203445492923166,0.13983928198130552,0,0,0.028601722746461583,0.06991964099065276,0,0,0,0
P07,V7_video2_pocaluz,poca_luz,396,13.19914006514658,1,0.2954096152639779,0.29183032147698396,0.2989889090509718,0.15762361419613416,0.015113350125944584,1.0,0.25532434818436656,0.04086551324716681,0.14809493071576668,0.03499197075292372,0,0,0.07404746535788334,0.01749598537646186,0,0,0,0
P07,V7_video2_pocaluz,poca_luz,397,13.232471226927252,1,0.2933774313157819,0.29067192666743735,0.2960829359641265,0.156954610360604,0.01507537688442211,1.0,0.03492890725743425,0.2591389100696446,0.14703390866353944,0.09476718700155438,0,0,0.07351695433176972,0.04738359350077719,0,0,0,0
P07,V7_video2_pocaluz,poca_luz,398,13.265802388707925,1,0.2931449307688122,0.29164504600581154,0.29464481553181293,0.15701253220188277,0.015037593984962405,1.0,0.12076287908656647,0.10128379688558031,0.11102333798607339,0.13648852788287605,0,0,0.055511668993036695,0.06824426394143802,0,0,0,0
P07,V7_video2_pocaluz,poca_luz,399,13.2991335504886,1,0.29245138218816547,0.2915983049293742,0.29330445944695666,0.1567745714866689,0.015,1.0,0.03302005034285327,0.05751334588313106,0.045266698112992165,0.1572303133510971,0,0,0.022633349056496083,0.07861515667554855,0,0,0,0
P07,V7_video2_pocaluz,poca_luz,400,13.332464712269273,1,0.2928635724358678,0.292319136599134,0.2934080082726016,0.1576015005045861,0.014962593516209476,1.0,0.08919400150991141,0.022406313633547836,0.055800157571729625,0.11407435881676424,0,0,0.027900078785864812,0.05703717940838212,0,0,0,0
P07,V7_video2_pocaluz,poca_luz,401,13.365795874049946,1,0.29389001285254196,0.2945699553977753,0.2932100703073086,0.1564454667689185,0.014925373134328358,1.0,0.03696590783147957,0.25154954291219755,0.14425772537183856,0.050819719964179416,0,0,0.07212886268591928,0.025409859982089708,0,0,0,0
P07,V7_video2_pocaluz,poca_luz,402,13.399127035830618,1,0.2947788417779956,0.2961079408527426,0.2934497427032487,0.15698326539570182,0.01488833746898263,1.0,0.022215015894810897,0.08905180165551851,0.055633408775164706,0.051935891085141704,0,0,0.027816704387582353,0.025967945542570852,0,0,0,0
P07,V7_video2_pocaluz,poca_luz,403,13.432458197611291,1,0.29397217896385397,0.29498243418511894,0.292961923742589,0.15686336326793654,0.01485148514851485,1.0,0.02017594200301931,0.43974402761060927,0.2299599848068143,0.05809654182527182,0,0,0.11497999240340714,0.02904827091263591,0,0,0,0
P07,V7_video2_pocaluz,poca_luz,404,13.465789359391966,1,0.2970245594413832,0.2976424440477634,0.296406674835003,0.15688569502029295,0.014814814814814815,1.0,0.04031145472133335,0.10257989564031011,0.07144567518082173,0.025400056196539633,0,0,0.035722837590410866,0.012700028098269816,0,0,0,0
P07,V7_video2_pocaluz,poca_luz,405,13.499120521172639,1,0.2926895236483345,0.2929926594257318,0.2923863878709372,0.15719419349092356,0.014778325123152709,1.0,0.015062487663944468,0.33552829399081663,0.17529539082738055,0.06454502013623112,0,0,0.08764769541369027,0.03227251006811556,0,0,0,0
P07,V7_video2_pocaluz,poca_luz,406,13.532451682953312,1,0.293176634823047,0.2941749752547391,0.2921782943913549,0.1561745683701683,0.014742014742014743,1.0,0.020455503708340594,0.28589543954003727,0.15317547162418893,0.0772499003388702,0,0,0.07658773581209447,0.0386249501694351,0,0,0,0
P07,V7_video2_pocaluz,poca_luz,407,13.565782844733985,1,0.2948368142849387,0.29583958217393336,0.29383404639594396,0.1566140683453899,0.014705882352941176,1.0,0.02911926217704619,0.06620350359739158,0.047661382887218884,0.04116860317610047,0,0,0.023830691443609442,0.020584301588050236,0,0,0,0
P07,V7_video2_pocaluz,poca_luz,408,13.599114006514657,1,0.2959650298999821,0.2961757904061479,0.2957542693938163,0.15692738899412706,0.014669926650366748,1.0,0.02885450738095119,0.08661414717338156,0.057734327277166375,0.04506174827377426,0,0,0.028867163638583188,0.02253087413688713,0,0,0,0
P07,V7_video2_pocaluz,poca_luz,409,13.63244516829533,1,0.2945092433828038,0.2947084197977925,0.2943100669678151,0.15697893769617763,0.014634146341463415,1.0,0.08187152948735699,0.19560304964748754,0.13873728956742226,0.013986544698162675,0,0,0.06936864478371113,0.006993272349081338,0,0,0,0
P07,V7_video2_pocaluz,poca_luz,410,13.665776330076005,1,0.2964744398082141,0.2978515557900761,0.29509732382635206,0.1566665952100484,0.014598540145985401,1.0,0.031129877168878384,0.06862737996777646,0.04987862856832742,0.02476656634575666,0,0,0.02493931428416371,0.01238328317287833,0,0,0,0
P07,V7_video2_pocaluz,poca_luz,411,13.699107491856678,1,0.29459771790739536,0.29532362415990804,0.2938718116548827,0.15768058905481414,0.014563106796116505,1.0,0.030120661483974853,0.03200549866408442,0.031063080074029636,0.0266529457426248,0,0,0.015531540037014818,0.0133264728713124,0,0,0,0
P07,V7_video2_pocaluz,poca_luz,412,13.73243865363735,1,0.29344633689712707,0.29435281756060805,0.29253985623364614,0.15647994647790453,0.014527845036319613,1.0,0.01403712535342061,0.0990775174930687,0.056557321423244655,0.015691920241687335,0,0,0.028278660711622328,0.007845960120843667,0,0,0,0
P07,V7_video2_pocaluz,poca_luz,413,13.765769815418023,1,0.2937512030499619,0.29497884334393004,0.2925235627559937,0.1568324093725493,0.014492753623188406,1.0,0.04696180252799509,0.10467959614618416,0.07582069933708963,0.01665846156053327,0,0,0.03791034966854481,0.008329230780266634,0,0,0,0
P07,V7_video2_pocaluz,poca_luz,414,13.799100977198696,1,0.29239713964085445,0.2929382195030137,0.2918560597786952,0.1567185820877062,0.014457831325301205,1.0,0.041464328944988416,0.07324765572619507,0.05735599233559174,0.06910659401976656,0,0,0.02867799616779587,0.03455329700988328,0,0,0,0
P07,V7_video2_pocaluz,poca_luz,415,13.832432138979371,1,0.29287238396426346,0.29186055303114267,0.29388421489738425,0.1564000959579151,0.014423076923076924,1.0,0.1316854984839937,0.24926596986929594,0.19047573417664482,0.038398269540018175,0,0,0.09523786708832241,0.019199134770009087,0,0,0,0
P07,V7_video2_pocaluz,poca_luz,416,13.865763300760044,1,0.29057047640231704,0.289111196849476,0.29202975595515807,0.15725418723269888,0.014388489208633094,1.0,0.01457579652245422,0.05362362924150821,0.034099712881981215,0.047542054448113144,0,0,0.017049856440990607,0.023771027224056572,0,0,0,0
P07,V7_video2_pocaluz,poca_luz,417,13.899094462540717,1,0.2920120245059028,0.2908831943976424,0.29314085461416317,0.15643163862384465,0.014354066985645933,1.0,0.026727256217599527,0.05518764925667108,0.0409574527371353,0.04933091539612147,0,0,0.02047872636856765,0.024665457698060736,0,0,0,0
P07,V7_video2_pocaluz,poca_luz,418,13.93242562432139,1,0.29485747492773373,0.29377115829444944,0.2959437915610181,0.1565679862368405,0.014319809069212411,1.0,0.03382223682385266,0.03496500251858781,0.03439361967122023,0.06012292162498164,0,0,0.017196809835610116,0.03006146081249082,0,0,0,0
P07,V7_video2_pocaluz,poca_luz,419,13.965756786102062,1,0.29627407076047085,0.2962625358434784,0.29628560567746326,0.15701169942303697,0.014285714285714285,1.0,0.07138593976041785,0.020755927112104278,0.04607093343626106,0.15047023449237,0,0,0.02303546671813053,0.075235117246185,0,0,0,0
P07,V7_video2_pocaluz,poca_luz,420,13.999087947882735,1,0.2967327518119174,0.2972670115263025,0.2961984920975323,0.15675481080533535,0.014251781472684086,1.0,0.3063606747181258,0.03783408613272066,0.17209738042542322,0.518554677365141,0,0,0.08604869021271161,0.2592773386825705,0,0,0,0
P07,V7_video2_pocaluz,poca_luz,421,14.03241910966341,1,0.2950166241360681,0.2949454586625603,0.29508778960957593,0.15671382994759803,0.014218009478672985,1.0,0.10983755133005413,0.03910175514009773,0.07446965323507593,0.5195869058094311,0,0,0.037234826617537964,0.25979345290471556,0,0,0,0
P07,V7_video2_pocaluz,poca_luz,422,14.065750271444083,1,0.2916971603180353,0.29170874605527825,0.29168557458079225,0.1564114319433175,0.014184397163120567,1.0,0.046433913299301244,0.12798413303056488,0.08720902316493306,0.3933674383425814,0,0,0.04360451158246653,0.1966837191712907,0,0,0,0
P07,V7_video2_pocaluz,poca_luz,423,14.099081433224756,1,0.29754487315965406,0.29715754086712687,0.2979322054521812,0.15675364732931626,0.014150943396226415,1.0,0.03393845430544806,0.024551849181909335,0.0292451517436787,0.17395367821672336,0,0,0.01462257587183935,0.08697683910836168,0,0,0,0
P07,V7_video2_pocaluz,poca_luz,424,14.132412595005428,1,0.29926810130872455,0.2981596547572662,0.3003765478601829,0.15694410305958856,0.01411764705882353,1.0,0.024742593226487752,0.05821399404083771,0.04147829363366273,0.09151078079756068,0,0,0.020739146816831366,0.04575539039878034,0,0,0,0
P07,V7_video2_pocaluz,poca_luz,425,14.165743756786101,1,0.2965054579549994,0.2961113365742816,0.2968995793357172,0.15678897341263615,0.014084507042253521,1.0,0.045132745497982296,0.019991022533529135,0.032561884015755715,0.09651751660036943,0,0,0.016280942007877858,0.048258758300184716,0,0,0,0
P07,V7_video2_pocaluz,poca_luz,426,14.199074918566776,1,0.2943847896741661,0.29478303915784343,0.29398654019048875,0.1565089544335444,0.01405152224824356,1.0,0.168185242466119,0.045530065312103574,0.10685765388911128,0.051056301168390716,0,0,0.05342882694455564,0.025528150584195358,0,0,0,0
P07,V7_video2_pocaluz,poca_luz,427,14.232406080347449,1,0.29370300443568,0.2944140269210073,0.29299198195035264,0.1563117850694755,0.014018691588785047,1.0,0.23666813866045178,0.01941711915650468,0.12804262890847823,0.06640880599327353,0,0,0.06402131445423911,0.03320440299663677,0,0,0,0
P07,V7_video2_pocaluz,poca_luz,428,14.265737242128122,1,0.29598617104289293,0.2959326474982559,0.29603969458753,0.15573236907062335,0.013986013986013986,1.0,0.2888871188098693,0.10895148160277202,0.19891930020632065,0.15402170945201882,0,0,0.09945965010316032,0.07701085472600941,0,0,0,0
P07,V7_video2_pocaluz,poca_luz,429,14.299068403908795,1,0.2935379357296624,0.2930261731420452,0.2940496983172796,0.15671932109659886,0.013953488372093023,1.0,0.057944162926262144,0.11248796555785989,0.08521606424206102,0.11442369414629656,0,0,0.04260803212103051,0.05721184707314828,0,0,0,0
P07,V7_video2_pocaluz,poca_luz,430,14.332399565689467,1,0.2942407155249042,0.29417236864272533,0.2943090624070831,0.15685641392408628,0.013921113689095127,1.0,0.29549973103525795,0.10231907255808703,0.1989094017966725,0.11849789162478139,0,0,0.09945470089833625,0.059248945812390694,0,0,0,0
P07,V7_video2_pocaluz,poca_luz,431,14.36573072747014,1,0.29227671221025997,0.29257397164201004,0.29197945277850995,0.15627836069203296,0.013888888888888888,1.0,0.04809277641583731,0.2020059717426066,0.12504937407922195,0.1377895826493696,0,0,0.06252468703961098,0.0688947913246848,0,0,0,0
P07,V7_video2_pocaluz,poca_luz,432,14.399061889250815,1,0.2969169887593517,0.29802027996313446,0.2958136975555689,0.15729130704979946,0.013856812933025405,1.0,0.01077402203571165,0.1720227024112826,0.09139836222349712,0.10469443416353602,0,0,0.04569918111174856,0.05234721708176801,0,0,0,0
P07,V7_video2_pocaluz,poca_luz,433,14.432393051031488,1,0.29683836472071323,0.2978917710435948,0.2957849583978316,0.15688154666488116,0.013824884792626729,1.0,0.02418741140737346,0.024829787549565885,0.024508599478469673,0.17647532817456713,0,0,0.012254299739234836,0.08823766408728356,0,0,0,0
P07,V7_video2_pocaluz,poca_luz,434,14.46572421281216,1,0.2917688644846308,0.29044946403161503,0.29308826493764656,0.15717994997773402,0.013793103448275862,1.0,0.04155612483933013,0.02124025855799494,0.031398191698662536,0.19543307620547742,0,0,0.015699095849331268,0.09771653810273871,0,0,0,0
P07,V7_video2_pocaluz,poca_luz,435,14.499055374592833,1,0.291463929754368,0.2898609897069474,0.29306686980178864,0.1572416819031934,0.013761467889908258,1.0,0.07196680091837337,0.05425628581990849,0.06311154336914093,0.4154123155923378,0,0,0.031555771684570466,0.2077061577961689,0,0,0,0
P07,V7_video2_pocaluz,poca_luz,436,14.532386536373506,1,0.2900331873464367,0.2898584556618828,0.29020791903099064,0.15693422673262356,0.013729977116704805,1.0,0.013509633939690069,0.01275817867659279,0.01313390630814143,0.4085033797992733,0,0,0.006566953154070715,0.20425168989963666,0,0,0,0
P07,V7_video2_pocaluz,poca_luz,437,14.565717698154181,1,0.29210656046322697,0.2909442779563117,0.2932688429701422,0.15675505271678522,0.0136986301369863,1.0,0.03945544853232508,0.018986761010671538,0.029221104771498307,0.15639139853805117,0,0,0.014610552385749154,0.07819569926902559,0,0,0,0
P07,V7_video2_pocaluz,poca_luz,438,14.599048859934854,1,0.29480479078628874,0.2931950224346399,0.2964145591379375,0.15652094914501097,0.01366742596810934,1.0,0.013728103135106196,0.019849936069015528,0.016789019602060862,0.44294955695013616,0,0,0.008394509801030431,0.22147477847506808,0,0,0,0
P07,V7_video2_pocaluz,poca_luz,439,14.632380021715527,1,0.2911334950254345,0.2902618284407868,0.2920051616100823,0.15644203098850146,0.013636363636363636,1.0,0.017617432147177037,0.06257767247813295,0.040097552312654994,0.15311182757249256,0,0,0.020048776156327497,0.07655591378624628,0,0,0,0
P07,V7_video2_pocaluz,poca_luz,440,14.6657111834962,1,0.2974352477214087,0.29526013795655176,0.29961035748626563,0.15627014779472287,0.013605442176870748,1.0,0.13621864281190854,0.057631555768391296,0.09692509929014992,0.11869677211249183,0,0,0.04846254964507496,0.059348386056245914,0,0,0,0
P07,V7_video2_pocaluz,poca_luz,441,14.699042345276872,1,0.2930310745433724,0.2919395836465284,0.2941225654402165,0.15638597599620455,0.013574660633484163,1.0,0.011667386091063658,0.030854337162816048,0.021260861626939853,0.11929943073609613,0,0,0.010630430813469927,0.05964971536804806,0,0,0,0
P07,V7_video2_pocaluz,poca_luz,442,14.732373507057545,1,0.2868927968922358,0.2864228084333497,0.2873627853511219,0.15619913456731574,0.013544018058690745,1.0,0.022151581274892806,0.04939577323412914,0.03577367725451097,0.14347658730769725,0,0,0.017886838627255486,0.07173829365384862,0,0,0,0
P07,V7_video2_pocaluz,poca_luz,443,14.76570466883822,1,0.28988599213714455,0.28969093259026346,0.29008105168402565,0.15577471708552246,0.013513513513513514,1.0,0.02065779793375666,0.03433760673485242,0.02749770233430454,0.1286879233831077,0,0,0.01374885116715227,0.06434396169155385,0,0,0,0
P07,V7_video2_pocaluz,poca_luz,444,14.799035830618893,1,0.2923161500932308,0.2904183757874745,0.29421392439898714,0.15610627351887918,0.01348314606741573,1.0,0.048348091928927306,0.04776011117757628,0.04805410155325179,0.06320115450901911,0,0,0.024027050776625897,0.03160057725450956,0,0,0,0
P07,V7_video2_pocaluz,poca_luz,445,14.832366992399566,1,0.29291798214032017,0.2908700901368038,0.29496587414383646,0.15662810563417373,0.013452914798206279,1.0,0.11743042275965865,0.03652735607812707,0.07697888941889286,0.12312380540979759,0,0,0.03848944470944643,0.061561902704898794,0,0,0,0
P07,V7_video2_pocaluz,poca_luz,446,14.865698154180238,1,0.2965794581280903,0.2935117387163209,0.2996471775398597,0.15696932694427773,0.013422818791946308,1.0,0.052072483975358685,0.08919471815631153,0.0706336010658351,0.032915111631857875,0,0,0.03531680053291755,0.016457555815928938,0,0,0,0
P07,V7_video2_pocaluz,poca_luz,447,14.899029315960911,1,0.29098785139587224,0.286856431958402,0.29511927083334255,0.15756449845455872,0.013392857142857142,1.0,0.10457462109724569,0.15393806808382948,0.1292563445905376,0.09020539979496241,0,0,0.0646281722952688,0.045102699897481204,0,0,0,0
P07,V7_video2_pocaluz,poca_luz,448,14.932360477741586,1,0.29119068323904185,0.2911594177267538,0.29122194875132984,0.15709758572789126,0.013363028953229399,1.0,0.061240661851857614,0.058747465983991165,0.05999406391792439,0.03484080236573987,0,0,0.029997031958962195,0.017420401182869936,0,0,0,0
P07,V7_video2_pocaluz,poca_luz,449,14.965691639522259,1,0.2942211291553232,0.2937164820226812,0.29472577628796526,0.1580519487024787,0.013333333333333334,1.0,0.03018014386054524,0.05858132229911883,0.044380733079832035,0.07734757636744932,0,0,0.022190366539916018,0.03867378818372466,0,0,0,0
P07,V7_video2_pocaluz,poca_luz,450,14.999022801302932,1,0.29133757160605134,0.28764999771622596,0.29502514549587666,0.1569134862295354,0.013303769401330377,1.0,0.0957116819381496,0.06264566509816982,0.07917867351815971,0.2721120462653627,0,0,0.03958933675907986,0.13605602313268134,0,0,0,0
P07,V7_video2_pocaluz,poca_luz,451,15.032353963083604,1,0.2935529357486047,0.2894650617363551,0.2976408097608543,0.1568072659178956,0.013303769401330377,1.0,0.024821579817705608,0.11462874788473487,0.06972516385122024,0.1853899131382075,0,0,0.03486258192561012,0.09269495656910375,0,0,0,0
P07,V7_video2_pocaluz,poca_luz,452,15.065685124864277,1,0.2921658330864978,0.29008423351776963,0.294247432655226,0.15646372640217576,0.013303769401330377,1.0,0.017307619657668583,0.043030703018541505,0.030169161338105044,0.3121416354964825,0,0,0.015084580669052522,0.15607081774824125,0,0,0,0
P07,V7_video2_pocaluz,poca_luz,453,15.09901628664495,1,0.29136605887012285,0.2896865881784333,0.2930455295618124,0.15665283616616998,0.013303769401330377,1.0,0.007468995314832028,0.10810598553105188,0.057787490422941956,0.3169293102833285,0,0,0.028893745211470978,0.15846465514166425,0,0,0,0
P07,V7_video2_pocaluz,poca_luz,454,15.132347448425625,1,0.2929423450754123,0.29083142749535756,0.295053262655467,0.15672261196427306,0.013303769401330377,1.0,0.002956980401159992,0.020072702960850397,0.011514841681005195,0.4157393142152458,0,0,0.005757420840502597,0.2078696571076229,0,0,0,0
P07,V7_video2_pocaluz,poca_luz,455,15.165678610206298,1,0.2950094409892201,0.2943930447093926,0.29562583726904756,0.15662982997168218,0.013303769401330377,1.0,0.029877327946892906,0.06424214102954195,0.04705973448821743,0.24347663949235968,0,0,0.023529867244108715,0.12173831974617984,0,0,0,0
P07,V7_video2_pocaluz,poca_luz,456,15.19900977198697,1,0.2913071355356285,0.29081660924740893,0.29179766182384803,0.1561664318336832,0.013303769401330377,1.0,0.02473816369899129,0.16213627734489122,0.09343722052194126,0.24377787369269055,0,0,0.04671861026097063,0.12188893684634527,0,0,0,0
P07,V7_video2_pocaluz,poca_luz,457,15.232340933767643,1,0.2937936580704196,0.29309839444260516,0.2944889216982341,0.1565856494403723,0.013303769401330377,1.0,0.03970920178043813,0.20600690420058265,0.12285805299051039,0.22045985602466392,0,0,0.061429026495255196,0.11022992801233196,0,0,0,0
P07,V7_video2_pocaluz,poca_luz,458,15.265672095548316,1,0.2928645378447772,0.2925377273911131,0.29319134829844123,0.1574881352237828,0.013303769401330377,1.0,0.06949351963434092,0.0997052544892113,0.08459938706177611,0.16959198237699383,0,0,0.042299693530888055,0.08479599118849691,0,0,0,0
P07,V7_video2_pocaluz,poca_luz,459,15.299003257328991,1,0.2933753997878852,0.2908553438848376,0.2958954556909328,0.15753434687814252,0.013303769401330377,1.0,0.05430973590159305,0.04020237089664047,0.04725605339911676,0.15942797787964408,0,0,0.02362802669955838,0.07971398893982204,0,0,0,0
P07,V7_video2_pocaluz,poca_luz,460,15.332334419109664,1,0.2942442508923238,0.29168003204817555,0.29680846973647207,0.15804646925467966,0.013303769401330377,1.0,0.2711723854254351,0.04597353809354188,0.15857296175948848,0.17810752584536454,0,0,0.07928648087974424,0.08905376292268227,0,0,0,0
P07,V7_video2_pocaluz,poca_luz,461,15.365665580890337,1,0.29830230371654154,0.2951865240441229,0.30141808338896015,0.1580384894738766,0.013303769401330377,1.0,0.09800144291159474,0.17985929258484135,0.13893036774821804,0.16954875686613097,0,0,0.06946518387410902,0.08477437843306548,0,0,0,0
P07,V7_video2_pocaluz,poca_luz,462,15.39899674267101,1,0.2965794002392602,0.2958950546343619,0.29726374584415854,0.1571920521989836,0.013303769401330377,1.0,0.00860758912721793,0.06507844077173375,0.03684301494947584,0.19967057511854608,0,0,0.01842150747473792,0.09983528755927304,0,0,0,0
P07,V7_video2_pocaluz,poca_luz,463,15.432327904451682,1,0.2975133294972445,0.29825346015850224,0.2967731988359868,0.15897222743998468,0.013303769401330377,1.0,0.07671333199378483,0.1344402243630215,0.10557677817840316,0.06298580504438539,0,0,0.05278838908920158,0.031492902522192695,0,0,0,0
P07,V7_video2_pocaluz,poca_luz,464,15.465659066232355,1,0.2997992503894009,0.2996192810659374,0.2999792197128644,0.15912039447403917,0.013303769401330377,1.0,0.009025980122915334,0.19390309246378956,0.10146453629335245,0.11570418589464883,0,0,0.050732268146676224,0.057852092947324414,0,0,0,0
P07,V7_video2_pocaluz,poca_luz,465,15.49899022801303,1,0.29595556337884943,0.2945397154644332,0.29737141129326566,0.15949062471395803,0.013303769401330377,1.0,0.019523291312310564,0.24089887404661536,0.13021108267946296,0.08040515920019281,0,0,0.06510554133973148,0.040202579600096405,0,0,0,0
P07,V7_video2_pocaluz,poca_luz,466,15.532321389793703,1,0.29660501760046176,0.2956862283797952,0.2975238068211283,0.15993569512085767,0.013303769401330377,1.0,0.01864127920331693,0.14376093891961894,0.08120110906146794,0.0691018548285574,0,0,0.04060055453073397,0.0345509274142787,0,0,0,0
P07,V7_video2_pocaluz,poca_luz,467,15.565652551574376,1,0.29621768849525637,0.29600383908916333,0.2964315379013494,0.15926255813968773,0.013303769401330377,1.0,0.04350607914309934,0.12438983227756506,0.0839479557103322,0.05821192880532278,0,0,0.0419739778551661,0.02910596440266139,0,0,0,0
P07,V7_video2_pocaluz,poca_luz,468,15.598983713355048,1,0.2936673083371922,0.2932923930476665,0.29404222362671784,0.15946568585439277,0.013303769401330377,1.0,0.01874632044888047,0.24390628190548624,0.13132630117718336,0.029681714282587954,0,0,0.06566315058859168,0.014840857141293977,0,0,0,0
P07,V7_video2_pocaluz,poca_luz,469,15.632314875135721,1,0.2958605537328949,0.2950466715547039,0.29667443591108583,0.15938538986497655,0.013303769401330377,1.0,0.06793647975153594,0.08240835365044685,0.0751724167009914,0.08412992330317483,0,0,0.0375862083504957,0.042064961651587414,0,0,0,0
P07,V7_video2_pocaluz,poca_luz,470,15.665646036916396,1,0.29665110790371646,0.2955431838398287,0.2977590319676042,0.1588695240403924,0.013303769401330377,1.0,0.04542542019142359,0.14439124405037695,0.09490833212090027,0.05906340140487722,0,0,0.04745416606045014,0.02953170070243861,0,0,0,0
P07,V7_video2_pocaluz,poca_luz,471,15.698977198697069,1,0.2973828203793583,0.2971344396409366,0.29763120111778,0.15758071794568684,0.013303769401330377,1.0,0.00557185583982045,0.09123832589369585,0.04840509086675815,0.04258619855782396,0,0,0.024202545433379075,0.02129309927891198,0,0,0,0
P07,V7_video2_pocaluz,poca_luz,472,15.732308360477742,1,0.29654902537257766,0.29731931758766883,0.2957787331574865,0.15734692434142114,0.013303769401330377,1.0,0.0061664987904772595,0.16806745057441796,0.08711697468244761,0.10861975856311847,0,0,0.043558487341223806,0.05430987928155923,0,0,0,0
P07,V7_video2_pocaluz,poca_luz,473,15.765639522258414,1,0.29729022322342546,0.29711973656130336,0.2974607098855476,0.15825913805403066,0.013303769401330377,1.0,0.007434535009797294,0.1043449836254734,0.055889759317635346,0.03437090491776158,0,0,0.027944879658817673,0.01718545245888079,0,0,0,0
P07,V7_video2_pocaluz,poca_luz,474,15.798970684039087,1,0.2960584370269873,0.2965436185948294,0.29557325545914515,0.15773761319347832,0.013303769401330377,1.0,0.0030531033727519974,0.14573976090780294,0.07439643214027747,0.043396827042595905,0,0,0.037198216070138734,0.021698413521297952,0,0,0,0
P07,V7_video2_pocaluz,poca_luz,475,15.83230184581976,1,0.2987696908461462,0.29805176743735673,0.29948761425493564,0.15805153257553667,0.013303769401330377,1.0,0.002120036682543569,0.02953756718891032,0.015828801935726944,0.05775254956734591,0,0,0.007914400967863472,0.028876274783672953,0,0,0,0
P07,V7_video2_pocaluz,poca_luz,476,15.865633007600435,1,0.2980694227074169,0.2977647286689183,0.29837411674591546,0.1577598993723843,0.013303769401330377,1.0,0.002815068016740363,0.032212811447566714,0.01751393973215354,0.03247362300815958,0,0,0.00875696986607677,0.01623681150407979,0,0,0,0
P07,V7_video2_pocaluz,poca_luz,477,15.898964169381108,1,0.29800292415867713,0.2970950255883864,0.29891082272896785,0.1572878131331084,0.013303769401330377,1.0,0.03268087328785085,0.03325139346848627,0.03296613337816856,0.05475262420106764,0,0,0.01648306668908428,0.02737631210053382,0,0,0,0
P07,V7_video2_pocaluz,poca_luz,478,15.93229533116178,1,0.29754248792297844,0.2964096588890022,0.2986753169569546,0.15726792477221802,0.013303769401330377,1.0,0.03675946946965358,0.09753674330479079,0.06714810638722218,0.052515149640100886,0,0,0.03357405319361109,0.026257574820050443,0,0,0,0
P07,V7_video2_pocaluz,poca_luz,479,15.965626492942453,1,0.29794952954516596,0.29743716571273165,0.2984618933776003,0.1564320762093761,0.013303769401330377,1.0,0.017130162704251273,0.07188211850182935,0.04450614060304031,0.1489692686230626,0,0,0.022253070301520156,0.0744846343115313,0,0,0,0
P07,V7_video2_pocaluz,poca_luz,480,15.998957654723126,1,0.2966191929414004,0.2958692271290627,0.297369158753738,0.15715308350606305,0.013303769401330377,1.0,0.023118709503267998,0.05019766207224574,0.03665818578775687,0.2752608347381571,0,0,0.018329092893878435,0.13763041736907855,0,0,0,0
P07,V7_video2_pocaluz,poca_luz,481,16.0322888165038,1,0.2958074966329407,0.29489072959442936,0.29672426367145205,0.15710689780083997,0.013303769401330377,1.0,0.07869894175522807,0.13495548227316645,0.10682721201419726,0.15391290219589007,0,0,0.05341360600709863,0.07695645109794504,0,0,0,0
P07,V7_video2_pocaluz,poca_luz,482,16.065619978284474,1,0.2902860663331476,0.28825289477875804,0.2923192378875371,0.15677144041156998,0.013303769401330377,1.0,0.0048725405611644845,0.08924499320705548,0.04705876688410998,0.23442029499535846,0,0,0.02352938344205499,0.11721014749767923,0,0,0,0
P07,V7_video2_pocaluz,poca_luz,483,16.098951140065147,1,0.2898007403324184,0.28829798242694926,0.29130349823788765,0.15638275269134666,0.013303769401330377,1.0,0.1424508318962997,0.28031186181925216,0.21138134685777593,0.06095347909727836,0,0,0.10569067342888797,0.03047673954863918,0,0,0,0
P07,V7_video2_pocaluz,poca_luz,484,16.13228230184582,1,0.2945903399183091,0.2934075122648606,0.29577316757175753,0.15554578683535816,0.013303769401330377,1.0,0.08181145849014326,0.09752159217617629,0.08966652533315977,0.1569208118955837,0,0,0.04483326266657989,0.07846040594779186,0,0,0,0
P07,V7_video2_pocaluz,poca_luz,485,16.165613463626492,1,0.2909523775308561,0.2913164114448871,0.2905883436168251,0.15627912714857373,0.013303769401330377,1.0,0.026724775545150625,0.09758834003547734,0.06215655779031398,0.12113098787592483,0,0,0.03107827889515699,0.060565493937962414,0,0,0,0
P07,V7_video2_pocaluz,poca_luz,486,16.198944625407165,1,0.29552444632316816,0.2938186535319596,0.29723023911437674,0.15591712729798635,0.013303769401330377,1.0,0.02414955208525882,0.13166987823792542,0.07790971516159212,0.09505014397542096,0,0,0.03895485758079606,0.04752507198771048,0,0,0,0
P07,V7_video2_pocaluz,poca_luz,487,16.232275787187838,1,0.29454936589266295,0.29368564901499766,0.29541308277032824,0.1561364155942373,0.013303769401330377,1.0,0.010990948591897753,0.034164744702913086,0.02257784664740542,0.09148691875059363,0,0,0.01128892332370271,0.045743459375296815,0,0,0,0
P07,V7_video2_pocaluz,poca_luz,488,16.26560694896851,1,0.2915578136626238,0.2888812815684028,0.2942343457568447,0.15598162955138167,0.013303769401330377,1.0,0.00955243567437225,0.050419902426661944,0.029986169050517097,0.10750775503198226,0,0,0.014993084525258549,0.05375387751599113,0,0,0,0
P07,V7_video2_pocaluz,poca_luz,489,16.298938110749187,1,0.2894855255619142,0.28714565020399435,0.29182540091983405,0.15664263456520264,0.013303769401330377,1.0,0.05900947011926383,0.13730382212335168,0.09815664612130776,0.10322328575765034,0,0,0.04907832306065388,0.05161164287882517,0,0,0,0
P07,V7_video2_pocaluz,poca_luz,490,16.33226927252986,1,0.2903613740079794,0.2903676574290977,0.2903550905868611,0.15766276803419357,0.013303769401330377,1.0,0.016182733923613357,0.10504671087301742,0.06061472239831539,0.10790514174214484,0,0,0.030307361199157695,0.05395257087107242,0,0,0,0
P07,V7_video2_pocaluz,poca_luz,491,16.365600434310533,1,0.2890253225926128,0.2884067627459997,0.2896438824392259,0.15755557736608372,0.013303769401330377,1.0,0.05183787257366812,0.11938836162607247,0.0856131170998703,0.07118740276769617,0,0,0.04280655854993515,0.035593701383848084,0,0,0,0
P07,V7_video2_pocaluz,poca_luz,492,16.398931596091206,1,0.28679151424798976,0.2859742350683672,0.28760879342761225,0.15733275462740434,0.013303769401330377,1.0,0.06349075397428683,0.2741209064970086,0.1688058302356477,0.034799464860661565,0,0,0.08440291511782386,0.017399732430330783,0,0,0,0
P07,V7_video2_pocaluz,poca_luz,493,16.43226275787188,1,0.2931355498606628,0.2915566745366725,0.2947144251846532,0.15713681460124515,0.013303769401330377,1.0,0.02393239381701706,0.04340057838769551,0.033666486102356286,0.07048369127766459,0,0,0.016833243051178143,0.03524184563883229,0,0,0,0
P07,V7_video2_pocaluz,poca_luz,494,16.46559391965255,1,0.290285933518062,0.28947868588336667,0.29109318115275723,0.15704174819926417,0.013303769401330377,1.0,0.023904234542845404,0.10780835151557377,0.06585629302920959,0.05034093540142048,0,0,0.032928146514604795,0.02517046770071024,0,0,0,0
P07,V7_video2_pocaluz,poca_luz,495,16.498925081433224,1,0.29160628926886634,0.2898758062909832,0.29333677224674953,0.1571098176482018,0.013303769401330377,1.0,0.11378714973569004,0.037557117551825225,0.07567213364375763,0.10051648388328087,0,0,0.03783606682187882,0.050258241941640434,0,0,0,0
P07,V7_video2_pocaluz,poca_luz,496,16.532256243213897,1,0.29512020899169744,0.29275716691336673,0.2974832510700282,0.15699683732921216,0.013303769401330377,1.0,0.008259344139657232,0.2882216121364737,0.14824047813806546,0.061983855988247634,0,0,0.07412023906903273,0.030991927994123817,0,0,0,0
P07,V7_video2_pocaluz,poca_luz,497,16.56558740499457,1,0.2979519963354629,0.2945935202880557,0.3013104723828701,0.15660424353069693,0.013303769401330377,1.0,0.004735843114426652,0.027926607026323103,0.016331225070374877,0.13862969194950267,0,0,0.008165612535187439,0.06931484597475134,0,0,0,0
P07,V7_video2_pocaluz,poca_luz,498,16.598918566775243,1,0.29856248697741516,0.2959174382830917,0.3012075356717387,0.1570939553669907,0.013303769401330377,1.0,0.031541520975604254,0.00756242507069238,0.019551973023148317,0.08543268686642329,0,0,0.009775986511574158,0.042716343433211644,0,0,0,0
P07,V7_video2_pocaluz,poca_luz,499,16.632249728555916,1,0.2999966074527586,0.2984728871550856,0.3015203277504316,0.15755211971232533,0.013303769401330377,1.0,0.01435096539658054,0.06806016748281396,0.04120556643969725,0.22402548218582255,0,0,0.020602783219848625,0.11201274109291127,0,0,0,0
P07,V7_video2_pocaluz,poca_luz,500,16.665580890336592,1,0.3005547576816836,0.299031076646351,0.3020784387170163,0.15713378338163586,0.013303769401330377,1.0,0.10451272943801682,0.04187690134228095,0.07319481539014888,0.11340769393190855,0,0,0.03659740769507444,0.05670384696595428,0,0,0,0
P07,V7_video2_pocaluz,poca_luz,501,16.698912052117265,1,0.3013336501719427,0.29952011968342007,0.30314718066046537,0.15720187547069503,0.013303769401330377,1.0,0.010095627233559279,0.021329086947860842,0.01571235709071006,0.05052516076179356,0,0,0.00785617854535503,0.02526258038089678,0,0,0,0
P07,V7_video2_pocaluz,poca_luz,502,16.732243213897938,1,0.30083730639382955,0.30016006874174966,0.30151454404590944,0.156962755841443,0.013303769401330377,1.0,0.0071223998262633925,0.012119861403684595,0.009621130614973994,0.06593250990236876,0,0,0.004810565307486997,0.03296625495118438,0,0,0,0
P07,V7_video2_pocaluz,poca_luz,503,16.76557437567861,1,0.29962948016524293,0.3003661521267791,0.2988928082037068,0.15709458456821565,0.013303769401330377,1.0,0.007762772608188029,0.24304391385585955,0.1254033432320238,0.6341505839933235,0,0,0.0627016716160119,0.31707529199666173,0,0,0,0
P07,V7_video2_pocaluz,poca_luz,504,16.798905537459284,1,0.3022779463781127,0.30142735014770283,0.3031285426085226,0.15669245929950448,0.013303769401330377,1.0,0.0198149167161783,0.023256564743627695,0.021535740729902997,0.19823753896386553,0,0,0.010767870364951498,0.09911876948193277,0,0,0,0
P07,V7_video2_pocaluz,poca_luz,505,16.832236699239957,1,0.30011598302952314,0.29942686494792464,0.30080510111112163,0.15749893030451964,0.013303769401330377,1.0,0.07449503160025306,0.08049855267936601,0.07749679213980953,0.03812285066793228,0,0,0.03874839606990477,0.01906142533396614,0,0,0,0
P07,V7_video2_pocaluz,poca_luz,506,16.86556786102063,1,0.29787541952014784,0.29662035468155856,0.2991304843587372,0.1572742291224783,0.013303769401330377,1.0,0.026256129776466408,0.009723488178365325,0.017989808977415866,0.05331904994888735,0,0,0.008994904488707933,0.026659524974443675,0,0,0,0
P07,V7_video2_pocaluz,poca_luz,507,16.898899022801302,1,0.2891334610720637,0.2886185845264573,0.2896483376176702,0.1570435269978301,0.013303769401330377,1.0,0.024704467093619842,0.07372542474710142,0.04921494592036063,0.036548086742159494,0,0,0.024607472960180315,0.018274043371079747,0,0,0,0
P07,V7_video2_pocaluz,poca_luz,508,16.932230184581975,1,0.21287453616478458,0.2140614304820531,0.21168764184751607,0.15702139414539054,0.013303769401330377,1.0,0.15778630346922218,0.2568534029171735,0.20731985319319784,0.030662788378088144,0,0,0.10365992659659892,0.015331394189044072,0,0,0,0
P07,V7_video2_pocaluz,poca_luz,509,16.965561346362648,1,0.08649016108610934,0.08521036230304642,0.08776995986917226,0.1585141702580181,0.015521064301552107,1.0,0.130914452706683,0.3819050900148463,0.25640977136076465,0.01649320978977092,1,0,0.6282048856803824,0.00824660489488546,1,0,1,0
P07,V7_video2_pocaluz,poca_luz,510,16.99889250814332,1,0.06979286246729652,0.06740093793537538,0.07218478699921765,0.15752815932761938,0.017738359201773836,1.0,0.20514611866195986,0.19711013027853996,0.2011281244702499,0.23868657000183638,1,0,0.6005640622351249,0.11934328500091819,1,0,1,0
P07,V7_video2_pocaluz,poca_luz,511,17.032223669923997,1,0.08196173195055738,0.08193064215585921,0.08199282174525555,0.15845221761519296,0.019955654101995565,1.0,0.2972570465777903,0.2917623859417965,0.2945097162597934,0.34951113487140206,1,0,0.6472548581298967,0.17475556743570103,1,0,1,0
P07,V7_video2_pocaluz,poca_luz,512,17.06555483170467,1,0.17400116798709653,0.18336761977425436,0.16463471619993866,0.15755336214863283,0.019955654101995565,1.0,0.21863550779575114,0.18766153680613085,0.203148522300941,0.349088114105383,0,0,0.1015742611504705,0.1745440570526915,0,0,0,0
P07,V7_video2_pocaluz,poca_luz,513,17.098885993485343,1,0.2085515002782406,0.21075285223917034,0.20635014831731088,0.15694429652823308,0.019955654101995565,1.0,0.15637318677792322,0.046355593069043244,0.10136438992348323,0.2424388793798169,0,0,0.05068219496174162,0.12121943968990845,0,0,0,0
P07,V7_video2_pocaluz,poca_luz,514,17.132217155266016,1,0.23317915014277488,0.23410719992790122,0.23225110035764854,0.15681770514223814,0.019955654101995565,1.0,0.2085560183742483,0.0674267924060773,0.1379914053901628,0.1446790494252762,0,0,0.0689957026950814,0.0723395247126381,0,0,0,0
P07,V7_video2_pocaluz,poca_luz,515,17.16554831704669,1,0.2542790808894969,0.25277249480464287,0.25578566697435096,0.15673513208540496,0.019955654101995565,1.0,0.09684667376690281,0.06958827142230484,0.08321747259460383,0.11015657089371571,0,0,0.04160873629730191,0.055078285446857854,0,0,0,0
P07,V7_video2_pocaluz,poca_luz,516,17.19887947882736,1,0.2642467600446219,0.2619613558670935,0.2665321642221502,0.15609319990320214,0.019955654101995565,1.0,0.04519894108887723,0.09390358329204473,0.06955126219046098,0.14771426991726247,0,0,0.03477563109523049,0.07385713495863123,0,0,0,0
P07,V7_video2_pocaluz,poca_luz,517,17.232210640608034,1,0.2688377273145163,0.26537498521643826,0.2723004694125943,0.15659207687774507,0.019955654101995565,1.0,0.06033216770680694,0.3219919140312615,0.1911620408690342,0.15412026012139685,0,0,0.0955810204345171,0.07706013006069842,0,0,0,0
P07,V7_video2_pocaluz,poca_luz,518,17.265541802388707,1,0.2711396197747614,0.26810789763260834,0.27417134191691445,0.15718240810233836,0.019955654101995565,1.0,0.0230059152702754,0.2049994559087659,0.11400268558952065,0.15223832177287955,0,0,0.057001342794760324,0.07611916088643977,0,0,0,0
P07,V7_video2_pocaluz,poca_luz,519,17.29887296416938,1,0.2778550014905315,0.27620666500100755,0.27950333798005544,0.15710624844198007,0.019955654101995565,1.0,0.02384482731065929,0.06399006325094658,0.043917445280802936,0.04930244465742181,0,0,0.021958722640401468,0.024651222328710906,0,0,0,0
P07,V7_video2_pocaluz,poca_luz,520,17.332204125950053,1,0.27771707156784753,0.2770561054346323,0.2783780377010628,0.1570301013820437,0.019955654101995565,1.0,0.0057978575050064984,0.1486768717463125,0.0772373646256595,0.2030261317286448,0,0,0.03861868231282975,0.1015130658643224,0,0,0,0
P07,V7_video2_pocaluz,poca_luz,521,17.365535287730726,1,0.28414631617860003,0.2823584264824612,0.2859342058747389,0.15685399646398696,0.019955654101995565,1.0,0.017141165046614892,0.15537746827382626,0.08625931666022058,0.08530464654188295,0,0,0.04312965833011029,0.042652323270941477,0,0,0,0
P07,V7_video2_pocaluz,poca_luz,522,17.398866449511402,1,0.2848770309105835,0.2831843938377887,0.2865696679833782,0.15728216029898684,0.019955654101995565,1.0,0.026438329609609124,0.07132527327461358,0.04888180144211135,0.07626526307799626,0,0,0.024440900721055675,0.03813263153899813,0,0,0,0
P07,V7_video2_pocaluz,poca_luz,523,17.432197611292075,1,0.28586380677641365,0.28298462834088073,0.28874298521194663,0.1578988221669753,0.019955654101995565,1.0,0.0039472323999287795,0.05808731857840621,0.031017275489167495,0.36288285231257794,0,0,0.015508637744583748,0.18144142615628897,0,0,0,0
P07,V7_video2_pocaluz,poca_luz,524,17.465528773072748,1,0.2838485903467375,0.281433034700833,0.28626414599264194,0.1582297757837674,0.019955654101995565,1.0,0.020193822465683353,0.2382733287635156,0.12923357561459947,0.13785759088119634,0,0,0.06461678780729974,0.06892879544059817,0,0,0,0
P07,V7_video2_pocaluz,poca_luz,525,17.49885993485342,1,0.282010472603477,0.2792987163177642,0.28472222888918974,0.1581502162497496,0.019955654101995565,1.0,0.06586570387761714,0.4169438250622891,0.24140476446995313,0.08651835833185387,0,0,0.12070238223497656,0.043259179165926934,0,0,0,0
P07,V7_video2_pocaluz,poca_luz,526,17.532191096634094,1,0.28347035237557894,0.280298430700003,0.28664227405115483,0.15821432800497578,0.019955654101995565,1.0,0.01788280831384681,0.3198354509014104,0.1688591296076286,0.06987183434129235,0,0,0.0844295648038143,0.034935917170646175,0,0,0,0
P07,V7_video2_pocaluz,poca_luz,527,17.565522258414767,1,0.28479443847165786,0.2819810074669622,0.2876078694763535,0.15798372151577417,0.019955654101995565,1.0,0.050949684424240305,0.22202319822036298,0.13648644132230164,0.15133496241787625,0,0,0.06824322066115082,0.07566748120893813,0,0,0,0
P07,V7_video2_pocaluz,poca_luz,528,17.59885342019544,1,0.28402908641402247,0.2813934606935034,0.2866647121345415,0.15863288465032815,0.019955654101995565,1.0,0.023016185063134742,0.07540503977415636,0.04921061241864555,0.06409943630215237,0,0,0.024605306209322775,0.032049718151076184,0,0,0,0
P07,V7_video2_pocaluz,poca_luz,529,17.632184581976112,1,0.2853001429017713,0.28320474056316997,0.28739554524037264,0.1584520021221949,0.019955654101995565,1.0,0.007125742291986037,0.15786373727773095,0.0824947397848585,0.06042298120197667,0,0,0.04124736989242925,0.030211490600988336,0,0,0,0
P07,V7_video2_pocaluz,poca_luz,530,17.665515743756785,1,0.2862425113132684,0.2838096056034648,0.288675417023072,0.15831772210123632,0.019955654101995565,1.0,0.0023989060463335266,0.1421591480544614,0.07227902705039746,0.04660739212196424,0,0,0.03613951352519873,0.02330369606098212,0,0,0,0
P07,V7_video2_pocaluz,poca_luz,531,17.698846905537458,1,0.28567290836178666,0.2829961031276957,0.28834971359587763,0.1580420491428121,0.019955654101995565,1.0,0.0025495490727268644,0.17153467875292727,0.08704211391282707,0.07952208244230248,0,0,0.043521056956413534,0.03976104122115124,0,0,0,0
P07,V7_video2_pocaluz,poca_luz,532,17.73217806731813,1,0.2871825575852345,0.2838397193595942,0.2905253958108747,0.1574508723989958,0.019955654101995565,1.0,0.0012186354751571038,0.10907273285449548,0.05514568416482629,0.04857071480064855,0,0,0.027572842082413146,0.024285357400324274,0,0,0,0
P07,V7_video2_pocaluz,poca_luz,533,17.765509229098807,1,0.28584513241241005,0.28318416726166307,0.288506097563157,0.15638401885219996,0.019955654101995565,1.0,0.006955375449319123,0.0984727713246839,0.052714073387001514,0.0648143483583041,0,0,0.026357036693500757,0.03240717417915205,0,0,0,0
P07,V7_video2_pocaluz,poca_luz,534,17.79884039087948,1,0.2852026418961732,0.2810632867119014,0.28934199708044506,0.15649558974094646,0.019955654101995565,1.0,0.002844563394959976,0.1585300016625334,0.08068728252874668,0.050161026607731286,0,0,0.04034364126437334,0.025080513303865643,0,0,0,0
P07,V7_video2_pocaluz,poca_luz,535,17.832171552660153,1,0.2829902020529275,0.2803155070098408,0.2856648970960142,0.1562658926877139,0.019955654101995565,1.0,0.020576039924528833,0.20590765335760908,0.11324184664106896,0.13187330973229358,0,0,0.05662092332053448,0.06593665486614679,0,0,0,0
P07,V7_video2_pocaluz,poca_luz,536,17.865502714440826,1,0.2846583215625984,0.281572094708254,0.2877445484169428,0.15642428815803472,0.019955654101995565,1.0,0.006156002069122035,0.2695543665226823,0.13785518429590216,0.05827388961320311,0,0,0.06892759214795108,0.029136944806601554,0,0,0,0
P07,V7_video2_pocaluz,poca_luz,537,17.8988338762215,1,0.28459543325959147,0.28133685683129284,0.28785400968789004,0.1569816797846362,0.019955654101995565,1.0,0.03313939597132032,0.12779591617652208,0.0804676560739212,0.06263554370097785,0,0,0.0402338280369606,0.031317771850488924,0,0,0,0
P07,V7_video2_pocaluz,poca_luz,538,17.93216503800217,1,0.28175497475089095,0.27973478769178584,0.2837751618099961,0.15707007120064187,0.019955654101995565,1.0,0.015134473481575594,0.1651255269235401,0.09013000020255785,0.06193347253037118,0,0,0.045065000101278924,0.03096673626518559,0,0,0,0
P07,V7_video2_pocaluz,poca_luz,539,17.965496199782844,1,0.2826486052573465,0.28020658214428085,0.2850906283704121,0.15741803627762302,0.019955654101995565,1.0,0.010450617447812949,0.12315397669094197,0.06680229706937746,0.06455434902577076,0,0,0.03340114853468873,0.03227717451288538,0,0,0,0
P07,V7_video2_pocaluz,poca_luz,540,17.998827361563517,1,0.2817827155341218,0.2785108074020077,0.285054623666236,0.15650694524185838,0.019955654101995565,1.0,0.01487207896039855,0.08535010530594256,0.050111092133170554,0.14662881100085487,0,0,0.025055546066585277,0.07331440550042743,0,0,0,0
P07,V7_video2_pocaluz,poca_luz,541,18.03215852334419,1,0.28074324418462077,0.27765796603147225,0.2838285223377693,0.1565519366637476,0.019955654101995565,1.0,0.0730101969075646,0.09882774033806685,0.08591896862281573,0.21033127406139918,0,0,0.042959484311407864,0.10516563703069959,0,0,0,0
P07,V7_video2_pocaluz,poca_luz,542,18.065489685124863,1,0.28136912226404237,0.27836334288583614,0.2843749016422486,0.1567625554332235,0.019955654101995565,1.0,0.04690995921261709,0.10421566342894417,0.07556281132078063,0.08444234565397604,0,0,0.037781405660390316,0.04222117282698802,0,0,0,0
P07,V7_video2_pocaluz,poca_luz,543,18.098820846905536,1,0.2813348653219602,0.27760735499376554,0.2850623756501549,0.1567243040677509,0.019955654101995565,1.0,0.03873645354558486,0.31324051093375194,0.1759884822396684,0.037506760481579235,0,0,0.0879942411198342,0.018753380240789617,0,0,0,0
P07,V7_video2_pocaluz,poca_luz,544,18.132152008686212,1,0.28305496637522476,0.27899666877749085,0.2871132639729587,0.15607812081901198,0.019955654101995565,1.0,0.030678928258613625,0.036274217673728404,0.033476572966171014,0.13327469889388596,0,0,0.016738286483085507,0.06663734944694298,0,0,0,0
P07,V7_video2_pocaluz,poca_luz,545,18.165483170466885,1,0.28296523643491633,0.27921675573972504,0.28671371713010757,0.1561438144884672,0.019955654101995565,1.0,0.07291835507974698,0.4097332399172178,0.24132579749848238,0.11705594522389594,0,0,0.12066289874924119,0.05852797261194797,0,0,0,0
P07,V7_video2_pocaluz,poca_luz,546,18.198814332247558,1,0.285865438226965,0.28367158461947184,0.2880592918344581,0.1557829493463096,0.019955654101995565,1.0,0.04998739904020688,0.07046424664551554,0.06022582284286121,0.11627003726770133,0,0,0.030112911421430605,0.05813501863385066,0,0,0,0
P07,V7_video2_pocaluz,poca_luz,547,18.23214549402823,1,0.2849691685064403,0.2819809596409881,0.2879573773718925,0.15662296402571074,0.019955654101995565,1.0,0.11258992768347076,0.1252633996844481,0.11892666368395943,0.050102103977274264,0,0,0.059463331841979716,0.025051051988637132,0,0,0,0
P07,V7_video2_pocaluz,poca_luz,548,18.265476655808904,1,0.2814105841561568,0.27867809918432307,0.2841430691279905,0.15703793922848602,0.019955654101995565,1.0,0.05311303574054238,0.07858927611920574,0.06585115592987406,0.04705395565282385,0,0,0.03292557796493703,0.023526977826411926,0,0,0,0
P07,V7_video2_pocaluz,poca_luz,549,18.298807817589577,1,0.28693958509521045,0.2842398540092841,0.2896393161811368,0.15587822585603517,0.019955654101995565,1.0,0.023732199880935112,0.02450394876255957,0.02411807432174734,0.04993745791662919,0,0,0.01205903716087367,0.024968728958314593,0,0,0,0
P07,V7_video2_pocaluz,poca_luz,550,18.33213897937025,1,0.28844505817715255,0.28639693018179707,0.290493186172508,0.15621806413946765,0.019955654101995565,1.0,0.008224615767018606,0.0430093738733075,0.025616994820163053,0.020824553896576118,0,0,0.012808497410081526,0.010412276948288059,0,0,0,0
P07,V7_video2_pocaluz,poca_luz,551,18.365470141150922,1,0.287758074581258,0.28480741919534097,0.290708729967175,0.15659934616019025,0.019955654101995565,1.0,0.0048420837557717755,0.1325976890895948,0.06871988642268329,0.020448926524049917,0,0,0.03435994321134164,0.010224463262024959,0,0,0,0
P07,V7_video2_pocaluz,poca_luz,552,18.398801302931595,1,0.28591042806874223,0.2822850616079038,0.2895357945295806,0.15651066186711976,0.019955654101995565,1.0,0.013657856685971748,0.07664937234846447,0.04515361451721811,0.035607213123340954,0,0,0.022576807258609055,0.017803606561670477,0,0,0,0
P07,V7_video2_pocaluz,poca_luz,553,18.432132464712268,1,0.2860756399013653,0.28402837281030213,0.28812290699242843,0.1563671542182125,0.019955654101995565,1.0,0.003799675609622022,0.3564751534075006,0.1801374145085613,0.02273543281105081,0,0,0.09006870725428065,0.011367716405525405,0,0,0,0
P07,V7_video2_pocaluz,poca_luz,554,18.46546362649294,1,0.28940054538830884,0.28836800300242466,0.2904330877741931,0.15597613179653003,0.019955654101995565,1.0,0.006019626099934117,0.15281509009314398,0.07941735809653905,0.03930617818879326,0,0,0.039708679048269524,0.01965308909439663,0,0,0,0
P07,V7_video2_pocaluz,poca_luz,555,18.498794788273617,1,0.288352524693132,0.28711949798689884,0.28958555139936515,0.15725811250112376,0.019955654101995565,1.0,0.001379500460651717,0.14878484768727596,0.07508217407396384,0.04785515354398208,0,0,0.03754108703698192,0.02392757677199104,0,0,0,0
P07,V7_video2_pocaluz,poca_luz,556,18.53212595005429,1,0.28835538638430547,0.2863341144834686,0.2903766582851423,0.15675210117557162,0.019955654101995565,1.0,0.0011888484315500936,0.11250915141920481,0.05684899992537745,0.013742410975363882,0,0,0.028424499962688726,0.006871205487681941,0,0,0,0
P07,V7_video2_pocaluz,poca_luz,557,18.565457111834963,1,0.2890744746254786,0.2857820376074347,0.29236691164352246,0.15558945645393055,0.019955654101995565,1.0,0.0026213748706448436,0.060504313112541785,0.031562843991593315,0.03289072844523701,0,0,0.015781421995796657,0.016445364222618504,0,0,0,0
P07,V7_video2_pocaluz,poca_luz,558,18.598788273615636,1,0.2897628529197151,0.28674373326636504,0.29278197257306515,0.15516602668938298,0.019955654101995565,1.0,0.0049056012284680595,0.10461273638530921,0.054759168806888636,0.04749071332212153,0,0,0.027379584403444318,0.023745356661060764,0,0,0,0
P07,V7_video2_pocaluz,poca_luz,559,18.63211943539631,1,0.2856442164288425,0.28206254569289785,0.28922588716478725,0.1555903531271054,0.019955654101995565,1.0,0.0039175541902762845,0.03384531390086143,0.018881434045568857,0.08483501157983855,0,0,0.009440717022784428,0.04241750578991928,0,0,0,0
P07,V7_video2_pocaluz,poca_luz,560,18.66545059717698,1,0.28698890111170205,0.2842704558079116,0.2897073464154925,0.15555590789828536,0.019955654101995565,1.0,0.00355880219918403,0.040257780157569645,0.021908291178376837,0.1278399177465791,0,0,0.010954145589188419,0.06391995887328955,0,0,0,0
P07,V7_video2_pocaluz,poca_luz,561,18.698781758957654,1,0.2853688944109305,0.28307165787905214,0.2876661309428089,0.15541284057379545,0.019955654101995565,1.0,0.007521084665920941,0.05359606162744257,0.030558573146681756,0.07628301868431214,0,0,0.015279286573340878,0.03814150934215607,0,0,0,0
P07,V7_video2_pocaluz,poca_luz,562,18.732112920738327,1,0.2894656057737444,0.2877742076552646,0.2911570038922242,0.1559175004036688,0.019955654101995565,1.0,0.0032600687391652894,0.013971283385123656,0.008615676062144473,0.05638084906453141,0,0,0.004307838031072236,0.028190424532265706,0,0,0,0
P07,V7_video2_pocaluz,poca_luz,563,18.765444082519,1,0.2901528785234474,0.29033463296784295,0.2899711240790518,0.15598498013682804,0.019955654101995565,1.0,0.017078744690023795,0.09674220460027183,0.05691047464514781,0.07036441531585005,0,0,0.028455237322573906,0.03518220765792503,0,0,0,0
P07,V7_video2_pocaluz,poca_luz,564,18.798775244299673,1,0.2911724308585382,0.2912710784158285,0.29107378330124795,0.15490570355140015,0.019955654101995565,1.0,0.002918226892137721,0.32611358487450337,0.16451590588332055,0.012884842280879315,0,0,0.08225795294166027,0.0064424211404396576,0,0,0,0
P07,V7_video2_pocaluz,poca_luz,565,18.832106406080346,1,0.2922424660335059,0.2945048759499149,0.2899800561170968,0.15503285147732726,0.019955654101995565,1.0,0.0014439662698364497,0.19350214673445443,0.09747305650214544,0.028333457564136508,0,0,0.04873652825107272,0.014166728782068254,0,0,0,0
P07,V7_video2_pocaluz,poca_luz,566,18.865437567861022,1,0.2943304841809039,0.2956698486858483,0.2929911196759595,0.15511763869118875,0.019955654101995565,1.0,0.022185883050782507,0.05348790432796535,0.03783689368937393,0.06229200259410651,0,0,0.018918446844686965,0.031146001297053257,0,0,0,0
P07,V7_video2_pocaluz,poca_luz,567,18.898768729641695,1,0.29114681893046657,0.2930854203482508,0.28920821751268233,0.1553567974064713,0.019955654101995565,1.0,0.010394531888249237,0.3350479813070424,0.1727212565976458,0.05613158831761275,0,0,0.0863606282988229,0.028065794158806376,0,0,0,0
P07,V7_video2_pocaluz,poca_luz,568,18.932099891422368,1,0.29112688608511506,0.2914065506819293,0.2908472214883009,0.15513255276392401,0.019955654101995565,1.0,0.027003236705447575,0.029578956414853197,0.028291096560150386,0.05743878328930098,0,0,0.014145548280075193,0.02871939164465049,0,0,0,0
P07,V7_video2_pocaluz,poca_luz,569,18.96543105320304,1,0.2922722205464278,0.2915389388071915,0.29300550228566413,0.15490501131695633,0.019955654101995565,1.0,0.04990559185500165,0.09495681335954231,0.07243120260727198,0.037907379580082695,0,0,0.03621560130363599,0.018953689790041348,0,0,0,0
P07,V7_video2_pocaluz,poca_luz,570,18.998762214983714,1,0.29064321781102687,0.2917953136068428,0.289491122015211,0.15590440447458848,0.019955654101995565,1.0,0.0012687286830007638,0.44120284944586985,0.2212357890644353,0.07920611599839261,0,0,0.11061789453221765,0.039603057999196306,0,0,0,0
P07,V7_video2_pocaluz,poca_luz,571,19.032093376764387,1,0.2909844921586633,0.2907295634593297,0.29123942085799687,0.1561390240132401,0.019955654101995565,1.0,0.007070929151700711,0.38997520241863737,0.19852306578516904,0.07703935727335978,0,0,0.09926153289258452,0.03851967863667989,0,0,0,0
P07,V7_video2_pocaluz,poca_luz,572,19.06542453854506,1,0.28857543432538546,0.28621621836922273,0.29093465028154814,0.15634752358738016,0.019955654101995565,1.0,0.006134419349234532,0.29041287112081915,0.14827364523502684,0.08325452035241432,0,0,0.07413682261751342,0.04162726017620716,0,0,0,0
P07,V7_video2_pocaluz,poca_luz,573,19.098755700325732,1,0.2883294047158381,0.28576114024257615,0.29089766918910004,0.1558894836556842,0.019955654101995565,1.0,0.03593564078476574,0.31635085800396223,0.176143249394364,0.060942398968241156,0,0,0.088071624697182,0.030471199484120578,0,0,0,0
P07,V7_video2_pocaluz,poca_luz,574,19.132086862106405,1,0.2908914365827439,0.28774716462028005,0.2940357085452078,0.15635829927311481,0.019955654101995565,1.0,0.08217745052474879,0.07309998057412159,0.07763871554943519,0.20278934846784835,0,0,0.038819357774717594,0.10139467423392418,0,0,0,0
P07,V7_video2_pocaluz,poca_luz,575,19.165418023887078,1,0.29108775843195467,0.2877425420491513,0.294432974814758,0.15614070792055307,0.019955654101995565,1.0,0.015595377675354904,0.1071350532352977,0.061365215455326305,0.29698918040856925,0,0,0.030682607727663153,0.14849459020428463,0,0,0,0
P07,V7_video2_pocaluz,poca_luz,576,19.19874918566775,1,0.29153452201640123,0.2894177336113459,0.2936513104214566,0.15548097285070134,0.019955654101995565,1.0,0.007571427423800903,0.08745159295627958,0.04751151019004024,0.3086048103633754,0,0,0.02375575509502012,0.1543024051816877,0,0,0,0
P07,V7_video2_pocaluz,poca_luz,577,19.232080347448427,1,0.2926414451612089,0.2908760474986187,0.2944068428237991,0.1549633454123949,0.019955654101995565,1.0,0.0044400440617782255,0.08143170257950116,0.042935873320639695,0.1950060026771903,0,0,0.021467936660319847,0.09750300133859514,0,0,0,0
P07,V7_video2_pocaluz,poca_luz,578,19.2654115092291,1,0.2929006032993062,0.29148434750016883,0.2943168590984435,0.15479880858631084,0.019955654101995565,1.0,0.013592829301322107,0.13695944757801148,0.0752761384396668,0.23481194968794838,0,0,0.0376380692198334,0.11740597484397419,0,0,0,0
P07,V7_video2_pocaluz,poca_luz,579,19.298742671009773,1,0.2900793901653058,0.2898913528225681,0.2902674275080435,0.15512442632937717,0.019955654101995565,1.0,0.0032480130177552358,0.07004246916061463,0.03664524108918493,0.19436872569648211,0,0,0.018322620544592466,0.09718436284824106,0,0,0,0
P07,V7_video2_pocaluz,poca_luz,580,19.332073832790446,1,0.29183660632435227,0.2899977281039446,0.2936754845447599,0.15507103156572621,0.019955654101995565,1.0,0.012030038501480322,0.04432264000788311,0.028176339254681715,0.31962531449708914,0,0,0.014088169627340857,0.15981265724854457,0,0,0,0
P07,V7_video2_pocaluz,poca_luz,581,19.36540499457112,1,0.28724677058954307,0.2858875539272206,0.2886059872518656,0.15533331580967405,0.019955654101995565,1.0,0.03548944901351481,0.024650188123762407,0.030069818568638607,0.20868670202679407,0,0,0.015034909284319303,0.10434335101339703,0,0,0,0
P07,V7_video2_pocaluz,poca_luz,582,19.39873615635179,1,0.2865416957982519,0.28547814909586094,0.28760524250064284,0.15491665691581208,0.019955654101995565,1.0,0.029323215605106867,0.029766269695087444,0.029544742650097156,0.19754028431188567,0,0,0.014772371325048578,0.09877014215594283,0,0,0,0
P07,V7_video2_pocaluz,poca_luz,583,19.432067318132464,1,0.28767796453013694,0.2871775026318333,0.28817842642844055,0.15480742580532694,0.019955654101995565,1.0,0.040308595512901446,0.09468941213632276,0.0674990038246121,0.06632411307899184,0,0,0.03374950191230605,0.03316205653949592,0,0,0,0
P07,V7_video2_pocaluz,poca_luz,584,19.465398479913137,1,0.2848678672385121,0.2844019080321655,0.2853338264448588,0.15507471967999192,0.019955654101995565,1.0,0.014851184052546818,0.07394619754851517,0.04439869080053099,0.10538335387046775,0,0,0.022199345400265497,0.052691676935233876,0,0,0,0
P07,V7_video2_pocaluz,poca_luz,585,19.49872964169381,1,0.2830851127697466,0.282475894156747,0.28369433138274625,0.15517522435387499,0.019955654101995565,1.0,0.05048371591220702,0.06254152830755022,0.05651262210987862,0.1325483238493584,0,0,0.02825631105493931,0.0662741619246792,0,0,0,0
P07,V7_video2_pocaluz,poca_luz,586,19.532060803474483,1,0.2855335127206843,0.28383448478840806,0.28723254065296056,0.15591127287089465,0.019955654101995565,1.0,0.10219475481048101,0.023894606919246497,0.06304468086486376,0.08973226562169032,0,0,0.03152234043243188,0.04486613281084516,0,0,0,0
P07,V7_video2_pocaluz,poca_luz,587,19.565391965255156,1,0.29009755044007257,0.28762208261626565,0.29257301826387944,0.15582532402082286,0.019955654101995565,1.0,0.024665818907970594,0.11505496196284148,0.06986039043540604,0.18748977325569702,0,0,0.03493019521770302,0.09374488662784851,0,0,0,0
P07,V7_video2_pocaluz,poca_luz,588,19.598723127035832,1,0.2889604175919036,0.28617902531500006,0.29174180986880716,0.15553716990831304,0.019955654101995565,1.0,0.0766567634413039,0.07976678636395917,0.07821177490263154,0.06396997400334703,0,0,0.03910588745131577,0.031984987001673515,0,0,0,0
P07,V7_video2_pocaluz,poca_luz,589,19.632054288816505,1,0.28632522818902517,0.2846161584978196,0.2880342978802307,0.15531634971725636,0.019955654101995565,1.0,0.06739416245283358,0.08085539663718189,0.07412477954500774,0.09614650330206356,0,0,0.03706238977250387,0.04807325165103178,0,0,0,0
P07,V7_video2_pocaluz,poca_luz,590,19.665385450597178,1,0.2840771800199392,0.281461418135524,0.28669294190435446,0.15551702567511463,0.019955654101995565,1.0,0.0930015190749457,0.02421652133858554,0.058609020206765616,0.05373123321572294,0,0,0.029304510103382808,0.02686561660786147,0,0,0,0
P07,V7_video2_pocaluz,poca_luz,591,19.69871661237785,1,0.28072062270115283,0.2775252323962931,0.2839160130060125,0.15607655659054334,0.019955654101995565,1.0,0.0029802760249462157,0.02521901728569076,0.014099646655318487,0.0700120059049461,0,0,0.007049823327659244,0.03500600295247305,0,0,0,0
P07,V7_video2_pocaluz,poca_luz,592,19.732047774158524,1,0.27940605042686595,0.2748255584942979,0.28398654235943394,0.15668556739460346,0.019955654101995565,1.0,0.01698222095970292,0.11047293449204543,0.06372757772587417,0.1066304380391494,0,0,0.03186378886293709,0.0533152190195747,0,0,0,0
P07,V7_video2_pocaluz,poca_luz,593,19.765378935939196,1,0.2819953818388673,0.2800474758864999,0.2839432877912347,0.15631194195859022,0.019955654101995565,1.0,0.030456539777589997,0.16575209072897468,0.09810431525328234,0.12593542706408714,0,0,0.04905215762664117,0.06296771353204357,0,0,0,0
P07,V7_video2_pocaluz,poca_luz,594,19.79871009771987,1,0.28724935286094716,0.28593034786705285,0.2885683578548415,0.1542779207487332,0.019955654101995565,1.0,0.08833403558694242,0.26806020156172616,0.1781971185743343,0.03222175422643618,0,0,0.08909855928716715,0.01611087711321809,0,0,0,0
P07,V7_video2_pocaluz,poca_luz,595,19.832041259500542,1,0.288677427173443,0.2859989987959202,0.2913558555509659,0.15470724934872698,0.019955654101995565,1.0,0.06000042451219645,0.16690375884312292,0.11345209167765968,0.04655832335209032,0,0,0.05672604583882984,0.02327916167604516,0,0,0,0
P07,V7_video2_pocaluz,poca_luz,596,19.865372421281215,1,0.28732901268688904,0.2845335759736422,0.2901244494001359,0.15482072938316294,0.019955654101995565,1.0,0.18779185254779762,0.06995538179853933,0.12887361717316848,0.04173432134176377,0,0,0.06443680858658424,0.020867160670881884,0,0,0,0
P07,V7_video2_pocaluz,poca_luz,597,19.898703583061888,1,0.25610035929440245,0.2532167443589256,0.2589839742298793,0.15457919516320784,0.019955654101995565,1.0,0.03127820677555504,0.3221793743739133,0.17672879057473417,0.04628283911994826,0,0,0.08836439528736709,0.02314141955997413,0,0,0,0
P07,V7_video2_pocaluz,poca_luz,598,19.93203474484256,1,0.18887930176470588,0.1833793535503756,0.19437924997903616,0.15509355226516,0.019955654101995565,1.0,0.1512237508634402,0.2950708889474579,0.22314731990544906,0.0376379691121672,0,0,0.11157365995272453,0.0188189845560836,0,0,0,0
P07,V7_video2_pocaluz,poca_luz,599,19.965365906623237,1,0.12204022007555304,0.12241030213178472,0.12167013801932136,0.15680797338635408,0.022172949002217297,1.0,0.07776888748798971,0.22758589418370445,0.15267739083584708,0.024815180545570217,1,0,0.5763386954179235,0.012407590272785108,1,0,0,0
P07,V7_video2_pocaluz,poca_luz,600,19.99869706840391,1,0.11562964620133635,0.12321521747466761,0.1080440749280051,0.15815600207845726,0.024390243902439025,1.0,0.10619051607350927,0.27325141711899836,0.18972096659625381,0.20745167864779088,1,0,0.5948604832981269,0.10372583932389544,1,0,1,0
P07,V7_video2_pocaluz,poca_luz,601,20.032028230184583,1,0.1363049018518827,0.14606606841353773,0.12654373529022772,0.15797781959750284,0.026607538802660754,1.0,0.26908455767512585,0.15765679328912408,0.21337067548212496,0.45301913907829927,1,0,0.6066853377410625,0.22650956953914964,1,0,1,0
P07,V7_video2_pocaluz,poca_luz,602,20.065359391965256,1,0.1907925630145666,0.19406364777419804,0.18752147825493518,0.15526066189007123,0.026607538802660754,1.0,0.054456743324566514,0.3399684665689733,0.1972126049467699,0.5103104956479394,0,0,0.09860630247338495,0.2551552478239697,0,0,0,0
P07,V7_video2_pocaluz,poca_luz,603,20.09869055374593,1,0.21402621941209232,0.21341159222767853,0.21464084659650612,0.15504286063417871,0.026607538802660754,1.0,0.1540913561117787,0.174939286017472,0.16451532106462535,0.4525103127985131,0,0,0.08225766053231268,0.22625515639925656,0,0,0,0
P07,V7_video2_pocaluz,poca_luz,604,20.1320217155266,1,0.23255517068804088,0.22835432934422709,0.23675601203185467,0.15490896859031986,0.026607538802660754,1.0,0.10505356981079295,0.3325202927236567,0.21878693126722482,0.13700103461432742,0,0,0.10939346563361241,0.06850051730716371,0,0,0,0
P07,V7_video2_pocaluz,poca_luz,605,20.165352877307274,1,0.2504073363020825,0.24433771980869753,0.25647695279546745,0.1556166354843219,0.026607538802660754,1.0,0.24144310076831332,0.09182589104311645,0.16663449590571489,0.4192011905590894,0,0,0.08331724795285744,0.2096005952795447,0,0,0,0
P07,V7_video2_pocaluz,poca_luz,606,20.198684039087947,1,0.2629477120191268,0.25630246377050175,0.26959296026775187,0.15586934120513435,0.026607538802660754,1.0,0.03795028773160625,0.4588029222502864,0.24837660499094633,0.08812942307314627,0,0,0.12418830249547316,0.04406471153657313,0,0,0,0
P07,V7_video2_pocaluz,poca_luz,607,20.23201520086862,1,0.2717216848264631,0.26649338551429286,0.27694998413863325,0.15586461851626918,0.026607538802660754,1.0,0.04001460423442549,0.10881427899810137,0.07441444161626343,0.13051146368347524,0,0,0.037207220808131714,0.06525573184173762,0,0,0,0
P07,V7_video2_pocaluz,poca_luz,608,20.265346362649293,1,0.26997292995193267,0.2647747718331507,0.2751710880707147,0.1564362755844533,0.026607538802660754,1.0,0.04064970665484169,0.23765240232863083,0.13915105449173626,0.1655638954512768,0,0,0.06957552724586813,0.0827819477256384,0,0,0,0
P07,V7_video2_pocaluz,poca_luz,609,20.298677524429966,1,0.27576161775252267,0.27533892072130334,0.276184314783742,0.15583308989476818,0.026607538802660754,1.0,0.021754776448235646,0.1845626093034154,0.10315869287582552,0.15426623089508898,0,0,0.05157934643791276,0.07713311544754449,0,0,0,0
P07,V7_video2_pocaluz,poca_luz,610,20.332008686210642,1,0.27411260216045497,0.26948477355006356,0.27874043077084637,0.1576770564421047,0.026607538802660754,1.0,0.057159528388719516,0.1713493739585562,0.11425445117363786,0.1635701061511777,0,0,0.05712722558681893,0.08178505307558885,0,0,0,0
P07,V7_video2_pocaluz,poca_luz,611,20.365339847991315,1,0.2780311026690949,0.27577819253314134,0.28028401280504844,0.15711187048886097,0.026607538802660754,1.0,0.059111835845251925,0.181694924630997,0.12040338023812447,0.1504994640745734,0,0,0.060201690119062234,0.0752497320372867,0,0,0,0
P07,V7_video2_pocaluz,poca_luz,612,20.398671009771988,1,0.2798421888054732,0.27871352802875965,0.28097084958218677,0.15534697929666147,0.026607538802660754,1.0,0.06381129451435696,0.2550987538309458,0.1594550241726514,0.22140107154237199,0,0,0.0797275120863257,0.11070053577118599,0,0,0,0
P07,V7_video2_pocaluz,poca_luz,613,20.43200217155266,1,0.28696152307379463,0.2837360690458099,0.2901869771017794,0.15815891615100505,0.026607538802660754,1.0,0.007590193149879743,0.032481421933775456,0.0200358075418276,0.27754504373527566,0,0,0.0100179037709138,0.13877252186763783,0,0,0,0
P07,V7_video2_pocaluz,poca_luz,614,20.465333333333334,1,0.2858126148175303,0.2813545086729709,0.2902707209620897,0.1589109030131259,0.026607538802660754,1.0,0.011914960215179349,0.03414426438418683,0.02302961229968309,0.09517613604512466,0,0,0.011514806149841544,0.04758806802256233,0,0,0,0
P07,V7_video2_pocaluz,poca_luz,615,20.498664495114006,1,0.28818847382396184,0.2838480413178893,0.2925289063300344,0.15798770099217477,0.026607538802660754,1.0,0.018864849977163867,0.12406571410119516,0.07146528203917951,0.09253779170355561,0,0,0.035732641019589756,0.046268895851777805,0,0,0,0
P07,V7_video2_pocaluz,poca_luz,616,20.53199565689468,1,0.2875317424914818,0.2827738814913578,0.29228960349160577,0.15725459934528646,0.026607538802660754,1.0,0.01708563009079367,0.07040694116951074,0.043746285630152204,0.07570528799752593,0,0,0.021873142815076102,0.037852643998762966,0,0,0,0
P07,V7_video2_pocaluz,poca_luz,617,20.565326818675352,1,0.286159666043465,0.28280854121854854,0.2895107908683814,0.15729974322608248,0.026607538802660754,1.0,0.011699282094370655,0.21109338529872468,0.11139633369654767,0.04751468321949459,0,0,0.05569816684827383,0.023757341609747296,0,0,0,0
P07,V7_video2_pocaluz,poca_luz,618,20.598657980456025,1,0.28649038067697985,0.2835185328406544,0.28946222851330533,0.15907377762707184,0.026607538802660754,1.0,0.009882766525231679,0.07907593950049585,0.044479353012863765,0.1040541623514851,0,0,0.022239676506431882,0.05202708117574255,0,0,0,0
P07,V7_video2_pocaluz,poca_luz,619,20.631989142236698,1,0.28461562834016785,0.2826344585258641,0.28659679815447153,0.15574366210205734,0.026607538802660754,1.0,0.010616609035533187,0.06969097935461854,0.040153794195075865,0.0985306114710542,0,0,0.020076897097537932,0.0492653057355271,0,0,0,0
P07,V7_video2_pocaluz,poca_luz,620,20.66532030401737,1,0.28459895552696113,0.2835502362688095,0.2856476747851127,0.15741911438290673,0.026607538802660754,1.0,0.02338925275499304,0.19177087739593646,0.10758006507546475,0.12268037626286664,0,0,0.053790032537732374,0.06134018813143332,0,0,0,0
P07,V7_video2_pocaluz,poca_luz,621,20.698651465798047,1,0.2833475954888106,0.28279961322994024,0.283895577747681,0.15784774375655541,0.026607538802660754,1.0,0.04526405457350591,0.1990731563308551,0.1221686054521805,0.035760103819100164,0,0,0.06108430272609025,0.017880051909550082,0,0,0,0
P07,V7_video2_pocaluz,poca_luz,622,20.73198262757872,1,0.2820933541814724,0.28142966568344724,0.2827570426794976,0.15613107600456902,0.026607538802660754,1.0,0.016708933462476594,0.2271495741305758,0.1219292537965262,0.03619062147554237,0,0,0.0609646268982631,0.018095310737771184,0,0,0,0
P07,V7_video2_pocaluz,poca_luz,623,20.765313789359393,1,0.2819927337891261,0.28057618964781905,0.28340927793043313,0.15635432293904064,0.026607538802660754,1.0,0.05299446632707183,0.14698495733760586,0.09998971183233885,0.030478668018126532,0,0,0.04999485591616942,0.015239334009063266,0,0,0,0
P07,V7_video2_pocaluz,poca_luz,624,20.798644951140066,1,0.2809360861547062,0.2800487929277708,0.28182337938164165,0.15544293600145603,0.026607538802660754,1.0,0.06384262200404323,0.157107930814938,0.11047527640949062,0.06367501100130417,0,0,0.05523763820474531,0.031837505500652084,0,0,0,0
P07,V7_video2_pocaluz,poca_luz,625,20.83197611292074,1,0.2831310415446766,0.28205916210555565,0.28420292098379757,0.1556102383943547,0.026607538802660754,1.0,0.039864100157226745,0.1781826625717079,0.10902338136446732,0.08749100530321502,0,0,0.05451169068223366,0.04374550265160751,0,0,0,0
P07,V7_video2_pocaluz,poca_luz,626,20.86530727470141,1,0.2825295994067313,0.2814518656746954,0.2836073331387672,0.15547111993853927,0.026607538802660754,1.0,0.15298116295247788,0.08247607616727581,0.11772861955987685,0.1484718293314394,0,0,0.05886430977993842,0.0742359146657197,0,0,0,0
P07,V7_video2_pocaluz,poca_luz,627,20.898638436482084,1,0.28331473343212676,0.2830692488431699,0.28356021802108367,0.15518601001097626,0.026607538802660754,1.0,0.08050464124042078,0.15484400571623003,0.1176743234783254,0.13253712596070968,0,0,0.0588371617391627,0.06626856298035484,0,0,0,0
P07,V7_video2_pocaluz,poca_luz,628,20.931969598262757,1,0.2831433669459338,0.281742741989848,0.2845439919020195,0.1558432678663719,0.026607538802660754,1.0,0.06722018400211016,0.11653055521289102,0.09187536960750059,0.19252521340691173,0,0,0.045937684803750295,0.09626260670345586,0,0,0,0
P07,V7_video2_pocaluz,poca_luz,629,20.96530076004343,1,0.2834852320910367,0.2821547933938937,0.28481567078817976,0.15545187901778815,0.026607538802660754,1.0,0.03458948065892764,0.14023221618548398,0.08741084842220581,0.056636920547879596,0,0,0.043705424211102906,0.028318460273939798,0,0,0,0
P07,V7_video2_pocaluz,poca_luz,630,20.998631921824103,1,0.2808032541051352,0.2793585101277172,0.28224799808255313,0.1543957904948327,0.026607538802660754,1.0,0.06242245353001097,0.1415264883688404,0.10197447094942569,0.1710954245696005,0,0,0.050987235474712844,0.08554771228480025,0,0,0,0
P07,V7_video2_pocaluz,poca_luz,631,21.031963083604776,1,0.28209853686893627,0.2815938958856946,0.2826031778521779,0.15423814706560315,0.026607538802660754,1.0,0.01899001198385475,0.14899163731767218,0.08399082465076346,0.21007068977689805,0,0,0.04199541232538173,0.10503534488844903,0,0,0,0
P07,V7_video2_pocaluz,poca_luz,632,21.065294245385452,1,0.28123543461672296,0.280657472355831,0.281813396877615,0.15419476263135465,0.026607538802660754,1.0,0.04608209932573626,0.3144845777350901,0.18028333853041317,0.3139888254416262,0,0,0.09014166926520659,0.1569944127208131,0,0,0,0
P07,V7_video2_pocaluz,poca_luz,633,21.098625407166125,1,0.28273292530377436,0.28232982241965565,0.283136028187893,0.15422671718151726,0.026607538802660754,1.0,0.11563282757322157,0.26749876308520815,0.19156579532921486,0.20727619719440646,0,0,0.09578289766460743,0.10363809859720323,0,0,0,0
P07,V7_video2_pocaluz,poca_luz,634,21.131956568946798,1,0.28164049450732453,0.28131194136154997,0.28196904765309916,0.15452545644322954,0.026607538802660754,1.0,0.005948000773562612,0.15226218601192743,0.07910509339274502,0.2254974276599401,0,0,0.03955254669637251,0.11274871382997005,0,0,0,0
P07,V7_video2_pocaluz,poca_luz,635,21.16528773072747,1,0.2841366255725075,0.2820752806499463,0.2861979704950687,0.15515493182245912,0.026607538802660754,1.0,0.0041053941323609955,0.14151228061149856,0.07280883737192978,0.1882505366236628,0,0,0.03640441868596489,0.0941252683118314,0,0,0,0
P07,V7_video2_pocaluz,poca_luz,636,21.198618892508144,1,0.28257241206324024,0.28035459286260433,0.28479023126387615,0.15571737033485913,0.026607538802660754,1.0,0.019328836839769936,0.02429170597626218,0.021810271408016058,0.10995791697872334,0,0,0.010905135704008029,0.05497895848936167,0,0,0,0
P07,V7_video2_pocaluz,poca_luz,637,21.231950054288816,1,0.2819839394075615,0.2814670743122547,0.28250080450286824,0.15508777592912046,0.026607538802660754,1.0,0.01176134850823074,0.03997694325590462,0.02586914588206768,0.16213857695660566,0,0,0.01293457294103384,0.08106928847830283,0,0,0,0
P07,V7_video2_pocaluz,poca_luz,638,21.26528121606949,1,0.28032864245760997,0.2793506667211813,0.2813066181940386,0.15475079219506233,0.026607538802660754,1.0,0.00282004243145062,0.11217871608868502,0.05749937926006782,0.08119781518701708,0,0,0.02874968963003391,0.04059890759350854,0,0,0,0
P07,V7_video2_pocaluz,poca_luz,639,21.298612377850162,1,0.27969613078819944,0.2793082768973528,0.28008398467904605,0.15494821518952942,0.026607538802660754,1.0,0.0237477546756526,0.14214126778908343,0.08294451123236801,0.18883220872754414,0,0,0.041472255616184006,0.09441610436377207,0,0,0,0
P07,V7_video2_pocaluz,poca_luz,640,21.331943539630835,1,0.28122773113673905,0.2797621830991781,0.28269327917430004,0.15553383790093164,0.026607538802660754,1.0,0.017390325099172932,0.08858285861285498,0.052986591856013954,0.014913009967564365,0,0,0.026493295928006977,0.0074565049837821825,0,0,0,0
P07,V7_video2_pocaluz,poca_luz,641,21.365274701411508,1,0.28366108289128444,0.2792317730241919,0.28809039275837695,0.15585644128308795,0.026607538802660754,1.0,0.13134630992360263,0.03003077578991975,0.08068854285676119,0.055373198226448456,0,0,0.040344271428380596,0.027686599113224228,0,0,0,0
P07,V7_video2_pocaluz,poca_luz,642,21.39860586319218,1,0.28491368200894274,0.2804901965306563,0.2893371674872292,0.156190378685219,0.026607538802660754,1.0,0.02123869235730924,0.028260081085870192,0.024749386721589717,0.08687645870504274,0,0,0.012374693360794858,0.04343822935252137,0,0,0,0
P07,V7_video2_pocaluz,poca_luz,643,21.431937024972857,1,0.28487103650249745,0.2791478800770652,0.29059419292792976,0.15669493388597855,0.026607538802660754,1.0,0.018882911550837544,0.039268122299488506,0.029075516925163025,0.05160618600174698,0,0,0.014537758462581513,0.02580309300087349,0,0,0,0
P07,V7_video2_pocaluz,poca_luz,644,21.46526818675353,1,0.28857978812912843,0.28406447188259865,0.2930951043756582,0.15689322062062291,0.026607538802660754,1.0,0.0048292106861528294,0.017615270083578438,0.011222240384865634,0.05413555429459172,0,0,0.005611120192432817,0.02706777714729586,0,0,0,0
P07,V7_video2_pocaluz,poca_luz,645,21.498599348534203,1,0.2873125152056586,0.2828958248530686,0.29172920555824866,0.1565769653382731,0.026607538802660754,1.0,0.012279352296578172,0.037423130789185355,0.024851241542881763,0.06753607518569879,0,0,0.012425620771440882,0.033768037592849395,0,0,0,0
P07,V7_video2_pocaluz,poca_luz,646,21.531930510314876,1,0.28923397895781133,0.28483857196665513,0.2936293859489675,0.1581072915716936,0.026607538802660754,1.0,0.008643013437479197,0.015265285325181455,0.011954149381330326,0.0669373302116613,0,0,0.005977074690665163,0.03346866510583065,0,0,0,0
P07,V7_video2_pocaluz,poca_luz,647,21.56526167209555,1,0.28809373134379757,0.28494767784932024,0.2912397848382749,0.15627667657011746,0.026607538802660754,1.0,0.013906164371465968,0.14677636695280039,0.08034126566213318,0.035472657388623166,0,0,0.04017063283106659,0.017736328694311583,0,0,0,0
P07,V7_video2_pocaluz,poca_luz,648,21.59859283387622,1,0.2859498270323946,0.28195958180484876,0.28994007225994045,0.15760631039636466,0.026607538802660754,1.0,0.03572548494674321,0.07544008713132055,0.055582786039031884,0.06957255861697166,0,0,0.027791393019515942,0.03478627930848583,0,0,0,0
P07,V7_video2_pocaluz,poca_luz,649,21.631923995656894,1,0.28513215861950736,0.2811668873771144,0.28909742986190035,0.15518058567366785,0.026607538802660754,1.0,0.028110213845430887,0.05124979607580171,0.0396800049606163,0.02807381268615964,0,0,0.01984000248030815,0.01403690634307982,0,0,0,0
P07,V7_video2_pocaluz,poca_luz,650,21.665255157437567,1,0.2870677959283303,0.2831655827031437,0.290970009153517,0.1556430347262153,0.026607538802660754,1.0,0.017033393330238233,0.021321215092373502,0.019177304211305868,0.027085306298995564,0,0,0.009588652105652934,0.013542653149497782,0,0,0,0
P07,V7_video2_pocaluz,poca_luz,651,21.69858631921824,1,0.2861674102572771,0.28252660531762386,0.2898082151969304,0.1558982607055665,0.026607538802660754,1.0,0.017346680478121046,0.12009701086191449,0.06872184567001777,0.03208060823664577,0,0,0.034360922835008884,0.016040304118322884,0,0,0,0
P07,V7_video2_pocaluz,poca_luz,652,21.731917480998913,1,0.28702094665166233,0.2832228788644263,0.2908190144388984,0.15583854732331356,0.026607538802660754,1.0,0.0177624446606085,0.03074638358847559,0.024254414124542045,0.038853649715115325,0,0,0.012127207062271023,0.019426824857557663,0,0,0,0
P07,V7_video2_pocaluz,poca_luz,653,21.765248642779586,1,0.2855924543182883,0.28173489613484465,0.28945001250173186,0.15569071817428054,0.026607538802660754,1.0,0.056461829891357174,0.04365295330788954,0.05005739159962336,0.0396019705900181,0,0,0.02502869579981168,0.01980098529500905,0,0,0,0
P07,V7_video2_pocaluz,poca_luz,654,21.798579804560262,1,0.28718531877266695,0.28392194602514986,0.290448691520184,0.15615180904499912,0.026607538802660754,1.0,0.04014816478887184,0.22949760500666083,0.13482288489776634,0.09291881486609331,0,0,0.06741144244888317,0.046459407433046655,0,0,0,0
P07,V7_video2_pocaluz,poca_luz,655,21.831910966340935,1,0.2880758842892999,0.2842565429640914,0.2918952256145084,0.1563391149761314,0.026607538802660754,1.0,0.039587573227174766,0.07871873723323786,0.05915315523020631,0.11130248394479564,0,0,0.029576577615103156,0.05565124197239782,0,0,0,0
P07,V7_video2_pocaluz,poca_luz,656,21.865242128121608,1,0.29521154608821787,0.2913397738259478,0.29908331835048796,0.15705098031030296,0.026607538802660754,1.0,0.25569808142439576,0.14342095651708575,0.19955951897074076,0.14341252118840717,0,0,0.09977975948537038,0.07170626059420358,0,0,0,0
P07,V7_video2_pocaluz,poca_luz,657,21.89857328990228,1,0.2924699291492566,0.2882469302616242,0.29669292803688907,0.15868157986885822,0.026607538802660754,1.0,0.06540608733997078,0.08224237291513059,0.07382423012755068,0.06764916127542807,0,0,0.03691211506377534,0.033824580637714034,0,0,0,0
P07,V7_video2_pocaluz,poca_luz,658,21.931904451682954,1,0.2939350837422233,0.28999313638950935,0.29787703109493724,0.15799052653904966,0.026607538802660754,1.0,0.03367109666232038,0.04188311976347281,0.03777710821289659,0.1409451053249668,0,0,0.018888554106448296,0.0704725526624834,0,0,0,0
P07,V7_video2_pocaluz,poca_luz,659,21.965235613463626,1,0.2915477873299004,0.2883651131820358,0.29473046147776505,0.1597671345767217,0.026607538802660754,1.0,0.019614053157453903,0.09408857225793077,0.056851312707692336,0.10361847655296283,0,0,0.028425656353846168,0.051809238276481415,0,0,0,0
P07,V7_video2_pocaluz,poca_luz,660,21.9985667752443,1,0.284567116799455,0.2822644818640797,0.28686975173483026,0.15643587315820795,0.026607538802660754,1.0,0.03977254496254623,0.29755826513556627,0.16866540504905625,0.02706886923716399,0,0,0.08433270252452812,0.013534434618581994,0,0,0,0
P07,V7_video2_pocaluz,poca_luz,661,22.031897937024972,1,0.2833906349346707,0.28201384217933656,0.28476742769000485,0.15606780681536928,0.026607538802660754,1.0,0.0338337929479251,0.1296817235974176,0.08175775827267134,0.06801108143642894,0,0,0.04087887913633567,0.03400554071821447,0,0,0,0
P07,V7_video2_pocaluz,poca_luz,662,22.065229098805645,1,0.28118698545831283,0.28017446652243005,0.2821995043941956,0.1562949288871597,0.026607538802660754,1.0,0.0067565765300575675,0.3955891773451753,0.20117287693761643,0.06411953480713291,0,0,0.10058643846880821,0.032059767403566454,0,0,0,0
P07,V7_video2_pocaluz,poca_luz,663,22.098560260586318,1,0.2812461667759273,0.2777085418067806,0.284783791745074,0.1569106652930643,0.026607538802660754,1.0,0.03303718307443693,0.26744263695698645,0.1502399100157117,0.07732321479697404,0,0,0.07511995500785584,0.03866160739848702,0,0,0,0
P07,V7_video2_pocaluz,poca_luz,664,22.13189142236699,1,0.2854201929422985,0.2823495719484824,0.2884908139361146,0.15724993285878602,0.026607538802660754,1.0,0.03262955455002603,0.23380611384658978,0.1332178341983079,0.03407644314263891,0,0,0.06660891709915395,0.017038221571319456,0,0,0,0
P07,V7_video2_pocaluz,poca_luz,665,22.165222584147667,1,0.28817488891710996,0.2869840191704193,0.28936575866380054,0.1563632088802229,0.026607538802660754,1.0,0.09948048685764466,0.18784033196869765,0.14366040941317115,0.04934120312237261,0,0,0.07183020470658558,0.024670601561186306,0,0,0,0
P07,V7_video2_pocaluz,poca_luz,666,22.19855374592834,1,0.2789829890927292,0.27937358194869333,0.27859239623676507,0.15586790322511765,0.026607538802660754,1.0,0.07155130770145746,0.21776257844200053,0.144656943071729,0.07783912744072938,0,0,0.0723284715358645,0.03891956372036469,0,0,0,0
P07,V7_video2_pocaluz,poca_luz,667,22.231884907709013,1,0.27933979537556286,0.277587648564234,0.2810919421868917,0.15667435887284403,0.026607538802660754,1.0,0.0114357105905607,0.14777504693577548,0.07960537876316809,0.025703997046984447,0,0,0.039802689381584044,0.012851998523492223,0,0,0,0
P07,V7_video2_pocaluz,poca_luz,668,22.265216069489686,1,0.2814804230175087,0.2811970130980152,0.2817638329370022,0.15631534238935457,0.026607538802660754,1.0,0.004588966726544075,0.1206727484034762,0.06263085756501013,0.05487770634399398,0,0,0.03131542878250507,0.02743885317199699,0,0,0,0
P07,V7_video2_pocaluz,poca_luz,669,22.29854723127036,1,0.2852314779618993,0.28659976147914584,0.2838631944446528,0.15528987442557937,0.026607538802660754,1.0,0.09275579135788026,0.12515713929856576,0.108956465328223,0.06991910816329867,0,0,0.0544782326641115,0.03495955408164934,0,0,0,0
P07,V7_video2_pocaluz,poca_luz,670,22.33187839305103,1,0.28498054465906675,0.28412257722663886,0.2858385120914946,0.15513483374119894,0.026607538802660754,1.0,0.021657833112504576,0.051197897304974815,0.036427865208739696,0.035971208060495204,0,0,0.018213932604369848,0.017985604030247602,0,0,0,0
P07,V7_video2_pocaluz,poca_luz,671,22.365209554831704,1,0.2843775677925114,0.2818206181466232,0.2869345174383996,0.15589446335433532,0.026607538802660754,1.0,0.03255750568941518,0.19262636378217446,0.11259193473579482,0.10141280215844733,0,0,0.05629596736789741,0.05070640107922367,0,0,0,0
P07,V7_video2_pocaluz,poca_luz,672,22.398540716612377,1,0.282881428107818,0.2828211974804638,0.28294165873517224,0.15553251950532973,0.026607538802660754,1.0,0.016599824163000987,0.4158463176695931,0.21622307091629706,0.07975621646703661,0,0,0.10811153545814853,0.039878108233518304,0,0,0,0
P07,V7_video2_pocaluz,poca_luz,673,22.43187187839305,1,0.2848013299310037,0.28404032431729176,0.2855623355447156,0.15638728796206017,0.026607538802660754,1.0,0.006136966560127188,0.10574249944714642,0.055939733003636805,0.08386336374416484,0,0,0.027969866501818402,0.04193168187208242,0,0,0,0
P07,V7_video2_pocaluz,poca_luz,674,22.465203040173723,1,0.2853548808150963,0.2850514954056833,0.28565826622450935,0.15595170232416902,0.026607538802660754,1.0,0.0006969426297318559,0.11001049803696661,0.05535372033334923,0.12453986111066175,0,0,0.027676860166674616,0.06226993055533087,0,0,0,0
P07,V7_video2_pocaluz,poca_luz,675,22.498534201954396,1,0.28276775103940366,0.2818953567313255,0.28364014534748183,0.15562906166961665,0.026607538802660754,1.0,0.007470006362344184,0.05131540400673895,0.029392705184541568,0.055053045365163325,0,0,0.014696352592270784,0.027526522682581663,0,0,0,0
P07,V7_video2_pocaluz,poca_luz,676,22.531865363735072,1,0.28406959959254674,0.2839044554900686,0.2842347436950249,0.1556172329209015,0.026607538802660754,1.0,0.007506682961349154,0.24940992836273823,0.1284583056620437,0.023180733892101162,0,0,0.06422915283102185,0.011590366946050581,0,0,0,0
P07,V7_video2_pocaluz,poca_luz,677,22.565196525515745,1,0.2836146104166002,0.28451649288130904,0.2827127279518914,0.1554501749372488,0.026607538802660754,1.0,0.006056035128412129,0.2316470690121567,0.11885155207028442,0.07875924138155527,0,0,0.05942577603514221,0.039379620690777634,0,0,0,0
P07,V7_video2_pocaluz,poca_luz,678,22.598527687296418,1,0.2844111531593867,0.2855040601873751,0.28331824613139833,0.15592591214748316,0.026607538802660754,1.0,0.015282734730285519,0.08988564498629048,0.052584189858288,0.033285431402333386,0,0,0.026292094929144,0.016642715701166693,0,0,0,0
P07,V7_video2_pocaluz,poca_luz,679,22.63185884907709,1,0.2897223464977762,0.28869361162235857,0.2907510813731937,0.15567334235689095,0.026607538802660754,1.0,0.00630328631424748,0.21859716291807973,0.11245022461616361,0.23978976940003227,0,0,0.056225112308081804,0.11989488470001614,0,0,0,0
P07,V7_video2_pocaluz,poca_luz,680,22.665190010857764,1,0.2879855680332378,0.28578607434314024,0.2901850617233354,0.1558347507863624,0.026607538802660754,1.0,0.017032842456308095,0.13016452017448588,0.07359868131539699,0.12189181027774226,0,0,0.03679934065769849,0.06094590513887113,0,0,0,0
P07,V7_video2_pocaluz,poca_luz,681,22.698521172638436,1,0.29021012594167145,0.2886915796902945,0.2917286721930484,0.15564721610750368,0.026607538802660754,1.0,0.01737756155686143,0.1262169407644821,0.07179725116067176,0.06596690607455928,0,0,0.03589862558033588,0.03298345303727964,0,0,0,0
P07,V7_video2_pocaluz,poca_luz,682,22.73185233441911,1,0.28935925045332433,0.2878178217147059,0.29090067919194285,0.1554233131244074,0.026607538802660754,1.0,0.03017613854771417,0.20991993354566407,0.12004803604668912,0.07054552534095981,0,0,0.06002401802334456,0.03527276267047991,0,0,0,0
P07,V7_video2_pocaluz,poca_luz,683,22.765183496199782,1,0.28772478719013317,0.28705694022815215,0.28839263415211425,0.15691811331765868,0.026607538802660754,1.0,0.015552048530838691,0.05655237075028463,0.03605220964056166,0.16780297998300062,0,0,0.01802610482028083,0.08390148999150031,0,0,0,0
P07,V7_video2_pocaluz,poca_luz,684,22.798514657980455,1,0.28503986859683783,0.2826897751612086,0.2873899620324671,0.1578017500527393,0.026607538802660754,1.0,0.022978659863304496,0.16238044201673207,0.09267955094001828,0.05325697429487362,0,0,0.04633977547000914,0.02662848714743681,0,0,0,0
P07,V7_video2_pocaluz,poca_luz,685,22.831845819761128,1,0.2869641622028811,0.28537201791823563,0.28855630648752667,0.15626490319911,0.026607538802660754,1.0,0.0028033373086503444,0.16473916326605698,0.08377125028735366,0.046326701750692034,0,0,0.04188562514367683,0.023163350875346017,0,0,0,0
P07,V7_video2_pocaluz,poca_luz,686,22.8651769815418,1,0.29026485972940097,0.2880943624048978,0.2924353570539041,0.15698695053169154,0.026607538802660754,1.0,0.009102865141791816,0.19217529022152569,0.10063907768165875,0.10372293544279249,0,0,0.050319538840829375,0.05186146772139624,0,0,0,0
P07,V7_video2_pocaluz,poca_luz,687,22.898508143322477,1,0.2903912031545801,0.2875667007259613,0.29321570558319887,0.15612893841668668,0.026607538802660754,1.0,0.016354811644722855,0.1727923147197883,0.09457356318225557,0.06097989069290753,0,0,0.047286781591127786,0.030489945346453766,0,0,0,0
P07,V7_video2_pocaluz,poca_luz,688,22.93183930510315,1,0.2921687700387998,0.28983955842867537,0.29449798164892427,0.1560167091245938,0.026607538802660754,1.0,0.0066648417624624035,0.0468888471521256,0.026776844457294002,0.1261894395061084,0,0,0.013388422228647001,0.0630947197530542,0,0,0,0
P07,V7_video2_pocaluz,poca_luz,689,22.965170466883823,1,0.2951342305702535,0.292255919094585,0.29801254204592204,0.15679339940210615,0.026607538802660754,1.0,0.01583972573572634,0.12710195317459283,0.07147083945515958,0.03145647327210044,0,0,0.03573541972757979,0.01572823663605022,0,0,0,0
P07,V7_video2_pocaluz,poca_luz,690,22.998501628664496,1,0.297916221837246,0.2954265141145905,0.30040592955990153,0.15773507675053122,0.026607538802660754,1.0,0.07248086966205192,0.10316543260074995,0.08782315113140093,0.1599697422254744,0,0,0.04391157556570047,0.0799848711127372,0,0,0,0
P07,V7_video2_pocaluz,poca_luz,691,23.03183279044517,1,0.3007182752538228,0.3000274516214688,0.3014090988861768,0.15761558328366493,0.026607538802660754,1.0,0.0018067678456271663,0.21670175734658492,0.10925426259610604,0.08445215230239077,0,0,0.05462713129805302,0.042226076151195384,0,0,0,0
P07,V7_video2_pocaluz,poca_luz,692,23.06516395222584,1,0.30302571409682294,0.30388569413043837,0.3021657340632075,0.15717679567934797,0.026607538802660754,1.0,0.0210602156513493,0.049089259959925635,0.03507473780563747,0.06579812541924852,0,0,0.017537368902818734,0.03289906270962426,0,0,0,0
P07,V7_video2_pocaluz,poca_luz,693,23.098495114006514,1,0.30627585927609446,0.30404175978458503,0.30850995876760395,0.15722539509943967,0.026607538802660754,1.0,0.009724002432809797,0.054240163846552614,0.031982083139681206,0.24356683169290994,0,0,0.015991041569840603,0.12178341584645497,0,0,0,0
P07,V7_video2_pocaluz,poca_luz,694,23.131826275787187,1,0.3100337457308193,0.30921480730414974,0.31085268415748896,0.15914205657804772,0.026607538802660754,1.0,0.0029828558428826035,0.09109972691300672,0.04704129137794466,0.12121463254303821,0,0,0.02352064568897233,0.06060731627151911,0,0,0,0
P07,V7_video2_pocaluz,poca_luz,695,23.16515743756786,1,0.3063118741562202,0.3034991939312187,0.30912455438122166,0.15998199393835033,0.026607538802660754,1.0,0.007850992109108001,0.17822910092346889,0.09304004651628844,0.07292420591162148,0,0,0.04652002325814422,0.03646210295581074,0,0,0,0
P07,V7_video2_pocaluz,poca_luz,696,23.198488599348533,1,0.30843840326832384,0.3074550645645369,0.3094217419721108,0.15914186125565066,0.026607538802660754,1.0,0.0058293947560988935,0.17080835801489536,0.08831887638549712,0.072605235002948,0,0,0.04415943819274856,0.036302617501474,0,0,0,0
P07,V7_video2_pocaluz,poca_luz,697,23.231819761129206,1,0.3131250566207278,0.3105841009987519,0.31566601224270374,0.16178126491177428,0.026607538802660754,1.0,0.005357242913860749,0.01920649245604955,0.01228186768495515,0.0699809031790603,0,0,0.006140933842477575,0.03499045158953015,0,0,0,0
P07,V7_video2_pocaluz,poca_luz,698,23.265150922909882,1,0.30513650552422006,0.3039338555692422,0.30633915547919793,0.1606463961089092,0.026607538802660754,1.0,0.01565444664643023,0.15920357285940123,0.08742900975291573,0.07797669611452183,0,0,0.043714504876457866,0.03898834805726092,0,0,0,0
P07,V7_video2_pocaluz,poca_luz,699,23.298482084690555,1,0.2937780954195803,0.29406637809919023,0.2934898127399703,0.15890691756965775,0.026607538802660754,1.0,0.14494029290288946,0.08569930295550998,0.11531979792919972,0.06334449850805313,0,0,0.05765989896459986,0.03167224925402656,0,0,0,0
P07,V7_video2_pocaluz,poca_luz,700,23.331813246471228,1,0.25718218918780067,0.25941408480399814,0.25495029357160315,0.15875423051035378,0.026607538802660754,1.0,0.048880596318919944,0.17370627687746143,0.11129343659819069,0.05253026524167238,0,0,0.055646718299095344,0.02626513262083619,0,0,0,0
P07,V7_video2_pocaluz,poca_luz,701,23.3651444082519,1,0.1395885755963694,0.14987839800945268,0.1292987531832861,0.15965846460457034,0.028824833702882482,1.0,0.20217939843511679,0.4030180703295897,0.30259873438235324,0.035695444565759245,1,0,0.6512993671911766,0.017847722282879622,1,0,1,0
P07,V7_video2_pocaluz,poca_luz,702,23.398475570032574,1,0.04879018730816771,0.04687656677017649,0.05070380784615893,0.16090337911460517,0.031042128603104215,1.0,0.08499824857352878,0.5564472810051335,0.32072276478933115,0.06068584638731394,1,0,0.6603613823946656,0.03034292319365697,1,0,1,0
P07,V7_video2_pocaluz,poca_luz,703,23.431806731813246,1,0.042628348654333195,0.03436383926698159,0.0508928580416848,0.16136033220800075,0.03325942350332594,1.0,0.23149913000507116,0.2835662964839405,0.25753271324450583,0.14994877516245103,1,0,0.6287663566222529,0.07497438758122552,1,0,1,0
P07,V7_video2_pocaluz,poca_luz,704,23.46513789359392,1,0.03305198528959179,0.022591563673476225,0.04351240690570735,0.1609261031262581,0.03547671840354767,1.0,0.22477447492020097,0.2551387149906371,0.23995659495541904,0.07323993612579358,1,0,0.6199782974777095,0.03661996806289679,1,0,1,0
P07,V7_video2_pocaluz,poca_luz,705,23.498469055374592,1,0.037174810832728195,0.02261341280822112,0.05173620885723526,0.16208389983842092,0.037694013303769404,1.0,0.49345362715877805,0.650425876056514,0.5719397516076461,0.171787262346287,1,0,0.785969875803823,0.0858936311731435,1,0,1,0
P07,V7_video2_pocaluz,poca_luz,706,23.531800217155265,1,0.03596848104439978,0.023483960262577163,0.04845300182622239,0.16221969002929834,0.03991130820399113,1.0,0.21003494646275878,0.32988308593567905,0.2699590161992189,0.0814483252719067,1,0,0.6349795080996095,0.04072416263595335,1,0,1,0
P07,V7_video2_pocaluz,poca_luz,707,23.565131378935938,1,0.03160922353833989,0.0191583329059207,0.044060114170759085,0.1618384319762452,0.04212860310421286,1.0,0.24517946881058938,0.2663083391700738,0.2557439039903316,0.027074238322331468,1,0,0.6278719519951658,0.013537119161165734,1,0,1,0
P07,V7_video2_pocaluz,poca_luz,708,23.59846254071661,1,0.03311228090262742,0.02103412667610224,0.04519043512915259,0.16135661748027125,0.04434589800443459,1.0,0.5337324270157455,0.16115814720271093,0.34744528710922823,0.08877202686609198,1,0,0.6737226435546141,0.04438601343304599,1,0,1,0
P07,V7_video2_pocaluz,poca_luz,709,23.631793702497287,1,0.024090369271452774,0.012486061544080447,0.0356946769988251,0.16008141513899302,0.04656319290465632,1.0,0.24034782387025988,0.19473366234972356,0.21754074310999172,0.09168376938219078,1,0,0.6087703715549959,0.04584188469109539,1,0,1,0
P07,V7_video2_pocaluz,poca_luz,710,23.66512486427796,1,0.023324327342941282,0.01352875436732954,0.033119900318553025,0.16125558158612488,0.04878048780487805,1.0,0.3763620079235981,0.265209911290081,0.32078595960683953,0.10364611642327547,1,0,0.6603929798034198,0.05182305821163773,1,0,1,0
P07,V7_video2_pocaluz,poca_luz,711,23.698456026058633,1,0.023768545236968808,0.012146002940268907,0.03539108753366871,0.16033148935516822,0.050997782705099776,1.0,0.13794048258617686,0.14595314812606808,0.14194681535612247,0.08173444439328592,1,0,0.5709734076780613,0.04086722219664296,1,0,0,0
P07,V7_video2_pocaluz,poca_luz,712,23.731787187839306,1,0.02346470545760859,0.011610823633516539,0.03531858728170064,0.16043040923998758,0.05321507760532151,1.0,0.40666614391871114,0.2502390572455254,0.3284526005821183,0.08123654623891681,1,0,0.6642263002910591,0.040618273119458405,1,0,1,0
P07,V7_video2_pocaluz,poca_luz,713,23.76511834961998,1,0.02315074076449859,0.011410321180277195,0.03489116034871998,0.1603612860862673,0.05543237250554324,1.0,0.4055278069599936,0.10343081765376771,0.25447931230688065,0.05752618037512029,1,0,0.6272396561534404,0.028763090187560146,1,0,1,0
P07,V7_video2_pocaluz,poca_luz,714,23.79844951140065,1,0.019730875642942014,0.009948647790912162,0.029513103494971864,0.1602899373513746,0.057649667405764965,1.0,0.31020353461158634,0.5048972888261812,0.4075504117188838,0.020918340288671646,1,0,0.7037752058594419,0.010459170144335823,1,0,1,0
P07,V7_video2_pocaluz,poca_luz,715,23.831780673181324,1,0.01953370287278702,0.01016724303593575,0.02890016270963829,0.159888909063839,0.0598669623059867,1.0,0.3310646137169698,0.38259197836023395,0.3568282960386019,0.05671206086950753,1,0,0.6784141480193009,0.028356030434753765,1,0,1,0
P07,V7_video2_pocaluz,poca_luz,716,23.865111834961997,1,0.024509009624253304,0.014805016616223273,0.034213002632283336,0.16014429247077216,0.06208425720620843,1.0,0.26121040776617277,0.11724149978155018,0.18922595377386148,0.051635459494870965,1,0,0.5946129768869307,0.025817729747435483,1,0,1,0
P07,V7_video2_pocaluz,poca_luz,717,23.89844299674267,1,0.024389009675529223,0.014254540697550376,0.03452347865350807,0.16077548265377267,0.06430155210643015,1.0,0.21184384280289248,0.20795464860402568,0.20989924570345908,0.048440123584983626,1,0,0.6049496228517295,0.024220061792491813,1,0,1,0
P07,V7_video2_pocaluz,poca_luz,718,23.931774158523343,1,0.02555701820297339,0.014457601704714494,0.03665643470123228,0.1601034548795544,0.06651884700665188,1.0,0.49746246579358055,0.20249339433027347,0.349977930061927,0.1770075546171665,1,0,0.6749889650309635,0.08850377730858325,1,0,1,0
P07,V7_video2_pocaluz,poca_luz,719,23.965105320304016,1,0.03208703940518473,0.021259145490608658,0.0429149333197608,0.15955347976752746,0.06873614190687362,1.0,0.35096023116649944,0.4341259661660273,0.39254309866626336,0.07339396793448849,1,0,0.6962715493331317,0.036696983967244245,1,0,1,0
P07,V7_video2_pocaluz,poca_luz,720,23.998436482084692,1,0.037690676950588024,0.025853326945103308,0.04952802695607274,0.15847829238784436,0.07095343680709534,1.0,0.3743129338908171,0.3189556594916074,0.34663429669121226,0.3682215069484219,1,0,0.6733171483456062,0.18411075347421094,1,0,1,0
P07,V7_video2_pocaluz,poca_luz,721,24.031767643865365,1,0.036020919006316564,0.02095238774952193,0.051089450263111194,0.15839655931949306,0.07317073170731707,1.0,0.4298231754333802,0.22529088001431485,0.32755702772384754,0.5237090755604901,1,0,0.6637785138619238,0.26185453778024503,1,0,1,0
P07,V7_video2_pocaluz,poca_luz,722,24.065098805646038,1,0.024317466592275253,0.00941427603320182,0.03922065715134868,0.15961843027078754,0.07538802660753881,1.0,0.3137184771469762,0.5050865147078611,0.4094024959274187,0.15135890939306043,1,0,0.7047012479637094,0.07567945469653022,1,0,1,0
P07,V7_video2_pocaluz,poca_luz,723,24.09842996742671,1,0.025602021502483224,0.012259967487367615,0.03894407551759883,0.1600873983836827,0.07760532150776053,1.0,0.28240798476870044,0.5050675325858498,0.3937377586772751,0.08666793728683946,1,0,0.6968688793386375,0.04333396864341973,1,0,1,0
P07,V7_video2_pocaluz,poca_luz,724,24.131761129207383,1,0.026901908766165692,0.011532815044249843,0.04227100248808154,0.159597549864308,0.07982261640798226,1.0,0.1926887386886198,0.333798053259293,0.2632433959739564,0.11212508685033977,1,0,0.6316216979869782,0.056062543425169885,1,0,1,0
P07,V7_video2_pocaluz,poca_luz,725,24.165092290988056,1,0.02413916617074474,0.010372189386097446,0.03790614295539203,0.159494613200911,0.082039911308204,1.0,0.15286729230973062,0.6723181609649528,0.4125927266373417,0.16393576970141632,1,0,0.7062963633186709,0.08196788485070816,1,0,1,0
P07,V7_video2_pocaluz,poca_luz,726,24.19842345276873,1,0.026998778688240896,0.012899245271250559,0.04109831210523123,0.1597330583351801,0.08425720620842572,1.0,0.13508026712560206,0.5813500060740957,0.3582151365998489,0.2867922480175423,1,0,0.6791075682999245,0.14339612400877114,1,0,1,0
P07,V7_video2_pocaluz,poca_luz,727,24.231754614549402,1,0.024451791658019344,0.012809633130676802,0.036093950185361885,0.16004429786690177,0.08647450110864745,1.0,0.36044326014900463,0.8511909945213986,0.6058171273352015,0.1960259269618969,1,0,0.8029085636676008,0.09801296348094846,1,0,1,0
P07,V7_video2_pocaluz,poca_luz,728,24.265085776330075,1,0.03831666824532941,0.025566036925015117,0.0510672995656437,0.16019423184480683,0.08869179600886919,1.0,0.5625222525063742,0.7279440626893667,0.6452331575978705,0.24157333660973965,1,0,0.8226165787989352,0.12078666830486982,1,0,1,0
P07,V7_video2_pocaluz,poca_luz,729,24.298416938110748,1,0.03995669815847946,0.027602588379985398,0.05231080793697352,0.1600753346856165,0.09090909090909091,1.0,0.399541683126182,0.7783417871429992,0.5889417351345906,0.18371676462109465,1,0,0.7944708675672953,0.09185838231054733,1,0,1,0
P07,V7_video2_pocaluz,poca_luz,730,24.33174809989142,1,0.029393992885574337,0.021513894567321622,0.03727409120382705,0.16060858321710667,0.09312638580931264,1.0,0.46546093224250085,0.36777231841741276,0.4166166253299568,0.1912714285664359,1,0,0.7083083126649784,0.09563571428321795,1,0,1,0
P07,V7_video2_pocaluz,poca_luz,731,24.365079261672097,1,0.031344862145998104,0.024436934424725797,0.03825278986727041,0.16040509984276521,0.09534368070953436,1.0,0.6538779781880204,0.797952613562182,0.7259152958751012,0.14799503148684715,1,0,0.8629576479375506,0.07399751574342357,1,0,1,0
P07,V7_video2_pocaluz,poca_luz,732,24.39841042345277,1,0.030703583980268227,0.02318884029115128,0.038218327669385176,0.16030758179695967,0.0975609756097561,1.0,0.49194391132355697,0.6337845078615679,0.5628642095925624,0.16904513486957523,1,0,0.7814321047962812,0.08452256743478762,1,0,1,0
P07,V7_video2_pocaluz,poca_luz,733,24.431741585233443,1,0.03359416613433996,0.024840611609815714,0.0423477206588642,0.16094435569396473,0.09977827050997783,1.0,0.6039631423795222,0.483183038971568,0.5435730906755452,0.14027270903878958,1,0,0.7717865453377726,0.07013635451939479,1,0,1,0
P07,V7_video2_pocaluz,poca_luz,734,24.465072747014116,1,0.033695948360269984,0.02219520198123448,0.04519669473930548,0.160578145686863,0.10199556541019955,1.0,0.6226328661055216,0.7132353531525877,0.6679341096290546,0.19469401649155993,1,0,0.8339670548145273,0.09734700824577996,1,0,1,0
P07,V7_video2_pocaluz,poca_luz,735,24.49840390879479,1,0.03849915474050496,0.02393960894458381,0.0530587005364261,0.15940808463706715,0.10421286031042129,1.0,0.7046948214430637,0.38635761290284965,0.5455262171729567,0.14661687819045496,1,0,0.7727631085864783,0.07330843909522748,1,0,1,0
P07,V7_video2_pocaluz,poca_luz,736,24.53173507057546,1,0.035510363718251794,0.021954157609617844,0.04906656982688575,0.1593761763405088,0.10643015521064302,1.0,0.7163925187684501,0.3359715271632693,0.5261820229658597,0.14590505437760262,1,0,0.7630910114829299,0.07295252718880131,1,0,1,0
P07,V7_video2_pocaluz,poca_luz,737,24.565066232356134,1,0.03749610194170099,0.023748421448794525,0.05124378243460746,0.15930551115045963,0.10864745011086474,1.0,0.5369337926310911,0.492141908771344,0.5145378507012175,0.24777948866322796,1,0,0.7572689253506087,0.12388974433161398,1,0,1,0
P07,V7_video2_pocaluz,poca_luz,738,24.598397394136807,1,0.0383332390735706,0.026553792129675124,0.050112686017466074,0.1593456771992498,0.11086474501108648,1.0,0.5493020501151785,0.23024666034713692,0.3897743552311577,0.2537609901353072,1,0,0.6948871776155788,0.1268804950676536,1,0,1,0
P07,V7_video2_pocaluz,poca_luz,739,24.63172855591748,1,0.04237352243042291,0.030790866076379438,0.05395617878446638,0.1587210732148693,0.1130820399113082,1.0,0.44898984912900064,0.32588618916038337,0.387438019144692,0.08099113742840926,1,0,0.693719009572346,0.04049556871420463,1,0,1,0
P07,V7_video2_pocaluz,poca_luz,740,24.665059717698153,1,0.04068989467759331,0.03145160677748342,0.049928182577703206,0.1592249583422691,0.11529933481152993,1.0,0.14575412808527233,0.45801127130268104,0.3018826996939767,0.0818236736739142,1,0,0.6509413498469884,0.0409118368369571,1,0,1,0
P07,V7_video2_pocaluz,poca_luz,741,24.698390879478826,1,0.028157467024928044,0.017641405520698324,0.038673528529157765,0.15955411261059665,0.11751662971175167,1.0,0.20656606761162077,0.424171710853684,0.3153688892326524,0.05946533364153466,1,0,0.6576844446163261,0.02973266682076733,1,0,1,0
P07,V7_video2_pocaluz,poca_luz,742,24.731722041259502,1,0.04115753493365414,0.028222545716380304,0.05409252415092798,0.1584535268060423,0.1197339246119734,1.0,0.4539039266060174,0.32455813746265993,0.3892310320343387,0.016973371443837412,1,0,0.6946155160171693,0.008486685721918706,1,0,1,0
P07,V7_video2_pocaluz,poca_luz,743,24.765053203040175,1,0.03632440782467248,0.023078295014720293,0.049570520634624665,0.15832528124910186,0.12195121951219512,1.0,0.4539039266060174,0.4614259181459336,0.4576649223759755,0.0657735967185619,1,0,0.7288324611879877,0.03288679835928095,1,0,1,0
P07,V7_video2_pocaluz,poca_luz,744,24.798384364820848,1,0.038470167900743334,0.022917234489131893,0.05402310131235477,0.15825605285745098,0.12416851441241686,1.0,0.19118634201447782,0.3061735126758287,0.24867992734515326,0.037236112378440316,1,0,0.6243399636725766,0.018618056189220158,1,0,1,0
P07,V7_video2_pocaluz,poca_luz,745,24.83171552660152,1,0.04148370736138647,0.02733796274962893,0.055629451973144006,0.15845869824644085,0.12638580931263857,1.0,0.26755118225064056,0.18486460220124556,0.22620789222594306,0.014740977559010313,1,0,0.6131039461129715,0.007370488779505156,1,0,1,0
P07,V7_video2_pocaluz,poca_luz,746,24.865046688382193,1,0.04307143402046582,0.029618099480055334,0.056524768560876314,0.15845363537354887,0.1286031042128603,1.0,0.2522502119700549,0.17573573677609755,0.21399297437307624,0.0610340166833643,1,0,0.6069964871865381,0.03051700834168215,1,0,1,0
P07,V7_video2_pocaluz,poca_luz,747,24.898377850162866,1,0.04901775547249344,0.034255426387861825,0.06378008455712507,0.15849129134248963,0.13082039911308205,1.0,0.2573869971799825,0.16367443286050076,0.21053071502024162,0.17664321717627207,1,0,0.6052653575101208,0.08832160858813604,1,0,1,0
P07,V7_video2_pocaluz,poca_luz,748,24.93170901194354,1,0.05009227966448819,0.0384768562856315,0.06170770304334487,0.15867617693480793,0.13303769401330376,1.0,0.5488365718814613,0.1888617183912279,0.3688491451363446,0.13673330780150228,1,0,0.6844245725681724,0.06836665390075114,1,0,1,0
P07,V7_video2_pocaluz,poca_luz,749,24.965040173724212,1,0.050713912805532405,0.0393190808494136,0.06210874476165121,0.1583552230318058,0.1352549889135255,1.0,0.5121106990661024,0.4631100336679377,0.48761036636702004,0.15862368872379287,1,0,0.74380518318351,0.07931184436189644,1,0,1,0
P07,V7_video2_pocaluz,poca_luz,750,24.998371335504885,1,0.04042502619099264,0.0283913055001251,0.05245874688186019,0.15915633604599047,0.13747228381374724,1.0,0.254458533040929,0.5174312403169898,0.38594488667895943,0.14112721393928987,1,0,0.6929724433394797,0.07056360696964493,1,0,1,0
P07,V7_video2_pocaluz,poca_luz,751,25.031702497285558,1,0.03949196562804017,0.02815680245158483,0.05082712880449552,0.15969265791306286,0.13968957871396895,1.0,0.1985797553792522,0.4315970390515894,0.3150883972154208,0.22508180512793521,1,0,0.6575441986077104,0.11254090256396761,1,0,1,0
P07,V7_video2_pocaluz,poca_luz,752,25.06503365906623,1,0.03745913377453475,0.02543688103230904,0.04948138651676046,0.15952059499873852,0.1419068736141907,1.0,0.286940253457178,0.6283394841210241,0.45763986878910107,0.2036577617061866,1,0,0.7288199343945505,0.1018288808530933,1,0,1,0
P07,V7_video2_pocaluz,poca_luz,753,25.098364820846907,1,0.03021259991508493,0.01763298854710686,0.04279221128306301,0.15993037195767532,0.14412416851441243,1.0,0.41872616333574264,0.7394548528338993,0.579090508084821,0.10679255004930956,1,0,0.7895452540424105,0.05339627502465478,1,0,1,0
P07,V7_video2_pocaluz,poca_luz,754,25.13169598262758,1,0.03296782411845962,0.01835753820841003,0.0475781100285092,0.16019579993700492,0.14634146341463414,1.0,0.45040572616545427,0.8987614865040974,0.6745836063347759,0.05789163286274508,1,0,0.8372918031673879,0.02894581643137254,1,0,1,0
P07,V7_video2_pocaluz,poca_luz,755,25.165027144408253,1,0.028929490199623695,0.013110952598548687,0.044748027800698705,0.16008844302332528,0.14855875831485588,1.0,0.1846790383200736,0.7869202067080611,0.48579962251406733,0.07800035456043974,1,0,0.7428998112570336,0.03900017728021987,1,0,1,0
P07,V7_video2_pocaluz,poca_luz,756,25.198358306188926,1,0.030677063690442707,0.014120859614971367,0.04723326776591405,0.15999658925315854,0.15077605321507762,1.0,0.4654884272712394,0.6577363183599341,0.5616123728155867,0.04353457233846137,1,0,0.7808061864077933,0.021767286169230685,1,0,1,0
P07,V7_video2_pocaluz,poca_luz,757,25.2316894679696,1,0.02701536033079623,0.011874160625353958,0.0421565600362385,0.16024444677491578,0.15299334811529933,1.0,0.2322427373317597,0.6396373639725899,0.4359400506521748,0.07402089316323132,1,0,0.7179700253260874,0.03701044658161566,1,0,1,0
P07,V7_video2_pocaluz,poca_luz,758,25.26502062975027,1,0.02990677943106359,0.01307215365883491,0.046741405203292265,0.15969084055182453,0.15521064301552107,1.0,0.4162759676873278,0.6424987576889214,0.5293873626881246,0.0752227956402214,1,0,0.7646936813440623,0.0376113978201107,1,0,1,0
P07,V7_video2_pocaluz,poca_luz,759,25.298351791530944,1,0.02784965783649461,0.012880645601300993,0.04281867007168823,0.16025968106298816,0.1574279379157428,1.0,0.21781452656428024,0.2660260878267394,0.24192030719550983,0.03881675256886224,1,0,0.6209601535977549,0.01940837628443112,1,0,1,0
P07,V7_video2_pocaluz,poca_luz,760,25.331682953311617,1,0.02644227774703225,0.013393144443383917,0.03949141105068058,0.16038910479960666,0.15964523281596452,1.0,0.48741972772621367,0.21359955939404507,0.35050964356012937,0.039815480770555585,1,0,0.6752548217800647,0.019907740385277792,1,0,1,0
P07,V7_video2_pocaluz,poca_luz,761,25.36501411509229,1,0.02282837356736879,0.013211539769718703,0.03244520736501887,0.16160839384867698,0.16186252771618626,1.0,0.5367814225612366,0.343741819752567,0.4402616211569018,0.05130861449748266,1,0,0.720130810578451,0.02565430724874133,1,0,1,0
P07,V7_video2_pocaluz,poca_luz,762,25.398345276872963,1,0.03203253397760111,0.01675153434523873,0.0473135336099635,0.16230448895936372,0.164079822616408,1.0,0.5038194062464616,0.19712316686550269,0.35047128655598214,0.04962456535766756,1,0,0.6752356432779911,0.02481228267883378,1,0,1,0
P07,V7_video2_pocaluz,poca_luz,763,25.431676438653636,1,0.034368455839433126,0.018572756397596913,0.050164155281269336,0.1618132221179248,0.1662971175166297,1.0,0.5450378308522177,0.5713472453776521,0.5581925381149349,0.05224679261898936,1,0,0.7790962690574674,0.02612339630949468,1,0,1,0
P07,V7_video2_pocaluz,poca_luz,764,25.465007600434312,1,0.026088713440385086,0.018390640237661765,0.033786786643108406,0.15879687571756065,0.16851441241685144,1.0,0.3889173480637639,0.8166734057466597,0.6027953769052118,0.011493328299116812,1,0,0.801397688452606,0.005746664149558406,1,0,1,0
P07,V7_video2_pocaluz,poca_luz,765,25.498338762214985,1,0.027978965276240962,0.020269105705924186,0.03568882484655774,0.1580957480430509,0.17073170731707318,1.0,0.668203719978486,0.1903161053762119,0.429259912677349,0.0647529571026827,1,0,0.7146299563386744,0.03237647855134135,1,0,1,0
P07,V7_video2_pocaluz,poca_luz,766,25.531669923995658,1,0.03532594533875603,0.02888031899477698,0.04177157168273508,0.15636235447504424,0.1729490022172949,1.0,0.5956412638692756,0.18948615662582347,0.39256371024754955,0.04937327585627037,1,0,0.6962818551237748,0.024686637928135184,1,0,1,0
P07,V7_video2_pocaluz,poca_luz,767,25.56500108577633,1,0.02944761148484771,0.02280771234745757,0.03608751062223785,0.15733576323763174,0.17516629711751663,1.0,0.5619579939221477,0.0870334554204858,0.32449572467131677,0.023786532945955115,1,0,0.6622478623356584,0.011893266472977558,1,0,1,0
P07,V7_video2_pocaluz,poca_luz,768,25.598332247557003,1,0.036623066995505486,0.0316145681347228,0.041631565856288175,0.15612894667882052,0.17738359201773837,1.0,0.5369367269609433,0.17269180660177086,0.3548142667813571,0.03170882887638458,1,0,0.6774071333906786,0.01585441443819229,1,0,1,0
P07,V7_video2_pocaluz,poca_luz,769,25.631663409337676,1,0.04267995847191857,0.030828618254453693,0.054531298689383445,0.1565507323285911,0.17960088691796008,1.0,0.4254520052747207,0.1485727454893072,0.28701237538201396,0.0230455934097374,1,0,0.643506187691007,0.0115227967048687,1,0,1,0
P07,V7_video2_pocaluz,poca_luz,770,25.66499457111835,1,0.03328459699352816,0.02482797571731673,0.0417412182697396,0.15815647365872615,0.18181818181818182,1.0,0.494544032526381,0.270235070373282,0.3823895514498315,0.019108354128622086,1,0,0.6911947757249157,0.009554177064311043,1,0,1,0
P07,V7_video2_pocaluz,poca_luz,771,25.698325732899022,1,0.03160039332471074,0.022517361642078664,0.040683425007342816,0.15828934709019038,0.18403547671840353,1.0,0.31731536752053247,0.19328141669684462,0.25529839210868854,0.060521486481233885,1,0,0.6276491960543442,0.030260743240616943,1,0,1,0
P07,V7_video2_pocaluz,poca_luz,772,25.731656894679695,1,0.03517297152765529,0.025308771147446736,0.045037171907863854,0.15716687412294808,0.18625277161862527,1.0,0.1539541226047466,0.14222834636701276,0.14809123448587969,0.04262730795532458,1,0,0.5740456172429398,0.02131365397766229,1,0,0,0
P07,V7_video2_pocaluz,poca_luz,773,25.764988056460368,1,0.03308224718403801,0.023804226227755403,0.042360268140320616,0.1587155037053221,0.188470066518847,1.0,0.3356783278457147,0.2801816793262414,0.30793000358597805,0.022918583603056982,1,0,0.653965001792989,0.011459291801528491,1,0,1,0
P07,V7_video2_pocaluz,poca_luz,774,25.79831921824104,1,0.029985308527207467,0.020383555080129095,0.03958706197428584,0.1584375852115332,0.19068736141906872,1.0,0.3741439965109493,0.3765044370440508,0.37532421677750005,0.03985765808138179,1,0,0.68766210838875,0.019928829040690894,1,0,1,0
P07,V7_video2_pocaluz,poca_luz,775,25.831650380021717,1,0.034829091766762216,0.02642470275793901,0.04323348077558543,0.15629775257935904,0.19290465631929046,1.0,0.19792072656923132,0.3306500508139648,0.26428538869159807,0.01862710936233257,1,0,0.6321426943457991,0.009313554681166285,1,0,1,0
P07,V7_video2_pocaluz,poca_luz,776,25.86498154180239,1,0.03382993175487344,0.026053341138331663,0.04160652237141522,0.15687606643296362,0.1951219512195122,1.0,0.19219474132498415,0.3052826642343611,0.24873870277967264,0.05045455804741792,1,0,0.6243693513898363,0.02522727902370896,1,0,1,0
P07,V7_video2_pocaluz,poca_luz,777,25.898312703583063,1,0.03690394679296838,0.03543399463325412,0.03837389895268263,0.15671690957250667,0.1973392461197339,1.0,0.1911313046661599,0.24088507529731973,0.21600818998173982,0.07904950069678056,1,0,0.6080040949908699,0.03952475034839028,1,0,1,0
P07,V7_video2_pocaluz,poca_luz,778,25.931643865363736,1,0.034463927885467975,0.031247647832864205,0.037680207938071746,0.15624815888145127,0.19955654101995565,1.0,0.44440331113602216,0.28781910301126257,0.36611120707364236,0.046822585683481396,1,0,0.6830556035368212,0.023411292841740698,1,0,1,0
P07,V7_video2_pocaluz,poca_luz,779,25.96497502714441,1,0.038131710146220035,0.0321922202616932,0.04407120003074686,0.15666540532853973,0.2017738359201774,1.0,0.18023603270632638,0.06457028878272053,0.12240316074452345,0.048726919264705425,1,0,0.5612015803722618,0.024363459632352712,1,0,0,0
P07,V7_video2_pocaluz,poca_luz,780,25.99830618892508,1,0.034030287957739574,0.03112205141192569,0.03693852450355346,0.15609944786520852,0.2039911308203991,1.0,0.16057936453967214,0.3590554111099389,0.2598173878248055,0.2625630993399153,1,0,0.6299086939124028,0.13128154966995764,1,0,1,0
P07,V7_video2_pocaluz,poca_luz,781,26.031637350705754,1,0.03299400311511637,0.03136962811978742,0.034618378110445325,0.1565562123439408,0.20620842572062084,1.0,0.18144068455225326,0.19424217654383746,0.18784143054804536,0.11590307391155363,1,0,0.5939207152740227,0.05795153695577682,1,0,1,0
P07,V7_video2_pocaluz,poca_luz,782,26.064968512486427,1,0.035539582268368876,0.03021042746346338,0.040868737073274375,0.15644587107571886,0.20842572062084258,1.0,0.15720164519859725,0.1753047005071049,0.16625317285285107,0.18540134534448788,1,0,0.5831265864264256,0.09270067267224394,1,0,1,0
P07,V7_video2_pocaluz,poca_luz,783,26.0982996742671,1,0.03254942345069049,0.027405680266032878,0.037693166635348115,0.15756348064323056,0.2106430155210643,1.0,0.13027214321676228,0.18792418442499437,0.15909816382087832,0.13101877497003186,1,0,0.5795490819104392,0.06550938748501593,1,0,0,0
P07,V7_video2_pocaluz,poca_luz,784,26.131630836047773,1,0.03258083092928358,0.029030630410326327,0.036131031448240834,0.1572229725256705,0.21286031042128603,1.0,0.1832259364163522,0.3765195626478226,0.2798727495320874,0.11458302375510329,1,0,0.6399363747660437,0.057291511877551646,1,0,1,0
P07,V7_video2_pocaluz,poca_luz,785,26.164961997828446,1,0.03062445285518249,0.026139692611119914,0.035109213099245064,0.15769784368686907,0.21507760532150777,1.0,0.08809507534243455,0.14445744161021734,0.11627625847632594,0.08068443408022477,1,0,0.558138129238163,0.040342217040112385,1,0,0,0
P07,V7_video2_pocaluz,poca_luz,786,26.198293159609122,1,0.030958345270464604,0.02682713098523294,0.035089559555696266,0.15630661803543,0.21729490022172948,1.0,0.1393748009378173,0.3262286956200081,0.2328017482789127,0.08387063618567511,1,0,0.6164008741394563,0.041935318092837556,1,0,1,0
P07,V7_video2_pocaluz,poca_luz,787,26.231624321389795,1,0.03157798890903486,0.02741685390672071,0.035739123911349015,0.15610216245820538,0.21951219512195122,1.0,0.1634707396765418,0.35250484389797254,0.25798779178725717,0.1383011488547744,1,0,0.6289938958936285,0.0691505744273872,1,0,1,0
P07,V7_video2_pocaluz,poca_luz,788,26.264955483170468,1,0.032561098181341404,0.030771732174513167,0.034350464188169644,0.15696529710891682,0.22172949002217296,1.0,0.13859971584316244,0.4484786643978609,0.29353919012051166,0.11190489377399232,1,0,0.6467695950602559,0.05595244688699616,1,0,1,0
P07,V7_video2_pocaluz,poca_luz,789,26.29828664495114,1,0.03503346546018471,0.03466892814274835,0.03539800277762106,0.15619908915038988,0.22394678492239467,1.0,0.1072002286670325,0.17030912283596622,0.13875467575149936,0.08212049975489183,1,0,0.5693773378757496,0.041060249877445915,1,0,0,0
P07,V7_video2_pocaluz,poca_luz,790,26.331617806731813,1,0.025921610638295227,0.021647972397637435,0.03019524887895302,0.15692555355825327,0.2261640798226164,1.0,0.09863046320558722,0.1667531402787149,0.13269180174215106,0.08361624040733008,1,0,0.5663459008710755,0.04180812020366504,1,0,0,0
P07,V7_video2_pocaluz,poca_luz,791,26.364948968512486,1,0.02614862442785923,0.022344038040237726,0.02995321081548073,0.15644555971193566,0.22838137472283815,1.0,0.23005025135042068,0.2563743010405727,0.24321227619549668,0.11339419832464671,1,0,0.6216061380977483,0.05669709916232336,1,0,1,0
P07,V7_video2_pocaluz,poca_luz,792,26.39828013029316,1,0.030749598455197924,0.02326659986712888,0.038232597043266967,0.15565447901311744,0.23059866962305986,1.0,0.26906205025237695,0.20495403675568336,0.23700804350403015,0.07195280550521792,1,0,0.618504021752015,0.03597640275260896,1,0,1,0
P07,V7_video2_pocaluz,poca_luz,793,26.431611292073832,1,0.02925914801587083,0.022550988821893454,0.035967307209848205,0.15549089535339428,0.2328159645232816,1.0,0.40746177358329216,0.1669715643910188,0.2872166689871555,0.14597848545898823,1,0,0.6436083344935777,0.07298924272949411,1,0,1,0
P07,V7_video2_pocaluz,poca_luz,794,26.464942453854505,1,0.033649368072152575,0.02628567526382728,0.041013060880477875,0.15575638554893023,0.23503325942350334,1.0,0.36504692085898915,0.3768041115313763,0.3709255161951827,0.15329468881095212,1,0,0.6854627580975914,0.07664734440547606,1,0,1,0
P07,V7_video2_pocaluz,poca_luz,795,26.498273615635178,1,0.033583052195585064,0.026103808136606947,0.041062296254563174,0.15592074276265405,0.23725055432372505,1.0,0.3046282408917781,0.47980116476854595,0.392214702830162,0.06939557680299036,1,0,0.6961073514150811,0.03469778840149518,1,0,1,0
P07,V7_video2_pocaluz,poca_luz,796,26.53160477741585,1,0.03551135819786184,0.03232798619018326,0.038694730205540415,0.15706986071881468,0.2394678492239468,1.0,0.597396811158152,0.3227048778053684,0.4600508444817602,0.042282390043611354,1,0,0.7300254222408801,0.021141195021805677,1,0,1,0
P07,V7_video2_pocaluz,poca_luz,797,26.564935939196527,1,0.0259682872368995,0.01861476684309658,0.03332180763070242,0.16299100092308524,0.2394678492239468,1.0,0.45504096383420267,0.21505609121935154,0.3350485275267771,0.09813147142064368,1,1,0.6675242637633886,0.5490657357103218,1,1,1,0
P07,V7_video2_pocaluz,poca_luz,798,26.5982671009772,1,0.0266392010162674,0.0204298641972096,0.0328485378353252,0.15907302221816005,0.2394678492239468,1.0,0.3562375187276027,0.2157310715060392,0.28598429511682094,0.017368623600950883,1,0,0.6429921475584105,0.008684311800475441,1,0,1,0
P07,V7_video2_pocaluz,poca_luz,799,26.631598262757873,1,0.02824923936216741,0.02297795368028705,0.03352052504404777,0.15841108131201406,0.2394678492239468,1.0,0.5726036632725862,0.1536982674289653,0.36315096535077573,0.03524406717846067,1,0,0.6815754826753879,0.017622033589230333,1,0,1,0
P07,V7_video2_pocaluz,poca_luz,800,26.664929424538546,1,0.02631422894271651,0.020495887178679516,0.0321325707067535,0.1590433495113559,0.2394678492239468,1.0,0.3916958065004744,0.2184883045343824,0.3050920555174284,0.07788253894645863,1,0,0.6525460277587142,0.03894126947322932,1,0,1,0
P07,V7_video2_pocaluz,poca_luz,801,26.69826058631922,1,0.03008448141988316,0.024618837526344337,0.035550125313421985,0.1590536544433386,0.2394678492239468,1.0,0.31216627153775234,0.15056705441387985,0.2313666629758161,0.06263524974129353,1,0,0.615683331487908,0.031317624870646765,1,0,1,0
P07,V7_video2_pocaluz,poca_luz,802,26.73159174809989,1,0.03375584048080703,0.02642835373682071,0.04108332722479335,0.16047339193362745,0.2394678492239468,1.0,0.46053561262158826,0.5140330435554004,0.4872843280884943,0.04916666614218916,1,0,0.7436421640442472,0.02458333307109458,1,0,1,0
P07,V7_video2_pocaluz,poca_luz,803,26.764922909880564,1,0.02165489639345097,0.01814327513997935,0.025166517646922588,0.16118444570932505,0.24168514412416853,1.0,0.2698319859206001,0.19287389574863123,0.23135294083461566,0.011838234499556836,1,0,0.6156764704173079,0.005919117249778418,1,0,1,0
P07,V7_video2_pocaluz,poca_luz,804,26.798254071661237,1,0.032798329544806756,0.027878089179989962,0.03771856990962355,0.15879695324789897,0.24390243902439024,1.0,0.3310947106231624,0.10757825700138901,0.21933648381227572,0.04028478862047506,1,0,0.6096682419061379,0.02014239431023753,1,0,1,0
P07,V7_video2_pocaluz,poca_luz,805,26.83158523344191,1,0.055731599084801964,0.060601054654046464,0.05086214351555747,0.15952523803518814,0.24611973392461198,1.0,0.19041465975069471,0.19442282815974277,0.19241874395521874,0.010844611483648407,1,0,0.5962093719776094,0.005422305741824203,1,0,1,0
P07,V7_video2_pocaluz,poca_luz,806,26.864916395222583,1,0.09332382103454008,0.12185365792357795,0.0647939841455022,0.15989485606697199,0.24833702882483372,1.0,0.17265600963325545,0.3129711666283973,0.24281358813082637,0.021239292060045933,1,0,0.6214067940654132,0.010619646030022967,1,0,1,0
P07,V7_video2_pocaluz,poca_luz,807,26.898247557003256,1,0.13664235733868596,0.17324145763502927,0.10004325704234263,0.1596636414046487,0.25055432372505543,1.0,0.19004695188164022,0.1669454674242984,0.1784962096529693,0.09889027011380928,1,0,0.5892481048264846,0.04944513505690464,1,0,1,0
P07,V7_video2_pocaluz,poca_luz,808,26.931578718783932,1,0.18716134111847454,0.20410549453764446,0.17021718769930463,0.15710066227415895,0.25055432372505543,1.0,0.08961338873176183,0.09067042014944904,0.09014190444060544,0.03795788764587087,0,0,0.04507095222030272,0.018978943822935437,0,0,0,0
P07,V7_video2_pocaluz,poca_luz,809,26.964909880564605,1,0.22432935727506836,0.2328403258954092,0.2158183886547275,0.15812645649262053,0.25055432372505543,1.0,0.07988950121120919,0.5322906937308838,0.3060900974710465,0.09728997035608064,0,0,0.15304504873552324,0.04864498517804032,0,0,0,0
P07,V7_video2_pocaluz,poca_luz,810,26.998241042345278,1,0.23958569183979866,0.238858488303078,0.24031289537651934,0.15712133467788367,0.25055432372505543,1.0,0.12430296992777501,0.07942970655624704,0.10186633824201102,0.2746828258850942,0,0,0.05093316912100551,0.1373414129425471,0,0,0,0
P07,V7_video2_pocaluz,poca_luz,811,27.03157220412595,1,0.25127378760431973,0.25011317528730337,0.25243439992133604,0.15749705824670449,0.25055432372505543,1.0,0.06980031338760395,0.43632821130587895,0.25306426234674145,0.15877476417486133,0,0,0.12653213117337073,0.07938738208743067,0,0,0,0
P07,V7_video2_pocaluz,poca_luz,812,27.064903365906623,1,0.2598605296974525,0.2590349871476107,0.2606860722472943,0.15761563278299653,0.25055432372505543,1.0,0.14587594005243953,0.20828746004278487,0.1770817000476122,0.19270754317742836,0,0,0.0885408500238061,0.09635377158871418,0,0,0,0
P07,V7_video2_pocaluz,poca_luz,813,27.098234527687296,1,0.26749950899383584,0.2678604222503699,0.2671385957373018,0.1565141696176029,0.25055432372505543,1.0,0.01833707415337471,0.17031170009677143,0.09432438712507307,0.3833286984977268,0,0,0.047162193562536536,0.1916643492488634,0,0,0,0
P07,V7_video2_pocaluz,poca_luz,814,27.13156568946797,1,0.26924867389595486,0.26936098878707426,0.2691363590048355,0.15663235359796826,0.25055432372505543,1.0,0.02216211384798883,0.29603593499383496,0.1590990244209119,0.20240820239530616,0,0,0.07954951221045595,0.10120410119765308,0,0,0,0
P07,V7_video2_pocaluz,poca_luz,815,27.164896851248642,1,0.27265791593658484,0.2734593571705921,0.2718564747025775,0.15677696615763273,0.25055432372505543,1.0,0.012827305258601651,0.14413813207397408,0.07848271866628787,0.18978743824393954,0,0,0.03924135933314393,0.09489371912196977,0,0,0,0
P07,V7_video2_pocaluz,poca_luz,816,27.198228013029315,1,0.2753300365948488,0.2749977238117293,0.2756623493779683,0.1569535934599047,0.25055432372505543,1.0,0.026473251656019436,0.3143301692514966,0.17040171045375802,0.08407622310139894,0,0,0.08520085522687901,0.04203811155069947,0,0,0,0
P07,V7_video2_pocaluz,poca_luz,817,27.231559174809988,1,0.2745118849654592,0.2720905216371061,0.2769332482938122,0.15709031160390852,0.25055432372505543,1.0,0.008814562024359596,0.2605629929406783,0.13468877748251895,0.0989337898594212,0,0,0.06734438874125948,0.0494668949297106,0,0,0,0
P07,V7_video2_pocaluz,poca_luz,818,27.26489033659066,1,0.27764130897776484,0.27537465039564996,0.27990796755987973,0.15724430646556928,0.25055432372505543,1.0,0.015800495882031695,0.1586366080185032,0.08721855195026745,0.2149309302581699,0,0,0.04360927597513373,0.10746546512908495,0,0,0,0
P07,V7_video2_pocaluz,poca_luz,819,27.298221498371337,1,0.2756603218899294,0.27460558881446934,0.27671505496538945,0.15688572391759142,0.25055432372505543,1.0,0.03121678850244558,0.17182462991949699,0.10152070921097128,0.24159605198645773,0,0,0.05076035460548564,0.12079802599322886,0,0,0,0
P07,V7_video2_pocaluz,poca_luz,820,27.33155266015201,1,0.27876362725286125,0.277600763660591,0.2799264908451315,0.15677285340198918,0.25055432372505543,1.0,0.020414183530776175,0.47620289750141165,0.2483085405160939,0.13953468436748168,0,0,0.12415427025804696,0.06976734218374084,0,0,0,0
P07,V7_video2_pocaluz,poca_luz,821,27.364883821932683,1,0.2799559169448683,0.28027846013545293,0.27963337375428376,0.1564329098296012,0.25055432372505543,1.0,0.009632123871235354,0.4657437376520439,0.23768793076163963,0.12321372015246311,0,0,0.11884396538081982,0.061606860076231555,0,0,0,0
P07,V7_video2_pocaluz,poca_luz,822,27.398214983713356,1,0.2842142499153104,0.28313576830675696,0.2852927315238639,0.1566911445992995,0.25055432372505543,1.0,0.016461905106467833,0.5496634569980214,0.28306268105224464,0.08162710736695046,0,0,0.14153134052612232,0.04081355368347523,0,0,0,0
P07,V7_video2_pocaluz,poca_luz,823,27.43154614549403,1,0.29411248173406723,0.294047632401018,0.2941773310671165,0.15722962023014228,0.25055432372505543,1.0,0.016907516885585117,0.24032405694289427,0.1286157869142397,0.06421123263783066,0,0,0.06430789345711985,0.03210561631891533,0,0,0,0
P07,V7_video2_pocaluz,poca_luz,824,27.4648773072747,1,0.3001747233833805,0.2999921008803999,0.30035734588636115,0.1571140885974237,0.25055432372505543,1.0,0.033974352379707695,0.2893131622336982,0.16164375730670294,0.04871483054075466,0,0,0.08082187865335147,0.02435741527037733,0,0,0,0
P07,V7_video2_pocaluz,poca_luz,825,27.498208469055374,1,0.3069086049885373,0.3067468427097969,0.30707036726727766,0.15799843034479627,0.25055432372505543,1.0,0.047132508745820756,0.1250004360561746,0.08606647240099768,0.047586326924080054,0,0,0.04303323620049884,0.023793163462040027,0,0,0,0
P07,V7_video2_pocaluz,poca_luz,826,27.531539630836047,1,0.3144703603128323,0.3137023005968464,0.31523842002881824,0.15776565833105674,0.25055432372505543,1.0,0.07977487214866319,0.08250680695946844,0.08114083955406581,0.0550926989898824,0,0,0.04057041977703291,0.0275463494949412,0,0,0,0
P07,V7_video2_pocaluz,poca_luz,827,27.56487079261672,1,0.3198859129659228,0.3197990405860617,0.3199727853457839,0.15827242097153751,0.25055432372505543,1.0,0.10254950142590613,0.15943256284992813,0.13099103213791713,0.09282667972388625,0,0,0.06549551606895856,0.046413339861943126,0,0,0,0
P07,V7_video2_pocaluz,poca_luz,828,27.598201954397393,1,0.31924887305783445,0.31923197719489166,0.3192657689207773,0.1586170626642777,0.25055432372505543,1.0,0.09974104339588585,0.221278743348866,0.16050989337237592,0.10730473722591445,0,0,0.08025494668618796,0.053652368612957226,0,0,0,0
P07,V7_video2_pocaluz,poca_luz,829,27.631533116178066,1,0.32236059936486056,0.322711390843917,0.32200980788580413,0.1584893050863344,0.25055432372505543,1.0,0.015012533810243256,0.03320491119597446,0.02410872250310886,0.04979098611311787,0,0,0.01205436125155443,0.024895493056558936,0,0,0,0
P07,V7_video2_pocaluz,poca_luz,830,27.664864277958742,1,0.31997545013727846,0.3195735815637555,0.32037731871080144,0.1589526004927165,0.25055432372505543,1.0,0.032003216320152794,0.0709921903202374,0.0514977033201951,0.04705440466260952,0,0,0.02574885166009755,0.02352720233130476,0,0,0,0
P07,V7_video2_pocaluz,poca_luz,831,27.698195439739415,1,0.3236051378554529,0.3214199049125763,0.3257903707983295,0.15796101642265697,0.25055432372505543,1.0,0.042961893193869116,0.029030702748707338,0.03599629797128823,0.05228512748981419,0,0,0.017998148985644113,0.026142563744907095,0,0,0,0
P07,V7_video2_pocaluz,poca_luz,832,27.731526601520088,1,0.3251177585859846,0.32635120284219,0.32388431432977915,0.1585962541649371,0.25055432372505543,1.0,0.015197724601404006,0.18406423010127904,0.09963097735134152,0.06487446309399846,0,0,0.04981548867567076,0.03243723154699923,0,0,0,0
P07,V7_video2_pocaluz,poca_luz,833,27.76485776330076,1,0.3224675091041574,0.32384546024440264,0.32108955796391214,0.1583590351764173,0.25055432372505543,1.0,0.048686962183014715,0.11014743344240852,0.07941719781271162,0.10241673831481707,0,0,0.03970859890635581,0.051208369157408534,0,0,0,0
P07,V7_video2_pocaluz,poca_luz,834,27.798188925081433,1,0.3216154187746195,0.3195701827119316,0.3236606548373075,0.15820632659830666,0.25055432372505543,1.0,0.05905839306893368,0.17649270572050058,0.11777554939471713,0.08347161114037023,0,0,0.058887774697358564,0.041735805570185115,0,0,0,0
P07,V7_video2_pocaluz,poca_luz,835,27.831520086862106,1,0.31200420670023665,0.31147200899819866,0.3125364044022746,0.1585385436827923,0.25055432372505543,1.0,0.0785834926711948,0.21691302276688296,0.14774825771903888,0.09406140549295948,0,0,0.07387412885951944,0.04703070274647974,0,0,0,0
P07,V7_video2_pocaluz,poca_luz,836,27.86485124864278,1,0.31157959531982216,0.3110514501953852,0.3121077404442591,0.15840211242624283,0.25055432372505543,1.0,0.027871813200735063,0.09393411818884811,0.06090296569479159,0.0759192589262047,0,0,0.030451482847395794,0.03795962946310235,0,0,0,0
P07,V7_video2_pocaluz,poca_luz,837,27.898182410423452,1,0.31100057932214753,0.30976133821186846,0.3122398204324266,0.15868240469946276,0.25055432372505543,1.0,0.01182381268183974,0.07169598517641118,0.04175989892912546,0.051583984568706415,0,0,0.02087994946456273,0.025791992284353207,0,0,0,0
P07,V7_video2_pocaluz,poca_luz,838,27.931513572204125,1,0.31267013348948103,0.3117824622828669,0.3135578046960951,0.1587999247060713,0.25055432372505543,1.0,0.006638316700738445,0.14278717619232417,0.07471274644653131,0.04200607148915682,0,0,0.037356373223265654,0.02100303574457841,0,0,0,0
P07,V7_video2_pocaluz,poca_luz,839,27.964844733984798,1,0.31368654936972606,0.31223271171913547,0.31514038702031666,0.1596146417308386,0.25055432372505543,1.0,0.008064050952098945,0.08608148848913022,0.04707276972061458,0.029034755499132866,0,0,0.02353638486030729,0.014517377749566433,0,0,0,0
P07,V7_video2_pocaluz,poca_luz,840,27.99817589576547,1,0.3154486825281819,0.31397376536232324,0.31692359969404055,0.1612780550328089,0.25055432372505543,1.0,0.011221702304882286,0.18739675718629445,0.09930922974558837,0.08993240732478663,0,0,0.049654614872794184,0.04496620366239332,0,0,0,0
P07,V7_video2_pocaluz,poca_luz,841,28.031507057546147,1,0.31410119439822004,0.3116039524149051,0.3165984363815349,0.161494572455524,0.25055432372505543,1.0,0.014667327382902107,0.19855524512978906,0.10661128625634558,0.09827840736309806,0,0,0.05330564312817279,0.04913920368154903,0,0,0,0
P07,V7_video2_pocaluz,poca_luz,842,28.06483821932682,1,0.31279883743721326,0.3112750121062096,0.3143226627682169,0.16065566716611845,0.25055432372505543,1.0,0.0036764770323467477,0.17514385791349918,0.08941016747292296,0.11812481189455297,0,0,0.04470508373646148,0.059062405947276485,0,0,0,0
P07,V7_video2_pocaluz,poca_luz,843,28.098169381107493,1,0.3136717466923171,0.3112986615004763,0.3160448318841579,0.160270318337113,0.25055432372505543,1.0,0.009621099490519702,0.25458497225315824,0.13210303587183897,0.08916412004269365,0,0,0.06605151793591948,0.04458206002134683,0,0,0,0
P07,V7_video2_pocaluz,poca_luz,844,28.131500542888165,1,0.3119792111932587,0.3098909761693852,0.31406744621713223,0.16075215236140197,0.25055432372505543,1.0,0.011802154103883411,0.3284385824676027,0.17012036828574306,0.15051767777705424,0,0,0.08506018414287153,0.07525883888852712,0,0,0,0
P07,V7_video2_pocaluz,poca_luz,845,28.16483170466884,1,0.31470401998635805,0.3126962259686512,0.3167118140040649,0.16049677268582463,0.25055432372505543,1.0,0.009042894036083493,0.2523358004936851,0.1306893472648843,0.05555549378095299,0,0,0.06534467363244215,0.027777746890476494,0,0,0,0
P07,V7_video2_pocaluz,poca_luz,846,28.19816286644951,1,0.3145188813293315,0.31276299632019305,0.31627476633846996,0.16008093572794824,0.25055432372505543,1.0,0.002830534344142932,0.21580459717469114,0.10931756575941703,0.10847605159538072,0,0,0.05465878287970852,0.05423802579769036,0,0,0,0
P07,V7_video2_pocaluz,poca_luz,847,28.231494028230184,1,0.3133194550415723,0.31256979217524666,0.31406911790789793,0.159936696655167,0.25055432372505543,1.0,0.0026636132437435345,0.18359138915431372,0.09312750119902863,0.11262973908520132,0,0,0.046563750599514314,0.05631486954260066,0,0,0,0
P07,V7_video2_pocaluz,poca_luz,848,28.264825190010857,1,0.315457249698068,0.3147108716350428,0.3162036277610932,0.16043704361807676,0.25055432372505543,1.0,0.016501217283791392,0.08758182324952068,0.05204152026665604,0.10489971985758959,0,0,0.02602076013332802,0.05244985992879479,0,0,0,0
P07,V7_video2_pocaluz,poca_luz,849,28.29815635179153,1,0.31497556597543813,0.31484063286953345,0.3151104990813428,0.16002882832136053,0.25055432372505543,1.0,0.020241868033778254,0.1234022941105376,0.07182208107215793,0.12068308334295702,0,0,0.035911040536078964,0.06034154167147851,0,0,0,0
P07,V7_video2_pocaluz,poca_luz,850,28.331487513572203,1,0.3140309739687209,0.3144649606852411,0.31359698725220064,0.16110495342126113,0.25055432372505543,1.0,0.04957715842065458,0.28910127608429936,0.16933921725247697,0.14069183805539334,0,0,0.08466960862623849,0.07034591902769667,0,0,0,0
P07,V7_video2_pocaluz,poca_luz,851,28.364818675352875,1,0.31261494116394584,0.3129091768261224,0.3123207055017692,0.16026181037878337,0.25055432372505543,1.0,0.02004829384762863,0.2056199463927907,0.11283412012020966,0.14673752609451937,0,0,0.05641706006010483,0.07336876304725969,0,0,0,0
P07,V7_video2_pocaluz,poca_luz,852,28.398149837133552,1,0.3117477047256648,0.312569369952987,0.3109260394983427,0.1604231404166709,0.25055432372505543,1.0,0.03469355307472888,0.18364780437343253,0.1091706787240807,0.09751582186901339,0,0,0.05458533936204035,0.048757910934506696,0,0,0,0
P07,V7_video2_pocaluz,poca_luz,853,28.431480998914225,1,0.3061404000544832,0.30642171271820795,0.30585908739075846,0.160102677815516,0.25055432372505543,1.0,0.0247900087636852,0.05171636996836737,0.038253189366026286,0.05195508833428674,0,0,0.019126594683013143,0.02597754416714337,0,0,0,0
P07,V7_video2_pocaluz,poca_luz,854,28.464812160694898,1,0.3057834716640836,0.3065309454091295,0.3050359979190377,0.16051079231324947,0.25055432372505543,1.0,0.010861140377242284,0.28320566971564576,0.14703340504644402,0.056519318909326766,0,0,0.07351670252322201,0.028259659454663383,0,0,0,0
P07,V7_video2_pocaluz,poca_luz,855,28.49814332247557,1,0.3045177278017903,0.3046984552799908,0.3043370003235899,0.16043050745519025,0.25055432372505543,1.0,0.041703448497236284,0.6357980401937244,0.33875074434548036,0.05707928838326319,0,0,0.16937537217274018,0.028539644191631595,0,0,0,0
P07,V7_video2_pocaluz,poca_luz,856,28.531474484256243,1,0.30107880118107494,0.3008997406969595,0.30125786166519036,0.15823104965146254,0.25055432372505543,1.0,0.036117252389286314,0.294739685157297,0.16542846877329165,0.07000348397696414,0,0,0.08271423438664582,0.03500174198848207,0,0,0,0
P07,V7_video2_pocaluz,poca_luz,857,28.564805646036916,1,0.30025744808895216,0.2999707449583662,0.3005441512195381,0.16101047177166744,0.25055432372505543,1.0,0.05742527023266453,0.2190617610038187,0.1382435156182416,0.13324308575819704,0,0,0.0691217578091208,0.06662154287909852,0,0,0,0
P07,V7_video2_pocaluz,poca_luz,858,28.59813680781759,1,0.3002488701936995,0.2991211128914561,0.30137662749594296,0.15854502704709916,0.25055432372505543,1.0,0.13461618967567723,0.2580064980512474,0.19631134386346233,0.173990852660609,0,0,0.09815567193173116,0.0869954263303045,0,0,0,0
P07,V7_video2_pocaluz,poca_luz,859,28.631467969598262,1,0.3013990045938347,0.30085048750500176,0.3019475216826676,0.15796642314339115,0.25055432372505543,1.0,0.022462601574984253,0.24076217470924433,0.1316123881421143,0.03944542909678601,0,0,0.06580619407105714,0.019722714548393003,0,0,0,0
P07,V7_video2_pocaluz,poca_luz,860,28.664799131378935,1,0.3008837072757574,0.3009120235231117,0.3008553910284031,0.1594751465585323,0.25055432372505543,1.0,0.03396369645051711,0.19868480339276373,0.11632424992164042,0.024774773629788735,0,0,0.05816212496082021,0.012387386814894367,0,0,0,0
P07,V7_video2_pocaluz,poca_luz,861,28.698130293159608,1,0.30188058106285376,0.3016506395223658,0.3021105226033417,0.15844365930824966,0.25055432372505543,1.0,0.063146251429126,0.1652554958001683,0.11420087361464715,0.044756585504647776,0,0,0.057100436807323574,0.022378292752323888,0,0,0,0
P07,V7_video2_pocaluz,poca_luz,862,28.73146145494028,1,0.30179378666082013,0.30210626257721745,0.30148131074442275,0.15880596769717994,0.25055432372505543,1.0,0.011107688993183706,0.43337090275152,0.22223929587235186,0.04316658038539746,0,0,0.11111964793617593,0.02158329019269873,0,0,0,0
P07,V7_video2_pocaluz,poca_luz,863,28.764792616720957,1,0.307162313035622,0.3088111264159926,0.30551349965525143,0.16000774295784945,0.25055432372505543,1.0,0.040989251046909536,0.26582426085064503,0.15340675594877728,0.1114833524119331,0,0,0.07670337797438864,0.05574167620596655,0,0,0,0
P07,V7_video2_pocaluz,poca_luz,864,28.79812377850163,1,0.30698236600698975,0.3056072629584042,0.3083574690555753,0.161921870924251,0.25055432372505543,1.0,0.030446600519076772,0.14627047678008664,0.08835853864958171,0.07049004895173505,0,0,0.044179269324790854,0.035245024475867526,0,0,0,0
P07,V7_video2_pocaluz,poca_luz,865,28.831454940282303,1,0.3137517455339524,0.3124349628358217,0.31506852823208314,0.16054435208092951,0.25055432372505543,1.0,0.007583594242070335,0.3467246830407207,0.1771541386413955,0.029093774030772467,0,0,0.08857706932069775,0.014546887015386234,0,0,0,0
P07,V7_video2_pocaluz,poca_luz,866,28.864786102062975,1,0.3155589909780756,0.3135815567231708,0.3175364252329804,0.16098368885212475,0.25055432372505543,1.0,0.0022883443099994683,0.1134338741296832,0.057861109219841333,0.05465414141460728,0,0,0.028930554609920667,0.02732707070730364,0,0,0,0
P07,V7_video2_pocaluz,poca_luz,867,28.89811726384365,1,0.3150756589964667,0.31229626601510424,0.3178550519778292,0.1605089046357741,0.25055432372505543,1.0,0.0069870712612500885,0.02699952853210441,0.01699329989667725,0.08044472690734145,0,0,0.008496649948338625,0.04022236345367072,0,0,0,0
P07,V7_video2_pocaluz,poca_luz,868,28.93144842562432,1,0.3137745066331873,0.3117958588213671,0.31575315444500746,0.1610768053117969,0.25055432372505543,1.0,0.009797763257811676,0.23497554438159385,0.12238665381970276,0.05711072204124178,0,0,0.06119332690985138,0.02855536102062089,0,0,0,0
P07,V7_video2_pocaluz,poca_luz,869,28.964779587404994,1,0.3158901365774453,0.31321825114439655,0.31856202201049405,0.1598383497534501,0.25055432372505543,1.0,0.029062521171889122,0.0881772388458959,0.05861988000889251,0.10912204527281918,0,0,0.029309940004446255,0.05456102263640959,0,0,0,0
P07,V7_video2_pocaluz,poca_luz,870,28.998110749185667,1,0.308230762209903,0.3059242692609067,0.3105372551588992,0.16057020151664544,0.25055432372505543,1.0,0.002304858735703297,0.18433246678879123,0.09331866276224726,0.3124547777594352,0,0,0.04665933138112363,0.1562273888797176,0,0,0,0
P07,V7_video2_pocaluz,poca_luz,871,29.03144191096634,1,0.3109373559148926,0.3083367840407992,0.313537927788986,0.1598657615025527,0.25055432372505543,1.0,0.0007454295406804645,0.09132532355039658,0.04603537654553852,0.19207772421940525,0,0,0.02301768827276926,0.09603886210970262,0,0,0,0
P07,V7_video2_pocaluz,poca_luz,872,29.064773072747013,1,0.31216195345104647,0.30771733096039605,0.31660657594169694,0.16229685813581213,0.25055432372505543,1.0,0.022030784656925095,0.06622619080560421,0.044128487731264654,0.04466128407314868,0,0,0.022064243865632327,0.02233064203657434,0,0,0,0
P07,V7_video2_pocaluz,poca_luz,873,29.098104234527685,1,0.3106259534021143,0.30873674473741736,0.3125151620668113,0.15927342944906836,0.25055432372505543,1.0,0.0405282670238718,0.1683363258057744,0.1044322964148231,0.17832197112591547,0,0,0.05221614820741155,0.08916098556295773,0,0,0,0
P07,V7_video2_pocaluz,poca_luz,874,29.131435396308362,1,0.30435976655210606,0.30527832156113544,0.30344121154307674,0.15949910860113745,0.25055432372505543,1.0,0.018972169446545784,0.11298166573376978,0.06597691759015778,0.07917009458809574,0,0,0.03298845879507889,0.03958504729404787,0,0,0,0
P07,V7_video2_pocaluz,poca_luz,875,29.164766558089035,1,0.30891089621382395,0.308432493837803,0.3093892985898448,0.1589947776706212,0.25055432372505543,1.0,0.03449199712019946,0.17013798127926327,0.10231498919973137,0.06396001008960485,0,0,0.05115749459986568,0.031980005044802425,0,0,0,0
P07,V7_video2_pocaluz,poca_luz,876,29.198097719869708,1,0.3109953372012332,0.31116338171372854,0.3108272926887378,0.15965013297026034,0.25055432372505543,1.0,0.005755908724178083,0.32683612777555404,0.16629601824986606,0.1848280131281663,0,0,0.08314800912493303,0.09241400656408315,0,0,0,0
P07,V7_video2_pocaluz,poca_luz,877,29.23142888165038,1,0.3170058516757096,0.31740899815708284,0.3166027051943364,0.1579709316321461,0.25055432372505543,1.0,0.005623717661427108,0.10445887678381294,0.05504129722262002,0.1818215456112005,0,0,0.02752064861131001,0.09091077280560025,0,0,0,0
P07,V7_video2_pocaluz,poca_luz,878,29.264760043431053,1,0.3155941454345764,0.3143520068521883,0.3168362840169645,0.15968821128009714,0.25055432372505543,1.0,0.05634804361045331,0.049878366058117574,0.053113204834285443,0.13330882507042977,0,0,0.026556602417142722,0.06665441253521488,0,0,0,0
P07,V7_video2_pocaluz,poca_luz,879,29.298091205211726,1,0.31356540137885835,0.31153505777670837,0.3155957449810083,0.15910438062164423,0.25055432372505543,1.0,0.07632054134158983,0.12843976240851818,0.102380151875054,0.10604367369177693,0,0,0.051190075937527,0.053021836845888466,0,0,0,0
P07,V7_video2_pocaluz,poca_luz,880,29.3314223669924,1,0.3137553029074321,0.31163505229281097,0.3158755535220532,0.15928611790496566,0.25055432372505543,1.0,0.08041032456367447,0.06956140112312204,0.07498586284339825,0.11625982206536438,0,0,0.03749293142169913,0.05812991103268219,0,0,0,0
P07,V7_video2_pocaluz,poca_luz,881,29.364753528773072,1,0.3095602901059714,0.3096597012124723,0.30946087899947056,0.15945774765560464,0.25055432372505543,1.0,0.12181227733408095,0.17085788434883775,0.14633508084145935,0.1096012846964362,0,0,0.07316754042072968,0.0548006423482181,0,0,0,0
P07,V7_video2_pocaluz,poca_luz,882,29.398084690553745,1,0.3132212312716537,0.3129881030653642,0.31345435947794326,0.1592590957658584,0.25055432372505543,1.0,0.030101082019131642,0.07422119640170854,0.05216113921042009,0.09304867031142162,0,0,0.026080569605210047,0.04652433515571081,0,0,0,0
P07,V7_video2_pocaluz,poca_luz,883,29.431415852334418,1,0.3107532712792624,0.31004013470596115,0.31146640785256363,0.15885207922050834,0.25055432372505543,1.0,0.012560565551219871,0.11468339573688724,0.06362198064405356,0.04299282203797666,0,0,0.03181099032202678,0.02149641101898833,0,0,0,0
P07,V7_video2_pocaluz,poca_luz,884,29.46474701411509,1,0.3141455123796818,0.3133700398635126,0.31492098489585096,0.15898885240847,0.25055432372505543,1.0,0.019508879357768683,0.10159571303723336,0.06055229619750102,0.02298771293530538,0,0,0.03027614809875051,0.01149385646765269,0,0,0,0
P07,V7_video2_pocaluz,poca_luz,885,29.498078175895767,1,0.31156267445525776,0.31074520809994804,0.31238014081056753,0.15922948623006103,0.25055432372505543,1.0,0.024835462935623775,0.1316451153279583,0.07824028913179104,0.062195186686390534,0,0,0.03912014456589552,0.031097593343195267,0,0,0,0
P07,V7_video2_pocaluz,poca_luz,886,29.53140933767644,1,0.3107755574914739,0.3099279793555083,0.3116231356274395,0.15946982104229732,0.25055432372505543,1.0,0.0067617625357403455,0.3050989039661788,0.15593033325095956,0.049582539835159076,0,0,0.07796516662547978,0.024791269917579538,0,0,0,0
P07,V7_video2_pocaluz,poca_luz,887,29.564740499457113,1,0.3105421672894831,0.30931357437162393,0.31177076020734223,0.15813745128078824,0.25055432372505543,1.0,0.03200686519127327,0.1543156337424848,0.09316124946687904,0.03283539625949716,0,0,0.04658062473343952,0.01641769812974858,0,0,0,0
P07,V7_video2_pocaluz,poca_luz,888,29.598071661237785,1,0.31401808410892607,0.31292507359840654,0.3151110946194456,0.15991101874924768,0.25055432372505543,1.0,0.0011602742770395746,0.10702836588439824,0.054094320080718905,0.06113421962203615,0,0,0.027047160040359453,0.030567109811018074,0,0,0,0
P07,V7_video2_pocaluz,poca_luz,889,29.63140282301846,1,0.3090770609113712,0.30838739441238666,0.3097667274103557,0.15957032608743665,0.25055432372505543,1.0,0.001226518631382234,0.13767787863248138,0.0694521986319318,0.0333386220473643,0,0,0.0347260993159659,0.01666931102368215,0,0,0,0
P07,V7_video2_pocaluz,poca_luz,890,29.66473398479913,1,0.3092173928568985,0.3088762828392311,0.3095585028745659,0.15966155489638337,0.25055432372505543,1.0,0.010222617268936363,0.05260024916189765,0.031411433215417006,0.05614895931569154,0,0,0.015705716607708503,0.02807447965784577,0,0,0,0
P07,V7_video2_pocaluz,poca_luz,891,29.698065146579804,1,0.30780924646281127,0.3080692307829404,0.3075492621426821,0.16001669231368187,0.25055432372505543,1.0,0.007079317080944891,0.02855897774277505,0.01781914741185997,0.03228145645790551,0,0,0.008909573705929985,0.016140728228952756,0,0,0,0
P07,V7_video2_pocaluz,poca_luz,892,29.731396308360477,1,0.3095238643166296,0.30891882463487924,0.31012890399837995,0.15937751614379997,0.25055432372505543,1.0,0.0009565677491811808,0.18544380230253976,0.09320018502586047,0.08139805644469182,0,0,0.046600092512930236,0.04069902822234591,0,0,0,0
P07,V7_video2_pocaluz,poca_luz,893,29.76472747014115,1,0.3105961148262509,0.31068839120535424,0.3105038384471475,0.16008154673869499,0.25055432372505543,1.0,0.001768228798566862,0.09958166517991918,0.05067494698924302,0.052457844992199576,0,0,0.02533747349462151,0.026228922496099788,0,0,0,0
P07,V7_video2_pocaluz,poca_luz,894,29.798058631921823,1,0.30833351376642393,0.3074989027431819,0.309168124789666,0.1603553835441546,0.25055432372505543,1.0,0.0073292423549358166,0.09493775965287299,0.0511335010039044,0.026931766324022402,0,0,0.0255667505019522,0.013465883162011201,0,0,0,0
P07,V7_video2_pocaluz,poca_luz,895,29.831389793702495,1,0.30893149977586776,0.3078341258166493,0.31002887373508625,0.16022361887810363,0.25055432372505543,1.0,0.007480195113900967,0.5102478068920641,0.2588640010029825,0.023271457552228418,0,0,0.12943200050149126,0.011635728776114209,0,0,0,0
P07,V7_video2_pocaluz,poca_luz,896,29.864720955483172,1,0.309654651472151,0.30876640971829317,0.31054289322600875,0.15994710987284613,0.25055432372505543,1.0,0.0038000691073106774,0.4626575118104682,0.23322879045888945,0.024939679949804634,0,0,0.11661439522944472,0.012469839974902317,0,0,0,0
P07,V7_video2_pocaluz,poca_luz,897,29.898052117263845,1,0.3101826827945918,0.30963309830119795,0.31073226728798564,0.15959270350699822,0.25055432372505543,1.0,0.01667732010783396,0.1026913581026696,0.05968433910525178,0.037403605513267796,0,0,0.02984216955262589,0.018701802756633898,0,0,0,0
P07,V7_video2_pocaluz,poca_luz,898,29.931383279044518,1,0.3093112534133333,0.3090310029744348,0.3095915038522318,0.15819144292244086,0.25055432372505543,1.0,0.007595133490381989,0.05027818082765456,0.028936657159018275,0.09093360303454505,0,0,0.014468328579509138,0.045466801517272525,0,0,0,0
P07,V7_video2_pocaluz,poca_luz,899,29.96471444082519,1,0.3034785655314736,0.3038569657203196,0.3031001653426276,0.1589210616401814,0.25055432372505543,1.0,0.004855096949282656,0.01965094756479535,0.012253022257039003,0.023380998035309488,0,0,0.006126511128519502,0.011690499017654744,0,0,0,0
P07,V7_video2_pocaluz,poca_luz,900,29.998045602605863,1,0.2660948493146815,0.26485318543937625,0.26733651318998686,0.15716111697995946,0.25055432372505543,1.0,0.07606964853846077,0.20681028192742756,0.14143996523294416,0.1082956684837606,0,0,0.07071998261647208,0.0541478342418803,0,0,0,0
P07,V7_video2_pocaluz,poca_luz,901,30.031376764386536,1,0.11608522717469562,0.09733380039810144,0.1348366539512898,0.16037457308581435,0.25277161862527714,1.0,0.05055772182768614,0.2580042159253839,0.15428096887653503,0.25851583228950137,1,0,0.5771404844382675,0.12925791614475068,1,0,0,0
P07,V7_video2_pocaluz,poca_luz,902,30.06470792616721,1,0.025046403533380793,0.018487874028130766,0.031604933038630816,0.16413171173007188,0.2549889135254989,1.0,0.03424811720249743,0.38776028638501336,0.2110042017937554,0.1575688396592996,1,1,0.6055021008968777,0.5787844198296498,1,1,1,0
P07,V7_video2_pocaluz,poca_luz,903,30.098039087947882,1,0.026380144870167748,0.01221633910821039,0.040543950632125104,0.16185579458060922,0.2572062084257206,1.0,0.3048886524268518,0.331395425480675,0.3181420389537634,0.18265643477788973,1,0,0.6590710194768817,0.09132821738894487,1,0,1,0
P07,V7_video2_pocaluz,poca_luz,904,30.131370249728555,1,0.02379246170616039,0.012688921852633477,0.034896001559687306,0.1635906932594113,0.25942350332594233,1.0,0.22594699242952132,0.5147969939358161,0.3703719931826687,0.15968218145987434,1,1,0.6851859965913344,0.5798410907299372,1,1,1,0
P07,V7_video2_pocaluz,poca_luz,905,30.164701411509228,1,0.020090472839692876,0.01464279131634684,0.02553815436303891,0.16471778149460423,0.2616407982261641,1.0,0.4265569426504362,0.27781641367912346,0.35218667816477983,0.1662007450518428,1,1,0.6760933390823899,0.5831003725259214,1,1,1,0
P07,V7_video2_pocaluz,poca_luz,906,30.1980325732899,1,0.024830124187662367,0.015028481285856743,0.03463176708946799,0.16486228850356052,0.2638580931263858,1.0,0.33150075775188925,0.21010087825562263,0.27080081800375594,0.15691664839861744,1,1,0.635400409001878,0.5784583241993088,1,1,1,0
P07,V7_video2_pocaluz,poca_luz,907,30.231363735070577,1,0.02458591572014681,0.013879740137759698,0.035292091302533926,0.16269312610948683,0.2660753880266075,1.0,0.3764974689930509,0.4393975483345044,0.40794750866377766,0.1603410970358245,1,1,0.7039737543318888,0.5801705485179123,1,1,1,0
P07,V7_video2_pocaluz,poca_luz,908,30.26469489685125,1,0.01896170410879086,0.013531576316064248,0.024391831901517474,0.1627886650022172,0.2682926829268293,1.0,0.23873663483612872,0.2552733763279852,0.24700500558205696,0.20205059610118506,1,1,0.6235025027910285,0.6010252980505926,1,1,1,1
P07,V7_video2_pocaluz,poca_luz,909,30.298026058631923,1,0.021757652465498725,0.01738598742199648,0.02612931750900097,0.16414980576172836,0.270509977827051,1.0,0.2066818932788882,0.5515353819007083,0.37910863758979824,0.05339013396444228,1,1,0.6895543187948991,0.5266950669822211,1,1,1,0
P07,V7_video2_pocaluz,poca_luz,910,30.331357220412595,1,0.02715421723142429,0.018448920740378516,0.035859513722470066,0.16237528240751836,0.2727272727272727,1.0,0.1164231136014845,0.43306001942100636,0.2747415665112454,0.10073659160873934,1,0,0.6373707832556227,0.05036829580436967,1,0,1,0
P07,V7_video2_pocaluz,poca_luz,911,30.36468838219327,1,0.026048860171184983,0.019296802773998704,0.03280091756837126,0.1623249633055072,0.2749445676274945,1.0,0.33602164720438654,0.3622432517553228,0.34913244947985467,0.12500781606504943,1,0,0.6745662247399273,0.06250390803252472,1,0,1,0
P07,V7_video2_pocaluz,poca_luz,912,30.39801954397394,1,0.02687027843807293,0.019998790668804098,0.03374176620734176,0.16175966408677145,0.2771618625277162,1.0,0.16057137857966208,0.5079396845200352,0.33425553154984866,0.07894131261711021,1,0,0.6671277657749244,0.039470656308555105,1,0,1,0
P07,V7_video2_pocaluz,poca_luz,913,30.431350705754614,1,0.03024485488517998,0.021530598364581474,0.038959111405778485,0.16053049401103472,0.2793791574279379,1.0,0.2762648854467953,0.5246831166869093,0.40047400106685227,0.07637878285774101,1,0,0.7002370005334262,0.038189391428870505,1,0,1,0
P07,V7_video2_pocaluz,poca_luz,914,30.464681867535287,1,0.028318336473801838,0.015612127459884051,0.041024545487719624,0.1602802327556909,0.28159645232815966,1.0,0.30278397741097285,0.3676515591780075,0.3352177682944902,0.1855584627871168,1,0,0.6676088841472451,0.0927792313935584,1,0,1,0
P07,V7_video2_pocaluz,poca_luz,915,30.49801302931596,1,0.027718183444537456,0.01261646320775057,0.042819903681324344,0.15991801992314306,0.2838137472283814,1.0,0.209667229919983,0.41675467049306303,0.313210950206523,0.1483054880858061,1,0,0.6566054751032615,0.07415274404290305,1,0,1,0
P07,V7_video2_pocaluz,poca_luz,916,30.531344191096633,1,0.031092394810961897,0.014336038905195058,0.047848750716728734,0.15959402866010278,0.2860310421286031,1.0,0.251162495245685,0.6601611087341501,0.45566180198991757,0.08978928269762373,1,0,0.7278309009949588,0.04489464134881187,1,0,1,0
P07,V7_video2_pocaluz,poca_luz,917,30.564675352877305,1,0.03385802832468297,0.01523443213804908,0.05248162451131687,0.1597759250347708,0.28824833702882485,1.0,0.14663911861322432,0.35040284749321493,0.24852098305321962,0.04870462253719547,1,0,0.6242604915266098,0.024352311268597736,1,0,1,0
P07,V7_video2_pocaluz,poca_luz,918,30.598006514657982,1,0.033163010561273354,0.016363467004365334,0.04996255411818138,0.1605098797017714,0.29046563192904656,1.0,0.16765961501928706,0.34729669206193403,0.25747815354061054,0.08266273252093383,1,0,0.6287390767703053,0.04133136626046691,1,0,1,0
P07,V7_video2_pocaluz,poca_luz,919,30.631337676438655,1,0.0332076016358601,0.015343364724324559,0.05107183854739564,0.16072979345019556,0.2926829268292683,1.0,0.21988454718761896,0.3074146134935204,0.2636495803405697,0.047734278807641244,1,0,0.6318247901702848,0.023867139403820622,1,0,1,0
P07,V7_video2_pocaluz,poca_luz,920,30.664668838219328,1,0.03417356796346452,0.016955319057518174,0.05139181686941086,0.16018996018195478,0.29490022172949004,1.0,0.15513753959505305,0.2848650768494875,0.22000130822227026,0.09575351797780443,1,0,0.6100006541111351,0.047876758988902215,1,0,1,0
P07,V7_video2_pocaluz,poca_luz,921,30.698,1,0.03699804356493297,0.01904711081120894,0.05494897631865701,0.16040806311125497,0.29711751662971175,1.0,0.2492402943298817,0.1113297723932174,0.18028503336154955,0.03035062204814588,1,0,0.5901425166807748,0.01517531102407294,1,0,1,0
P07,V7_video2_pocaluz,poca_luz,922,30.731331161780673,1,0.032956626666062375,0.019433938790686178,0.046479314541438575,0.16232028470333554,0.29933481152993346,1.0,0.195027336740202,0.40661956167822366,0.30082344920921283,0.06942172552042507,1,0,0.6504117246046064,0.034710862760212534,1,0,1,0
P07,V7_video2_pocaluz,poca_luz,923,30.764662323561346,1,0.03743434433612583,0.022272764546578745,0.05259592412567292,0.16429429007105936,0.30155210643015523,1.0,0.26955659633909124,0.36000442939320987,0.31478051286615055,0.15912206499312792,1,1,0.6573902564330752,0.579561032496564,1,1,1,0
P07,V7_video2_pocaluz,poca_luz,924,30.79799348534202,1,0.030684263219399,0.017983849472601524,0.043384676966196474,0.16361812823905142,0.30376940133037694,1.0,0.189903314673885,0.49604450967584124,0.3429739121748631,0.045431158290198934,1,1,0.6714869560874316,0.5227155791450995,1,1,1,0
P07,V7_video2_pocaluz,poca_luz,925,30.831324647122692,1,0.03270266500206016,0.01858405139871071,0.04682127860540961,0.1642166242083165,0.30598669623059865,1.0,0.23260921764418985,0.48370446915883103,0.35815684340151044,0.07120081925073761,1,1,0.6790784217007553,0.5356004096253688,1,1,1,0
P07,V7_video2_pocaluz,poca_luz,926,30.864655808903365,1,0.032650155966595124,0.019528393197885276,0.045771918735304964,0.16364173296166945,0.3082039911308204,1.0,0.23260921764418985,0.6554332663406396,0.4440212419924147,0.05368908780609968,1,1,0.7220106209962074,0.5268445439030498,1,1,1,0
P07,V7_video2_pocaluz,poca_luz,927,30.897986970684038,1,0.035433056950216965,0.021243220485685915,0.049622893414748015,0.164325196381549,0.31042128603104213,1.0,0.45092703682010526,0.6160364133613575,0.5334817250907313,0.05645927694702532,1,1,0.7667408625453657,0.5282296384735127,1,1,1,0
P07,V7_video2_pocaluz,poca_luz,928,30.93131813246471,1,0.03347431353214075,0.019671587583885215,0.04727703948039628,0.1623949788071053,0.31263858093126384,1.0,0.46670699590182574,0.3006019004988567,0.3836544482003412,0.05854647487835725,1,0,0.6918272241001706,0.029273237439178625,1,0,1,0
P07,V7_video2_pocaluz,poca_luz,929,30.964649294245387,1,0.03379956213684521,0.019589991062979713,0.048009133210710694,0.16272369662848496,0.3148558758314856,1.0,0.17514158462300866,0.49457082629574334,0.334856205459376,0.08334159735515317,1,1,0.667428102729688,0.5416707986775766,1,1,1,0
P07,V7_video2_pocaluz,poca_luz,930,30.99798045602606,1,0.04361328491270691,0.026553540377270143,0.06067302944814368,0.16114721387397088,0.3170731707317073,1.0,0.20507148524832697,0.39116429709194456,0.29811789117013576,0.16134060913936346,1,0,0.6490589455850679,0.08067030456968173,1,0,1,0
P07,V7_video2_pocaluz,poca_luz,931,31.031311617806733,1,0.037135815537118894,0.020539651366419172,0.053731979707818615,0.16188843018853186,0.31929046563192903,1.0,0.38402469892784197,0.43655489739247844,0.4102897981601602,0.3121616897935892,1,0,0.7051448990800802,0.1560808448967946,1,0,1,0
P07,V7_video2_pocaluz,poca_luz,932,31.064642779587405,1,0.039103193177210276,0.02415360739028018,0.054052778964140374,0.16085674142874903,0.3215077605321508,1.0,0.37276900680922076,0.6690837649425364,0.5209263858758786,0.1632476439398195,1,0,0.7604631929379393,0.08162382196990975,1,0,1,0
P07,V7_video2_pocaluz,poca_luz,933,31.09797394136808,1,0.044272230359540046,0.0292380437701422,0.0593064169489379,0.15794950393679055,0.3237250554323725,1.0,0.2905921361852376,0.29045266939880265,0.29052240279202013,0.12092041488407021,1,0,0.6452612013960101,0.060460207442035105,1,0,1,0
P07,V7_video2_pocaluz,poca_luz,934,31.13130510314875,1,0.03864690617231441,0.022833955616959504,0.054459856727669315,0.15829569230915208,0.3259423503325942,1.0,0.3077984304683211,0.2524416321284991,0.2801200312984101,0.10178334117015206,1,0,0.6400600156492051,0.05089167058507603,1,0,1,0
P07,V7_video2_pocaluz,poca_luz,935,31.164636264929424,1,0.03845790933478313,0.027390755916260563,0.049525062753305704,0.15826353730613021,0.328159645232816,1.0,0.26277603784925563,0.2522409481551381,0.25750849300219686,0.07957988466649193,1,0,0.6287542465010985,0.03978994233324597,1,0,1,0
P07,V7_video2_pocaluz,poca_luz,936,31.197967426710097,1,0.0361865695469485,0.023569183553392846,0.048803955540504165,0.16096715026205463,0.3303769401330377,1.0,0.397098624704043,0.2374366666247535,0.31726764566439825,0.05538515909521546,1,0,0.6586338228321991,0.02769257954760773,1,0,1,0
P07,V7_video2_pocaluz,poca_luz,937,31.23129858849077,1,0.033029356625038746,0.021189791955605185,0.04486892129447231,0.1594047215368324,0.3325942350332594,1.0,0.37735202285854796,0.2996244777387177,0.33848825029863283,0.054389997960065335,1,0,0.6692441251493164,0.027194998980032668,1,0,1,0
P07,V7_video2_pocaluz,poca_luz,938,31.264629750271443,1,0.03317155509565706,0.02231846614004329,0.04402464405127082,0.15774421190607268,0.3348115299334812,1.0,0.3555075316187515,0.59458053213113,0.47504403187494076,0.1204677887713607,1,0,0.7375220159374704,0.06023389438568035,1,0,1,0
P07,V7_video2_pocaluz,poca_luz,939,31.297960912052115,1,0.03049061173144018,0.021808111908792453,0.03917311155408791,0.1578394600333106,0.3370288248337029,1.0,0.41492764037657304,0.6282680329757167,0.5215978366761449,0.04283596583773739,1,0,0.7607989183380724,0.021417982918868695,1,0,1,0
P07,V7_video2_pocaluz,poca_luz,940,31.331292073832792,1,0.02959091950242995,0.023089859292466534,0.03609197971239336,0.15946690416244397,0.3392461197339246,1.0,0.2785170090939797,0.4878384769562051,0.3831777430250924,0.11262707031258001,1,0,0.6915888715125462,0.05631353515629001,1,0,1,0
P07,V7_video2_pocaluz,poca_luz,941,31.364623235613465,1,0.03568217951999986,0.02839007782847407,0.04297428121152565,0.15856482094020047,0.34146341463414637,1.0,0.21175377174950172,0.54373178434464,0.37774277804707085,0.04652064981941113,1,0,0.6888713890235354,0.023260324909705567,1,0,1,0
P07,V7_video2_pocaluz,poca_luz,942,31.397954397394138,1,0.03458207447821754,0.02699531270444725,0.04216883625198782,0.15994771149471418,0.3436807095343681,1.0,0.504505251605724,0.7613907769333322,0.6329480142695281,0.018120953390694146,1,0,0.816474007134764,0.009060476695347073,1,0,1,0
P07,V7_video2_pocaluz,poca_luz,943,31.43128555917481,1,0.027861496461789308,0.017546956978811503,0.038176035944767116,0.16020907245844082,0.3458980044345898,1.0,0.3236803706414938,0.5817548769285135,0.45271762378500363,0.024668692674371388,1,0,0.7263588118925018,0.012334346337185694,1,0,1,0
P07,V7_video2_pocaluz,poca_luz,944,31.464616720955483,1,0.023862566289495086,0.015609455980441639,0.03211567659854853,0.16029609032882874,0.34811529933481156,1.0,0.1798710745370441,0.7379157960588403,0.4588934352979422,0.043888486450533476,1,0,0.7294467176489711,0.021944243225266738,1,0,1,0
P07,V7_video2_pocaluz,poca_luz,945,31.497947882736156,1,0.028128693710251795,0.019342269083167676,0.03691511833733591,0.16102574708720435,0.35033259423503327,1.0,0.3891604941257636,0.34160826492478047,0.36538437952527203,0.07088447611079818,1,0,0.682692189762636,0.03544223805539909,1,0,1,0
P07,V7_video2_pocaluz,poca_luz,946,31.53127904451683,1,0.03385917533072136,0.022444853427915187,0.04527349723352753,0.16130949752402587,0.352549889135255,1.0,0.46874157046670195,0.4593365907021213,0.4640390805844116,0.2281099852606943,1,0,0.7320195402922058,0.11405499263034714,1,0,1,0
P07,V7_video2_pocaluz,poca_luz,947,31.564610206297502,1,0.02830910718231684,0.017361795540375015,0.03925641882425866,0.16031461827731924,0.35476718403547675,1.0,0.5810335813504315,0.4646352752971854,0.5228344283238084,0.06326816800632488,1,0,0.7614172141619042,0.03163408400316244,1,0,1,0
P07,V7_video2_pocaluz,poca_luz,948,31.597941368078175,1,0.02748941001458617,0.021745419300253695,0.033233400728918644,0.16241078349871965,0.35698447893569846,1.0,0.3445318028337534,0.4608510236118224,0.4026914132227879,0.020800905799376768,1,1,0.701345706611394,0.5104004528996884,1,1,1,0
P07,V7_video2_pocaluz,poca_luz,949,31.631272529858848,1,0.03010285355690197,0.021721116255745368,0.038484590858058575,0.16128601551929064,0.35920177383592017,1.0,0.6394010476282685,0.24160380612614096,0.44050242687720476,0.0677618807657531,1,0,0.7202512134386023,0.03388094038287655,1,0,1,0
P07,V7_video2_pocaluz,poca_luz,950,31.66460369163952,1,0.034319017349197824,0.020723699542872787,0.04791433515552286,0.16139828888505298,0.3614190687361419,1.0,0.6557066375956235,0.22722732921002442,0.441466983402824,0.06067858941708298,1,0,0.720733491701412,0.03033929470854149,1,0,1,0
P07,V7_video2_pocaluz,poca_luz,951,31.697934853420197,1,0.02904859342242814,0.018689313886954346,0.039407872957901935,0.1629665885515059,0.36363636363636365,1.0,0.30773341397090204,0.12368805555815898,0.2157107347645305,0.026774990704624975,1,1,0.6078553673822653,0.5133874953523125,1,1,1,0
P07,V7_video2_pocaluz,poca_luz,952,31.73126601520087,1,0.026250449507573843,0.01689662009032352,0.035604278924824165,0.16317849493862602,0.36585365853658536,1.0,0.39542121585254886,0.4635181653340783,0.4294696905933136,0.032304106191289594,1,1,0.7147348452966568,0.5161520530956448,1,1,1,0
P07,V7_video2_pocaluz,poca_luz,953,31.764597176981543,1,0.028061600818326777,0.01961163969482909,0.036511561941824464,0.16584768291535415,0.36807095343680707,1.0,0.2709865348585544,0.5661739835219897,0.41858025919027203,0.029142302997283976,1,1,0.709290129595136,0.514571151498642,1,1,1,0
P07,V7_video2_pocaluz,poca_luz,954,31.797928338762215,1,0.028784679780327574,0.020032559023122804,0.03753680053753234,0.1637722805178862,0.37028824833702884,1.0,0.33694178961542254,0.5053397771058848,0.4211407833606537,0.03408698404802831,1,1,0.7105703916803269,0.5170434920240141,1,1,1,0
P07,V7_video2_pocaluz,poca_luz,955,31.831259500542888,1,0.028439765959676032,0.020773175650796293,0.036106356268555774,0.16259982874616835,0.37250554323725055,1.0,0.28473487883118487,0.3322772889173884,0.30850608387428663,0.035507415875947086,1,1,0.6542530419371433,0.5177537079379736,1,1,1,0
P07,V7_video2_pocaluz,poca_luz,956,31.86459066232356,1,0.027514558294200357,0.0197172209384779,0.03531189564992281,0.16247588694783266,0.37472283813747226,1.0,0.28600240345917505,0.24551043385391347,0.26575641865654426,0.020770183652721264,1,1,0.6328782093282721,0.5103850918263606,1,1,1,0
P07,V7_video2_pocaluz,poca_luz,957,31.897921824104234,1,0.02924667157591971,0.01980492185872859,0.03868842129311083,0.1628462243738151,0.376940133037694,1.0,0.25362328943666657,0.2480424750338679,0.25083288223526723,0.040408450675563125,1,1,0.6254164411176336,0.5202042253377815,1,1,1,0
P07,V7_video2_pocaluz,poca_luz,958,31.931252985884907,1,0.029596317604214842,0.019345445685550387,0.039847189522879294,0.16224464524146856,0.37915742793791574,1.0,0.47479473815441275,0.26597255564729416,0.37038364690085346,0.0102999459758349,1,0,0.6851918234504267,0.00514997298791745,1,0,1,0
P07,V7_video2_pocaluz,poca_luz,959,31.96458414766558,1,0.031271036746506345,0.01932456588122451,0.04321750761178818,0.1618429359093945,0.38137472283813745,1.0,0.28524742767727695,0.332370395444912,0.30880891156109447,0.017835393975885083,1,0,0.6544044557805473,0.008917696987942541,1,0,1,0
P07,V7_video2_pocaluz,poca_luz,960,31.997915309446253,1,0.02834140500255075,0.016864422172074876,0.039818387833026624,0.1632883736291961,0.38137472283813745,1.0,0.2591076940967769,0.29617793278623084,0.2776428134415039,0.02800421064468981,1,1,0.6388214067207519,0.5140021053223449,1,1,1,0
P07,V7_video2_pocaluz,poca_luz,961,32.03124647122693,1,0.029976921976494465,0.01826299560085845,0.04169084835213048,0.16413110417504828,0.38137472283813745,1.0,0.21158552580720402,0.6193345745484167,0.41546005017781035,0.09657104472776387,1,1,0.7077300250889051,0.548285522363882,1,1,1,0
P07,V7_video2_pocaluz,poca_luz,962,32.0645776330076,1,0.03398415174132091,0.01980297773948552,0.04816532574315631,0.1627419815878412,0.38137472283813745,1.0,0.1916549251395928,0.1566876684844818,0.1741712968120373,0.06688918930127535,1,1,0.5870856484060186,0.5334445946506376,1,1,1,0
P07,V7_video2_pocaluz,poca_luz,963,32.097908794788275,1,0.03624673665861467,0.022706983449739822,0.04978648986748952,0.1609179501997947,0.3835920177383592,1.0,0.28680140405686105,0.1267706695684111,0.20678603681263608,0.07572687875632822,1,0,0.6033930184063181,0.03786343937816411,1,0,1,0
P07,V7_video2_pocaluz,poca_luz,964,32.13123995656895,1,0.030644548141377348,0.016148163304362296,0.045140932978392403,0.1618130300731781,0.3858093126385809,1.0,0.35600121202532164,0.11874344364069755,0.2373723278330096,0.04770584928511314,1,0,0.6186861639165048,0.02385292464255657,1,0,1,0
P07,V7_video2_pocaluz,poca_luz,965,32.16457111834962,1,0.030550740906779096,0.016735322076845242,0.04436615973671295,0.16139931565290372,0.38802660753880264,1.0,0.281161838669018,0.09784130137172586,0.18950157002037193,0.0569658570129326,1,0,0.594750785010186,0.0284829285064663,1,0,1,0
P07,V7_video2_pocaluz,poca_luz,966,32.19790228013029,1,0.03499886717643007,0.02195440797356931,0.048043326379290825,0.16156921087740442,0.3902439024390244,1.0,0.17496838350043964,0.37145277847264446,0.27321058098654205,0.0386217035158781,1,0,0.6366052904932711,0.01931085175793905,1,0,1,0
P07,V7_video2_pocaluz,poca_luz,967,32.231233441910966,1,0.030451004980459627,0.01821296366107505,0.042689046299844206,0.16168115976507008,0.3924611973392461,1.0,0.20363152738414858,0.3755388990318944,0.2895852132080215,0.052220967586753986,1,0,0.6447926066040107,0.026110483793376993,1,0,1,0
P07,V7_video2_pocaluz,poca_luz,968,32.26456460369164,1,0.025615011411454357,0.01688755891429994,0.034342463908608775,0.1633362943955559,0.3946784922394678,1.0,0.2605324695678156,0.6216892300904275,0.4411108498291216,0.06289048420739697,1,1,0.7205554249145608,0.5314452421036985,1,1,1,0
P07,V7_video2_pocaluz,poca_luz,969,32.29789576547231,1,0.027206823674529243,0.01903657972907853,0.035377067619979954,0.16352626137942258,0.3968957871396896,1.0,0.4433707080458732,0.4094852298515578,0.4264279689487155,0.03752464113154012,1,1,0.7132139844743577,0.5187623205657701,1,1,1,0
P07,V7_video2_pocaluz,poca_luz,970,32.331226927252985,1,0.029880064460050655,0.02027709641795241,0.0394830325021489,0.16227805543288004,0.3991130820399113,1.0,0.5717486291178424,0.3369977473883845,0.45437318825311346,0.04129742899164128,1,0,0.7271865941265567,0.02064871449582064,1,0,1,0
P07,V7_video2_pocaluz,poca_luz,971,32.36455808903366,1,0.029008110020301528,0.019538348316464702,0.03847787172413836,0.1626060848261475,0.401330376940133,1.0,0.4440316995081982,0.5150006012705395,0.47951615038936884,0.05204585814760431,1,1,0.7397580751946844,0.5260229290738021,1,1,1,0
P07,V7_video2_pocaluz,poca_luz,972,32.39788925081433,1,0.02971713577307239,0.020437044833893313,0.03899722671225147,0.16288911937339295,0.4035476718403548,1.0,0.30195096055647797,0.30028407720225836,0.30111751887936816,0.020456941698400444,1,1,0.6505587594396841,0.5102284708492002,1,1,1,0
P07,V7_video2_pocaluz,poca_luz,973,32.431220412595,1,0.0303120875823098,0.021135596606278607,0.039488578558340995,0.1635670999596559,0.4057649667405765,1.0,0.430960688655616,0.1298920006124793,0.28042634463404764,0.03416458735885008,1,1,0.6402131723170238,0.517082293679425,1,1,1,0
P07,V7_video2_pocaluz,poca_luz,974,32.464551574375676,1,0.027454999405559205,0.02138351313797081,0.033526485673147595,0.1636812014236002,0.4079822616407982,1.0,0.25067347661227535,0.2718018791764353,0.2612376778943553,0.022030322346911567,1,1,0.6306188389471776,0.5110151611734558,1,1,1,0
P07,V7_video2_pocaluz,poca_luz,975,32.49788273615635,1,0.03247686298255968,0.02080147550969938,0.04415225045541999,0.16385731341372192,0.41019955654101997,1.0,0.24153402497429455,0.32453352058755414,0.28303377278092434,0.04927634620510671,1,1,0.6415168863904621,0.5246381731025533,1,1,1,0
P07,V7_video2_pocaluz,poca_luz,976,32.53121389793702,1,0.03785963510650228,0.02680652606712517,0.04891274414587939,0.16244908790907372,0.4124168514412417,1.0,0.30183320556202464,0.4647494420900581,0.38329132382604136,0.04464865150300136,1,1,0.6916456619130207,0.5223243257515007,1,1,1,0
P07,V7_video2_pocaluz,poca_luz,977,32.564545059717695,1,0.052086406718434286,0.04144816687598614,0.06272464656088243,0.16110323524077866,0.4146341463414634,1.0,0.3584872140343106,0.23425305528489748,0.29637013465960405,0.04571476356845511,1,0,0.648185067329802,0.022857381784227554,1,0,1,0
P07,V7_video2_pocaluz,poca_luz,978,32.597876221498375,1,0.04664576150743382,0.03421502638202655,0.059076496632841084,0.16007475574929625,0.41685144124168516,1.0,0.5778400085960688,0.3179782229003194,0.4479091157481941,0.019938099358543564,1,0,0.723954557874097,0.009969049679271782,1,0,1,0
P07,V7_video2_pocaluz,poca_luz,979,32.63120738327905,1,0.03904993409919596,0.026841066034735135,0.05125880216365678,0.15935366565638207,0.4190687361419069,1.0,0.3283354409628335,0.34890063846063935,0.33861803971173643,0.03698144321443605,1,0,0.6693090198558682,0.018490721607218024,1,0,1,0
P07,V7_video2_pocaluz,poca_luz,980,32.66453854505972,1,0.03725721339595565,0.024513306555445827,0.05000112023646547,0.16396664700103772,0.4212860310421286,1.0,0.3424700960888072,0.6073277711127759,0.47489893360079155,0.10447275030940686,1,1,0.7374494668003958,0.5522363751547035,1,1,1,0
P07,V7_video2_pocaluz,poca_luz,981,32.69786970684039,1,0.04031120113120206,0.02325989908067492,0.0573625031817292,0.16209225885596892,0.42350332594235035,1.0,0.4163457139334271,0.24194603070096465,0.3291458723171959,0.05800175276072711,1,0,0.6645729361585979,0.029000876380363555,1,0,1,0
P07,V7_video2_pocaluz,poca_luz,982,32.731200868621066,1,0.044842131972166084,0.02637029950920611,0.06331396443512606,0.1612054957559674,0.42572062084257206,1.0,0.5076580205403483,0.4892619076450683,0.49845996409270826,0.07569222616406307,1,0,0.7492299820463542,0.037846113082031535,1,0,1,0
P07,V7_video2_pocaluz,poca_luz,983,32.76453203040174,1,0.04728341661933942,0.029935614317444036,0.06463121892123481,0.16193385797693002,0.4279379157427938,1.0,0.5015269945399314,0.516453306304225,0.5089901504220782,0.06508050067652743,1,0,0.7544950752110391,0.032540250338263715,1,0,1,0
P07,V7_video2_pocaluz,poca_luz,984,32.79786319218241,1,0.05452547136609708,0.03582694919268288,0.07322399353951128,0.15984690510209523,0.43015521064301554,1.0,0.5998067409575449,0.5140712944020291,0.556939017679787,0.1018387626685678,1,0,0.7784695088398935,0.0509193813342839,1,0,1,0
P07,V7_video2_pocaluz,poca_luz,985,32.831194353963085,1,0.04954483674769699,0.03412852299888067,0.06496115049651331,0.15901846089019292,0.43237250554323725,1.0,0.5798385554033902,0.23852325409830177,0.409180904750846,0.07274142296809227,1,0,0.704590452375423,0.036370711484046137,1,0,1,0
P07,V7_video2_pocaluz,poca_luz,986,32.86452551574376,1,0.04026802770655396,0.024298425034252457,0.05623763037885546,0.1612341595926382,0.43458980044345896,1.0,0.3496556868710362,0.4497834568215028,0.3997195718462695,0.13960079415333662,1,0,0.6998597859231348,0.06980039707666831,1,0,1,0
P07,V7_video2_pocaluz,poca_luz,987,32.89785667752443,1,0.03531533666815733,0.018290818275551315,0.05233985506076335,0.1625690324685791,0.43680709534368073,1.0,0.37968958014070886,0.3856385170479103,0.3826640485943096,0.05584053545484372,1,1,0.6913320242971548,0.5279202677274218,1,1,1,0
P07,V7_video2_pocaluz,poca_luz,988,32.9311878393051,1,0.03442687554764174,0.017940453121007303,0.05091329797427618,0.16309887473600876,0.43902439024390244,1.0,0.45382502079820486,0.5706359911385919,0.5122305059683984,0.07023115734955503,1,1,0.7561152529841992,0.5351155786747775,1,1,1,0
P07,V7_video2_pocaluz,poca_luz,989,32.964519001085776,1,0.032708261602023614,0.0194344162154569,0.04598210698859032,0.16442768547886746,0.44124168514412415,1.0,0.285560780184428,0.2300383003650669,0.25779954027474744,0.06595268736021317,1,1,0.6288997701373737,0.5329763436801066,1,1,1,0
P07,V7_video2_pocaluz,poca_luz,990,32.99785016286645,1,0.03597064428362136,0.02074965594505227,0.051191632622190446,0.16213859274263465,0.4434589800443459,1.0,0.15783489603310208,0.3105296604117126,0.23418227822240734,0.5704947961739183,1,0,0.6170911391112037,0.28524739808695915,1,0,1,0
P07,V7_video2_pocaluz,poca_luz,991,33.03118132464712,1,0.03831326419208568,0.023461611103006177,0.05316491728116519,0.16212362951974077,0.44567627494456763,1.0,0.3291223554264928,0.32347305735772924,0.32629770639211103,0.48834087304031576,1,0,0.6631488531960555,0.24417043652015788,1,0,1,0
P07,V7_video2_pocaluz,poca_luz,992,33.064512486427795,1,0.038518825668308665,0.025202738702160346,0.051834912634456984,0.16168698439797113,0.44789356984478934,1.0,0.3863069389639431,0.32570046205884917,0.3560037005113961,0.29093281151156897,1,0,0.678001850255698,0.14546640575578448,1,0,1,0
P07,V7_video2_pocaluz,poca_luz,993,33.09784364820847,1,0.03887989962705286,0.02881068554025934,0.04894911371384637,0.16125427694590616,0.4501108647450111,1.0,0.5765883508116945,0.4189646049293144,0.49777647787050444,0.23620992403769014,1,0,0.7488882389352522,0.11810496201884507,1,0,1,0
P07,V7_video2_pocaluz,poca_luz,994,33.13117480998914,1,0.033915722312023944,0.029383162229986395,0.03844828239406149,0.16329728431836107,0.4523281596452328,1.0,0.5137027081691795,0.3261836156137896,0.41994316189148456,0.41418001674343674,1,1,0.7099715809457423,0.7070900083717184,1,1,1,1
P07,V7_video2_pocaluz,poca_luz,995,33.16450597176981,1,0.04540654630021423,0.039756901731453194,0.05105619086897526,0.16536363905923687,0.45454545454545453,1.0,0.3212799602004687,0.08121217057676955,0.2012460653886191,0.15381739250906,1,1,0.6006230326943096,0.57690869625453,1,1,1,0
P07,V7_video2_pocaluz,poca_luz,996,33.197837133550486,1,0.05551636980577295,0.056865323461409434,0.05416741615013647,0.16424015533755207,0.4567627494456763,1.0,0.12733620969136417,0.35697974940232746,0.24215797954684581,0.154358233857589,1,1,0.6210789897734229,0.5771791169287945,1,1,1,0
P07,V7_video2_pocaluz,poca_luz,997,33.23116829533116,1,0.13794487203184275,0.16081837100702964,0.11507137305665582,0.16218826981928763,0.458980044345898,1.0,0.2756015854900322,0.3702582186949408,0.3229299020924865,0.12071904020714413,1,0,0.6614649510462433,0.06035952010357207,1,0,1,0
P07,V7_video2_pocaluz,poca_luz,998,33.26449945711183,1,0.2049755357302612,0.21765912896763123,0.19229194249289117,0.16239077321773632,0.458980044345898,1.0,0.029857411456452265,0.4467807372453565,0.23831907435090438,0.08765384874828992,0,0,0.11915953717545219,0.04382692437414496,0,0,0,0
P07,V7_video2_pocaluz,poca_luz,999,33.297830618892505,1,0.22858411417911734,0.23144792289874885,0.2257203054594858,0.15714026546401536,0.458980044345898,1.0,0.014074573684188518,0.2947101980291805,0.15439238585668452,0.14797948969609287,0,0,0.07719619292834226,0.07398974484804643,0,0,0,0
P07,V7_video2_pocaluz,poca_luz,1000,33.331161780673185,1,0.24652768526514873,0.2476267801880044,0.24542859034229308,0.1577241277980068,0.458980044345898,1.0,0.05282739289829508,0.3183028271301199,0.1855651100142075,0.23461058562876147,0,0,0.09278255500710375,0.11730529281438073,0,0,0,0
P07,V7_video2_pocaluz,poca_luz,1001,33.36449294245386,1,0.2617508414177977,0.25981065390046276,0.2636910289351326,0.15778581979016923,0.458980044345898,1.0,0.033986052579375814,0.10361017257723781,0.06879811257830681,0.0719013672775469,0,0,0.03439905628915341,0.03595068363877345,0,0,0,0
P07,V7_video2_pocaluz,poca_luz,1002,33.39782410423453,1,0.25702000926639557,0.25505537217333024,0.25898464635946084,0.15789239830153798,0.458980044345898,1.0,0.0301459338752873,0.14257690173457005,0.08636141780492868,0.01540988756358666,0,0,0.04318070890246434,0.00770494378179333,0,0,0,0
P07,V7_video2_pocaluz,poca_luz,1003,33.4311552660152,1,0.2614706685165261,0.2580743056221763,0.264867031410876,0.15676919061975697,0.458980044345898,1.0,0.03964578284193743,0.02907004365062127,0.03435791324627935,0.0902769413631091,0,0,0.017178956623139674,0.04513847068155455,0,0,0,0
P07,V7_video2_pocaluz,poca_luz,1004,33.464486427795876,1,0.2628449069355878,0.25973428744601695,0.26595552642515863,0.15748657982510644,0.458980044345898,1.0,0.03664853440485849,0.06066497459610587,0.04865675450048218,0.1461152213442153,0,0,0.02432837725024109,0.07305761067210766,0,0,0,0
P07,V7_video2_pocaluz,poca_luz,1005,33.49781758957655,1,0.26732775844977785,0.26489885900553284,0.26975665789402287,0.15653356547142475,0.458980044345898,1.0,0.13899737653772826,0.05884038720018703,0.09891888186895764,0.17280078336406446,0,0,0.04945944093447882,0.08640039168203223,0,0,0,0
P07,V7_video2_pocaluz,poca_luz,1006,33.53114875135722,1,0.26925624391434394,0.2675666214217717,0.2709458664069162,0.15646889019022991,0.458980044345898,1.0,0.04873458945529885,0.06698210598206367,0.05785834771868126,0.12846728157831355,0,0,0.02892917385934063,0.06423364078915678,0,0,0,0
P07,V7_video2_pocaluz,poca_luz,1007,33.564479913137895,1,0.2702576044666217,0.26994007981896645,0.270575129114277,0.15724553106504188,0.458980044345898,1.0,0.07030171509585348,0.17120852471733472,0.1207551199065941,0.11816587261478681,0,0,0.06037755995329705,0.059082936307393405,0,0,0,0
P07,V7_video2_pocaluz,poca_luz,1008,33.59781107491857,1,0.2704323879542141,0.26874394655470335,0.2721208293537249,0.15654475226676126,0.458980044345898,1.0,0.25677174501995714,0.29063942036729706,0.2737055826936271,0.12711594685460484,0,0,0.13685279134681355,0.06355797342730242,0,0,0,0
P07,V7_video2_pocaluz,poca_luz,1009,33.63114223669924,1,0.2717782222980237,0.269950958249704,0.27360548634634335,0.15900709835688207,0.458980044345898,1.0,0.2694491558941178,0.3061328441887913,0.2877910000414545,0.08768838430828724,0,0,0.14389550002072726,0.04384419215414362,0,0,0,0
P07,V7_video2_pocaluz,poca_luz,1010,33.66447339847991,1,0.2713465443382284,0.2699757389772871,0.2727173496991697,0.15666572568022322,0.458980044345898,1.0,0.01316068021744432,0.09519026303025724,0.05417547162385078,0.1174470782057122,0,0,0.02708773581192539,0.0587235391028561,0,0,0,0
P07,V7_video2_pocaluz,poca_luz,1011,33.697804560260586,1,0.27257488476433733,0.27122169791391615,0.2739280716147586,0.15836152571791653,0.458980044345898,1.0,0.04889934342467028,0.03498324472668313,0.041941294075676705,0.11691142647944194,0,0,0.020970647037838352,0.05845571323972097,0,0,0,0
P07,V7_video2_pocaluz,poca_luz,1012,33.73113572204126,1,0.2712818976099645,0.2685214291736671,0.2740423660462619,0.15746524200710074,0.458980044345898,1.0,0.06195493209198377,0.05641817805656646,0.059186555074275116,0.12426592778832841,0,0,0.029593277537137558,0.06213296389416421,0,0,0,0
P07,V7_video2_pocaluz,poca_luz,1013,33.76446688382193,1,0.2732471372030332,0.2709882522958748,0.2755060221101915,0.15855625624284322,0.458980044345898,1.0,0.03684878000767133,0.08605663905931193,0.061452709533491634,0.056890784469683535,0,0,0.030726354766745817,0.028445392234841767,0,0,0,0
P07,V7_video2_pocaluz,poca_luz,1014,33.797798045602605,1,0.2688778587062113,0.26688807514386853,0.27086764226855403,0.15745339781049814,0.458980044345898,1.0,0.037220277641534794,0.20694528355701458,0.12208278059927469,0.23386971578868368,0,0,0.061041390299637344,0.11693485789434184,0,0,0,0
P07,V7_video2_pocaluz,poca_luz,1015,33.83112920738328,1,0.26967773051913346,0.26757954194030087,0.2717759190979661,0.15887536529710766,0.458980044345898,1.0,0.03241958225810637,0.1722935687309084,0.10235657549450738,0.06155769565453192,0,0,0.05117828774725369,0.03077884782726596,0,0,0,0
P07,V7_video2_pocaluz,poca_luz,1016,33.86446036916395,1,0.27164241386763516,0.2699677315480181,0.2733170961872522,0.16069118435859478,0.458980044345898,1.0,0.14648136301754955,0.07722038512674378,0.11185087407214667,0.08715153257279835,0,0,0.05592543703607333,0.04357576628639918,0,0,0,0
P07,V7_video2_pocaluz,poca_luz,1017,33.89779153094462,1,0.27091088418645315,0.2671666601852271,0.2746551081876792,0.15870987041202902,0.458980044345898,1.0,0.0172852662560814,0.04953528320408829,0.033410274730084843,0.12315276662818087,0,0,0.016705137365042422,0.06157638331409043,0,0,0,0
P07,V7_video2_pocaluz,poca_luz,1018,33.931122692725296,1,0.2731086133116427,0.27021769311572447,0.27599953350756096,0.15998650999459682,0.458980044345898,1.0,0.019334016614543148,0.020151287530533413,0.01974265207253828,0.14858004428091567,0,0,0.00987132603626914,0.07429002214045784,0,0,0,0
P07,V7_video2_pocaluz,poca_luz,1019,33.96445385450597,1,0.27213930604401715,0.2682183269448037,0.2760602851432306,0.16063725938606613,0.458980044345898,1.0,0.07587255533585735,0.021388700613470424,0.04863062797466389,0.054220146104967705,0,0,0.024315313987331943,0.027110073052483852,0,0,0,0
P07,V7_video2_pocaluz,poca_luz,1020,33.99778501628664,1,0.27030920451777996,0.2689050446648812,0.2717133643706788,0.16134274450577188,0.458980044345898,1.0,0.026682644549701484,0.10996669062600961,0.06832466758785555,0.18685471106143944,0,0,0.034162333793927774,0.09342735553071972,0,0,0,0
P07,V7_video2_pocaluz,poca_luz,1021,34.031116178067315,1,0.2711310517966987,0.268248638141674,0.27401346545172345,0.16014150175104627,0.458980044345898,1.0,0.0786422257067626,0.07536912676868934,0.07700567623772597,0.2914662372056729,0,0,0.038502838118862986,0.14573311860283644,0,0,0,0
P07,V7_video2_pocaluz,poca_luz,1022,34.064447339847995,1,0.27480348479730465,0.27476893291811216,0.2748380366764971,0.16383696611612814,0.458980044345898,1.0,0.07492336395554378,0.04670474311028139,0.06081405353291258,0.07457012179666142,0,1,0.03040702676645629,0.5372850608983307,0,1,0,0
P07,V7_video2_pocaluz,poca_luz,1023,34.09777850162867,1,0.27686600243083304,0.2746407634255855,0.27909124143608055,0.1704813760197245,0.458980044345898,1.0,0.10515883456730757,0.03036038356233217,0.06775960906481987,0.08342463692094655,0,1,0.033879804532409935,0.5417123184604733,0,1,0,0
P07,V7_video2_pocaluz,poca_luz,1024,34.13110966340934,1,0.2834495982927986,0.2779208951025071,0.28897830148309006,0.1694570178263891,0.458980044345898,1.0,0.04991148189267036,0.14096704614513156,0.09543926401890096,0.10837712964028332,0,1,0.04771963200945048,0.5541885648201417,0,1,0,0
P07,V7_video2_pocaluz,poca_luz,1025,34.16444082519001,1,0.2777866207211491,0.272458904876822,0.2831143365654762,0.16827598903156785,0.458980044345898,1.0,0.08478883966227169,0.03551155578117071,0.0601501977217212,0.038987833813544134,0,1,0.0300750988608606,0.519493916906772,0,1,0,0
P07,V7_video2_pocaluz,poca_luz,1026,34.197771986970686,1,0.2769291885899394,0.27100854322796064,0.28284983395191826,0.16486008416855064,0.458980044345898,1.0,0.11544055080068649,0.045426557417413416,0.08043355410904995,0.06729478916865851,0,1,0.04021677705452498,0.5336473945843293,0,1,0,0
P07,V7_video2_pocaluz,poca_luz,1027,34.23110314875136,1,0.2777960474245913,0.2719925141033612,0.28359958074582137,0.16601538812545288,0.458980044345898,1.0,0.17141517681695928,0.020137715216759222,0.09577644601685925,0.06328417912876955,0,1,0.047888223008429626,0.5316420895643847,0,1,0,0
P07,V7_video2_pocaluz,poca_luz,1028,34.26443431053203,1,0.27877289014634565,0.2726426661814711,0.2849031141112202,0.1649014756403169,0.458980044345898,1.0,0.07490522179152115,0.007980724231912095,0.04144297301171662,0.03624163462915393,0,1,0.02072148650585831,0.5181208173145769,0,1,0,0
P07,V7_video2_pocaluz,poca_luz,1029,34.297765472312705,1,0.27751554246384535,0.271434966721866,0.2835961182058247,0.16412305221591236,0.458980044345898,1.0,0.2514479533828412,0.06865952632469063,0.16005373985376592,0.10767133787736619,0,1,0.08002686992688296,0.5538356689386831,0,1,0,0
P07,V7_video2_pocaluz,poca_luz,1030,34.33109663409338,1,0.27341654394762804,0.2667740055722547,0.28005908232300136,0.16357772191072956,0.458980044345898,1.0,0.09554802437264587,0.04287298103690107,0.06921050270477347,0.09827464653681747,0,1,0.034605251352386734,0.5491373232684087,0,1,0,0
P07,V7_video2_pocaluz,poca_luz,1031,34.36442779587405,1,0.2757798590818985,0.2678742037782012,0.28368551438559575,0.16354796079137002,0.458980044345898,1.0,0.00971191081210887,0.030425859275443945,0.020068885043776408,0.10791193529563983,0,1,0.010034442521888204,0.55395596764782,0,1,0,0
P07,V7_video2_pocaluz,poca_luz,1032,34.39775895765472,1,0.2778059093391648,0.271949449826194,0.28366236885213564,0.16343901196046257,0.458980044345898,1.0,0.0349945793081482,0.09532367888624937,0.06515912909719879,0.07881534219802858,0,1,0.03257956454859939,0.5394076710990143,0,1,0,0
P07,V7_video2_pocaluz,poca_luz,1033,34.431090119435396,1,0.2753236209712686,0.271337687494405,0.27930955444813216,0.16319731487635494,0.458980044345898,1.0,0.01657096236611766,0.09237990633493298,0.05447543435052532,0.08796189842641265,0,1,0.02723771717526266,0.5439809492132063,0,1,0,0
P07,V7_video2_pocaluz,poca_luz,1034,34.46442128121607,1,0.2734489157157499,0.26997209205141176,0.27692573938008813,0.16189829953056772,0.458980044345898,1.0,0.14814731914674661,0.24503927206641252,0.19659329560657957,0.0930429361871686,0,0,0.09829664780328978,0.0465214680935843,0,0,0,0
P07,V7_video2_pocaluz,poca_luz,1035,34.49775244299674,1,0.2741506316875375,0.27224550364194383,0.2760557597331312,0.15950441172179083,0.458980044345898,1.0,0.08959817932126557,0.3731647155188692,0.2313814474200674,0.04885901953858505,0,0,0.1156907237100337,0.024429509769292524,0,0,0,0
P07,V7_video2_pocaluz,poca_luz,1036,34.531083604777415,1,0.27550409564253103,0.2738943589127652,0.27711383237229686,0.1588296972882181,0.458980044345898,1.0,0.02899163498459023,0.42600679008768927,0.22749921253613975,0.11117279646276759,0,0,0.11374960626806987,0.055586398231383796,0,0,0,0
P07,V7_video2_pocaluz,poca_luz,1037,34.56441476655809,1,0.2755738658749631,0.27325964423585614,0.27788808751407,0.15992580133516976,0.458980044345898,1.0,0.05738834719580321,0.04703270718150376,0.05221052718865349,0.08781862770695677,0,0,0.026105263594326744,0.043909313853478384,0,0,0,0
P07,V7_video2_pocaluz,poca_luz,1038,34.59774592833876,1,0.2794077903029667,0.27659612838101266,0.2822194522249207,0.16027057561934732,0.458980044345898,1.0,0.15024935031968045,0.1312360305643645,0.14074269044202248,0.0944565935093698,0,0,0.07037134522101124,0.0472282967546849,0,0,0,0
P07,V7_video2_pocaluz,poca_luz,1039,34.63107709011943,1,0.28795470787410316,0.28506276837064143,0.29084664737756494,0.16050244358179955,0.458980044345898,1.0,0.046546926190733084,0.03797290024737354,0.04225991321905331,0.04246996149116373,0,0,0.021129956609526657,0.021234980745581864,0,0,0,0
P07,V7_video2_pocaluz,poca_luz,1040,34.664408251900106,1,0.2855999644860747,0.28247009632649406,0.28872983264565544,0.16159696676438276,0.458980044345898,1.0,0.2380730337298811,0.0320290107932526,0.13505102226156684,0.020221843723681188,0,0,0.06752551113078342,0.010110921861840594,0,0,0,0
P07,V7_video2_pocaluz,poca_luz,1041,34.69773941368078,1,0.2812306176658988,0.2776530862829369,0.2848081490488607,0.16099764258181656,0.458980044345898,1.0,0.05606809772341603,0.04780612847463228,0.05193711309902416,0.0222967754568015,0,0,0.02596855654951208,0.01114838772840075,0,0,0,0
P07,V7_video2_pocaluz,poca_luz,1042,34.73107057546145,1,0.28024836539761183,0.2742870326154493,0.2862096981797744,0.162757666019852,0.458980044345898,1.0,0.0969307056114288,0.15053635060981296,0.12373352811062088,0.03806897109964403,0,1,0.06186676405531044,0.519034485549822,0,1,0,0
P07,V7_video2_pocaluz,poca_luz,1043,34.764401737242125,1,0.27828203845874006,0.2754640538579058,0.2811000230595743,0.16145053865371986,0.458980044345898,1.0,0.06408300423565771,0.04504217732336546,0.05456259077951159,0.04909309969743028,0,0,0.027281295389755794,0.02454654984871514,0,0,0,0
P07,V7_video2_pocaluz,poca_luz,1044,34.797732899022805,1,0.28400139108758765,0.27935283282321444,0.28864994935196087,0.16043677510112195,0.458980044345898,1.0,0.06722895973383103,0.079196935375338,0.07321294755458452,0.13943227891267196,0,0,0.03660647377729226,0.06971613945633598,0,0,0,0
P07,V7_video2_pocaluz,poca_luz,1045,34.83106406080348,1,0.28964606141558025,0.2804066507314129,0.2988854720997476,0.16149468412068033,0.458980044345898,1.0,0.031295014294684065,0.07079596669819332,0.051045490496438695,0.05266242263744904,0,0,0.025522745248219347,0.02633121131872452,0,0,0,0
P07,V7_video2_pocaluz,poca_luz,1046,34.86439522258415,1,0.2975303228265849,0.2899562890792884,0.30510435657388146,0.16327730890010717,0.458980044345898,1.0,0.07172915660195711,0.05152013730155813,0.06162464695175762,0.10707463117464379,0,1,0.03081232347587881,0.5535373155873219,0,1,0,0
P07,V7_video2_pocaluz,poca_luz,1047,34.89772638436482,1,0.29502046046533364,0.2857919456952305,0.3042489752354368,0.16542239593427585,0.458980044345898,1.0,0.019660462096850573,0.14895837244504662,0.0843094172709486,0.06886737305792812,0,1,0.0421547086354743,0.5344336865289641,0,1,0,0
P07,V7_video2_pocaluz,poca_luz,1048,34.931057546145496,1,0.29991706077880653,0.2930815168102131,0.3067526047474,0.16673839002740634,0.458980044345898,1.0,0.18944694335628687,0.09020475409832374,0.1398258487273053,0.04680609539705693,0,1,0.06991292436365265,0.5234030476985284,0,1,0,0
P07,V7_video2_pocaluz,poca_luz,1049,34.96438870792617,1,0.29956577095270237,0.2905224688231462,0.30860907308225854,0.16677330991209777,0.458980044345898,1.0,0.006383092849100547,0.09274574006483871,0.04956441645696963,0.04621840146322691,0,1,0.024782208228484814,0.5231092007316135,0,1,0,0
P07,V7_video2_pocaluz,poca_luz,1050,34.99771986970684,1,0.3046453480665302,0.2967626922372224,0.31252800389583807,0.16461728297488332,0.4567627494456763,1.0,0.0391944957294168,0.08670653913465043,0.06295051743203361,0.27974104292385604,0,1,0.03147525871601681,0.639870521461928,0,1,0,1
P07,V7_video2_pocaluz,poca_luz,1051,35.031051031487515,1,0.3021591527148709,0.2945606745290559,0.30975763090068603,0.1630572996230516,0.45454545454545453,1.0,0.03801504260518207,0.1198696143772029,0.07894232849119248,0.14495273298495132,0,1,0.03947116424559624,0.5724763664924757,0,1,0,0
P07,V7_video2_pocaluz,poca_luz,1052,35.06438219326819,1,0.3012014109022093,0.29393942864745815,0.30846339315696053,0.16467792271365544,0.4523281596452328,1.0,0.13005520588339947,0.18703579655032532,0.1585455012168624,0.07402852507046812,0,1,0.0792727506084312,0.5370142625352341,0,1,0,0
P07,V7_video2_pocaluz,poca_luz,1053,35.09771335504886,1,0.3048196081657255,0.2943898804320822,0.31524933589936877,0.1614835215061271,0.4523281596452328,1.0,0.017122104080004585,0.11288892031897568,0.06500551219949013,0.07211874644618599,0,0,0.03250275609974507,0.036059373223092994,0,0,0,0
P07,V7_video2_pocaluz,poca_luz,1054,35.13104451682953,1,0.30933549953879375,0.2987587866707858,0.3199122124068017,0.16146160744300792,0.4523281596452328,1.0,0.03058984701069123,0.08059329943294546,0.05559157322181835,0.029806156230443578,0,0,0.027795786610909173,0.014903078115221789,0,0,0,0
P07,V7_video2_pocaluz,poca_luz,1055,35.164375678610206,1,0.3128121280062804,0.3026117624505838,0.323012493561977,0.16150268816433508,0.4523281596452328,1.0,0.024735719160950076,0.11346991648252547,0.06910281782173777,0.03148663239541081,0,0,0.034551408910868886,0.015743316197705404,0,0,0,0
P07,V7_video2_pocaluz,poca_luz,1056,35.19770684039088,1,0.311120432041518,0.3010077221310498,0.3212331419519862,0.16185303828836659,0.4523281596452328,1.0,0.038371120485632404,0.38127907085459056,0.20982509567011148,0.029194775441576885,0,0,0.10491254783505574,0.014597387720788443,0,0,0,0
P07,V7_video2_pocaluz,poca_luz,1057,35.23103800217155,1,0.30975373985455634,0.2997775611950496,0.31972991851406307,0.1630873608694802,0.4523281596452328,1.0,0.019857363911928716,0.15108161245536555,0.08546948818364714,0.03573425781307199,0,1,0.04273474409182357,0.517867128906536,0,1,0,0
P07,V7_video2_pocaluz,poca_luz,1058,35.264369163952225,1,0.3098333369251942,0.2966946449030813,0.3229720289473072,0.16316314217050246,0.4523281596452328,1.0,0.011768932772650786,0.04828995244152612,0.030029442607088452,0.02728991597937393,0,1,0.015014721303544226,0.513644957989687,0,1,0,0
P07,V7_video2_pocaluz,poca_luz,1059,35.2977003257329,1,0.2988740976683096,0.29086031069753965,0.3068878846390795,0.16144112133274402,0.4523281596452328,1.0,0.04656973375379547,0.2510534782802166,0.14881160601700605,0.214688042572004,0,0,0.07440580300850302,0.107344021286002,0,0,0,0
P07,V7_video2_pocaluz,poca_luz,1060,35.33103148751357,1,0.2907332418000951,0.28275667731304827,0.29870980628714183,0.16164932591153075,0.4523281596452328,1.0,0.06262865698375741,0.10668564040477935,0.08465714869426838,0.10505253870340012,0,0,0.04232857434713419,0.05252626935170006,0,0,0,0
P07,V7_video2_pocaluz,poca_luz,1061,35.36436264929424,1,0.281062690271365,0.2736121050369476,0.28851327550578243,0.16166041478478557,0.4523281596452328,1.0,0.10796032728685845,0.07400104052211431,0.09098068390448638,0.19071324328579492,0,0,0.04549034195224319,0.09535662164289746,0,0,0,0
P07,V7_video2_pocaluz,poca_luz,1062,35.397693811074916,1,0.27581844461688354,0.26760201511602255,0.2840348741177445,0.1599873581951417,0.4523281596452328,1.0,0.040495033989224716,0.09514519875327909,0.0678201163712519,0.2021125289168242,0,0,0.03391005818562595,0.1010562644584121,0,0,0,0
P07,V7_video2_pocaluz,poca_luz,1063,35.43102497285559,1,0.25591108189683986,0.2485187764094367,0.2633033873842431,0.1597652583068234,0.4523281596452328,1.0,0.38898979379498544,0.11969097703362741,0.2543403854143064,0.1547821438224354,0,0,0.1271701927071532,0.0773910719112177,0,0,0,0
P07,V7_video2_pocaluz,poca_luz,1064,35.46435613463626,1,0.20243601529117078,0.19095302215599183,0.21391900842634975,0.15797937322663444,0.4523281596452328,1.0,0.2512703550210298,0.20538089815719374,0.22832562658911176,0.13708268939587023,0,0,0.11416281329455588,0.06854134469793512,0,0,0,0
P07,V7_video2_pocaluz,poca_luz,1065,35.497687296416935,1,0.05967875595715129,0.05951925073433905,0.05983826117996352,0.1608826716661119,0.45454545454545453,1.0,0.1063682642527678,0.1779298447281702,0.142149054490469,0.1877703981108383,1,0,0.5710745272452344,0.09388519905541914,1,0,0,0
P07,V7_video2_pocaluz,poca_luz,1066,35.531018458197615,1,0.028777348669081687,0.0168611180564333,0.04069357928173008,0.16043843208255607,0.4567627494456763,1.0,0.2580871111818098,0.43000474298636215,0.344045927084086,0.19860804364284643,1,0,0.6720229635420429,0.09930402182142321,1,0,1,0
P07,V7_video2_pocaluz,poca_luz,1067,35.56434961997829,1,0.02734968960962264,0.026495471067939043,0.028203908151306235,0.16162782497351746,0.458980044345898,1.0,0.2288596436737631,0.1935050675305986,0.21118235560218085,0.10791446002282627,1,0,0.6055911778010904,0.053957230011413136,1,0,1,0
P07,V7_video2_pocaluz,poca_luz,1068,35.59768078175896,1,0.026399156801554923,0.02817104016975607,0.024627273433353775,0.16214760162277517,0.4611973392461197,1.0,0.23412815546754628,0.3896852043221395,0.3119066798948429,0.06982728453389983,1,0,0.6559533399474214,0.034913642266949915,1,0,1,0
P07,V7_video2_pocaluz,poca_luz,1069,35.63101194353963,1,0.025372998994049413,0.024673696856685825,0.026072301131413,0.1631797708277473,0.4634146341463415,1.0,0.3632644249011031,0.28914681164613454,0.3262056182736188,0.09234956536800744,1,1,0.6631028091368094,0.5461747826840038,1,1,1,0
P07,V7_video2_pocaluz,poca_luz,1070,35.664343105320306,1,0.023144062900295387,0.01869028833590421,0.02759783746468656,0.16383785873715545,0.4656319290465632,1.0,0.19437188042638853,0.2603693041365841,0.22737059228148632,0.09346749254664237,1,1,0.6136852961407432,0.5467337462733212,1,1,1,0
P07,V7_video2_pocaluz,poca_luz,1071,35.69767426710098,1,0.02517313099045918,0.01735717197677772,0.03298909000414064,0.16364784522702644,0.4678492239467849,1.0,0.16411042585022162,0.30224245777783065,0.23317644181402614,0.051914729048225486,1,1,0.616588220907013,0.5259573645241128,1,1,1,0
P07,V7_video2_pocaluz,poca_luz,1072,35.73100542888165,1,0.02666190482365511,0.017740754423916635,0.035583055223393584,0.1632778179860772,0.4700665188470067,1.0,0.4596488342524795,0.2361048133963587,0.3478768238244191,0.029145810905639835,1,1,0.6739384119122096,0.5145729054528199,1,1,1,0
P07,V7_video2_pocaluz,poca_luz,1073,35.764336590662325,1,0.028376110686632573,0.017782499762197625,0.03896972161106752,0.16251036826562487,0.4722838137472284,1.0,0.41601013569757994,0.4209561435753715,0.4184831396364757,0.06963709775518377,1,1,0.7092415698182378,0.5348185488775918,1,1,1,0
P07,V7_video2_pocaluz,poca_luz,1074,35.797667752443,1,0.03142840377096683,0.020718467517126336,0.04213834002480733,0.16341472966139667,0.4745011086474501,1.0,0.2131165946799114,0.4147088306254414,0.3139127126526764,0.13046166292354144,1,1,0.6569563563263382,0.5652308314617707,1,1,1,0
P07,V7_video2_pocaluz,poca_luz,1075,35.83099891422367,1,0.02762397080910104,0.017383429954850253,0.03786451166335183,0.1627947223191275,0.47671840354767187,1.0,0.2536619923189585,0.4941040998734292,0.3738830460961938,0.1240455188538039,1,1,0.6869415230480969,0.5620227594269019,1,1,1,0
P07,V7_video2_pocaluz,poca_luz,1076,35.86433007600434,1,0.03773119115394169,0.025585525717900844,0.04987685658998253,0.1605026609050774,0.4789356984478936,1.0,0.4917362463258099,0.27356506885926646,0.3826506575925382,0.051114897920084855,1,0,0.6913253287962691,0.025557448960042427,1,0,1,0
P07,V7_video2_pocaluz,poca_luz,1077,35.897661237785016,1,0.03410044312041518,0.021301217780840157,0.046899668459990204,0.16082678170735315,0.4811529933481153,1.0,0.1663325652633002,0.24511106209216604,0.20572181367773312,0.019101947018895313,1,0,0.6028609068388666,0.009550973509447657,1,0,1,0
P07,V7_video2_pocaluz,poca_luz,1078,35.93099239956569,1,0.03234457008345595,0.020451215347980365,0.044237924818931525,0.1597211597739772,0.48337028824833705,1.0,0.3079262634533999,0.38021144240029725,0.3440688529268486,0.0706040145304456,1,0,0.6720344264634243,0.0353020072652228,1,0,1,0
P07,V7_video2_pocaluz,poca_luz,1079,35.96432356134636,1,0.03273583084593126,0.0197505453415833,0.04572111635027922,0.16042175610444095,0.48558758314855877,1.0,0.3730025391286006,0.07972161075824313,0.22636207494342186,0.0373926107580203,1,0,0.6131810374717109,0.01869630537901015,1,0,1,0
P07,V7_video2_pocaluz,poca_luz,1080,35.997654723127035,1,0.03994310823862958,0.02595568439954958,0.05393053207770957,0.15974290652201817,0.4878048780487805,1.0,0.20691169332303228,0.18093596789302246,0.19392383060802737,0.14169536362190574,1,0,0.5969619153040137,0.07084768181095287,1,0,1,0
P07,V7_video2_pocaluz,poca_luz,1081,36.03098588490771,1,0.045724891842865614,0.03315285196250135,0.058296931723229875,0.15797470414667714,0.49002217294900224,1.0,0.19706725185456198,0.260439191268543,0.22875322156155248,0.25888261789103595,1,0,0.6143766107807762,0.12944130894551797,1,0,1,0
P07,V7_video2_pocaluz,poca_luz,1082,36.06431704668838,1,0.044607430495240276,0.03301394010213913,0.05620092088834142,0.16033043297717225,0.49223946784922396,1.0,0.34202993546804383,0.18699164519200984,0.26451079033002683,0.09496097284951907,1,0,0.6322553951650134,0.047480486424759535,1,0,1,0
P07,V7_video2_pocaluz,poca_luz,1083,36.09764820846905,1,0.048048650979740426,0.03800978840534337,0.05808751355413747,0.15926763796548224,0.49445676274944567,1.0,0.18498403613312075,0.20213154217412455,0.19355778915362265,0.05148145966895176,1,0,0.5967788945768113,0.02574072983447588,1,0,1,0
P07,V7_video2_pocaluz,poca_luz,1084,36.130979370249726,1,0.03779175826841205,0.025084364100564374,0.05049915243625972,0.15991193645432897,0.49667405764966743,1.0,0.30831931992363426,0.34574391862633713,0.3270316192749857,0.06371964531619304,1,0,0.6635158096374929,0.03185982265809652,1,0,1,0
P07,V7_video2_pocaluz,poca_luz,1085,36.1643105320304,1,0.034124329755219195,0.02123834271215566,0.04701031679828273,0.1587651760127568,0.49889135254988914,1.0,0.36589235454463687,0.24112823460019894,0.3035102945724179,0.04527817220682647,1,0,0.651755147286209,0.022639086103413236,1,0,1,0
P07,V7_video2_pocaluz,poca_luz,1086,36.19764169381107,1,0.03684614300060446,0.02595859781660768,0.04773368818460124,0.16080663642533008,0.5011086474501109,1.0,0.4879987570696874,0.32844512960665184,0.40822194333816963,0.03032220396263374,1,0,0.7041109716690848,0.01516110198131687,1,0,1,0
P07,V7_video2_pocaluz,poca_luz,1087,36.230972855591745,1,0.03835219266102369,0.025141618859337894,0.051562766462709485,0.16203068474039908,0.5033259423503326,1.0,0.27243192174964137,0.5114361215760459,0.39193402166284363,0.0379757832497393,1,0,0.6959670108314218,0.01898789162486965,1,0,1,0
P07,V7_video2_pocaluz,poca_luz,1088,36.264304017372424,1,0.03731402177496558,0.024285038152943212,0.05034300539698795,0.1649529339403715,0.5055432372505543,1.0,0.12859093961343881,0.2506126205349455,0.18960178007419215,0.014448891400277738,1,1,0.594800890037096,0.5072244457001389,1,1,1,0
P07,V7_video2_pocaluz,poca_luz,1089,36.2976351791531,1,0.03635185943674108,0.024965358313940682,0.047738360559541476,0.16656583378943976,0.5077605321507761,1.0,0.18325293013573685,0.22381351467963273,0.2035332224076848,0.038915870708018045,1,1,0.6017666112038424,0.519457935354009,1,1,1,0
P07,V7_video2_pocaluz,poca_luz,1090,36.33096634093377,1,0.04110321654006775,0.028217223816386576,0.05398920926374892,0.16617522304906526,0.5099778270509978,1.0,0.18614954405838702,0.5087830180529501,0.34746628105566857,0.08270504766909006,1,1,0.6737331405278343,0.541352523834545,1,1,1,0
P07,V7_video2_pocaluz,poca_luz,1091,36.36429750271444,1,0.03961020876664848,0.02896215851446457,0.050258259018832394,0.1645624571767886,0.5121951219512195,1.0,0.43154735325597093,0.49583998981098854,0.46369367153347973,0.08212443553603188,1,1,0.7318468357667398,0.541062217768016,1,1,1,0
P07,V7_video2_pocaluz,poca_luz,1092,36.397628664495116,1,0.0388773931183043,0.029014515858084598,0.048740270378524006,0.16234357588280057,0.5144124168514412,1.0,0.3920186442194974,0.5335469870908285,0.46278281565516294,0.04906940916553118,1,0,0.7313914078275815,0.02453470458276559,1,0,1,0
P07,V7_video2_pocaluz,poca_luz,1093,36.43095982627579,1,0.040469303471075586,0.030475096333829093,0.050463510608322076,0.1620388979024749,0.516629711751663,1.0,0.4444610463780966,0.616837681457866,0.5306493639179812,0.052538785892069784,1,0,0.7653246819589906,0.026269392946034892,1,0,1,0
P07,V7_video2_pocaluz,poca_luz,1094,36.46429098805646,1,0.04436998855408817,0.03178743901306246,0.05695253809511388,0.16100904842553126,0.5188470066518847,1.0,0.2802206292112297,0.17956227015190374,0.22989144968156672,0.04831399832677373,1,0,0.6149457248407834,0.024156999163386865,1,0,1,0
P07,V7_video2_pocaluz,poca_luz,1095,36.497622149837134,1,0.04380678521812936,0.030176156111726124,0.057437414324532594,0.1623536106293995,0.5210643015521065,1.0,0.46768199145440703,0.32885362925663586,0.39826781035552145,0.06436159150542485,1,0,0.6991339051777608,0.032180795752712425,1,0,1,0
P07,V7_video2_pocaluz,poca_luz,1096,36.53095331161781,1,0.045034896756256,0.03299341137200073,0.05707638214051127,0.16207614203051973,0.5232815964523282,1.0,0.2961391931677003,0.41550763455916107,0.3558234138634307,0.13222467634062723,1,0,0.6779117069317153,0.06611233817031362,1,0,1,0
P07,V7_video2_pocaluz,poca_luz,1097,36.56428447339848,1,0.04768878858694309,0.035224601261470985,0.060152975912415196,0.16249904966571488,0.5254988913525499,1.0,0.2562545716668425,0.30081161596810346,0.278533093817473,0.12013047328610187,1,1,0.6392665469087365,0.560065236643051,1,1,1,0
P07,V7_video2_pocaluz,poca_luz,1098,36.59761563517915,1,0.04766680923633279,0.03260866859212527,0.06272494988054031,0.1630796044239793,0.5277161862527716,1.0,0.2725642158772108,0.3033713790291217,0.28796779745316625,0.0627071121738302,1,1,0.6439838987265831,0.5313535560869151,1,1,1,0
P07,V7_video2_pocaluz,poca_luz,1099,36.630946796959826,1,0.043176728743324455,0.03344674946262182,0.05290670802402709,0.1622898208754644,0.5299334811529933,1.0,0.1926348921425164,0.46538311236496277,0.3290090022537396,0.04202229850722399,1,0,0.6645045011268698,0.021011149253611996,1,0,1,0
P07,V7_video2_pocaluz,poca_luz,1100,36.6642779587405,1,0.04438956633102588,0.031983174516329496,0.05679595814572227,0.16177062804314526,0.532150776053215,1.0,0.26313407919497445,0.24100029941822299,0.2520671893065987,0.045620892889464006,1,0,0.6260335946532993,0.022810446444732003,1,0,1,0
P07,V7_video2_pocaluz,poca_luz,1101,36.69760912052117,1,0.03809275981824727,0.029296560651735352,0.04688895898475919,0.16227946035344998,0.5343680709534369,1.0,0.2670942758342486,0.3200628083117768,0.2935785420730127,0.06942292691727504,1,0,0.6467892710365064,0.03471146345863752,1,0,1,0
P07,V7_video2_pocaluz,poca_luz,1102,36.730940282301844,1,0.03890938863220883,0.026818675594154115,0.051000101670263545,0.1632191048300443,0.5365853658536586,1.0,0.6305431893961768,0.292995578323204,0.4617693838596904,0.03217577243668787,1,1,0.7308846919298452,0.5160878862183439,1,1,1,0
P07,V7_video2_pocaluz,poca_luz,1103,36.76427144408252,1,0.03743579077284991,0.024364929110975375,0.05050665243472445,0.16274713635127616,0.5388026607538803,1.0,0.29101649218187353,0.3573589523333516,0.32418772225761255,0.03366814117632627,1,1,0.6620938611288063,0.5168340705881631,1,1,1,0
P07,V7_video2_pocaluz,poca_luz,1104,36.79760260586319,1,0.03463868183346041,0.024945591673159653,0.04433177199376116,0.1643293256186183,0.541019955654102,1.0,0.5132561546077375,0.20077543091806427,0.3570157927629009,0.129793127040579,1,1,0.6785078963814505,0.5648965635202895,1,1,1,0
P07,V7_video2_pocaluz,poca_luz,1105,36.83093376764386,1,0.03524503130076233,0.025694995743594153,0.044795066857930506,0.16491684323337694,0.5432372505543237,1.0,0.16201048657320882,0.6261294933105521,0.39406998994188047,0.10168248691750945,1,1,0.6970349949709402,0.5508412434587547,1,1,1,0
P07,V7_video2_pocaluz,poca_luz,1106,36.864264929424536,1,0.034831425472790487,0.0239369511001165,0.04572589984546447,0.1642867569081945,0.5454545454545454,1.0,0.13848697698055068,0.28290473668914984,0.21069585683485026,0.07420096677868691,1,1,0.6053479284174251,0.5371004833893435,1,1,1,0
P07,V7_video2_pocaluz,poca_luz,1107,36.89759609120521,1,0.03456719249353387,0.026654012314785033,0.04248037267228271,0.16396117909895375,0.5476718403547672,1.0,0.27902713203185625,0.7747897961099908,0.5269084640709235,0.12355474659749653,1,1,0.7634542320354618,0.5617773732987482,1,1,1,0
P07,V7_video2_pocaluz,poca_luz,1108,36.93092725298588,1,0.036701360804420026,0.02758849548014213,0.04581422612869793,0.1630428333106533,0.549889135254989,1.0,0.42281741016181174,0.5626358541613198,0.49272663216156576,0.07763892753352752,1,1,0.7463633160807829,0.5388194637667638,1,1,1,0
P07,V7_video2_pocaluz,poca_luz,1109,36.964258414766554,1,0.03818308932207968,0.02874596403765491,0.04762021460650445,0.16317010556464917,0.5521064301552107,1.0,0.23572657104626749,0.4062529164816284,0.32098974376394795,0.06710346483060543,1,1,0.660494871881974,0.5335517324153027,1,1,1,0
P07,V7_video2_pocaluz,poca_luz,1110,36.997589576547234,1,0.040036143732442436,0.027242778009208272,0.0528295094556766,0.1616278704929442,0.5543237250554324,1.0,0.13831545556328517,0.6605221587879293,0.39941880717560724,0.17603126299613384,1,0,0.6997094035878036,0.08801563149806692,1,0,1,0
P07,V7_video2_pocaluz,poca_luz,1111,37.03092073832791,1,0.03446187030727715,0.021725234530098066,0.04719850608445623,0.16404747753227966,0.5565410199556541,1.0,0.18616303522255684,0.4847768000958922,0.3354699176592245,0.18646353979953403,1,1,0.6677349588296122,0.593231769899767,1,1,1,1
P07,V7_video2_pocaluz,poca_luz,1112,37.06425190010858,1,0.032051215226030313,0.01940161447082163,0.044700815981239005,0.1630300885825335,0.5587583148558758,1.0,0.05453041217399046,0.42046112682015047,0.23749576949707046,0.11980064839792227,1,1,0.6187478847485353,0.5599003241989612,1,1,1,0
P07,V7_video2_pocaluz,poca_luz,1113,37.09758306188925,1,0.033555784233268174,0.019938256893403766,0.04717331157313258,0.163677413376903,0.5609756097560976,1.0,0.10886621815894115,0.5490352350322762,0.3289507265956087,0.1813351868772865,1,1,0.6644753632978043,0.5906675934386433,1,1,1,1
P07,V7_video2_pocaluz,poca_luz,1114,37.130914223669926,1,0.03915055122953675,0.02315531562770675,0.05514578683136675,0.1612370502345306,0.5631929046563193,1.0,0.1901090920088948,0.5529627585104648,0.3715359252596798,0.08192760569367216,1,0,0.6857679626298399,0.04096380284683608,1,0,1,0
P07,V7_video2_pocaluz,poca_luz,1115,37.1642453854506,1,0.04219172755870355,0.030132545563687333,0.054250909553719764,0.16314062239204866,0.565410199556541,1.0,0.2716042253244434,0.510470275098956,0.3910372502116997,0.05059379557042218,1,1,0.6955186251058498,0.525296897785211,1,1,1,0
P07,V7_video2_pocaluz,poca_luz,1116,37.19757654723127,1,0.041564184218691846,0.02990922124378442,0.05321914719359927,0.1623009627757561,0.5676274944567627,1.0,0.08604463864331346,0.42028856873312426,0.25316660368821886,0.06771371666306522,1,0,0.6265833018441094,0.03385685833153261,1,0,1,0
P07,V7_video2_pocaluz,poca_luz,1117,37.230907709011944,1,0.04507073075545488,0.03444480563549764,0.055696655875412115,0.16141854196024638,0.5698447893569845,1.0,0.18347390208273673,0.4273190129860379,0.3053964575343873,0.0772727617631403,1,0,0.6526982287671936,0.03863638088157015,1,0,1,0
P07,V7_video2_pocaluz,poca_luz,1118,37.26423887079262,1,0.04320631110187644,0.03785635729068044,0.048556264913072446,0.1607390000396567,0.5720620842572062,1.0,0.1619258285761085,0.3580414580559649,0.2599836433160367,0.1423730570585198,1,0,0.6299918216580184,0.0711865285292599,1,0,1,0
P07,V7_video2_pocaluz,poca_luz,1119,37.29757003257329,1,0.04536471527949479,0.040807675204664356,0.04992175535432523,0.16083181153340614,0.5742793791574279,1.0,0.10701530994997288,0.27396172595192014,0.1904885179509465,0.03958228880498512,1,0,0.5952442589754733,0.01979114440249256,1,0,1,0
P07,V7_video2_pocaluz,poca_luz,1120,37.33090119435396,1,0.05027625380948918,0.04453561933990538,0.056016888279072974,0.16047830687874007,0.5764966740576497,1.0,0.18672433493913665,0.20728424781724986,0.19700429137819325,0.06532663064362948,1,0,0.5985021456890967,0.03266331532181474,1,0,1,0
P07,V7_video2_pocaluz,poca_luz,1121,37.364232356134636,1,0.048321061815874145,0.04353343874491256,0.05310868488683573,0.1610193385772531,0.5787139689578714,1.0,0.2941188734867274,0.3976906457374312,0.3459047596120793,0.031243499394040756,1,0,0.6729523798060396,0.015621749697020378,1,0,1,0
P07,V7_video2_pocaluz,poca_luz,1122,37.39756351791531,1,0.04228567770998591,0.03858861279992146,0.04598274262005037,0.16155089268183984,0.5809312638580931,1.0,0.1483555008102757,0.3688453405897234,0.25860042069999956,0.08566482361563355,1,0,0.6293002103499998,0.04283241180781677,1,0,1,0
P07,V7_video2_pocaluz,poca_luz,1123,37.43089467969598,1,0.039593160730198,0.033988807885712215,0.045197513574683795,0.16192891159473385,0.5831485587583148,1.0,0.08780044727242442,0.2628425302973787,0.17532148878490156,0.09068567548108063,1,0,0.5876607443924508,0.045342837740540314,1,0,1,0
P07,V7_video2_pocaluz,poca_luz,1124,37.464225841476654,1,0.03985468775710155,0.03555944743624001,0.044149928077963085,0.16144779428357856,0.5853658536585366,1.0,0.22789874915474828,0.2058404729868022,0.21686961107077524,0.059606329626482914,1,0,0.6084348055353876,0.029803164813241457,1,0,1,0
P07,V7_video2_pocaluz,poca_luz,1125,37.49755700325733,1,0.034840232161714044,0.031124519604501494,0.038555944718926594,0.16206732968822843,0.5875831485587583,1.0,0.11482736016299533,0.2185577234540339,0.16669254180851462,0.034673828494070656,1,0,0.5833462709042573,0.017336914247035328,1,0,1,0
P07,V7_video2_pocaluz,poca_luz,1126,37.530888165038,1,0.03828228578752559,0.03342538975267143,0.04313918182237975,0.16180816181791075,0.5898004434589801,1.0,0.11578217261867485,0.4378643208539982,0.2768232467363365,0.04300217155638339,1,0,0.6384116233681683,0.021501085778191695,1,0,1,0
P07,V7_video2_pocaluz,poca_luz,1127,37.56421932681867,1,0.03935222793363313,0.032297211505321964,0.046407244361944294,0.1621608169045741,0.5920177383592018,1.0,0.13992598374015275,0.35409862227721445,0.2470123030086836,0.06036308729255028,1,0,0.6235061515043419,0.03018154364627514,1,0,1,0
P07,V7_video2_pocaluz,poca_luz,1128,37.597550488599346,1,0.038194218941139314,0.032087995324076954,0.044300442558201675,0.16235442717035503,0.5942350332594235,1.0,0.2016512953242875,0.4175153563303674,0.30958332582732745,0.0474095901502929,1,0,0.6547916629136638,0.02370479507514645,1,0,1,0
P07,V7_video2_pocaluz,poca_luz,1129,37.63088165038002,1,0.034876326969413105,0.029205200156839296,0.04054745378198692,0.16221626311412207,0.5964523281596452,1.0,0.2178817596484306,0.44717371884564006,0.3325277392470353,0.07134206238227665,1,0,0.6662638696235177,0.035671031191138326,1,0,1,0
P07,V7_video2_pocaluz,poca_luz,1130,37.66421281216069,1,0.03835810712414289,0.03169809200167929,0.0450181222466065,0.16283045387437808,0.5986696230598669,1.0,0.19906811949964986,0.33606642458537894,0.2675672720425144,0.02306717138362711,1,1,0.6337836360212572,0.5115335856918135,1,1,1,0
P07,V7_video2_pocaluz,poca_luz,1131,37.697543973941364,1,0.04067788887443065,0.033295957351212366,0.048059820397648924,0.16142144125084185,0.6008869179600886,1.0,0.30817692189277135,0.29020449868698606,0.2991907102898787,0.12604817548513508,1,0,0.6495953551449394,0.06302408774256754,1,0,1,0
P07,V7_video2_pocaluz,poca_luz,1132,37.730875135722044,1,0.04034192795357827,0.03434620318226418,0.04633765272489236,0.16141530063081327,0.6031042128603105,1.0,0.14032951901503798,0.32175176379404546,0.23104064140454172,0.04831280343614038,1,0,0.6155203207022708,0.02415640171807019,1,0,1,0
P07,V7_video2_pocaluz,poca_luz,1133,37.76420629750272,1,0.043350220500929584,0.03785601929123418,0.04884442171062498,0.16135392723408032,0.6053215077605322,1.0,0.13837026444921607,0.2611980312911416,0.19978414787017884,0.054561322791079246,1,0,0.5998920739350895,0.027280661395539623,1,0,1,0
P07,V7_video2_pocaluz,poca_luz,1134,37.79753745928339,1,0.03893895735988251,0.033800512889424386,0.04407740183034063,0.16174929489775194,0.6075388026607539,1.0,0.2163956596468869,0.37911558490669506,0.297755622276791,0.06404163398075428,1,0,0.6488778111383955,0.03202081699037714,1,0,1,0
P07,V7_video2_pocaluz,poca_luz,1135,37.83086862106406,1,0.0427887442406999,0.035743179189967896,0.04983430929143191,0.16276324615770563,0.6097560975609756,1.0,0.24891616725535493,0.4049152233801675,0.3269156953177612,0.01743832559809152,1,1,0.6634578476588806,0.5087191627990457,1,1,1,0
P07,V7_video2_pocaluz,poca_luz,1136,37.864199782844736,1,0.04409566325791518,0.036741600528848256,0.0514497259869821,0.1612156829537591,0.6119733924611973,1.0,0.3499729415510331,0.21132501540640813,0.2806489784787206,0.05887409078885014,1,0,0.6403244892393603,0.02943704539442507,1,0,1,0
P07,V7_video2_pocaluz,poca_luz,1137,37.89753094462541,1,0.04941747224323701,0.04063386657042815,0.058201077916045875,0.16007025899779012,0.614190687361419,1.0,0.17093669743613404,0.23493999502826113,0.2029383462321976,0.041500485312800685,1,0,0.6014691731160988,0.020750242656400342,1,0,1,0
P07,V7_video2_pocaluz,poca_luz,1138,37.93086210640608,1,0.04778982092188275,0.039986920204995585,0.0555927216387699,0.1598794403909268,0.6164079822616408,1.0,0.11660340139521952,0.10703511086039807,0.1118192561278088,0.1278997545688912,1,0,0.5559096280639044,0.0639498772844456,1,0,0,0
P07,V7_video2_pocaluz,poca_luz,1139,37.964193268186754,1,0.0467461878394458,0.04066671570722964,0.05282565997166196,0.15626967611012565,0.6186252771618626,1.0,0.32355407754100507,0.23185366610770997,0.2777038718243575,0.11261939789883271,1,0,0.6388519359121787,0.056309698949416356,1,0,1,0
P07,V7_video2_pocaluz,poca_luz,1140,37.99752442996743,1,0.05249727448979001,0.04767220929023926,0.057322339689340765,0.15622244613893718,0.6208425720620843,1.0,0.09258709542435006,0.25532983332689907,0.17395846437562457,0.1984481059143923,1,0,0.5869792321878122,0.09922405295719615,1,0,1,0
P07,V7_video2_pocaluz,poca_luz,1141,38.0308555917481,1,0.04830902811714316,0.04382468906209486,0.05279336717219147,0.15834169191573408,0.623059866962306,1.0,0.2413468304043681,0.12171516367208757,0.18153099703822784,0.10144420150348239,1,0,0.590765498519114,0.050722100751741196,1,0,1,0
P07,V7_video2_pocaluz,poca_luz,1142,38.06418675352877,1,0.07536761679517262,0.07491228575184589,0.07582294783849934,0.1567842518580615,0.6252771618625277,1.0,0.2342525634626661,0.3083818879589114,0.27131722571078876,0.08664482138077703,1,0,0.6356586128553944,0.043322410690388516,1,0,1,0
P07,V7_video2_pocaluz,poca_luz,1143,38.097517915309446,1,0.08411245670824874,0.10096259339719234,0.06726232001930516,0.15799421440404884,0.6274944567627494,1.0,0.20327549615157003,0.2773993539549088,0.2403374250532394,0.07586352868343703,1,0,0.6201687125266198,0.037931764341718514,1,0,1,0
P07,V7_video2_pocaluz,poca_luz,1144,38.13084907709012,1,0.0871315230283139,0.109582862941818,0.0646801831148098,0.16036943869966191,0.6297117516629712,1.0,0.22682853912157253,0.4998658075960908,0.36334717335883165,0.1194121764597764,1,0,0.6816735866794158,0.0597060882298882,1,0,1,0
P07,V7_video2_pocaluz,poca_luz,1145,38.16418023887079,1,0.10002646437719753,0.12516662884894747,0.0748862999054476,0.1585754170791965,0.6319290465631929,1.0,0.08983477171235477,0.2768361820781846,0.1833354768952697,0.053429489543630894,1,0,0.5916677384476349,0.026714744771815447,1,0,1,0
P07,V7_video2_pocaluz,poca_luz,1146,38.197511400651464,1,0.1086148495467194,0.13776653786941906,0.07946316122401975,0.1597504046367209,0.6341463414634146,1.0,0.06698815567182204,0.2684953731357026,0.16774176440376232,0.06341233338283249,1,0,0.5838708822018812,0.031706166691416245,1,0,1,0
P07,V7_video2_pocaluz,poca_luz,1147,38.23084256243214,1,0.12097460849440081,0.14824929110804802,0.09369992588075358,0.15875737279141927,0.6363636363636364,1.0,0.06775984756561404,0.27369011133429255,0.1707249794499533,0.09022093690276907,1,0,0.5853624897249766,0.045110468451384535,1,0,1,0
P07,V7_video2_pocaluz,poca_luz,1148,38.26417372421281,1,0.15732579457377158,0.1816747081629275,0.13297688098461566,0.15853066248616024,0.6363636363636364,1.0,0.29382732337115125,0.33645998571888625,0.31514365454501875,0.10903916618339124,0,0,0.15757182727250937,0.05451958309169562,0,0,0,0
P07,V7_video2_pocaluz,poca_luz,1149,38.29750488599348,1,0.18674311287499584,0.20072569179087438,0.17276053395911734,0.15828033690732266,0.6363636363636364,1.0,0.24207682307556788,0.5338338151976816,0.38795531913662473,0.11094520905684643,0,0,0.19397765956831237,0.05547260452842322,0,0,0,0
P07,V7_video2_pocaluz,poca_luz,1150,38.330836047774156,1,0.21439517134352637,0.22088916168652215,0.20790118100053062,0.15557710437727826,0.6363636363636364,1.0,0.12514705001629667,0.054163664445753046,0.08965535723102486,0.0782011496284676,0,0,0.04482767861551243,0.0391005748142338,0,0,0,0
P07,V7_video2_pocaluz,poca_luz,1151,38.36416720955483,1,0.22640925665151512,0.23115581322244314,0.2216627000805871,0.15513176347957972,0.6363636363636364,1.0,0.08549940079847829,0.34669697981583436,0.21609819030715632,0.08813128160537315,0,0,0.10804909515357816,0.04406564080268657,0,0,0,0
P07,V7_video2_pocaluz,poca_luz,1152,38.3974983713355,1,0.24682546331881078,0.24853683332376722,0.24511409331385436,0.15549275384468406,0.6341463414634146,1.0,0.0880977759806828,0.03805736953446637,0.06307757275757458,0.25756398939464265,0,0,0.03153878637878729,0.12878199469732132,0,0,0,0
P07,V7_video2_pocaluz,poca_luz,1153,38.430829533116174,1,0.2528344345213384,0.2526832255648862,0.2529856434777906,0.15724252421763388,0.6319290465631929,1.0,0.0777296188061184,0.15222055252451427,0.11497508566531633,0.2299669413529671,0,0,0.05748754283265817,0.11498347067648355,0,0,0,0
P07,V7_video2_pocaluz,poca_luz,1154,38.464160694896854,1,0.256224373284436,0.25567798788299706,0.2567707586858749,0.1589030254568108,0.6297117516629712,1.0,0.0625206197316146,0.4630369790384037,0.26277879938500914,0.143276865826395,0,0,0.13138939969250457,0.0716384329131975,0,0,0,0
P07,V7_video2_pocaluz,poca_luz,1155,38.49749185667753,1,0.2668214103576236,0.2674897980954083,0.26615302261983886,0.1565370480303916,0.6274944567627494,1.0,0.049748624154418164,0.1847311698330819,0.11723989699375004,0.17981385857903942,0,0,0.05861994849687502,0.08990692928951971,0,0,0,0
P07,V7_video2_pocaluz,poca_luz,1156,38.5308230184582,1,0.27838691401302806,0.27868313705046094,0.2780906909755952,0.15703574693114145,0.6252771618625277,1.0,0.20397139552028565,0.41263565558986703,0.30830352555507634,0.13214310703282128,0,0,0.15415176277753817,0.06607155351641064,0,0,0,0
P07,V7_video2_pocaluz,poca_luz,1157,38.56415418023887,1,0.2889582420680178,0.28724384902358246,0.2906726351124531,0.15786739659359633,0.623059866962306,1.0,0.08521067259210613,0.3970515060329215,0.2411310893125138,0.06806769882879685,0,0,0.1205655446562569,0.03403384941439842,0,0,0,0
P07,V7_video2_pocaluz,poca_luz,1158,38.597485342019546,1,0.28489583155197407,0.28117423021569277,0.2886174328882554,0.15793794756831014,0.6208425720620843,1.0,0.05537888526016843,0.14001263002762232,0.09769575764389538,0.3279758767407605,0,0,0.04884787882194769,0.16398793837038025,0,0,0,0
P07,V7_video2_pocaluz,poca_luz,1159,38.63081650380022,1,0.2884236970943278,0.28495891874766666,0.29188847544098895,0.16122541526775755,0.6186252771618626,1.0,0.06465083549753337,0.3815188829273706,0.22308485921245197,0.11062400183245671,0,0,0.11154242960622598,0.05531200091622836,0,0,0,0
P07,V7_video2_pocaluz,poca_luz,1160,38.66414766558089,1,0.2959106131734144,0.292292199584779,0.29952902676204973,0.16424049608099034,0.6164079822616408,1.0,0.02624305181675668,0.26959025624472766,0.14791665403074217,0.194459687103317,0,1,0.07395832701537108,0.5972298435516585,0,1,0,1
P07,V7_video2_pocaluz,poca_luz,1161,38.697478827361564,1,0.2974473073043484,0.29074903310904504,0.3041455814996517,0.16473328050405783,0.614190687361419,1.0,0.08240042143620174,0.15639001450943735,0.11939521797281955,0.24278100962243943,0,1,0.05969760898640977,0.6213905048112197,0,1,0,1
P07,V7_video2_pocaluz,poca_luz,1162,38.73080998914224,1,0.3034177295935548,0.29823761957861844,0.30859783960849113,0.1633575411818901,0.6119733924611973,1.0,0.14065140250039398,0.10511753834394155,0.12288447042216777,0.04982216206039077,0,1,0.061442235211083884,0.5249110810301953,0,1,0,0
P07,V7_video2_pocaluz,poca_luz,1163,38.76414115092291,1,0.30563629710211404,0.30093953977214954,0.31033305443207854,0.16243649529055046,0.6097560975609756,1.0,0.032391451164124896,0.0857682993679365,0.0590798752660307,0.020710313459719507,0,1,0.02953993763301535,0.5103551567298598,0,1,0,0
P07,V7_video2_pocaluz,poca_luz,1164,38.79747231270358,1,0.3121774292477384,0.3071436545749083,0.31721120392056856,0.16283195990037505,0.6075388026607539,1.0,0.06129979199046476,0.036590464509181575,0.04894512824982317,0.07222052196000901,0,1,0.024472564124911583,0.5361102609800045,0,1,0,0
P07,V7_video2_pocaluz,poca_luz,1165,38.830803474484256,1,0.30935842280666365,0.30503791419544624,0.31367893141788106,0.16327538119537066,0.6053215077605322,1.0,0.058569870850696204,0.02149885057272305,0.04003436071170963,0.10889575872100439,0,1,0.020017180355854813,0.5544478793605022,0,1,0,0
P07,V7_video2_pocaluz,poca_luz,1166,38.86413463626493,1,0.3062237676855931,0.3024272240927022,0.3100203112784841,0.1602177559702839,0.6031042128603105,1.0,0.04906178910658243,0.07549323534278729,0.06227751222468486,0.1215474054117837,0,0,0.03113875611234243,0.06077370270589185,0,0,0,0
P07,V7_video2_pocaluz,poca_luz,1167,38.8974657980456,1,0.31268263594288054,0.30695257954862404,0.31841269233713704,0.160555109199262,0.6008869179600886,1.0,0.056463963778839554,0.1621565537011167,0.10931025873997813,0.08161184526206518,0,0,0.054655129369989064,0.04080592263103259,0,0,0,0
P07,V7_video2_pocaluz,poca_luz,1168,38.930796959826274,1,0.30892159131252206,0.30348079806174216,0.31436238456330196,0.160933698923152,0.5986696230598669,1.0,0.029663674110456784,0.058073284137850956,0.04386847912415387,0.03636585256200532,0,0,0.021934239562076935,0.01818292628100266,0,0,0,0
P07,V7_video2_pocaluz,poca_luz,1169,38.96412812160695,1,0.3096263977924806,0.3043841513006996,0.31486864428426153,0.1612739106758509,0.5964523281596452,1.0,0.030455019120864346,0.1351480673467016,0.08280154323378297,0.123630336038422,0,0,0.041400771616891485,0.061815168019211,0,0,0,0
P07,V7_video2_pocaluz,poca_luz,1170,38.99745928338762,1,0.3091080806214095,0.300559735622724,0.317656425620095,0.1582761554101493,0.5942350332594235,1.0,0.025045440808877273,0.2650496036648181,0.1450475222368477,0.25480811728650066,0,0,0.07252376111842385,0.12740405864325033,0,0,0,0
P07,V7_video2_pocaluz,poca_luz,1171,39.03079044516829,1,0.30618877962140856,0.2983030688155837,0.31407449042723345,0.15800717955737512,0.5920177383592018,1.0,0.01730894164995278,0.16441450547704894,0.09086172356350086,0.3225473164054739,0,0,0.04543086178175043,0.16127365820273695,0,0,0,0
P07,V7_video2_pocaluz,poca_luz,1172,39.064121606948966,1,0.30515163199729534,0.297490902577903,0.3128123614166877,0.15817898634772884,0.5898004434589801,1.0,0.02441196970321058,0.15037337442598808,0.08739267206459933,0.19835835413984726,0,0,0.043696336032299665,0.09917917706992363,0,0,0,0
P07,V7_video2_pocaluz,poca_luz,1173,39.09745276872964,1,0.30103285601742225,0.29390410284820934,0.30816160918663515,0.15734755763577937,0.5875831485587583,1.0,0.061133042768215295,0.03834344479929408,0.04973824378375469,0.35914103769015093,0,0,0.024869121891877344,0.17957051884507547,0,0,0,0
P07,V7_video2_pocaluz,poca_luz,1174,39.13078393051031,1,0.3012719652798605,0.2942277653958133,0.3083161651639077,0.15678085868941002,0.5853658536585366,1.0,0.06796784278509904,0.07518838810857054,0.07157811544683479,0.3824440837494996,0,0,0.035789057723417395,0.1912220418747498,0,0,0,0
P07,V7_video2_pocaluz,poca_luz,1175,39.164115092290984,1,0.29791403916323467,0.29160774777494347,0.3042203305515258,0.15673368069350038,0.5831485587583148,1.0,0.07522422199944534,0.11713563464163479,0.09617992832054006,0.48938400793587966,0,0,0.04808996416027003,0.24469200396793983,0,0,0,0
P07,V7_video2_pocaluz,poca_luz,1176,39.197446254071664,1,0.2969820525814898,0.2903396670312587,0.3036244381317209,0.15677402151941716,0.5809312638580931,1.0,0.07691498351049297,0.04258518759061958,0.059750085550556276,0.16628570720259417,0,0,0.029875042775278138,0.08314285360129708,0,0,0,0
P07,V7_video2_pocaluz,poca_luz,1177,39.23077741585234,1,0.3012416704465227,0.2930266937384023,0.30945664715464316,0.15771789103344264,0.5787139689578714,1.0,0.019638118595437404,0.13462536941022551,0.07713174400283146,0.27150728311808275,0,0,0.03856587200141573,0.13575364155904138,0,0,0,0
P07,V7_video2_pocaluz,poca_luz,1178,39.26410857763301,1,0.29495695205032046,0.2873753508366595,0.3025385532639814,0.15721404396516328,0.5764966740576497,1.0,0.12785257175382558,0.11275962248686133,0.12030609712034346,0.10250966088181951,0,0,0.06015304856017173,0.051254830440909754,0,0,0,0
P07,V7_video2_pocaluz,poca_luz,1179,39.29743973941368,1,0.29773990239687176,0.29073562456147006,0.30474418023227345,0.15708298143866478,0.5742793791574279,1.0,0.020560939154770086,0.11525139646319593,0.06790616780898301,0.056762512820454004,0,0,0.033953083904491504,0.028381256410227002,0,0,0,0
P07,V7_video2_pocaluz,poca_luz,1180,39.330770901194356,1,0.2955295585857811,0.28963306744756195,0.3014260497240003,0.15678877364446323,0.5720620842572062,1.0,0.014060546301143506,0.12102977703073725,0.06754516166594038,0.09055973098830913,0,0,0.03377258083297019,0.04527986549415457,0,0,0,0
P07,V7_video2_pocaluz,poca_luz,1181,39.36410206297503,1,0.2935736468057495,0.28757057865414437,0.29957671495735466,0.1570506597886617,0.5698447893569845,1.0,0.06867291331980652,0.21716273725902335,0.14291782528941493,0.26437713691036524,0,0,0.07145891264470747,0.13218856845518262,0,0,0,0
P07,V7_video2_pocaluz,poca_luz,1182,39.3974332247557,1,0.29487257574923953,0.28866821958233896,0.3010769319161401,0.15771124354391852,0.5676274944567627,1.0,0.07178302285824123,0.07077398073963304,0.07127850179893713,0.14627650583885293,0,0,0.035639250899468566,0.07313825291942647,0,0,0,0
P07,V7_video2_pocaluz,poca_luz,1183,39.430764386536374,1,0.2956120424400558,0.28923765060721235,0.30198643427289923,0.15757658568977112,0.565410199556541,1.0,0.06871974106961098,0.05140946510360811,0.06006460308660955,0.13101942644267264,0,0,0.030032301543304774,0.06550971322133632,0,0,0,0
P07,V7_video2_pocaluz,poca_luz,1184,39.46409554831705,1,0.29571546176837316,0.28972915692608414,0.30170176661066217,0.15776107546407717,0.5631929046563193,1.0,0.040819206167882593,0.08981609804464419,0.06531765210626339,0.199059851701331,0,0,0.032658826053131695,0.0995299258506655,0,0,0,0
P07,V7_video2_pocaluz,poca_luz,1185,39.49742671009772,1,0.29407852102833737,0.2887465077131017,0.29941053434357306,0.15712536143534786,0.5609756097560976,1.0,0.04812012529392573,0.06518044985073079,0.05665028757232826,0.1384803209090955,0,0,0.02832514378616413,0.06924016045454776,0,0,0,0
P07,V7_video2_pocaluz,poca_luz,1186,39.53075787187839,1,0.29200269608868623,0.2865401287677916,0.2974652634095808,0.15679126361838172,0.5587583148558758,1.0,0.05781757101593399,0.05381493782186897,0.05581625441890148,0.19636388728277057,0,0,0.02790812720945074,0.09818194364138529,0,0,0,0
P07,V7_video2_pocaluz,poca_luz,1187,39.564089033659066,1,0.2915498920174746,0.2858436542474164,0.29725612978753285,0.15683710603207968,0.5565410199556541,1.0,0.0960612157257068,0.20020557631396851,0.14813339601983766,0.057132577304965855,0,0,0.07406669800991883,0.028566288652482928,0,0,0,0
P07,V7_video2_pocaluz,poca_luz,1188,39.59742019543974,1,0.2891122598667497,0.28355933990479754,0.2946651798287019,0.1572449251863292,0.5543237250554324,1.0,0.12895047126516168,0.16758162499029605,0.14826604812772887,0.08000140276410933,0,0,0.07413302406386443,0.040000701382054665,0,0,0,0
P07,V7_video2_pocaluz,poca_luz,1189,39.63075135722041,1,0.2902755338842177,0.28575558740481544,0.29479548036361986,0.15708636819145094,0.5521064301552107,1.0,0.07318918668458574,0.2097820620986558,0.14148562439162077,0.09760879234068573,0,0,0.07074281219581038,0.048804396170342865,0,0,0,0
P07,V7_video2_pocaluz,poca_luz,1190,39.664082519001084,1,0.28807910430418915,0.28481099602819543,0.29134721258018287,0.1571495668395394,0.549889135254989,1.0,0.2436635933278719,0.14109402693685758,0.19237881013236474,0.14305130330637705,0,0,0.09618940506618237,0.07152565165318853,0,0,0,0
P07,V7_video2_pocaluz,poca_luz,1191,39.69741368078176,1,0.2900942368449697,0.28844442306257156,0.2917440506273678,0.15653610656487618,0.5476718403547672,1.0,0.03646753567675809,0.44645069732461096,0.24145911650068452,0.0760050930340226,0,0,0.12072955825034226,0.0380025465170113,0,0,0,0
P07,V7_video2_pocaluz,poca_luz,1192,39.73074484256243,1,0.28682775048987863,0.28705982306694183,0.28659567791281537,0.1567225871017588,0.5454545454545454,1.0,0.03134713986198334,0.18200920974224166,0.1066781748021125,0.07928725375521907,0,0,0.05333908740105625,0.039643626877609535,0,0,0,0
P07,V7_video2_pocaluz,poca_luz,1193,39.7640760043431,1,0.2858611213933103,0.28532332269458444,0.28639892009203616,0.15749157815646067,0.5432372505543237,1.0,0.3207986769269823,0.1696959777363385,0.24524732733166038,0.07162824203614433,0,0,0.12262366366583019,0.035814121018072166,0,0,0,0
P07,V7_video2_pocaluz,poca_luz,1194,39.797407166123776,1,0.28779147850040476,0.2834623554432099,0.2921206015575996,0.15803331771949067,0.541019955654102,1.0,0.3148169430733295,0.3150983383632411,0.3149576407182853,0.07996957667620233,0,0,0.15747882035914265,0.039984788338101165,0,0,0,0
P07,V7_video2_pocaluz,poca_luz,1195,39.83073832790445,1,0.29928237648074973,0.2940804165005021,0.30448433646099743,0.15819728485898427,0.5388026607538803,1.0,0.009479514531936628,0.014887987683886106,0.012183751107911367,0.056519814743465215,0,0,0.0060918755539556835,0.028259907371732607,0,0,0,0
P07,V7_video2_pocaluz,poca_luz,1196,39.86406948968512,1,0.3004414073914924,0.2949640797538038,0.30591873502918093,0.15843952797466018,0.5365853658536586,1.0,0.012018952525636006,0.031764136089214134,0.02189154430742507,0.06640948595177915,0,0,0.010945772153712535,0.03320474297588957,0,0,0,0
P07,V7_video2_pocaluz,poca_luz,1197,39.897400651465794,1,0.30195972901038987,0.2961770430646541,0.30774241495612564,0.15824665475086808,0.5343680709534369,1.0,0.009867590574637708,0.1256859394689377,0.0677767650217877,0.03364302577687847,0,0,0.03388838251089385,0.016821512888439236,0,0,0,0
P07,V7_video2_pocaluz,poca_luz,1198,39.930731813246474,1,0.3010574298846457,0.29563752693967715,0.30647733282961426,0.1586393699726088,0.532150776053215,1.0,0.03242596232026518,0.15583190242336242,0.0941289323718138,0.04415292442969711,0,0,0.0470644661859069,0.022076462214848554,0,0,0,0
P07,V7_video2_pocaluz,poca_luz,1199,39.96406297502715,1,0.30115939508456374,0.2955028202264558,0.3068159699426717,0.1591851281612873,0.5299334811529933,1.0,0.033699951009048545,0.055632628310080534,0.04466628965956454,0.054139534305246054,0,0,0.02233314482978227,0.027069767152623027,0,0,0,0
P07,V7_video2_pocaluz,poca_luz,1200,39.99739413680782,1,0.3008105412636836,0.2955254723696871,0.3060956101576801,0.16015944393628467,0.5277161862527716,1.0,0.04716200631591427,0.1536331683429647,0.10039758732943949,0.14949512010713814,0,0,0.05019879366471974,0.07474756005356907,0,0,0,0
P07,V7_video2_pocaluz,poca_luz,1201,40.03072529858849,1,0.30226090547448164,0.29539976825731207,0.3091220426916512,0.1614680026796542,0.5254988913525499,1.0,0.012977286382016784,0.15925026886293303,0.08611377762247491,0.1131601061234582,0,0,0.043056888811237454,0.0565800530617291,0,0,0,0
P07,V7_video2_pocaluz,poca_luz,1202,40.064056460369166,1,0.29801681912593275,0.29134231527766785,0.30469132297419765,0.15950016077722595,0.5232815964523282,1.0,0.10840533229501526,0.07887996740554293,0.09364264985027909,0.07056625729216935,0,0,0.046821324925139546,0.035283128646084676,0,0,0,0
P07,V7_video2_pocaluz,poca_luz,1203,40.09738762214984,1,0.2973061255595749,0.29062725327281536,0.30398499784633454,0.1585922136792236,0.5210643015521065,1.0,0.03935526475637019,0.07473017097923751,0.05704271786780385,0.12354364524180589,0,0,0.028521358933901925,0.061771822620902944,0,0,0,0
P07,V7_video2_pocaluz,poca_luz,1204,40.13071878393051,1,0.2931219215444908,0.2863431023933058,0.29990074069567574,0.1582637632142892,0.5188470066518847,1.0,0.12567553860599245,0.06248629406703987,0.09408091633651616,0.09435685763538987,0,0,0.04704045816825808,0.047178428817694934,0,0,0,0
P07,V7_video2_pocaluz,poca_luz,1205,40.164049945711184,1,0.29137788550460664,0.28455635714746974,0.2981994138617435,0.15656438969369244,0.516629711751663,1.0,0.043543666913752443,0.31387336451076275,0.1787085157122576,0.09232336900946139,0,0,0.0893542578561288,0.046161684504730696,0,0,0,0
P07,V7_video2_pocaluz,poca_luz,1206,40.19738110749186,1,0.29188213182893563,0.28596038992626055,0.29780387373161066,0.1570576184953494,0.5144124168514412,1.0,0.0018275088976971166,0.1872903669783017,0.09455893793799941,0.10255757651113837,0,0,0.047279468968999705,0.05127878825556918,0,0,0,0
P07,V7_video2_pocaluz,poca_luz,1207,40.23071226927253,1,0.2894277694113214,0.2825379355276933,0.2963176032949495,0.15775241716956132,0.5121951219512195,1.0,0.007552428956974611,0.04161865363834549,0.024585541297660052,0.04196772048944234,0,0,0.012292770648830026,0.02098386024472117,0,0,0,0
P07,V7_video2_pocaluz,poca_luz,1208,40.2640434310532,1,0.2983134161522585,0.29271585341527434,0.3039109788892427,0.15787999852619217,0.5099778270509978,1.0,0.0029946890684469096,0.12248569121078057,0.06274019013961374,0.03810403211880417,0,0,0.03137009506980687,0.019052016059402085,0,0,0,0
P07,V7_video2_pocaluz,poca_luz,1209,40.297374592833876,1,0.2929936678803131,0.2865192877155229,0.29946804804510335,0.15618222680777238,0.5077605321507761,1.0,0.010478530139176212,0.06569558344663828,0.03808705679290725,0.1400244867548303,0,0,0.019043528396453624,0.07001224337741516,0,0,0,0
P07,V7_video2_pocaluz,poca_luz,1210,40.33070575461455,1,0.2915845519855699,0.28518338529485093,0.29798571867628887,0.15697395344640935,0.5055432372505543,1.0,0.0349504362614359,0.07642834712555613,0.055689391693496015,0.07804813721519639,0,0,0.027844695846748008,0.039024068607598196,0,0,0,0
P07,V7_video2_pocaluz,poca_luz,1211,40.36403691639522,1,0.2857093983956819,0.28071043903542753,0.2907083577559362,0.15899603182585006,0.5033259423503326,1.0,0.018021701901242526,0.0685489094131081,0.04328530565717531,0.13190485208647576,0,0,0.021642652828587655,0.06595242604323788,0,0,0,0
P07,V7_video2_pocaluz,poca_luz,1212,40.397368078175894,1,0.28211254926418267,0.27657864956018235,0.287646448968183,0.1567477641444654,0.5011086474501109,1.0,0.023079112719940453,0.07771796307688639,0.05039853789841342,0.07169176437420455,0,0,0.02519926894920671,0.035845882187102274,0,0,0,0
P07,V7_video2_pocaluz,poca_luz,1213,40.43069923995657,1,0.2847001312431362,0.27873978379174363,0.2906604786945288,0.1566004342093833,0.49889135254988914,1.0,0.012546929001793994,0.024024941508184905,0.01828593525498945,0.05759937410926132,0,0,0.009142967627494725,0.02879968705463066,0,0,0,0
P07,V7_video2_pocaluz,poca_luz,1214,40.46403040173724,1,0.2888126421272451,0.2834557312766507,0.2941695529778395,0.1577656258324688,0.49667405764966743,1.0,0.007065387284661551,0.09603300163603101,0.05154919446034628,0.07442134118437316,0,0,0.02577459723017314,0.03721067059218658,0,0,0,0
P07,V7_video2_pocaluz,poca_luz,1215,40.49736156351791,1,0.2942665763718981,0.29078242147590816,0.29775073126788815,0.1587681350370598,0.49445676274944567,1.0,0.012940483825224058,0.06753630040203185,0.04023839211362795,0.11568881843022745,0,0,0.020119196056813976,0.057844409215113725,0,0,0,0
P07,V7_video2_pocaluz,poca_luz,1216,40.530692725298586,1,0.29108512395323394,0.28678595693225767,0.2953842909742102,0.15703107077746722,0.49223946784922396,1.0,0.006237944758485492,0.028880955644177586,0.01755945020133154,0.039775986935149235,0,0,0.00877972510066577,0.019887993467574618,0,0,0,0
P07,V7_video2_pocaluz,poca_luz,1217,40.56402388707926,1,0.2889972313873197,0.2855875865299501,0.2924068762446893,0.15864483184470757,0.49002217294900224,1.0,0.02749741112961024,0.4780928914864878,0.252795151308049,0.07557876044342984,0,0,0.1263975756540245,0.03778938022171492,0,0,0,0
P07,V7_video2_pocaluz,poca_luz,1218,40.59735504885993,1,0.29427564711301135,0.28883156860917386,0.29971972561684884,0.1622671783945068,0.4878048780487805,1.0,0.0955363632584938,0.09942947299604554,0.09748291812726967,0.06501435293151019,0,0,0.048741459063634834,0.03250717646575509,0,0,0,0
P07,V7_video2_pocaluz,poca_luz,1219,40.630686210640604,1,0.2902242347866571,0.28650110038816934,0.29394736918514486,0.16216933123391492,0.48558758314855877,1.0,0.02007027855869925,0.21886865434011726,0.11946946644940826,0.07583458318254098,0,0,0.05973473322470413,0.03791729159127049,0,0,0,0
P07,V7_video2_pocaluz,poca_luz,1220,40.664017372421284,1,0.29808614471212036,0.29416676300967404,0.30200552641456674,0.16115239837137743,0.48337028824833705,1.0,0.030793333385758626,0.08663031310413727,0.05871182324494795,0.04282741316874183,0,0,0.029355911622473974,0.021413706584370914,0,0,0,0
P07,V7_video2_pocaluz,poca_luz,1221,40.69734853420196,1,0.29730012849868204,0.2925446838355385,0.30205557316182563,0.15972933852098167,0.4811529933481153,1.0,0.005691322736360527,0.1753429642519666,0.09051714349416357,0.04798524926309534,0,0,0.04525857174708178,0.02399262463154767,0,0,0,0
P07,V7_video2_pocaluz,poca_luz,1222,40.73067969598263,1,0.2953140664004944,0.289773815668078,0.30085431713291083,0.16200861955398704,0.4789356984478936,1.0,0.0031866962713105185,0.19556105683677905,0.09937387655404478,0.074777795304219,0,0,0.04968693827702239,0.0373888976521095,0,0,0,0
P07,V7_video2_pocaluz,poca_luz,1223,40.7640108577633,1,0.2960148018943481,0.29096276936818766,0.3010668344205085,0.1600542992102486,0.47671840354767187,1.0,0.004256765209778024,0.02931048059981145,0.016783622904794737,0.08138588134318728,0,0,0.008391811452397369,0.04069294067159364,0,0,0,0
P07,V7_video2_pocaluz,poca_luz,1224,40.797342019543976,1,0.2917515604030453,0.28621482796210546,0.29728829284398506,0.15960196563786205,0.4745011086474501,1.0,0.047090220961495066,0.06520382819349846,0.05614702457749676,0.13315365057168052,0,0,0.02807351228874838,0.06657682528584026,0,0,0,0
P07,V7_video2_pocaluz,poca_luz,1225,40.83067318132465,1,0.2894363903524661,0.2842972668842095,0.2945755138207227,0.1611671062961371,0.4722838137472284,1.0,0.014443134425117354,0.0250220887612721,0.019732611593194727,0.059463866856634934,0,0,0.009866305796597363,0.029731933428317467,0,0,0,0
P07,V7_video2_pocaluz,poca_luz,1226,40.86400434310532,1,0.2953925423499692,0.2910620599707333,0.2997230247292051,0.16494319348355999,0.4700665188470067,1.0,0.002859833665624145,0.05501538940297879,0.028937611534301466,0.1882473669483836,0,1,0.014468805767150733,0.5941236834741918,0,1,0,1
P07,V7_video2_pocaluz,poca_luz,1227,40.897335504885994,1,0.292413637441046,0.2883255007486689,0.29650177413342305,0.16565570216608425,0.4678492239467849,1.0,0.040826506608250046,0.04581578010212273,0.04332114335518639,0.1391204861154292,0,1,0.021660571677593193,0.5695602430577146,0,1,0,0
P07,V7_video2_pocaluz,poca_luz,1228,40.93066666666667,1,0.2954535787791768,0.2885666237398749,0.30234053381847864,0.17861952269864903,0.4656319290465632,1.0,0.026098472669665584,0.14858916818665768,0.08734382042816163,0.2455341724985532,0,1,0.04367191021408082,0.6227670862492766,0,1,0,1
P07,V7_video2_pocaluz,poca_luz,1229,40.96399782844734,1,0.29738697984146,0.2913292004418464,0.3034447592410736,0.21764747177592078,0.4634146341463415,1.0,0.019409961638985784,0.07013215997242928,0.04477106080570753,0.1604103139800879,0,1,0.022385530402853765,0.5802051569900439,0,1,0,0
P07,V7_video2_pocaluz,poca_luz,1230,40.99732899022801,1,0.2924356282082453,0.287187881564971,0.2976833748515196,0.22420965986841393,0.4611973392461197,1.0,0.04029811033719055,0.03423237287479941,0.03726524160599498,0.9360984880119111,0,1,0.01863262080299749,0.9680492440059556,0,1,0,1
P07,V7_video2_pocaluz,poca_luz,1231,41.030660152008686,1,0.2929890113213689,0.2887066866755811,0.29727133596715666,0.22941272983228275,0.458980044345898,1.0,0.05486168240347333,0.08647041513206843,0.07066604876777088,0.9128308827995663,0,1,0.03533302438388544,0.9564154413997832,0,1,0,1
P07,V7_video2_pocaluz,poca_luz,1232,41.06399131378936,1,0.2877624798850886,0.2849195868496804,0.29060537292049676,0.2325653392814004,0.4567627494456763,1.0,0.10040382305512263,0.05789160685596051,0.07914771495554157,0.9702404223647508,0,1,0.039573857477770785,0.9851202111823754,0,1,0,1
P07,V7_video2_pocaluz,poca_luz,1233,41.09732247557003,1,0.247856428657869,0.24869443681574355,0.24701842049999442,0.22592367866358265,0.45454545454545453,1.0,0.0626070216129555,0.2777639776260553,0.1701854996195054,0.9453102598424409,0,1,0.0850927498097527,0.9726551299212205,0,1,0,1
P07,V7_video2_pocaluz,poca_luz,1234,41.130653637350704,1,0.057941878864817165,0.06585375203362036,0.05003000569601397,0.22966707736843922,0.45454545454545453,1.0,0.18172968449346238,0.2697159761928011,0.22572283034313173,0.9368179699635198,1,1,0.6128614151715659,0.9684089849817599,1,1,1,1
P07,V7_video2_pocaluz,poca_luz,1235,41.16398479913138,1,0.023536839924223667,0.022102857193795004,0.02497082265465233,0.22584905423986,0.45454545454545453,1.0,0.16981392175974475,0.32398083746832673,0.24689737961403574,0.8382649254710774,1,1,0.6234486898070178,0.9191324627355387,1,1,1,1
P07,V7_video2_pocaluz,poca_luz,1236,41.19731596091205,1,0.019393695731230114,0.020768379183959493,0.01801901227850073,0.23068284643923165,0.45454545454545453,1.0,0.17415355172707359,0.2137819159651212,0.1939677338460974,0.9142060851520492,1,1,0.5969838669230487,0.9571030425760245,1,1,1,1
P07,V7_video2_pocaluz,poca_luz,1237,41.23064712269272,1,0.01974188940195729,0.02344983065366034,0.01603394815025424,0.23391322280902624,0.45454545454545453,1.0,0.3391112336147386,0.22007473734987526,0.27959298548230693,0.89223441006546,1,1,0.6397964927411535,0.94611720503273,1,1,1,1
P07,V7_video2_pocaluz,poca_luz,1238,41.263978284473396,1,0.025870148271385125,0.018015662317760174,0.033724634225010076,0.24126559691001287,0.45454545454545453,1.0,0.0881250163856585,0.3189119114960002,0.20351846394082934,0.933030826136388,1,1,0.6017592319704147,0.966515413068194,1,1,1,1
P07,V7_video2_pocaluz,poca_luz,1239,41.29730944625407,1,0.029160004550272404,0.02260766766143952,0.03571234143910529,0.2400654727147567,0.45454545454545453,1.0,0.19950927129965923,0.25767103005739467,0.22859015067852695,0.8104287683829334,1,1,0.6142950753392635,0.9052143841914667,1,1,1,1
P07,V7_video2_pocaluz,poca_luz,1240,41.33064060803474,1,0.05661853149320134,0.06354182201625272,0.04969524097014997,0.24775650130817228,0.45454545454545453,1.0,0.050821951129868315,0.22085548866100801,0.13583871989543816,0.961421668037048,1,1,0.567919359947719,0.980710834018524,1,1,0,1
P07,V7_video2_pocaluz,poca_luz,1241,41.363971769815414,1,0.08603238590314455,0.1136222979964117,0.058442473809877396,0.25284109126951904,0.45454545454545453,1.0,0.06891253373365158,0.35498456963561464,0.2119485516846331,0.8551449613185453,1,1,0.6059742758423166,0.9275724806592727,1,1,1,1
P07,V7_video2_pocaluz,poca_luz,1242,41.397302931596094,1,0.12400245650569372,0.16296397761460477,0.08504093539678269,0.261315877170578,0.45454545454545453,1.0,0.11957897019215258,0.3781523385859842,0.24886565438906838,0.9558083404702338,1,1,0.6244328271945342,0.9779041702351169,1,1,1,1
P07,V7_video2_pocaluz,poca_luz,1243,41.43063409337677,1,0.13404375000215918,0.17390904176924074,0.09417845823507763,0.2672837444408859,0.45454545454545453,1.0,0.14332713674778352,0.4269008758542875,0.2851140063010355,0.9829055750493149,1,1,0.6425570031505178,0.9914527875246575,1,1,1,1
P07,V7_video2_pocaluz,poca_luz,1244,41.46396525515744,1,0.1565586821126077,0.18697505681725976,0.12614230740795568,0.2753874250420032,0.4523281596452328,1.0,0.2167033356679371,0.35721225325111705,0.28695779445952707,0.9887983641098562,0,1,0.14347889722976354,0.994399182054928,0,1,0,1
P07,V7_video2_pocaluz,poca_luz,1245,41.49729641693811,1,0.18808882422832573,0.20738418571526557,0.16879346274138593,0.28116988112944563,0.4501108647450111,1.0,0.15840636854981338,0.1524266264337547,0.15541649749178404,0.9799001588787408,0,1,0.07770824874589202,0.9899500794393704,0,1,0,1
P07,V7_video2_pocaluz,poca_luz,1246,41.530627578718786,1,0.20611580572077098,0.21914168708517967,0.19308992435636232,0.2863140435361556,0.44789356984478934,1.0,0.0372111967399934,0.3294992444888317,0.18335522061441256,0.9746468404034466,0,1,0.09167761030720628,0.9873234202017234,0,1,0,1
P07,V7_video2_pocaluz,poca_luz,1247,41.56395874049946,1,0.21757917066097637,0.22745909061722666,0.2076992507047261,0.29578941539383563,0.44567627494456763,1.0,0.15429485061620762,0.3058466548800385,0.23007075274812305,0.917152020343059,0,1,0.11503537637406153,0.9585760101715295,0,1,0,1
P07,V7_video2_pocaluz,poca_luz,1248,41.59728990228013,1,0.2209612305745781,0.22602644781358533,0.21589601333557085,0.29540480030836463,0.4434589800443459,1.0,0.038102065994863654,0.4940896850094957,0.26609587550217967,0.9412093295177245,0,1,0.13304793775108983,0.9706046647588622,0,1,0,1
P07,V7_video2_pocaluz,poca_luz,1249,41.630621064060804,1,0.21787606030229778,0.2197568893663407,0.21599523123825487,0.29016179727190256,0.44124168514412415,1.0,0.1164136714907329,0.2089565653765615,0.1626851184336472,0.8704453278935503,0,1,0.0813425592168236,0.9352226639467751,0,1,0,1
P07,V7_video2_pocaluz,poca_luz,1250,41.66395222584148,1,0.2251272490342113,0.2251132412580753,0.2251412568103473,0.2934543470518666,0.43902439024390244,1.0,0.11592242438566092,0.1744685100310288,0.14519546720834486,0.9638524735411748,0,1,0.07259773360417243,0.9819262367705874,0,1,0,1
P07,V7_video2_pocaluz,poca_luz,1251,41.69728338762215,1,0.22091406478619474,0.2221640609858906,0.21966406858649887,0.2881845768370646,0.43680709534368073,1.0,0.15357467749194142,0.33361819795719705,0.24359643772456924,0.9510049079841462,0,1,0.12179821886228462,0.9755024539920731,0,1,0,1
P07,V7_video2_pocaluz,poca_luz,1252,41.73061454940282,1,0.22414106610471887,0.22621124776102705,0.2220708844484107,0.287247876458709,0.43458980044345896,1.0,0.09180392307247354,0.14421601749660118,0.11800997028453736,0.9724256262629918,0,1,0.05900498514226868,0.9862128131314959,0,1,0,1
P07,V7_video2_pocaluz,poca_luz,1253,41.763945711183496,1,0.22279901773276553,0.22529873060533676,0.2202993048601943,0.28841708293488844,0.43237250554323725,1.0,0.3085705753212603,0.3314473300579186,0.32000895268958945,0.9713639680677651,0,1,0.16000447634479473,0.9856819840338826,0,1,0,1
P07,V7_video2_pocaluz,poca_luz,1254,41.79727687296417,1,0.22086459797523672,0.22090964414585595,0.2208195518046175,0.2882479284258594,0.43015521064301554,1.0,0.21128180525091467,0.04820507178748756,0.12974343851920112,0.9551279671964868,0,1,0.06487171925960056,0.9775639835982435,0,1,0,1
P07,V7_video2_pocaluz,poca_luz,1255,41.83060803474484,1,0.21326611323945804,0.21218175821149676,0.21435046826741935,0.2953108184771829,0.4279379157427938,1.0,0.19272957624920672,0.2643598651581869,0.2285447207036968,0.9391883596231948,0,1,0.1142723603518484,0.9695941798115975,0,1,0,1
P07,V7_video2_pocaluz,poca_luz,1256,41.863939196525514,1,0.2179610604388546,0.21699572943490106,0.21892639144280812,0.2953612271664384,0.42572062084257206,1.0,0.12632893116395238,0.43904863256273796,0.2826887818633452,0.9884515434139075,0,1,0.1413443909316726,0.9942257717069538,0,1,0,1
P07,V7_video2_pocaluz,poca_luz,1257,41.89727035830619,1,0.21628426560035233,0.21613308074933277,0.21643545045137189,0.2965657734740288,0.42350332594235035,1.0,0.29917703235909454,0.24355628943406993,0.27136666089658223,0.9672664391680338,0,1,0.13568333044829112,0.983633219584017,0,1,0,1
P07,V7_video2_pocaluz,poca_luz,1258,41.93060152008686,1,0.2120163943812548,0.2134261630120707,0.21060662575043887,0.3013796529207845,0.4212860310421286,1.0,0.12105603054550951,0.12975391052921526,0.12540497053736238,0.9857952660914764,0,1,0.06270248526868119,0.9928976330457382,0,1,0,1
P07,V7_video2_pocaluz,poca_luz,1259,41.96393268186753,1,0.20041268716134203,0.2018025152885832,0.19902285903410089,0.3027628060162477,0.4212860310421286,1.0,0.15107696456641018,0.23625180096337928,0.19366438276489473,0.9775255638212459,0,1,0.09683219138244736,0.988762781910623,0,1,0,1
P07,V7_video2_pocaluz,poca_luz,1260,41.997263843648206,1,0.19150635975528496,0.19548556054846045,0.18752715896210945,0.30206792293416956,0.4212860310421286,1.0,0.18959850355552488,0.3821790683009568,0.28588878592824085,0.9873458798049528,0,1,0.14294439296412043,0.9936729399024764,0,1,0,1
P07,V7_video2_pocaluz,poca_luz,1261,42.03059500542888,1,0.1880826678271974,0.1930111372411206,0.18315419841327418,0.30295723349293907,0.4212860310421286,1.0,0.11435403756406404,0.2488773230405159,0.18161568030228997,0.9958337062901624,0,1,0.09080784015114499,0.9979168531450813,0,1,0,1
P07,V7_video2_pocaluz,poca_luz,1262,42.06392616720955,1,0.16809197993120445,0.17592804913426652,0.16025591072814238,0.30543171817326814,0.4212860310421286,1.0,0.13676588576539606,0.5834614689066392,0.3601136773360176,0.9772886151446984,0,1,0.1800568386680088,0.9886443075723492,0,1,0,1
P07,V7_video2_pocaluz,poca_luz,1263,42.097257328990224,1,0.15563490727097448,0.17215293477486415,0.1391168797670848,0.310568435085815,0.4212860310421286,1.0,0.32752230067501753,0.5626182606354894,0.44507028065525345,0.9816624194154664,0,1,0.22253514032762672,0.9908312097077332,0,1,0,1
P07,V7_video2_pocaluz,poca_luz,1264,42.130588490770904,1,0.1454639736209578,0.15378416835651418,0.13714377888540144,0.3176701867725588,0.4212860310421286,1.0,0.06368547377433575,0.10992854372719929,0.08680700875076752,0.9902571168283637,0,1,0.04340350437538376,0.9951285584141818,0,1,0,1
P07,V7_video2_pocaluz,poca_luz,1265,42.16391965255158,1,0.14386352139051672,0.1621004622987466,0.12562658048228684,0.32504785182957396,0.4212860310421286,1.0,0.277242842554388,0.425221037428421,0.3512319399914045,0.9904275126950454,0,1,0.17561596999570225,0.9952137563475227,0,1,0,1
P07,V7_video2_pocaluz,poca_luz,1266,42.19725081433225,1,0.1359919289944079,0.15231725068389199,0.11966660730492383,0.330200136782639,0.42350332594235035,1.0,0.24736636134445344,0.5271295704665813,0.38724796590551736,0.9957479717454208,1,1,0.6936239829527586,0.9978739858727104,1,1,1,1
P07,V7_video2_pocaluz,poca_luz,1267,42.23058197611292,1,0.11269730768817532,0.12308798744173331,0.10230662793461733,0.33750639515138786,0.42572062084257206,1.0,0.1253089019100312,0.42803959120179524,0.2766742465559132,0.9937678018917547,1,1,0.6383371232779567,0.9968839009458774,1,1,1,1
P07,V7_video2_pocaluz,poca_luz,1268,42.263913137893596,1,0.07361608780789479,0.06642869810270198,0.0808034775130876,0.33716229222876704,0.4279379157427938,1.0,0.05095510306729012,0.33902152516271045,0.19498831411500028,0.9978529936059429,1,1,0.5974941570575001,0.9989264968029714,1,1,1,1
P07,V7_video2_pocaluz,poca_luz,1269,42.29724429967427,1,0.039244815047681125,0.028566100628576008,0.04992352946678624,0.34021465931550593,0.43015521064301554,1.0,0.10596468408053095,0.2031470224145585,0.15455585324754473,0.981401951478346,1,1,0.5772779266237724,0.9907009757391729,1,1,0,1
P07,V7_video2_pocaluz,poca_luz,1270,42.33057546145494,1,0.02490723121218289,0.021079967787485922,0.02873449463687986,0.34293262434726063,0.43237250554323725,1.0,0.030118481509455397,0.04980821353107001,0.039963347520262704,0.9810526202851981,1,1,0.5199816737601314,0.9905263101425991,1,1,0,1
P07,V7_video2_pocaluz,poca_luz,1271,42.363906623235614,1,0.03275345675517898,0.025212927536120797,0.04029398597423717,0.3393495082235042,0.43458980044345896,1.0,0.08485450500940295,0.16992813080771418,0.12739131790855857,0.9678438075583234,1,1,0.5636956589542793,0.9839219037791618,1,1,0,1
P07,V7_video2_pocaluz,poca_luz,1272,42.39723778501629,1,0.020423754800578592,0.016752233546476425,0.024095276054680755,0.3499154248689738,0.43680709534368073,1.0,0.17194841464500532,0.19747137662590242,0.18470989563545387,0.9882693548919614,1,1,0.5923549478177269,0.9941346774459807,1,1,1,1
P07,V7_video2_pocaluz,poca_luz,1273,42.43056894679696,1,0.02286463800775733,0.012124925842436149,0.03360435017307851,0.3449178295047893,0.43902439024390244,1.0,0.1496593146222499,0.17050388593640176,0.16008160027932583,0.993677003791164,1,1,0.5800408001396629,0.996838501895582,1,1,1,1
P07,V7_video2_pocaluz,poca_luz,1274,42.46390010857763,1,0.017776180682172987,0.004171980778699101,0.03138038058564687,0.3446909609361916,0.44124168514412415,1.0,0.2611094976424412,0.1526852499466188,0.20689737379453,0.9854338505373885,1,1,0.603448686897265,0.9927169252686943,1,1,1,1
P07,V7_video2_pocaluz,poca_luz,1275,42.497231270358306,1,0.030220513590357066,0.01040817969937442,0.05003284748133971,0.3475577388027351,0.4434589800443459,1.0,0.5563655769123677,0.16235004302870681,0.35935780997053723,0.9937866240135681,1,1,0.6796789049852686,0.996893312006784,1,1,1,1
P07,V7_video2_pocaluz,poca_luz,1276,42.53056243213898,1,0.03327857046497042,0.014203393793484429,0.05235374713645641,0.34469232099893876,0.44567627494456763,1.0,0.20878611312055362,0.5701325263940602,0.3894593197573069,0.9714049244698513,1,1,0.6947296598786534,0.9857024622349256,1,1,1,1
P07,V7_video2_pocaluz,poca_luz,1277,42.56389359391965,1,0.027675497670466148,0.013681572237971026,0.04166942310296127,0.34397511832547145,0.44789356984478934,1.0,0.16569956269411745,0.18294157489413343,0.17432056879412544,0.9731380368553048,1,1,0.5871602843970627,0.9865690184276523,1,1,1,1
P07,V7_video2_pocaluz,poca_luz,1278,42.597224755700324,1,0.025003331557376135,0.011991652228841354,0.038015010885910916,0.3429301068151033,0.4501108647450111,1.0,0.16428112345946144,0.5540818718689315,0.3591814976641965,0.9614572363422659,1,1,0.6795907488320982,0.980728618171133,1,1,1,1
P07,V7_video2_pocaluz,poca_luz,1279,42.630555917481,1,0.014159307248897956,0.004168473615956014,0.024150140881839897,0.34181884159286824,0.4523281596452328,1.0,0.6356216325790491,0.2881499864670004,0.46188580952302477,0.9668836743287137,1,1,0.7309429047615124,0.9834418371643568,1,1,1,1
P07,V7_video2_pocaluz,poca_luz,1280,42.66388707926167,1,0.015705386069728846,0.005764635028338802,0.02564613711111889,0.3343595999165615,0.45454545454545453,1.0,0.23929198997180978,0.11638010220172879,0.17783604608676928,0.9670098238215751,1,1,0.5889180230433846,0.9835049119107875,1,1,1,1
P07,V7_video2_pocaluz,poca_luz,1281,42.69721824104234,1,0.03780197591526681,0.025443165449953134,0.05016078638058048,0.3232104737840196,0.4567627494456763,1.0,0.2801365665097536,0.4777268004894666,0.3789316834996101,0.9418489647267925,1,1,0.6894658417498051,0.9709244823633962,1,1,1,1
P07,V7_video2_pocaluz,poca_luz,1282,42.730549402823016,1,0.028411009460525848,0.016279679317547546,0.040542339603504146,0.32231252292539225,0.458980044345898,1.0,0.3004829417225371,0.42852031436845406,0.3645016280454956,0.9810759264236201,1,1,0.6822508140227478,0.9905379632118101,1,1,1,1
P07,V7_video2_pocaluz,poca_luz,1283,42.76388056460369,1,0.041341826811794796,0.02688502740612027,0.05579862621746932,0.31374091601695114,0.4611973392461197,1.0,0.4133055222878036,0.7315381769008604,0.5724218495943321,0.9934842639638293,1,1,0.786210924797166,0.9967421319819146,1,1,1,1
P07,V7_video2_pocaluz,poca_luz,1284,42.79721172638436,1,0.0341747591718515,0.02328959976182868,0.04505991858187431,0.3114821357191746,0.4634146341463415,1.0,0.41386134266683583,0.5720156624413635,0.49293850255409966,0.9971255907075987,1,1,0.7464692512770499,0.9985627953537993,1,1,1,1
P07,V7_video2_pocaluz,poca_luz,1285,42.830542888165034,1,0.025603412538976505,0.01733611148923958,0.03387071358871343,0.308214095225327,0.4656319290465632,1.0,0.3849414689831052,0.7622444537665704,0.5735929613748378,0.9734511322111319,1,1,0.7867964806874189,0.9867255661055659,1,1,1,1
P07,V7_video2_pocaluz,poca_luz,1286,42.863874049945714,1,0.03018144479327742,0.016466050494664042,0.0438968390918908,0.30262027610209286,0.4678492239467849,1.0,0.48720884449534074,0.6886276891847396,0.5879182668400402,0.9520328602154233,1,1,0.7939591334200201,0.9760164301077117,1,1,1,1
P07,V7_video2_pocaluz,poca_luz,1287,42.89720521172639,1,0.023906144224450004,0.007417545986934554,0.040394742461965456,0.285803349175466,0.4700665188470067,1.0,0.34059829516227313,0.511088966652508,0.4258436309073906,0.92550442594745,1,1,0.7129218154536953,0.9627522129737249,1,1,1,1
P07,V7_video2_pocaluz,poca_luz,1288,42.93053637350706,1,0.02369229788440636,0.006516639035482889,0.04086795673332983,0.26810695263292206,0.4722838137472284,1.0,0.3135553692162577,0.323863476020961,0.31870942261860935,0.8858574107076583,1,1,0.6593547113093047,0.9429287053538291,1,1,1,1
P07,V7_video2_pocaluz,poca_luz,1289,42.96386753528773,1,0.023103846154414926,0.011466802278785026,0.034740890030044824,0.25380403002643276,0.4745011086474501,1.0,0.16301978352107516,0.17857660653039464,0.1707981950257349,0.7264715663987997,1,1,0.5853990975128675,0.8632357831993999,1,1,1,1
P07,V7_video2_pocaluz,poca_luz,1290,42.997198697068406,1,0.017285619043580093,0.007902347910233825,0.02666889017692636,0.24696636060080737,0.47671840354767187,1.0,0.19059213390814167,0.5368688699290761,0.3637305019186089,0.9516048918875918,1,1,0.6818652509593044,0.975802445943796,1,1,1,1
P07,V7_video2_pocaluz,poca_luz,1291,43.03052985884908,1,0.017842468365686367,0.016570473594794233,0.0191144631365785,0.23949528541358123,0.4789356984478936,1.0,0.07431502327906425,0.7836667349207436,0.4289908790999039,0.8706633825572543,1,1,0.714495439549952,0.9353316912786271,1,1,1,1
P07,V7_video2_pocaluz,poca_luz,1292,43.06386102062975,1,0.016227543863845312,0.006675630656630408,0.025779457071060212,0.22284053420227312,0.4811529933481153,1.0,0.159617152641503,0.5393329977255094,0.3494750751835062,0.6153811603036557,1,1,0.674737537591753,0.8076905801518279,1,1,1,1
P07,V7_video2_pocaluz,poca_luz,1293,43.097192182410424,1,0.01853634098521091,0.005608204715147634,0.03146447725527419,0.21564739668768595,0.48337028824833705,1.0,0.30776661968590713,0.25710269080504167,0.2824346552454744,0.7237089548584076,1,1,0.6412173276227372,0.8618544774292038,1,1,1,1
P07,V7_video2_pocaluz,poca_luz,1294,43.1305233441911,1,0.015537285180737935,0.006222490725162371,0.024852079636313498,0.21171112527636535,0.48558758314855877,1.0,0.5061030565048794,0.5765998755847387,0.5413514660448091,0.483085059964577,1,1,0.7706757330224046,0.7415425299822885,1,1,1,1
P07,V7_video2_pocaluz,poca_luz,1295,43.16385450597177,1,0.019211134000342925,0.006690411601735551,0.0317318563989503,0.20572855557855396,0.4878048780487805,1.0,0.36449099472610524,0.34950911573027377,0.3570000552281895,0.38000699081880357,1,1,0.6785000276140948,0.6900034954094018,1,1,1,1
P07,V7_video2_pocaluz,poca_luz,1296,43.19718566775244,1,0.021208583637718548,0.005883123972669795,0.0365340433027673,0.20471623672277098,0.49002217294900224,1.0,0.24882979286445472,0.4314968354148825,0.3401633141396686,0.24150233860227074,1,1,0.6700816570698342,0.6207511693011354,1,1,1,1
P07,V7_video2_pocaluz,poca_luz,1297,43.230516829533116,1,0.022086167177391765,0.008899329901430454,0.035273004453353074,0.20363253633729886,0.49223946784922396,1.0,0.3757359094790492,0.3647711086751513,0.37025350907710025,0.2792123544599797,1,1,0.6851267545385501,0.6396061772299899,1,1,1,1
P07,V7_video2_pocaluz,poca_luz,1298,43.26384799131379,1,0.022329279923317333,0.009763308945136627,0.03489525090149804,0.206027452260668,0.49445676274944567,1.0,0.16193902976742325,0.23320980673682368,0.19757441825212346,0.261629222654072,1,1,0.5987872091260618,0.630814611327036,1,1,1,1
P07,V7_video2_pocaluz,poca_luz,1299,43.29717915309446,1,0.022204850734590928,0.010905920924010708,0.03350378054517115,0.20307184622607447,0.49667405764966743,1.0,0.20339947195916452,0.2964576706755413,0.2499285713173529,0.3073280204647019,1,1,0.6249642856586765,0.653664010232351,1,1,1,1
P07,V7_video2_pocaluz,poca_luz,1300,43.330510314875134,1,0.02128819003331967,0.010997823750499368,0.03157855631613997,0.20555659167322216,0.49889135254988914,1.0,0.30991806948242506,0.281030861583648,0.2954744655330365,0.23522432263680199,1,1,0.6477372327665183,0.617612161318401,1,1,1,1
P07,V7_video2_pocaluz,poca_luz,1301,43.36384147665581,1,0.02806619427884592,0.010222198460615313,0.04591019009707653,0.20945419089213743,0.5011086474501109,1.0,0.098937636906816,0.33059819615980623,0.21476791653331112,0.23042589439215522,1,1,0.6073839582666556,0.6152129471960777,1,1,1,1
P07,V7_video2_pocaluz,poca_luz,1302,43.39717263843648,1,0.030454565394980013,0.011591177343189806,0.04931795344677022,0.20994840802234419,0.5033259423503326,1.0,0.25019175616845324,0.13629586330273114,0.1932438097355922,0.2684813253445414,1,1,0.5966219048677961,0.6342406626722707,1,1,1,1
P07,V7_video2_pocaluz,poca_luz,1303,43.43050380021715,1,0.022064285686929364,0.011533698771702005,0.032594872602156724,0.2149027091683773,0.5055432372505543,1.0,0.2672634944751766,0.2961867670229642,0.2817251307490704,0.595814061662337,1,1,0.6408625653745352,0.7979070308311684,1,1,1,1
P07,V7_video2_pocaluz,poca_luz,1304,43.463834961997826,1,0.030775019599493917,0.010328772312746344,0.05122126688624149,0.20891386809337759,0.5077605321507761,1.0,0.45285442255273334,0.2125218246924211,0.3326881236225772,0.5937014347022807,1,1,0.6663440618112886,0.7968507173511403,1,1,1,1
P07,V7_video2_pocaluz,poca_luz,1305,43.4971661237785,1,0.025812029853422486,0.008938040804977319,0.04268601890186765,0.20652352015242048,0.5099778270509978,1.0,0.26594455872607703,0.19001073205867147,0.22797764539237425,0.21073196327044333,1,1,0.6139888226961872,0.6053659816352217,1,1,1,1
P07,V7_video2_pocaluz,poca_luz,1306,43.53049728555917,1,0.025587837031060077,0.010175255676042903,0.04100041838607725,0.2050250371052193,0.5121951219512195,1.0,0.18834868932295612,0.0978584542419989,0.1431035717824775,0.3778460907826219,1,1,0.5715517858912388,0.6889230453913109,1,1,0,1
P07,V7_video2_pocaluz,poca_luz,1307,43.563828447339844,1,0.02345518199657534,0.011516038189221579,0.0353943258039291,0.19857449142088038,0.5144124168514412,1.0,0.34171137644335947,0.3604091024791962,0.35106023946127785,0.35584676903160944,1,1,0.6755301197306389,0.6779233845158047,1,1,1,1
P07,V7_video2_pocaluz,poca_luz,1308,43.597159609120524,1,0.01931152590750562,0.01088831414962597,0.027734737665385267,0.20085020834637102,0.516629711751663,1.0,0.30731496416457205,0.1587742068976361,0.23304458553110408,0.28219017704267524,1,1,0.616522292765552,0.6410950885213376,1,1,1,1
P07,V7_video2_pocaluz,poca_luz,1309,43.6304907709012,1,0.021888470573204425,0.011370652159522246,0.032406288986886606,0.20231905107418643,0.5188470066518847,1.0,0.16394379227117084,0.2472686765825186,0.20560623442684473,0.22743808441368793,1,1,0.6028031172134224,0.6137190422068439,1,1,1,1
P07,V7_video2_pocaluz,poca_luz,1310,43.66382193268187,1,0.022266276078846122,0.011797213782575533,0.03273533837511671,0.19887346676003842,0.5210643015521065,1.0,0.09806361220492643,0.034423890176045746,0.06624375119048609,0.09136889983852836,1,1,0.533121875595243,0.5456844499192641,1,1,0,0
P07,V7_video2_pocaluz,poca_luz,1311,43.69715309446254,1,0.02359167193971351,0.01358538706810605,0.03359795681132097,0.19894068354764696,0.5232815964523282,1.0,0.19363812019347681,0.34650129126629536,0.2700697057298861,0.06160192197311731,1,1,0.635034852864943,0.5308009609865587,1,1,1,0
P07,V7_video2_pocaluz,poca_luz,1312,43.730484256243216,1,0.021964811566774486,0.013290820420218575,0.030638802713330398,0.19822982097606684,0.5254988913525499,1.0,0.1660086262524878,0.22068978546535545,0.19334920585892162,0.4024497055840995,1,1,0.5966746029294608,0.7012248527920497,1,1,1,1
P07,V7_video2_pocaluz,poca_luz,1313,43.76381541802389,1,0.024296908141098954,0.012627806513046251,0.03596600976915166,0.19897578801377214,0.5277161862527716,1.0,0.24347108420021457,0.49455463064898086,0.3690128574245977,0.630913811044964,1,1,0.6845064287122988,0.8154569055224821,1,1,1,1
P07,V7_video2_pocaluz,poca_luz,1314,43.79714657980456,1,0.033261418565573464,0.020027622628622545,0.046495214502524376,0.2016754691756994,0.5299334811529933,1.0,0.12063600673087183,0.5919240362026215,0.35628002146674664,0.3305116445981612,1,1,0.6781400107333733,0.6652558222990805,1,1,1,1
P07,V7_video2_pocaluz,poca_luz,1315,43.830477741585234,1,0.03519432973771934,0.02531827597140424,0.045070383504034445,0.2001790681464642,0.532150776053215,1.0,0.1815664059429899,0.3374753985805202,0.25952090226175506,0.16255952431218304,1,1,0.6297604511308775,0.5812797621560916,1,1,1,0
P07,V7_video2_pocaluz,poca_luz,1316,43.86380890336591,1,0.031074395199331736,0.021026539164903678,0.041122251233759795,0.19421897566787127,0.5343680709534369,1.0,0.19003919004618441,0.2804028479681058,0.2352210190071451,0.3175233506931792,1,1,0.6176105095035725,0.6587616753465896,1,1,1,1
P07,V7_video2_pocaluz,poca_luz,1317,43.89714006514658,1,0.02127838876433043,0.014621038244730824,0.02793573928393004,0.18740370984652333,0.5365853658536586,1.0,0.27131022325052845,0.2563830055156051,0.2638466143830668,0.17501985976370935,1,1,0.6319233071915333,0.5875099298818547,1,1,1,1
P07,V7_video2_pocaluz,poca_luz,1318,43.93047122692725,1,0.031119157039383758,0.019514038308250638,0.04272427577051688,0.1830071433748164,0.5388026607538803,1.0,0.27179706591040487,0.5712384887115278,0.42151777731096635,0.26810176644512373,1,1,0.7107588886554832,0.6340508832225619,1,1,1,1
P07,V7_video2_pocaluz,poca_luz,1319,43.963802388707926,1,0.030607977378301628,0.018405178359784693,0.042810776396818566,0.17832354637589934,0.541019955654102,1.0,0.3587258011175076,0.3884118946374141,0.37356884787746086,0.1427592365188243,1,1,0.6867844239387304,0.5713796182594122,1,1,1,0
P07,V7_video2_pocaluz,poca_luz,1320,43.9971335504886,1,0.030881165621760603,0.017476187493294094,0.04428614375022712,0.17941706087932943,0.5432372505543237,1.0,0.21360532640741758,0.37174047249229614,0.29267289944985686,0.28858396202309494,1,1,0.6463364497249284,0.6442919810115475,1,1,1,1
P07,V7_video2_pocaluz,poca_luz,1321,44.03046471226927,1,0.030293804796372063,0.01975134962581892,0.040836259966925206,0.1815149998353835,0.5454545454545454,1.0,0.12295282197659174,0.5517269539914729,0.3373398879840323,0.36028784454883545,1,1,0.6686699439920162,0.6801439222744177,1,1,1,1
P07,V7_video2_pocaluz,poca_luz,1322,44.063795874049944,1,0.03197959654248553,0.020774429747120446,0.04318476333785061,0.1752619591100367,0.5476718403547672,1.0,0.29652786526643193,0.25628401773998144,0.2764059415032067,0.2663978136580542,1,1,0.6382029707516034,0.6331989068290271,1,1,1,1
P07,V7_video2_pocaluz,poca_luz,1323,44.09712703583062,1,0.033773115772421966,0.019451794526513452,0.04809443701833048,0.17468059484616408,0.549889135254989,1.0,0.2469336342497339,0.36626381683287534,0.30659872554130463,0.3151295714379462,1,1,0.6532993627706523,0.657564785718973,1,1,1,1
P07,V7_video2_pocaluz,poca_luz,1324,44.13045819761129,1,0.043793258630511554,0.02655933085748764,0.061027186403535466,0.17342782831785813,0.5521064301552107,1.0,0.2200104751345091,0.6846373240778529,0.452323899606181,0.1854272363535262,1,1,0.7261619498030905,0.5927136181767632,1,1,1,1
P07,V7_video2_pocaluz,poca_luz,1325,44.16378935939196,1,0.047971078510171995,0.03353866553884101,0.06240349148150298,0.17241133818541707,0.5543237250554324,1.0,0.5178386744678354,0.3191850034646777,0.41851183896625654,0.27945463401808207,1,1,0.7092559194831283,0.6397273170090411,1,1,1,1
P07,V7_video2_pocaluz,poca_luz,1326,44.197120521172636,1,0.08663914513635346,0.08282690071875949,0.09045138955394744,0.16636354270120798,0.5565410199556541,1.0,0.23399659248457805,0.2431822616555792,0.23858942707007863,0.1806542860443416,1,1,0.6192947135350393,0.5903271430221708,1,1,1,1
P07,V7_video2_pocaluz,poca_luz,1327,44.23045168295331,1,0.12080079345503923,0.1253181106501461,0.11628347625993238,0.16274885674953618,0.5587583148558758,1.0,0.23296504496728865,0.09719168502460562,0.16507836499594714,0.12288162309441265,1,1,0.5825391824979735,0.5614408115472064,1,1,1,0
P07,V7_video2_pocaluz,poca_luz,1328,44.26378284473398,1,0.1587745759695861,0.15828624800676608,0.1592629039324061,0.16138040045719482,0.5587583148558758,1.0,0.3891445825752675,0.17900262382046417,0.28407360319786584,0.04372415520649104,0,0,0.14203680159893292,0.02186207760324552,0,0,0,0
P07,V7_video2_pocaluz,poca_luz,1329,44.297114006514654,1,0.1861901022911371,0.18850398257083895,0.18387622201143528,0.16047269435041575,0.5587583148558758,1.0,0.07975250680652413,0.5781428041419014,0.3289476554742128,0.08480434496111947,0,0,0.1644738277371064,0.04240217248055973,0,0,0,0
P07,V7_video2_pocaluz,poca_luz,1330,44.330445168295334,1,0.19048659309126678,0.19677875541740786,0.1841944307651257,0.15819421013473445,0.5587583148558758,1.0,0.16051200010737132,0.22873019910189718,0.19462109960463425,0.0397572052505295,0,0,0.09731054980231713,0.01987860262526475,0,0,0,0
P07,V7_video2_pocaluz,poca_luz,1331,44.36377633007601,1,0.19809952141621368,0.20387144006105,0.19232760277137734,0.1592935232155408,0.5587583148558758,1.0,0.20363958880566468,0.5022448672016147,0.35294222800363967,0.022403686924287618,0,0,0.17647111400181983,0.011201843462143809,0,0,0,0
P07,V7_video2_pocaluz,poca_luz,1332,44.39710749185668,1,0.20966376117817748,0.21652947183415666,0.20279805052219832,0.15844164422240564,0.5587583148558758,1.0,0.07880956084542323,0.1455312130322184,0.11217038693882081,0.02255870554980082,0,0,0.056085193469410405,0.01127935277490041,0,0,0,0
P07,V7_video2_pocaluz,poca_luz,1333,44.43043865363735,1,0.21486614402041843,0.21971067732424224,0.21002161071659461,0.15768361232138245,0.5587583148558758,1.0,0.06453377818887918,0.09944407651216303,0.0819889273505211,0.020076539448128452,0,0,0.04099446367526055,0.010038269724064226,0,0,0,0
P07,V7_video2_pocaluz,poca_luz,1334,44.463769815418026,1,0.21871300691418055,0.22270650231620398,0.21471951151215715,0.15825145016187148,0.5587583148558758,1.0,0.14723982847712647,0.17150178203523603,0.15937080525618125,0.018591787525227135,0,0,0.07968540262809062,0.009295893762613567,0,0,0,0
P07,V7_video2_pocaluz,poca_luz,1335,44.4971009771987,1,0.21796620693316598,0.22142694232700172,0.21450547153933025,0.1576852044999817,0.5587583148558758,1.0,0.2363191546302309,0.09922705666202591,0.1677731056461284,0.012320354321225638,0,0,0.0838865528230642,0.006160177160612819,0,0,0,0
P07,V7_video2_pocaluz,poca_luz,1336,44.53043213897937,1,0.22020817791163394,0.22318377546199786,0.21723258036127,0.1574176672127283,0.5587583148558758,1.0,0.11345883653271593,0.1587470614570733,0.1361029489948946,0.018616978960025756,0,0,0.0680514744974473,0.009308489480012878,0,0,0,0
P07,V7_video2_pocaluz,poca_luz,1337,44.563763300760044,1,0.22173188161891882,0.22166934583219527,0.22179441740564235,0.15725054264655816,0.5587583148558758,1.0,0.1451079982858795,0.3278324463770632,0.23647022233147136,0.03770995447776264,0,0,0.11823511116573568,0.01885497723888132,0,0,0,0
P07,V7_video2_pocaluz,poca_luz,1338,44.59709446254072,1,0.22756662837305558,0.2256257988617675,0.22950745788434362,0.157405596132023,0.5587583148558758,1.0,0.014019219069698385,0.1700840101563944,0.0920516146130464,0.019625921703737517,0,0,0.0460258073065232,0.009812960851868759,0,0,0,0
P07,V7_video2_pocaluz,poca_luz,1339,44.63042562432139,1,0.22789568574014948,0.22501917301188043,0.23077219846841854,0.15723210686899733,0.5587583148558758,1.0,0.15706783779211952,0.1778632109049505,0.167465524348535,0.01923910797407768,0,0,0.0837327621742675,0.00961955398703884,0,0,0,0
P07,V7_video2_pocaluz,poca_luz,1340,44.66375678610206,1,0.2296990146382434,0.22668321653676715,0.23271481273971967,0.1582788724271479,0.5587583148558758,1.0,0.2555587823850891,0.23142495202499258,0.24349186720504085,0.027505553972283357,0,0,0.12174593360252042,0.013752776986141678,0,0,0,0
P07,V7_video2_pocaluz,poca_luz,1341,44.697087947882736,1,0.2240427778819216,0.22452723411754572,0.22355832164629746,0.1577200028046439,0.5587583148558758,1.0,0.4031117821923321,0.22973477318448643,0.3164232776884093,0.033284618209969544,0,0,0.15821163884420464,0.016642309104984772,0,0,0,0
P07,V7_video2_pocaluz,poca_luz,1342,44.73041910966341,1,0.2235065475887365,0.22378844002437626,0.22322465515309678,0.1577777914241511,0.5587583148558758,1.0,0.42504216120961513,0.17260424895266868,0.2988232050811419,0.05685630661769296,0,0,0.14941160254057095,0.02842815330884648,0,0,0,0
P07,V7_video2_pocaluz,poca_luz,1343,44.76375027144408,1,0.22086955630236427,0.22194874861811636,0.21979036398661214,0.1582138059380968,0.5587583148558758,1.0,0.2779229906336461,0.2019417002385705,0.2399323454361083,0.0195552043980839,0,0,0.11996617271805415,0.00977760219904195,0,0,0,0
P07,V7_video2_pocaluz,poca_luz,1344,44.797081433224754,1,0.21827330990412175,0.2202699409555579,0.21627667885268556,0.15775348595415858,0.5587583148558758,1.0,0.6382509608834182,0.25584730301706793,0.44704913195024304,0.01596702413996298,0,0,0.22352456597512152,0.00798351206998149,0,0,0,0
P07,V7_video2_pocaluz,poca_luz,1345,44.83041259500543,1,0.21834310799333098,0.222141936814864,0.21454427917179797,0.15830739919538722,0.5587583148558758,1.0,0.3503497742608509,0.2059181206911005,0.2781339474759757,0.024315897943030847,0,0,0.13906697373798785,0.012157948971515424,0,0,0,0
P07,V7_video2_pocaluz,poca_luz,1346,44.8637437567861,1,0.21843793293318,0.21968756598925487,0.21718829987710514,0.15724494109306272,0.5587583148558758,1.0,0.4501511197671213,0.4213058103956575,0.4357284650813894,0.02442130637631611,0,0,0.2178642325406947,0.012210653188158055,0,0,0,0
P07,V7_video2_pocaluz,poca_luz,1347,44.89707491856677,1,0.2192371522577637,0.22482072226645408,0.2136535822490733,0.15655515338007026,0.5587583148558758,1.0,0.13277744641097589,0.23305729441418999,0.18291737041258294,0.03056825526789744,0,0,0.09145868520629147,0.01528412763394872,0,0,0,0
P07,V7_video2_pocaluz,poca_luz,1348,44.930406080347446,1,0.21942616189147762,0.22582852047446206,0.2130238033084932,0.15685830599032205,0.5587583148558758,1.0,0.3706969414830972,0.20103873517693704,0.2858678383300171,0.04048052936972239,0,0,0.14293391916500855,0.020240264684861196,0,0,0,0
P07,V7_video2_pocaluz,poca_luz,1349,44.96373724212812,1,0.22012563108884986,0.22559712136926607,0.21465414080843365,0.15565328249983376,0.5587583148558758,1.0,0.22486653048290905,0.2158235211216889,0.22034502580229898,0.039396938462877916,0,0,0.11017251290114949,0.019698469231438958,0,0,0,0
P07,V7_video2_pocaluz,poca_luz,1350,44.99706840390879,1,0.21988532790784437,0.22688998880437944,0.2128806670113093,0.1561873590053574,0.5587583148558758,1.0,0.4098794931159012,0.15256869309697363,0.2812240931064374,0.11592867968463537,0,0,0.1406120465532187,0.057964339842317684,0,0,0,0
P07,V7_video2_pocaluz,poca_luz,1351,45.03039956568947,1,0.22678609832476906,0.2336195239248701,0.21995267272466804,0.15627467939361234,0.5587583148558758,1.0,0.06220877445623396,0.3929322720293963,0.22757052324281513,0.12036302989190392,0,0,0.11378526162140756,0.06018151494595196,0,0,0,0
P07,V7_video2_pocaluz,poca_luz,1352,45.063730727470144,1,0.2223427695058096,0.22895812475038108,0.21572741426123812,0.15679140077687667,0.5565410199556541,1.0,0.12554184708400384,0.36878599548154556,0.2471639212827747,0.01867935461521328,0,0,0.12358196064138735,0.00933967730760664,0,0,0,0
P07,V7_video2_pocaluz,poca_luz,1353,45.09706188925082,1,0.2270313737397568,0.2345097267273979,0.21955302075211566,0.15698173377743557,0.5543237250554324,1.0,0.03675010002573609,0.37698311593146716,0.20686660797860162,0.06606286867544012,0,0,0.10343330398930081,0.03303143433772006,0,0,0,0
P07,V7_video2_pocaluz,poca_luz,1354,45.13039305103149,1,0.2256079300990553,0.2316121590545426,0.219603701143568,0.15773598447685538,0.5521064301552107,1.0,0.29716775481477853,0.31593110044812855,0.30654942763145354,0.02488269323805831,0,0,0.15327471381572677,0.012441346619029155,0,0,0,0
P07,V7_video2_pocaluz,poca_luz,1355,45.16372421281216,1,0.22309213823428997,0.22621658469087594,0.21996769177770403,0.15758902560815946,0.549889135254989,1.0,0.22868946648142063,0.19933956048638857,0.2140145134839046,0.041006555305165844,0,0,0.1070072567419523,0.020503277652582922,0,0,0,0
P07,V7_video2_pocaluz,poca_luz,1356,45.197055374592836,1,0.22796638455667617,0.232670353617884,0.22326241549546835,0.1569691462259901,0.5476718403547672,1.0,0.2965910063389582,0.1862669442526942,0.2414289752958262,0.032214543319608595,0,0,0.1207144876479131,0.016107271659804297,0,0,0,0
P07,V7_video2_pocaluz,poca_luz,1357,45.23038653637351,1,0.22811226840332413,0.23632925044585423,0.21989528636079403,0.15573692180548082,0.5454545454545454,1.0,0.31733569125477956,0.23071742954699803,0.2740265604008888,0.0292781888307456,0,0,0.1370132802004444,0.0146390944153728,0,0,0,0
P07,V7_video2_pocaluz,poca_luz,1358,45.26371769815418,1,0.22651538829189063,0.23563478950879166,0.2173959870749896,0.15661153589570218,0.5432372505543237,1.0,0.024727214003687492,0.14598723920325596,0.08535722660347173,0.022264475482451446,0,0,0.04267861330173586,0.011132237741225723,0,0,0,0
P07,V7_video2_pocaluz,poca_luz,1359,45.297048859934854,1,0.2314687581695652,0.24414130523887526,0.21879621110025516,0.15581758853598818,0.541019955654102,1.0,0.2623128777243784,0.14527272668435676,0.20379280220436757,0.01782236813054332,0,0,0.10189640110218379,0.00891118406527166,0,0,0,0
P07,V7_video2_pocaluz,poca_luz,1360,45.33038002171553,1,0.2264618165554143,0.23727183473298494,0.21565179837784368,0.15617797137001133,0.5388026607538803,1.0,0.1921259196581342,0.08941732319082984,0.14077162142448202,0.01574273166466357,0,0,0.07038581071224101,0.007871365832331785,0,0,0,0
P07,V7_video2_pocaluz,poca_luz,1361,45.3637111834962,1,0.2326571481354871,0.24204638565261063,0.2232679106183636,0.15571807720292036,0.5365853658536586,1.0,0.055937743300863096,0.05683673613457185,0.056387239717717474,0.02377717293701961,0,0,0.028193619858858737,0.011888586468509805,0,0,0,0
P07,V7_video2_pocaluz,poca_luz,1362,45.39704234527687,1,0.2361722309699645,0.24252530803581368,0.22981915390411534,0.15636258028087432,0.5343680709534369,1.0,0.03891187600149815,0.6376817532075705,0.3382968146045343,0.02209373178753571,0,0,0.16914840730226716,0.011046865893767854,0,0,0,0
P07,V7_video2_pocaluz,poca_luz,1363,45.430373507057546,1,0.23848983220849812,0.2444808175548062,0.23249884686219002,0.15618430669146036,0.532150776053215,1.0,0.17764404317530902,0.5750460496848231,0.37634504643006605,0.013595143929360712,0,0,0.18817252321503303,0.006797571964680356,0,0,0,0
P07,V7_video2_pocaluz,poca_luz,1364,45.46370466883822,1,0.2404249006651163,0.2455991710917014,0.2352506302385312,0.15659537284769995,0.5299334811529933,1.0,0.10401638247499079,0.08650795760636476,0.09526217004067777,0.06857802154474754,0,0,0.04763108502033889,0.03428901077237377,0,0,0,0
P07,V7_video2_pocaluz,poca_luz,1365,45.49703583061889,1,0.24403108645591087,0.24989646034036062,0.23816571257146113,0.15622763689953947,0.5277161862527716,1.0,0.14017088463013172,0.09860433161301896,0.11938760812157534,0.028989366499177993,0,0,0.05969380406078767,0.014494683249588997,0,0,0,0
P07,V7_video2_pocaluz,poca_luz,1366,45.530366992399564,1,0.24439104870480277,0.248467180498593,0.2403149169110125,0.1560433777132867,0.5254988913525499,1.0,0.2456596707551134,0.10963125617670488,0.17764546346590915,0.01734602211769374,0,0,0.08882273173295457,0.00867301105884687,0,0,0,0
P07,V7_video2_pocaluz,poca_luz,1367,45.56369815418024,1,0.2477935958263719,0.2523576446121224,0.2432295470406214,0.15682368325649135,0.5232815964523282,1.0,0.2850119143026332,0.10581067266790734,0.19541129348527025,0.016413390882867286,0,0,0.09770564674263513,0.008206695441433643,0,0,0,0
P07,V7_video2_pocaluz,poca_luz,1368,45.59702931596091,1,0.24551896926459127,0.25343817134263746,0.23759976718654505,0.1568027266149712,0.5210643015521065,1.0,0.07205799971894711,0.16501937369248776,0.11853868670571743,0.009425892508454534,0,0,0.05926934335285872,0.004712946254227267,0,0,0,0
P07,V7_video2_pocaluz,poca_luz,1369,45.63036047774158,1,0.24782272637307295,0.25520508862843927,0.24044036411770667,0.15714324775290733,0.5188470066518847,1.0,0.09028087714224786,0.05178505956907897,0.07103296835566342,0.009317958993334478,0,0,0.03551648417783171,0.004658979496667239,0,0,0,0
P07,V7_video2_pocaluz,poca_luz,1370,45.663691639522256,1,0.24485575675607357,0.25476648099704396,0.2349450325151032,0.1563998911348921,0.516629711751663,1.0,0.11355146226565038,0.15461436367128412,0.13408291296846725,0.035698210317608975,0,0,0.06704145648423362,0.017849105158804487,0,0,0,0
P07,V7_video2_pocaluz,poca_luz,1371,45.69702280130293,1,0.24365006954496243,0.254440072399826,0.23286006669009887,0.15692244333517477,0.5144124168514412,1.0,0.09991055351718825,0.32978622161220694,0.2148483875646976,0.017392313358554706,0,0,0.1074241937823488,0.008696156679277353,0,0,0,0
P07,V7_video2_pocaluz,poca_luz,1372,45.7303539630836,1,0.23997933793698023,0.24991167566752925,0.23004700020643123,0.1572606181487479,0.5121951219512195,1.0,0.023403160437002524,0.10747849984319369,0.0654408301400981,0.0188179497765597,0,0,0.03272041507004905,0.00940897488827985,0,0,0,0
P07,V7_video2_pocaluz,poca_luz,1373,45.76368512486428,1,0.24892864091759986,0.25642251573804453,0.2414347660971552,0.15704023751780694,0.5099778270509978,1.0,0.018224375492217892,0.12932422759793372,0.0737743015450758,0.023806288764977146,0,0,0.0368871507725379,0.011903144382488573,0,0,0,0
P07,V7_video2_pocaluz,poca_luz,1374,45.797016286644954,1,0.2557988367077571,0.26336987508987386,0.24822779832564035,0.15721363262440258,0.5077605321507761,1.0,0.023932694564885004,0.1800265471932323,0.10197962087905865,0.036721440420481366,0,0,0.050989810439529326,0.018360720210240683,0,0,0,0
P07,V7_video2_pocaluz,poca_luz,1375,45.83034744842563,1,0.2650388967527842,0.2675780605229277,0.2624997329826407,0.1567691778098286,0.5055432372505543,1.0,0.011764879468945,0.10358477713661729,0.057674828302781145,0.027126991972477067,0,0,0.028837414151390572,0.013563495986238534,0,0,0,0
P07,V7_video2_pocaluz,poca_luz,1376,45.8636786102063,1,0.26275398325509464,0.2679221511471582,0.25758581536303105,0.15685513798360945,0.5033259423503326,1.0,0.013643853841879716,0.0695102028321044,0.04157702833699206,0.011680479853240394,0,0,0.02078851416849603,0.005840239926620197,0,0,0,0
P07,V7_video2_pocaluz,poca_luz,1377,45.89700977198697,1,0.2597062303933012,0.2637610291904756,0.25565143159612685,0.157105723584673,0.5011086474501109,1.0,0.016555187435466467,0.35041079794354246,0.18348299268950446,0.03617301179300594,0,0,0.09174149634475223,0.01808650589650297,0,0,0,0
P07,V7_video2_pocaluz,poca_luz,1378,45.930340933767646,1,0.25527915011656155,0.2598277508074933,0.25073054942562983,0.15750966292207433,0.49889135254988914,1.0,0.11338391575598405,0.06536038330207095,0.0893721495290275,0.026797688956419603,0,0,0.04468607476451375,0.013398844478209802,0,0,0,0
P07,V7_video2_pocaluz,poca_luz,1379,45.96367209554832,1,0.2526549852583864,0.257418301999336,0.24789166851743683,0.15710221896240584,0.49667405764966743,1.0,0.02239791235523192,0.21329006934740247,0.11784399085131719,0.02677919704610194,0,0,0.058921995425658596,0.01338959852305097,0,0,0,0
P07,V7_video2_pocaluz,poca_luz,1380,45.99700325732899,1,0.2511811003996514,0.2566702129534268,0.245691987845876,0.15719529310064564,0.49445676274944567,1.0,0.24456759814179718,0.24443124860152454,0.24449942337166086,0.04280580906407,0,0,0.12224971168583043,0.021402904532035,0,0,0,0
P07,V7_video2_pocaluz,poca_luz,1381,46.030334419109664,1,0.2510998945840197,0.25520569056640996,0.2469940986016295,0.15672392161584744,0.49223946784922396,1.0,0.06461289917385893,0.3559584137066403,0.2102856564402496,0.030453766042352517,0,0,0.1051428282201248,0.015226883021176259,0,0,0,0
P07,V7_video2_pocaluz,poca_luz,1382,46.06366558089034,1,0.247585488087818,0.2501238204919604,0.2450471556836756,0.15624737114621587,0.49002217294900224,1.0,0.08856807653510601,0.47447340421867523,0.2815207403768906,0.03413422517694946,0,0,0.1407603701884453,0.01706711258847473,0,0,0,0
P07,V7_video2_pocaluz,poca_luz,1383,46.09699674267101,1,0.24525703470428525,0.24592167318261735,0.24459239622595316,0.15583905267574194,0.4878048780487805,1.0,0.01491757793581594,0.4407063241928997,0.2278119510643578,0.03537621734714827,0,0,0.1139059755321789,0.017688108673574135,0,0,0,0
P07,V7_video2_pocaluz,poca_luz,1384,46.13032790445168,1,0.24816148781597508,0.2513121846399375,0.2450107909920127,0.15434639290122223,0.48558758314855877,1.0,0.018204669224165748,0.3055155154346545,0.16186009232941012,0.0542807465083916,0,0,0.08093004616470506,0.0271403732541958,0,0,0,0
P07,V7_video2_pocaluz,poca_luz,1385,46.163659066232356,1,0.2501932326832325,0.2533796372531146,0.24700682811335042,0.15453338168295094,0.48337028824833705,1.0,0.008299396816690119,0.40733214817480234,0.20781577249574623,0.02444938278289609,0,0,0.10390788624787312,0.012224691391448045,0,0,0,0
P07,V7_video2_pocaluz,poca_luz,1386,46.19699022801303,1,0.25455479505145107,0.25339153665297665,0.25571805344992554,0.15613369773898528,0.4811529933481153,1.0,0.021508030905790676,0.21126871434738836,0.11638837262658952,0.02283188953844055,0,0,0.05819418631329476,0.011415944769220275,0,0,0,0
P07,V7_video2_pocaluz,poca_luz,1387,46.2303213897937,1,0.25796702323530185,0.2566498279365893,0.25928421853401434,0.1556477497954127,0.4789356984478936,1.0,0.06612847648530451,0.46610949378050515,0.26611898513290483,0.0181643839314235,0,0,0.13305949256645241,0.00908219196571175,0,0,0,0
P07,V7_video2_pocaluz,poca_luz,1388,46.263652551574374,1,0.25674582266696,0.25473178725784074,0.2587598580760793,0.1554484454586661,0.47671840354767187,1.0,0.027543870140321114,0.16451634819871286,0.09603010916951699,0.004981392802245038,0,0,0.04801505458475849,0.002490696401122519,0,0,0,0
P07,V7_video2_pocaluz,poca_luz,1389,46.29698371335505,1,0.25941668108889776,0.2577305095395388,0.2611028526382567,0.15471567507725217,0.4745011086474501,1.0,0.029955134367418146,0.4068315107606023,0.21839332256401023,0.015080714501491004,0,0,0.10919666128200511,0.007540357250745502,0,0,0,0
P07,V7_video2_pocaluz,poca_luz,1390,46.33031487513572,1,0.26063912972066544,0.25918770855886464,0.26209055088246624,0.1553018975198934,0.4722838137472284,1.0,0.021134605772480386,0.4766678069349364,0.24890120635370838,0.019028888243480355,0,0,0.12445060317685419,0.009514444121740177,0,0,0,0
P07,V7_video2_pocaluz,poca_luz,1391,46.36364603691639,1,0.2622315354676338,0.26042445057807906,0.26403862035718845,0.15551519350116344,0.4700665188470067,1.0,0.027802768529119115,0.0615023512670968,0.04465255989810796,0.01866378954233018,0,0,0.02232627994905398,0.00933189477116509,0,0,0,0
P07,V7_video2_pocaluz,poca_luz,1392,46.396977198697066,1,0.26399844596493605,0.2620580728313568,0.26593881909851524,0.15619705269176487,0.4678492239467849,1.0,0.022224640163031162,0.2855724906883549,0.15389856542569302,0.02543679856060097,0,0,0.07694928271284651,0.012718399280300484,0,0,0,0
P07,V7_video2_pocaluz,poca_luz,1393,46.43030836047774,1,0.26181703455836647,0.2602198307037963,0.26341423841293665,0.15620310878107438,0.4656319290465632,1.0,0.012144698503395612,0.15601510633047,0.0840799024169328,0.014550675285810296,0,0,0.0420399512084664,0.007275337642905148,0,0,0,0
P07,V7_video2_pocaluz,poca_luz,1394,46.46363952225841,1,0.2583542696619371,0.25606988351342064,0.2606386558104535,0.15688946088259262,0.4634146341463415,1.0,0.022734060847924176,0.4976661821817048,0.2602001215148145,0.01569424040940586,0,0,0.13010006075740724,0.00784712020470293,0,0,0,0
P07,V7_video2_pocaluz,poca_luz,1395,46.49697068403909,1,0.24586050423464084,0.24631977023922205,0.24540123823005966,0.15706690932123224,0.4611973392461197,1.0,0.05644233627551032,0.19085421916012024,0.12364827771781528,0.011204556949563701,0,0,0.06182413885890764,0.005602278474781851,0,0,0,0
P07,V7_video2_pocaluz,poca_luz,1396,46.530301845819764,1,0.23254618832427376,0.23471388760557932,0.23037848904296823,0.1564136592735776,0.458980044345898,1.0,0.0747792798899124,0.467396601652889,0.2710879407714007,0.01482576248003221,0,0,0.13554397038570035,0.007412881240016105,0,0,0,0
P07,V7_video2_pocaluz,poca_luz,1397,46.56363300760044,1,0.21889756212537803,0.22019327371503564,0.21760185053572043,0.15750479754970592,0.4567627494456763,1.0,0.22390721687401194,0.3667110826884924,0.29530914978125217,0.030762338595364966,0,0,0.14765457489062608,0.015381169297682483,0,0,0,0
P07,V7_video2_pocaluz,poca_luz,1398,46.59696416938111,1,0.21692996445861756,0.21972366069465665,0.2141362682225785,0.15711780205012568,0.45454545454545453,1.0,0.16289155495461582,0.13155853754528035,0.1472250462499481,0.025446895374493614,0,0,0.07361252312497404,0.012723447687246807,0,0,0,0
P07,V7_video2_pocaluz,poca_luz,1399,46.63029533116178,1,0.2165061676816804,0.21844284730237648,0.2145694880609843,0.15751265660720784,0.4523281596452328,1.0,0.11838041873978866,0.1899930093899853,0.154186714064887,0.006111614092834397,0,0,0.0770933570324435,0.0030558070464171984,0,0,0,0
P07,V7_video2_pocaluz,poca_luz,1400,46.663626492942456,1,0.21457585470661006,0.21697481834867136,0.21217689106454876,0.15736250988708766,0.4501108647450111,1.0,0.10075244567519737,0.09396208419132557,0.09735726493326147,0.0376474783297928,0,0,0.048678632466630734,0.0188237391648964,0,0,0,0
P07,V7_video2_pocaluz,poca_luz,1401,46.69695765472313,1,0.21635854369372032,0.2191346723320692,0.21358241505537143,0.15723447766581833,0.44789356984478934,1.0,0.1298201792503313,0.21808964716504486,0.17395491320768808,0.006892721611741935,0,0,0.08697745660384404,0.0034463608058709675,0,0,0,0
P07,V7_video2_pocaluz,poca_luz,1402,46.7302888165038,1,0.19814689101033842,0.2051880353835966,0.19110574663708024,0.15717847592970927,0.44567627494456763,1.0,0.2294627412170992,0.2593851762541106,0.2444239587356049,0.0026145481380679897,0,0,0.12221197936780245,0.0013072740690339949,0,0,0,0
P07,V7_video2_pocaluz,poca_luz,1403,46.763619978284474,1,0.022039248757998932,0.022880321235363085,0.021198176280634782,0.16039346972287416,0.44567627494456763,1.0,0.21871807874179217,0.214007775208384,0.21636292697508808,0.009988383330938868,1,0,0.608181463487544,0.004994191665469434,1,0,1,0
P07,V7_video2_pocaluz,poca_luz,1404,46.79695114006515,1,0.015371485789475569,0.02030385339888278,0.010439118180068358,0.15979632824380313,0.44567627494456763,1.0,0.36807839274928633,0.820540794923283,0.5943095938362847,0.020783624885215114,1,0,0.7971547969181423,0.010391812442607557,1,0,1,0
P07,V7_video2_pocaluz,poca_luz,1405,46.83028230184582,1,0.013484099890168985,0.01919924348318278,0.007768956297155191,0.15974026861746454,0.44567627494456763,1.0,0.33214077401226627,0.6890973791697323,0.5106190765909993,0.014663854550357737,1,0,0.7553095382954996,0.007331927275178869,1,0,1,0
P07,V7_video2_pocaluz,poca_luz,1406,46.86361346362649,1,0.010748634515073451,0.018809905646060547,0.002687363384086355,0.161165725471542,0.44567627494456763,1.0,0.33262223219236564,0.6793763635701402,0.5059992978812529,0.09441701807621766,1,0,0.7529996489406264,0.04720850903810883,1,0,1,0
P07,V7_video2_pocaluz,poca_luz,1407,46.896944625407166,1,0.01375233933167261,0.025754935117211213,0.0017497435461340076,0.19271697295157914,0.44567627494456763,1.0,0.3729523292073873,0.6722532497144349,0.5226027894609111,0.764832737760238,1,1,0.7613013947304555,0.882416368880119,1,1,1,1
P07,V7_video2_pocaluz,poca_luz,1408,46.93027578718784,1,0.021033631832137394,0.03052959478062117,0.01153766888365362,0.21212173565287798,0.44567627494456763,1.0,0.08322748379559108,0.6802135732108834,0.38172052850323723,0.8739101110622514,1,1,0.6908602642516186,0.9369550555311257,1,1,1,1
P07,V7_video2_pocaluz,poca_luz,1409,46.96360694896851,1,0.02275305349874858,0.03667493356302317,0.008831173434473991,0.2268429579766841,0.44567627494456763,1.0,0.2409883501173411,0.6789460346173495,0.4599671923673453,0.8139106422688742,1,1,0.7299835961836727,0.9069553211344371,1,1,1,1
P07,V7_video2_pocaluz,poca_luz,1410,46.996938110749184,1,0.025110284281172502,0.03951869307330537,0.010701875489039635,0.2461323532359192,0.44567627494456763,1.0,0.2250937402374784,0.6211128763733706,0.42310330830542453,0.9874181198867013,1,1,0.7115516541527123,0.9937090599433507,1,1,1,1
P07,V7_video2_pocaluz,poca_luz,1411,47.03026927252986,1,0.02552652125289567,0.03910862329113337,0.011944419214657971,0.26553998096481984,0.44567627494456763,1.0,0.14394798577475976,0.7671550116527954,0.4555514987137776,0.9943738419491654,1,1,0.7277757493568888,0.9971869209745827,1,1,1,1
P07,V7_video2_pocaluz,poca_luz,1412,47.06360043431053,1,0.0246162868457014,0.03839279398712705,0.010839779704275746,0.2703253564100348,0.44567627494456763,1.0,0.481802108417021,0.4583537906362305,0.47007794952662574,0.9884159183054664,1,1,0.7350389747633128,0.9942079591527332,1,1,1,1
P07,V7_video2_pocaluz,poca_luz,1413,47.0969315960912,1,0.022572668369205687,0.0335628543407907,0.011582482397620678,0.27604559824987973,0.44567627494456763,1.0,0.3371245282176397,0.43936780964711375,0.38824616893237673,0.9955395228492399,1,1,0.6941230844661883,0.9977697614246199,1,1,1,1
P07,V7_video2_pocaluz,poca_luz,1414,47.130262757871876,1,0.025052443622420983,0.039331026356161314,0.010773860888680655,0.2758044285029954,0.44567627494456763,1.0,0.2852537347495956,0.29033601060461267,0.28779487267710413,0.9959626491673038,1,1,0.6438974363385521,0.997981324583652,1,1,1,1
P07,V7_video2_pocaluz,poca_luz,1415,47.16359391965255,1,0.024516098827489154,0.04020835251912087,0.008823845135857444,0.2754593941627251,0.44567627494456763,1.0,0.20382355812751507,0.3665843663023528,0.28520396221493394,0.9736811347760458,1,1,0.642601981107467,0.986840567388023,1,1,1,1
P07,V7_video2_pocaluz,poca_luz,1416,47.19692508143322,1,0.029986956927728507,0.04644940558620569,0.013524508269251325,0.27485997994947114,0.44567627494456763,1.0,0.38710583388828956,0.37326253981265256,0.38018418685047106,0.9678187775547799,1,1,0.6900920934252355,0.98390938877739,1,1,1,1
P07,V7_video2_pocaluz,poca_luz,1417,47.2302562432139,1,0.028791128840572257,0.04558488272605888,0.011997374955085632,0.27552237389321843,0.44567627494456763,1.0,0.16789420867556637,0.40738515949487764,0.287639684085222,0.9551156832330457,1,1,0.643819842042611,0.9775578416165229,1,1,1,1
P07,V7_video2_pocaluz,poca_luz,1418,47.263587404994574,1,0.028746857966528882,0.044724222783594114,0.012769493149463648,0.2782199214662114,0.44567627494456763,1.0,0.11250991322292692,0.2382433636656729,0.1753766384442999,0.9809866867363962,1,1,0.5876883192221499,0.9904933433681982,1,1,1,1
P07,V7_video2_pocaluz,poca_luz,1419,47.29691856677525,1,0.036243121727825,0.05440693128601863,0.018079312169631365,0.2859847753679133,0.44567627494456763,1.0,0.21084523949388778,0.5483180869205935,0.3795816632072406,0.9755283497221435,1,1,0.6897908316036203,0.9877641748610717,1,1,1,1
P07,V7_video2_pocaluz,poca_luz,1420,47.33024972855592,1,0.03737413614318958,0.053887879271894104,0.020860393014485057,0.29401676428572016,0.44567627494456763,1.0,0.114541305275084,0.6771119924389291,0.3958266488570065,0.9825645827682897,1,1,0.6979133244285033,0.9912822913841448,1,1,1,1
P07,V7_video2_pocaluz,poca_luz,1421,47.36358089033659,1,0.03672949274663198,0.05406772013848325,0.01939126535478071,0.2992812287489857,0.44567627494456763,1.0,0.2778880402852626,0.5333997929950018,0.4056439166401322,0.9739971886045415,1,1,0.7028219583200661,0.9869985943022708,1,1,1,1
P07,V7_video2_pocaluz,poca_luz,1422,47.396912052117266,1,0.03075911209371314,0.05074450644991156,0.010773717737514718,0.3096878288361248,0.44567627494456763,1.0,0.11109752435812181,0.36154699733244844,0.23632226084528513,0.985923937453396,1,1,0.6181611304226425,0.992961968726698,1,1,1,1
P07,V7_video2_pocaluz,poca_luz,1423,47.43024321389794,1,0.03566809597463605,0.055664719414440705,0.015671472534831386,0.3148807642464365,0.44567627494456763,1.0,0.135017716350453,0.2768283542786718,0.2059230353145624,0.9876483779216781,1,1,0.6029615176572812,0.993824188960839,1,1,1,1
P07,V7_video2_pocaluz,poca_luz,1424,47.46357437567861,1,0.022351080933905736,0.04074987161893309,0.003952290248878379,0.32652117975147366,0.44567627494456763,1.0,0.12136434977165389,0.4729743054588732,0.29716932761526355,0.9657306953857278,1,1,0.6485846638076318,0.9828653476928639,1,1,1,1
P07,V7_video2_pocaluz,poca_luz,1425,47.496905537459284,1,0.03586770192751657,0.05812906992499264,0.013606333930040506,0.33923254364386746,0.44567627494456763,1.0,0.18924890342283296,0.7033913356485552,0.44632011953569406,0.9671811056346354,1,1,0.723160059767847,0.9835905528173177,1,1,1,1
P07,V7_video2_pocaluz,poca_luz,1426,47.53023669923996,1,0.04585154161875692,0.06795160305785981,0.023751480179654033,0.34726509316793674,0.44567627494456763,1.0,0.07325082793853743,0.29230729704522873,0.18277906249188308,0.9859526682153377,1,1,0.5913895312459415,0.9929763341076688,1,1,1,1
P07,V7_video2_pocaluz,poca_luz,1427,47.56356786102063,1,0.03344256076587207,0.046878254509069524,0.020006867022674613,0.35757756993396494,0.44567627494456763,1.0,0.1213572694281152,0.33989541786905475,0.23062634364858497,0.9774039442344131,1,1,0.6153131718242925,0.9887019721172066,1,1,1,1
P07,V7_video2_pocaluz,poca_luz,1428,47.5968990228013,1,0.014013099074224706,0.012530155021314885,0.015496043127134526,0.3698799631785525,0.44567627494456763,1.0,0.18693795302343696,0.1904624076095961,0.18870018031651653,0.9753571766705085,1,1,0.5943500901582582,0.9876785883352542,1,1,1,1
P07,V7_video2_pocaluz,poca_luz,1429,47.630230184581976,1,0.020885534523100754,0.022344827514089446,0.019426241532112063,0.3747210937291089,0.44567627494456763,1.0,0.5798963996245856,0.22347990157935416,0.4016881506019699,0.984223259719451,1,1,0.7008440753009849,0.9921116298597255,1,1,1,1
P07,V7_video2_pocaluz,poca_luz,1430,47.66356134636265,1,0.02749889724188537,0.019923816389969755,0.035073978093800987,0.3878786871830923,0.44567627494456763,1.0,0.48191637636805695,0.41830826222892814,0.45011231929849255,0.994348313643976,1,1,0.7250561596492463,0.9971741568219881,1,1,1,1
P07,V7_video2_pocaluz,poca_luz,1431,47.69689250814332,1,0.03873087124242833,0.027332447311717644,0.05012929517313901,0.39859304701203546,0.44567627494456763,1.0,0.37677024053563224,0.24443153481121793,0.3106008876734251,0.996218119189072,1,1,0.6553004438367125,0.998109059594536,1,1,1,1
P07,V7_video2_pocaluz,poca_luz,1432,47.730223669923994,1,0.07109377723121976,0.06950750370533958,0.07268005075709995,0.40321740926214095,0.44567627494456763,1.0,0.12925699374010025,0.3075364554933848,0.21839672461674253,0.9986275666120917,1,1,0.6091983623083712,0.9993137833060459,1,1,1,1
P07,V7_video2_pocaluz,poca_luz,1433,47.76355483170467,1,0.10974191670616887,0.12511483287381828,0.09436900053851946,0.4129230594268016,0.44567627494456763,1.0,0.08908753074711495,0.34945106434367657,0.21926929754539576,0.9873558608551808,1,1,0.6096346487726979,0.9936779304275905,1,1,1,1
P07,V7_video2_pocaluz,poca_luz,1434,47.79688599348534,1,0.126392728752728,0.14780276360278496,0.10498269390267105,0.4129618084963271,0.44567627494456763,1.0,0.1538502582595872,0.17110825696498788,0.16247925761228754,0.9901407870917999,1,1,0.5812396288061438,0.9950703935459,1,1,1,1
P07,V7_video2_pocaluz,poca_luz,1435,47.83021715526601,1,0.12633190965882635,0.15178429294919732,0.10087952636845535,0.41370629963815125,0.44567627494456763,1.0,0.16305838507089132,0.3233002514333274,0.24317931825210937,0.9955508558219679,1,1,0.6215896591260547,0.997775427910984,1,1,1,1
P07,V7_video2_pocaluz,poca_luz,1436,47.863548317046686,1,0.13828728664172973,0.16805096037662812,0.10852361290683134,0.4193735808693147,0.44567627494456763,1.0,0.5686182756014274,0.14560497743537415,0.3571116265184008,0.998602738997375,1,1,0.6785558132592004,0.9993013694986874,1,1,1,1
P07,V7_video2_pocaluz,poca_luz,1437,47.89687947882736,1,0.15486177553355493,0.18638276384231978,0.1233407872247901,0.43062896697114617,0.4434589800443459,1.0,0.18934677821746948,0.41998503638515094,0.3046659073013102,0.9984702515715098,0,1,0.1523329536506551,0.9992351257857549,0,1,0,1
P07,V7_video2_pocaluz,poca_luz,1438,47.93021064060803,1,0.17545333001431007,0.2017921942314201,0.1491144657972,0.4444715263683792,0.44124168514412415,1.0,0.09228779182030022,0.30280168182808176,0.197544736824191,0.9990988641111364,0,1,0.0987723684120955,0.9995494320555682,0,1,0,1
P07,V7_video2_pocaluz,poca_luz,1439,47.96354180238871,1,0.16143647471642014,0.18800831921380168,0.13486463021903863,0.45184859692317625,0.43902439024390244,1.0,0.19823058548648365,0.30588769442211716,0.2520591399543004,0.99855267462707,0,1,0.1260295699771502,0.9992763373135349,0,1,0,1
P07,V7_video2_pocaluz,poca_luz,1440,47.996872964169384,1,0.13239908978039122,0.15790339548312674,0.10689478407765571,0.4466074039826554,0.43902439024390244,1.0,0.08131087087124833,0.19888963045186392,0.14010025066155612,0.9986575058413995,1,1,0.570050125330778,0.9993287529206998,1,1,0,1
P07,V7_video2_pocaluz,poca_luz,1441,48.03020412595006,1,0.13031260376501144,0.14709887767806312,0.11352632985195976,0.44556084389816286,0.43902439024390244,1.0,0.1287370002217213,0.10177608297891239,0.11525654160031684,0.9987250994787271,1,1,0.5576282708001584,0.9993625497393636,1,1,0,1
P07,V7_video2_pocaluz,poca_luz,1442,48.06353528773073,1,0.14071384870855308,0.1555055156220902,0.125922181795016,0.44656296107183596,0.43680709534368073,1.0,0.1447257303589412,0.1619946428454725,0.15336018660220685,0.9984108930038852,0,1,0.07668009330110342,0.9992054465019427,0,1,0,1
P07,V7_video2_pocaluz,poca_luz,1443,48.0968664495114,1,0.14090717052532006,0.15201563965094422,0.1297987013996959,0.451878244833509,0.43458980044345896,1.0,0.4412262956116889,0.11351815643416663,0.27737222602292777,0.996717530366411,0,1,0.13868611301146389,0.9983587651832055,0,1,0,1
P07,V7_video2_pocaluz,poca_luz,1444,48.130197611292076,1,0.13740349528549103,0.15122121704778843,0.12358577352319364,0.45410640862662344,0.43458980044345896,1.0,0.26911679694129187,0.20296129036534527,0.23603904365331857,0.9993368527395537,1,1,0.6180195218266593,0.9996684263697768,1,1,1,1
P07,V7_video2_pocaluz,poca_luz,1445,48.16352877307275,1,0.14356990346343995,0.1590275602498467,0.1281122466770332,0.4581618130906119,0.43237250554323725,1.0,0.3136155926613867,0.1418056274887074,0.22771061007504706,0.997861849746369,0,1,0.11385530503752353,0.9989309248731846,0,1,0,1
P07,V7_video2_pocaluz,poca_luz,1446,48.19685993485342,1,0.15006614732160317,0.16334476251609714,0.1367875321271092,0.46248881178015216,0.43015521064301554,1.0,0.10838954815228452,0.6171570156468827,0.36277328189958363,0.9989781132996451,0,1,0.18138664094979182,0.9994890566498226,0,1,0,1
P07,V7_video2_pocaluz,poca_luz,1447,48.230191096634094,1,0.14258640464458824,0.15947702732403238,0.1256957819651441,0.464361882001645,0.4279379157427938,1.0,0.23179286642943453,0.2091253455399692,0.22045910598470186,0.9972185804370362,0,1,0.11022955299235093,0.9986092902185181,0,1,0,1
P07,V7_video2_pocaluz,poca_luz,1448,48.26352225841477,1,0.14222395122643633,0.15949274205579472,0.12495516039707795,0.4539508227942067,0.42572062084257206,1.0,0.4683894674465272,0.562376027478518,0.5153827474625226,0.9980697676047826,0,1,0.2576913737312613,0.9990348838023912,0,1,0,1
P07,V7_video2_pocaluz,poca_luz,1449,48.29685342019544,1,0.11123586501292282,0.1219848973629444,0.10048683266290122,0.4562449938526368,0.4279379157427938,1.0,0.2646556480063724,0.29096951612769206,0.27781258206703224,0.9988909138274147,1,1,0.6389062910335161,0.9994454569137073,1,1,1,1
P07,V7_video2_pocaluz,poca_luz,1450,48.33018458197611,1,0.09935712822585704,0.10465958037574279,0.09405467607597132,0.46573786579117776,0.43015521064301554,1.0,0.3158670562551792,0.1607760940207572,0.2383215751379682,0.9988708878580754,1,1,0.6191607875689841,0.9994354439290377,1,1,1,1
P07,V7_video2_pocaluz,poca_luz,1451,48.363515743756786,1,0.1090182415890218,0.11555227352792238,0.10248420965012123,0.47306845183649354,0.43237250554323725,1.0,0.11467322922945944,0.3750630595726554,0.24486814440105742,0.9989101095799106,1,1,0.6224340722005287,0.9994550547899552,1,1,1,1
P07,V7_video2_pocaluz,poca_luz,1452,48.39684690553746,1,0.09286394287700506,0.10664273025777565,0.07908515549623447,0.47388379306136696,0.43458980044345896,1.0,0.19666804553401052,0.23530648843081559,0.21598726698241305,0.9983523722273329,1,1,0.6079936334912065,0.9991761861136664,1,1,1,1
P07,V7_video2_pocaluz,poca_luz,1453,48.43017806731813,1,0.08557993621781544,0.09547836829162729,0.0756815041440036,0.4778762836743448,0.43680709534368073,1.0,0.22566994484193892,0.23645271800661016,0.23106133142427454,0.9992820427668625,1,1,0.6155306657121373,0.9996410213834312,1,1,1,1
P07,V7_video2_pocaluz,poca_luz,1454,48.463509229098804,1,0.0786157814287837,0.08145573346693091,0.07577582939063648,0.47274791378119274,0.43902439024390244,1.0,0.2383385685996341,0.27936723199698854,0.2588529002983113,0.999448807888007,1,1,0.6294264501491557,0.9997244039440035,1,1,1,1
P07,V7_video2_pocaluz,poca_luz,1455,48.49684039087948,1,0.08109951657374127,0.07391537129312592,0.08828366185435663,0.46882669142303635,0.44124168514412415,1.0,0.2011428036783588,0.3356051740546059,0.26837398886648234,0.999899534143686,1,1,0.6341869944332412,0.999949767071843,1,1,1,1
P07,V7_video2_pocaluz,poca_luz,1456,48.53017155266015,1,0.08448039952958741,0.07911547909855915,0.08984531996061566,0.47928075618114124,0.4434589800443459,1.0,0.3474216414014951,0.4538342250635954,0.40062793323254525,0.9998187174729842,1,1,0.7003139666162727,0.9999093587364921,1,1,1,1
P07,V7_video2_pocaluz,poca_luz,1457,48.56350271444082,1,0.08435913852356756,0.08036630133330422,0.08835197571383091,0.47678387826740165,0.44567627494456763,1.0,0.09472534830430579,0.28236578229647846,0.18854556530039213,0.999770402021278,1,1,0.5942727826501961,0.9998852010106389,1,1,1,1
P07,V7_video2_pocaluz,poca_luz,1458,48.596833876221496,1,0.07493451091984844,0.07271541325095496,0.07715360858874193,0.4660943346425859,0.44789356984478934,1.0,0.2691168321127331,0.21623972795563162,0.24267828003418235,0.9998772066283821,1,1,0.6213391400170911,0.999938603314191,1,1,1,1
P07,V7_video2_pocaluz,poca_luz,1459,48.63016503800217,1,0.07442989310158882,0.07183030558609427,0.07702948061708335,0.46675296502371166,0.4501108647450111,1.0,0.23022346280209616,0.1208822653195516,0.17555286406082388,0.9999127180111843,1,1,0.587776432030412,0.9999563590055922,1,1,1,1
P07,V7_video2_pocaluz,poca_luz,1460,48.66349619978284,1,0.06187682557641405,0.06095477634873387,0.06279887480409423,0.47037993915142096,0.4523281596452328,1.0,0.28257145578589793,0.240324535747916,0.26144799576690697,0.9996001211049355,1,1,0.6307239978834535,0.9998000605524677,1,1,1,1
P07,V7_video2_pocaluz,poca_luz,1461,48.69682736156352,1,0.05757973460684748,0.05643217679691686,0.05872729241677811,0.487869591897569,0.45454545454545453,1.0,0.5467895396476651,0.09999291562113521,0.32339122763440015,0.9994810390400565,1,1,0.6616956138172001,0.9997405195200282,1,1,1,1
P07,V7_video2_pocaluz,poca_luz,1462,48.730158523344194,1,0.06003651498591575,0.060832454340260564,0.059240575631570945,0.47999186529931165,0.4567627494456763,1.0,0.5750462026222848,0.13681015441443756,0.35592817851836117,0.9997307571128402,1,1,0.6779640892591806,0.9998653785564201,1,1,1,1
P07,V7_video2_pocaluz,poca_luz,1463,48.76348968512487,1,0.05711363547452325,0.057745158230378506,0.056482112718668,0.47527592735663116,0.458980044345898,1.0,0.3233878612728379,0.266163254640037,0.29477555795643745,0.9995819797079251,1,1,0.6473877789782188,0.9997909898539625,1,1,1,1
P07,V7_video2_pocaluz,poca_luz,1464,48.79682084690554,1,0.05984821223977591,0.0579244381467605,0.06177198633279132,0.48093126620442683,0.4611973392461197,1.0,0.3180857539352405,0.13947791503210938,0.22878183448367495,0.9991766398003199,1,1,0.6143909172418375,0.99958831990016,1,1,1,1
P07,V7_video2_pocaluz,poca_luz,1465,48.83015200868621,1,0.058769712618309794,0.05299792635989008,0.06454149887672951,0.4719847279725858,0.4634146341463415,1.0,0.32082737903011893,0.15700258605360906,0.238914982541864,0.9989281461683667,1,1,0.619457491270932,0.9994640730841833,1,1,1,1
P07,V7_video2_pocaluz,poca_luz,1466,48.863483170466885,1,0.059180208814769125,0.05804165683824097,0.06031876079129728,0.4568670443169252,0.4656319290465632,1.0,0.43708085239927996,0.31437216563013115,0.37572650901470556,0.999474334498038,1,1,0.6878632545073528,0.999737167249019,1,1,1,1
P07,V7_video2_pocaluz,poca_luz,1467,48.89681433224756,1,0.06445208207643921,0.05938127222473616,0.06952289192814225,0.45556192533633505,0.4678492239467849,1.0,0.20846384788195205,0.17168874326223682,0.19007629557209443,0.9984010952686027,1,1,0.5950381477860472,0.9992005476343013,1,1,1,1
P07,V7_video2_pocaluz,poca_luz,1468,48.93014549402823,1,0.05686782075874995,0.049994045511683745,0.06374159600581616,0.4412148099185587,0.4700665188470067,1.0,0.16405594520665645,0.13446989915342944,0.14926292218004295,0.9976071150638033,1,1,0.5746314610900215,0.9988035575319016,1,1,0,1
P07,V7_video2_pocaluz,poca_luz,1469,48.963476655808904,1,0.04642483587157668,0.03927200739314425,0.05357766435000911,0.4364581405479475,0.4722838137472284,1.0,0.07664015970941829,0.18514275068606723,0.13089145519774276,0.9951930083187202,1,1,0.5654457275988714,0.9975965041593601,1,1,0,1
P07,V7_video2_pocaluz,poca_luz,1470,48.99680781758958,1,0.04833641857553755,0.04112815569797903,0.055544681453096066,0.4317906886864216,0.4745011086474501,1.0,0.12574581770779347,0.37218526173058175,0.2489655397191876,0.9995701198083098,1,1,0.6244827698595938,0.9997850599041549,1,1,1,1
P07,V7_video2_pocaluz,poca_luz,1471,49.03013897937025,1,0.050112062637049384,0.04179322895851116,0.058430896315587615,0.41612909355488026,0.47671840354767187,1.0,0.0518867719837125,0.1833479946993044,0.11761738334150845,0.9990668551357017,1,1,0.5588086916707542,0.9995334275678509,1,1,0,1
P07,V7_video2_pocaluz,poca_luz,1472,49.06347014115092,1,0.05122506353807748,0.04164785434939572,0.06080227272675924,0.40500239474663985,0.4789356984478936,1.0,0.1917128483992857,0.4801005833283204,0.33590671586380305,0.9996468187408398,1,1,0.6679533579319015,0.9998234093704199,1,1,1,1
P07,V7_video2_pocaluz,poca_luz,1473,49.096801302931596,1,0.04899837110973046,0.03998943582851938,0.058007306390941545,0.39738057651335157,0.4811529933481153,1.0,0.07078113097256478,0.5136832395131798,0.2922321852428723,0.999938166876401,1,1,0.6461160926214362,0.9999690834382005,1,1,1,1
P07,V7_video2_pocaluz,poca_luz,1474,49.13013246471227,1,0.040761010645757795,0.031953550105495436,0.04956847118602015,0.39791238787300626,0.48337028824833705,1.0,0.06620826451142603,0.561590784462576,0.31389952448700104,0.9998299225739204,1,1,0.6569497622435005,0.9999149612869602,1,1,1,1
P07,V7_video2_pocaluz,poca_luz,1475,49.16346362649294,1,0.04863624010266494,0.040557351058744605,0.056715129146585275,0.38842692006224594,0.48558758314855877,1.0,0.1591257974384085,0.35888637917067234,0.2590060883045404,0.9998889916314856,1,1,0.6295030441522702,0.9999444958157429,1,1,1,1
P07,V7_video2_pocaluz,poca_luz,1476,49.196794788273614,1,0.040667813950126815,0.030383969928829968,0.05095165797142366,0.37220757637399315,0.4878048780487805,1.0,0.12065486329917574,0.4641194138072706,0.2923871385532232,0.9989607780593118,1,1,0.6461935692766116,0.999480389029656,1,1,1,1
P07,V7_video2_pocaluz,poca_luz,1477,49.23012595005429,1,0.036210936965184806,0.02050612927406465,0.05191574465630496,0.346986783575437,0.49002217294900224,1.0,0.26444655577862874,0.7384333416987382,0.5014399487386835,0.9992347375950656,1,1,0.7507199743693418,0.9996173687975328,1,1,1,1
P07,V7_video2_pocaluz,poca_luz,1478,49.26345711183496,1,0.02335588353568041,0.00955332746015174,0.037158439611209085,0.3346209866866938,0.49223946784922396,1.0,0.18401448176502044,0.5008931001463359,0.3424537909556782,0.9994401308671917,1,1,0.6712268954778391,0.9997200654335958,1,1,1,1
P07,V7_video2_pocaluz,poca_luz,1479,49.29678827361563,1,0.01637132116644039,0.004731798806192154,0.028010843526688627,0.32013086662424417,0.49445676274944567,1.0,0.08108010650947362,0.4036011001997212,0.2423406033545974,0.9985928365378818,1,1,0.6211703016772987,0.9992964182689409,1,1,1,1
P07,V7_video2_pocaluz,poca_luz,1480,49.330119435396306,1,0.026968893645364957,0.018089707511722262,0.035848079779007655,0.318800307165465,0.49667405764966743,1.0,0.13293137035046965,0.6476834326897158,0.39030740152009274,0.991789293245314,1,1,0.6951537007600463,0.995894646622657,1,1,1,1
P07,V7_video2_pocaluz,poca_luz,1481,49.36345059717698,1,0.015422772573183967,0.009192377342097815,0.02165316780427012,0.31661858898422957,0.49889135254988914,1.0,0.27749070329863135,0.5870336092305548,0.4322621562645931,0.9795945396488704,1,1,0.7161310781322965,0.9897972698244353,1,1,1,1
P07,V7_video2_pocaluz,poca_luz,1482,49.39678175895765,1,0.018805610336072844,0.013202150455848759,0.024409070216296926,0.2962924236028822,0.5011086474501109,1.0,0.1565845683249194,0.625749519142482,0.3911670437337007,0.9747651706402214,1,1,0.6955835218668504,0.9873825853201107,1,1,1,1
P07,V7_video2_pocaluz,poca_luz,1483,49.43011292073833,1,0.022153294094383845,0.009772760364847265,0.03453382782392042,0.2889518892914237,0.5033259423503326,1.0,0.08340710069318436,0.3903899577482951,0.23689852922073973,0.9933413775305081,1,1,0.6184492646103699,0.9966706887652541,1,1,1,1
P07,V7_video2_pocaluz,poca_luz,1484,49.463444082519004,1,0.022145186606191997,0.020707929770296257,0.023582443442087736,0.2800324327454618,0.5055432372505543,1.0,0.17805455236040757,0.8717408557231916,0.5248977040417996,0.9851608315399675,1,1,0.7624488520208998,0.9925804157699838,1,1,1,1
P07,V7_video2_pocaluz,poca_luz,1485,49.49677524429968,1,0.024955811739152102,0.025871882635643356,0.024039740842660848,0.2688557146374837,0.5077605321507761,1.0,0.26679647655286653,0.5375729082036305,0.4021846923782485,0.9639951685883749,1,1,0.7010923461891243,0.9819975842941875,1,1,1,1
P07,V7_video2_pocaluz,poca_luz,1486,49.53010640608035,1,0.023002079604898328,0.014648986245310152,0.031355172964486505,0.25841616996963074,0.5099778270509978,1.0,0.5263720244517909,0.43802954562259266,0.48220078503719177,0.98614401617262,1,1,0.7411003925185959,0.99307200808631,1,1,1,1
P07,V7_video2_pocaluz,poca_luz,1487,49.56343756786102,1,0.02494073673656566,0.009515286550578811,0.04036618692255251,0.24710597381022825,0.5121951219512195,1.0,0.0863769151046857,0.4676064065145955,0.2769916608096406,0.9093036680069316,1,1,0.6384958304048203,0.9546518340034658,1,1,1,1
P07,V7_video2_pocaluz,poca_luz,1488,49.596768729641695,1,0.02816446374318323,0.010823186480463313,0.04550574100590315,0.24272282255616354,0.5144124168514412,1.0,0.21687762942780797,0.3447858737089974,0.2808317515684027,0.7728798067461876,1,1,0.6404158757842013,0.8864399033730939,1,1,1,1
P07,V7_video2_pocaluz,poca_luz,1489,49.63009989142237,1,0.027005161169661375,0.010946267820342134,0.04306405451898061,0.23066337699244394,0.516629711751663,1.0,0.12574011708642863,0.48550017795006195,0.3056201475182453,0.6952312635392778,1,1,0.6528100737591227,0.8476156317696388,1,1,1,1
P07,V7_video2_pocaluz,poca_luz,1490,49.66343105320304,1,0.027994012084194466,0.011487612871335295,0.044500411297053635,0.22140604357531574,0.5188470066518847,1.0,0.0999331541919054,0.3763344199981128,0.2381337870950091,0.6550725259390151,1,1,0.6190668935475045,0.8275362629695076,1,1,1,1
P07,V7_video2_pocaluz,poca_luz,1491,49.696762214983714,1,0.021069849631275634,0.0074863922588727,0.034653307003678566,0.2198607146661384,0.5210643015521065,1.0,0.18957930848640825,0.3710175275599875,0.2802984180231979,0.47582516382751056,1,1,0.640149209011599,0.7379125819137553,1,1,1,1
P07,V7_video2_pocaluz,poca_luz,1492,49.73009337676439,1,0.018092455899423265,0.010267619178398624,0.025917292620447906,0.22434832392138135,0.5232815964523282,1.0,0.25967375985686536,0.4589895412225693,0.35933165053971733,0.6589379183723606,1,1,0.6796658252698586,0.8294689591861804,1,1,1,1
P07,V7_video2_pocaluz,poca_luz,1493,49.76342453854506,1,0.019666507551945087,0.018103800773270604,0.021229214330619573,0.22340054836169262,0.5254988913525499,1.0,0.15088783106843284,0.7227858448991933,0.43683683798381306,0.6711610124001561,1,1,0.7184184189919065,0.8355805062000781,1,1,1,1
P07,V7_video2_pocaluz,poca_luz,1494,49.79675570032573,1,0.025363532341256226,0.016169266786439467,0.03455779789607299,0.20934886428011495,0.5277161862527716,1.0,0.44741844027063693,0.1922649887694028,0.31984171452001986,0.8055191362127821,1,1,0.6599208572600099,0.9027595681063911,1,1,1,1
P07,V7_video2_pocaluz,poca_luz,1495,49.830086862106405,1,0.020017920574742873,0.012923306134835163,0.02711253501465058,0.21260190305969043,0.5299334811529933,1.0,0.39428180093704623,0.8140458757920102,0.6041638383645282,0.6641345518398095,1,1,0.8020819191822641,0.8320672759199048,1,1,1,1
P07,V7_video2_pocaluz,poca_luz,1496,49.86341802388708,1,0.01781704917873442,0.011095444834602104,0.024538653522866737,0.21351397048891735,0.532150776053215,1.0,0.4870139960843246,0.4242534876791446,0.4556337418817346,0.6298869464144973,1,1,0.7278168709408673,0.8149434732072487,1,1,1,1
P07,V7_video2_pocaluz,poca_luz,1497,49.89674918566775,1,0.014878144840053993,0.0069709070656205074,0.022785382614487478,0.21699223023834013,0.5343680709534369,1.0,0.428281435455414,0.5683576678854758,0.4983195516704449,0.5258905474264256,1,1,0.7491597758352224,0.7629452737132127,1,1,1,1
P07,V7_video2_pocaluz,poca_luz,1498,49.930080347448424,1,0.018173018825481446,0.011325163812521636,0.02502087383844126,0.210151147074658,0.5365853658536586,1.0,0.1454379510391266,0.08497761286735006,0.11520778195323833,0.5555520446271951,1,1,0.5576038909766192,0.7777760223135975,1,1,0,1
P07,V7_video2_pocaluz,poca_luz,1499,49.9634115092291,1,0.01856319167629036,0.010388121412177138,0.026738261940403584,0.2089805058489854,0.5388026607538803,1.0,0.09204832146939523,0.5740968846833167,0.33307260307635594,0.27551476119580776,1,1,0.666536301538178,0.6377573805979039,1,1,1,1
P07,V7_video2_pocaluz,poca_luz,1500,49.99674267100977,1,0.021064099887760736,0.019125885660537415,0.023002314114984053,0.19683352877976432,0.541019955654102,1.0,0.06993956131462287,0.6205849725777682,0.34526226694619555,0.36890127598097244,1,1,0.6726311334730978,0.6844506379904862,1,1,1,1
P07,V7_video2_pocaluz,poca_luz,1501,50.03007383279044,1,0.02486145768201589,0.02776608657656696,0.021956828787464827,0.1774346854914276,0.5432372505543237,1.0,0.07263799117303393,0.5468208532851493,0.3097294222290916,0.27705061664584774,1,1,0.6548647111145458,0.6385253083229239,1,1,1,1
P07,V7_video2_pocaluz,poca_luz,1502,50.063404994571115,1,0.02638467610343166,0.0211391032910596,0.03163024891580372,0.16487121365558582,0.5454545454545454,1.0,0.1722956087713553,0.21029286519176404,0.19129423698155967,0.06783034978413012,1,1,0.5956471184907799,0.5339151748920651,1,1,1,0
P07,V7_video2_pocaluz,poca_luz,1503,50.09673615635179,1,0.02074512750910576,0.02132757556356307,0.020162679454648447,0.15969891684161602,0.5476718403547672,1.0,0.09213044922473157,0.40942893454410934,0.25077969188442045,0.027830589629693998,1,0,0.6253898459422103,0.013915294814846999,1,0,1,0
P07,V7_video2_pocaluz,poca_luz,1504,50.13006731813246,1,0.019971236093307115,0.012101131199117158,0.027841340987497076,0.15946120315581186,0.549889135254989,1.0,0.08115012281430156,0.4888169717458887,0.2849835472800951,0.07900875598354236,1,0,0.6424917736400475,0.03950437799177118,1,0,1,0
P07,V7_video2_pocaluz,poca_luz,1505,50.16339847991314,1,0.025291922591608687,0.02875431762099819,0.02182952756221919,0.15902924191164403,0.5521064301552107,1.0,0.05178285866815002,0.6835208767166556,0.3676518676924028,0.03311238671442621,1,0,0.6838259338462014,0.016556193357213107,1,0,1,0
P07,V7_video2_pocaluz,poca_luz,1506,50.196729641693814,1,0.029475365435261622,0.025670491885765014,0.03328023898475823,0.1586875367677582,0.5543237250554324,1.0,0.04052175922641088,0.231687512354267,0.13610463579033893,0.032023696567327,1,0,0.5680523178951695,0.0160118482836635,1,0,0,0
P07,V7_video2_pocaluz,poca_luz,1507,50.23006080347449,1,0.027374450072901256,0.01635485407771357,0.03839404606808894,0.15918931701191252,0.5565410199556541,1.0,0.08345167698517186,0.4498450424149524,0.2666483597000621,0.056188912834862804,1,0,0.6333241798500311,0.028094456417431402,1,0,1,0
P07,V7_video2_pocaluz,poca_luz,1508,50.26339196525516,1,0.026633280594250748,0.019837102069158993,0.0334294591193425,0.15931433812383508,0.5587583148558758,1.0,0.32800254606096735,0.4561703336792754,0.3920864398701214,0.02541850064641522,1,0,0.6960432199350607,0.01270925032320761,1,0,1,0
P07,V7_video2_pocaluz,poca_luz,1509,50.29672312703583,1,0.03064003708556618,0.02613495538937612,0.03514511878175624,0.1597483703837483,0.5609756097560976,1.0,0.09363426818241916,0.5422897098908701,0.31796198903664463,0.019093434274453168,1,0,0.6589809945183223,0.009546717137226584,1,0,1,0
P07,V7_video2_pocaluz,poca_luz,1510,50.330054288816505,1,0.0394150688102103,0.035976203336549765,0.04285393428387084,0.15926050020162816,0.5631929046563193,1.0,0.1233022222699156,0.7107919407860579,0.41704708152798675,0.02743421648897723,1,0,0.7085235407639934,0.013717108244488616,1,0,1,0
P07,V7_video2_pocaluz,poca_luz,1511,50.36338545059718,1,0.08580659431092388,0.07951157557873219,0.0921016130431156,0.158867477823923,0.565410199556541,1.0,0.46452249474754514,0.2874929024931686,0.3760076986203569,0.029415887087712263,1,0,0.6880038493101784,0.014707943543856131,1,0,1,0
P07,V7_video2_pocaluz,poca_luz,1512,50.39671661237785,1,0.15676712680850252,0.15221559640797938,0.16131865720902563,0.15896317303268157,0.565410199556541,1.0,0.18847333626043616,0.19096633889436276,0.18971983757739946,0.02556148424732484,0,0,0.09485991878869973,0.01278074212366242,0,0,0,0
P07,V7_video2_pocaluz,poca_luz,1513,50.430047774158524,1,0.21080054648354868,0.2148100511481161,0.20679104181898122,0.15767882632144536,0.565410199556541,1.0,0.45038191979954645,0.4738269883550065,0.46210445407727646,0.023196756954808963,0,0,0.23105222703863823,0.011598378477404482,0,0,0,0
P07,V7_video2_pocaluz,poca_luz,1514,50.4633789359392,1,0.22599575315607634,0.2320345487423674,0.21995695756978526,0.1581566140743066,0.565410199556541,1.0,0.15960738258035934,0.30151680076469334,0.23056209167252634,0.03181683376057882,0,0,0.11528104583626317,0.01590841688028941,0,0,0,0
P07,V7_video2_pocaluz,poca_luz,1515,50.49671009771987,1,0.22995782002695342,0.2317215441100422,0.22819409594386467,0.15839775740299886,0.565410199556541,1.0,0.04786346484631998,0.040933046430826514,0.04439825563857325,0.011387355704450897,0,0,0.022199127819286624,0.0056936778522254485,0,0,0,0
P07,V7_video2_pocaluz,poca_luz,1516,50.53004125950054,1,0.24345000122814775,0.2445571952779794,0.24234280717831613,0.1586055153607292,0.5631929046563193,1.0,0.09980042422366997,0.09979862499197933,0.09979952460782465,0.08089032716231775,0,0,0.049899762303912326,0.04044516358115888,0,0,0,0
P07,V7_video2_pocaluz,poca_luz,1517,50.563372421281215,1,0.25097571080859893,0.2506597574272668,0.251291664189931,0.1586727571511475,0.5609756097560976,1.0,0.04520144142827842,0.10309208731290964,0.07414676437059403,0.05109156717601184,0,0,0.037073382185297016,0.02554578358800592,0,0,0,0
P07,V7_video2_pocaluz,poca_luz,1518,50.59670358306189,1,0.2544826696951151,0.25850158147081576,0.25046375791941455,0.15813266889613584,0.5587583148558758,1.0,0.02614918187256776,0.055415177987195974,0.04078217992988187,0.04204641499496213,0,0,0.020391089964940934,0.021023207497481065,0,0,0,0
P07,V7_video2_pocaluz,poca_luz,1519,50.63003474484256,1,0.2533378766827906,0.2544189623904513,0.25225679097512993,0.15786661416733982,0.5565410199556541,1.0,0.044044250875235,0.18844493058394762,0.11624459072959131,0.07004546646300439,0,0,0.058122295364795656,0.03502273323150219,0,0,0,0
P07,V7_video2_pocaluz,poca_luz,1520,50.663365906623234,1,0.260609689802248,0.26302565812100076,0.2581937214834953,0.1578662164060762,0.5543237250554324,1.0,0.02154626326276965,0.12242395891863334,0.07198511109070149,0.028581912648074134,0,0,0.035992555545350746,0.014290956324037067,0,0,0,0
P07,V7_video2_pocaluz,poca_luz,1521,50.69669706840391,1,0.263231079975061,0.26393141654638524,0.2625307434037367,0.1580069978152855,0.5521064301552107,1.0,0.013994352585936065,0.22197755157278531,0.11798595207936069,0.20486700749295758,0,0,0.058992976039680345,0.10243350374647879,0,0,0,0
P07,V7_video2_pocaluz,poca_luz,1522,50.73002823018458,1,0.2625960773557303,0.2604074705834718,0.26478468412798883,0.15761492877898728,0.549889135254989,1.0,0.10736159479951823,0.10432330531599843,0.10584245005775833,0.11287323445468818,0,0,0.052921225028879165,0.05643661722734409,0,0,0,0
P07,V7_video2_pocaluz,poca_luz,1523,50.76335939196525,1,0.26689269409938443,0.2632293394677147,0.27055604873105416,0.15782948004999114,0.5476718403547672,1.0,0.08688453510625249,0.05990292806513742,0.07339373158569495,0.07612731193019409,0,0,0.03669686579284748,0.038063655965097046,0,0,0,0
P07,V7_video2_pocaluz,poca_luz,1524,50.796690553745925,1,0.2609634391043747,0.2566910451864849,0.26523583302226456,0.15794077226851175,0.5454545454545454,1.0,0.08169703531750494,0.22456345691215196,0.15313024611482845,0.08270041735960941,0,0,0.07656512305741422,0.041350208679804705,0,0,0,0
P07,V7_video2_pocaluz,poca_luz,1525,50.8300217155266,1,0.2603790454595312,0.255294976354347,0.26546311456471544,0.15837801279380576,0.5432372505543237,1.0,0.08744984251466825,0.2774338721503241,0.18244185733249618,0.03015869283749087,0,0,0.09122092866624809,0.015079346418745435,0,0,0,0
P07,V7_video2_pocaluz,poca_luz,1526,50.86335287730727,1,0.2582366167146417,0.25059935072623896,0.2658738827030445,0.15904312935346607,0.541019955654102,1.0,0.08345486834759797,0.04585326491763564,0.0646540666326168,0.02288798982701434,0,0,0.0323270333163084,0.01144399491350717,0,0,0,0
P07,V7_video2_pocaluz,poca_luz,1527,50.89668403908795,1,0.2574408209106699,0.25298911738272256,0.26189252443861716,0.15951226756971693,0.5388026607538803,1.0,0.15112176654728648,0.08961089905257624,0.12036633279993136,0.21854996647557612,0,0,0.06018316639996568,0.10927498323778806,0,0,0,0
P07,V7_video2_pocaluz,poca_luz,1528,50.930015200868624,1,0.25611264646718207,0.2536000236099987,0.2586252693243654,0.15923233433387368,0.5365853658536586,1.0,0.11764324249710012,0.02032385903476097,0.06898355076593055,0.01023209248522815,0,0,0.03449177538296527,0.005116046242614075,0,0,0,0
P07,V7_video2_pocaluz,poca_luz,1529,50.9633463626493,1,0.25663464520723533,0.2549112876320373,0.2583580027824334,0.1592468787343087,0.5343680709534369,1.0,0.11150881354997932,0.043431303551791256,0.07747005855088529,0.03400994244188023,0,0,0.038735029275442645,0.017004971220940114,0,0,0,0
P07,V7_video2_pocaluz,poca_luz,1530,50.99667752442997,1,0.25758269861115735,0.2566954013070062,0.2584699959153085,0.15997079663692954,0.532150776053215,1.0,0.010030668540246923,0.08661109161004743,0.04832088007514718,0.23212667998426353,0,0,0.02416044003757359,0.11606333999213177,0,0,0,0
P07,V7_video2_pocaluz,poca_luz,1531,51.03000868621064,1,0.2540904140560346,0.2519913509951197,0.2561894771169495,0.1593645202792672,0.5299334811529933,1.0,0.251113598490183,0.017837256767213594,0.1344754276286983,0.07206128384242935,0,0,0.06723771381434915,0.036030641921214676,0,0,0,0
P07,V7_video2_pocaluz,poca_luz,1532,51.063339847991315,1,0.2562646903332394,0.25566274540406886,0.25686663526240994,0.15813840358130268,0.5277161862527716,1.0,0.1104486408804759,0.03424896098652053,0.07234880093349821,0.24950648214379884,0,0,0.03617440046674911,0.12475324107189942,0,0,0,0
P07,V7_video2_pocaluz,poca_luz,1533,51.09667100977199,1,0.25451190546444363,0.25643184641851074,0.2525919645103765,0.15834120718849487,0.5254988913525499,1.0,0.0796874558880929,0.042916979329197136,0.061302217608645015,0.12385594561540142,0,0,0.030651108804322508,0.06192797280770071,0,0,0,0
P07,V7_video2_pocaluz,poca_luz,1534,51.13000217155266,1,0.25754035465229924,0.26060756255407325,0.25447314675052524,0.1580327196303715,0.5232815964523282,1.0,0.0733294129238764,0.013769568401465149,0.043549490662670776,0.10320009250631587,0,0,0.021774745331335388,0.051600046253157936,0,0,0,0
