persona,frame,deteccion_rostro,p_cerrado_ojo1,p_cerrado_ojo2,p_cerrado_frame,p_yawn
C2,0,1,0.5768513977527618,0.4487457871437073,0.5127985924482346,0.2273068130016327
C2,1,1,0.12976974248886108,0.23741352558135986,0.18359163403511047,0.35679373145103455
C2,2,1,0.18776285648345947,0.5139186084270477,0.3508407324552536,0.2010258585214615
C2,3,1,0.21508967876434326,0.11287420988082886,0.16398194432258606,0.04920349642634392
C2,4,1,0.44685113430023193,0.42459094524383545,0.4357210397720337,0.1246635764837265
C2,5,1,0.3800209164619446,0.15206527709960938,0.266043096780777,0.12106011807918549
C2,6,1,0.6170507967472076,0.42334139347076416,0.5201960951089859,0.0564444325864315
C2,7,1,0.7534963190555573,0.3746829032897949,0.5640896111726761,0.02399391308426857
C2,8,1,0.39454561471939087,0.257648229598999,0.32609692215919495,0.040918223559856415
C2,9,1,0.46956437826156616,0.29488182067871094,0.38222309947013855,0.027821527794003487
C2,10,1,0.467207133769989,0.16831916570663452,0.31776314973831177,0.028911227360367775
C2,11,1,0.3182835578918457,0.49298620223999023,0.40563488006591797,0.021464575082063675
C2,12,1,0.12357783317565918,0.5141317844390869,0.31885480880737305,0.04949663579463959
C2,13,1,0.08633089065551758,0.5208106637001038,0.30357077717781067,0.10650976002216339
C2,14,1,0.12004691362380981,0.4690765142440796,0.2945617139339447,0.1398993581533432
C2,15,1,0.19961011409759521,0.6444354951381683,0.4220228046178818,0.15204402804374695
C2,16,1,0.2701760530471802,0.6258898973464966,0.4480329751968384,0.11077313125133514
C2,17,1,0.24625778198242188,0.42014533281326294,0.3332015573978424,0.11430122703313828
C2,18,1,0.5541238784790039,0.455879807472229,0.5050018429756165,0.24035553634166718
C2,19,1,0.2438364028930664,0.34030646085739136,0.2920714318752289,0.10049241036176682
C2,20,1,0.3459053635597229,0.6988286674022675,0.5223670154809952,0.08865909278392792
C2,21,1,0.25020450353622437,0.352030873298645,0.3011176884174347,0.042092375457286835
C2,22,1,0.38704705238342285,0.4152129292488098,0.40112999081611633,0.02458850108087063
C2,23,1,0.2609959840774536,0.2473050355911255,0.25415050983428955,0.005579594522714615
C2,24,1,0.14556527137756348,0.531674861907959,0.33862006664276123,0.027491353452205658
C2,25,1,0.24161005020141602,0.1553499698638916,0.1984800100326538,0.009583448059856892
C2,26,1,0.5347270965576172,0.6603102684020996,0.5975186824798584,0.06287446618080139
C2,27,1,0.24284088611602783,0.39055389165878296,0.3166973888874054,0.08608424663543701
C2,28,1,0.2596089243888855,0.6073512732982635,0.4334800988435745,0.13464859127998352
C2,29,1,0.07891786098480225,0.2564663290977478,0.16769209504127502,0.23135948181152344
C2,30,1,0.23771637678146362,0.7202084064483643,0.47896239161491394,0.2647400200366974
C2,31,1,0.2790704369544983,0.23287099599838257,0.25597071647644043,0.19208556413650513
C2,32,1,0.31062185764312744,0.29075050354003906,0.30068618059158325,0.3285931646823883
C2,33,1,0.2935878038406372,0.19712865352630615,0.24535822868347168,0.3406602144241333
C2,34,1,0.32246941328048706,0.6236757934093475,0.4730726033449173,0.31022778153419495
C2,35,1,0.37384676933288574,0.3131335973739624,0.3434901833534241,0.2117016315460205
C2,36,1,0.5731101334095001,0.2048662304878235,0.3889881819486618,0.5484635829925537
C2,37,1,0.3691224455833435,0.24343425035476685,0.3062783479690552,0.3078068494796753
C2,38,1,0.12562161684036255,0.6441650390625,0.3848933279514313,0.04328298941254616
C2,39,1,0.22737765312194824,0.12893956899642944,0.17815861105918884,0.013544815592467785
C2,40,1,0.5216552913188934,0.2821650505065918,0.4019101709127426,0.09515471756458282
C2,41,1,0.2765287756919861,0.29189854860305786,0.284213662147522,0.05925577133893967
C2,42,1,0.28613555431365967,0.3680969476699829,0.3271162509918213,0.05098304897546768
C2,43,1,0.2502261996269226,0.36650413274765015,0.3083651661872864,0.026339277625083923
C2,44,1,0.33287572860717773,0.3489065170288086,0.34089112281799316,0.02906675636768341
C2,45,1,0.19473254680633545,0.397823691368103,0.29627811908721924,0.006967093329876661
C2,46,1,0.05987495183944702,0.31665992736816406,0.18826743960380554,0.01294066570699215
C2,47,1,0.12270593643188477,0.0782809853553772,0.10049346089363098,0.0366964265704155
C2,48,1,0.19654476642608643,0.21669262647628784,0.20661869645118713,0.028133001178503036
C2,49,1,0.21396493911743164,0.556851863861084,0.3854084014892578,0.027160324156284332
C2,50,1,0.3379899263381958,0.4058782458305359,0.37193408608436584,0.032673269510269165
C2,51,1,0.11854881048202515,0.0779486894607544,0.09824874997138977,0.03694479539990425
C2,52,1,0.1276370882987976,0.15039068460464478,0.1390138864517212,0.010159390978515148
C2,53,1,0.29281044006347656,0.5092877447605133,0.40104909241199493,0.0251934751868248
C2,54,1,0.21602928638458252,0.34326207637786865,0.2796456813812256,0.009402253665030003
C2,55,1,0.09558933973312378,0.10433173179626465,0.09996053576469421,0.030174288898706436
C2,56,1,0.7265226542949677,0.15915167331695557,0.4428371638059616,0.05160602554678917
C2,57,1,0.7047030627727509,0.214616596698761,0.4596598297357559,0.040882714092731476
C2,58,1,0.5522467792034149,0.22760874032974243,0.3899277597665787,0.027939891442656517
C2,59,1,0.6048028469085693,0.227150559425354,0.41597670316696167,0.03224179521203041
C2,60,1,0.18269586563110352,0.0395393967628479,0.11111763119697571,0.3676949739456177
C2,61,1,0.10370528697967529,0.1351909637451172,0.11944812536239624,0.3336472511291504
C2,62,1,0.1178288459777832,0.09634542465209961,0.1070871353149414,0.2073286473751068
C2,63,1,0.15237241983413696,0.2896372079849243,0.22100481390953064,0.20459282398223877
C2,64,1,0.19035041332244873,0.1424698829650879,0.1664101481437683,0.16216395795345306
C2,65,1,0.3297056555747986,0.1424698829650879,0.23608776926994324,0.1914139688014984
C2,66,1,0.2505638599395752,0.150251567363739,0.2004077136516571,0.13903018832206726
C2,67,1,0.3844568133354187,0.18090516328811646,0.2826809883117676,0.1017703264951706
C2,68,1,0.14257711172103882,0.2190149426460266,0.18079602718353271,0.044171031564474106
C2,69,1,0.08630204200744629,0.2582409977912903,0.1722715198993683,0.04008268937468529
C2,70,1,0.18904989957809448,0.3933231830596924,0.29118654131889343,0.03477181866765022
C2,71,1,0.26724773645401,0.23883295059204102,0.2530403435230255,0.053342949599027634
C2,72,1,0.21553629636764526,0.4167320132255554,0.31613415479660034,0.04200625792145729
C2,73,1,0.3324335217475891,0.25899773836135864,0.2957156300544739,0.04541069269180298
C2,74,1,0.3388001322746277,0.24051427841186523,0.28965720534324646,0.055553652346134186
C2,75,1,0.1873152256011963,0.10096615552902222,0.14414069056510925,0.03568396717309952
C2,76,1,0.3761650323867798,0.10096615552902222,0.238565593957901,0.033879805356264114
C2,77,1,0.3761650323867798,0.10096615552902222,0.238565593957901,0.03685829043388367
C2,78,1,0.570527583360672,0.09447222948074341,0.3324999064207077,0.04145071655511856
C2,79,1,0.5130330324172974,0.15468871593475342,0.3338608741760254,0.051957085728645325
C2,80,1,0.49343109130859375,0.1781308650970459,0.3357809782028198,0.05709965527057648
C2,81,1,0.32801681756973267,0.21130967140197754,0.2696632444858551,0.02676781639456749
C2,82,1,0.11463981866836548,0.20592033863067627,0.16028007864952087,0.03415757790207863
C2,83,1,0.5359857082366943,0.24142980575561523,0.3887077569961548,0.03254847228527069
C2,84,1,0.2983739972114563,0.12231284379959106,0.21034342050552368,0.021331317722797394
C2,85,1,0.402751624584198,0.39112943410873413,0.39694052934646606,0.014690146781504154
C2,86,1,0.2799690365791321,0.28784167766571045,0.28390535712242126,0.02677525021135807
C2,87,1,0.2576383948326111,0.3416036367416382,0.29962101578712463,0.02974865585565567
C2,88,1,0.2852940559387207,0.6455947458744049,0.4654444009065628,0.008338254876434803
C2,89,1,0.18413525819778442,0.2804754376411438,0.2323053479194641,0.009200358763337135
C2,90,1,0.18413525819778442,0.286058247089386,0.2350967526435852,0.009784070774912834
C2,91,1,0.2949385643005371,0.4676147699356079,0.3812766671180725,0.008821926079690456
C2,92,1,0.4578099250793457,0.4676147699356079,0.4627123475074768,0.01224871538579464
C2,93,1,0.3010813593864441,0.30040013790130615,0.3007407486438751,0.019281771034002304
C2,94,1,0.5895493626594543,0.2560011148452759,0.4227752387523651,0.012825584970414639
C2,95,1,0.38621944189071655,0.23463189601898193,0.31042566895484924,0.021588178351521492
C2,96,1,0.40328484773635864,0.3026580810546875,0.35297146439552307,0.03431612625718117
C2,97,1,0.3610907196998596,0.35380321741104126,0.35744696855545044,0.03129524737596512
C2,98,1,0.41967546939849854,0.35193270444869995,0.38580408692359924,0.026001418009400368
C2,99,1,0.37721318006515503,0.35193270444869995,0.3645729422569275,0.04331589117646217
C2,100,1,0.22816121578216553,0.14988601207733154,0.18902361392974854,0.027709078043699265
C2,101,1,0.35072630643844604,0.08881747722625732,0.21977189183235168,0.02414870262145996
C2,102,1,0.2553359866142273,0.10040587186813354,0.17787092924118042,0.00887275580316782
C2,103,1,0.2968698740005493,0.09687000513076782,0.19686993956565857,0.008560272864997387
C2,104,1,0.4491482973098755,0.20713841915130615,0.3281433582305908,0.007692167069762945
C2,105,1,0.42025041580200195,0.32003504037857056,0.37014272809028625,0.012638092041015625
C2,106,1,0.30803847312927246,0.26272791624069214,0.2853831946849823,0.04003532603383064
C2,107,1,0.10404980182647705,0.26771295070648193,0.1858813762664795,0.022710321471095085
C2,108,1,0.10404980182647705,0.20899927616119385,0.15652453899383545,0.024332217872142792
C2,109,1,0.08578640222549438,0.1535434126853943,0.11966490745544434,0.011849100701510906
C2,110,1,0.08578640222549438,0.21721500158309937,0.15150070190429688,0.011849100701510906
C2,111,1,0.1057966947555542,0.35148704051971436,0.22864186763763428,0.033107977360486984
C2,112,1,0.1494399905204773,0.18059945106506348,0.16501972079277039,0.0075371647253632545
C2,113,1,0.08977776765823364,0.18059945106506348,0.13518860936164856,0.007413564715534449
C2,114,1,0.04814434051513672,0.187741219997406,0.11794278025627136,0.007039038930088282
C2,115,1,0.060836851596832275,0.19326335191726685,0.12705010175704956,0.007039038930088282
C2,116,1,0.06313371658325195,0.23824608325958252,0.15068989992141724,0.006613603793084621
C2,117,1,0.13310575485229492,0.1493746042251587,0.1412401795387268,0.0063414243049919605
C2,118,1,0.1473289132118225,0.15227317810058594,0.14980104565620422,0.005894733592867851
C2,119,1,0.11446177959442139,0.21734696626663208,0.16590437293052673,0.009995963424444199
C2,120,1,0.07807594537734985,0.12403601408004761,0.10105597972869873,0.2799142003059387
C2,121,1,0.3411133885383606,0.11694830656051636,0.22903084754943848,0.3394520878791809
C2,122,1,0.39037495851516724,0.09109830856323242,0.24073663353919983,0.12906897068023682
C2,123,1,0.39037495851516724,0.09004050493240356,0.2402077317237854,0.08911056071519852
C2,124,1,0.3444071412086487,0.14459413290023804,0.24450063705444336,0.1366678923368454
C2,125,1,0.12171250581741333,0.39684271812438965,0.2592776119709015,0.04672956466674805
C2,126,1,0.10344421863555908,0.09620165824890137,0.09982293844223022,0.11105448752641678
C2,127,1,0.10344421863555908,0.10904300212860107,0.10624361038208008,0.06928234547376633
C2,128,1,0.15174102783203125,0.14154309034347534,0.1466420590877533,0.03453749790787697
C2,129,1,0.38631510734558105,0.19168776273727417,0.2890014350414276,0.04377429559826851
C2,130,1,0.16499459743499756,0.21152913570404053,0.18826186656951904,0.06816315650939941
C2,131,1,0.13197046518325806,0.20415055751800537,0.1680605113506317,0.02106570638716221
C2,132,1,0.1062396764755249,0.15219563245773315,0.12921765446662903,0.07941433787345886
C2,133,1,0.12999838590621948,0.16170305013656616,0.14585071802139282,0.03961212933063507
C2,134,1,0.44194430112838745,0.21453267335891724,0.32823848724365234,0.037284400314092636
C2,135,1,0.29831600189208984,0.2541348338127136,0.27622541785240173,0.027471505105495453
C2,136,1,0.2551655173301697,0.4633626341819763,0.359264075756073,0.027436429634690285
C2,137,1,0.13141858577728271,0.21225827932357788,0.1718384325504303,0.023680221289396286
C2,138,1,0.041659414768218994,0.08679938316345215,0.06422939896583557,0.034747786819934845
C2,139,1,0.17894935607910156,0.0713508129119873,0.12515008449554443,0.07186663150787354
C2,140,1,0.23372799158096313,0.152265727519989,0.19299685955047607,0.028205398470163345
C2,141,1,0.15686333179473877,0.13491874933242798,0.14589104056358337,0.029003584757447243
C2,142,1,0.1026843786239624,0.15835422277450562,0.130519300699234,0.017084011808037758
C2,143,1,0.1650456190109253,0.2422582507133484,0.20365193486213684,0.027365954592823982
C2,144,1,0.07458972930908203,0.215187668800354,0.14488869905471802,0.029935188591480255
C2,145,1,0.11902904510498047,0.21184301376342773,0.1654360294342041,0.025162361562252045
C2,146,1,0.22027724981307983,0.30719637870788574,0.2637368142604828,0.025162361562252045
C2,147,1,0.1439029574394226,0.22571498155593872,0.18480896949768066,0.033010270446538925
C2,148,1,0.19569844007492065,0.03200197219848633,0.11385020613670349,0.03083469532430172
C2,149,1,0.17600756883621216,0.40869760513305664,0.2923525869846344,0.03276098147034645
C2,150,1,0.15683245658874512,0.14861655235290527,0.1527245044708252,0.032180264592170715
C2,151,1,0.12364333868026733,0.18962830305099487,0.1566358208656311,0.05722792074084282
C2,152,1,0.30776071548461914,0.2978067994117737,0.3027837574481964,0.04594837501645088
C2,153,1,0.2870768904685974,0.4291203022003174,0.3580985963344574,0.05050409957766533
C2,154,1,0.5178479850292206,0.4288216829299927,0.47333483397960663,0.08195546269416809
C2,155,1,0.7231606543064117,0.37310272455215454,0.5481316894292831,0.0712963119149208
C2,156,1,0.6451336145401001,0.3090198040008545,0.4770767092704773,0.040434058755636215
C2,157,1,0.2648548483848572,0.24361640214920044,0.2542356252670288,0.026433907449245453
C2,158,1,0.39145708084106445,0.1736888885498047,0.28257298469543457,0.04271656274795532
C2,159,1,0.3498549461364746,0.19578152894973755,0.2728182375431061,0.04331488162279129
C2,160,1,0.17917758226394653,0.29917436838150024,0.2391759753227234,0.05966002494096756
C2,161,1,0.17634063959121704,0.2590087056159973,0.21767467260360718,0.028598764911293983
C2,162,1,0.495788037776947,0.2858054041862488,0.3907967209815979,0.02017378620803356
C2,163,1,0.17893576622009277,0.42388302087783813,0.30140939354896545,0.011986861936748028
C2,164,1,0.20286566019058228,0.19114840030670166,0.19700703024864197,0.019686654210090637
C2,165,1,0.22004395723342896,0.2865586280822754,0.2533012926578522,0.020887795835733414
C2,166,1,0.19024372100830078,0.2926398515701294,0.2414417862892151,0.023451870307326317
C2,167,1,0.17036497592926025,0.3042013645172119,0.23728317022323608,0.033771056681871414
C2,168,1,0.41576993465423584,0.2646288275718689,0.34019938111305237,0.023729238659143448
C2,169,1,0.27467554807662964,0.14407652616500854,0.2093760371208191,0.01994437165558338
C2,170,1,0.215101957321167,0.24319064617156982,0.2291463017463684,0.020688556134700775
C2,171,1,0.09970653057098389,0.17775076627731323,0.13872864842414856,0.014907483011484146
C2,172,1,0.16154032945632935,0.13214892148971558,0.14684462547302246,0.014907483011484146
C2,173,1,0.0921095609664917,0.1481730341911316,0.12014129757881165,0.01141138095408678
C2,174,1,0.06008964776992798,0.05738997459411621,0.058739811182022095,0.015314405784010887
C2,175,1,0.40070414543151855,0.19515109062194824,0.2979276180267334,0.01744658872485161
C2,176,1,0.41525810956954956,0.1133607029914856,0.2643094062805176,0.028107333928346634
C2,177,1,0.34184879064559937,0.08960616588592529,0.21572747826576233,0.01953718438744545
C2,178,1,0.34184879064559937,0.08960616588592529,0.21572747826576233,0.01641935110092163
C2,179,1,0.33311015367507935,0.07670962810516357,0.20490989089012146,0.023375792428851128
C2,180,1,0.24108964204788208,0.07375484704971313,0.1574222445487976,0.04263100400567055
C2,181,1,0.20136380195617676,0.052017807960510254,0.1266908049583435,0.1566205471754074
C2,182,1,0.20136380195617676,0.052017807960510254,0.1266908049583435,0.1566205471754074
C2,183,1,0.2694171071052551,0.0784684419631958,0.17394277453422546,0.22244557738304138
C2,184,1,0.23279452323913574,0.05898630619049072,0.14589041471481323,0.08490890264511108
C2,185,1,0.08388698101043701,0.31177210807800293,0.19782954454421997,0.058632612228393555
C2,186,1,0.02557075023651123,0.2211005687713623,0.12333565950393677,0.05187954753637314
C2,187,1,0.07299727201461792,0.09294146299362183,0.08296936750411987,0.06391123682260513
C2,188,1,0.08969944715499878,0.234571635723114,0.1621355414390564,0.09630320966243744
C2,189,1,0.08321315050125122,0.17212969064712524,0.12767142057418823,0.07296988368034363
C2,190,1,0.02767080068588257,0.22463083267211914,0.12615081667900085,0.08153577893972397
C2,191,1,0.12414741516113281,0.2139376997947693,0.16904255747795105,0.07082081586122513
C2,192,1,0.11933469772338867,0.09428483247756958,0.10680976510047913,0.0741702988743782
C2,193,1,0.08857965469360352,0.17005741596221924,0.12931853532791138,0.06364218145608902
C2,194,1,0.049040913581848145,0.17005741596221924,0.10954916477203369,0.06364218145608902
C2,195,1,0.052880287170410156,0.17702621221542358,0.11495324969291687,0.05122704431414604
C2,196,1,0.052880287170410156,0.15024524927139282,0.10156276822090149,0.04978615418076515
C2,197,1,0.0699039101600647,0.08726853132247925,0.07858622074127197,0.05034923553466797
C2,198,1,0.0699039101600647,0.08726853132247925,0.07858622074127197,0.04391947016119957
C2,199,1,0.16447103023529053,0.26929062604904175,0.21688082814216614,0.04589102417230606
C2,200,1,0.13390374183654785,0.22887003421783447,0.18138688802719116,0.049408525228500366
C2,201,1,0.13390374183654785,0.13060355186462402,0.13225364685058594,0.045614562928676605
C2,202,1,0.11715137958526611,0.17058849334716797,0.14386993646621704,0.1105448454618454
C2,203,1,0.19723927974700928,0.17058849334716797,0.18391388654708862,0.10876703262329102
C2,204,1,0.1572548747062683,0.22796088457107544,0.19260787963867188,0.10108185559511185
C2,205,1,0.19919055700302124,0.2756977677345276,0.23744416236877441,0.08478683978319168
C2,206,1,0.19919055700302124,0.2756977677345276,0.23744416236877441,0.08478683978319168
C2,207,1,0.22672855854034424,0.08707225322723389,0.15690040588378906,0.06877218931913376
C2,208,1,0.3281930685043335,0.1874603033065796,0.25782668590545654,0.053807519376277924
C2,209,1,0.15085434913635254,0.29640209674835205,0.2236282229423523,0.030442161485552788
C2,210,1,0.5952044129371643,0.29640209674835205,0.4458032548427582,0.03416335582733154
C2,211,1,0.5093296766281128,0.15273332595825195,0.3310315012931824,0.03164590150117874
C2,212,1,0.29236602783203125,0.20319664478302002,0.24778133630752563,0.0652531236410141
C2,213,1,0.2637380361557007,0.27723318338394165,0.27048560976982117,0.03402085602283478
C2,214,1,0.42645877599716187,0.27723318338394165,0.35184597969055176,0.034654658287763596
C2,215,1,0.4290353059768677,0.284809410572052,0.35692235827445984,0.0271719079464674
C2,216,1,0.2593010663986206,0.22867006063461304,0.24398556351661682,0.029448267072439194
C2,217,1,0.0780896544456482,0.07790958881378174,0.07799962162971497,0.0532844252884388
C2,218,1,0.10220503807067871,0.2111726999282837,0.1566888689994812,0.030172644183039665
C2,219,1,0.09137862920761108,0.1603279709815979,0.1258533000946045,0.04201892390847206
C2,220,1,0.07678598165512085,0.22287237644195557,0.1498291790485382,0.01716306060552597
C2,221,1,0.14234578609466553,0.17177659273147583,0.15706118941307068,0.026002291589975357
C2,222,1,0.10696196556091309,0.17177659273147583,0.13936927914619446,0.03022381290793419
C2,223,1,0.31171751022338867,0.163979172706604,0.23784834146499634,0.04498543217778206
C2,224,1,0.4593488574028015,0.28606921434402466,0.3727090358734131,0.02434319257736206
C2,225,1,0.19220077991485596,0.1778290867805481,0.18501493334770203,0.013318384066224098
C2,226,1,0.5217427015304565,0.5411550998687744,0.5314489006996155,0.013318384066224098
C2,227,1,0.36917227506637573,0.41341495513916016,0.39129361510276794,0.0207403302192688
C2,228,1,0.45858681201934814,0.30915766954421997,0.38387224078178406,0.01426791027188301
C2,229,1,0.6580274105072021,0.45581018924713135,0.5569187998771667,0.009655793197453022
C2,230,1,0.8867765665054321,0.14301270246505737,0.5148946344852448,0.01272134855389595
C2,231,1,0.8626540452241898,0.25018131732940674,0.5564176812767982,0.023086359724402428
C2,232,1,0.41173458099365234,0.5551855564117432,0.48346006870269775,0.016870172694325447
C2,233,1,0.5151387453079224,0.5583881437778473,0.5367634445428848,0.02878553234040737
C2,234,1,0.6208219230175018,0.6606893241405487,0.6407556235790253,0.032239850610494614
C2,235,1,0.9227785095572472,0.7384420931339264,0.8306103013455868,0.023995360359549522
C2,236,1,0.8223215490579605,0.7463213801383972,0.7843214645981789,0.035138089209795
C2,237,1,0.8142476677894592,0.7680720686912537,0.7911598682403564,0.02977977879345417
C2,238,1,0.9367297515273094,0.499234676361084,0.7179822139441967,0.044794272631406784
C2,239,1,0.8646756261587143,0.27780765295028687,0.5712416395545006,0.020614955574274063
C2,240,1,0.23540371656417847,0.7314997017383575,0.483451709151268,0.27979984879493713
C2,241,1,0.6257182955741882,0.716619074344635,0.6711686849594116,0.3183693289756775
C2,242,1,0.547772616147995,0.8100379407405853,0.6789052784442902,0.2911091446876526
C2,243,1,0.6458632051944733,0.5273804366588593,0.5866218209266663,0.18048933148384094
C2,244,1,0.7553291171789169,0.6195641160011292,0.687446616590023,0.19145558774471283
C2,245,1,0.8271071165800095,0.6717494130134583,0.7494282647967339,0.1816166341304779
C2,246,1,0.6250478625297546,0.8010844737291336,0.7130661681294441,0.15699781477451324
C2,247,1,0.927911788225174,0.6509365737438202,0.7894241809844971,0.16531838476657867
C2,248,1,0.7468655407428741,0.8143776059150696,0.7806215733289719,0.16531838476657867
C2,249,1,0.5565951466560364,0.3770604729652405,0.4668278098106384,0.18132048845291138
C2,250,1,0.34319639205932617,0.5710676312446594,0.4571320116519928,0.3684860169887543
C2,251,1,0.627917468547821,0.5521799027919769,0.590048685669899,0.41596806049346924
C2,252,1,0.6012327671051025,0.7234797775745392,0.6623562723398209,0.33731892704963684
C2,253,1,0.33789271116256714,0.6703647077083588,0.504128709435463,0.3882417678833008
C2,254,1,0.4083753824234009,0.3381495475769043,0.3732624650001526,0.3882417678833008
C2,255,1,0.4892071485519409,0.3407313823699951,0.414969265460968,0.3882417678833008
C2,256,1,0.5613916218280792,0.5184569954872131,0.5399243086576462,0.3366902470588684
C2,257,1,0.1843276023864746,0.3730567693710327,0.27869218587875366,0.3366902470588684
C2,258,1,0.38858914375305176,0.6577864587306976,0.5231878012418747,0.33847054839134216
C2,259,1,0.4562816619873047,0.32651615142822266,0.39139890670776367,0.333038866519928
C2,260,1,0.255761981010437,0.2888113856315613,0.27228668332099915,0.33700600266456604
C2,261,1,0.19722557067871094,0.3626641631126404,0.27994486689567566,0.34010598063468933
C2,262,1,0.2635135054588318,0.3626641631126404,0.3130888342857361,0.34010598063468933
C2,263,1,0.3169060945510864,0.46310991048812866,0.39000800251960754,0.30866342782974243
C2,264,1,0.055570363998413086,0.4613586664199829,0.258464515209198,0.2970663607120514
C2,265,1,0.056227684020996094,0.24588602781295776,0.15105685591697693,0.39822477102279663
C2,266,1,0.02730005979537964,0.5215458571910858,0.2744229584932327,0.4094289541244507
C2,267,1,0.04654878377914429,0.6208515763282776,0.33370018005371094,0.41880741715431213
C2,268,1,0.0801546573638916,0.6165612936019897,0.3483579754829407,0.11390084773302078
C2,269,1,0.07697957754135132,0.6165612936019897,0.34677043557167053,0.06405249238014221
C2,270,1,0.12209516763687134,0.3836424946784973,0.2528688311576843,0.06135484203696251
C2,271,1,0.1308003067970276,0.44779908657073975,0.28929969668388367,0.07730049639940262
C2,272,1,0.2736256718635559,0.44779908657073975,0.3607123792171478,0.06461557745933533
C2,273,1,0.17372918128967285,0.45461535453796387,0.31417226791381836,0.05245454981923103
C2,274,1,0.4139949083328247,0.45461535453796387,0.4343051314353943,0.08586004376411438
C2,275,1,0.5999943912029266,0.6142553687095642,0.6071248799562454,0.1282108575105667
C2,276,1,0.280644953250885,0.5651373267173767,0.42289113998413086,0.06251289695501328
C2,277,1,0.19892561435699463,0.5310644507408142,0.3649950325489044,0.07225043326616287
C2,278,1,0.12432330846786499,0.5310644507408142,0.3276938796043396,0.06204167380928993
C2,279,1,0.46642017364501953,0.2121509313583374,0.33928555250167847,0.03884639963507652
C2,280,1,0.2286360263824463,0.4617067575454712,0.34517139196395874,0.03829233720898628
C2,281,1,0.08576393127441406,0.06611895561218262,0.07594144344329834,0.06031423434615135
C2,282,1,0.07747137546539307,0.13749635219573975,0.1074838638305664,0.06126580387353897
C2,283,1,0.09041893482208252,0.16381359100341797,0.12711626291275024,0.09703590720891953
C2,284,1,0.06703007221221924,0.22372031211853027,0.14537519216537476,0.0798402726650238
C2,285,1,0.09148097038269043,0.2909979224205017,0.19123944640159607,0.0798402726650238
C2,286,1,0.09674042463302612,0.2909979224205017,0.19386917352676392,0.06862344592809677
C2,287,1,0.09674042463302612,0.38752323389053345,0.24213182926177979,0.06862344592809677
C2,288,1,0.11964178085327148,0.4402753710746765,0.279958575963974,0.08348919451236725
C2,289,1,0.07361775636672974,0.5314530432224274,0.30253539979457855,0.08311950415372849
C2,290,1,0.07361775636672974,0.5314530432224274,0.30253539979457855,0.09057258814573288
C2,291,1,0.07361775636672974,0.5223448872566223,0.297981321811676,0.16785934567451477
C2,292,1,0.19117289781570435,0.517855316400528,0.35451410710811615,0.10512635856866837
C2,293,1,0.20254230499267578,0.517855316400528,0.36019881069660187,0.14636969566345215
C2,294,1,0.20254230499267578,0.48448872566223145,0.3435155153274536,0.14636969566345215
C2,295,1,0.2358526587486267,0.48448872566223145,0.3601706922054291,0.15847784280776978
C2,296,1,0.11239069700241089,0.48044341802597046,0.2964170575141907,0.15224771201610565
C2,297,1,0.21872764825820923,0.48044341802597046,0.34958553314208984,0.12437333166599274
C2,298,1,0.14003294706344604,0.36435866355895996,0.252195805311203,0.10734198987483978
C2,299,1,0.12151741981506348,0.21317845582962036,0.16734793782234192,0.1294921487569809
C2,300,1,0.09369152784347534,0.1918344497680664,0.14276298880577087,0.30577340722084045
C2,301,1,0.11194634437561035,0.264647901058197,0.1882971227169037,0.2190789431333542
C2,302,1,0.11194634437561035,0.29768097400665283,0.2048136591911316,0.2190789431333542
C2,303,1,0.11194634437561035,0.29768097400665283,0.2048136591911316,0.22359180450439453
C2,304,1,0.11194634437561035,0.29768097400665283,0.2048136591911316,0.13127374649047852
C2,305,1,0.11291438341140747,0.36728447675704956,0.24009943008422852,0.170525461435318
C2,306,1,0.06044197082519531,0.36728447675704956,0.21386322379112244,0.18915241956710815
C2,307,1,0.11913985013961792,0.3518539071083069,0.2354968786239624,0.1493278592824936
C2,308,1,0.05501621961593628,0.2092248797416687,0.1321205496788025,0.17877015471458435
C2,309,1,0.06226301193237305,0.22887688875198364,0.14556995034217834,0.17877015471458435
C2,310,1,0.11826121807098389,0.13704943656921387,0.12765532732009888,0.15794339776039124
C2,311,1,0.059803307056427,0.338378369808197,0.199090838432312,0.08564555644989014
C2,312,1,0.06015545129776001,0.31807994842529297,0.1891176998615265,0.10384206473827362
C2,313,1,0.05104142427444458,0.245108962059021,0.1480751931667328,0.10384206473827362
C2,314,1,0.05515927076339722,0.5914757251739502,0.3233174979686737,0.11216577142477036
C2,315,1,0.05515927076339722,0.52525594830513,0.2902076095342636,0.08483364433050156
C2,316,1,0.05515927076339722,0.52525594830513,0.2902076095342636,0.08483364433050156
C2,317,1,0.05202639102935791,0.3645451068878174,0.20828574895858765,0.07333459705114365
C2,318,1,0.10510540008544922,0.46145111322402954,0.2832782566547394,0.07333459705114365
C2,319,1,0.10888737440109253,0.5367253720760345,0.32280637323856354,0.07333459705114365
C2,320,1,0.0681639313697815,0.14752429723739624,0.10784411430358887,0.08318199962377548
C2,321,1,0.03075939416885376,0.5992810428142548,0.31502021849155426,0.07617814093828201
C2,322,1,0.05314779281616211,0.4566981792449951,0.2549229860305786,0.07617814093828201
C2,323,1,0.1734592318534851,0.5391470193862915,0.3563031256198883,0.0858650803565979
C2,324,1,0.25440913438796997,0.4471980333328247,0.35080358386039734,0.09847607463598251
C2,325,1,0.5572904348373413,0.17086905241012573,0.3640797436237335,0.08392179757356644
C2,326,1,0.4422316551208496,0.2528337836265564,0.347532719373703,0.040510017424821854
C2,327,1,0.8410475999116898,0.3503127098083496,0.5956801548600197,0.04260087013244629
C2,328,1,0.6757598221302032,0.47549039125442505,0.5756251066923141,0.05385373905301094
C2,329,1,0.8594239503145218,0.5865166485309601,0.7229702994227409,0.08194376528263092
C2,330,1,0.6277600824832916,0.6762020289897919,0.6519810557365417,0.03474049270153046
C2,331,1,0.7126068472862244,0.8834517449140549,0.7980292961001396,0.03209558501839638
C2,332,1,0.5278415381908417,0.5163675844669342,0.5221045613288879,0.06001516059041023
C2,333,1,0.5537179708480835,0.6812940835952759,0.6175060272216797,0.05835642293095589
C2,334,1,0.5428839325904846,0.30363452434539795,0.4232592284679413,0.10096802562475204
C2,335,1,0.9125626981258392,0.322041392326355,0.6173020452260971,0.11731363087892532
C2,336,1,0.8159796595573425,0.38527143001556396,0.6006255447864532,0.10268817842006683
C2,337,1,0.8159796595573425,0.2209520936012268,0.5184658765792847,0.10268817842006683
C2,338,1,0.4687386751174927,0.4156474471092224,0.44219306111335754,0.04832151159644127
C2,339,1,0.5896438956260681,0.8149539530277252,0.7022989243268967,0.03463985398411751
C2,340,1,0.4652012586593628,0.8895671218633652,0.677384190261364,0.043680910021066666
C2,341,1,0.738289475440979,0.7848370224237442,0.7615632489323616,0.034864287823438644
C2,342,1,0.8986656367778778,0.8790190368890762,0.888842336833477,0.08493068814277649
C2,343,1,0.879647471010685,0.7743085026741028,0.8269779868423939,0.08493068814277649
C2,344,1,0.6266273558139801,0.7710008770227432,0.6988141164183617,0.08664165437221527
C2,345,1,0.6329559087753296,0.5089742243289948,0.5709650665521622,0.06024044379591942
C2,346,1,0.4496387243270874,0.4179321527481079,0.43378543853759766,0.055991534143686295
C2,347,1,0.7051456868648529,0.7401226162910461,0.7226341515779495,0.04395243898034096
C2,348,1,0.8505124896764755,0.3855769634246826,0.6180447265505791,0.0715567022562027
C2,349,1,0.42278361320495605,0.28426826000213623,0.35352593660354614,0.04331008717417717
C2,350,1,0.5468448996543884,0.35874873399734497,0.4527968168258667,0.04331008717417717
C2,351,1,0.6857030093669891,0.4660012125968933,0.5758521109819412,0.04331008717417717
C2,352,1,0.5236511528491974,0.5931162536144257,0.5583837032318115,0.03792237490415573
C2,353,1,0.6869805157184601,0.24356436729431152,0.4652724415063858,0.05844960734248161
C2,354,1,0.44621431827545166,0.24335426092147827,0.34478428959846497,0.035776350647211075
C2,355,1,0.4076526165008545,0.23092108964920044,0.31928685307502747,0.056897036731243134
C2,356,1,0.28643274307250977,0.2364281415939331,0.26143044233322144,0.03462113440036774
C2,357,1,0.3513425588607788,0.2750058174133301,0.31317418813705444,0.03493357077240944
C2,358,1,0.6284672915935516,0.4042908549308777,0.5163790732622147,0.035471197217702866
C2,359,1,0.42862558364868164,0.2780924439430237,0.35335901379585266,0.034082621335983276
C2,360,1,0.49416255950927734,0.40128201246261597,0.44772228598594666,0.1661650538444519
C2,361,1,0.5385690927505493,0.420771062374115,0.47967007756233215,0.1647614985704422
C2,362,1,0.534699022769928,0.6465540826320648,0.5906265527009964,0.1647614985704422
C2,363,1,0.6284870803356171,0.681626558303833,0.655056819319725,0.1756933182477951
C2,364,1,0.5139659345149994,0.3169882297515869,0.41547708213329315,0.12932159006595612
C2,365,1,0.07590794563293457,0.5486415028572083,0.3122747242450714,0.09018947184085846
C2,366,1,0.12598079442977905,0.6042571365833282,0.36511896550655365,0.08073365688323975
C2,367,1,0.13267415761947632,0.5648712515830994,0.34877270460128784,0.08834118396043777
C2,368,1,0.03243899345397949,0.28697437047958374,0.15970668196678162,0.11299203336238861
C2,369,1,0.0485803484916687,0.3519705533981323,0.2002754509449005,0.06891355663537979
C2,370,1,0.07847428321838379,0.39672529697418213,0.23759979009628296,0.06891355663537979
C2,371,1,0.2175014615058899,0.410281240940094,0.31389135122299194,0.07093305885791779
C2,372,1,0.17198830842971802,0.3313993215560913,0.25169381499290466,0.07093305885791779
C2,373,1,0.1534232497215271,0.4203762412071228,0.28689974546432495,0.1012435182929039
C2,374,1,0.19650286436080933,0.4707179665565491,0.3336104154586792,0.10337518155574799
C2,375,1,0.31443971395492554,0.5175392925739288,0.4159895032644272,0.08335580676794052
C2,376,1,0.20817112922668457,0.33975130319595337,0.27396121621131897,0.09109655022621155
C2,377,1,0.24929147958755493,0.3433888554573059,0.2963401675224304,0.10363385081291199
C2,378,1,0.3209272027015686,0.38609904050827026,0.35351312160491943,0.05768360197544098
C2,379,1,0.31693094968795776,0.2744618058204651,0.2956963777542114,0.046979740262031555
C2,380,1,0.24869811534881592,0.3053550720214844,0.27702659368515015,0.048652321100234985
C2,381,1,0.08075195550918579,0.3053550720214844,0.19305351376533508,0.052586790174245834
C2,382,1,0.08075195550918579,0.3053550720214844,0.19305351376533508,0.052586790174245834
C2,383,1,0.09815692901611328,0.3053550720214844,0.20175600051879883,0.05854545161128044
C2,384,1,0.12696492671966553,0.3053550720214844,0.21615999937057495,0.05848025530576706
C2,385,1,0.09544360637664795,0.2838056683540344,0.1896246373653412,0.05500166863203049
C2,386,1,0.08513712882995605,0.2722591757774353,0.17869815230369568,0.05500166863203049
C2,387,1,0.11138933897018433,0.26602572202682495,0.18870753049850464,0.043416883796453476
C2,388,1,0.20425182580947876,0.1460949182510376,0.17517337203025818,0.0382639542222023
C2,389,1,0.1405414342880249,0.12495869398117065,0.13275006413459778,0.03697935491800308
C2,390,1,0.15568983554840088,0.2345980405807495,0.1951439380645752,0.03900429606437683
C2,391,1,0.2777138352394104,0.24092930555343628,0.25932157039642334,0.032291095703840256
C2,392,1,0.1492815613746643,0.30181270837783813,0.22554713487625122,0.04265420883893967
C2,393,1,0.13641583919525146,0.4635341167449951,0.2999749779701233,0.03333580121397972
C2,394,1,0.11198395490646362,0.26616722345352173,0.18907558917999268,0.04250147193670273
C2,395,1,0.13157391548156738,0.26616722345352173,0.19887056946754456,0.0413464680314064
C2,396,1,0.14531826972961426,0.2651131749153137,0.205215722322464,0.07318750768899918
C2,397,1,0.23522275686264038,0.13482260704040527,0.18502268195152283,0.0552767738699913
C2,398,1,0.11734771728515625,0.2152208685874939,0.16628429293632507,0.04680834710597992
C2,399,1,0.09635275602340698,0.25446778535842896,0.17541027069091797,0.03382836654782295
C2,400,1,0.09499520063400269,0.21757012605667114,0.15628266334533691,0.024101536720991135
C2,401,1,0.17188382148742676,0.4027070999145508,0.28729546070098877,0.02574835531413555
C2,402,1,0.17604798078536987,0.59565868973732,0.3858533352613449,0.033008892089128494
C2,403,1,0.2907845377922058,0.2551945447921753,0.27298954129219055,0.032760266214609146
C2,404,1,0.2907845377922058,0.47061973810195923,0.3807021379470825,0.03755741938948631
C2,405,1,0.39502376317977905,0.5722921788692474,0.48365797102451324,0.05586495250463486
C2,406,1,0.2664549946784973,0.5722921788692474,0.4193735867738724,0.06302225589752197
C2,407,1,0.3044067621231079,0.5555306971073151,0.4299687296152115,0.06302225589752197
C2,408,1,0.3331575393676758,0.1203451156616211,0.22675132751464844,0.06052824854850769
C2,409,1,0.1071118712425232,0.38992172479629517,0.24851679801940918,0.06052824854850769
C2,410,1,0.4632336497306824,0.38992172479629517,0.42657768726348877,0.06052824854850769
C2,411,1,0.15480685234069824,0.30437177419662476,0.2295893132686615,0.062029942870140076
C2,412,1,0.14885979890823364,0.2942085266113281,0.22153416275978088,0.0648404210805893
C2,413,1,0.15068930387496948,0.22500765323638916,0.18784847855567932,0.05506225302815437
C2,414,1,0.41331934928894043,0.24927079677581787,0.33129507303237915,0.05506225302815437
C2,415,1,0.41331934928894043,0.24927079677581787,0.33129507303237915,0.05506225302815437
C2,416,1,0.23141318559646606,0.42878037691116333,0.3300967812538147,0.04970527067780495
C2,417,1,0.1451113224029541,0.29226672649383545,0.21868902444839478,0.041483860462903976
C2,418,1,0.1451113224029541,0.2263505458831787,0.1857309341430664,0.06896719336509705
C2,419,1,0.3929629921913147,0.2263505458831787,0.3096567690372467,0.06896719336509705
C2,420,1,0.0029418468475341797,0.04893457889556885,0.025938212871551514,0.2911498248577118
C2,421,1,0.006855010986328125,0.15518152713775635,0.08101826906204224,0.30489423871040344
C2,422,1,0.03715413808822632,0.12745070457458496,0.08230242133140564,0.30489423871040344
C2,423,1,0.021490395069122314,0.05722177028656006,0.039356082677841187,0.3387613594532013
C2,424,1,0.015364289283752441,0.054757535457611084,0.03506091237068176,0.2864064574241638
C2,425,1,0.015364289283752441,0.08877986669540405,0.05207207798957825,0.2785702347755432
C2,426,1,0.05892467498779297,0.03777956962585449,0.04835212230682373,0.4626612961292267
C2,427,1,0.06249803304672241,0.13398957252502441,0.09824380278587341,0.5711157917976379
C2,428,1,0.03390777111053467,0.040279269218444824,0.037093520164489746,0.3848949372768402
C2,429,1,0.05836683511734009,0.06647354364395142,0.06242018938064575,0.2321189045906067
C2,430,1,0.05081743001937866,0.051559627056121826,0.051188528537750244,0.29232874512672424
C2,431,1,0.1431194543838501,0.15254265069961548,0.1478310525417328,0.25407299399375916
C2,432,1,0.1431194543838501,0.1276072859764099,0.13536337018013,0.25491175055503845
C2,433,1,0.10855555534362793,0.07017076015472412,0.08936315774917603,0.35012564063072205
C2,434,1,0.07019567489624023,0.05062955617904663,0.06041261553764343,0.13203519582748413
C2,435,1,0.06627529859542847,0.06247812509536743,0.06437671184539795,0.3463357388973236
C2,436,1,0.20332443714141846,0.06232619285583496,0.1328253149986267,0.1091100350022316
C2,437,1,0.20332443714141846,0.06232619285583496,0.1328253149986267,0.1091100350022316
C2,438,1,0.15234196186065674,0.07675576210021973,0.11454886198043823,0.263357937335968
C2,439,1,0.12939590215682983,0.16221415996551514,0.14580503106117249,0.24151010811328888
C2,440,1,0.059611976146698,0.16221415996551514,0.11091306805610657,0.1837763637304306
C2,441,1,0.14042729139328003,0.04111224412918091,0.09076976776123047,0.1687820851802826
C2,442,1,0.14042729139328003,0.04111224412918091,0.09076976776123047,0.1687820851802826
C2,443,1,0.14497196674346924,0.062278807163238525,0.10362538695335388,0.1687820851802826
C2,444,1,0.14497196674346924,0.1034085750579834,0.12419027090072632,0.12209849059581757
C2,445,1,0.14536118507385254,0.183637797832489,0.16449949145317078,0.07853837311267853
C2,446,1,0.10809874534606934,0.183637797832489,0.14586827158927917,0.0778316929936409
C2,447,1,0.1355021595954895,0.11007344722747803,0.12278780341148376,0.16072146594524384
C2,448,1,0.20078176259994507,0.12581640481948853,0.1632990837097168,0.16612941026687622
C2,449,1,0.19114619493484497,0.12581640481948853,0.15848129987716675,0.1157129555940628
C2,450,1,0.19114619493484497,0.10029679536819458,0.14572149515151978,0.1746411919593811
C2,451,1,0.18853765726089478,0.10029679536819458,0.14441722631454468,0.2269328236579895
C2,452,1,0.23435741662979126,0.16230934858322144,0.19833338260650635,0.23554393649101257
C2,453,1,0.16891109943389893,0.28906577825546265,0.2289884388446808,0.24280135333538055
C2,454,1,0.16891109943389893,0.18288689851760864,0.17589899897575378,0.24280135333538055
C2,455,1,0.1618240475654602,0.18288689851760864,0.17235547304153442,0.17311027646064758
C2,456,1,0.1618240475654602,0.18288689851760864,0.17235547304153442,0.15129071474075317
C2,457,1,0.5271386206150055,0.15977996587753296,0.3434592932462692,0.15129071474075317
C2,458,1,0.4171825051307678,0.30959606170654297,0.3633892834186554,0.13453221321105957
C2,459,1,0.4644414186477661,0.21791189908981323,0.3411766588687897,0.13453221321105957
C2,460,1,0.4784706234931946,0.13367950916290283,0.3060750663280487,0.11976416409015656
C2,461,1,0.2649185061454773,0.13371425867080688,0.1993163824081421,0.11841123551130295
C2,462,1,0.2649185061454773,0.11697304248809814,0.19094577431678772,0.12960442900657654
C2,463,1,0.2900852560997009,0.11697304248809814,0.20352914929389954,0.11660894751548767
C2,464,1,0.2584269642829895,0.1891271471977234,0.22377705574035645,0.10752526670694351
C2,465,1,0.2791230082511902,0.1283901333808899,0.20375657081604004,0.10752526670694351
C2,466,1,0.2791230082511902,0.08786791563034058,0.18349546194076538,0.10244505852460861
C2,467,1,0.19188982248306274,0.08786791563034058,0.13987886905670166,0.11517244577407837
C2,468,1,0.19924849271774292,0.08786791563034058,0.14355820417404175,0.11669154465198517
C2,469,1,0.11308079957962036,0.11070239543914795,0.11189159750938416,0.07405103743076324
C2,470,1,0.20455926656723022,0.10491019487380981,0.15473473072052002,0.07405103743076324
C2,471,1,0.1899627447128296,0.22986280918121338,0.20991277694702148,0.0501801036298275
C2,472,1,0.2639303207397461,0.10925984382629395,0.18659508228302002,0.06944912672042847
C2,473,1,0.3735089898109436,0.10925984382629395,0.24138441681861877,0.07588786631822586
C2,474,1,0.3408421277999878,0.11919516324996948,0.23001864552497864,0.02842504158616066
C2,475,1,0.4302099347114563,0.21208852529525757,0.32114923000335693,0.03014667145907879
C2,476,1,0.22073793411254883,0.07467693090438843,0.14770743250846863,0.0709821805357933
C2,477,1,0.33979910612106323,0.22463363409042358,0.2822163701057434,0.04422244429588318
C2,478,1,0.24856102466583252,0.07998961210250854,0.16427531838417053,0.021528959274291992
C2,479,1,0.24856102466583252,0.11323535442352295,0.18089818954467773,0.020941901952028275
C2,480,1,0.22091656923294067,0.12484830617904663,0.17288243770599365,0.5499095320701599
C2,481,1,0.12879502773284912,0.4440547823905945,0.2864249050617218,0.4145154058933258
C2,482,1,0.15336209535598755,0.5438953042030334,0.3486286997795105,0.48538824915885925
C2,483,1,0.23763728141784668,0.448039710521698,0.34283849596977234,0.40619927644729614
C2,484,1,0.06500810384750366,0.5571619868278503,0.311085045337677,0.3709656596183777
C2,485,1,0.06500810384750366,0.6534132957458496,0.35921069979667664,0.3317119777202606
C2,486,1,0.091946542263031,0.3786293864250183,0.23528796434402466,0.23022593557834625
C2,487,1,0.222723126411438,0.3786293864250183,0.30067625641822815,0.3001985251903534
C2,488,1,0.10811275243759155,0.42824530601501465,0.2681790292263031,0.20274971425533295
C2,489,1,0.16146796941757202,0.43298131227493286,0.29722464084625244,0.178594172000885
C2,490,1,0.165277898311615,0.40506434440612793,0.28517112135887146,0.16927428543567657
C2,491,1,0.17137879133224487,0.40506434440612793,0.2882215678691864,0.2758077085018158
C2,492,1,0.11101257801055908,0.4438018798828125,0.2774072289466858,0.2982114851474762
C2,493,1,0.11885398626327515,0.5032515525817871,0.31105276942253113,0.28931039571762085
C2,494,1,0.1472179889678955,0.38941699266433716,0.26831749081611633,0.19436104595661163
C2,495,1,0.12101012468338013,0.3169218897819519,0.21896600723266602,0.252139151096344
C2,496,1,0.13276922702789307,0.6831691265106201,0.4079691767692566,0.28873980045318604
C2,497,1,0.09270316362380981,0.5909501314163208,0.3418266475200653,0.264502614736557
C2,498,1,0.09270316362380981,0.4433925151824951,0.26804783940315247,0.264502614736557
C2,499,1,0.09270316362380981,0.46209031343460083,0.2773967385292053,0.22305481135845184
C2,500,1,0.07785576581954956,0.30949175357818604,0.1936737596988678,0.2141488492488861
C2,501,1,0.07518434524536133,0.4194164276123047,0.247300386428833,0.15399104356765747
C2,502,1,0.040580570697784424,0.3477099537849426,0.19414526224136353,0.1872730851173401
C2,503,1,0.03278714418411255,0.3428083062171936,0.18779772520065308,0.18609151244163513
C2,504,1,0.03278714418411255,0.3428083062171936,0.18779772520065308,0.18609151244163513
C2,505,1,0.03278714418411255,0.36494386196136475,0.19886550307273865,0.16595450043678284
C2,506,1,0.03278714418411255,0.20902317762374878,0.12090516090393066,0.1639486849308014
C2,507,1,0.06846290826797485,0.2265404462814331,0.14750167727470398,0.1930825114250183
C2,508,1,0.07218676805496216,0.48215174674987793,0.27716925740242004,0.18491949141025543
C2,509,1,0.08400702476501465,0.19244176149368286,0.13822439312934875,0.20179250836372375
C2,510,1,0.09085756540298462,0.10593843460083008,0.09839800000190735,0.1489325910806656
C2,511,1,0.11696463823318481,0.11341524124145508,0.11518993973731995,0.11920168995857239
C2,512,1,0.07852542400360107,0.1492619514465332,0.11389368772506714,0.15802110731601715
C2,513,1,0.03865271806716919,0.3037935495376587,0.17122313380241394,0.150992751121521
C2,514,1,0.028760433197021484,0.3037935495376587,0.1662769913673401,0.150992751121521
C2,515,1,0.03783482313156128,0.4270215630531311,0.2324281930923462,0.11212371289730072
C2,516,1,0.12987208366394043,0.4270215630531311,0.27844682335853577,0.1323806792497635
C2,517,1,0.09330970048904419,0.38821136951446533,0.24076053500175476,0.12580354511737823
C2,518,1,0.09330970048904419,0.2589918375015259,0.17615076899528503,0.11972412467002869
C2,519,1,0.10343492031097412,0.3388063311576843,0.22112062573432922,0.1174120232462883
C2,520,1,0.04851722717285156,0.3388063311576843,0.19366177916526794,0.13803869485855103
C2,521,1,0.04851722717285156,0.30441927909851074,0.17646825313568115,0.13803869485855103
C2,522,1,0.04851722717285156,0.30441927909851074,0.17646825313568115,0.13803869485855103
C2,523,1,0.04851722717285156,0.30441927909851074,0.17646825313568115,0.14387574791908264
C2,524,1,0.04851722717285156,0.30441927909851074,0.17646825313568115,0.1074197068810463
C2,525,1,0.04851722717285156,0.2990472912788391,0.17378225922584534,0.11036355793476105
C2,526,1,0.0904695987701416,0.2990472912788391,0.19475844502449036,0.12578445672988892
C2,527,1,0.05406981706619263,0.32555973529815674,0.18981477618217468,0.11479825526475906
C2,528,1,0.05406981706619263,0.32555973529815674,0.18981477618217468,0.1340782791376114
C2,529,1,0.06496232748031616,0.2974834442138672,0.18122288584709167,0.13333646953105927
C2,530,1,0.1306179165840149,0.4177147150039673,0.2741663157939911,0.1507820039987564
C2,531,1,0.22385352849960327,0.20045733451843262,0.21215543150901794,0.17123419046401978
C2,532,1,0.10791891813278198,0.257060706615448,0.182489812374115,0.13880392909049988
C2,533,1,0.11443841457366943,0.22372829914093018,0.1690833568572998,0.13364972174167633
C2,534,1,0.2857661843299866,0.2133082151412964,0.24953719973564148,0.2069878876209259
C2,535,1,0.22113782167434692,0.07076102495193481,0.14594942331314087,0.22333571314811707
C2,536,1,0.08930277824401855,0.11676281690597534,0.10303279757499695,0.23018686473369598
C2,537,1,0.11197352409362793,0.2279765009880066,0.16997501254081726,0.2755874991416931
C2,538,1,0.1792508363723755,0.16783976554870605,0.17354530096054077,0.3673991560935974
C2,539,1,0.18947184085845947,0.16783976554870605,0.17865580320358276,0.3337688744068146
C2,540,1,0.16871660947799683,0.38850289583206177,0.2786097526550293,0.1729947179555893
C2,541,1,0.22665488719940186,0.3262838125228882,0.276469349861145,0.23156839609146118
C2,542,1,0.30313295125961304,0.21382880210876465,0.25848087668418884,0.20932994782924652
C2,543,1,0.2377275824546814,0.11120277643203735,0.17446517944335938,0.2657962441444397
C2,544,1,0.19691681861877441,0.16378432512283325,0.18035057187080383,0.17136520147323608
C2,545,1,0.09620672464370728,0.2577052712440491,0.17695599794387817,0.1424204409122467
C2,546,1,0.12339955568313599,0.2577052712440491,0.19055241346359253,0.1321641057729721
C2,547,1,0.09242779016494751,0.2577052712440491,0.1750665307044983,0.15550199151039124
C2,548,1,0.04824596643447876,0.1646830439567566,0.10646450519561768,0.1671120971441269
C2,549,1,0.04824596643447876,0.21424192190170288,0.13124394416809082,0.1671120971441269
C2,550,1,0.03567969799041748,0.3850442171096802,0.21036195755004883,0.1671120971441269
C2,551,1,0.024358689785003662,0.2694036364555359,0.14688116312026978,0.1031067743897438
C2,552,1,0.019773006439208984,0.23608046770095825,0.12792673707008362,0.19676995277404785
C2,553,1,0.03209108114242554,0.23608046770095825,0.1340857744216919,0.19676995277404785
C2,554,1,0.01558011770248413,0.3396015167236328,0.17759081721305847,0.16275861859321594
C2,555,1,0.01558011770248413,0.4529268741607666,0.23425349593162537,0.16275861859321594
C2,556,1,0.03712671995162964,0.35445737838745117,0.1957920491695404,0.127213716506958
C2,557,1,0.04894644021987915,0.27851176261901855,0.16372910141944885,0.12658286094665527
C2,558,1,0.0694538950920105,0.2565314769744873,0.1629926860332489,0.11536867916584015
C2,559,1,0.11792641878128052,0.3374174237251282,0.22767192125320435,0.24488236010074615
C2,560,1,0.10717737674713135,0.3374174237251282,0.22229740023612976,0.22762538492679596
C2,561,1,0.059169888496398926,0.21961617469787598,0.13939303159713745,0.22793541848659515
C2,562,1,0.0437050461769104,0.3285723328590393,0.18613868951797485,0.18679194152355194
C2,563,1,0.10572850704193115,0.18030160665512085,0.143015056848526,0.1595420092344284
C2,564,1,0.015576303005218506,0.08243995904922485,0.04900813102722168,0.13761942088603973
C2,565,1,0.11464029550552368,0.3279436230659485,0.22129195928573608,0.1394229233264923
C2,566,1,0.19619977474212646,0.35975587368011475,0.2779778242111206,0.140462264418602
C2,567,1,0.20788246393203735,0.19451510906219482,0.2011987864971161,0.08388307690620422
C2,568,1,0.07978308200836182,0.2593874931335449,0.16958528757095337,0.1019062027335167
C2,569,1,0.053986310958862305,0.19440996646881104,0.12419813871383667,0.16895559430122375
C2,570,1,0.05169856548309326,0.3327096700668335,0.19220411777496338,0.16238997876644135
C2,571,1,0.02431941032409668,0.2548869848251343,0.13960319757461548,0.16389700770378113
C2,572,1,0.019955933094024658,0.22598761320114136,0.12297177314758301,0.14743901789188385
C2,573,1,0.04142630100250244,0.16979318857192993,0.10560974478721619,0.1039000153541565
C2,574,1,0.07002252340316772,0.11835622787475586,0.09418937563896179,0.08645398914813995
C2,575,1,0.07002252340316772,0.11835622787475586,0.09418937563896179,0.08656896650791168
C2,576,1,0.10777872800827026,0.1036035418510437,0.10569113492965698,0.11155584454536438
C2,577,1,0.10377776622772217,0.1036035418510437,0.10369065403938293,0.15181463956832886
C2,578,1,0.10377776622772217,0.1036035418510437,0.10369065403938293,0.15181463956832886
C2,579,1,0.10342919826507568,0.15573972463607788,0.12958446145057678,0.15115927159786224
C2,580,1,0.09105843305587769,0.18841755390167236,0.13973799347877502,0.15115927159786224
C2,581,1,0.07811659574508667,0.38265204429626465,0.23038432002067566,0.13916297256946564
C2,582,1,0.0453566312789917,0.229871928691864,0.13761427998542786,0.12188620120286942
C2,583,1,0.04318791627883911,0.25087547302246094,0.14703169465065002,0.10121096670627594
C2,584,1,0.058218300342559814,0.1306818723678589,0.09445008635520935,0.09269337356090546
C2,585,1,0.20656156539916992,0.09628403186798096,0.15142279863357544,0.07775163650512695
C2,586,1,0.2085639238357544,0.09628403186798096,0.15242397785186768,0.08964207023382187
C2,587,1,0.18970727920532227,0.06945556402206421,0.12958142161369324,0.036641985177993774
C2,588,1,0.20511877536773682,0.09896844625473022,0.15204361081123352,0.04454479739069939
C2,589,1,0.20511877536773682,0.09896844625473022,0.15204361081123352,0.0693604126572609
C2,590,1,0.1204792857170105,0.11888259649276733,0.11968094110488892,0.0818774551153183
C2,591,1,0.14639198780059814,0.2097717523574829,0.17808187007904053,0.1049230545759201
C2,592,1,0.14231103658676147,0.14078056812286377,0.14154580235481262,0.05065426602959633
C2,593,1,0.14231103658676147,0.17794889211654663,0.16012996435165405,0.05196143314242363
C2,594,1,0.1615963578224182,0.10263794660568237,0.1321171522140503,0.11345604807138443
C2,595,1,0.17417436838150024,0.10263794660568237,0.1384061574935913,0.11345604807138443
C2,596,1,0.2749806046485901,0.09795540571212769,0.1864680051803589,0.13572369515895844
C2,597,1,0.12918108701705933,0.10711461305618286,0.1181478500366211,0.06802336871623993
C2,598,1,0.11653167009353638,0.10711461305618286,0.11182314157485962,0.05473934859037399
C2,599,1,0.04980248212814331,0.1522359848022461,0.1010192334651947,0.05780976638197899
C2,600,1,0.11701148748397827,0.17140746116638184,0.14420947432518005,0.36172011494636536
C2,601,1,0.10065644979476929,0.19848716259002686,0.14957180619239807,0.39174067974090576
C2,602,1,0.18952202796936035,0.19848716259002686,0.1940045952796936,0.39174067974090576
C2,603,1,0.18952202796936035,0.19848716259002686,0.1940045952796936,0.4472506046295166
C2,604,1,0.1778748631477356,0.19848716259002686,0.18818101286888123,0.48584622144699097
C2,605,1,0.13755160570144653,0.5849194228649139,0.36123551428318024,0.5178776383399963
C2,606,1,0.16954278945922852,0.5849194228649139,0.37723110616207123,0.5178776383399963
C2,607,1,0.16954278945922852,0.5849194228649139,0.37723110616207123,0.5178776383399963
C2,608,1,0.14950811862945557,0.5849194228649139,0.36721377074718475,0.6220360994338989
C2,609,1,0.17396032810211182,0.6954349279403687,0.43469762802124023,0.5734677910804749
C2,610,1,0.18570297956466675,0.6796704232692719,0.4326867014169693,0.5734677910804749
C2,611,1,0.19442081451416016,0.6954349279403687,0.4449278712272644,0.49037742614746094
C2,612,1,0.21266168355941772,0.5052162110805511,0.35893894731998444,0.4924464821815491
C2,613,1,0.11519014835357666,0.3971225619316101,0.2561563551425934,0.5062166452407837
C2,614,1,0.09720718860626221,0.5740111470222473,0.33560916781425476,0.4506766200065613
C2,615,1,0.0846182107925415,0.1189960241317749,0.1018071174621582,0.42972153425216675
C2,616,1,0.1172628402709961,0.24521952867507935,0.18124118447303772,0.42095890641212463
C2,617,1,0.3745049238204956,0.2833397388458252,0.3289223313331604,0.3556409478187561
C2,618,1,0.3580666184425354,0.17769724130630493,0.26788192987442017,0.41693082451820374
C2,619,1,0.4590904116630554,0.246490478515625,0.3527904450893402,0.3504565358161926
C2,620,1,0.35367482900619507,0.14028263092041016,0.2469787299633026,0.32818424701690674
C2,621,1,0.5160500705242157,0.28795719146728516,0.4020036309957504,0.42144840955734253
C2,622,1,0.39719653129577637,0.36184418201446533,0.37952035665512085,0.42144840955734253
C2,623,1,0.8137402832508087,0.37638700008392334,0.595063641667366,0.34384772181510925
C2,624,1,0.21767586469650269,0.7196812033653259,0.4686785340309143,0.19884194433689117
C2,625,1,0.21193337440490723,0.7838810235261917,0.49790719896554947,0.1505204290151596
C2,626,1,0.28684306144714355,0.6806745231151581,0.4837587922811508,0.15273277461528778
C2,627,1,0.2840229272842407,0.8838610351085663,0.5839419811964035,0.2389654517173767
C2,628,1,0.9215237945318222,0.6612142324447632,0.7913690134882927,0.29902660846710205
C2,629,1,0.787230834364891,0.8702668845653534,0.8287488594651222,0.18407045304775238
C2,630,1,0.6590663194656372,0.722874790430069,0.6909705549478531,0.23046064376831055
C2,631,1,0.753781795501709,0.9155964106321335,0.8346891030669212,0.12381238490343094
C2,632,1,0.8778946250677109,0.8754243552684784,0.8766594901680946,0.16691698133945465
C2,633,1,0.8394709676504135,0.8754243552684784,0.857447661459446,0.23089252412319183
C2,634,1,0.8581909835338593,0.8754243552684784,0.8668076694011688,0.1855635792016983
C2,635,1,0.6425361633300781,0.6312102675437927,0.6368732154369354,0.12051267921924591
C2,636,1,0.6425361633300781,0.6211515367031097,0.6318438500165939,0.15496492385864258
C2,637,1,0.6425361633300781,0.7124173641204834,0.6774767637252808,0.15496492385864258
C2,638,1,0.6856054067611694,0.7124173641204834,0.6990113854408264,0.15496492385864258
C2,639,1,0.595458596944809,0.7124173641204834,0.6539379805326462,0.1123436912894249
C2,640,1,0.6259123086929321,0.7412047386169434,0.6835585236549377,0.1123436912894249
C2,641,1,0.8201940804719925,0.7445796430110931,0.7823868617415428,0.13631340861320496
C2,642,1,0.7447490692138672,0.7963607907295227,0.770554929971695,0.13631340861320496
C2,643,1,0.5943598747253418,0.8182757794857025,0.7063178271055222,0.05368367210030556
C2,644,1,0.6401108205318451,0.6489193737506866,0.6445150971412659,0.12286550551652908
C2,645,1,0.6175136566162109,0.7594009190797806,0.6884572878479958,0.1253652721643448
C2,646,1,0.8715271949768066,0.7770214080810547,0.8242743015289307,0.1253652721643448
C2,647,1,0.7590472847223282,0.7436124980449677,0.7513298913836479,0.0922209694981575
C2,648,1,0.4827583432197571,0.6479292511940002,0.5653437972068787,0.10830607265233994
C2,649,1,0.5091366767883301,0.5237689018249512,0.5164527893066406,0.262312114238739
C2,650,1,0.6153314411640167,0.4170685410499573,0.516199991106987,0.262312114238739
C2,651,1,0.5217020213603973,0.6147412657737732,0.5682216435670853,0.1259559690952301
C2,652,1,0.5998652875423431,0.7282564640045166,0.6640608757734299,0.13911566138267517
C2,653,1,0.41290491819381714,0.6625620722770691,0.5377334952354431,0.21791169047355652
C2,654,1,0.5645709037780762,0.7432030141353607,0.6538869589567184,0.11051585525274277
C2,655,1,0.7225762903690338,0.21717822551727295,0.4698772579431534,0.09553603082895279
C2,656,1,0.20117652416229248,0.22827529907226562,0.21472591161727905,0.10578574240207672
C2,657,1,0.3622415065765381,0.2863743305206299,0.324307918548584,0.10578574240207672
C2,658,1,0.4471314549446106,0.3397253155708313,0.39342838525772095,0.10578574240207672
C2,659,1,0.3802543878555298,0.37478047609329224,0.377517431974411,0.11824014037847519
C2,660,1,0.2473229169845581,0.29774796962738037,0.27253544330596924,0.2302800863981247
C2,661,1,0.24902796745300293,0.49514633417129517,0.37208715081214905,0.18578340113162994
C2,662,1,0.17450731992721558,0.49514633417129517,0.33482682704925537,0.16385391354560852
C2,663,1,0.18276774883270264,0.14193862676620483,0.16235318779945374,0.19159238040447235
C2,664,1,0.2990630269050598,0.22525376081466675,0.2621583938598633,0.25693005323410034
C2,665,1,0.5188717246055603,0.19482159614562988,0.3568466603755951,0.22989670932292938
C2,666,1,0.26532864570617676,0.1397026777267456,0.20251566171646118,0.1860150247812271
C2,667,1,0.24989229440689087,0.36036622524261475,0.3051292598247528,0.29082274436950684
C2,668,1,0.4698556065559387,0.40344876050949097,0.43665218353271484,0.22314424812793732
C2,669,1,0.09448391199111938,0.2994224429130554,0.1969531774520874,0.23951728641986847
C2,670,1,0.18814200162887573,0.29590702056884766,0.2420245110988617,0.13600631058216095
C2,671,1,0.2220783829689026,0.13076645135879517,0.17642241716384888,0.1552439033985138
C2,672,1,0.4355613589286804,0.44077152013778687,0.43816643953323364,0.12126297503709793
C2,673,1,0.3123430013656616,0.25954610109329224,0.28594455122947693,0.17963001132011414
C2,674,1,0.39988821744918823,0.12744802236557007,0.26366811990737915,0.10839609056711197
C2,675,1,0.2304958701133728,0.12744802236557007,0.17897194623947144,0.1213189885020256
C2,676,1,0.5570862293243408,0.12744802236557007,0.34226712584495544,0.1213189885020256
C2,677,1,0.42882800102233887,0.16681575775146484,0.29782187938690186,0.1074298694729805
C2,678,1,0.42882800102233887,0.16681575775146484,0.29782187938690186,0.1887517124414444
C2,679,1,0.2203335165977478,0.0710151195526123,0.14567431807518005,0.10819292813539505
C2,680,1,0.2086389660835266,0.02691042423248291,0.11777469515800476,0.14648379385471344
C2,681,1,0.16390734910964966,0.04198920726776123,0.10294827818870544,0.15469081699848175
C2,682,1,0.16884201765060425,0.164892315864563,0.16686716675758362,0.16886043548583984
C2,683,1,0.17306315898895264,0.1396145224571228,0.15633884072303772,0.13916009664535522
C2,684,1,0.22356218099594116,0.10372066497802734,0.16364142298698425,0.11474830657243729
C2,685,1,0.2009211778640747,0.2373802661895752,0.21915072202682495,0.1065736934542656
C2,686,1,0.1991100311279297,0.2373802661895752,0.21824514865875244,0.10819997638463974
C2,687,1,0.29663580656051636,0.15462058782577515,0.22562819719314575,0.10819997638463974
C2,688,1,0.2039114236831665,0.15268468856811523,0.17829805612564087,0.10819997638463974
C2,689,1,0.22151225805282593,0.09898984432220459,0.16025105118751526,0.18766069412231445
C2,690,1,0.1499156355857849,0.2657630443572998,0.20783933997154236,0.10304423421621323
C2,691,1,0.17074888944625854,0.2685973048210144,0.21967309713363647,0.1480029821395874
C2,692,1,0.17335355281829834,0.1416863203048706,0.15751993656158447,0.12485390156507492
C2,693,1,0.17335355281829834,0.15441858768463135,0.16388607025146484,0.12270119041204453
C2,694,1,0.1888751983642578,0.15441858768463135,0.17164689302444458,0.08246473222970963
C2,695,1,0.14846426248550415,0.11776071786880493,0.13311249017715454,0.13965316116809845
C2,696,1,0.1981651782989502,0.25693386793136597,0.22754952311515808,0.13475443422794342
C2,697,1,0.15367275476455688,0.18143939971923828,0.16755607724189758,0.09430374205112457
C2,698,1,0.11379307508468628,0.18143939971923828,0.14761623740196228,0.09430374205112457
C2,699,1,0.17850220203399658,0.18143939971923828,0.17997080087661743,0.11861386895179749
C2,700,1,0.17850220203399658,0.20358318090438843,0.1910426914691925,0.11861386895179749
C2,701,1,0.09004080295562744,0.2638324499130249,0.17693662643432617,0.11861386895179749
C2,702,1,0.07984668016433716,0.23557209968566895,0.15770938992500305,0.11010602116584778
C2,703,1,0.06347894668579102,0.45401763916015625,0.25874829292297363,0.0778893530368805
C2,704,1,0.06347894668579102,0.42246007919311523,0.24296951293945312,0.0778893530368805
C2,705,1,0.10201317071914673,0.42246007919311523,0.262236624956131,0.0778893530368805
C2,706,1,0.15725237131118774,0.3750572204589844,0.26615479588508606,0.0856328159570694
C2,707,1,0.21049809455871582,0.3750572204589844,0.2927776575088501,0.08776932209730148
C2,708,1,0.11892902851104736,0.3640299439430237,0.24147948622703552,0.11555898934602737
C2,709,1,0.09252697229385376,0.4884330630302429,0.29048001766204834,0.19532816112041473
C2,710,1,0.105307936668396,0.44854527711868286,0.27692660689353943,0.19301359355449677
C2,711,1,0.105307936668396,0.5159256458282471,0.31061679124832153,0.19301359355449677
C2,712,1,0.16066205501556396,0.46523159742355347,0.3129468262195587,0.19348874688148499
C2,713,1,0.16066205501556396,0.5493126213550568,0.35498733818531036,0.23116576671600342
C2,714,1,0.14199209213256836,0.5524519979953766,0.3472220450639725,0.09037614613771439
C2,715,1,0.16879528760910034,0.5015673339366913,0.3351813107728958,0.09037614613771439
C2,716,1,0.16879528760910034,0.5263726115226746,0.34758394956588745,0.1902776062488556
C2,717,1,0.16362124681472778,0.5070126354694366,0.3353169411420822,0.23398788273334503
C2,718,1,0.17220860719680786,0.4947011470794678,0.3334548771381378,0.09031323343515396
C2,719,1,0.17220860719680786,0.4947011470794678,0.3334548771381378,0.09031323343515396
C2,720,1,0.581124871969223,0.032846808433532715,0.30698584020137787,0.024459097534418106
C2,721,1,0.3736279010772705,0.032846808433532715,0.2032373547554016,0.0616665855050087
C2,722,1,0.3736279010772705,0.032846808433532715,0.2032373547554016,0.0616665855050087
C2,723,1,0.3736279010772705,0.032846808433532715,0.2032373547554016,0.0616665855050087
C2,724,1,0.37954962253570557,0.16150802373886108,0.2705288231372833,0.0714016780257225
C2,725,1,0.46871888637542725,0.16150802373886108,0.31511345505714417,0.04355214536190033
C2,726,1,0.46871888637542725,0.2880115509033203,0.3783652186393738,0.05764172226190567
C2,727,1,0.32557326555252075,0.2647346258163452,0.295153945684433,0.06747640669345856
C2,728,1,0.6540884673595428,0.18584740161895752,0.4199679344892502,0.06282362341880798
C2,729,1,0.4773865342140198,0.18584740161895752,0.33161696791648865,0.05327310040593147
C2,730,1,0.4644959568977356,0.11021947860717773,0.28735771775245667,0.058774434030056
C2,731,1,0.37815237045288086,0.20082014799118042,0.28948625922203064,0.04684996232390404
C2,732,1,0.5011508762836456,0.20096540451049805,0.35105814039707184,0.06916452944278717
C2,733,1,0.2471301555633545,0.11525231599807739,0.18119123578071594,0.06916452944278717
C2,734,1,0.08194845914840698,0.21413272619247437,0.14804059267044067,0.06916452944278717
C2,735,1,0.20871293544769287,0.21161514520645142,0.21016404032707214,0.04597437381744385
C2,736,1,0.16929924488067627,0.1743432879447937,0.17182126641273499,0.04597437381744385
C2,737,1,0.22190052270889282,0.1743432879447937,0.19812190532684326,0.05524047836661339
C2,738,1,0.13224399089813232,0.1743432879447937,0.153293639421463,0.05524047836661339
C2,739,1,0.1038314700126648,0.17632335424423218,0.1400774121284485,0.04593649134039879
C2,740,1,0.09244096279144287,0.10728567838668823,0.09986332058906555,0.05011565238237381
C2,741,1,0.08233267068862915,0.1587175726890564,0.12052512168884277,0.05011565238237381
C2,742,1,0.068697988986969,0.19062936305999756,0.12966367602348328,0.0495554618537426
C2,743,1,0.068697988986969,0.11571192741394043,0.09220495820045471,0.0495554618537426
C2,744,1,0.08611679077148438,0.0774155855178833,0.08176618814468384,0.05060592293739319
C2,745,1,0.08611679077148438,0.0684705376625061,0.07729366421699524,0.035441264510154724
C2,746,1,0.08611679077148438,0.0684705376625061,0.07729366421699524,0.03261469304561615
C2,747,1,0.0869634747505188,0.15322387218475342,0.12009367346763611,0.03953660652041435
C2,748,1,0.08176475763320923,0.19661158323287964,0.13918817043304443,0.04002579301595688
C2,749,1,0.08457076549530029,0.08528846502304077,0.08492961525917053,0.045842595398426056
C2,750,1,0.085205078125,0.26469355821609497,0.17494931817054749,0.045842595398426056
C2,751,1,0.15328174829483032,0.11625021696090698,0.13476598262786865,0.045842595398426056
C2,752,1,0.15328174829483032,0.1466207504272461,0.1499512493610382,0.0317041352391243
C2,753,1,0.08473169803619385,0.360257089138031,0.22249439358711243,0.04317520931363106
C2,754,1,0.07631021738052368,0.42107492685317993,0.2486925721168518,0.04317520931363106
C2,755,1,0.07631021738052368,0.4303557872772217,0.2533330023288727,0.04317520931363106
C2,756,1,0.0663597583770752,0.4120480418205261,0.23920390009880066,0.038841333240270615
C2,757,1,0.03696399927139282,0.3884838819503784,0.21272394061088562,0.038841333240270615
C2,758,1,0.03696399927139282,0.38336920738220215,0.21016660332679749,0.041862521320581436
C2,759,1,0.04658222198486328,0.38336920738220215,0.21497571468353271,0.041862521320581436
C2,760,1,0.04658222198486328,0.27213573455810547,0.15935897827148438,0.03620973601937294
C2,761,1,0.16137421131134033,0.12458193302154541,0.14297807216644287,0.03620973601937294
C2,762,1,0.051648497581481934,0.1027376651763916,0.07719308137893677,0.04291491210460663
C2,763,1,0.08409011363983154,0.19496285915374756,0.13952648639678955,0.027498310431838036
C2,764,1,0.30702120065689087,0.12946242094039917,0.21824181079864502,0.03599591180682182
C2,765,1,0.28847479820251465,0.12946242094039917,0.2089686095714569,0.034066587686538696
C2,766,1,0.2963287830352783,0.07259666919708252,0.18446272611618042,0.034066587686538696
C2,767,1,0.2963287830352783,0.10916316509246826,0.2027459740638733,0.034066587686538696
C2,768,1,0.2585803270339966,0.11488521099090576,0.18673276901245117,0.04883726313710213
C2,769,1,0.2585803270339966,0.15155696868896484,0.2050686478614807,0.04883726313710213
C2,770,1,0.2991412878036499,0.12461286783218384,0.21187707781791687,0.017220143228769302
C2,771,1,0.34442317485809326,0.1451241374015808,0.24477365612983704,0.0469454787671566
C2,772,1,0.3172916769981384,0.12656086683273315,0.2219262719154358,0.04712405800819397
C2,773,1,0.6370779871940613,0.07112979888916016,0.3541038930416107,0.04712405800819397
C2,774,1,0.3836630582809448,0.15099382400512695,0.2673284411430359,0.04712405800819397
C2,775,1,0.40424156188964844,0.10454720258712769,0.25439438223838806,0.04712405800819397
C2,776,1,0.22429180145263672,0.15406906604766846,0.1891804337501526,0.008838435634970665
C2,777,1,0.2741338014602661,0.28303223848342896,0.27858301997184753,0.02137666381895542
C2,778,1,0.3226032853126526,0.19232046604156494,0.25746187567710876,0.02896258421242237
C2,779,1,0.23590868711471558,0.06441724300384521,0.1501629650592804,0.09699241816997528
C2,780,1,0.16045230627059937,0.31238675117492676,0.23641952872276306,0.08553361147642136
C2,781,1,0.3045719265937805,0.31238675117492676,0.30847933888435364,0.07595735043287277
C2,782,1,0.2810935974121094,0.15724319219589233,0.21916839480400085,0.0792948305606842
C2,783,1,0.3307454586029053,0.16091388463974,0.24582967162132263,0.13004285097122192
C2,784,1,0.3354939818382263,0.061554133892059326,0.19852405786514282,0.10131841897964478
C2,785,1,0.33914893865585327,0.04971271753311157,0.19443082809448242,0.05747189000248909
C2,786,1,0.5675923526287079,0.07701683044433594,0.3223045915365219,0.05747189000248909
C2,787,1,0.5675923526287079,0.14906686544418335,0.3583296090364456,0.05747189000248909
C2,788,1,0.47956031560897827,0.16734135150909424,0.32345083355903625,0.05747189000248909
C2,789,1,0.47956031560897827,0.16734135150909424,0.32345083355903625,0.05459759011864662
C2,790,1,0.47956031560897827,0.16734135150909424,0.32345083355903625,0.05459759011864662
C2,791,1,0.47956031560897827,0.16734135150909424,0.32345083355903625,0.05459759011864662
C2,792,1,0.38583123683929443,0.11008268594741821,0.24795696139335632,0.05459759011864662
C2,793,1,0.4498676657676697,0.08221632242202759,0.26604199409484863,0.057936977595090866
C2,794,1,0.4498676657676697,0.14832699298858643,0.29909732937812805,0.05078361928462982
C2,795,1,0.4894522428512573,0.13638204336166382,0.31291714310646057,0.06796640902757645
C2,796,1,0.20436632633209229,0.15401113033294678,0.17918872833251953,0.07281815260648727
C2,797,1,0.23431581258773804,0.10733884572982788,0.17082732915878296,0.07104699313640594
C2,798,1,0.3075183033943176,0.09907937049865723,0.20329883694648743,0.0544186495244503
C2,799,1,0.3090078830718994,0.0992627739906311,0.20413532853126526,0.05554906278848648
C2,800,1,0.28730475902557373,0.12312281131744385,0.2052137851715088,0.05554906278848648
C2,801,1,0.4220665693283081,0.11910998821258545,0.2705882787704468,0.06150916591286659
C2,802,1,0.3319491147994995,0.3259587287902832,0.32895392179489136,0.04984397068619728
C2,803,1,0.3129820227622986,0.07291245460510254,0.19294723868370056,0.05253050476312637
C2,804,1,0.2766801714897156,0.2183469533920288,0.2475135624408722,0.022448407486081123
C2,805,1,0.29004138708114624,0.26637405157089233,0.2782077193260193,0.027789568528532982
C2,806,1,0.3502923846244812,0.24907726049423218,0.2996848225593567,0.032827652990818024
C2,807,1,0.30434131622314453,0.3424409031867981,0.3233911097049713,0.02933269739151001
C2,808,1,0.3835289478302002,0.1054345965385437,0.24448177218437195,0.023227158933877945
C2,809,1,0.36877357959747314,0.056336820125579834,0.2125551998615265,0.02420981228351593
C2,810,1,0.4878140687942505,0.056336820125579834,0.27207544445991516,0.01612359657883644
C2,811,1,0.4878140687942505,0.056336820125579834,0.27207544445991516,0.01612359657883644
C2,812,1,0.4608631134033203,0.08935093879699707,0.2751070261001587,0.018548117950558662
C2,813,1,0.372011661529541,0.05072760581970215,0.21136963367462158,0.020471511408686638
C2,814,1,0.3515356183052063,0.10236155986785889,0.2269485890865326,0.040372125804424286
C2,815,1,0.4176682233810425,0.10236155986785889,0.2600148916244507,0.040372125804424286
C2,816,1,0.6476065218448639,0.13357508182525635,0.3905908018350601,0.027729665860533714
C2,817,1,0.8072414547204971,0.2099418044090271,0.5085916295647621,0.02842026762664318
C2,818,1,0.5967890918254852,0.29885607957839966,0.44782258570194244,0.04216795042157173
C2,819,1,0.5185253322124481,0.14471709728240967,0.3316212147474289,0.06277589499950409
C2,820,1,0.2738034129142761,0.10360860824584961,0.18870601058006287,0.07416997104883194
C2,821,1,0.30733901262283325,0.4653005003929138,0.38631975650787354,0.06836599111557007
C2,822,1,0.22245031595230103,0.4653005003929138,0.3438754081726074,0.036604657769203186
C2,823,1,0.14536339044570923,0.44286274909973145,0.29411306977272034,0.04869145154953003
C2,824,1,0.19315999746322632,0.21500366926193237,0.20408183336257935,0.07333498448133469
C2,825,1,0.5787255167961121,0.18249249458312988,0.38060900568962097,0.044942572712898254
C2,826,1,0.5787255167961121,0.18249249458312988,0.38060900568962097,0.041244421154260635
C2,827,1,0.6683042645454407,0.3134329915046692,0.49086862802505493,0.04734441265463829
C2,828,1,0.30671370029449463,0.620060920715332,0.46338731050491333,0.08935991674661636
C2,829,1,0.24898993968963623,0.6520505249500275,0.45052023231983185,0.06697479635477066
C2,830,1,0.5902046263217926,0.5625790953636169,0.5763918608427048,0.10929182171821594
C2,831,1,0.47252345085144043,0.37007325887680054,0.4212983548641205,0.1222371980547905
C2,832,1,0.43973737955093384,0.3673914670944214,0.4035644233226776,0.07847285270690918
C2,833,1,0.2591087222099304,0.3690010905265808,0.3140549063682556,0.0686306580901146
C2,834,1,0.2717139720916748,0.3690010905265808,0.3203575313091278,0.0686306580901146
C2,835,1,0.3066055178642273,0.3690010905265808,0.33780330419540405,0.05384078994393349
C2,836,1,0.31323349475860596,0.2321993112564087,0.2727164030075073,0.058991312980651855
C2,837,1,0.5734346508979797,0.3998018503189087,0.4866182506084442,0.05664753541350365
C2,838,1,0.681609570980072,0.34436362981796265,0.5129866003990173,0.05664753541350365
C2,839,1,0.04958760738372803,0.6736319661140442,0.3616097867488861,0.09319904446601868
C2,840,1,0.18522590398788452,0.7048547565937042,0.4450403302907944,0.09760451316833496
C2,841,1,0.16358047723770142,0.5920217037200928,0.3778010904788971,0.156784787774086
C2,842,1,0.16358047723770142,0.5920217037200928,0.3778010904788971,0.156784787774086
C2,843,1,0.30667251348495483,0.5920217037200928,0.4493471086025238,0.12228525429964066
C2,844,1,0.2570269703865051,0.42423534393310547,0.3406311571598053,0.10356582701206207
C2,845,1,0.24702316522598267,0.2901906371116638,0.26860690116882324,0.06706209480762482
C2,846,1,0.3150739073753357,0.31503182649612427,0.31505286693573,0.06204525753855705
C2,847,1,0.3150739073753357,0.3450232744216919,0.3300485908985138,0.05999911576509476
C2,848,1,0.27139365673065186,0.3194580078125,0.2954258322715759,0.035892561078071594
C2,849,1,0.12074029445648193,0.3370990753173828,0.22891968488693237,0.07058459520339966
C2,850,1,0.12074029445648193,0.3370990753173828,0.22891968488693237,0.07058459520339966
C2,851,1,0.18470025062561035,0.41901689767837524,0.3018585741519928,0.04965894669294357
C2,852,1,0.3321135640144348,0.49806928634643555,0.4150914251804352,0.08825971186161041
C2,853,1,0.3501289486885071,0.5525048971176147,0.4513169229030609,0.03761548921465874
C2,854,1,0.3501289486885071,0.20319700241088867,0.2766629755496979,0.03761548921465874
C2,855,1,0.3501289486885071,0.21271443367004395,0.2814216911792755,0.04909852147102356
C2,856,1,0.41262662410736084,0.21271443367004395,0.3126705288887024,0.04379807412624359
C2,857,1,0.4807797074317932,0.3955864906311035,0.43818309903144836,0.08019141107797623
C2,858,1,0.24149495363235474,0.577104389667511,0.40929967164993286,0.08984477072954178
C2,859,1,0.21942001581192017,0.6156380474567413,0.41752903163433075,0.05235873535275459
C2,860,1,0.4989203214645386,0.3463291525840759,0.42262473702430725,0.06840439885854721
C2,861,1,0.341422975063324,0.45395463705062866,0.3976888060569763,0.06643635034561157
C2,862,1,0.3342527747154236,0.2704933285713196,0.3023730516433716,0.09992217272520065
C2,863,1,0.15579217672348022,0.5162827968597412,0.3360374867916107,0.07824578136205673
C2,864,1,0.1640021800994873,0.5023235082626343,0.3331628441810608,0.12170282751321793
C2,865,1,0.2736356258392334,0.2536080479621887,0.26362183690071106,0.08698242902755737
C2,866,1,0.2910699248313904,0.32068073749542236,0.30587533116340637,0.0876382365822792
C2,867,1,0.25013142824172974,0.16041499376296997,0.20527321100234985,0.08799923211336136
C2,868,1,0.2471688985824585,0.5581932365894318,0.40268106758594513,0.09424307197332382
C2,869,1,0.26650071144104004,0.10042613744735718,0.1834634244441986,0.09429879486560822
C2,870,1,0.18333452939987183,0.09804755449295044,0.14069104194641113,0.09643226116895676
C2,871,1,0.1956658959388733,0.08549141883850098,0.14057865738868713,0.06057194620370865
C2,872,1,0.19289237260818481,0.24897825717926025,0.22093531489372253,0.07864559441804886
C2,873,1,0.33634114265441895,0.4353790283203125,0.3858600854873657,0.07407807558774948
C2,874,1,0.15365558862686157,0.345744788646698,0.24970018863677979,0.060265231877565384
C2,875,1,0.3689703345298767,0.5779512226581573,0.47346077859401703,0.06921681761741638
C2,876,1,0.2397305965423584,0.5543088614940643,0.39701972901821136,0.061303772032260895
C2,877,1,0.8152505606412888,0.40328580141067505,0.6092681810259819,0.027152927592396736
C2,878,1,0.6111954152584076,0.2092919945716858,0.4102437049150467,0.038958556950092316
C2,879,1,0.35423970222473145,0.4353277087211609,0.39478370547294617,0.029872454702854156
C2,880,1,0.2791680097579956,0.26181918382644653,0.27049359679222107,0.05739867687225342
C2,881,1,0.39711993932724,0.6203179657459259,0.508718952536583,0.04604347422719002
C2,882,1,0.4456160068511963,0.4508526921272278,0.44823434948921204,0.030159521847963333
C2,883,1,0.2277299165725708,0.3243715167045593,0.27605071663856506,0.04078470915555954
C2,884,1,0.2023831605911255,0.389620840549469,0.29600200057029724,0.02519495226442814
C2,885,1,0.47939300537109375,0.3130147457122803,0.396203875541687,0.029618144035339355
C2,886,1,0.48549675941467285,0.5099449753761292,0.497720867395401,0.019753560423851013
C2,887,1,0.4024709463119507,0.45378220081329346,0.42812657356262207,0.02326057292521
C2,888,1,0.057033538818359375,0.45864641666412354,0.25783997774124146,0.02653658390045166
C2,889,1,0.2278364896774292,0.4456866979598999,0.33676159381866455,0.02412092499434948
C2,890,1,0.12220960855484009,0.19508028030395508,0.15864494442939758,0.02086729183793068
C2,891,1,0.03557533025741577,0.3428094983100891,0.18919241428375244,0.023007243871688843
C2,892,1,0.03510487079620361,0.3782118558883667,0.20665836334228516,0.010486043058335781
C2,893,1,0.05382794141769409,0.4568564295768738,0.25534218549728394,0.010064761154353619
C2,894,1,0.008472979068756104,0.336760938167572,0.17261695861816406,0.01446888130158186
C2,895,1,0.020416080951690674,0.2217320203781128,0.12107405066490173,0.02025127038359642
C2,896,1,0.032399773597717285,0.6584390103816986,0.34541939198970795,0.012957182712852955
C2,897,1,0.14385396242141724,0.2699117064476013,0.20688283443450928,0.026583051308989525
C2,898,1,0.11864864826202393,0.28518354892730713,0.20191609859466553,0.034445617347955704
C2,899,1,0.38073480129241943,0.5141844749450684,0.4474596381187439,0.0732942447066307
C2,900,1,0.47194647789001465,0.1494714617729187,0.3107089698314667,0.16988897323608398
C2,901,1,0.2819179892539978,0.1402227282524109,0.21107035875320435,0.06494679301977158
C2,902,1,0.46747785806655884,0.22191429138183594,0.3446960747241974,0.06721086800098419
C2,903,1,0.18522119522094727,0.3204277753829956,0.25282448530197144,0.041005853563547134
C2,904,1,0.22455710172653198,0.42314034700393677,0.3238487243652344,0.07593056559562683
C2,905,1,0.3633387088775635,0.42877036333084106,0.39605453610420227,0.0519820936024189
C2,906,1,0.19200605154037476,0.19468241930007935,0.19334423542022705,0.05781838670372963
C2,907,1,0.2432769536972046,0.18512994050979614,0.21420344710350037,0.09453704953193665
C2,908,1,0.3690983057022095,0.13805025815963745,0.25357428193092346,0.07114743441343307
C2,909,1,0.1566619873046875,0.2310713529586792,0.19386667013168335,0.051021747291088104
C2,910,1,0.5058210790157318,0.28489720821380615,0.395359143614769,0.06209934502840042
C2,911,1,0.5878325700759888,0.2042904496192932,0.396061509847641,0.039536237716674805
C2,912,1,0.25473713874816895,0.38572877645492554,0.32023295760154724,0.07325286418199539
C2,913,1,0.3042590618133545,0.28360772132873535,0.2939333915710449,0.10122746974229813
C2,914,1,0.2732776999473572,0.1464645266532898,0.2098711133003235,0.14183461666107178
C2,915,1,0.2380129098892212,0.2624010443687439,0.25020697712898254,0.07401550561189651
C2,916,1,0.46417999267578125,0.15038806200027466,0.30728402733802795,0.06858956813812256
C2,917,1,0.1987813115119934,0.2869323492050171,0.24285683035850525,0.08264302462339401
C2,918,1,0.11798715591430664,0.2713465690612793,0.19466686248779297,0.049015603959560394
C2,919,1,0.3695836067199707,0.16484445333480835,0.2672140300273895,0.06283233314752579
C2,920,1,0.3266655206680298,0.23438698053359985,0.2805262506008148,0.086856409907341
C2,921,1,0.5845701098442078,0.08773112297058105,0.3361506164073944,0.05414159595966339
C2,922,1,0.11372721195220947,0.16228032112121582,0.13800376653671265,0.05947548523545265
C2,923,1,0.1139070987701416,0.10656100511550903,0.11023405194282532,0.03119136206805706
C2,924,1,0.27658987045288086,0.35302478075027466,0.31480732560157776,0.01315548550337553
C2,925,1,0.26049304008483887,0.11633479595184326,0.18841391801834106,0.011791547760367393
C2,926,1,0.17130327224731445,0.3780326247215271,0.2746679484844208,0.003914481494575739
C2,927,1,0.23751068115234375,0.229559063911438,0.23353487253189087,0.005153845064342022
C2,928,1,0.24555015563964844,0.193864643573761,0.2197073996067047,0.012136921286582947
C2,929,1,0.32672226428985596,0.17353540658950806,0.250128835439682,0.013915189541876316
C2,930,1,0.1882827877998352,0.17353540658950806,0.18090909719467163,0.020770691335201263
C2,931,1,0.4577217698097229,0.5068887174129486,0.48230524361133575,0.018570147454738617
C2,932,1,0.3998398780822754,0.3115862011909485,0.35571303963661194,0.02063235267996788
C2,933,1,0.508192777633667,0.3869311809539795,0.44756197929382324,0.046664368361234665
C2,934,1,0.40641528367996216,0.30732935667037964,0.3568723201751709,0.01398853212594986
C2,935,1,0.5056940019130707,0.1379544734954834,0.32182423770427704,0.03539571538567543
C2,936,1,0.17227113246917725,0.08045560121536255,0.1263633668422699,0.027146857231855392
C2,937,1,0.17624300718307495,0.35832011699676514,0.26728156208992004,0.022311732172966003
C2,938,1,0.25638502836227417,0.29681873321533203,0.2766018807888031,0.018252236768603325
C2,939,1,0.10898202657699585,0.5426285266876221,0.32580527663230896,0.0383061021566391
C2,940,1,0.16627264022827148,0.35634279251098633,0.2613077163696289,0.017047537490725517
C2,941,1,0.2661464214324951,0.5143585503101349,0.390252485871315,0.02597995102405548
C2,942,1,0.39595866203308105,0.11778765916824341,0.25687316060066223,0.021408528089523315
C2,943,1,0.26479142904281616,0.2567882537841797,0.2607898414134979,0.007438090164214373
C2,944,1,0.08247733116149902,0.4972565174102783,0.28986692428588867,0.030402896925807
C2,945,1,0.485866904258728,0.37122267484664917,0.4285447895526886,0.015929682180285454
C2,946,1,0.47512125968933105,0.4730405807495117,0.4740809202194214,0.027944430708885193
C2,947,1,0.4252889156341553,0.2513740062713623,0.3383314609527588,0.038149211555719376
C2,948,1,0.4356918931007385,0.32983583211898804,0.3827638626098633,0.05693874880671501
C2,949,1,0.44798213243484497,0.2768405079841614,0.3624113202095032,0.05693874880671501
C2,950,1,0.31009340286254883,0.30952417850494385,0.30980879068374634,0.05258432403206825
C2,951,1,0.3181784152984619,0.4207574725151062,0.36946794390678406,0.07316412776708603
C2,952,1,0.6704618334770203,0.33293789625167847,0.5016998648643494,0.08866679668426514
C2,953,1,0.12945061922073364,0.2223246693611145,0.17588764429092407,0.06327222287654877
C2,954,1,0.16051393747329712,0.20665162801742554,0.18358278274536133,0.01195443980395794
C2,955,1,0.07476019859313965,0.5839135944843292,0.32933689653873444,0.011094387620687485
C2,956,1,0.1685645580291748,0.5717462599277496,0.3701554089784622,0.04142826423048973
C2,957,1,0.5582050681114197,0.22201383113861084,0.39010944962501526,0.03648916631937027
C2,958,1,0.38517433404922485,0.1527443528175354,0.2689593434333801,0.03134611248970032
C2,959,1,0.3719269037246704,0.2781473398208618,0.3250371217727661,0.2087760865688324
C2,960,1,0.3280419111251831,0.1332709789276123,0.2306564450263977,0.1262420117855072
C2,961,1,0.10011309385299683,0.07280462980270386,0.08645886182785034,0.23462364077568054
C2,962,1,0.11042660474777222,0.07280462980270386,0.09161561727523804,0.2461085468530655
C2,963,1,0.1490572690963745,0.06667762994766235,0.10786744952201843,0.21443960070610046
C2,964,1,0.1025504469871521,0.11013215780258179,0.10634130239486694,0.12829431891441345
C2,965,1,0.16330045461654663,0.11013215780258179,0.1367163062095642,0.07339470833539963
C2,966,1,0.26736921072006226,0.08497738838195801,0.17617329955101013,0.02268463373184204
C2,967,1,0.5511871576309204,0.13076788187026978,0.3409775197505951,0.024854397401213646
C2,968,1,0.23155277967453003,0.11830770969390869,0.17493024468421936,0.02871871553361416
C2,969,1,0.39434194564819336,0.2909267544746399,0.3426343500614166,0.01815401203930378
C2,970,1,0.48459428548812866,0.26670950651168823,0.37565189599990845,0.016996094956994057
C2,971,1,0.5839282870292664,0.18255692720413208,0.3832426071166992,0.021259039640426636
C2,972,1,0.40755873918533325,0.19164037704467773,0.2995995581150055,0.02138620615005493
C2,973,1,0.502262145280838,0.3947021961212158,0.4484821707010269,0.010791778564453125
C2,974,1,0.5915133655071259,0.32234346866607666,0.45692841708660126,0.038278672844171524
C2,975,1,0.40249353647232056,0.17208343744277954,0.28728848695755005,0.02238290198147297
C2,976,1,0.4489481449127197,0.2924191951751709,0.3706836700439453,0.02798238955438137
C2,977,1,0.16943621635437012,0.514471173286438,0.34195369482040405,0.01746547222137451
C2,978,1,0.1935269832611084,0.514471173286438,0.3539990782737732,0.017867589369416237
C2,979,1,0.17130130529403687,0.4773975610733032,0.32434943318367004,0.015254213474690914
C2,980,1,0.2721714377403259,0.331209659576416,0.30169054865837097,0.022290445864200592
C2,981,1,0.23210453987121582,0.14532285928726196,0.1887136995792389,0.017378758639097214
C2,982,1,0.13812559843063354,0.3491969704627991,0.2436612844467163,0.02426629699766636
C2,983,1,0.2818911671638489,0.20311623811721802,0.24250370264053345,0.03438372164964676
C2,984,1,0.390377402305603,0.5524237751960754,0.47140058875083923,0.019307401031255722
C2,985,1,0.45638567209243774,0.2957994341850281,0.3760925531387329,0.031004825606942177
C2,986,1,0.5103819072246552,0.31824028491973877,0.41431109607219696,0.009210488758981228
C2,987,1,0.26136982440948486,0.20641201734542847,0.23389092087745667,0.013217179104685783
C2,988,1,0.3673320412635803,0.12051481008529663,0.24392342567443848,0.01973169483244419
C2,989,1,0.13272464275360107,0.09185707569122314,0.11229085922241211,0.01862766407430172
C2,990,1,0.14342838525772095,0.2276497483253479,0.18553906679153442,0.0136196194216609
C2,991,1,0.13168364763259888,0.1994541883468628,0.16556891798973083,0.016555482521653175
C2,992,1,0.26057082414627075,0.21456217765808105,0.2375665009021759,0.018509071320295334
C2,993,1,0.601951390504837,0.2637339234352112,0.4328426569700241,0.010919850319623947
C2,994,1,0.601951390504837,0.3078858256340027,0.45491860806941986,0.015588331036269665
C2,995,1,0.40342187881469727,0.1293569803237915,0.2663894295692444,0.014827636070549488
C2,996,1,0.5137292444705963,0.08312606811523438,0.29842765629291534,0.03458980470895767
C2,997,1,0.18183046579360962,0.08548575639724731,0.13365811109542847,0.02145509608089924
C2,998,1,0.2320072054862976,0.07914561033248901,0.1555764079093933,0.020579097792506218
C2,999,1,0.11334139108657837,0.4993807077407837,0.30636104941368103,0.026149064302444458
C2,1000,1,0.23131346702575684,0.5373262763023376,0.38431987166404724,0.03870132192969322
C2,1001,1,0.16744232177734375,0.5352571606636047,0.35134974122047424,0.04581084102392197
C2,1002,1,0.3486466407775879,0.4618903398513794,0.40526849031448364,0.04176678508520126
C2,1003,1,0.30956560373306274,0.3691587448120117,0.33936217427253723,0.018416987732052803
C2,1004,1,0.41343581676483154,0.2275848388671875,0.3205103278160095,0.011936945840716362
C2,1005,1,0.41011375188827515,0.2527111768722534,0.3314124643802643,0.008299142122268677
C2,1006,1,0.442773699760437,0.36999690532684326,0.40638530254364014,0.011161968111991882
C2,1007,1,0.34081900119781494,0.2563319802284241,0.2985754907131195,0.02325802855193615
C2,1008,1,0.3682679533958435,0.24669897556304932,0.3074834644794464,0.018838854506611824
C2,1009,1,0.3682679533958435,0.2310059666633606,0.29963696002960205,0.019075674936175346
C2,1010,1,0.13116508722305298,0.26065999269485474,0.19591253995895386,0.01524338684976101
C2,1011,1,0.06903576850891113,0.30444133281707764,0.18673855066299438,0.01981685310602188
C2,1012,1,0.026845335960388184,0.5101065635681152,0.2684759497642517,0.023291777819395065
C2,1013,1,0.08121562004089355,0.07185447216033936,0.07653504610061646,0.02575969696044922
C2,1014,1,0.19581985473632812,0.31086504459381104,0.2533424496650696,0.016431445255875587
C2,1015,1,0.07832759618759155,0.2417781949043274,0.16005289554595947,0.014801379293203354
C2,1016,1,0.09434282779693604,0.19659817218780518,0.1454704999923706,0.014696547761559486
C2,1017,1,0.30765241384506226,0.317548930644989,0.31260067224502563,0.018155690282583237
C2,1018,1,0.1560279130935669,0.18184107542037964,0.16893449425697327,0.014161957427859306
C2,1019,1,0.33676475286483765,0.07977098226547241,0.20826786756515503,0.12252724170684814
C2,1020,1,0.22908926010131836,0.06596493721008301,0.14752709865570068,0.12917976081371307
C2,1021,1,0.23325413465499878,0.09417009353637695,0.16371211409568787,0.11539143323898315
C2,1022,1,0.2364358901977539,0.30578988790512085,0.2711128890514374,0.046954210847616196
C2,1023,1,0.19926398992538452,0.38805633783340454,0.29366016387939453,0.046954210847616196
C2,1024,1,0.11904561519622803,0.758582204580307,0.4388139098882675,0.10339568555355072
C2,1025,1,0.21830081939697266,0.3752847909927368,0.29679280519485474,0.07178843766450882
C2,1026,1,0.1299406886100769,0.4464836120605469,0.2882121503353119,0.11751379072666168
C2,1027,1,0.15261954069137573,0.2777562737464905,0.2151879072189331,0.09815831482410431
C2,1028,1,0.18039309978485107,0.2153085470199585,0.19785082340240479,0.08722932636737823
C2,1029,1,0.18898481130599976,0.2096453309059143,0.19931507110595703,0.07127305120229721
C2,1030,1,0.0386662483215332,0.09918278455734253,0.06892451643943787,0.12478475272655487
C2,1031,1,0.30885279178619385,0.264576256275177,0.2867145240306854,0.10442285984754562
C2,1032,1,0.26387256383895874,0.2167140245437622,0.24029329419136047,0.06051824986934662
C2,1033,1,0.29104602336883545,0.7091169655323029,0.5000814944505692,0.03191414102911949
C2,1034,1,0.16153794527053833,0.7573629319667816,0.45945043861866,0.03678891062736511
C2,1035,1,0.17110085487365723,0.7474335730075836,0.4592672139406204,0.06638342887163162
C2,1036,1,0.12369406223297119,0.6484353542327881,0.38606470823287964,0.07608231902122498
C2,1037,1,0.17092430591583252,0.7777526676654816,0.47433848679065704,0.058947935700416565
C2,1038,1,0.2549550533294678,0.5055824816226959,0.38026876747608185,0.0613120011985302
C2,1039,1,0.2603212594985962,0.21520167589187622,0.2377614676952362,0.04705268144607544
C2,1040,1,0.28687483072280884,0.1369551420211792,0.21191498637199402,0.03082316555082798
C2,1041,1,0.3605511784553528,0.43192243576049805,0.3962368071079254,0.02312340959906578
C2,1042,1,0.13832390308380127,0.26165080070495605,0.19998735189437866,0.020314082503318787
C2,1043,1,0.12807267904281616,0.4798060655593872,0.3039393723011017,0.01936289481818676
C2,1044,1,0.2373046875,0.4693331718444824,0.3533189296722412,0.01620539464056492
C2,1045,1,0.2708686590194702,0.6403077244758606,0.4555881917476654,0.07532180100679398
C2,1046,1,0.22930169105529785,0.4350423216819763,0.3321720063686371,0.07312308996915817
C2,1047,1,0.08941197395324707,0.44429826736450195,0.2668551206588745,0.07929667830467224
C2,1048,1,0.08549737930297852,0.342892587184906,0.21419498324394226,0.06516291201114655
C2,1049,1,0.04348379373550415,0.4207776188850403,0.23213070631027222,0.0469525121152401
C2,1050,1,0.2314457893371582,0.3259819746017456,0.2787138819694519,0.045059993863105774
C2,1051,1,0.15443307161331177,0.4608226418495178,0.3076278567314148,0.0872231274843216
C2,1052,1,0.051953017711639404,0.48420870304107666,0.26808086037635803,0.03294891491532326
C2,1053,1,0.1906256079673767,0.33440566062927246,0.2625156342983246,0.03871413692831993
C2,1054,1,0.27083879709243774,0.44865065813064575,0.35974472761154175,0.04805498942732811
C2,1055,1,0.21722763776779175,0.09324288368225098,0.15523526072502136,0.05281704664230347
C2,1056,1,0.1375291347503662,0.13291311264038086,0.13522112369537354,0.03184998035430908
C2,1057,1,0.1805737018585205,0.18255048990249634,0.18156209588050842,0.04185611382126808
C2,1058,1,0.11675482988357544,0.2758333683013916,0.19629409909248352,0.027000317350029945
C2,1059,1,0.2568984627723694,0.24061095714569092,0.24875470995903015,0.042194243520498276
C2,1060,1,0.1414470672607422,0.10316962003707886,0.12230834364891052,0.06350848823785782
C2,1061,1,0.16014522314071655,0.15697568655014038,0.15856045484542847,0.018282165750861168
C2,1062,1,0.20213568210601807,0.19277960062026978,0.19745764136314392,0.01864769496023655
C2,1063,1,0.2024073600769043,0.35074102878570557,0.27657419443130493,0.013150929473340511
C2,1064,1,0.32976585626602173,0.4903007745742798,0.41003331542015076,0.02591874450445175
C2,1065,1,0.16361373662948608,0.3406083583831787,0.2521110475063324,0.012321921065449715
C2,1066,1,0.19232624769210815,0.2858467698097229,0.23908650875091553,0.014764958992600441
C2,1067,1,0.252086341381073,0.16907262802124023,0.21057948470115662,0.01755066029727459
C2,1068,1,0.18521803617477417,0.14475774765014648,0.16498789191246033,0.019012369215488434
C2,1069,1,0.5324775278568268,0.2877035140991211,0.41009052097797394,0.014095239341259003
C2,1070,1,0.5324775278568268,0.2877035140991211,0.41009052097797394,0.014925631694495678
C2,1071,1,0.32290059328079224,0.5201006531715393,0.42150062322616577,0.03263351693749428
C2,1072,1,0.12035435438156128,0.5397379994392395,0.3300461769104004,0.031202087178826332
C2,1073,1,0.08090507984161377,0.45648592710494995,0.26869550347328186,0.03753264620900154
C2,1074,1,0.21617192029953003,0.3760579228401184,0.2961149215698242,0.059162646532058716
C2,1075,1,0.531085729598999,0.3656880259513855,0.44838687777519226,0.023453043773770332
C2,1076,1,0.381374716758728,0.4758760929107666,0.4286254048347473,0.05345364660024643
C2,1077,1,0.4964491128921509,0.25044065713882446,0.37344488501548767,0.03631271794438362
C2,1078,1,0.4203060269355774,0.2548767924308777,0.33759140968322754,0.021130213513970375
C2,1079,1,0.270918607711792,0.12140834331512451,0.19616347551345825,0.06228102371096611
C2,1080,1,0.22497648000717163,0.18780040740966797,0.2063884437084198,0.12699896097183228
C2,1081,1,0.22266584634780884,0.3080075979232788,0.2653367221355438,0.22104816138744354
C2,1082,1,0.17713969945907593,0.37154024839401245,0.2743399739265442,0.17266783118247986
C2,1083,1,0.17713969945907593,0.17349451780319214,0.17531710863113403,0.24195151031017303
C2,1084,1,0.154249370098114,0.13494890928268433,0.14459913969039917,0.22741065919399261
C2,1085,1,0.154249370098114,0.24001991748809814,0.19713464379310608,0.2351437360048294
C2,1086,1,0.10122150182723999,0.24001991748809814,0.17062070965766907,0.23041580617427826
C2,1087,1,0.12005287408828735,0.18920010328292847,0.1546264886856079,0.23720793426036835
C2,1088,1,0.11546432971954346,0.1685112714767456,0.14198780059814453,0.1776190847158432
C2,1089,1,0.12433069944381714,0.16326308250427246,0.1437968909740448,0.17530876398086548
C2,1090,1,0.07225674390792847,0.13612383604049683,0.10419028997421265,0.17127184569835663
C2,1091,1,0.06087714433670044,0.30274999141693115,0.1818135678768158,0.11126119643449783
C2,1092,1,0.11442428827285767,0.28372859954833984,0.19907644391059875,0.11393911391496658
C2,1093,1,0.25389283895492554,0.24230557680130005,0.2480992078781128,0.13312800228595734
C2,1094,1,0.2706958055496216,0.31248098611831665,0.2915883958339691,0.21118183434009552
C2,1095,1,0.511151909828186,0.37439286708831787,0.44277238845825195,0.17427046597003937
C2,1096,1,0.7180207073688507,0.321205198764801,0.5196129530668259,0.09253587573766708
C2,1097,1,0.8349509835243225,0.6961637437343597,0.7655573636293411,0.091481514275074
C2,1098,1,0.9201353937387466,0.7967140376567841,0.8584247156977654,0.09883894771337509
C2,1099,1,0.9413239769637585,0.7184883654117584,0.8299061711877584,0.11229567229747772
C2,1100,1,0.908290334045887,0.4905421733856201,0.6994162537157536,0.08286158740520477
C2,1101,1,0.7289677262306213,0.6892727017402649,0.7091202139854431,0.07233675569295883
C2,1102,1,0.7124102115631104,0.8291766941547394,0.7707934528589249,0.04617585241794586
C2,1103,1,0.8313288390636444,0.5449420213699341,0.6881354302167892,0.04081616923213005
C2,1104,1,0.607850193977356,0.5449420213699341,0.576396107673645,0.036295194178819656
C2,1105,1,0.4973037838935852,0.9363032653927803,0.7168035246431828,0.030532807111740112
C2,1106,1,0.6651037037372589,0.8289786279201508,0.7470411658287048,0.03372509777545929
C2,1107,1,0.6651037037372589,0.8913129195570946,0.7782083116471767,0.05705980956554413
C2,1108,1,0.7801273614168167,0.8289684802293777,0.8045479208230972,0.04319094121456146
C2,1109,1,0.44555163383483887,0.7014603316783905,0.5735059827566147,0.050682663917541504
C2,1110,1,0.5522342324256897,0.5333134829998016,0.5427738577127457,0.041271623224020004
C2,1111,1,0.24930912256240845,0.7014856934547424,0.47539740800857544,0.08445436507463455
C2,1112,1,0.5356608033180237,0.6323506534099579,0.5840057283639908,0.06633912771940231
C2,1113,1,0.6244149208068848,0.809524342417717,0.7169696316123009,0.09637616574764252
C2,1114,1,0.6221319735050201,0.830477386713028,0.726304680109024,0.06078958138823509
C2,1115,1,0.40737098455429077,0.8975895568728447,0.6524802707135677,0.02681240811944008
C2,1116,1,0.7809825539588928,0.4803326725959778,0.6306576132774353,0.029366441071033478
C2,1117,1,0.5887387692928314,0.2206159234046936,0.4046773463487625,0.026614338159561157
C2,1118,1,0.26899993419647217,0.693199872970581,0.4810999035835266,0.05709073320031166
C2,1119,1,0.41301119327545166,0.36558520793914795,0.3892982006072998,0.039314787834882736
C2,1120,1,0.33403438329696655,0.23808270692825317,0.28605854511260986,0.032025326043367386
C2,1121,1,0.5039637386798859,0.27790236473083496,0.3909330517053604,0.0722576379776001
C2,1122,1,0.27881920337677,0.15522390604019165,0.21702155470848083,0.060985080897808075
C2,1123,1,0.2272779941558838,0.15717804431915283,0.1922280192375183,0.058795396238565445
C2,1124,1,0.367159903049469,0.25011563301086426,0.3086377680301666,0.06890072673559189
C2,1125,1,0.2696760892868042,0.1733899712562561,0.22153303027153015,0.034894734621047974
C2,1126,1,0.10139304399490356,0.25564050674438477,0.17851677536964417,0.034894734621047974
C2,1127,1,0.5784831345081329,0.38244926929473877,0.48046620190143585,0.03648856654763222
C2,1128,1,0.4895015358924866,0.20180487632751465,0.3456532061100006,0.03593883663415909
C2,1129,1,0.8987185657024384,0.15126115083694458,0.5249898582696915,0.029912985861301422
C2,1130,1,0.883351743221283,0.11650580167770386,0.4999287724494934,0.030642330646514893
C2,1131,1,0.5743603706359863,0.422552227973938,0.49845629930496216,0.050968777388334274
C2,1132,1,0.4424259066581726,0.37713873386383057,0.4097823202610016,0.058123864233493805
C2,1133,1,0.5538350343704224,0.1431657075881958,0.3485003709793091,0.044529277831315994
C2,1134,1,0.5263944864273071,0.2473047375679016,0.38684961199760437,0.044529277831315994
C2,1135,1,0.15828120708465576,0.34110748767852783,0.2496943473815918,0.0694442093372345
C2,1136,1,0.5238088667392731,0.24457335472106934,0.3841911107301712,0.048991236835718155
C2,1137,1,0.40999728441238403,0.5587092339992523,0.4843532592058182,0.052969370037317276
C2,1138,1,0.5626018941402435,0.6468384563922882,0.6047201752662659,0.052969370037317276
C2,1139,1,0.5534777045249939,0.4158257246017456,0.48465171456336975,0.42623186111450195
C2,1140,1,0.41350650787353516,0.25134778022766113,0.33242714405059814,0.2570684552192688
C2,1141,1,0.22395092248916626,0.12984997034072876,0.1769004464149475,0.24479930102825165
C2,1142,1,0.14021193981170654,0.23073172569274902,0.18547183275222778,0.24428357183933258
C2,1143,1,0.2572619915008545,0.40613746643066406,0.3316997289657593,0.18985626101493835
C2,1144,1,0.3763255476951599,0.22209042310714722,0.29920798540115356,0.17806684970855713
C2,1145,1,0.044797658920288086,0.17611664533615112,0.1104571521282196,0.2822509706020355
C2,1146,1,0.11528003215789795,0.46819818019866943,0.2917391061782837,0.2011607587337494
C2,1147,1,0.24969524145126343,0.4393731355667114,0.3445341885089874,0.21931448578834534
C2,1148,1,0.17871665954589844,0.40064728260040283,0.28968197107315063,0.2644987404346466
C2,1149,1,0.1570112705230713,0.2778860926628113,0.21744868159294128,0.1858397275209427
C2,1150,1,0.15263444185256958,0.5782998502254486,0.3654671460390091,0.2063019722700119
C2,1151,1,0.2122233510017395,0.39649027585983276,0.30435681343078613,0.17700889706611633
C2,1152,1,0.17632412910461426,0.07855403423309326,0.12743908166885376,0.17804017663002014
C2,1153,1,0.1872389316558838,0.045027315616607666,0.11613312363624573,0.21517421305179596
C2,1154,1,0.28053659200668335,0.1209762692451477,0.20075643062591553,0.1029728353023529
C2,1155,1,0.2947201132774353,0.6380937695503235,0.4664069414138794,0.10968632996082306
C2,1156,1,0.2947201132774353,0.12519502639770508,0.2099575698375702,0.08135998994112015
C2,1157,1,0.24343377351760864,0.31546056270599365,0.27944716811180115,0.1001286432147026
C2,1158,1,0.24948972463607788,0.3326108455657959,0.2910502851009369,0.1001286432147026
C2,1159,1,0.24810153245925903,0.3353734612464905,0.29173749685287476,0.061234768480062485
C2,1160,1,0.23039758205413818,0.3353734612464905,0.28288552165031433,0.1154051199555397
C2,1161,1,0.164772629737854,0.3802313804626465,0.27250200510025024,0.16531044244766235
C2,1162,1,0.09555292129516602,0.2857751250267029,0.19066402316093445,0.16531044244766235
C2,1163,1,0.09555292129516602,0.1646960973739624,0.1301245093345642,0.16380184888839722
C2,1164,1,0.15094947814941406,0.1646960973739624,0.15782278776168823,0.1620146483182907
C2,1165,1,0.27076786756515503,0.2003294825553894,0.23554867506027222,0.1599244773387909
C2,1166,1,0.11485105752944946,0.2003294825553894,0.15759027004241943,0.16465529799461365
C2,1167,1,0.45884090662002563,0.08380603790283203,0.27132347226142883,0.19182343780994415
C2,1168,1,0.45716601610183716,0.24644887447357178,0.35180744528770447,0.19089683890342712
C2,1169,1,0.2132764458656311,0.30425119400024414,0.2587638199329376,0.18225692212581635
C2,1170,1,0.34099847078323364,0.2164258360862732,0.2787121534347534,0.19583021104335785
C2,1171,1,0.34099847078323364,0.2164258360862732,0.2787121534347534,0.12826001644134521
C2,1172,1,0.3299139738082886,0.07987505197525024,0.2048945128917694,0.06487782299518585
C2,1173,1,0.3540700674057007,0.07987505197525024,0.21697255969047546,0.07201480865478516
C2,1174,1,0.31495267152786255,0.18227380514144897,0.24861323833465576,0.08201906830072403
C2,1175,1,0.35634487867355347,0.04013681411743164,0.19824084639549255,0.07045231759548187
C2,1176,1,0.3034665584564209,0.01854175329208374,0.16100415587425232,0.09739197045564651
C2,1177,1,0.3269525170326233,0.03629034757614136,0.18162143230438232,0.06685879081487656
C2,1178,1,0.30745911598205566,0.07978641986846924,0.19362276792526245,0.06416746228933334
C2,1179,1,0.27764928340911865,0.03905594348907471,0.15835261344909668,0.075383260846138
C2,1180,1,0.2743684649467468,0.056607842445373535,0.16548815369606018,0.054995760321617126
C2,1181,1,0.2700355648994446,0.16090786457061768,0.21547171473503113,0.06308551877737045
C2,1182,1,0.19942212104797363,0.24471735954284668,0.22206974029541016,0.08611824363470078
C2,1183,1,0.2810455560684204,0.24471735954284668,0.26288145780563354,0.0496220588684082
C2,1184,1,0.22937947511672974,0.07085591554641724,0.1501176953315735,0.07642339915037155
C2,1185,1,0.28894609212875366,0.1633191704750061,0.22613263130187988,0.0692623108625412
C2,1186,1,0.2584543228149414,0.05944854021072388,0.15895143151283264,0.08890901505947113
C2,1187,1,0.2598380446434021,0.05411839485168457,0.15697821974754333,0.032988108694553375
C2,1188,1,0.41275203227996826,0.03604799509048462,0.22440001368522644,0.0342695415019989
C2,1189,1,0.39589089155197144,0.03604799509048462,0.21596944332122803,0.03448048606514931
C2,1190,1,0.39589089155197144,0.03714406490325928,0.21651747822761536,0.03448048606514931
C2,1191,1,0.46320223808288574,0.10099714994430542,0.2820996940135956,0.05641736835241318
C2,1192,1,0.5098313987255096,0.13506591320037842,0.32244865596294403,0.07219774276018143
C2,1193,1,0.7383113205432892,0.29786306619644165,0.5180871933698654,0.08389430493116379
C2,1194,1,0.6957350075244904,0.31231993436813354,0.504027470946312,0.0910278931260109
C2,1195,1,0.6382069289684296,0.29554373025894165,0.4668753296136856,0.0910278931260109
C2,1196,1,0.5919364988803864,0.2837880253791809,0.43786226212978363,0.0798267126083374
C2,1197,1,0.33007746934890747,0.3747183680534363,0.3523979187011719,0.0798267126083374
C2,1198,1,0.16351240873336792,0.3747183680534363,0.2691153883934021,0.07060156017541885
C2,1199,1,0.12447381019592285,0.40793007612228394,0.2662019431591034,0.17416459321975708
C2,1200,1,0.12447381019592285,0.3321090340614319,0.22829142212867737,0.1721755415201187
C2,1201,1,0.09950077533721924,0.18978917598724365,0.14464497566223145,0.19686810672283173
C2,1202,1,0.09950077533721924,0.41624873876571655,0.2578747570514679,0.20081765949726105
C2,1203,1,0.12412506341934204,0.23121023178100586,0.17766764760017395,0.1923227310180664
C2,1204,1,0.06565159559249878,0.5709490776062012,0.31830033659935,0.13499517738819122
C2,1205,1,0.18449842929840088,0.45565253496170044,0.32007548213005066,0.11886812001466751
C2,1206,1,0.2512872815132141,0.45565253496170044,0.3534699082374573,0.11886812001466751
C2,1207,1,0.28653132915496826,0.45565253496170044,0.37109193205833435,0.10940096527338028
C2,1208,1,0.23784464597702026,0.4584488868713379,0.3481467664241791,0.10568808764219284
C2,1209,1,0.21929597854614258,0.40295135974884033,0.31112366914749146,0.11248520016670227
C2,1210,1,0.12851554155349731,0.40295135974884033,0.2657334506511688,0.10868575423955917
C2,1211,1,0.1900157928466797,0.5308365225791931,0.3604261577129364,0.15995049476623535
C2,1212,1,0.16979581117630005,0.4832232594490051,0.3265095353126526,0.12354041635990143
C2,1213,1,0.16979581117630005,0.4923034906387329,0.3310496509075165,0.11985466629266739
C2,1214,1,0.16979581117630005,0.43148815631866455,0.3006419837474823,0.11985466629266739
C2,1215,1,0.22764825820922852,0.4551829695701599,0.3414156138896942,0.13070067763328552
C2,1216,1,0.161374032497406,0.4551829695701599,0.30827850103378296,0.0974126011133194
C2,1217,1,0.342587947845459,0.4551829695701599,0.39888545870780945,0.07764911651611328
C2,1218,1,0.342587947845459,0.4424411654472351,0.39251455664634705,0.05669478327035904
C2,1219,1,0.46201634407043457,0.2009335160255432,0.3314749300479889,0.047695666551589966
C2,1220,1,0.2664463520050049,0.2537849545478821,0.2601156532764435,0.047695666551589966
C2,1221,1,0.3843172788619995,0.3132662773132324,0.34879177808761597,0.05283432453870773
C2,1222,1,0.3843172788619995,0.3132662773132324,0.34879177808761597,0.05283432453870773
C2,1223,1,0.6035800576210022,0.3132662773132324,0.4584231674671173,0.05283432453870773
C2,1224,1,0.543641984462738,0.3132662773132324,0.42845413088798523,0.04318758845329285
C2,1225,1,0.6700295805931091,0.3877115845680237,0.5288705825805664,0.04461313411593437
C2,1226,1,0.585976243019104,0.4847254753112793,0.5353508591651917,0.03716219589114189
C2,1227,1,0.22023320198059082,0.43112605810165405,0.32567963004112244,0.033146586269140244
C2,1228,1,0.1275370717048645,0.22001385688781738,0.17377546429634094,0.03518355265259743
C2,1229,1,0.24637025594711304,0.22001385688781738,0.2331920564174652,0.0718437135219574
C2,1230,1,0.5150517225265503,0.3778449296951294,0.44644832611083984,0.08812592923641205
C2,1231,1,0.5150517225265503,0.3778449296951294,0.44644832611083984,0.051603689789772034
C2,1232,1,0.25247305631637573,0.4865913391113281,0.36953219771385193,0.0552598312497139
C2,1233,1,0.3228176236152649,0.39069926738739014,0.3567584455013275,0.0754917562007904
C2,1234,1,0.3228176236152649,0.5059342384338379,0.4143759310245514,0.0754917562007904
C2,1235,1,0.43067145347595215,0.491752564907074,0.46121200919151306,0.0754917562007904
C2,1236,1,0.3395700454711914,0.491752564907074,0.4156613051891327,0.053594645112752914
C2,1237,1,0.3395700454711914,0.4616308808326721,0.40060046315193176,0.0692586675286293
C2,1238,1,0.27213382720947266,0.26637017726898193,0.2692520022392273,0.07009255141019821
C2,1239,1,0.26570427417755127,0.2733607292175293,0.2695325016975403,0.07660304009914398
C2,1240,1,0.18323922157287598,0.2733607292175293,0.22829997539520264,0.09589546918869019
C2,1241,1,0.24024784564971924,0.2733607292175293,0.25680428743362427,0.09589546918869019
C2,1242,1,0.24024784564971924,0.213323175907135,0.22678551077842712,0.09113602340221405
C2,1243,1,0.24024784564971924,0.4999552369117737,0.37010154128074646,0.09113602340221405
C2,1244,1,0.24436962604522705,0.24052095413208008,0.24244529008865356,0.08679906278848648
C2,1245,1,0.23895472288131714,0.2378442883491516,0.23839950561523438,0.08679906278848648
C2,1246,1,0.23895472288131714,0.2764574885368347,0.2577061057090759,0.08679906278848648
C2,1247,1,0.19958281517028809,0.3625335097312927,0.2810581624507904,0.0842362567782402
C2,1248,1,0.1801605224609375,0.35635268688201904,0.26825660467147827,0.06547456234693527
C2,1249,1,0.14085036516189575,0.5463296473026276,0.34359000623226166,0.03304295614361763
C2,1250,1,0.14085036516189575,0.5463296473026276,0.34359000623226166,0.03304295614361763
C2,1251,1,0.169708251953125,0.5570267736911774,0.3633675128221512,0.03304295614361763
C2,1252,1,0.21564513444900513,0.5570267736911774,0.38633595407009125,0.049792878329753876
C2,1253,1,0.1166582703590393,0.48035669326782227,0.2985074818134308,0.057776838541030884
C2,1254,1,0.12949514389038086,0.5211893320083618,0.32534223794937134,0.06126076355576515
C2,1255,1,0.26808518171310425,0.5568313598632812,0.41245827078819275,0.06301657855510712
C2,1256,1,0.3244324326515198,0.4891282916069031,0.4067803621292114,0.05113881453871727
C2,1257,1,0.28967738151550293,0.3942640423774719,0.3419707119464874,0.03537394478917122
C2,1258,1,0.36201155185699463,0.16763722896575928,0.26482439041137695,0.03537394478917122
C2,1259,1,0.124020516872406,0.057421982288360596,0.0907212495803833,0.10940437018871307
C2,1260,1,0.11564254760742188,0.10625988245010376,0.11095121502876282,0.0670105591416359
C2,1261,1,0.11564254760742188,0.04814302921295166,0.08189278841018677,0.0670105591416359
C2,1262,1,0.10682326555252075,0.04814302921295166,0.0774831473827362,0.07021863013505936
C2,1263,1,0.18948715925216675,0.14993256330490112,0.16970986127853394,0.07021863013505936
C2,1264,1,0.18948715925216675,0.14405286312103271,0.16677001118659973,0.05261830985546112
C2,1265,1,0.06569236516952515,0.2525501251220703,0.15912124514579773,0.07544471323490143
C2,1266,1,0.05666249990463257,0.35055840015411377,0.20361045002937317,0.12435942143201828
C2,1267,1,0.04429900646209717,0.3916945457458496,0.2179967761039734,0.09748957306146622
C2,1268,1,0.19731754064559937,0.47034621238708496,0.33383187651634216,0.071530282497406
C2,1269,1,0.1602901816368103,0.42645132541656494,0.2933707535266876,0.03772734850645065
C2,1270,1,0.09256476163864136,0.5011963248252869,0.2968805432319641,0.0408809632062912
C2,1271,1,0.14478003978729248,0.3410484790802002,0.24291425943374634,0.02328425645828247
C2,1272,1,0.3721160888671875,0.23706501722335815,0.3045905530452728,0.02003626525402069
C2,1273,1,0.4316859245300293,0.1419941782951355,0.2868400514125824,0.021663425490260124
C2,1274,1,0.6570701003074646,0.18849265575408936,0.422781378030777,0.020429862663149834
C2,1275,1,0.562555193901062,0.24218851327896118,0.4023718535900116,0.022311391308903694
C2,1276,1,0.569627195596695,0.13069212436676025,0.3501596599817276,0.024521498009562492
C2,1277,1,0.5932307541370392,0.16127163171768188,0.37725119292736053,0.029729921370744705
C2,1278,1,0.5932307541370392,0.16127163171768188,0.37725119292736053,0.03715837746858597
C2,1279,1,0.501886248588562,0.1416526436805725,0.32176944613456726,0.04440229758620262
C2,1280,1,0.5696540474891663,0.20527654886245728,0.38746529817581177,0.04826309159398079
C2,1281,1,0.506669819355011,0.2588322162628174,0.3827510178089142,0.03608349710702896
C2,1282,1,0.506669819355011,0.25381606817245483,0.3802429437637329,0.038147952407598495
C2,1283,1,0.506669819355011,0.47170746326446533,0.48918864130973816,0.03467951714992523
C2,1284,1,0.506669819355011,0.47170746326446533,0.48918864130973816,0.023830212652683258
C2,1285,1,0.31399309635162354,0.21197974681854248,0.262986421585083,0.022021114826202393
C2,1286,1,0.31399309635162354,0.23139041662216187,0.2726917564868927,0.025890246033668518
C2,1287,1,0.4664731025695801,0.23139041662216187,0.34893175959587097,0.02906961552798748
C2,1288,1,0.4191831946372986,0.19915539026260376,0.30916929244995117,0.03368905186653137
C2,1289,1,0.22364920377731323,0.1919282078742981,0.20778870582580566,0.028574418276548386
C2,1290,1,0.1981562376022339,0.14234375953674316,0.17024999856948853,0.028574418276548386
C2,1291,1,0.27640658617019653,0.4742584228515625,0.3753325045108795,0.0390496701002121
C2,1292,1,0.3996927738189697,0.4742584228515625,0.4369755983352661,0.042573075741529465
C2,1293,1,0.2358473539352417,0.4225345253944397,0.3291909396648407,0.04158293083310127
C2,1294,1,0.24518686532974243,0.4404311180114746,0.3428089916706085,0.03456946834921837
C2,1295,1,0.2643158435821533,0.196602463722229,0.23045915365219116,0.04136665537953377
C2,1296,1,0.2304869294166565,0.44110792875289917,0.33579742908477783,0.03339551389217377
C2,1297,1,0.11656159162521362,0.27666139602661133,0.19661149382591248,0.038843002170324326
C2,1298,1,0.3344980478286743,0.19418585300445557,0.26434195041656494,0.03148958459496498
C2,1299,1,0.08724212646484375,0.47373050451278687,0.2804863154888153,0.032751984894275665
C2,1300,1,0.09562158584594727,0.27605360746383667,0.18583759665489197,0.0346742607653141
C2,1301,1,0.18345749378204346,0.1507045030593872,0.16708099842071533,0.040319379419088364
C2,1302,1,0.41637903451919556,0.059213221073150635,0.2377961277961731,0.017003847286105156
C2,1303,1,0.33486407995224,0.2656194567680359,0.30024176836013794,0.019335007295012474
C2,1304,1,0.31808412075042725,0.3035089373588562,0.3107965290546417,0.011444657109677792
C2,1305,1,0.24966126680374146,0.23960262537002563,0.24463194608688354,0.01646496169269085
C2,1306,1,0.24966126680374146,0.3655082583427429,0.3075847625732422,0.022370444610714912
C2,1307,1,0.10869956016540527,0.3001556992530823,0.20442762970924377,0.018746526911854744
C2,1308,1,0.17140048742294312,0.22328037023544312,0.19734042882919312,0.017951300367712975
C2,1309,1,0.11241382360458374,0.22328037023544312,0.16784709692001343,0.012556941248476505
C2,1310,1,0.32762759923934937,0.35911989212036133,0.34337374567985535,0.01385232899338007
C2,1311,1,0.4629262685775757,0.5330121517181396,0.49796921014785767,0.020746994763612747
C2,1312,1,0.313892126083374,0.7541512846946716,0.5340217053890228,0.02931087464094162
C2,1313,1,0.3924155831336975,0.3237111568450928,0.35806336998939514,0.013348516076803207
C2,1314,1,0.3769761323928833,0.4511491656303406,0.41406264901161194,0.010444213636219501
C2,1315,1,0.35246163606643677,0.5464791655540466,0.4494704008102417,0.013455205596983433
C2,1316,1,0.1830737590789795,0.5896213352680206,0.38634754717350006,0.020046332851052284
C2,1317,1,0.479411780834198,0.23709654808044434,0.35825416445732117,0.009018152952194214
C2,1318,1,0.3515293002128601,0.1819658875465393,0.2667475938796997,0.007552864495664835
C2,1319,1,0.03452873229980469,0.07027888298034668,0.052403807640075684,0.3383922874927521
C2,1320,1,0.05610036849975586,0.12450706958770752,0.09030371904373169,0.3591318428516388
C2,1321,1,0.09192585945129395,0.1591779589653015,0.12555190920829773,0.3207201361656189
C2,1322,1,0.09192585945129395,0.15023916959762573,0.12108251452445984,0.41064661741256714
C2,1323,1,0.20561861991882324,0.1647668480873108,0.18519273400306702,0.403454452753067
C2,1324,1,0.1376975178718567,0.15367084741592407,0.14568418264389038,0.27982914447784424
C2,1325,1,0.19685989618301392,0.16837185621261597,0.18261587619781494,0.27982914447784424
C2,1326,1,0.1498916745185852,0.07050085067749023,0.11019626259803772,0.34225592017173767
C2,1327,1,0.31109338998794556,0.19685113430023193,0.25397226214408875,0.3135870099067688
C2,1328,1,0.1550789475440979,0.17135614156723022,0.16321754455566406,0.31488266587257385
C2,1329,1,0.08805084228515625,0.17135614156723022,0.12970349192619324,0.22390851378440857
C2,1330,1,0.09231144189834595,0.2774456739425659,0.18487855792045593,0.16028590500354767
C2,1331,1,0.15217745304107666,0.21148473024368286,0.18183109164237976,0.14215093851089478
C2,1332,1,0.18102377653121948,0.20353859663009644,0.19228118658065796,0.1447826325893402
C2,1333,1,0.15518265962600708,0.20353859663009644,0.17936062812805176,0.1447826325893402
C2,1334,1,0.15518265962600708,0.09066176414489746,0.12292221188545227,0.1744384914636612
C2,1335,1,0.084675133228302,0.08176392316818237,0.08321952819824219,0.19303442537784576
C2,1336,1,0.24702584743499756,0.028334498405456543,0.13768017292022705,0.16431869566440582
C2,1337,1,0.2212112545967102,0.15757524967193604,0.18939325213432312,0.34648802876472473
C2,1338,1,0.2212112545967102,0.15757524967193604,0.18939325213432312,0.3563772141933441
C2,1339,1,0.16758078336715698,0.20493608713150024,0.1862584352493286,0.14677433669567108
C2,1340,1,0.14540857076644897,0.20493608713150024,0.1751723289489746,0.14677433669567108
C2,1341,1,0.10587596893310547,0.46393805742263794,0.2849070131778717,0.06592629104852676
C2,1342,1,0.10587596893310547,0.46393805742263794,0.2849070131778717,0.10517062246799469
C2,1343,1,0.0740959644317627,0.5256168246269226,0.29985639452934265,0.12039636075496674
C2,1344,1,0.11915576457977295,0.5256168246269226,0.3223862946033478,0.13721434772014618
C2,1345,1,0.3703206181526184,0.5256168246269226,0.4479687213897705,0.13713842630386353
C2,1346,1,0.3703206181526184,0.5551839470863342,0.4627522826194763,0.14625658094882965
C2,1347,1,0.3777840733528137,0.4745003581047058,0.42614221572875977,0.13739344477653503
C2,1348,1,0.325412392616272,0.3519021272659302,0.3386572599411011,0.12920552492141724
C2,1349,1,0.22621393203735352,0.4212309718132019,0.3237224519252777,0.17936156690120697
C2,1350,1,0.17466521263122559,0.3470051884651184,0.260835200548172,0.1476568877696991
C2,1351,1,0.26873064041137695,0.35081595182418823,0.3097732961177826,0.18061931431293488
C2,1352,1,0.28044700622558594,0.35223114490509033,0.31633907556533813,0.18061931431293488
C2,1353,1,0.3379906415939331,0.19918709993362427,0.2685888707637787,0.18825240433216095
C2,1354,1,0.3379906415939331,0.15791982412338257,0.24795523285865784,0.19500358402729034
C2,1355,1,0.34829968214035034,0.20165306329727173,0.27497637271881104,0.1476592719554901
C2,1356,1,0.3432159423828125,0.2566981315612793,0.2999570369720459,0.109376922249794
C2,1357,1,0.36865752935409546,0.2566981315612793,0.3126778304576874,0.1225975975394249
C2,1358,1,0.4028407335281372,0.2566981315612793,0.32976943254470825,0.12336219847202301
C2,1359,1,0.3908507823944092,0.2826642394065857,0.33675751090049744,0.11622978001832962
C2,1360,1,0.2752833366394043,0.43434232473373413,0.3548128306865692,0.13155338168144226
C2,1361,1,0.139756977558136,0.19283980131149292,0.16629838943481445,0.15051667392253876
C2,1362,1,0.2578808665275574,0.19283980131149292,0.22536033391952515,0.1844288557767868
C2,1363,1,0.2682533264160156,0.19151455163955688,0.22988393902778625,0.1081009954214096
C2,1364,1,0.3155667185783386,0.333835244178772,0.3247009813785553,0.1565610021352768
C2,1365,1,0.30655527114868164,0.24654781818389893,0.2765515446662903,0.13824239373207092
C2,1366,1,0.3104267120361328,0.24654781818389893,0.27848726511001587,0.13824239373207092
C2,1367,1,0.191012442111969,0.10287189483642578,0.1469421684741974,0.18115952610969543
C2,1368,1,0.20101678371429443,0.10287189483642578,0.1519443392753601,0.18115952610969543
C2,1369,1,0.27932727336883545,0.10806912183761597,0.1936981976032257,0.17105187475681305
C2,1370,1,0.27932727336883545,0.10806912183761597,0.1936981976032257,0.17105187475681305
C2,1371,1,0.2929602861404419,0.08938997983932495,0.19117513298988342,0.14883951842784882
C2,1372,1,0.2913665771484375,0.0849994421005249,0.1881830096244812,0.13170620799064636
C2,1373,1,0.20643889904022217,0.09977144002914429,0.15310516953468323,0.07283797860145569
C2,1374,1,0.25697970390319824,0.053614914417266846,0.15529730916023254,0.07120510935783386
C2,1375,1,0.22936207056045532,0.059052109718322754,0.14420709013938904,0.21829944849014282
C2,1376,1,0.21860605478286743,0.11013680696487427,0.16437143087387085,0.10082526504993439
C2,1377,1,0.25672656297683716,0.16204333305358887,0.209384948015213,0.14322341978549957
C2,1378,1,0.1174660325050354,0.24344873428344727,0.18045738339424133,0.1495862752199173
C2,1379,1,0.053019940853118896,0.26189351081848145,0.15745672583580017,0.17736835777759552
C2,1380,1,0.04946589469909668,0.4431420564651489,0.2463039755821228,0.20687076449394226
C2,1381,1,0.17924094200134277,0.18781495094299316,0.18352794647216797,0.23278692364692688
C2,1382,1,0.20462602376937866,0.18781495094299316,0.1962204873561859,0.2774718105792999
C2,1383,1,0.16312861442565918,0.15397334098815918,0.15855097770690918,0.29428067803382874
C2,1384,1,0.12073755264282227,0.21415174007415771,0.16744464635849,0.29428067803382874
C2,1385,1,0.22729718685150146,0.21358418464660645,0.22044068574905396,0.11090180277824402
C2,1386,1,0.22145003080368042,0.35990411043167114,0.2906770706176758,0.08981048315763474
C2,1387,1,0.21203398704528809,0.42516028881073,0.31859713792800903,0.127884641289711
C2,1388,1,0.20274269580841064,0.37712377309799194,0.2899332344532013,0.24101684987545013
C2,1389,1,0.18198180198669434,0.33219408988952637,0.25708794593811035,0.2514159381389618
C2,1390,1,0.18198180198669434,0.3335729241371155,0.2577773630619049,0.2514159381389618
C2,1391,1,0.1531689167022705,0.4436042308807373,0.2983865737915039,0.2753651440143585
C2,1392,1,0.28355544805526733,0.35771238803863525,0.3206339180469513,0.2476252019405365
C2,1393,1,0.2127174735069275,0.4623602628707886,0.33753886818885803,0.26015934348106384
C2,1394,1,0.2127174735069275,0.4623602628707886,0.33753886818885803,0.2617515027523041
C2,1395,1,0.23681563138961792,0.31480568647384644,0.2758106589317322,0.2335018515586853
C2,1396,1,0.23681563138961792,0.31480568647384644,0.2758106589317322,0.2335018515586853
C2,1397,1,0.23681563138961792,0.3575476408004761,0.297181636095047,0.2335018515586853
C2,1398,1,0.2525804042816162,0.3575476408004761,0.30506402254104614,0.2335018515586853
C2,1399,1,0.2525804042816162,0.33288735151290894,0.2927338778972626,0.2335018515586853
C2,1400,1,0.11574339866638184,0.31858599185943604,0.21716469526290894,0.23527732491493225
C2,1401,1,0.24795347452163696,0.471362829208374,0.3596581518650055,0.20869804918766022
C2,1402,1,0.1310468316078186,0.5325277149677277,0.33178727328777313,0.1793689876794815
C2,1403,1,0.1310468316078186,0.4673335552215576,0.2991901934146881,0.16668841242790222
C2,1404,1,0.1802455186843872,0.528131514787674,0.3541885167360306,0.1955624222755432
C2,1405,1,0.1802455186843872,0.2906249761581421,0.23543524742126465,0.24542446434497833
C2,1406,1,0.1802455186843872,0.2906249761581421,0.23543524742126465,0.25691619515419006
C2,1407,1,0.21416616439819336,0.4045805335044861,0.3093733489513397,0.2306140512228012
C2,1408,1,0.2036685347557068,0.16728174686431885,0.18547514081001282,0.22605007886886597
C2,1409,1,0.2036685347557068,0.16728174686431885,0.18547514081001282,0.17114850878715515
C2,1410,1,0.2036685347557068,0.24041414260864258,0.22204133868217468,0.17114850878715515
C2,1411,1,0.2036685347557068,0.2757135033607483,0.23969101905822754,0.0960390642285347
C2,1412,1,0.2835689187049866,0.245988667011261,0.2647787928581238,0.0816139355301857
C2,1413,1,0.3077777624130249,0.24160832166671753,0.2746930420398712,0.19882267713546753
C2,1414,1,0.29063183069229126,0.19954687356948853,0.2450893521308899,0.08206284791231155
C2,1415,1,0.2544739842414856,0.19954687356948853,0.22701042890548706,0.19882267713546753
C2,1416,1,0.05505102872848511,0.21631425619125366,0.13568264245986938,0.1906416416168213
C2,1417,1,0.054675936698913574,0.21631425619125366,0.13549509644508362,0.133887380361557
C2,1418,1,0.08081340789794922,0.21631425619125366,0.14856383204460144,0.10529163479804993
C2,1419,1,0.08081340789794922,0.26001960039138794,0.17041650414466858,0.10529163479804993
C2,1420,1,0.07319962978363037,0.26001960039138794,0.16660961508750916,0.05715351551771164
C2,1421,1,0.07319962978363037,0.276756227016449,0.17497792840003967,0.05715351551771164
C2,1422,1,0.03900951147079468,0.276756227016449,0.15788286924362183,0.07272708415985107
C2,1423,1,0.06131458282470703,0.276756227016449,0.169035404920578,0.06853122264146805
C2,1424,1,0.06131458282470703,0.3169121742248535,0.18911337852478027,0.08888164907693863
C2,1425,1,0.05784952640533447,0.3169121742248535,0.187380850315094,0.07536372542381287
C2,1426,1,0.05784952640533447,0.2783331274986267,0.1680913269519806,0.07536372542381287
C2,1427,1,0.05784952640533447,0.24164289236068726,0.14974620938301086,0.0850135087966919
C2,1428,1,0.06271982192993164,0.24164289236068726,0.15218135714530945,0.0850135087966919
C2,1429,1,0.06022047996520996,0.32192718982696533,0.19107383489608765,0.08510639518499374
C2,1430,1,0.06022047996520996,0.13219398260116577,0.09620723128318787,0.08510639518499374
C2,1431,1,0.20813757181167603,0.35902369022369385,0.28358063101768494,0.09036127477884293
C2,1432,1,0.3554043173789978,0.2500901222229004,0.3027472198009491,0.10736607015132904
C2,1433,1,0.3554043173789978,0.12923038005828857,0.2423173487186432,0.08876608312129974
C2,1434,1,0.33419209718704224,0.26373469829559326,0.29896339774131775,0.10467063635587692
C2,1435,1,0.05929511785507202,0.17443370819091797,0.116864413022995,0.15760619938373566
C2,1436,1,0.10308647155761719,0.47776079177856445,0.2904236316680908,0.07750514149665833
C2,1437,1,0.1201278567314148,0.16829073429107666,0.14420929551124573,0.0691310241818428
C2,1438,1,0.1201278567314148,0.2710263729095459,0.19557711482048035,0.10433337837457657
C2,1439,1,0.29972487688064575,0.40731263160705566,0.3535187542438507,0.10297799110412598
C2,1440,1,0.30942970514297485,0.30471354722976685,0.30707162618637085,0.027880091220140457
C2,1441,1,0.2228761911392212,0.4273754358291626,0.3251258134841919,0.05119749531149864
C2,1442,1,0.3389585614204407,0.10575300455093384,0.22235578298568726,0.05119749531149864
C2,1443,1,0.37072139978408813,0.10687536001205444,0.2387983798980713,0.055275171995162964
C2,1444,1,0.355546236038208,0.08526104688644409,0.22040364146232605,0.0536213181912899
C2,1445,1,0.2872070074081421,0.3070172071456909,0.2971121072769165,0.06104159727692604
C2,1446,1,0.2872070074081421,0.14579737186431885,0.21650218963623047,0.08371361345052719
C2,1447,1,0.2534046769142151,0.10873591899871826,0.18107029795646667,0.08468345552682877
C2,1448,1,0.19668829441070557,0.40189868211746216,0.29929348826408386,0.08066640049219131
C2,1449,1,0.2670433521270752,0.2549126148223877,0.26097798347473145,0.058925144374370575
C2,1450,1,0.40422266721725464,0.2549126148223877,0.32956764101982117,0.10832660645246506
C2,1451,1,0.316039502620697,0.1331964135169983,0.22461795806884766,0.08873157948255539
C2,1452,1,0.32902979850769043,0.040479302406311035,0.18475455045700073,0.0770290195941925
C2,1453,1,0.3891143202781677,0.052111148834228516,0.22061273455619812,0.049370117485523224
C2,1454,1,0.329468309879303,0.04169666767120361,0.1855824887752533,0.03759021684527397
C2,1455,1,0.22780126333236694,0.0666654109954834,0.14723333716392517,0.04617685079574585
C2,1456,1,0.7598405331373215,0.0893697738647461,0.4246051535010338,0.07981860637664795
C2,1457,1,0.5208283066749573,0.07776552438735962,0.29929691553115845,0.0641757994890213
C2,1458,1,0.5514009594917297,0.10956078767776489,0.3304808735847473,0.06554844230413437
C2,1459,1,0.47392773628234863,0.2523561120033264,0.3631419241428375,0.1006530225276947
C2,1460,1,0.6713638603687286,0.2771986722946167,0.47428126633167267,0.03669552505016327
C2,1461,1,0.4771115183830261,0.30487388372421265,0.3909927010536194,0.031860560178756714
C2,1462,1,0.4457559585571289,0.1426563858985901,0.2942061722278595,0.02905494160950184
C2,1463,1,0.45835018157958984,0.14657145738601685,0.30246081948280334,0.04613896831870079
C2,1464,1,0.6362792551517487,0.1681070327758789,0.4021931439638138,0.0433577261865139
C2,1465,1,0.5825153589248657,0.1681070327758789,0.3753111958503723,0.0433577261865139
C2,1466,1,0.5825153589248657,0.18960773944854736,0.38606154918670654,0.038202133029699326
C2,1467,1,0.3370615243911743,0.12480652332305908,0.2309340238571167,0.03831872344017029
C2,1468,1,0.3173711895942688,0.17014610767364502,0.2437586486339569,0.03831872344017029
C2,1469,1,0.44518351554870605,0.06381583213806152,0.2544996738433838,0.03802001476287842
C2,1470,1,0.44518351554870605,0.06381583213806152,0.2544996738433838,0.03802001476287842
C2,1471,1,0.42864733934402466,0.019356608390808105,0.22400197386741638,0.03777815401554108
C2,1472,1,0.42864733934402466,0.019356608390808105,0.22400197386741638,0.03777815401554108
C2,1473,1,0.20559477806091309,0.09110647439956665,0.14835062623023987,0.050898097455501556
C2,1474,1,0.2378298044204712,0.09081697463989258,0.16432338953018188,0.026928478851914406
C2,1475,1,0.3300739526748657,0.04270637035369873,0.18639016151428223,0.02613808959722519
C2,1476,1,0.2127555012702942,0.11407142877578735,0.16341346502304077,0.029722748324275017
C2,1477,1,0.15343308448791504,0.11758196353912354,0.1355075240135193,0.024131538346409798
C2,1478,1,0.16793155670166016,0.16703999042510986,0.167485773563385,0.10311517119407654
C2,1479,1,0.12821918725967407,0.17182332277297974,0.1500212550163269,0.12314481288194656
C2,1480,1,0.12389874458312988,0.08495813608169556,0.10442844033241272,0.12314481288194656
C2,1481,1,0.18622809648513794,0.10698765516281128,0.1466078758239746,0.07762156426906586
C2,1482,1,0.21551460027694702,0.10698765516281128,0.16125112771987915,0.07762156426906586
C2,1483,1,0.2668355107307434,0.10880303382873535,0.18781927227973938,0.08323656022548676
C2,1484,1,0.2668355107307434,0.08318859338760376,0.17501205205917358,0.08323656022548676
C2,1485,1,0.12622326612472534,0.13231360912322998,0.12926843762397766,0.05604482814669609
C2,1486,1,0.20762455463409424,0.11772668361663818,0.1626756191253662,0.05862971395254135
C2,1487,1,0.404030442237854,0.09496045112609863,0.24949544668197632,0.05862971395254135
C2,1488,1,0.18510138988494873,0.09417873620986938,0.13964006304740906,0.06057142838835716
C2,1489,1,0.25079530477523804,0.09417873620986938,0.1724870204925537,0.03935028985142708
C2,1490,1,0.1772700548171997,0.11092251539230347,0.1440962851047516,0.03935028985142708
C2,1491,1,0.18363600969314575,0.09401977062225342,0.13882789015769958,0.06080636754631996
C2,1492,1,0.2486894130706787,0.09401977062225342,0.17135459184646606,0.06080636754631996
C2,1493,1,0.2276516556739807,0.1396350860595703,0.1836433708667755,0.02527129091322422
C2,1494,1,0.13415497541427612,0.12463217973709106,0.1293935775756836,0.021575607359409332
C2,1495,1,0.2778322100639343,0.07797616720199585,0.1779041886329651,0.0272538885474205
C2,1496,1,0.3295391798019409,0.08762723207473755,0.20858320593833923,0.0272538885474205
C2,1497,1,0.3175164461135864,0.20186680555343628,0.25969162583351135,0.037020523101091385
C2,1498,1,0.4979899525642395,0.345824658870697,0.42190730571746826,0.05123280733823776
C2,1499,1,0.14928299188613892,0.11964279413223267,0.1344628930091858,0.12827704846858978
C2,1500,1,0.08764708042144775,0.18260818719863892,0.13512763381004333,0.1295001357793808
C2,1501,1,0.16741478443145752,0.12571245431900024,0.14656361937522888,0.12190056592226028
C2,1502,1,0.10268282890319824,0.12447088956832886,0.11357685923576355,0.09728874266147614
C2,1503,1,0.14122700691223145,0.1734890341758728,0.15735802054405212,0.16674593091011047
C2,1504,1,0.5040140748023987,0.3178756833076477,0.4109448790550232,0.1839318424463272
C2,1505,1,0.2826612591743469,0.1806248426437378,0.23164305090904236,0.21356378495693207
C2,1506,1,0.2826612591743469,0.35432350635528564,0.3184923827648163,0.28705358505249023
C2,1507,1,0.13317418098449707,0.2942088842391968,0.21369153261184692,0.20368003845214844
C2,1508,1,0.16283327341079712,0.3925568461418152,0.27769505977630615,0.18276618421077728
C2,1509,1,0.18622249364852905,0.3653552532196045,0.2757888734340668,0.28004059195518494
C2,1510,1,0.3675112724304199,0.3674553632736206,0.36748331785202026,0.0788416638970375
C2,1511,1,0.7235583364963531,0.33638858795166016,0.5299734622240067,0.1279599666595459
C2,1512,1,0.8119938373565674,0.6895008385181427,0.750747337937355,0.09899678081274033
C2,1513,1,0.2106136679649353,0.3595390319824219,0.2850763499736786,0.03579534590244293
C2,1514,1,0.7074988782405853,0.4550827741622925,0.5812908262014389,0.09173814952373505
C2,1515,1,0.6863663196563721,0.6797642707824707,0.6830652952194214,0.07740341126918793
C2,1516,1,0.6650497019290924,0.732028990983963,0.6985393464565277,0.056786198168992996
C2,1517,1,0.7772730886936188,0.7175796926021576,0.7474263906478882,0.05939708650112152
C2,1518,1,0.3764893412590027,0.3891938328742981,0.3828415870666504,0.07905087620019913
C2,1519,1,0.24568480253219604,0.5188636779785156,0.38227424025535583,0.04835129529237747
C2,1520,1,0.838325098156929,0.7314768731594086,0.7849009856581688,0.069931261241436
C2,1521,1,0.46541500091552734,0.32123392820358276,0.39332446455955505,0.01619293913245201
C2,1522,1,0.4844561815261841,0.5558193325996399,0.520137757062912,0.02269773557782173
C2,1523,1,0.6229965090751648,0.35043656826019287,0.48671653866767883,0.025714358314871788
C2,1524,1,0.5486560761928558,0.34322792291641235,0.4459419995546341,0.01615913398563862
C2,1525,1,0.6833007633686066,0.12290513515472412,0.40310294926166534,0.02190035954117775
C2,1526,1,0.436052143573761,0.3005867600440979,0.36831945180892944,0.021468425169587135
C2,1527,1,0.1718388795852661,0.5533409416675568,0.36258991062641144,0.016715915873646736
C2,1528,1,0.2926381826400757,0.34394264221191406,0.3182904124259949,0.010019396431744099
C2,1529,1,0.16261190176010132,0.26808297634124756,0.21534743905067444,0.02731912210583687
C2,1530,1,0.19429415464401245,0.5276812314987183,0.36098769307136536,0.015989577397704124
C2,1531,1,0.20439797639846802,0.5008372366428375,0.35261760652065277,0.017548490315675735
C2,1532,1,0.37887507677078247,0.5974745452404022,0.48817481100559235,0.018060820177197456
C2,1533,1,0.3367137312889099,0.5641253888607025,0.4504195600748062,0.020220180973410606
C2,1534,1,0.35701507329940796,0.6335245966911316,0.4952698349952698,0.01888245716691017
C2,1535,1,0.17473918199539185,0.3525012135505676,0.26362019777297974,0.01743978075683117
C2,1536,1,0.14265483617782593,0.4021075963973999,0.2723812162876129,0.01535376813262701
C2,1537,1,0.16971087455749512,0.44685423374176025,0.3082825541496277,0.013716687448322773
C2,1538,1,0.41987037658691406,0.38712674379348755,0.4034985601902008,0.014794127084314823
C2,1539,1,0.30688291788101196,0.3463206887245178,0.3266018033027649,0.02080790139734745
C2,1540,1,0.46525460481643677,0.5433768332004547,0.5043157190084457,0.007604267913848162
C2,1541,1,0.5786624252796173,0.505489319562912,0.5420758724212646,0.004088038578629494
C2,1542,1,0.29982686042785645,0.2209453582763672,0.2603861093521118,0.010711045004427433
C2,1543,1,0.274924635887146,0.237138032913208,0.256031334400177,0.05742308124899864
C2,1544,1,0.2784819006919861,0.2365230917930603,0.2575024962425232,0.030788246542215347
C2,1545,1,0.3880015015602112,0.2646704316139221,0.32633596658706665,0.01534152403473854
C2,1546,1,0.6554961502552032,0.24934923648834229,0.45242269337177277,0.011809648014605045
C2,1547,1,0.6975141763687134,0.15994000434875488,0.42872709035873413,0.014313760213553905
C2,1548,1,0.462948739528656,0.29385554790496826,0.37840214371681213,0.018319619819521904
C2,1549,1,0.24008536338806152,0.3707515597343445,0.305418461561203,0.012755115516483784
C2,1550,1,0.22016555070877075,0.28669416904449463,0.2534298598766327,0.019041767343878746
C2,1551,1,0.2614814043045044,0.49133312702178955,0.376407265663147,0.015309731476008892
C2,1552,1,0.16440677642822266,0.28345853090286255,0.2239326536655426,0.021395310759544373
C2,1553,1,0.23622554540634155,0.43371009826660156,0.33496782183647156,0.016622014343738556
C2,1554,1,0.20862138271331787,0.43371009826660156,0.3211657404899597,0.025187117978930473
C2,1555,1,0.39154303073883057,0.12909168004989624,0.2603173553943634,0.021251045167446136
C2,1556,1,0.35451841354370117,0.3161718249320984,0.3353451192378998,0.022065548226237297
C2,1557,1,0.2786329984664917,0.26900041103363037,0.27381670475006104,0.014376389794051647
C2,1558,1,0.16913801431655884,0.2302950620651245,0.19971653819084167,0.01479770615696907
C2,1559,1,0.22330892086029053,0.36355727910995483,0.2934330999851227,0.189652681350708
C2,1560,1,0.34707701206207275,0.36355727910995483,0.3553171455860138,0.179720938205719
C2,1561,1,0.15925121307373047,0.36355727910995483,0.26140424609184265,0.20050983130931854
C2,1562,1,0.15715354681015015,0.3824548125267029,0.2698041796684265,0.04005993902683258
C2,1563,1,0.2771226763725281,0.5147916078567505,0.3959571421146393,0.025003815069794655
C2,1564,1,0.24591279029846191,0.31753653287887573,0.2817246615886688,0.08224985748529434
C2,1565,1,0.2079697847366333,0.31070250272750854,0.2593361437320709,0.07981820404529572
C2,1566,1,0.08011740446090698,0.18506157398223877,0.13258948922157288,0.07094215601682663
C2,1567,1,0.18923896551132202,0.3125375509262085,0.25088825821876526,0.04029469192028046
C2,1568,1,0.21682065725326538,0.42650872468948364,0.3216646909713745,0.03824874758720398
C2,1569,1,0.4740757942199707,0.3121839165687561,0.3931298553943634,0.0423397570848465
C2,1570,1,0.7408327758312225,0.3642984628677368,0.5525656193494797,0.03159555420279503
C2,1571,1,0.7160839140415192,0.3294997811317444,0.5227918475866318,0.017200810834765434
C2,1572,1,0.4280542731285095,0.46806442737579346,0.4480593502521515,0.023790031671524048
C2,1573,1,0.514311820268631,0.5078099966049194,0.5110609084367752,0.021662304177880287
C2,1574,1,0.4533456563949585,0.6514295041561127,0.5523875802755356,0.02263602241873741
C2,1575,1,0.5402339696884155,0.6529066562652588,0.5965703129768372,0.03613753616809845
C2,1576,1,0.3166542649269104,0.550116240978241,0.4333852529525757,0.03118712455034256
C2,1577,1,0.5273865461349487,0.550116240978241,0.5387513935565948,0.03803320974111557
C2,1578,1,0.5422824323177338,0.7482957243919373,0.6452890783548355,0.03728606551885605
C2,1579,1,0.5056761801242828,0.789154514670372,0.6474153473973274,0.036869026720523834
C2,1580,1,0.5630373060703278,0.31549423933029175,0.43926577270030975,0.036869026720523834
C2,1581,1,0.41243869066238403,0.24999302625656128,0.33121585845947266,0.02558848075568676
C2,1582,1,0.7276196181774139,0.24999302625656128,0.4888063222169876,0.02627549134194851
C2,1583,1,0.5809109807014465,0.20460087060928345,0.392755925655365,0.032906558364629745
C2,1584,1,0.22423869371414185,0.32856136560440063,0.27640002965927124,0.03813162073493004
C2,1585,1,0.25826704502105713,0.21942120790481567,0.2388441264629364,0.0495121143758297
C2,1586,1,0.25826704502105713,0.21942120790481567,0.2388441264629364,0.05053107440471649
C2,1587,1,0.4515858292579651,0.2526204586029053,0.3521031439304352,0.060815125703811646
C2,1588,1,0.33801406621932983,0.5634052753448486,0.45070967078208923,0.05202632397413254
C2,1589,1,0.34708458185195923,0.3573060631752014,0.3521953225135803,0.043112076818943024
C2,1590,1,0.34708458185195923,0.3573060631752014,0.3521953225135803,0.043112076818943024
C2,1591,1,0.43103766441345215,0.3573060631752014,0.3941718637943268,0.043906379491090775
C2,1592,1,0.43103766441345215,0.3467581272125244,0.3888978958129883,0.03364497423171997
C2,1593,1,0.34040677547454834,0.3467581272125244,0.3435824513435364,0.06734918802976608
C2,1594,1,0.34040677547454834,0.3458048105239868,0.3431057929992676,0.06734918802976608
C2,1595,1,0.24520647525787354,0.21632057428359985,0.2307635247707367,0.067635178565979
C2,1596,1,0.24169903993606567,0.19097524881362915,0.2163371443748474,0.06938203424215317
C2,1597,1,0.5150883495807648,0.27773022651672363,0.3964092880487442,0.07494913041591644
C2,1598,1,0.5150883495807648,0.27773022651672363,0.3964092880487442,0.04366779699921608
C2,1599,1,0.6810103356838226,0.26791971921920776,0.4744650274515152,0.0440262146294117
C2,1600,1,0.35191798210144043,0.26791971921920776,0.3099188506603241,0.08632121980190277
C2,1601,1,0.5609028935432434,0.44408565759658813,0.5024942755699158,0.07850293070077896
C2,1602,1,0.42371124029159546,0.3059754967689514,0.36484336853027344,0.045499466359615326
C2,1603,1,0.3738616704940796,0.2210635542869568,0.2974626123905182,0.06188162788748741
C2,1604,1,0.17098844051361084,0.5305059552192688,0.3507471978664398,0.02464839443564415
C2,1605,1,0.24698764085769653,0.2356773018836975,0.24133247137069702,0.040038663893938065
C2,1606,1,0.20247125625610352,0.15091389417648315,0.17669257521629333,0.06393802911043167
C2,1607,1,0.34519046545028687,0.20614123344421387,0.27566584944725037,0.0430622398853302
C2,1608,1,0.3780778646469116,0.49802249670028687,0.43805018067359924,0.03789958730340004
C2,1609,1,0.4115370512008667,0.1830766201019287,0.2973068356513977,0.03511301800608635
C2,1610,1,0.5314322710037231,0.16347986459732056,0.34745606780052185,0.031949713826179504
C2,1611,1,0.6198955774307251,0.13907665014266968,0.3794861137866974,0.05559138208627701
C2,1612,1,0.6198955774307251,0.13907665014266968,0.3794861137866974,0.05559138208627701
C2,1613,1,0.5074640810489655,0.4294780492782593,0.46847106516361237,0.05636195093393326
C2,1614,1,0.5074640810489655,0.31099963188171387,0.40923185646533966,0.059838056564331055
C2,1615,1,0.2958965301513672,0.22220855951309204,0.2590525448322296,0.0672907903790474
C2,1616,1,0.35041630268096924,0.29294514656066895,0.3216807246208191,0.037369970232248306
C2,1617,1,0.35946041345596313,0.34894782304763794,0.35420411825180054,0.03538148105144501
C2,1618,1,0.45348596572875977,0.38384705781936646,0.4186665117740631,0.04406750574707985
C2,1619,1,0.6050688326358795,0.11846959590911865,0.3617692142724991,0.17843052744865417
C2,1620,1,0.7129682898521423,0.2935202121734619,0.5032442510128021,0.21720607578754425
C2,1621,1,0.15113216638565063,0.15900754928588867,0.15506985783576965,0.23267532885074615
C2,1622,1,0.12760478258132935,0.2291257381439209,0.17836526036262512,0.11158917099237442
C2,1623,1,0.11573129892349243,0.19817101955413818,0.1569511592388153,0.1308564692735672
C2,1624,1,0.1599751114845276,0.10897648334503174,0.13447579741477966,0.10524256527423859
C2,1625,1,0.1599751114845276,0.10782963037490845,0.13390237092971802,0.12277179956436157
C2,1626,1,0.12526863813400269,0.10782963037490845,0.11654913425445557,0.10429795831441879
C2,1627,1,0.12526863813400269,0.11151868104934692,0.1183936595916748,0.09271473437547684
C2,1628,1,0.14163589477539062,0.160442054271698,0.1510389745235443,0.11175455152988434
C2,1629,1,0.05370062589645386,0.029488980770111084,0.04159480333328247,0.14945293962955475
C2,1630,1,0.0791330337524414,0.028573691844940186,0.053853362798690796,0.13929973542690277
C2,1631,1,0.26620417833328247,0.23256820440292358,0.24938619136810303,0.13929973542690277
C2,1632,1,0.3796182870864868,0.21568435430526733,0.2976513206958771,0.14331397414207458
C2,1633,1,0.21669358015060425,0.2965485453605652,0.2566210627555847,0.28309178352355957
C2,1634,1,0.461181104183197,0.44814372062683105,0.45466241240501404,0.3155665397644043
C2,1635,1,0.23089951276779175,0.42947185039520264,0.3301856815814972,0.1749853640794754
C2,1636,1,0.5511350929737091,0.8765335455536842,0.7138343192636967,0.25826266407966614
C2,1637,1,0.8072527796030045,0.5571632981300354,0.6822080388665199,0.16499032080173492
C2,1638,1,0.6260583400726318,0.6258521676063538,0.6259552538394928,0.32494208216667175
C2,1639,1,0.5527300834655762,0.8255553692579269,0.6891427263617516,0.17168736457824707
C2,1640,1,0.4780430197715759,0.8696321099996567,0.6738375648856163,0.15826843678951263
C2,1641,1,0.317359983921051,0.4727417826652527,0.39505088329315186,0.11294694989919662
C2,1642,1,0.31281429529190063,0.6092755794525146,0.46104493737220764,0.11294694989919662
C2,1643,1,0.48059576749801636,0.4126686453819275,0.4466322064399719,0.11533018946647644
C2,1644,1,0.19323623180389404,0.4119396209716797,0.30258792638778687,0.11782004684209824
C2,1645,1,0.608405590057373,0.6470946371555328,0.6277501136064529,0.11290913075208664
C2,1646,1,0.6549898684024811,0.5322889089584351,0.5936393886804581,0.16334857046604156
C2,1647,1,0.40145158767700195,0.6458563506603241,0.523653969168663,0.045216817408800125
C2,1648,1,0.674645334482193,0.41615742444992065,0.5454013794660568,0.047683581709861755
C2,1649,1,0.5356435179710388,0.5442822575569153,0.539962887763977,0.029664088040590286
C2,1650,1,0.4496701955795288,0.23326760530471802,0.3414689004421234,0.04890703037381172
C2,1651,1,0.36267560720443726,0.22629833221435547,0.29448696970939636,0.04127499833703041
C2,1652,1,0.09378093481063843,0.4552615284919739,0.27452123165130615,0.0599665604531765
C2,1653,1,0.1432531476020813,0.11313176155090332,0.1281924545764923,0.04610610753297806
C2,1654,1,0.2554768919944763,0.4965530037879944,0.37601494789123535,0.12646140158176422
C2,1655,1,0.564842164516449,0.3293747305870056,0.4471084475517273,0.1448950171470642
C2,1656,1,0.4395778775215149,0.08916687965393066,0.2643723785877228,0.06336704641580582
C2,1657,1,0.47552061080932617,0.3104168176651001,0.39296871423721313,0.06336704641580582
C2,1658,1,0.5145205557346344,0.504895955324173,0.5097082555294037,0.06336704641580582
C2,1659,1,0.35091179609298706,0.2841057777404785,0.3175087869167328,0.08975368738174438
C2,1660,1,0.4563220739364624,0.2947486639022827,0.37553536891937256,0.08975368738174438
C2,1661,1,0.33804434537887573,0.43251466751098633,0.38527950644493103,0.1511010378599167
C2,1662,1,0.3604864478111267,0.3602259159088135,0.3603561818599701,0.17000438272953033
C2,1663,1,0.3385699391365051,0.30130475759506226,0.3199373483657837,0.13940098881721497
C2,1664,1,0.32564598321914673,0.30130475759506226,0.3134753704071045,0.1077348068356514
C2,1665,1,0.4597303867340088,0.2624448537826538,0.3610876202583313,0.12547993659973145
C2,1666,1,0.3558271527290344,0.17900484800338745,0.26741600036621094,0.1802298128604889
C2,1667,1,0.44060325622558594,0.4386604428291321,0.439631849527359,0.17123544216156006
C2,1668,1,0.372559130191803,0.3939388394355774,0.3832489848136902,0.15618446469306946
C2,1669,1,0.4280295968055725,0.24063897132873535,0.33433428406715393,0.1254461407661438
C2,1670,1,0.4280295968055725,0.34129148721694946,0.384660542011261,0.11334976553916931
C2,1671,1,0.08940309286117554,0.47749823331832886,0.2834506630897522,0.0581793449819088
C2,1672,1,0.12391048669815063,0.3142979145050049,0.21910420060157776,0.05708227679133415
C2,1673,1,0.10299801826477051,0.21446943283081055,0.15873372554779053,0.05696771293878555
C2,1674,1,0.13719195127487183,0.18173205852508545,0.15946200489997864,0.06542006134986877
C2,1675,1,0.1231796145439148,0.2519381642341614,0.18755888938903809,0.07659110426902771
C2,1676,1,0.17191588878631592,0.2519381642341614,0.21192702651023865,0.06464452296495438
C2,1677,1,0.14398831129074097,0.4336027503013611,0.288795530796051,0.07894939929246902
C2,1678,1,0.28496646881103516,0.36421096324920654,0.32458871603012085,0.08126229792833328
C2,1679,1,0.16267049312591553,0.22272616624832153,0.19269832968711853,0.5764058232307434
C2,1680,1,0.17280268669128418,0.17327064275741577,0.17303666472434998,0.5470432043075562
C2,1681,1,0.1508128046989441,0.11361372470855713,0.1322132647037506,0.7141456604003906
C2,1682,1,0.319618284702301,0.12073266506195068,0.22017547488212585,0.7849326133728027
C2,1683,1,0.07731950283050537,0.2541954517364502,0.16575747728347778,0.3244362473487854
C2,1684,1,0.3188866972923279,0.3253757953643799,0.3221312463283539,0.2209593802690506
C2,1685,1,0.3648092746734619,0.1890162229537964,0.27691274881362915,0.17791283130645752
C2,1686,1,0.3908589482307434,0.19782382249832153,0.29434138536453247,0.09840398281812668
C2,1687,1,0.19269317388534546,0.4299822449684143,0.3113377094268799,0.19244158267974854
C2,1688,1,0.4788830876350403,0.4278184175491333,0.4533507525920868,0.08206076920032501
C2,1689,1,0.4971572160720825,0.35499125719070435,0.42607423663139343,0.1942170262336731
C2,1690,1,0.4971572160720825,0.2968353033065796,0.39699625968933105,0.1296836882829666
C2,1691,1,0.44735538959503174,0.3241610527038574,0.3857582211494446,0.056722961366176605
C2,1692,1,0.11340099573135376,0.05470341444015503,0.0840522050857544,0.027795638889074326
C2,1693,1,0.15683650970458984,0.10101646184921265,0.12892648577690125,0.10865291208028793
C2,1694,1,0.3049275875091553,0.10689103603363037,0.20590931177139282,0.09024292230606079
C2,1695,1,0.27936840057373047,0.20463556051254272,0.2420019805431366,0.11045494675636292
C2,1696,1,0.27523040771484375,0.08625185489654541,0.18074113130569458,0.0738227516412735
C2,1697,1,0.15721094608306885,0.23893851041793823,0.19807472825050354,0.11051881313323975
C2,1698,1,0.09919005632400513,0.20140528678894043,0.15029767155647278,0.15931367874145508
C2,1699,1,0.04688847064971924,0.11106741428375244,0.07897794246673584,0.13939502835273743
C2,1700,1,0.022358477115631104,0.25046467781066895,0.13641157746315002,0.09673501551151276
C2,1701,1,0.021363794803619385,0.16926699876785278,0.09531539678573608,0.06259334087371826
C2,1702,1,0.021184325218200684,0.16121351718902588,0.09119892120361328,0.08576280623674393
C2,1703,1,0.015696465969085693,0.4829776883125305,0.2493370771408081,0.07574407011270523
C2,1704,1,0.02188897132873535,0.1936313509941101,0.10776016116142273,0.20530790090560913
C2,1705,1,0.0249788761138916,0.264933705329895,0.1449562907218933,0.0799717903137207
C2,1706,1,0.045781075954437256,0.21808677911758423,0.13193392753601074,0.09474945068359375
C2,1707,1,0.08134257793426514,0.21808677911758423,0.14971467852592468,0.0557892732322216
C2,1708,1,0.06911671161651611,0.28485143184661865,0.17698407173156738,0.05795280262827873
C2,1709,1,0.08143049478530884,0.28485143184661865,0.18314096331596375,0.05894125625491142
C2,1710,1,0.09442991018295288,0.28485143184661865,0.18964067101478577,0.04704354330897331
C2,1711,1,0.0543597936630249,0.15212732553482056,0.10324355959892273,0.04728315770626068
C2,1712,1,0.07640409469604492,0.31392908096313477,0.19516658782958984,0.035296481102705
C2,1713,1,0.10825461149215698,0.23137104511260986,0.16981282830238342,0.059959784150123596
C2,1714,1,0.07983851432800293,0.087147057056427,0.08349278569221497,0.06350526958703995
C2,1715,1,0.14640992879867554,0.08269906044006348,0.1145544946193695,0.1254141479730606
C2,1716,1,0.17006582021713257,0.3360058069229126,0.2530358135700226,0.09121111780405045
C2,1717,1,0.24266254901885986,0.1033254861831665,0.17299401760101318,0.09061332792043686
C2,1718,1,0.2103751301765442,0.10485786199569702,0.1576164960861206,0.051449015736579895
C2,1719,1,0.26650798320770264,0.0715680718421936,0.16903802752494812,0.019108720123767853
C2,1720,1,0.22492659091949463,0.06421798467636108,0.14457228779792786,0.04149113968014717
C2,1721,1,0.09964513778686523,0.2695304751396179,0.18458780646324158,0.016852615401148796
C2,1722,1,0.160183846950531,0.20425230264663696,0.18221807479858398,0.00874970480799675
C2,1723,1,0.18986636400222778,0.2264012098312378,0.2081337869167328,0.010110153816640377
C2,1724,1,0.17178285121917725,0.27612245082855225,0.22395265102386475,0.0084465853869915
C2,1725,1,0.18495357036590576,0.14482617378234863,0.1648898720741272,0.016617324203252792
C2,1726,1,0.07872295379638672,0.23883813619613647,0.1587805449962616,0.009823151864111423
C2,1727,1,0.10489988327026367,0.16951096057891846,0.13720542192459106,0.015746204182505608
C2,1728,1,0.07961428165435791,0.2696319818496704,0.17462313175201416,0.016319194808602333
C2,1729,1,0.4828451871871948,0.3953621983528137,0.4391036927700043,0.027007758617401123
C2,1730,1,0.23269778490066528,0.2614024877548218,0.24705013632774353,0.032212454825639725
C2,1731,1,0.09842687845230103,0.21197021007537842,0.15519854426383972,0.025307292118668556
C2,1732,1,0.2464962601661682,0.27665507793426514,0.2615756690502167,0.023277094587683678
C2,1733,1,0.3903394937515259,0.12206459045410156,0.2562020421028137,0.023413576185703278
C2,1734,1,0.6654472351074219,0.12168318033218384,0.39356520771980286,0.0525771826505661
C2,1735,1,0.4651620388031006,0.2913437485694885,0.37825289368629456,0.017113473266363144
C2,1736,1,0.457283079624176,0.20656150579452515,0.3319222927093506,0.04247410222887993
C2,1737,1,0.44007086753845215,0.2827557325363159,0.36141330003738403,0.011403202079236507
C2,1738,1,0.4453991651535034,0.2727440595626831,0.35907161235809326,0.016615157946944237
C2,1739,1,0.5842721462249756,0.374056339263916,0.4791642427444458,0.15996652841567993
C2,1740,1,0.638829380273819,0.3988493084907532,0.5188393443822861,0.17546826601028442
C2,1741,1,0.638829380273819,0.3988493084907532,0.5188393443822861,0.17593340575695038
C2,1742,1,0.638829380273819,0.3988493084907532,0.5188393443822861,0.1481708586215973
C2,1743,1,0.6301842927932739,0.4002380967140198,0.5152111947536469,0.16480764746665955
C2,1744,1,0.3233034014701843,0.4002380967140198,0.36177074909210205,0.15796081721782684
C2,1745,1,0.20502686500549316,0.4332932233810425,0.3191600441932678,0.02518468163907528
C2,1746,1,0.40110188722610474,0.38165509700775146,0.3913784921169281,0.022390589118003845
C2,1747,1,0.17654883861541748,0.4666762948036194,0.32161256670951843,0.018583977594971657
C2,1748,1,0.1097099781036377,0.5338432490825653,0.3217766135931015,0.06056036055088043
C2,1749,1,0.19786006212234497,0.4359510540962219,0.31690555810928345,0.07204864174127579
C2,1750,1,0.1350572109222412,0.2562693953514099,0.19566330313682556,0.07641161978244781
C2,1751,1,0.1823056936264038,0.3393791913986206,0.2608424425125122,0.06141752377152443
C2,1752,1,0.2194477915763855,0.44663935899734497,0.33304357528686523,0.016037166118621826
C2,1753,1,0.4542962908744812,0.4233015179634094,0.4387989044189453,0.030813390389084816
C2,1754,1,0.4542962908744812,0.4179762005805969,0.43613624572753906,0.0231160968542099
C2,1755,1,0.1206439733505249,0.41964787244796753,0.2701459228992462,0.027793122455477715
C2,1756,1,0.1206439733505249,0.41964787244796753,0.2701459228992462,0.011626980267465115
C2,1757,1,0.229472815990448,0.41353511810302734,0.32150396704673767,0.012638800777494907
C2,1758,1,0.23224854469299316,0.41353511810302734,0.32289183139801025,0.012845315970480442
C2,1759,1,0.16886425018310547,0.4306721091270447,0.2997681796550751,0.012950743548572063
C2,1760,1,0.09625792503356934,0.2336786389350891,0.16496828198432922,0.019689470529556274
C2,1761,1,0.2914782762527466,0.310186505317688,0.3008323907852173,0.027650874108076096
C2,1762,1,0.24106144905090332,0.25036925077438354,0.24571534991264343,0.02610577642917633
C2,1763,1,0.4107869267463684,0.14202433824539185,0.2764056324958801,0.013725153170526028
C2,1764,1,0.3448827862739563,0.22567743062973022,0.28528010845184326,0.03195507451891899
C2,1765,1,0.4556005001068115,0.12658172845840454,0.29109111428260803,0.021373825147747993
C2,1766,1,0.6147512793540955,0.12658172845840454,0.37066650390625,0.021373825147747993
C2,1767,1,0.5515621304512024,0.11500692367553711,0.33328452706336975,0.02681802771985531
C2,1768,1,0.5121118724346161,0.11500692367553711,0.3135593980550766,0.02848084643483162
C2,1769,1,0.3706415295600891,0.11923587322235107,0.2449387013912201,0.027260741218924522
C2,1770,1,0.11780005693435669,0.37900370359420776,0.24840188026428223,0.023772945627570152
C2,1771,1,0.3151249289512634,0.5026306211948395,0.40887777507305145,0.020175466313958168
C2,1772,1,0.3066796064376831,0.3667020797729492,0.33669084310531616,0.01844996213912964
C2,1773,1,0.3289744257926941,0.4741564989089966,0.40156546235084534,0.012901385314762592
C2,1774,1,0.2834733724594116,0.523340106010437,0.4034067392349243,0.01766817457973957
C2,1775,1,0.10995274782180786,0.45472222566604614,0.282337486743927,0.016790315508842468
C2,1776,1,0.09994935989379883,0.34919440746307373,0.22457188367843628,0.015161820687353611
C2,1777,1,0.12320911884307861,0.3550487160682678,0.23912891745567322,0.015161820687353611
C2,1778,1,0.10446768999099731,0.3907184600830078,0.24759307503700256,0.015161820687353611
C2,1779,1,0.22046810388565063,0.3535824418067932,0.2870252728462219,0.01640932820737362
C2,1780,1,0.20562589168548584,0.17869442701339722,0.19216015934944153,0.03665155917406082
C2,1781,1,0.3227156400680542,0.15001124143600464,0.23636344075202942,0.03878217563033104
C2,1782,1,0.18321192264556885,0.3286753296852112,0.25594362616539,0.045218437910079956
C2,1783,1,0.15499335527420044,0.30865323543548584,0.23182329535484314,0.07158385217189789
C2,1784,1,0.34401875734329224,0.40666961669921875,0.3753441870212555,0.034521330147981644
C2,1785,1,0.1883031129837036,0.17455822229385376,0.1814306676387787,0.05004610866308212
C2,1786,1,0.2930869460105896,0.17455822229385376,0.23382258415222168,0.05547692999243736
C2,1787,1,0.23952889442443848,0.15662646293640137,0.19807767868041992,0.052213914692401886
C2,1788,1,0.22944289445877075,0.1412009596824646,0.18532192707061768,0.05154592543840408
C2,1789,1,0.38718754053115845,0.32679879665374756,0.356993168592453,0.038536492735147476
C2,1790,1,0.3262609839439392,0.30182892084121704,0.3140449523925781,0.038536492735147476
C2,1791,1,0.251583993434906,0.3897303342819214,0.3206571638584137,0.030332371592521667
C2,1792,1,0.33693283796310425,0.14948010444641113,0.2432064712047577,0.025852391496300697
C2,1793,1,0.2736867070198059,0.15119177103042603,0.21243923902511597,0.03210686892271042
C2,1794,1,0.19990628957748413,0.10336571931838989,0.151636004447937,0.03632548451423645
C2,1795,1,0.19990628957748413,0.10336571931838989,0.151636004447937,0.04806428402662277
C2,1796,1,0.36940836906433105,0.01947718858718872,0.1944427788257599,0.061159372329711914
C2,1797,1,0.19018352031707764,0.01947718858718872,0.10483035445213318,0.04770386591553688
C2,1798,1,0.16530025005340576,0.04821789264678955,0.10675907135009766,0.06582304835319519
C2,1799,1,0.3233766555786133,0.04476046562194824,0.18406856060028076,0.09310242533683777
C2,1800,1,0.3742445111274719,0.12366664409637451,0.24895557761192322,0.07983238995075226
C2,1801,1,0.3751105070114136,0.11457377672195435,0.24484214186668396,0.07357436418533325
C2,1802,1,0.26128852367401123,0.06620264053344727,0.16374558210372925,0.07436954975128174
C2,1803,1,0.20222651958465576,0.06620264053344727,0.1342145800590515,0.08534681797027588
C2,1804,1,0.08669310808181763,0.10444176197052002,0.09556743502616882,0.11881978064775467
C2,1805,1,0.11145824193954468,0.15978217124938965,0.13562020659446716,0.13434584438800812
C2,1806,1,0.11145824193954468,0.04336750507354736,0.07741287350654602,0.21175050735473633
C2,1807,1,0.0972287654876709,0.11243009567260742,0.10482943058013916,0.1959633231163025
C2,1808,1,0.12536871433258057,0.04666566848754883,0.0860171914100647,0.14381447434425354
C2,1809,1,0.12536871433258057,0.06468546390533447,0.09502708911895752,0.20593534409999847
C2,1810,1,0.12536871433258057,0.06468546390533447,0.09502708911895752,0.19378851354122162
C2,1811,1,0.11249160766601562,0.061332881450653076,0.08691224455833435,0.12015856802463531
C2,1812,1,0.1160317063331604,0.03924185037612915,0.07763677835464478,0.10317888855934143
C2,1813,1,0.18854987621307373,0.026745378971099854,0.10764762759208679,0.1094273030757904
C2,1814,1,0.1610526442527771,0.08256292343139648,0.12180778384208679,0.1094273030757904
C2,1815,1,0.2696412205696106,0.0506136417388916,0.1601274311542511,0.06620549410581589
C2,1816,1,0.2444741129875183,0.03069329261779785,0.13758370280265808,0.07145360112190247
C2,1817,1,0.25628983974456787,0.039072275161743164,0.14768105745315552,0.11070845276117325
C2,1818,1,0.2891913056373596,0.028041541576385498,0.15861642360687256,0.10756415873765945
C2,1819,1,0.24505943059921265,0.026802539825439453,0.13593098521232605,0.10756415873765945
C2,1820,1,0.1658031940460205,0.03359001874923706,0.09969660639762878,0.14222176373004913
C2,1821,1,0.15389186143875122,0.046759188175201416,0.10032552480697632,0.14691470563411713
C2,1822,1,0.15389186143875122,0.046759188175201416,0.10032552480697632,0.14691470563411713
C2,1823,1,0.3038545250892639,0.048975467681884766,0.17641499638557434,0.1348486691713333
C2,1824,1,0.31502658128738403,0.052464425563812256,0.18374550342559814,0.1348486691713333
C2,1825,1,0.34021931886672974,0.052464425563812256,0.196341872215271,0.14927557110786438
C2,1826,1,0.36114931106567383,0.052464425563812256,0.20680686831474304,0.1439630389213562
C2,1827,1,0.3664812445640564,0.03621625900268555,0.20134875178337097,0.11934558302164078
C2,1828,1,0.4511786103248596,0.04044699668884277,0.2458128035068512,0.10808936506509781
C2,1829,1,0.29466766119003296,0.08948493003845215,0.19207629561424255,0.14107544720172882
C2,1830,1,0.2909388542175293,0.08555680513381958,0.18824782967567444,0.23524107038974762
C2,1831,1,0.33530545234680176,0.06791895627975464,0.2016122043132782,0.2411840260028839
C2,1832,1,0.10657286643981934,0.033719003200531006,0.07014593482017517,0.2502494752407074
C2,1833,1,0.24528628587722778,0.06042355298995972,0.15285491943359375,0.23181255161762238
C2,1834,1,0.3451111912727356,0.04987478256225586,0.19749298691749573,0.23181255161762238
C2,1835,1,0.3451111912727356,0.12070423364639282,0.2329077124595642,0.23181255161762238
C2,1836,1,0.23891746997833252,0.2276616096496582,0.23328953981399536,0.23160824179649353
C2,1837,1,0.21009057760238647,0.06386315822601318,0.13697686791419983,0.18206627666950226
C2,1838,1,0.21009057760238647,0.05234402418136597,0.13121730089187622,0.14774638414382935
C2,1839,1,0.21009057760238647,0.04519623517990112,0.1276434063911438,0.12969064712524414
C2,1840,1,0.26364845037460327,0.09056466817855835,0.1771065592765808,0.1496535986661911
C2,1841,1,0.28627026081085205,0.09056466817855835,0.1884174644947052,0.11745043843984604
C2,1842,1,0.28627026081085205,0.09056466817855835,0.1884174644947052,0.09793653339147568
C2,1843,1,0.24536585807800293,0.09056466817855835,0.16796526312828064,0.06701146811246872
C2,1844,1,0.19919389486312866,0.059714674949645996,0.12945428490638733,0.1296413391828537
C2,1845,1,0.19919389486312866,0.026240170001983643,0.11271703243255615,0.0787191241979599
C2,1846,1,0.19919389486312866,0.026240170001983643,0.11271703243255615,0.05304611846804619
C2,1847,1,0.23264473676681519,0.026240170001983643,0.12944245338439941,0.05379597470164299
C2,1848,1,0.2211397886276245,0.04516720771789551,0.13315349817276,0.04860686510801315
C2,1849,1,0.2211397886276245,0.03188556432723999,0.12651267647743225,0.04860686510801315
C2,1850,1,0.2211397886276245,0.02224576473236084,0.12169277667999268,0.052865009754896164
C2,1851,1,0.2423633337020874,0.009942591190338135,0.12615296244621277,0.06685911118984222
C2,1852,1,0.3178405165672302,0.009942591190338135,0.16389155387878418,0.06589414924383163
C2,1853,1,0.20099091529846191,0.02002274990081787,0.11050683259963989,0.06362737715244293
C2,1854,1,0.17178964614868164,0.02002274990081787,0.09590619802474976,0.09081526100635529
C2,1855,1,0.11059463024139404,0.20416021347045898,0.1573774218559265,0.09527845680713654
C2,1856,1,0.11269479990005493,0.15870451927185059,0.13569965958595276,0.08438386768102646
C2,1857,1,0.17955529689788818,0.03325539827346802,0.1064053475856781,0.14154662191867828
C2,1858,1,0.4640362858772278,0.03411298990249634,0.24907463788986206,0.076202891767025
C2,1859,1,0.13746964931488037,0.18404316902160645,0.1607564091682434,0.26481297612190247
C2,1860,1,0.15909826755523682,0.1838369369506836,0.1714676022529602,0.24167212843894958
C2,1861,1,0.44162338972091675,0.08415102958679199,0.26288720965385437,0.13310255110263824
C2,1862,1,0.44161319732666016,0.12264251708984375,0.28212785720825195,0.14160829782485962
C2,1863,1,0.2517619729042053,0.2262657880783081,0.2390138804912567,0.07379400730133057
C2,1864,1,0.3295632600784302,0.28445929288864136,0.30701127648353577,0.09551732987165451
C2,1865,1,0.3295632600784302,0.17946463823318481,0.2545139491558075,0.07456303387880325
C2,1866,1,0.2997519373893738,0.17137521505355835,0.23556357622146606,0.11126671731472015
C2,1867,1,0.24108296632766724,0.3028371334075928,0.27196004986763,0.1116565689444542
C2,1868,1,0.24108296632766724,0.28565704822540283,0.26337000727653503,0.28050723671913147
C2,1869,1,0.18074655532836914,0.18873578310012817,0.18474116921424866,0.2938615679740906
C2,1870,1,0.07802897691726685,0.18911993503570557,0.1335744559764862,0.31923967599868774
C2,1871,1,0.10880416631698608,0.2678754925727844,0.18833982944488525,0.33219820261001587
C2,1872,1,0.48348599672317505,0.2332351803779602,0.3583605885505676,0.24113301932811737
C2,1873,1,0.34950339794158936,0.2116648554801941,0.2805841267108917,0.1346869319677353
C2,1874,1,0.3443470001220703,0.2116648554801941,0.2780059278011322,0.22545841336250305
C2,1875,1,0.3667682409286499,0.2504599690437317,0.3086141049861908,0.22907902300357819
C2,1876,1,0.36042630672454834,0.1441560983657837,0.252291202545166,0.12051323056221008
C2,1877,1,0.33696311712265015,0.17533206939697266,0.2561475932598114,0.11165173351764679
C2,1878,1,0.16483449935913086,0.17533206939697266,0.17008328437805176,0.11165173351764679
C2,1879,1,0.09055417776107788,0.10786235332489014,0.09920826554298401,0.11507749557495117
C2,1880,1,0.06284093856811523,0.10786235332489014,0.08535164594650269,0.08781373500823975
C2,1881,1,0.18913227319717407,0.22697317600250244,0.20805272459983826,0.08820438385009766
C2,1882,1,0.18797671794891357,0.2461300492286682,0.2170533835887909,0.05213334038853645
C2,1883,1,0.3845786452293396,0.2036670446395874,0.2941228449344635,0.04850080981850624
C2,1884,1,0.17917925119400024,0.16396605968475342,0.17157265543937683,0.08580334484577179
C2,1885,1,0.25670522451400757,0.16817039251327515,0.21243780851364136,0.060952309519052505
C2,1886,1,0.1730191707611084,0.16817039251327515,0.17059478163719177,0.05227440223097801
C2,1887,1,0.2702050805091858,0.20108067989349365,0.23564288020133972,0.05216972157359123
C2,1888,1,0.15552812814712524,0.20108067989349365,0.17830440402030945,0.05216972157359123
C2,1889,1,0.20258986949920654,0.20890885591506958,0.20574936270713806,0.04638761281967163
C2,1890,1,0.2948286533355713,0.19974273443222046,0.24728569388389587,0.04953223466873169
C2,1891,1,0.27455073595046997,0.19974273443222046,0.23714673519134521,0.03529185429215431
C2,1892,1,0.4129047989845276,0.2575417160987854,0.3352232575416565,0.05762992426753044
C2,1893,1,0.4129047989845276,0.3198058605194092,0.3663553297519684,0.05762992426753044
C2,1894,1,0.49745726585388184,0.34637218713760376,0.4219147264957428,0.061691079288721085
C2,1895,1,0.4670785069465637,0.34637218713760376,0.40672534704208374,0.06336212158203125
C2,1896,1,0.5154645144939423,0.36276429891586304,0.43911440670490265,0.07873504608869553
C2,1897,1,0.5154645144939423,0.36276429891586304,0.43911440670490265,0.06628081202507019
C2,1898,1,0.5154645144939423,0.36276429891586304,0.43911440670490265,0.08194305002689362
C2,1899,1,0.5673553347587585,0.3154338002204895,0.441394567489624,0.0837024673819542
C2,1900,1,0.5673553347587585,0.29592376947402954,0.43163955211639404,0.0837024673819542
C2,1901,1,0.5673553347587585,0.3141125440597534,0.440733939409256,0.08416001498699188
C2,1902,1,0.5673553347587585,0.3141125440597534,0.440733939409256,0.08416001498699188
C2,1903,1,0.3630152940750122,0.3151509165763855,0.33908310532569885,0.05989183858036995
C2,1904,1,0.4253252148628235,0.21703976392745972,0.3211824893951416,0.058740463107824326
C2,1905,1,0.4253252148628235,0.21703976392745972,0.3211824893951416,0.055574748665094376
C2,1906,1,0.4253252148628235,0.21703976392745972,0.3211824893951416,0.055574748665094376
C2,1907,1,0.4253252148628235,0.25336986780166626,0.3393475413322449,0.04975160211324692
C2,1908,1,0.2776140570640564,0.32898902893066406,0.30330154299736023,0.05526788532733917
C2,1909,1,0.2776140570640564,0.392461895942688,0.3350379765033722,0.061473485082387924
C2,1910,1,0.3017306923866272,0.392461895942688,0.3470962941646576,0.06629938632249832
C2,1911,1,0.33719295263290405,0.3901115655899048,0.3636522591114044,0.0676518902182579
C2,1912,1,0.24344706535339355,0.42729103565216064,0.3353690505027771,0.058638427406549454
C2,1913,1,0.24344706535339355,0.42729103565216064,0.3353690505027771,0.058638427406549454
C2,1914,1,0.1303461194038391,0.3978624939918518,0.26410430669784546,0.06544111669063568
C2,1915,1,0.3808971643447876,0.3249722719192505,0.35293471813201904,0.08956273645162582
C2,1916,1,0.3126789927482605,0.19797199964523315,0.2553254961967468,0.08189833164215088
C2,1917,1,0.35725122690200806,0.2875393033027649,0.3223952651023865,0.1031440868973732
C2,1918,1,0.07683688402175903,0.2329992651939392,0.15491807460784912,0.08405569940805435
C2,1919,1,0.1014208197593689,0.39537644386291504,0.24839863181114197,0.04849616065621376
C2,1920,1,0.26880013942718506,0.3140265941619873,0.2914133667945862,0.06818374246358871
C2,1921,1,0.09269440174102783,0.29954153299331665,0.19611796736717224,0.12206168472766876
C2,1922,1,0.05233663320541382,0.26834648847579956,0.1603415608406067,0.09485410898923874
C2,1923,1,0.07844370603561401,0.33953428268432617,0.2089889943599701,0.12949348986148834
C2,1924,1,0.07844370603561401,0.36017370223999023,0.21930870413780212,0.11721745133399963
C2,1925,1,0.0699804425239563,0.0757678747177124,0.07287415862083435,0.10485871136188507
C2,1926,1,0.045538902282714844,0.0757678747177124,0.06065338850021362,0.10485871136188507
C2,1927,1,0.14080041646957397,0.07822263240814209,0.10951152443885803,0.11089731007814407
C2,1928,1,0.1489660143852234,0.07917612791061401,0.1140710711479187,0.1321955919265747
C2,1929,1,0.1489660143852234,0.07917612791061401,0.1140710711479187,0.16151267290115356
C2,1930,1,0.3718906044960022,0.07917612791061401,0.2255333662033081,0.11940540373325348
C2,1931,1,0.22584772109985352,0.04821223020553589,0.1370299756526947,0.11472879350185394
C2,1932,1,0.15182340145111084,0.12496328353881836,0.1383933424949646,0.11809764802455902
C2,1933,1,0.28429365158081055,0.1825212836265564,0.23340746760368347,0.10270488262176514
C2,1934,1,0.18150174617767334,0.4450591802597046,0.31328046321868896,0.10924071818590164
C2,1935,1,0.17343491315841675,0.16593587398529053,0.16968539357185364,0.25473564863204956
C2,1936,1,0.22806060314178467,0.3136436343193054,0.27085211873054504,0.25473564863204956
C2,1937,1,0.4985541105270386,0.13920634984970093,0.31888023018836975,0.15216082334518433
C2,1938,1,0.22331517934799194,0.29555779695510864,0.2594364881515503,0.22218520939350128
C2,1939,1,0.29109835624694824,0.4941466450691223,0.3926225006580353,0.16529427468776703
C2,1940,1,0.5884359776973724,0.21183240413665771,0.4001341909170151,0.1893715262413025
C2,1941,1,0.7260025441646576,0.2239363193511963,0.47496943175792694,0.1766357123851776
C2,1942,1,0.6467805802822113,0.33080238103866577,0.48879148066043854,0.07361417263746262
C2,1943,1,0.7831458747386932,0.47032594680786133,0.6267359107732773,0.051857948303222656
C2,1944,1,0.44731777906417847,0.3587391972541809,0.4030284881591797,0.053030263632535934
C2,1945,1,0.8592656254768372,0.35362356901168823,0.6064445972442627,0.055909596383571625
C2,1946,1,0.6921378970146179,0.3065710663795471,0.4993544816970825,0.048093345016241074
C2,1947,1,0.6161326169967651,0.3712153434753418,0.49367398023605347,0.04873301461338997
C2,1948,1,0.2420722246170044,0.6207206547260284,0.4313964396715164,0.054738037288188934
C2,1949,1,0.23132824897766113,0.49469971656799316,0.36301398277282715,0.018306709825992584
C2,1950,1,0.16225993633270264,0.4191945195198059,0.2907272279262543,0.02132568322122097
C2,1951,1,0.33459120988845825,0.35911232233047485,0.34685176610946655,0.021288776770234108
C2,1952,1,0.4034339189529419,0.26028525829315186,0.3318595886230469,0.028726542368531227
C2,1953,1,0.7247902750968933,0.378013014793396,0.5514016449451447,0.03301772102713585
C2,1954,1,0.5473395586013794,0.37624335289001465,0.461791455745697,0.026851007714867592
C2,1955,1,0.39566993713378906,0.7611548602581024,0.5784123986959457,0.055456843227148056
C2,1956,1,0.4992143511772156,0.515124499797821,0.5071694254875183,0.06656164675951004
C2,1957,1,0.6052480041980743,0.38191503286361694,0.49358151853084564,0.025572532787919044
C2,1958,1,0.5376663208007812,0.47637468576431274,0.507020503282547,0.0252316202968359
C2,1959,1,0.5901485681533813,0.4995248317718506,0.544836699962616,0.02600845694541931
C2,1960,1,0.5901485681533813,0.7854015976190567,0.687775082886219,0.013014179654419422
C2,1961,1,0.45635998249053955,0.45879513025283813,0.45757755637168884,0.014607802964746952
C2,1962,1,0.600990355014801,0.8642353564500809,0.732612855732441,0.0149140739813447
C2,1963,1,0.6754985749721527,0.6385364234447479,0.6570174992084503,0.03288573399186134
C2,1964,1,0.49785172939300537,0.8565895110368729,0.6772206202149391,0.02027645707130432
C2,1965,1,0.5403373539447784,0.9371330663561821,0.7387352101504803,0.01646072417497635
C2,1966,1,0.35355186462402344,0.9371330663561821,0.6453424654901028,0.013753214851021767
C2,1967,1,0.6581483781337738,0.6689060628414154,0.6635272204875946,0.020165028050541878
C2,1968,1,0.4963456988334656,0.9057093411684036,0.7010275200009346,0.032672200351953506
C2,1969,1,0.5794537961483002,0.8224193304777145,0.7009365633130074,0.03148186206817627
C2,1970,1,0.5011847615242004,0.49342191219329834,0.4973033368587494,0.019535554572939873
C2,1971,1,0.5011847615242004,0.7610523849725723,0.6311185732483864,0.011010797694325447
C2,1972,1,0.5329594910144806,0.8900775238871574,0.711518507450819,0.011888890527188778
C2,1973,1,0.6766647696495056,0.7885884791612625,0.7326266244053841,0.013994990848004818
C2,1974,1,0.6766647696495056,0.6589238047599792,0.6677942872047424,0.021779246628284454
C2,1975,1,0.32263070344924927,0.24362021684646606,0.28312546014785767,0.026297438889741898
C2,1976,1,0.32274937629699707,0.3110296130180359,0.3168894946575165,0.024998653680086136
C2,1977,1,0.30958086252212524,0.6384170055389404,0.47399893403053284,0.038153909146785736
C2,1978,1,0.6826874315738678,0.6744668483734131,0.6785771399736404,0.024325134232640266
C2,1979,1,0.7219830453395844,0.7263601124286652,0.7241715788841248,0.08669736236333847
C2,1980,1,0.7219830453395844,0.5785265564918518,0.6502548009157181,0.08954708278179169
C2,1981,1,0.7246061861515045,0.6983504593372345,0.7114783227443695,0.027223309502005577
C2,1982,1,0.7462165653705597,0.8002126961946487,0.7732146307826042,0.045729368925094604
C2,1983,1,0.8231664448976517,0.8002126961946487,0.8116895705461502,0.029719509184360504
C2,1984,1,0.31718266010284424,0.7994720935821533,0.5583273768424988,0.05168904364109039
C2,1985,1,0.31718266010284424,0.7994720935821533,0.5583273768424988,0.050028081983327866
C2,1986,1,0.31718266010284424,0.8244711756706238,0.570826917886734,0.07066060602664948
C2,1987,1,0.3652076721191406,0.8244711756706238,0.5948394238948822,0.04223816096782684
C2,1988,1,0.3652076721191406,0.8244711756706238,0.5948394238948822,0.0329773984849453
C2,1989,1,0.5165873169898987,0.6991947591304779,0.6078910380601883,0.03850497305393219
C2,1990,1,0.4355018734931946,0.6991947591304779,0.5673483163118362,0.048443857580423355
C2,1991,1,0.4355018734931946,0.6166614592075348,0.5260816663503647,0.05802522227168083
C2,1992,1,0.47492551803588867,0.6166614592075348,0.5457934886217117,0.05484255403280258
C2,1993,1,0.370763897895813,0.891997829079628,0.6313808634877205,0.035722266882658005
C2,1994,1,0.33342403173446655,0.34316056966781616,0.33829230070114136,0.05272224545478821
C2,1995,1,0.4566933512687683,0.34132587909698486,0.3990096151828766,0.03660806640982628
C2,1996,1,0.43616706132888794,0.34132587909698486,0.3887464702129364,0.027503445744514465
C2,1997,1,0.43616706132888794,0.46705907583236694,0.45161306858062744,0.03510164096951485
C2,1998,1,0.4596549868583679,0.7968074828386307,0.6282312348484993,0.024627136066555977
C2,1999,1,0.33789122104644775,0.5273745656013489,0.4326328933238983,0.01598770171403885
C2,2000,1,0.6092308759689331,0.7968074828386307,0.7030191794037819,0.018991917371749878
C2,2001,1,0.40155261754989624,0.3842144012451172,0.3928835093975067,0.01902610994875431
C2,2002,1,0.6278920471668243,0.7316634953022003,0.6797777712345123,0.01902610994875431
C2,2003,1,0.28292447328567505,0.3831731677055359,0.33304882049560547,0.023459946736693382
C2,2004,1,0.28292447328567505,0.3831731677055359,0.33304882049560547,0.023459946736693382
C2,2005,1,0.28292447328567505,0.8518742918968201,0.5673993825912476,0.02685118466615677
C2,2006,1,0.28292447328567505,0.8518742918968201,0.5673993825912476,0.031116388738155365
C2,2007,1,0.24346518516540527,0.6995660364627838,0.47151561081409454,0.019616996869444847
C2,2008,1,0.24346518516540527,0.6995660364627838,0.47151561081409454,0.020897967740893364
C2,2009,1,0.24346518516540527,0.8275944739580154,0.5355298295617104,0.021654848009347916
C2,2010,1,0.24346518516540527,0.8624803721904755,0.5529727786779404,0.02132251113653183
C2,2011,1,0.1808081865310669,0.8624803721904755,0.5216442793607712,0.02644483745098114
C2,2012,1,0.18535739183425903,0.8624803721904755,0.5239188820123672,0.019863659515976906
C2,2013,1,0.1631144881248474,0.689990758895874,0.4265526235103607,0.019070139154791832
C2,2014,1,0.3404635190963745,0.5583056807518005,0.4493845999240875,0.02404378168284893
C2,2015,1,0.3404635190963745,0.8401443660259247,0.5903039425611496,0.02783171273767948
C2,2016,1,0.2360040545463562,0.8401443660259247,0.5380742102861404,0.027039967477321625
C2,2017,1,0.2360040545463562,0.8401443660259247,0.5380742102861404,0.04335751757025719
C2,2018,1,0.22828495502471924,0.6613678932189941,0.4448264241218567,0.03923308104276657
C2,2019,1,0.22375303506851196,0.7118597030639648,0.4678063690662384,0.025675907731056213
C2,2020,1,0.2349112629890442,0.6064335405826569,0.4206724017858505,0.035577744245529175
C2,2021,1,0.2349112629890442,0.6064335405826569,0.4206724017858505,0.04842616990208626
C2,2022,1,0.4202214479446411,0.41071975231170654,0.41547060012817383,0.04499964788556099
C2,2023,1,0.6535553634166718,0.6706202328205109,0.6620877981185913,0.05099986493587494
C2,2024,1,0.47152990102767944,0.6706202328205109,0.5710750669240952,0.06288088858127594
C2,2025,1,0.47152990102767944,0.3593626618385315,0.41544628143310547,0.06455156952142715
C2,2026,1,0.6535553634166718,0.5496460795402527,0.6016007214784622,0.08840575069189072
C2,2027,1,0.3978766202926636,0.5496460795402527,0.47376134991645813,0.08731476962566376
C2,2028,1,0.7295604646205902,0.5443414151668549,0.6369509398937225,0.05516067147254944
C2,2029,1,0.7295604646205902,0.3747105598449707,0.5521355122327805,0.04287242516875267
C2,2030,1,0.6517322659492493,0.3747105598449707,0.51322141289711,0.035048432648181915
C2,2031,1,0.6382784843444824,0.3747105598449707,0.5064945220947266,0.048935964703559875
C2,2032,1,0.7000644505023956,0.4327772259712219,0.5664208382368088,0.05338291451334953
C2,2033,1,0.5991527438163757,0.5988089740276337,0.5989808589220047,0.04903338849544525
C2,2034,1,0.5927257835865021,0.7832914888858795,0.6880086362361908,0.01568666100502014
C2,2035,1,0.5286271274089813,0.7795170098543167,0.654072068631649,0.04347040504217148
C2,2036,1,0.5181544125080109,0.29817819595336914,0.40816630423069,0.03171609714627266
C2,2037,1,0.5181544125080109,0.43950724601745605,0.47883082926273346,0.030792593955993652
C2,2038,1,0.6817563474178314,0.340229332447052,0.5109928399324417,0.015511255711317062
C2,2039,1,0.626775860786438,0.4109700918197632,0.5188729763031006,0.17044639587402344
C2,2040,1,0.4040488600730896,0.5151416063308716,0.4595952332019806,0.17269231379032135
C2,2041,1,0.4486556649208069,0.5151416063308716,0.48189863562583923,0.17269231379032135
C2,2042,1,0.4486556649208069,0.5151416063308716,0.48189863562583923,0.17269231379032135
C2,2043,1,0.5564022064208984,0.5654048323631287,0.5609035193920135,0.2138051688671112
C2,2044,1,0.6325161457061768,0.5654048323631287,0.5989604890346527,0.21672052145004272
C2,2045,1,0.6555986106395721,0.5654048323631287,0.6105017215013504,0.22341331839561462
C2,2046,1,0.2945316433906555,0.5654048323631287,0.4299682378768921,0.22341331839561462
C2,2047,1,0.2945316433906555,0.3998655676841736,0.34719860553741455,0.2024761140346527
C2,2048,1,0.27987122535705566,0.3998655676841736,0.3398683965206146,0.18807634711265564
C2,2049,1,0.2906126379966736,0.53079754114151,0.4107050895690918,0.057566020637750626
C2,2050,1,0.3340316414833069,0.47746241092681885,0.40574702620506287,0.08425544202327728
C2,2051,1,0.5012948215007782,0.4712417721748352,0.4862682968378067,0.07914096862077713
C2,2052,1,0.5012948215007782,0.3970945477485657,0.44919468462467194,0.11332118511199951
C2,2053,1,0.5012948215007782,0.46699339151382446,0.48414410650730133,0.1468825489282608
C2,2054,1,0.42128950357437134,0.5087827742099762,0.46503613889217377,0.1468825489282608
C2,2055,1,0.4886865019798279,0.5007153749465942,0.49470093846321106,0.11718737334012985
C2,2056,1,0.4322683811187744,0.7580552995204926,0.5951618403196335,0.059625379741191864
C2,2057,1,0.16055047512054443,0.8056974411010742,0.4831239581108093,0.03830081224441528
C2,2058,1,0.36420249938964844,0.7481152713298798,0.5561588853597641,0.03078523837029934
C2,2059,1,0.4019228219985962,0.7972414493560791,0.5995821356773376,0.04586050659418106
C2,2060,1,0.7185380756855011,0.24088841676712036,0.47971324622631073,0.043467700481414795
C2,2061,1,0.520934134721756,0.5782839357852936,0.5496090352535248,0.05448053777217865
C2,2062,1,0.5485590994358063,0.194036066532135,0.37129758298397064,0.05368683859705925
C2,2063,1,0.11962401866912842,0.31744396686553955,0.21853399276733398,0.06851828843355179
C2,2064,1,0.28725653886795044,0.0769692063331604,0.18211287260055542,0.036833517253398895
C2,2065,1,0.3593805432319641,0.1442919373512268,0.25183624029159546,0.04151412472128868
C2,2066,1,0.08955729007720947,0.46867674589157104,0.27911701798439026,0.044150300323963165
C2,2067,1,0.2293860912322998,0.32047802209854126,0.27493205666542053,0.03570367023348808
C2,2068,1,0.23432797193527222,0.5196957886219025,0.37701188027858734,0.0305637214332819
C2,2069,1,0.4045566916465759,0.35623103380203247,0.3803938627243042,0.03659756854176521
C2,2070,1,0.10730999708175659,0.11726415157318115,0.11228707432746887,0.04262779280543327
C2,2071,1,0.29922646284103394,0.07831919193267822,0.18877282738685608,0.039580829441547394
C2,2072,1,0.32914024591445923,0.15175187587738037,0.2404460608959198,0.04123620688915253
C2,2073,1,0.4417399764060974,0.10880821943283081,0.2752740979194641,0.0465991273522377
C2,2074,1,0.6356397271156311,0.2992033362388611,0.4674215316772461,0.048214178532361984
C2,2075,1,0.36925023794174194,0.26239198446273804,0.31582111120224,0.05222363397479057
C2,2076,1,0.17810273170471191,0.3711971640586853,0.2746499478816986,0.02837599627673626
C2,2077,1,0.25007718801498413,0.2528773546218872,0.25147727131843567,0.026876108720898628
C2,2078,1,0.1958034634590149,0.2528773546218872,0.22434040904045105,0.022464584559202194
C2,2079,1,0.07461833953857422,0.21587395668029785,0.14524614810943604,0.02328699827194214
C2,2080,1,0.08785539865493774,0.2054140567779541,0.14663472771644592,0.030955588445067406
C2,2081,1,0.3462866544723511,0.2054140567779541,0.2758503556251526,0.02850918099284172
C2,2082,1,0.3332441449165344,0.06174898147583008,0.19749656319618225,0.016112705692648888
C2,2083,1,0.2398078441619873,0.18997550010681152,0.21489167213439941,0.02166067622601986
C2,2084,1,0.313291072845459,0.29560387134552,0.3044474720954895,0.028646966442465782
C2,2085,1,0.3854368329048157,0.13357043266296387,0.25950363278388977,0.027445675805211067
C2,2086,1,0.38282179832458496,0.10033094882965088,0.24157637357711792,0.024473853409290314
C2,2087,1,0.1967734694480896,0.07277023792266846,0.13477185368537903,0.0327216275036335
C2,2088,1,0.1942499876022339,0.04862189292907715,0.12143594026565552,0.031114941462874413
C2,2089,1,0.19575095176696777,0.10766589641571045,0.1517084240913391,0.04953633248806
C2,2090,1,0.30623340606689453,0.2715144157409668,0.28887391090393066,0.031391486525535583
C2,2091,1,0.34021979570388794,0.10907721519470215,0.22464850544929504,0.034909285604953766
C2,2092,1,0.23444396257400513,0.3042815327644348,0.26936274766921997,0.016681300476193428
C2,2093,1,0.13357239961624146,0.1798500418663025,0.15671122074127197,0.017356526106595993
C2,2094,1,0.1931026577949524,0.11711490154266357,0.15510877966880798,0.017310896888375282
C2,2095,1,0.10786479711532593,0.11711490154266357,0.11248984932899475,0.016137253493070602
C2,2096,1,0.40760642290115356,0.14328747987747192,0.27544695138931274,0.016317203640937805
C2,2097,1,0.3068774342536926,0.2747802138328552,0.2908288240432739,0.019640156999230385
C2,2098,1,0.21937453746795654,0.3867949843406677,0.30308476090431213,0.019640156999230385
C2,2099,1,0.39066171646118164,0.14255940914154053,0.2666105628013611,0.07327227294445038
C2,2100,1,0.39066171646118164,0.14255940914154053,0.2666105628013611,0.05030021443963051
C2,2101,1,0.40044158697128296,0.07790184020996094,0.23917171359062195,0.0512629970908165
C2,2102,1,0.40384966135025024,0.05515265464782715,0.2295011579990387,0.07378937304019928
C2,2103,1,0.5417572557926178,0.07665383815765381,0.3092055469751358,0.08690740913152695
C2,2104,1,0.585085928440094,0.07665383815765381,0.3308698832988739,0.06959804892539978
C2,2105,1,0.46937137842178345,0.10709601640701294,0.2882336974143982,0.0685354694724083
C2,2106,1,0.46937137842178345,0.1450747847557068,0.3072230815887451,0.05721350386738777
C2,2107,1,0.2686927318572998,0.18379586935043335,0.22624430060386658,0.047707200050354004
C2,2108,1,0.3786938786506653,0.12402856349945068,0.251361221075058,0.04605885222554207
C2,2109,1,0.1503698229789734,0.1647133231163025,0.15754157304763794,0.025359855964779854
C2,2110,1,0.10395944118499756,0.15067946910858154,0.12731945514678955,0.029719557613134384
C2,2111,1,0.057031333446502686,0.22522735595703125,0.14112934470176697,0.051856379956007004
C2,2112,1,0.07185733318328857,0.2937697768211365,0.18281355500221252,0.05440158769488335
C2,2113,1,0.31880277395248413,0.15817409753799438,0.23848843574523926,0.05785468593239784
C2,2114,1,0.22723537683486938,0.3173638582229614,0.2722996175289154,0.08935441821813583
C2,2115,1,0.14506208896636963,0.22750550508499146,0.18628379702568054,0.08935103565454483
C2,2116,1,0.3926772475242615,0.22750550508499146,0.31009137630462646,0.06832113116979599
C2,2117,1,0.5692529380321503,0.11162912845611572,0.340441033244133,0.07929756492376328
C2,2118,1,0.46091198921203613,0.10420382022857666,0.2825579047203064,0.08124306052923203
C2,2119,1,0.43056976795196533,0.10420382022857666,0.267386794090271,0.08124306052923203
C2,2120,1,0.3481924533843994,0.10420382022857666,0.22619813680648804,0.07623285800218582
C2,2121,1,0.2144802212715149,0.2538294792175293,0.2341548502445221,0.06031787022948265
C2,2122,1,0.22528070211410522,0.19381451606750488,0.20954760909080505,0.10951334983110428
C2,2123,1,0.11111027002334595,0.1716148853302002,0.14136257767677307,0.10856896638870239
C2,2124,1,0.1959904432296753,0.19429916143417358,0.19514480233192444,0.09422561526298523
C2,2125,1,0.23010671138763428,0.15638363361358643,0.19324517250061035,0.08002807945013046
C2,2126,1,0.4118571877479553,0.15638363361358643,0.2841204106807709,0.06767280399799347
C2,2127,1,0.37320476770401,0.15638363361358643,0.2647942006587982,0.024462690576910973
C2,2128,1,0.5864061117172241,0.14302051067352295,0.36471331119537354,0.06394951790571213
C2,2129,1,0.47888386249542236,0.14302051067352295,0.31095218658447266,0.05919799581170082
C2,2130,1,0.5977969169616699,0.052404820919036865,0.3251008689403534,0.05142025277018547
C2,2131,1,0.7183808386325836,0.045689284801483154,0.3820350617170334,0.05880943685770035
C2,2132,1,0.4114081859588623,0.08043020963668823,0.24591919779777527,0.06337027996778488
C2,2133,1,0.4080115556716919,0.15045636892318726,0.2792339622974396,0.09183690696954727
C2,2134,1,0.45448023080825806,0.15045636892318726,0.30246829986572266,0.09664274752140045
C2,2135,1,0.348200261592865,0.25904935598373413,0.30362480878829956,0.09385959804058075
C2,2136,1,0.4360475540161133,0.32114410400390625,0.37859582901000977,0.07730486243963242
C2,2137,1,0.41098088026046753,0.3382869362831116,0.37463390827178955,0.08532650768756866
C2,2138,1,0.19030225276947021,0.19944548606872559,0.1948738694190979,0.07405735552310944
C2,2139,1,0.19030225276947021,0.32204747200012207,0.25617486238479614,0.07124876230955124
C2,2140,1,0.26545220613479614,0.2578662633895874,0.2616592347621918,0.07124876230955124
C2,2141,1,0.3516886830329895,0.3194628953933716,0.33557578921318054,0.06930293142795563
C2,2142,1,0.3980984687805176,0.24898028373718262,0.3235393762588501,0.08223548531532288
C2,2143,1,0.2604871988296509,0.18757563829421997,0.22403141856193542,0.08356597274541855
C2,2144,1,0.24834269285202026,0.2572562098503113,0.25279945135116577,0.09127328544855118
C2,2145,1,0.2522590756416321,0.09054386615753174,0.1714014708995819,0.1136302500963211
C2,2146,1,0.28327637910842896,0.25706911087036133,0.27017274498939514,0.116488978266716
C2,2147,1,0.3210293650627136,0.30869221687316895,0.3148607909679413,0.11492656916379929
C2,2148,1,0.446161150932312,0.2301066517829895,0.33813390135765076,0.1166582852602005
C2,2149,1,0.4508703351020813,0.2301066517829895,0.3404884934425354,0.12194233387708664
C2,2150,1,0.28760606050491333,0.3147205114364624,0.30116328597068787,0.13766314089298248
C2,2151,1,0.49286317825317383,0.20938372611999512,0.3511234521865845,0.09323658049106598
C2,2152,1,0.37036699056625366,0.2131863236427307,0.2917766571044922,0.051964037120342255
C2,2153,1,0.2220584750175476,0.15269923210144043,0.18737885355949402,0.06930497288703918
C2,2154,1,0.3278982639312744,0.15269923210144043,0.24029874801635742,0.06405385583639145
C2,2155,1,0.2666347622871399,0.09368646144866943,0.18016061186790466,0.06044253706932068
C2,2156,1,0.3295510411262512,0.0834810733795166,0.2065160572528839,0.061088938266038895
C2,2157,1,0.28764092922210693,0.08656233549118042,0.18710163235664368,0.04721197113394737
C2,2158,1,0.23873811960220337,0.24379700422286987,0.24126756191253662,0.049533143639564514
C2,2159,1,0.09622460603713989,0.035839736461639404,0.06603217124938965,0.1728823035955429
C2,2160,1,0.08399289846420288,0.03572326898574829,0.059858083724975586,0.3122580349445343
C2,2161,1,0.07583123445510864,0.058128952980041504,0.06698009371757507,0.30572834610939026
C2,2162,1,0.13068807125091553,0.031518757343292236,0.08110341429710388,0.25600090622901917
C2,2163,1,0.15217649936676025,0.03554719686508179,0.09386184811592102,0.25315725803375244
C2,2164,1,0.28088366985321045,0.02761530876159668,0.15424948930740356,0.17524367570877075
C2,2165,1,0.3943953514099121,0.031493544578552246,0.21294444799423218,0.11018303036689758
C2,2166,1,0.24379867315292358,0.06743550300598145,0.15561708807945251,0.11018303036689758
C2,2167,1,0.38673895597457886,0.42355871200561523,0.40514883399009705,0.09025122970342636
C2,2168,1,0.4818846583366394,0.1973705291748047,0.33962759375572205,0.09683071821928024
C2,2169,1,0.4509683847427368,0.1218685507774353,0.28641846776008606,0.17311249673366547
C2,2170,1,0.396184504032135,0.1611793041229248,0.2786819040775299,0.16749195754528046
C2,2171,1,0.396184504032135,0.10109949111938477,0.2486419975757599,0.18254107236862183
C2,2172,1,0.3153263330459595,0.07161855697631836,0.19347244501113892,0.11643214523792267
C2,2173,1,0.37925875186920166,0.07161855697631836,0.22543865442276,0.24159877002239227
C2,2174,1,0.37925875186920166,0.10678255558013916,0.2430206537246704,0.24159877002239227
C2,2175,1,0.37299221754074097,0.10678255558013916,0.23988738656044006,0.1448725461959839
C2,2176,1,0.3689209818840027,0.12500733137130737,0.24696415662765503,0.13121004402637482
C2,2177,1,0.28920960426330566,0.15158796310424805,0.22039878368377686,0.1487835943698883
C2,2178,1,0.3338583707809448,0.11099910736083984,0.22242873907089233,0.1538066565990448
C2,2179,1,0.2427610158920288,0.1265277862548828,0.1846444010734558,0.1559402197599411
C2,2180,1,0.15984880924224854,0.22968220710754395,0.19476550817489624,0.1115756630897522
C2,2181,1,0.19352442026138306,0.07372558116912842,0.13362500071525574,0.08501499891281128
C2,2182,1,0.15366625785827637,0.1088402271270752,0.13125324249267578,0.06500296294689178
C2,2183,1,0.1899169683456421,0.014543116092681885,0.10223004221916199,0.13064375519752502
C2,2184,1,0.19509345293045044,0.026211678981781006,0.11065256595611572,0.1299906224012375
C2,2185,1,0.21282023191452026,0.028546810150146484,0.12068352103233337,0.08718480169773102
C2,2186,1,0.13911467790603638,0.058670997619628906,0.09889283776283264,0.08187714219093323
C2,2187,1,0.22422271966934204,0.14763647317886353,0.18592959642410278,0.05165529623627663
C2,2188,1,0.3251166343688965,0.09468185901641846,0.20989924669265747,0.09002885222434998
C2,2189,1,0.19185352325439453,0.08378952741622925,0.1378215253353119,0.08078662306070328
C2,2190,1,0.16490614414215088,0.18930697441101074,0.1771065592765808,0.06959028542041779
C2,2191,1,0.11463505029678345,0.3446040749549866,0.229619562625885,0.06077985465526581
C2,2192,1,0.20298975706100464,0.2776206135749817,0.24030518531799316,0.06288488209247589
C2,2193,1,0.5351005792617798,0.32322752475738525,0.4291640520095825,0.028058035299181938
C2,2194,1,0.5436660647392273,0.32403701543807983,0.43385154008865356,0.028035296127200127
C2,2195,1,0.41787493228912354,0.5329115986824036,0.47539326548576355,0.024270035326480865
C2,2196,1,0.43116557598114014,0.5329115986824036,0.48203858733177185,0.05967156961560249
C2,2197,1,0.2610613703727722,0.22910058498382568,0.24508097767829895,0.04022613912820816
C2,2198,1,0.3522474765777588,0.2509680986404419,0.30160778760910034,0.09387708455324173
C2,2199,1,0.48850178718566895,0.12502706050872803,0.3067644238471985,0.06385237723588943
C2,2200,1,0.4176449179649353,0.30995607376098633,0.3638004958629608,0.06951148062944412
C2,2201,1,0.2164413332939148,0.07376760244369507,0.14510446786880493,0.07514624297618866
C2,2202,1,0.28788888454437256,0.06024724245071411,0.17406806349754333,0.07442481070756912
C2,2203,1,0.47090810537338257,0.10682493448257446,0.2888665199279785,0.11622209846973419
C2,2204,1,0.4897482395172119,0.297559916973114,0.39365407824516296,0.12444233149290085
C2,2205,1,0.43850767612457275,0.21212530136108398,0.32531648874282837,0.07423321157693863
C2,2206,1,0.29706597328186035,0.16924947500228882,0.23315772414207458,0.1121944710612297
C2,2207,1,0.33508849143981934,0.22147631645202637,0.27828240394592285,0.10560773313045502
C2,2208,1,0.4442254304885864,0.1170545220375061,0.28063997626304626,0.10283800214529037
C2,2209,1,0.39586323499679565,0.12326973676681519,0.2595664858818054,0.1277276575565338
C2,2210,1,0.39586323499679565,0.12326973676681519,0.2595664858818054,0.12708012759685516
C2,2211,1,0.40452587604522705,0.10232466459274292,0.253425270318985,0.13212044537067413
C2,2212,1,0.2846970558166504,0.1309499740600586,0.2078235149383545,0.04941987991333008
C2,2213,1,0.2846970558166504,0.12914693355560303,0.2069219946861267,0.0529770590364933
C2,2214,1,0.2846970558166504,0.0758054256439209,0.18025124073028564,0.0529770590364933
C2,2215,1,0.38305288553237915,0.11530041694641113,0.24917665123939514,0.04245012626051903
C2,2216,1,0.38305288553237915,0.11530041694641113,0.24917665123939514,0.10043083131313324
C2,2217,1,0.4242008924484253,0.07155191898345947,0.24787640571594238,0.10043083131313324
C2,2218,1,0.4082416892051697,0.07155191898345947,0.23989680409431458,0.1338818073272705
C2,2219,1,0.29616862535476685,0.05713695287704468,0.17665278911590576,0.09018389880657196
C2,2220,1,0.3337883949279785,0.11082619428634644,0.22230729460716248,0.11139219999313354
C2,2221,1,0.40695303678512573,0.22626763582229614,0.31661033630371094,0.10318201780319214
C2,2222,1,0.40695303678512573,0.22626763582229614,0.31661033630371094,0.09698688983917236
C2,2223,1,0.21665865182876587,0.2081964612007141,0.21242755651474,0.09705562144517899
C2,2224,1,0.2299749255180359,0.20963144302368164,0.21980318427085876,0.13721036911010742
C2,2225,1,0.1669694185256958,0.33994340896606445,0.2534564137458801,0.08293314278125763
C2,2226,1,0.11704915761947632,0.3906159996986389,0.2538325786590576,0.10191972553730011
C2,2227,1,0.07130610942840576,0.26434457302093506,0.1678253412246704,0.06215684488415718
C2,2228,1,0.05992645025253296,0.2597233057022095,0.15982487797737122,0.03426709398627281
C2,2229,1,0.25067025423049927,0.18441122770309448,0.21754074096679688,0.04989365488290787
C2,2230,1,0.35515522956848145,0.18441122770309448,0.26978322863578796,0.04989365488290787
C2,2231,1,0.5580304265022278,0.18441122770309448,0.37122082710266113,0.06001473590731621
C2,2232,1,0.5580304265022278,0.32355475425720215,0.44079259037971497,0.04438691958785057
C2,2233,1,0.5589570999145508,0.32355475425720215,0.44125592708587646,0.04438691958785057
C2,2234,1,0.4667222499847412,0.13212311267852783,0.2994226813316345,0.04438691958785057
C2,2235,1,0.584130734205246,0.1771562695503235,0.38064350187778473,0.03401484712958336
C2,2236,1,0.4612458348274231,0.2550205588340759,0.3581331968307495,0.031872063875198364
C2,2237,1,0.5034995079040527,0.26424282789230347,0.3838711678981781,0.02886061556637287
C2,2238,1,0.5231465101242065,0.21834659576416016,0.37074655294418335,0.03461156040430069
C2,2239,1,0.3525431156158447,0.17519932985305786,0.2638712227344513,0.04787472262978554
C2,2240,1,0.2472372055053711,0.22606539726257324,0.23665130138397217,0.058387067168951035
C2,2241,1,0.2472372055053711,0.1598377227783203,0.2035374641418457,0.03741220012307167
C2,2242,1,0.2457835078239441,0.1598377227783203,0.2028106153011322,0.03810069337487221
C2,2243,1,0.2457835078239441,0.09724956750869751,0.1715165376663208,0.07663481682538986
C2,2244,1,0.23125845193862915,0.20408082008361816,0.21766963601112366,0.07875145971775055
C2,2245,1,0.35259759426116943,0.13242721557617188,0.24251240491867065,0.07399281859397888
C2,2246,1,0.5228653252124786,0.255535364151001,0.3892003446817398,0.07195504009723663
C2,2247,1,0.48874664306640625,0.255535364151001,0.3721410036087036,0.09075736254453659
C2,2248,1,0.18541878461837769,0.2881355881690979,0.2367771863937378,0.061907850205898285
C2,2249,1,0.3227550983428955,0.20114552974700928,0.2619503140449524,0.1092996895313263
C2,2250,1,0.3222670555114746,0.17329514026641846,0.24778109788894653,0.13644373416900635
C2,2251,1,0.4874951243400574,0.19562965631484985,0.3415623903274536,0.09590721130371094
C2,2252,1,0.42050647735595703,0.11119145154953003,0.26584896445274353,0.10637179017066956
C2,2253,1,0.3890385031700134,0.24190163612365723,0.3154700696468353,0.12809814512729645
C2,2254,1,0.3890385031700134,0.24190163612365723,0.3154700696468353,0.12809814512729645
C2,2255,1,0.3808109760284424,0.06531232595443726,0.22306165099143982,0.10396331548690796
C2,2256,1,0.3733130097389221,0.16421329975128174,0.26876315474510193,0.10474374145269394
C2,2257,1,0.22248846292495728,0.16421329975128174,0.1933508813381195,0.11828768998384476
C2,2258,1,0.24284738302230835,0.16421329975128174,0.20353034138679504,0.11828768998384476
C2,2259,1,0.2069246768951416,0.18949639797210693,0.19821053743362427,0.11569855362176895
C2,2260,1,0.21881765127182007,0.18949639797210693,0.2041570246219635,0.1251785010099411
C2,2261,1,0.21731352806091309,0.24480092525482178,0.23105722665786743,0.11310388892889023
C2,2262,1,0.2148851752281189,0.18423575162887573,0.19956046342849731,0.11310388892889023
C2,2263,1,0.17262619733810425,0.10598546266555786,0.13930583000183105,0.11250989139080048
C2,2264,1,0.17962044477462769,0.10598546266555786,0.14280295372009277,0.11250989139080048
C2,2265,1,0.21890109777450562,0.08211159706115723,0.15050634741783142,0.11250989139080048
C2,2266,1,0.21890109777450562,0.0892876386642456,0.1540943682193756,0.11250989139080048
C2,2267,1,0.5928904414176941,0.08473140001296997,0.33881092071533203,0.11250989139080048
C2,2268,1,0.3402852416038513,0.08473140001296997,0.21250832080841064,0.09519030153751373
C2,2269,1,0.38007456064224243,0.08473140001296997,0.2324029803276062,0.10270097851753235
C2,2270,1,0.3619258403778076,0.08473140001296997,0.2233286201953888,0.10270097851753235
C2,2271,1,0.3272063136100769,0.10389798879623413,0.21555215120315552,0.10414830595254898
C2,2272,1,0.3272063136100769,0.18639636039733887,0.2568013370037079,0.12984693050384521
C2,2273,1,0.29810887575149536,0.18926918506622314,0.24368903040885925,0.11438370496034622
C2,2274,1,0.3153229355812073,0.14756745100021362,0.23144519329071045,0.1169879138469696
C2,2275,1,0.3153229355812073,0.18926918506622314,0.2522960603237152,0.13329006731510162
C2,2276,1,0.3153229355812073,0.18926918506622314,0.2522960603237152,0.12732139229774475
C2,2277,1,0.5963488221168518,0.15317386388778687,0.37476134300231934,0.12732139229774475
C2,2278,1,0.3990303874015808,0.11085981130599976,0.2549450993537903,0.13186782598495483
C2,2279,1,0.19798672199249268,0.07588589191436768,0.13693630695343018,0.49589046835899353
C2,2280,1,0.18048930168151855,0.07588589191436768,0.12818759679794312,0.49589046835899353
C2,2281,1,0.12278079986572266,0.059438228607177734,0.0911095142364502,0.49589046835899353
C2,2282,1,0.12278079986572266,0.09290105104446411,0.10784092545509338,0.5002591013908386
C2,2283,1,0.2097291350364685,0.10177922248840332,0.1557541787624359,0.5168244242668152
C2,2284,1,0.23825913667678833,0.05212438106536865,0.1451917588710785,0.4367319643497467
C2,2285,1,0.32677096128463745,0.010863065719604492,0.16881701350212097,0.3708115816116333
C2,2286,1,0.21586400270462036,0.008173108100891113,0.11201855540275574,0.4636712074279785
C2,2287,1,0.21904730796813965,0.01268678903579712,0.11586704850196838,0.40026307106018066
C2,2288,1,0.14917194843292236,0.04112815856933594,0.09515005350112915,0.34656423330307007
C2,2289,1,0.24030429124832153,0.024405062198638916,0.13235467672348022,0.3509441912174225
C2,2290,1,0.2725200057029724,0.07705420255661011,0.17478710412979126,0.2692844569683075
C2,2291,1,0.12320399284362793,0.062436044216156006,0.09282001852989197,0.1589922457933426
C2,2292,1,0.22044289112091064,0.1377900242805481,0.17911645770072937,0.14206905663013458
C2,2293,1,0.4337735176086426,0.11177152395248413,0.27277252078056335,0.0948963463306427
C2,2294,1,0.28696298599243164,0.12325918674468994,0.2051110863685608,0.08773443847894669
C2,2295,1,0.11696016788482666,0.13511443138122559,0.12603729963302612,0.08112061023712158
C2,2296,1,0.18108117580413818,0.13769572973251343,0.1593884527683258,0.05618898943066597
C2,2297,1,0.6483345031738281,0.20495057106018066,0.4266425371170044,0.05824563279747963
C2,2298,1,0.3681560754776001,0.15856492519378662,0.26336050033569336,0.0581221878528595
C2,2299,1,0.35717475414276123,0.09612196683883667,0.22664836049079895,0.05871417745947838
C2,2300,1,0.37351369857788086,0.09612196683883667,0.23481783270835876,0.05807819962501526
C2,2301,1,0.5450606644153595,0.143618643283844,0.34433965384960175,0.07755440473556519
C2,2302,1,0.4939592480659485,0.16773515939712524,0.33084720373153687,0.08718771487474442
C2,2303,1,0.3979872465133667,0.14812391996383667,0.2730555832386017,0.08276364952325821
C2,2304,1,0.27938830852508545,0.059258997440338135,0.1693236529827118,0.0922594740986824
C2,2305,1,0.4108777642250061,0.26872682571411133,0.3398022949695587,0.12026460468769073
C2,2306,1,0.4642263650894165,0.21808075904846191,0.3411535620689392,0.09787514805793762
C2,2307,1,0.26652300357818604,0.21488702297210693,0.24070501327514648,0.03273430094122887
C2,2308,1,0.17006731033325195,0.351887583732605,0.26097744703292847,0.04263514280319214
C2,2309,1,0.29032647609710693,0.17846763134002686,0.2343970537185669,0.04110288247466087
C2,2310,1,0.18150180578231812,0.2701253890991211,0.2258135974407196,0.0436692051589489
C2,2311,1,0.38054513931274414,0.19204485416412354,0.28629499673843384,0.0436692051589489
C2,2312,1,0.11267679929733276,0.07036799192428589,0.09152239561080933,0.04538200795650482
C2,2313,1,0.2086971402168274,0.11205923557281494,0.16037818789482117,0.03149807080626488
C2,2314,1,0.45583242177963257,0.26983022689819336,0.36283132433891296,0.01616058126091957
C2,2315,1,0.3955991864204407,0.22618740797042847,0.31089329719543457,0.024765754118561745
C2,2316,1,0.45938241481781006,0.19816303253173828,0.32877272367477417,0.044213347136974335
C2,2317,1,0.4583545923233032,0.19052958488464355,0.3244420886039734,0.03829166293144226
C2,2318,1,0.528691977262497,0.33062058687210083,0.4296562820672989,0.03155739977955818
C2,2319,1,0.5697563588619232,0.24128836393356323,0.4055223613977432,0.021211467683315277
C2,2320,1,0.6351615488529205,0.5452430844306946,0.5902023166418076,0.02457316592335701
C2,2321,1,0.43507373332977295,0.26736563444137573,0.35121968388557434,0.04576565697789192
C2,2322,1,0.6697618067264557,0.1560928225517273,0.4129273146390915,0.030983950942754745
C2,2323,1,0.4213407635688782,0.13932383060455322,0.2803322970867157,0.0614980086684227
C2,2324,1,0.6088810563087463,0.1196749210357666,0.36427798867225647,0.030041828751564026
C2,2325,1,0.3474544286727905,0.18382900953292847,0.2656417191028595,0.015569622628390789
C2,2326,1,0.36474573612213135,0.2583109736442566,0.31152835488319397,0.05318316072225571
C2,2327,1,0.32211071252822876,0.22056013345718384,0.2713354229927063,0.039115238934755325
C2,2328,1,0.5412232577800751,0.35190755128860474,0.4465654045343399,0.06761110574007034
C2,2329,1,0.4389864206314087,0.6257575452327728,0.5323719829320908,0.06751395016908646
C2,2330,1,0.37735235691070557,0.4278861880302429,0.40261927247047424,0.02163333259522915
C2,2331,1,0.4837532043457031,0.39348292350769043,0.4386180639266968,0.02242094650864601
C2,2332,1,0.40619152784347534,0.4797818660736084,0.44298669695854187,0.034679532051086426
C2,2333,1,0.3752535581588745,0.4651828408241272,0.42021819949150085,0.038551509380340576
C2,2334,1,0.3279895782470703,0.36610108613967896,0.34704533219337463,0.03872005268931389
C2,2335,1,0.24162518978118896,0.16339534521102905,0.202510267496109,0.04743093624711037
C2,2336,1,0.1892375349998474,0.19868236780166626,0.19395995140075684,0.08198344707489014
C2,2337,1,0.23588210344314575,0.26496201753616333,0.25042206048965454,0.03583429753780365
C2,2338,1,0.27129173278808594,0.26496201753616333,0.26812687516212463,0.04543498530983925
C2,2339,1,0.08112764358520508,0.25533390045166016,0.16823077201843262,0.15676040947437286
C2,2340,1,0.0716925859451294,0.17141348123550415,0.12155303359031677,0.20928871631622314
C2,2341,1,0.1705092191696167,0.17141348123550415,0.17096135020256042,0.2251773327589035
C2,2342,1,0.22179436683654785,0.15323406457901,0.18751421570777893,0.28676995635032654
C2,2343,1,0.13264226913452148,0.12682688236236572,0.1297345757484436,0.1832435131072998
C2,2344,1,0.170188307762146,0.3286237120628357,0.24940600991249084,0.23033709824085236
C2,2345,1,0.15780502557754517,0.10212856531143188,0.12996679544448853,0.2313241809606552
C2,2346,1,0.1579418182373047,0.3014448881149292,0.22969335317611694,0.1942862868309021
C2,2347,1,0.47466349601745605,0.2185613512992859,0.34661242365837097,0.12171483784914017
C2,2348,1,0.3370205760002136,0.3434181213378906,0.3402193486690521,0.12171483784914017
C2,2349,1,0.40478503704071045,0.28756892681121826,0.34617698192596436,0.14656765758991241
C2,2350,1,0.551557183265686,0.07167208194732666,0.31161463260650635,0.13406361639499664
C2,2351,1,0.08683693408966064,0.6600887775421143,0.37346285581588745,0.11256685107946396
C2,2352,1,0.6080873310565948,0.6696259677410126,0.6388566493988037,0.10462336987257004
C2,2353,1,0.5637442171573639,0.8249437063932419,0.6943439617753029,0.05936194211244583
C2,2354,1,0.5701392292976379,0.45416557788848877,0.5121524035930634,0.10712999105453491
C2,2355,1,0.6233127415180206,0.5455172657966614,0.584415003657341,0.10712999105453491
C2,2356,1,0.2774134874343872,0.5271068513393402,0.4022601693868637,0.08720695227384567
C2,2357,1,0.264889657497406,0.7487625479698181,0.5068261027336121,0.08720695227384567
C2,2358,1,0.2784078121185303,0.79877570271492,0.5385917574167252,0.08720695227384567
C2,2359,1,0.3447645902633667,0.8260330706834793,0.585398830473423,0.0936412662267685
C2,2360,1,0.365661084651947,0.6374705135822296,0.5015657991170883,0.08352687209844589
C2,2361,1,0.7328405380249023,0.8457507640123367,0.7892956510186195,0.0887322872877121
C2,2362,1,0.6898094713687897,0.8510881215333939,0.7704487964510918,0.09110568463802338
C2,2363,1,0.4124448895454407,0.8869180902838707,0.6496814899146557,0.08040061593055725
C2,2364,1,0.19750523567199707,0.8816732168197632,0.5395892262458801,0.10121680051088333
C2,2365,1,0.3043287992477417,0.21096748113632202,0.25764814019203186,0.08722217381000519
C2,2366,1,0.41239428520202637,0.5975609123706818,0.5049775987863541,0.057237762957811356
C2,2367,1,0.34962189197540283,0.7287653088569641,0.5391936004161835,0.050349220633506775
C2,2368,1,0.3524039387702942,0.6334362328052521,0.49292008578777313,0.06198715791106224
C2,2369,1,0.7189262807369232,0.7395477890968323,0.7292370349168777,0.09416641294956207
C2,2370,1,0.46940410137176514,0.7331003248691559,0.6012522131204605,0.10415931791067123
C2,2371,1,0.2562798857688904,0.2583266496658325,0.25730326771736145,0.14185667037963867
C2,2372,1,0.524325042963028,0.17318499088287354,0.34875501692295074,0.10348266363143921
C2,2373,1,0.6412511169910431,0.20901262760162354,0.4251318722963333,0.11438056081533432
C2,2374,1,0.5785155296325684,0.24844211339950562,0.413478821516037,0.11371351778507233
C2,2375,1,0.06894832849502563,0.6676576137542725,0.36830297112464905,0.12278653681278229
C2,2376,1,0.41456300020217896,0.5313285291194916,0.47294576466083527,0.11873461306095123
C2,2377,1,0.32926857471466064,0.42246681451797485,0.37586769461631775,0.1598776876926422
C2,2378,1,0.3476828336715698,0.46006274223327637,0.4038727879524231,0.1635301560163498
C2,2379,1,0.12943845987319946,0.2186933159828186,0.17406588792800903,0.13112616539001465
C2,2380,1,0.40915733575820923,0.25209325551986694,0.3306252956390381,0.09570814669132233
C2,2381,1,0.37589555978775024,0.32188111543655396,0.3488883376121521,0.15829382836818695
C2,2382,1,0.4964779019355774,0.241676926612854,0.3690774142742157,0.1600429266691208
C2,2383,1,0.5820996165275574,0.2764286994934082,0.4292641580104828,0.10731558501720428
C2,2384,1,0.5311438143253326,0.34688299894332886,0.43901340663433075,0.06831742078065872
C2,2385,1,0.5431449115276337,0.18376147747039795,0.3634531944990158,0.07618284970521927
C2,2386,1,0.668340653181076,0.11047488451004028,0.38940776884555817,0.07949145883321762
C2,2387,1,0.6475342214107513,0.04275500774383545,0.3451446145772934,0.08468662947416306
C2,2388,1,0.5949617326259613,0.11550891399383545,0.3552353233098984,0.08348888903856277
C2,2389,1,0.53388512134552,0.155687153339386,0.344786137342453,0.10110201686620712
C2,2390,1,0.5664459764957428,0.1518802046775818,0.3591630905866623,0.10110201686620712
C2,2391,1,0.6500642001628876,0.2600390315055847,0.45505161583423615,0.0957006961107254
C2,2392,1,0.6195310652256012,0.1778101921081543,0.39867062866687775,0.11168589442968369
C2,2393,1,0.5321551561355591,0.2784622311592102,0.40530869364738464,0.12550956010818481
C2,2394,1,0.5446588397026062,0.26440000534057617,0.4045294225215912,0.12157143652439117
C2,2395,1,0.14900535345077515,0.19446802139282227,0.1717366874217987,0.1560230702161789
C2,2396,1,0.14900535345077515,0.19446802139282227,0.1717366874217987,0.1560230702161789
C2,2397,1,0.17042529582977295,0.18642014265060425,0.1784227192401886,0.14875124394893646
C2,2398,1,0.15324920415878296,0.18642014265060425,0.1698346734046936,0.11886417120695114
C2,2399,1,0.26759880781173706,0.06966710090637207,0.16863295435905457,0.11218602955341339
C2,2400,1,0.26759880781173706,0.06966710090637207,0.16863295435905457,0.12415905296802521
C2,2401,1,0.26759880781173706,0.06966710090637207,0.16863295435905457,0.20008514821529388
C2,2402,1,0.26759880781173706,0.06966710090637207,0.16863295435905457,0.20861902832984924
C2,2403,1,0.23399734497070312,0.06966710090637207,0.1518322229385376,0.19662460684776306
C2,2404,1,0.3836805820465088,0.13387417793273926,0.258777379989624,0.09597436338663101
C2,2405,1,0.381015419960022,0.12656718492507935,0.25379130244255066,0.10355211049318314
C2,2406,1,0.3836805820465088,0.20172524452209473,0.29270291328430176,0.09823326766490936
C2,2407,1,0.46665751934051514,0.20172524452209473,0.33419138193130493,0.08910264819860458
C2,2408,1,0.5211349725723267,0.2146664261817932,0.36790069937705994,0.08771291375160217
C2,2409,1,0.5601378381252289,0.2146664261817932,0.38740213215351105,0.08917004615068436
C2,2410,1,0.5408856868743896,0.2146664261817932,0.37777605652809143,0.07650728523731232
C2,2411,1,0.7120306193828583,0.15545743703842163,0.43374402821063995,0.07757949829101562
C2,2412,1,0.6422156989574432,0.15545743703842163,0.39883656799793243,0.11257016658782959
C2,2413,1,0.588490754365921,0.05066549777984619,0.3195781260728836,0.25125065445899963
C2,2414,1,0.2774730324745178,0.08762234449386597,0.1825476884841919,0.25125065445899963
C2,2415,1,0.1625605821609497,0.07973372936248779,0.12114715576171875,0.1893547773361206
C2,2416,1,0.18916553258895874,0.11453717947006226,0.1518513560295105,0.15952685475349426
C2,2417,1,0.1892848014831543,0.1371808648109436,0.16323283314704895,0.07983618974685669
C2,2418,1,0.26136839389801025,0.10393416881561279,0.18265128135681152,0.07983618974685669
C2,2419,1,0.25978565216064453,0.34526538848876953,0.30252552032470703,0.11401240527629852
C2,2420,1,0.16252297163009644,0.34526538848876953,0.253894180059433,0.13613155484199524
C2,2421,1,0.19957560300827026,0.22180134057998657,0.21068847179412842,0.06867285817861557
C2,2422,1,0.23433023691177368,0.22180134057998657,0.22806578874588013,0.05983251705765724
C2,2423,1,0.2252376675605774,0.4699655771255493,0.34760162234306335,0.05939388647675514
C2,2424,1,0.1175236701965332,0.4699655771255493,0.29374462366104126,0.057818833738565445
C2,2425,1,0.08292889595031738,0.4699655771255493,0.27644723653793335,0.07029105722904205
C2,2426,1,0.08292889595031738,0.4624733328819275,0.27270111441612244,0.0759672001004219
C2,2427,1,0.18624234199523926,0.5310797691345215,0.35866105556488037,0.07449004799127579
C2,2428,1,0.3608055114746094,0.1823197603225708,0.2715626358985901,0.04229000210762024
C2,2429,1,0.3680863380432129,0.14255481958389282,0.25532057881355286,0.06230888143181801
C2,2430,1,0.3593067526817322,0.20575863122940063,0.2825326919555664,0.05315592512488365
C2,2431,1,0.4501045346260071,0.107979416847229,0.27904197573661804,0.05315592512488365
C2,2432,1,0.4501045346260071,0.20575863122940063,0.32793158292770386,0.06124374642968178
C2,2433,1,0.2996641993522644,0.20575863122940063,0.2527114152908325,0.06260532885789871
C2,2434,1,0.2506563663482666,0.1833438277244568,0.2170000970363617,0.062167663127183914
C2,2435,1,0.3416634798049927,0.19450992345809937,0.268086701631546,0.0792839527130127
C2,2436,1,0.7693255841732025,0.3291442394256592,0.5492349117994308,0.07391763478517532
C2,2437,1,0.38385385274887085,0.35850924253463745,0.37118154764175415,0.0727257952094078
C2,2438,1,0.18172943592071533,0.46882176399230957,0.32527559995651245,0.05656064674258232
C2,2439,1,0.19813311100006104,0.2574673891067505,0.22780025005340576,0.07395339012145996
C2,2440,1,0.17023760080337524,0.3006802797317505,0.23545894026756287,0.14965610206127167
C2,2441,1,0.26103800535202026,0.16988897323608398,0.21546348929405212,0.15610890090465546
C2,2442,1,0.3084338903427124,0.2431902289390564,0.2758120596408844,0.16098061203956604
C2,2443,1,0.18255996704101562,0.30764317512512207,0.24510157108306885,0.17049038410186768
C2,2444,1,0.30422496795654297,0.33526772260665894,0.31974634528160095,0.088155098259449
C2,2445,1,0.2968119978904724,0.3768119812011719,0.33681198954582214,0.07658571749925613
C2,2446,1,0.30854225158691406,0.3768119812011719,0.34267711639404297,0.07638578116893768
C2,2447,1,0.10237270593643188,0.4062029719352722,0.25428783893585205,0.08532436937093735
C2,2448,1,0.14275938272476196,0.4876295328140259,0.3151944577693939,0.07919683307409286
C2,2449,1,0.14387643337249756,0.18993574380874634,0.16690608859062195,0.07747896760702133
C2,2450,1,0.14546942710876465,0.18993574380874634,0.1677025854587555,0.0781475380063057
C2,2451,1,0.18768131732940674,0.49981552362442017,0.34374842047691345,0.06394397467374802
C2,2452,1,0.11932027339935303,0.427956759929657,0.273638516664505,0.07213415950536728
C2,2453,1,0.19178062677383423,0.31870037317276,0.2552404999732971,0.07713223993778229
C2,2454,1,0.19178062677383423,0.5772815346717834,0.38453108072280884,0.08126851171255112
C2,2455,1,0.09785032272338867,0.5933730602264404,0.34561169147491455,0.05702279135584831
C2,2456,1,0.13322186470031738,0.5933730602264404,0.3632974624633789,0.06522497534751892
C2,2457,1,0.10333806276321411,0.40580320358276367,0.2545706331729889,0.050350580364465714
C2,2458,1,0.10333806276321411,0.38108813762664795,0.24221310019493103,0.04949624463915825
C2,2459,1,0.2856506109237671,0.1841493844985962,0.23489999771118164,0.058246105909347534
C2,2460,1,0.2856506109237671,0.2066771388053894,0.24616387486457825,0.03575397655367851
C2,2461,1,0.27875566482543945,0.31432563066482544,0.29654064774513245,0.029534393921494484
C2,2462,1,0.27875566482543945,0.2102949619293213,0.24452531337738037,0.02984081394970417
C2,2463,1,0.27875566482543945,0.2102949619293213,0.24452531337738037,0.05914401262998581
C2,2464,1,0.27875566482543945,0.2102949619293213,0.24452531337738037,0.055277079343795776
C2,2465,1,0.26120221614837646,0.17442315816879272,0.2178126871585846,0.0699191689491272
C2,2466,1,0.21865838766098022,0.17442315816879272,0.19654077291488647,0.06587231904268265
C2,2467,1,0.17649751901626587,0.20936065912246704,0.19292908906936646,0.028750550001859665
C2,2468,1,0.17649751901626587,0.34652000665664673,0.2615087628364563,0.04113708809018135
C2,2469,1,0.22363543510437012,0.3102725148200989,0.2669539749622345,0.03654748946428299
C2,2470,1,0.22363543510437012,0.24147629737854004,0.23255586624145508,0.03654748946428299
C2,2471,1,0.2034347653388977,0.23719263076782227,0.22031369805335999,0.0314815379679203
C2,2472,1,0.275113582611084,0.3331087827682495,0.30411118268966675,0.041819460690021515
C2,2473,1,0.2158789038658142,0.39019209146499634,0.3030354976654053,0.041819460690021515
C2,2474,1,0.2158789038658142,0.39019209146499634,0.3030354976654053,0.041819460690021515
C2,2475,1,0.2158789038658142,0.39019209146499634,0.3030354976654053,0.041819460690021515
C2,2476,1,0.1642622947692871,0.45580732822418213,0.3100348114967346,0.042853254824876785
C2,2477,1,0.1642622947692871,0.3651753067970276,0.26471880078315735,0.042853254824876785
C2,2478,1,0.16749900579452515,0.3155379295349121,0.24151846766471863,0.042853254824876785
C2,2479,1,0.22253721952438354,0.3155379295349121,0.2690375745296478,0.042853254824876785
C2,2480,1,0.22253721952438354,0.2257058024406433,0.22412151098251343,0.03939712047576904
C2,2481,1,0.22253721952438354,0.19485241174697876,0.20869481563568115,0.045767031610012054
C2,2482,1,0.2386772632598877,0.20545458793640137,0.22206592559814453,0.027749203145503998
C2,2483,1,0.2386772632598877,0.20466405153274536,0.22167065739631653,0.05850829929113388
C2,2484,1,0.24452179670333862,0.24786096811294556,0.2461913824081421,0.025599412620067596
C2,2485,1,0.16971355676651,0.24786096811294556,0.20878726243972778,0.02182798646390438
C2,2486,1,0.16971355676651,0.24786096811294556,0.20878726243972778,0.021846147254109383
C2,2487,1,0.2723534107208252,0.21966415643692017,0.24600878357887268,0.029287515208125114
C2,2488,1,0.4063712954521179,0.2082608938217163,0.3073160946369171,0.028085993602871895
C2,2489,1,0.15335822105407715,0.15269309282302856,0.15302565693855286,0.034725841134786606
C2,2490,1,0.15335822105407715,0.15269309282302856,0.15302565693855286,0.03689049556851387
C2,2491,1,0.14723163843154907,0.13255417346954346,0.13989290595054626,0.02183489128947258
C2,2492,1,0.12199586629867554,0.12657272815704346,0.1242842972278595,0.01755165494978428
C2,2493,1,0.11907732486724854,0.19756484031677246,0.1583210825920105,0.016172662377357483
C2,2494,1,0.1208375096321106,0.20330893993377686,0.16207322478294373,0.010500658303499222
C2,2495,1,0.13268768787384033,0.20330893993377686,0.1679983139038086,0.010999074205756187
C2,2496,1,0.09606510400772095,0.17698049545288086,0.1365227997303009,0.009707862511277199
C2,2497,1,0.07830071449279785,0.18730276823043823,0.13280174136161804,0.014917929656803608
C2,2498,1,0.06491857767105103,0.21848058700561523,0.14169958233833313,0.01571737788617611
C2,2499,1,0.06866687536239624,0.2341359257698059,0.15140140056610107,0.03392539173364639
C2,2500,1,0.06604701280593872,0.07309836149215698,0.06957268714904785,0.031278420239686966
C2,2501,1,0.10767954587936401,0.07309836149215698,0.0903889536857605,0.016536006703972816
C2,2502,1,0.32828038930892944,0.08517646789550781,0.20672842860221863,0.017242129892110825
C2,2503,1,0.291226863861084,0.08517646789550781,0.1882016658782959,0.02393202669918537
C2,2504,1,0.5519959032535553,0.06447339057922363,0.30823464691638947,0.022929316386580467
C2,2505,1,0.4894469976425171,0.19434678554534912,0.3418968915939331,0.023382622748613358
C2,2506,1,0.17267483472824097,0.1845911145210266,0.1786329746246338,0.020127933472394943
C2,2507,1,0.1750231385231018,0.20598900318145752,0.19050607085227966,0.035622451454401016
C2,2508,1,0.17102986574172974,0.11177128553390503,0.14140057563781738,0.0488886795938015
C2,2509,1,0.2803694009780884,0.16803765296936035,0.22420352697372437,0.04496046155691147
C2,2510,1,0.14440619945526123,0.24798423051834106,0.19619521498680115,0.03905735909938812
C2,2511,1,0.1198493242263794,0.32636839151382446,0.22310885787010193,0.0253436341881752
C2,2512,1,0.16064214706420898,0.4059295654296875,0.28328585624694824,0.03133697435259819
C2,2513,1,0.2537030577659607,0.4717555046081543,0.3627292811870575,0.019412076100707054
C2,2514,1,0.1721472144126892,0.18838399648666382,0.1802656054496765,0.015558254905045033
C2,2515,1,0.2206164002418518,0.1542796492576599,0.18744802474975586,0.031904321163892746
C2,2516,1,0.20080798864364624,0.14781635999679565,0.17431217432022095,0.02901579439640045
C2,2517,1,0.047175824642181396,0.2369847297668457,0.14208027720451355,0.023457862436771393
C2,2518,1,0.04756039381027222,0.22769898176193237,0.1376296877861023,0.023457862436771393
C2,2519,1,0.398942232131958,0.19683104753494263,0.2978866398334503,0.26763102412223816
C2,2520,1,0.18274903297424316,0.2158152461051941,0.19928213953971863,0.27979519963264465
C2,2521,1,0.2915928363800049,0.2158152461051941,0.2537040412425995,0.28368687629699707
C2,2522,1,0.205072820186615,0.20154595375061035,0.20330938696861267,0.16315245628356934
C2,2523,1,0.31172358989715576,0.20154595375061035,0.25663477182388306,0.18238037824630737
C2,2524,1,0.2995719313621521,0.20154595375061035,0.2505589425563812,0.12742747366428375
C2,2525,1,0.11842292547225952,0.10824865102767944,0.11333578824996948,0.10928907245397568
C2,2526,1,0.17665737867355347,0.21523302793502808,0.19594520330429077,0.14598508179187775
C2,2527,1,0.14742755889892578,0.2775064706802368,0.2124670147895813,0.08724558353424072
C2,2528,1,0.1225738525390625,0.25954771041870117,0.19106078147888184,0.0949614942073822
C2,2529,1,0.08937692642211914,0.2588420510292053,0.17410948872566223,0.12009064108133316
C2,2530,1,0.1406213641166687,0.23140835762023926,0.18601486086845398,0.09413997828960419
C2,2531,1,0.2327646017074585,0.1429150104522705,0.1878398060798645,0.09761200845241547
C2,2532,1,0.1755494475364685,0.06379443407058716,0.11967194080352783,0.1122298538684845
C2,2533,1,0.21934616565704346,0.09232115745544434,0.1558336615562439,0.08105945587158203
C2,2534,1,0.33676838874816895,0.20479702949523926,0.2707827091217041,0.06793945282697678
C2,2535,1,0.6193705797195435,0.1009206771850586,0.360145628452301,0.044536300003528595
C2,2536,1,0.5636788308620453,0.1380823850631714,0.35088060796260834,0.06520284712314606
C2,2537,1,0.4265505075454712,0.12128174304962158,0.2739161252975464,0.10207832604646683
C2,2538,1,0.461093544960022,0.12128174304962158,0.2911876440048218,0.0974578708410263
C2,2539,1,0.3997013568878174,0.14240217208862305,0.2710517644882202,0.06936529278755188
C2,2540,1,0.22313648462295532,0.1350511908531189,0.1790938377380371,0.06016063317656517
C2,2541,1,0.21831762790679932,0.12946802377700806,0.1738928258419037,0.03310195356607437
C2,2542,1,0.1524827480316162,0.1782156229019165,0.16534918546676636,0.03310195356607437
C2,2543,1,0.26384270191192627,0.12392723560333252,0.1938849687576294,0.06916666030883789
C2,2544,1,0.2928938865661621,0.5077637135982513,0.4003288000822067,0.05724544823169708
C2,2545,1,0.5299049019813538,0.2708929777145386,0.40039893984794617,0.05301371589303017
C2,2546,1,0.43691909313201904,0.4457211494445801,0.44132012128829956,0.060503989458084106
C2,2547,1,0.48871713876724243,0.15176159143447876,0.3202393651008606,0.08726105839014053
C2,2548,1,0.5443252325057983,0.26231247186660767,0.403318852186203,0.08883540332317352
C2,2549,1,0.5243931114673615,0.31693893671035767,0.42066602408885956,0.06955106556415558
C2,2550,1,0.5260948240756989,0.31693893671035767,0.42151688039302826,0.06610530614852905
C2,2551,1,0.7248936891555786,0.4920642375946045,0.6084789633750916,0.046801287680864334
C2,2552,1,0.6265145242214203,0.4920642375946045,0.5592893809080124,0.044403500854969025
C2,2553,1,0.47432976961135864,0.31973153352737427,0.39703065156936646,0.03459920734167099
C2,2554,1,0.4160301089286804,0.2600492835044861,0.33803969621658325,0.039828598499298096
C2,2555,1,0.3098587393760681,0.2062651515007019,0.258061945438385,0.0428844578564167
C2,2556,1,0.3700476288795471,0.21151500940322876,0.29078131914138794,0.0801953375339508
C2,2557,1,0.23372632265090942,0.29752737283706665,0.26562684774398804,0.08798031508922577
C2,2558,1,0.3098306655883789,0.29752737283706665,0.3036790192127228,0.08706947416067123
C2,2559,1,0.39587587118148804,0.3097459077835083,0.35281088948249817,0.098809152841568
C2,2560,1,0.39587587118148804,0.3866140842437744,0.3912449777126312,0.07161011546850204
C2,2561,1,0.6068395674228668,0.405866801738739,0.5063531845808029,0.10065531730651855
C2,2562,1,0.6068395674228668,0.30732405185699463,0.4570818096399307,0.09312505275011063
C2,2563,1,0.6068395674228668,0.28311020135879517,0.444974884390831,0.08526655286550522
C2,2564,1,0.6068395674228668,0.23245638608932495,0.4196479767560959,0.14401179552078247
C2,2565,1,0.44922810792922974,0.2611059546470642,0.355167031288147,0.045651983469724655
C2,2566,1,0.6076970398426056,0.5741241276264191,0.5909105837345123,0.0613764263689518
C2,2567,1,0.43379271030426025,0.4292832016944885,0.4315379559993744,0.048787545412778854
C2,2568,1,0.44267088174819946,0.34775424003601074,0.3952125608921051,0.06595849990844727
C2,2569,1,0.665353387594223,0.4817885756492615,0.5735709816217422,0.06729268282651901
C2,2570,1,0.504217267036438,0.341940701007843,0.4230789840221405,0.08270753920078278
C2,2571,1,0.36432814598083496,0.3106919527053833,0.33751004934310913,0.05404343456029892
C2,2572,1,0.3729524612426758,0.3106919527053833,0.34182220697402954,0.06385891139507294
C2,2573,1,0.17723804712295532,0.3979451656341553,0.2875916063785553,0.0751238688826561
C2,2574,1,0.5818939208984375,0.32950490713119507,0.4556994140148163,0.07403414696455002
C2,2575,1,0.48780888319015503,0.26724517345428467,0.37752702832221985,0.08647190779447556
C2,2576,1,0.2692534923553467,0.3299056887626648,0.29957959055900574,0.09621137380599976
C2,2577,1,0.16160964965820312,0.3299056887626648,0.24575766921043396,0.09621137380599976
C2,2578,1,0.15799498558044434,0.35263413190841675,0.25531455874443054,0.09601230174303055
C2,2579,1,0.36364954710006714,0.09521132707595825,0.2294304370880127,0.11366850137710571
C2,2580,1,0.4019349217414856,0.14808660745620728,0.27501076459884644,0.06306122243404388
C2,2581,1,0.4019349217414856,0.11686831712722778,0.2594016194343567,0.04592430964112282
C2,2582,1,0.4019349217414856,0.11686831712722778,0.2594016194343567,0.07552642375230789
C2,2583,1,0.31350916624069214,0.1275252103805542,0.22051718831062317,0.0531175434589386
C2,2584,1,0.4017907381057739,0.1275252103805542,0.26465797424316406,0.06469829380512238
C2,2585,1,0.24624371528625488,0.07843255996704102,0.16233813762664795,0.060560569167137146
C2,2586,1,0.3630964159965515,0.07843255996704102,0.22076448798179626,0.06872043013572693
C2,2587,1,0.310491681098938,0.15181255340576172,0.23115211725234985,0.04736192896962166
C2,2588,1,0.21961361169815063,0.07811719179153442,0.14886540174484253,0.035016074776649475
C2,2589,1,0.23966950178146362,0.07811719179153442,0.15889334678649902,0.03500388190150261
C2,2590,1,0.37123197317123413,0.07811719179153442,0.22467458248138428,0.0354580320417881
C2,2591,1,0.14482539892196655,0.11246174573898315,0.12864357233047485,0.0354095920920372
C2,2592,1,0.04861867427825928,0.40424972772598267,0.22643420100212097,0.048216067254543304
C2,2593,1,0.025852084159851074,0.1628914475440979,0.09437176585197449,0.04948343709111214
C2,2594,1,0.09333086013793945,0.13509875535964966,0.11421480774879456,0.05710100382566452
C2,2595,1,0.38507115840911865,0.3948267698287964,0.3899489641189575,0.05615200474858284
C2,2596,1,0.4410249590873718,0.5384437143802643,0.48973433673381805,0.06676466017961502
C2,2597,1,0.3238925337791443,0.4664689898490906,0.39518076181411743,0.06493552029132843
C2,2598,1,0.4954509735107422,0.30312055349349976,0.39928576350212097,0.06619210541248322
C2,2599,1,0.45104068517684937,0.13300871849060059,0.292024701833725,0.06782888621091843
C2,2600,1,0.7813286036252975,0.39019453525543213,0.5857615694403648,0.06896268576383591
C2,2601,1,0.7765778005123138,0.5939241349697113,0.6852509677410126,0.08527325093746185
C2,2602,1,0.810416504740715,0.19275450706481934,0.5015855059027672,0.14023029804229736
C2,2603,1,0.9398261234164238,0.4461902976036072,0.6930082105100155,0.12455340474843979
C2,2604,1,0.8710353970527649,0.8549559414386749,0.8629956692457199,0.06199535354971886
C2,2605,1,0.8067107647657394,0.7861515581607819,0.7964311614632607,0.02461274527013302
C2,2606,1,0.7221067249774933,0.7861515581607819,0.7541291415691376,0.033860061317682266
C2,2607,1,0.6686868667602539,0.8822231516242027,0.7754550091922283,0.02552906796336174
C2,2608,1,0.7870814353227615,0.7297965884208679,0.7584390118718147,0.019768252968788147
C2,2609,1,0.8041644841432571,0.8042374551296234,0.8042009696364403,0.04983175918459892
C2,2610,1,0.6719610691070557,0.864390641450882,0.7681758552789688,0.0495021753013134
C2,2611,1,0.5206954479217529,0.8882902264595032,0.704492837190628,0.025045964866876602
C2,2612,1,0.5289600193500519,0.6601188480854034,0.5945394337177277,0.03004448674619198
C2,2613,1,0.550492525100708,0.6949601173400879,0.622726321220398,0.07025530189275742
C2,2614,1,0.6930699646472931,0.8161455988883972,0.7546077817678452,0.07876353710889816
C2,2615,1,0.6956708133220673,0.6851764917373657,0.6904236525297165,0.04800567403435707
C2,2616,1,0.5585050880908966,0.6047294735908508,0.5816172808408737,0.05836760625243187
C2,2617,1,0.6234834492206573,0.6888975501060486,0.656190499663353,0.20587953925132751
C2,2618,1,0.659577339887619,0.6888975501060486,0.6742374449968338,0.10759719461202621
C2,2619,1,0.7349731624126434,0.9325198903679848,0.8337465263903141,0.07662255316972733
C2,2620,1,0.8160268366336823,0.9241583794355392,0.8700926080346107,0.17487770318984985
C2,2621,1,0.7493782043457031,0.8181485831737518,0.7837633937597275,0.1319093108177185
C2,2622,1,0.459642231464386,0.49659264087677,0.478117436170578,0.15201880037784576
C2,2623,1,0.5886707305908203,0.5918479859828949,0.5902593582868576,0.10333166271448135
C2,2624,1,0.704225480556488,0.4517901539802551,0.5780078172683716,0.07589045912027359
C2,2625,1,0.5130204856395721,0.6947667002677917,0.603893592953682,0.11947908252477646
C2,2626,1,0.574002593755722,0.6947667002677917,0.6343846470117569,0.11947908252477646
C2,2627,1,0.5667370855808258,0.35251110792160034,0.4596240967512131,0.12938517332077026
C2,2628,1,0.6113607883453369,0.7409529685974121,0.6761568784713745,0.1123272255063057
C2,2629,1,0.7363028526306152,0.49162936210632324,0.6139661073684692,0.14651989936828613
C2,2630,1,0.774970069527626,0.5559548437595367,0.6654624566435814,0.14997240900993347
C2,2631,1,0.774970069527626,0.5559548437595367,0.6654624566435814,0.12324067205190659
C2,2632,1,0.7759770303964615,0.926240585744381,0.8511088080704212,0.13453319668769836
C2,2633,1,0.7564571350812912,0.9520056135952473,0.8542313743382692,0.13777722418308258
C2,2634,1,0.8230370432138443,0.5196038782596588,0.6713204607367516,0.15870560705661774
C2,2635,1,0.7402503788471222,0.8121102303266525,0.7761803045868874,0.1438339501619339
C2,2636,1,0.7032359838485718,0.8032504320144653,0.7532432079315186,0.1438339501619339
C2,2637,1,0.7032359838485718,0.7431823015213013,0.7232091426849365,0.1438339501619339
C2,2638,1,0.7439557313919067,0.8432993292808533,0.79362753033638,0.13981986045837402
C2,2639,1,0.4079495072364807,0.7974201440811157,0.6026848256587982,0.07706626504659653
C2,2640,1,0.3465844392776489,0.781625047326088,0.5641047433018684,0.10516844689846039
C2,2641,1,0.3740590214729309,0.7556319385766983,0.5648454800248146,0.10516844689846039
C2,2642,1,0.3675846457481384,0.831814244389534,0.5996994450688362,0.1080358549952507
C2,2643,1,0.517915815114975,0.8063817024230957,0.6621487587690353,0.11490286886692047
C2,2644,1,0.5295657813549042,0.8271477967500687,0.6783567890524864,0.1168854683637619
C2,2645,1,0.495691180229187,0.6499133110046387,0.5728022456169128,0.09846948832273483
C2,2646,1,0.5861056745052338,0.6748872101306915,0.6304964423179626,0.08507853746414185
C2,2647,1,0.49346935749053955,0.8979162871837616,0.6956928223371506,0.08667723834514618
C2,2648,1,0.4524139165878296,0.846300408244133,0.6493571624159813,0.0880996361374855
C2,2649,1,0.43494361639022827,0.7133983969688416,0.5741710066795349,0.09750417619943619
C2,2650,1,0.43494361639022827,0.7488546669483185,0.5918991416692734,0.10688197612762451
C2,2651,1,0.3151504397392273,0.8615966141223907,0.588373526930809,0.09375999867916107
C2,2652,1,0.2560402750968933,0.43808603286743164,0.3470631539821625,0.09416574239730835
C2,2653,1,0.5402547121047974,0.7326662540435791,0.6364604830741882,0.1003548875451088
C2,2654,1,0.5402547121047974,0.7027485966682434,0.6215016543865204,0.1003548875451088
C2,2655,1,0.5402547121047974,0.7027485966682434,0.6215016543865204,0.08520766347646713
C2,2656,1,0.41621559858322144,0.7376694977283478,0.5769425481557846,0.10966867953538895
C2,2657,1,0.6410796940326691,0.7776689827442169,0.709374338388443,0.08740567415952682
C2,2658,1,0.6439710855484009,0.9157857224345207,0.7798784039914608,0.07003652304410934
C2,2659,1,0.42372262477874756,0.8886609971523285,0.656191810965538,0.07484757900238037
C2,2660,1,0.42372262477874756,0.9467521347105503,0.6852373797446489,0.07484757900238037
C2,2661,1,0.3669717311859131,0.38496828079223633,0.3759700059890747,0.07484757900238037
C2,2662,1,0.23098963499069214,0.7834406644105911,0.5072151497006416,0.08330754190683365
C2,2663,1,0.44151556491851807,0.38496828079223633,0.4132419228553772,0.0761653482913971
C2,2664,1,0.452351450920105,0.7834406644105911,0.617896057665348,0.07700425386428833
C2,2665,1,0.531694620847702,0.6753341257572174,0.6035143733024597,0.0838407427072525
C2,2666,1,0.5165131986141205,0.8558591306209564,0.6861861646175385,0.07788882404565811
C2,2667,1,0.7461642622947693,0.8558591306209564,0.8010116964578629,0.06507722288370132
C2,2668,1,0.7591730952262878,0.8558591306209564,0.8075161129236221,0.06697030365467072
C2,2669,1,0.838338777422905,0.853526160120964,0.8459324687719345,0.06265921890735626
C2,2670,1,0.838338777422905,0.851163387298584,0.8447510823607445,0.03358050063252449
C2,2671,1,0.838338777422905,0.851163387298584,0.8447510823607445,0.03470788896083832
C2,2672,1,0.7085923254489899,0.8074122816324234,0.7580023035407066,0.03949735313653946
C2,2673,1,0.6651323735713959,0.8058705031871796,0.7355014383792877,0.047781411558389664
C2,2674,1,0.6064372956752777,0.8058705031871796,0.7061538994312286,0.05149003863334656
C2,2675,1,0.6064372956752777,0.8058705031871796,0.7061538994312286,0.0895136147737503
C2,2676,1,0.6651323735713959,0.7271818816661835,0.6961571276187897,0.09414340555667877
C2,2677,1,0.6064372956752777,0.7271818816661835,0.6668095886707306,0.0844820961356163
C2,2678,1,0.4808309078216553,0.6992374360561371,0.5900341719388962,0.08143243193626404
C2,2679,1,0.4808309078216553,0.7313202619552612,0.6060755848884583,0.09967059642076492
C2,2680,1,0.6084751486778259,0.6577543020248413,0.6331147253513336,0.11696435511112213
C2,2681,1,0.5843463242053986,0.7204838693141937,0.6524150967597961,0.024935420602560043
C2,2682,1,0.6340039372444153,0.7204838693141937,0.6772439032793045,0.10559861361980438
C2,2683,1,0.5583768784999847,0.6328610181808472,0.595618948340416,0.01982680708169937
C2,2684,1,0.5583768784999847,0.6328610181808472,0.595618948340416,0.01982680708169937
C2,2685,1,0.4940553903579712,0.49931174516677856,0.4966835677623749,0.0650939792394638
C2,2686,1,0.3657936453819275,0.5103907883167267,0.4380922168493271,0.0650939792394638
C2,2687,1,0.3744632601737976,0.47780168056488037,0.426132470369339,0.06087220832705498
C2,2688,1,0.3744632601737976,0.477337121963501,0.4259001910686493,0.04272640869021416
C2,2689,1,0.5443846881389618,0.5181577205657959,0.5312712043523788,0.030313966795802116
C2,2690,1,0.43769460916519165,0.5181577205657959,0.4779261648654938,0.029499409720301628
C2,2691,1,0.43769460916519165,0.46033668518066406,0.44901564717292786,0.04685898870229721
C2,2692,1,0.7690683007240295,0.6867121160030365,0.727890208363533,0.03852654621005058
C2,2693,1,0.5969319045543671,0.6867121160030365,0.6418220102787018,0.03852654621005058
C2,2694,1,0.33831948041915894,0.36498236656188965,0.3516509234905243,0.037634510546922684
C2,2695,1,0.2742980718612671,0.4945073127746582,0.38440269231796265,0.028417229652404785
C2,2696,1,0.5300757586956024,0.5084443092346191,0.5192600339651108,0.02453945018351078
C2,2697,1,0.4951358437538147,0.7150186598300934,0.605077251791954,0.02453945018351078
C2,2698,1,0.5541505813598633,0.7273575365543365,0.6407540589570999,0.04244386777281761
C2,2699,1,0.5799075067043304,0.7471645772457123,0.6635360419750214,0.03718065470457077
C2,2700,1,0.5596663355827332,0.7471645772457123,0.6534154564142227,0.05587984248995781
C2,2701,1,0.5108901262283325,0.7471645772457123,0.6290273517370224,0.05587984248995781
C2,2702,1,0.540894627571106,0.6364749073982239,0.5886847674846649,0.03308207169175148
C2,2703,1,0.540894627571106,0.7471645772457123,0.6440296024084091,0.02786082774400711
C2,2704,1,0.540894627571106,0.7471645772457123,0.6440296024084091,0.04117981344461441
C2,2705,1,0.361200749874115,0.8078917264938354,0.5845462381839752,0.02287392131984234
C2,2706,1,0.7955766469240189,0.8078917264938354,0.8017341867089272,0.02337833121418953
C2,2707,1,0.6522494256496429,0.8078917264938354,0.7300705760717392,0.02475981041789055
C2,2708,1,0.2817116379737854,0.9329939559102058,0.6073527969419956,0.03973649442195892
C2,2709,1,0.3927069306373596,0.9329939559102058,0.6628504432737827,0.036681123077869415
C2,2710,1,0.3927069306373596,0.8404721468687057,0.6165895387530327,0.042543213814496994
C2,2711,1,0.3015860915184021,0.8793463259935379,0.59046620875597,0.044821541756391525
C2,2712,1,0.4312119483947754,0.8720105886459351,0.6516112685203552,0.04788244888186455
C2,2713,1,0.5710813105106354,0.8498108088970184,0.7104460597038269,0.04389861598610878
C2,2714,1,0.6296856701374054,0.8498108088970184,0.7397482395172119,0.055173713713884354
C2,2715,1,0.6296856701374054,0.8498108088970184,0.7397482395172119,0.049295924603939056
C2,2716,1,0.586115688085556,0.8549784123897552,0.7205470502376556,0.047163184732198715
C2,2717,1,0.5002711117267609,0.4534512758255005,0.4768611937761307,0.050592996180057526
C2,2718,1,0.7784965187311172,0.9030079171061516,0.8407522179186344,0.050592996180057526
C2,2719,1,0.4561288356781006,0.8930974379181862,0.6746131367981434,0.05940068140625954
C2,2720,1,0.47247886657714844,0.6209021210670471,0.5466904938220978,0.05940068140625954
C2,2721,1,0.2766970992088318,0.6036116480827332,0.44015437364578247,0.05888316035270691
C2,2722,1,0.36065131425857544,0.6036116480827332,0.4821314811706543,0.05888316035270691
C2,2723,1,0.4879390597343445,0.6177550852298737,0.5528470724821091,0.07600509375333786
C2,2724,1,0.4879390597343445,0.6177550852298737,0.5528470724821091,0.14879320561885834
C2,2725,1,0.4879390597343445,0.6177550852298737,0.5528470724821091,0.1127670556306839
C2,2726,1,0.4172059893608093,0.6441374719142914,0.5306717306375504,0.10923130810260773
C2,2727,1,0.4172059893608093,0.7804980427026749,0.5988520160317421,0.09959312528371811
C2,2728,1,0.47743159532546997,0.8200820535421371,0.6487568244338036,0.08280934393405914
C2,2729,1,0.33152610063552856,0.8200820535421371,0.5758040770888329,0.06405608355998993
C2,2730,1,0.47743159532546997,0.8200820535421371,0.6487568244338036,0.0553131178021431
C2,2731,1,0.34903907775878906,0.6069859266281128,0.4780125021934509,0.03343609347939491
C2,2732,1,0.37581920623779297,0.7530900985002518,0.5644546523690224,0.03827156499028206
C2,2733,1,0.579605370759964,0.8346816003322601,0.7071434855461121,0.03802201896905899
C2,2734,1,0.579605370759964,0.8346816003322601,0.7071434855461121,0.03802201896905899
C2,2735,1,0.579605370759964,0.7920176684856415,0.6858115196228027,0.03802201896905899
C2,2736,1,0.579605370759964,0.7920176684856415,0.6858115196228027,0.03802201896905899
C2,2737,1,0.2829020619392395,0.7920176684856415,0.5374598652124405,0.04791038855910301
C2,2738,1,0.4185137152671814,0.7920176684856415,0.6052656918764114,0.0725410208106041
C2,2739,1,0.5693798363208771,0.7920176684856415,0.6806987524032593,0.06442112475633621
C2,2740,1,0.24510008096694946,0.8135985881090164,0.5293493345379829,0.04113096743822098
C2,2741,1,0.24510008096694946,0.8135985881090164,0.5293493345379829,0.029479531571269035
C2,2742,1,0.4078989028930664,0.8135985881090164,0.6107487455010414,0.0680973082780838
C2,2743,1,0.4078989028930664,0.8135985881090164,0.6107487455010414,0.026435567066073418
C2,2744,1,0.3429102897644043,0.8668404072523117,0.604875348508358,0.07522056996822357
C2,2745,1,0.3429102897644043,0.8668404072523117,0.604875348508358,0.04383092746138573
C2,2746,1,0.3525260090827942,0.8668404072523117,0.609683208167553,0.020363401621580124
C2,2747,1,0.4233350157737732,0.8668404072523117,0.6450877115130424,0.024694334715604782
C2,2748,1,0.622971922159195,0.8668404072523117,0.7449061647057533,0.03343527764081955
C2,2749,1,0.4829399585723877,0.8668404072523117,0.6748901829123497,0.030843431130051613
C2,2750,1,0.7668780982494354,0.8668404072523117,0.8168592527508736,0.020622197538614273
C2,2751,1,0.7135467827320099,0.9144499152898788,0.8139983490109444,0.032498542219400406
C2,2752,1,0.6596037745475769,0.9144499152898788,0.7870268449187279,0.02901368960738182
C2,2753,1,0.3284267783164978,0.9144499152898788,0.6214383468031883,0.022912893444299698
C2,2754,1,0.3061365485191345,0.8793343007564545,0.5927354246377945,0.03390677273273468
C2,2755,1,0.26430070400238037,0.8279926925897598,0.5461466982960701,0.030916506424546242
C2,2756,1,0.42205727100372314,0.7548468261957169,0.58845204859972,0.03711140528321266
C2,2757,1,0.42205727100372314,0.8392033725976944,0.6306303218007088,0.016145888715982437
C2,2758,1,0.7671628147363663,0.6432547271251678,0.7052087709307671,0.16601677238941193
C2,2759,1,0.31166720390319824,0.6706160008907318,0.491141602396965,0.3493292033672333
C2,2760,1,0.31166720390319824,0.5847741663455963,0.4482206851243973,0.27376681566238403
C2,2761,1,0.447387158870697,0.523822695016861,0.485604926943779,0.258916974067688
C2,2762,1,0.8394175618886948,0.5536076724529266,0.6965126171708107,0.09828996658325195
C2,2763,1,0.7903602868318558,0.6100499629974365,0.7002051249146461,0.06420177966356277
C2,2764,1,0.7903602868318558,0.5873853266239166,0.6888728067278862,0.10652555525302887
C2,2765,1,0.6838288903236389,0.640593022108078,0.6622109562158585,0.1980084627866745
C2,2766,1,0.48000550270080566,0.640593022108078,0.5602992624044418,0.2459781914949417
C2,2767,1,0.7908378690481186,0.8105931133031845,0.8007154911756516,0.18442516028881073
C2,2768,1,0.7192983627319336,0.740124523639679,0.7297114431858063,0.048527877777814865
C2,2769,1,0.26994752883911133,0.6127419769763947,0.441344752907753,0.10318395495414734
C2,2770,1,0.20009154081344604,0.41555577516555786,0.30782365798950195,0.0622449554502964
C2,2771,1,0.286546528339386,0.41933774948120117,0.3529421389102936,0.03396263346076012
C2,2772,1,0.38504600524902344,0.5625745356082916,0.47381027042865753,0.03671591728925705
C2,2773,1,0.5673056244850159,0.31558042764663696,0.4414430260658264,0.024295970797538757
C2,2774,1,0.3454052805900574,0.0923197865486145,0.21886253356933594,0.039512403309345245
C2,2775,1,0.6777706146240234,0.10358601808547974,0.3906783163547516,0.02453271672129631
C2,2776,1,0.5115275382995605,0.26131558418273926,0.3864215612411499,0.03182898089289665
C2,2777,1,0.14336884021759033,0.2610764503479004,0.20222264528274536,0.02680174447596073
C2,2778,1,0.2653520703315735,0.148340106010437,0.20684608817100525,0.032402534037828445
C2,2779,1,0.544629693031311,0.557629406452179,0.551129549741745,0.0494508370757103
C2,2780,1,0.5032130181789398,0.04860734939575195,0.2759101837873459,0.036579716950654984
C2,2781,1,0.17380279302597046,0.153095543384552,0.16344916820526123,0.06269311159849167
C2,2782,1,0.24569553136825562,0.22878891229629517,0.2372422218322754,0.10694901645183563
C2,2783,1,0.27894115447998047,0.09789544343948364,0.18841829895973206,0.11358769983053207
C2,2784,1,0.27288132905960083,0.049920082092285156,0.161400705575943,0.058887261897325516
C2,2785,1,0.28939270973205566,0.0651402473449707,0.17726647853851318,0.023946315050125122
C2,2786,1,0.09317857027053833,0.14368438720703125,0.11843147873878479,0.017593275755643845
C2,2787,1,0.05716007947921753,0.16366028785705566,0.1104101836681366,0.04273109883069992
C2,2788,1,0.38990652561187744,0.5379091799259186,0.463907852768898,0.04312222823500633
C2,2789,1,0.17690640687942505,0.3897758722305298,0.2833411395549774,0.049036115407943726
C2,2790,1,0.17690640687942505,0.5014737844467163,0.3391900956630707,0.04068993031978607
C2,2791,1,0.22735559940338135,0.5014737844467163,0.36441469192504883,0.039184488356113434
C2,2792,1,0.19453537464141846,0.5014737844467163,0.3480045795440674,0.029204584658145905
C2,2793,1,0.1525241732597351,0.500055193901062,0.32628968358039856,0.04453996941447258
C2,2794,1,0.16879624128341675,0.5123452246189117,0.34057073295116425,0.048341333866119385
C2,2795,1,0.12343698740005493,0.6826924979686737,0.4030647426843643,0.05244751274585724
C2,2796,1,0.32557499408721924,0.5423272550106049,0.43395112454891205,0.02660473994910717
C2,2797,1,0.42617708444595337,0.5144350826740265,0.47030608355998993,0.02688749134540558
C2,2798,1,0.5632843971252441,0.5818046033382416,0.5725445002317429,0.02989794686436653
C2,2799,1,0.5785358548164368,0.48375648260116577,0.5311461687088013,0.07071595638990402
C2,2800,1,0.4368705153465271,0.19851720333099365,0.3176938593387604,0.104814812541008
C2,2801,1,0.3304785490036011,0.37986212968826294,0.355170339345932,0.08548160642385483
C2,2802,1,0.2714305520057678,0.5457757413387299,0.40860314667224884,0.10025909543037415
C2,2803,1,0.23445123434066772,0.2616194486618042,0.24803534150123596,0.08113882690668106
C2,2804,1,0.18334496021270752,0.13324207067489624,0.15829351544380188,0.11130283772945404
C2,2805,1,0.18659961223602295,0.584103137254715,0.38535137474536896,0.09157252311706543
C2,2806,1,0.06054353713989258,0.24791747331619263,0.1542305052280426,0.10642683506011963
C2,2807,1,0.11511760950088501,0.28699004650115967,0.20105382800102234,0.06229224056005478
C2,2808,1,0.15287232398986816,0.1606714129447937,0.15677186846733093,0.06203897297382355
C2,2809,1,0.17022299766540527,0.19206887483596802,0.18114593625068665,0.07552853971719742
C2,2810,1,0.23970305919647217,0.259960412979126,0.24983173608779907,0.062455255538225174
C2,2811,1,0.2122279405593872,0.1630958914756775,0.18766191601753235,0.05751483142375946
C2,2812,1,0.15285801887512207,0.4776694178581238,0.3152637183666229,0.038890451192855835
C2,2813,1,0.25622451305389404,0.3027861714363098,0.27950534224510193,0.06727353483438492
C2,2814,1,0.2622185945510864,0.3059835433959961,0.28410106897354126,0.06777628511190414
C2,2815,1,0.1346624493598938,0.18489980697631836,0.15978112816810608,0.15654997527599335
C2,2816,1,0.1346624493598938,0.20266872644424438,0.1686655879020691,0.15654997527599335
C2,2817,1,0.1142040491104126,0.16287171840667725,0.13853788375854492,0.1507149487733841
C2,2818,1,0.1320534348487854,0.08419352769851685,0.10812348127365112,0.22161391377449036
C2,2819,1,0.14877533912658691,0.037124812602996826,0.09295007586479187,0.18641620874404907
C2,2820,1,0.3693283200263977,0.037124812602996826,0.20322656631469727,0.1384972780942917
C2,2821,1,0.3084755539894104,0.120766282081604,0.2146209180355072,0.06472180783748627
C2,2822,1,0.1173657774925232,0.16737043857574463,0.1423681080341339,0.07737547159194946
C2,2823,1,0.5244998633861542,0.36304086446762085,0.4437703639268875,0.11416337639093399
C2,2824,1,0.29389530420303345,0.3103024959564209,0.3020989000797272,0.14278864860534668
C2,2825,1,0.19049227237701416,0.1827295422554016,0.18661090731620789,0.14278864860534668
C2,2826,1,0.17185139656066895,0.22370606660842896,0.19777873158454895,0.14007297158241272
C2,2827,1,0.17363643646240234,0.3555053472518921,0.2645708918571472,0.16672946512699127
C2,2828,1,0.22256755828857422,0.29937881231307983,0.260973185300827,0.1738109290599823
C2,2829,1,0.29601991176605225,0.2674509286880493,0.2817354202270508,0.11701686680316925
C2,2830,1,0.43419063091278076,0.42285823822021484,0.4285244345664978,0.22579506039619446
C2,2831,1,0.4963517189025879,0.5427235662937164,0.5195376425981522,0.14973092079162598
C2,2832,1,0.5842365920543671,0.26860982179641724,0.42642320692539215,0.18674063682556152
C2,2833,1,0.4321640729904175,0.23295468091964722,0.33255937695503235,0.14345793426036835
C2,2834,1,0.13971436023712158,0.1314234733581543,0.13556891679763794,0.25737449526786804
C2,2835,1,0.2581811547279358,0.09959477186203003,0.1788879632949829,0.17102183401584625
C2,2836,1,0.12748533487319946,0.1515817642211914,0.13953354954719543,0.15256573259830475
C2,2837,1,0.38591039180755615,0.455330491065979,0.4206204414367676,0.13769108057022095
C2,2838,1,0.38396430015563965,0.4455244541168213,0.41474437713623047,0.1995355784893036
C2,2839,1,0.5249498784542084,0.6116233468055725,0.5682866126298904,0.10632176697254181
C2,2840,1,0.5650376081466675,0.1973899006843567,0.3812137544155121,0.10268162190914154
C2,2841,1,0.050935566425323486,0.36980050802230835,0.21036803722381592,0.13072644174098969
C2,2842,1,0.19073617458343506,0.43377768993377686,0.31225693225860596,0.12170170247554779
C2,2843,1,0.2944294810295105,0.20788860321044922,0.25115904211997986,0.12777496874332428
C2,2844,1,0.2681836485862732,0.08730846643447876,0.17774605751037598,0.0808088555932045
C2,2845,1,0.17695724964141846,0.08754414319992065,0.13225069642066956,0.11090584844350815
C2,2846,1,0.151350736618042,0.20043575763702393,0.17589324712753296,0.1393054872751236
C2,2847,1,0.23502570390701294,0.15172231197357178,0.19337400794029236,0.07151224464178085
C2,2848,1,0.13275271654129028,0.11608082056045532,0.1244167685508728,0.06488242000341415
C2,2849,1,0.05731678009033203,0.25941354036331177,0.1583651602268219,0.07177619636058807
C2,2850,1,0.05731678009033203,0.2572804093360901,0.15729859471321106,0.06633064150810242
C2,2851,1,0.23918092250823975,0.24448668956756592,0.24183380603790283,0.06633064150810242
C2,2852,1,0.3457227945327759,0.19768625497817993,0.2717045247554779,0.059389013797044754
C2,2853,1,0.3084246516227722,0.20979982614517212,0.25911223888397217,0.07537785917520523
C2,2854,1,0.3084246516227722,0.20979982614517212,0.25911223888397217,0.07537785917520523
C2,2855,1,0.2863159775733948,0.15502911806106567,0.22067254781723022,0.07169798761606216
C2,2856,1,0.2572540044784546,0.23269647359848022,0.2449752390384674,0.1117093488574028
C2,2857,1,0.255984902381897,0.23269647359848022,0.2443406879901886,0.10454674065113068
C2,2858,1,0.21974784135818481,0.2919849753379822,0.2558664083480835,0.09110197424888611
C2,2859,1,0.24470585584640503,0.36905521154403687,0.30688053369522095,0.06369318068027496
C2,2860,1,0.24470585584640503,0.36905521154403687,0.30688053369522095,0.11326682567596436
C2,2861,1,0.2972370386123657,0.38835573196411133,0.3427963852882385,0.11853523552417755
C2,2862,1,0.2635403871536255,0.2766440510749817,0.2700922191143036,0.12579038739204407
C2,2863,1,0.25181150436401367,0.2766440510749817,0.2642277777194977,0.1226266399025917
C2,2864,1,0.21469557285308838,0.3022657632827759,0.25848066806793213,0.12571625411510468
C2,2865,1,0.1595049500465393,0.22347277402877808,0.1914888620376587,0.11835061013698578
C2,2866,1,0.1041182279586792,0.07726395130157471,0.09069108963012695,0.12285730242729187
C2,2867,1,0.3771336078643799,0.09712618589401245,0.23712989687919617,0.11328484863042831
C2,2868,1,0.3360694646835327,0.040831148624420166,0.18845030665397644,0.10623932629823685
C2,2869,1,0.17380183935165405,0.03434300422668457,0.10407242178916931,0.12617966532707214
C2,2870,1,0.08386814594268799,0.040048062801361084,0.061958104372024536,0.194906085729599
C2,2871,1,0.08127880096435547,0.0827564001083374,0.08201760053634644,0.23102284967899323
C2,2872,1,0.2954515218734741,0.056701719760894775,0.17607662081718445,0.11996065825223923
C2,2873,1,0.09945064783096313,0.2634357213973999,0.18144318461418152,0.07558715343475342
C2,2874,1,0.19628125429153442,0.2634357213973999,0.22985848784446716,0.08012170344591141
C2,2875,1,0.27582401037216187,0.09327471256256104,0.18454936146736145,0.05224945768713951
C2,2876,1,0.27787262201309204,0.058773159980773926,0.16832289099693298,0.13393741846084595
C2,2877,1,0.5706770420074463,0.08582460880279541,0.32825082540512085,0.07452364265918732
C2,2878,1,0.10106700658798218,0.16532450914382935,0.13319575786590576,0.08915364742279053
C2,2879,1,0.02212703227996826,0.19643455743789673,0.1092807948589325,0.3020870089530945
C2,2880,1,0.011276006698608398,0.1325402855873108,0.0719081461429596,0.2864902913570404
C2,2881,1,0.0033235549926757812,0.12697666883468628,0.06515011191368103,0.12718802690505981
C2,2882,1,0.010467290878295898,0.162322998046875,0.08639514446258545,0.2176387757062912
C2,2883,1,0.018005788326263428,0.0759851336479187,0.046995460987091064,0.19196997582912445
C2,2884,1,0.33315640687942505,0.04215806722640991,0.18765723705291748,0.13960830867290497
C2,2885,1,0.05328434705734253,0.06975549459457397,0.06151992082595825,0.09757784754037857
C2,2886,1,0.06732267141342163,0.14670801162719727,0.10701534152030945,0.12827721238136292
C2,2887,1,0.012930035591125488,0.16882449388504028,0.09087726473808289,0.19416770339012146
C2,2888,1,0.0350913405418396,0.06990319490432739,0.052497267723083496,0.1599283516407013
C2,2889,1,0.029480934143066406,0.23830968141555786,0.13389530777931213,0.21501155197620392
C2,2890,1,0.030650079250335693,0.23830968141555786,0.13447988033294678,0.2904418110847473
C2,2891,1,0.027743101119995117,0.15069270133972168,0.0892179012298584,0.3566220998764038
C2,2892,1,0.08273345232009888,0.047181010246276855,0.06495723128318787,0.3445539176464081
C2,2893,1,0.04977750778198242,0.10338050127029419,0.0765790045261383,0.15117377042770386
C2,2894,1,0.07445651292800903,0.21234196424484253,0.14339923858642578,0.21472160518169403
C2,2895,1,0.03978610038757324,0.39275503158569336,0.2162705659866333,0.12584520876407623
C2,2896,1,0.03391784429550171,0.2955315113067627,0.1647246778011322,0.0876666009426117
C2,2897,1,0.044457852840423584,0.5391353964805603,0.29179662466049194,0.09280627965927124
C2,2898,1,0.05663341283798218,0.12066435813903809,0.08864888548851013,0.2475239336490631
C2,2899,1,0.28153419494628906,0.23624682426452637,0.2588905096054077,0.054897163063287735
C2,2900,1,0.2144142985343933,0.28852880001068115,0.25147154927253723,0.13312998414039612
C2,2901,1,0.2627791166305542,0.1806594729423523,0.22171929478645325,0.14386120438575745
C2,2902,1,0.1261870265007019,0.21372950077056885,0.16995826363563538,0.10744063556194305
C2,2903,1,0.23174196481704712,0.17735517024993896,0.20454856753349304,0.2641892433166504
C2,2904,1,0.11473584175109863,0.15685880184173584,0.13579732179641724,0.06763354688882828
C2,2905,1,0.36050695180892944,0.5417098999023438,0.4511084258556366,0.10865967720746994
C2,2906,1,0.09838700294494629,0.3515424132347107,0.2249647080898285,0.12302880734205246
C2,2907,1,0.06022220849990845,0.30073899030685425,0.18048059940338135,0.18376749753952026
C2,2908,1,0.20353460311889648,0.21009862422943115,0.20681661367416382,0.07665204256772995
C2,2909,1,0.20353460311889648,0.2384265661239624,0.22098058462142944,0.06458654999732971
C2,2910,1,0.17106300592422485,0.32057487964630127,0.24581894278526306,0.07063358277082443
C2,2911,1,0.17106300592422485,0.24934357404708862,0.21020328998565674,0.06408964842557907
C2,2912,1,0.22131627798080444,0.2698426842689514,0.24557948112487793,0.08034516870975494
C2,2913,1,0.19263356924057007,0.11105233430862427,0.15184295177459717,0.14583493769168854
C2,2914,1,0.09114444255828857,0.16809147596359253,0.12961795926094055,0.10941440612077713
C2,2915,1,0.07785707712173462,0.12832456827163696,0.10309082269668579,0.09830884635448456
C2,2916,1,0.2495262622833252,0.21884381771087646,0.23418503999710083,0.08753553777933121
C2,2917,1,0.4269832968711853,0.2459755539894104,0.33647942543029785,0.07076767086982727
C2,2918,1,0.28240662813186646,0.2459755539894104,0.2641910910606384,0.06771278381347656
C2,2919,1,0.24560880661010742,0.4516504406929016,0.3486296236515045,0.11999661475419998
C2,2920,1,0.22209453582763672,0.49035149812698364,0.3562230169773102,0.13054101169109344
C2,2921,1,0.2754589915275574,0.15666037797927856,0.21605968475341797,0.08926542103290558
C2,2922,1,0.01626366376876831,0.38830727338790894,0.20228546857833862,0.08611553907394409
C2,2923,1,0.057313501834869385,0.15257149934768677,0.10494250059127808,0.06885011494159698
C2,2924,1,0.07594799995422363,0.1471455693244934,0.11154678463935852,0.03986877575516701
C2,2925,1,0.13019806146621704,0.42268872261047363,0.27644339203834534,0.04073602333664894
C2,2926,1,0.10061699151992798,0.32987070083618164,0.2152438461780548,0.053386788815259933
C2,2927,1,0.06125158071517944,0.29260170459747314,0.1769266426563263,0.07944421470165253
C2,2928,1,0.11411446332931519,0.0532190203666687,0.08366674184799194,0.10137936472892761
C2,2929,1,0.07747161388397217,0.16504013538360596,0.12125587463378906,0.08717761188745499
C2,2930,1,0.11987912654876709,0.20281130075454712,0.1613452136516571,0.08283744007349014
C2,2931,1,0.08448117971420288,0.2078678011894226,0.14617449045181274,0.07454080134630203
C2,2932,1,0.40253639221191406,0.11037325859069824,0.25645482540130615,0.09296227246522903
C2,2933,1,0.192003071308136,0.23483848571777344,0.2134207785129547,0.06847137212753296
C2,2934,1,0.192003071308136,0.2669856548309326,0.2294943630695343,0.06847137212753296
C2,2935,1,0.17094600200653076,0.28959572315216064,0.2302708625793457,0.07626847922801971
C2,2936,1,0.09489500522613525,0.15472877025604248,0.12481188774108887,0.05062759295105934
C2,2937,1,0.14970934391021729,0.2841693162918091,0.21693933010101318,0.06495499610900879
C2,2938,1,0.2800825834274292,0.05565673112869263,0.1678696572780609,0.13871178030967712
C2,2939,1,0.2800825834274292,0.17480003833770752,0.22744131088256836,0.33268240094184875
C2,2940,1,0.2800825834274292,0.08211100101470947,0.18109679222106934,0.22942152619361877
C2,2941,1,0.2800825834274292,0.08211100101470947,0.18109679222106934,0.1963188201189041
C2,2942,1,0.2538268566131592,0.05190765857696533,0.15286725759506226,0.2152225226163864
C2,2943,1,0.17148470878601074,0.03587937355041504,0.10368204116821289,0.0875241756439209
C2,2944,1,0.16458827257156372,0.03587937355041504,0.10023382306098938,0.05612142011523247
C2,2945,1,0.09873402118682861,0.042383015155792236,0.07055851817131042,0.05116790905594826
C2,2946,1,0.10918271541595459,0.03723412752151489,0.07320842146873474,0.051127564162015915
C2,2947,1,0.06753522157669067,0.0567818284034729,0.06215852499008179,0.05938153341412544
C2,2948,1,0.09359604120254517,0.058091938495635986,0.07584398984909058,0.04175843670964241
C2,2949,1,0.13185590505599976,0.058091938495635986,0.09497392177581787,0.06181628257036209
C2,2950,1,0.22159498929977417,0.12430328130722046,0.17294913530349731,0.07975819706916809
C2,2951,1,0.4081079363822937,0.04095405340194702,0.22453099489212036,0.06842628121376038
C2,2952,1,0.4418484568595886,0.11768317222595215,0.2797658145427704,0.0663614496588707
C2,2953,1,0.46035462617874146,0.10265988111495972,0.2815072536468506,0.06905294954776764
C2,2954,1,0.5304673612117767,0.11718946695327759,0.32382841408252716,0.09655545651912689
C2,2955,1,0.6549704670906067,0.143288254737854,0.39912936091423035,0.057468317449092865
C2,2956,1,0.5272283852100372,0.35612577199935913,0.4416770786046982,0.13731051981449127
C2,2957,1,0.3035392165184021,0.409579336643219,0.35655927658081055,0.12709267437458038
C2,2958,1,0.16615939140319824,0.07729262113571167,0.12172600626945496,0.0852356031537056
C2,2959,1,0.2451964020729065,0.16491830348968506,0.20505735278129578,0.20800098776817322
C2,2960,1,0.4783155918121338,0.32332825660705566,0.4008219242095947,0.20103390514850616
C2,2961,1,0.3991810083389282,0.32651883363723755,0.3628499209880829,0.13543902337551117
C2,2962,1,0.21877604722976685,0.30325305461883545,0.26101455092430115,0.13543902337551117
C2,2963,1,0.19012367725372314,0.2625734210014343,0.22634854912757874,0.10304751992225647
C2,2964,1,0.17138320207595825,0.1952117681503296,0.18329748511314392,0.07030419260263443
C2,2965,1,0.5980420410633087,0.3078365921974182,0.45293931663036346,0.10504843294620514
C2,2966,1,0.4737786650657654,0.3212931752204895,0.39753592014312744,0.12432385981082916
C2,2967,1,0.2476065754890442,0.15081912279129028,0.19921284914016724,0.04690904915332794
C2,2968,1,0.2005106806755066,0.14813756942749023,0.1743241250514984,0.02842816337943077
C2,2969,1,0.4571853280067444,0.3522467613220215,0.40471604466438293,0.02687862701714039
C2,2970,1,0.3720426559448242,0.32574963569641113,0.3488961458206177,0.0398092158138752
C2,2971,1,0.2773887515068054,0.32955121994018555,0.3034699857234955,0.0518665574491024
C2,2972,1,0.28393518924713135,0.27659904956817627,0.2802671194076538,0.05161889269948006
C2,2973,1,0.304746150970459,0.27659904956817627,0.2906726002693176,0.07477184385061264
C2,2974,1,0.42586642503738403,0.28596031665802,0.355913370847702,0.09004856646060944
C2,2975,1,0.2310367226600647,0.2704666256904602,0.25075167417526245,0.08744782209396362
C2,2976,1,0.24080026149749756,0.2371293306350708,0.23896479606628418,0.057442791759967804
C2,2977,1,0.2055322527885437,0.36376845836639404,0.28465035557746887,0.037970591336488724
C2,2978,1,0.14084863662719727,0.22110086679458618,0.18097475171089172,0.018526844680309296
C2,2979,1,0.3787567615509033,0.12500149011611938,0.25187912583351135,0.035688623785972595
C2,2980,1,0.320456326007843,0.3005412220954895,0.31049877405166626,0.04285815358161926
C2,2981,1,0.33222460746765137,0.10723066329956055,0.21972763538360596,0.060889504849910736
C2,2982,1,0.25357311964035034,0.10723066329956055,0.18040189146995544,0.06411152333021164
C2,2983,1,0.1748064160346985,0.34872621297836304,0.26176631450653076,0.06781315058469772
C2,2984,1,0.22073721885681152,0.3629292845726013,0.2918332517147064,0.07979576289653778
C2,2985,1,0.19190585613250732,0.21820354461669922,0.20505470037460327,0.06869570910930634
C2,2986,1,0.5457451939582825,0.23043358325958252,0.3880893886089325,0.04424772784113884
C2,2987,1,0.38996225595474243,0.23494869470596313,0.3124554753303528,0.03054347261786461
C2,2988,1,0.24405544996261597,0.2974751591682434,0.2707653045654297,0.015903392806649208
C2,2989,1,0.34369248151779175,0.3310115933418274,0.33735203742980957,0.030078565701842308
C2,2990,1,0.408317506313324,0.27024638652801514,0.33928194642066956,0.022834112867712975
C2,2991,1,0.258574903011322,0.3462470769882202,0.3024109899997711,0.02716435305774212
C2,2992,1,0.3438708186149597,0.1830797791481018,0.26347529888153076,0.0281788632273674
C2,2993,1,0.28280776739120483,0.2689569592475891,0.275882363319397,0.03317320719361305
C2,2994,1,0.28280776739120483,0.10538643598556519,0.194097101688385,0.036881521344184875
C2,2995,1,0.4427858591079712,0.26813560724258423,0.3554607331752777,0.02665301226079464
C2,2996,1,0.39142894744873047,0.2746066451072693,0.3330177962779999,0.040479935705661774
C2,2997,1,0.5245069861412048,0.07039928436279297,0.2974531352519989,0.03088400326669216
C2,2998,1,0.40058964490890503,0.11641180515289307,0.25850072503089905,0.49270081520080566
C2,2999,1,0.5856054127216339,0.05877864360809326,0.3221920281648636,0.4558162987232208
C2,3000,1,0.40236544609069824,0.04309457540512085,0.22273001074790955,0.45000559091567993
C2,3001,1,0.3230416774749756,0.04309457540512085,0.18306812644004822,0.5733662843704224
C2,3002,1,0.2137349247932434,0.04074007272720337,0.1272374987602234,0.6168479919433594
C2,3003,1,0.13758862018585205,0.04074007272720337,0.08916434645652771,0.6245744228363037
C2,3004,1,0.16345584392547607,0.09202998876571655,0.1277429163455963,0.6230664849281311
C2,3005,1,0.20604056119918823,0.09202998876571655,0.1490352749824524,0.5722877383232117
C2,3006,1,0.18670964241027832,0.08383172750473022,0.13527068495750427,0.5476561188697815
C2,3007,1,0.21201974153518677,0.07939177751541138,0.14570575952529907,0.5218656063079834
C2,3008,1,0.33828580379486084,0.07813167572021484,0.20820873975753784,0.615390419960022
C2,3009,1,0.33828580379486084,0.0975070595741272,0.21789643168449402,0.6355812549591064
C2,3010,1,0.3186550736427307,0.0975070595741272,0.20808106660842896,0.5539363026618958
C2,3011,1,0.35481786727905273,0.33525049686431885,0.3450341820716858,0.5726680755615234
C2,3012,1,0.41911131143569946,0.17876213788986206,0.29893672466278076,0.48388582468032837
C2,3013,1,0.3837668299674988,0.3102579712867737,0.34701240062713623,0.41715237498283386
C2,3014,1,0.21818876266479492,0.31512969732284546,0.2666592299938202,0.4671006500720978
C2,3015,1,0.25163447856903076,0.3201752305030823,0.2859048545360565,0.4338349401950836
C2,3016,1,0.12211072444915771,0.1162651777267456,0.11918795108795166,0.2157367616891861
C2,3017,1,0.16566985845565796,0.1230921745300293,0.14438101649284363,0.14420077204704285
C2,3018,1,0.16566985845565796,0.22847908735275269,0.19707447290420532,0.10251249372959137
C2,3019,1,0.2042926549911499,0.20902550220489502,0.20665907859802246,0.0929386168718338
C2,3020,1,0.16378557682037354,0.10469114780426025,0.1342383623123169,0.08542303740978241
C2,3021,1,0.589317113161087,0.19570434093475342,0.3925107270479202,0.08997534960508347
C2,3022,1,0.5347520709037781,0.6945934295654297,0.6146727502346039,0.08131808787584305
C2,3023,1,0.4269583821296692,0.22566914558410645,0.3263137638568878,0.07796331495046616
C2,3024,1,0.4774221181869507,0.08784419298171997,0.2826331555843353,0.07796331495046616
C2,3025,1,0.39687490463256836,0.10966247320175171,0.25326868891716003,0.07302360981702805
C2,3026,1,0.2962995171546936,0.10152572393417358,0.1989126205444336,0.0709085687994957
C2,3027,1,0.13564229011535645,0.10152572393417358,0.11858400702476501,0.0856625884771347
C2,3028,1,0.3164411187171936,0.06993138790130615,0.19318625330924988,0.08131132274866104
C2,3029,1,0.39205020666122437,0.05313432216644287,0.22259226441383362,0.06919687986373901
C2,3030,1,0.29489970207214355,0.08516669273376465,0.1900331974029541,0.03508017957210541
C2,3031,1,0.3203750252723694,0.07141256332397461,0.195893794298172,0.17479315400123596
C2,3032,1,0.23639708757400513,0.3581576943397522,0.29727739095687866,0.14043386280536652
C2,3033,1,0.5097069442272186,0.2603124976158142,0.3850097209215164,0.1377153992652893
C2,3034,1,0.5138640105724335,0.2948415279388428,0.4043527692556381,0.08171877264976501
C2,3035,1,0.17171752452850342,0.23128652572631836,0.2015020251274109,0.04497545585036278
C2,3036,1,0.24462676048278809,0.13596749305725098,0.19029712677001953,0.05245954170823097
C2,3037,1,0.2167339324951172,0.36745375394821167,0.29209384322166443,0.05598500743508339
C2,3038,1,0.5540002286434174,0.14961791038513184,0.3518090695142746,0.04537634924054146
C2,3039,1,0.37088650465011597,0.14088362455368042,0.2558850646018982,0.06411699205636978
C2,3040,1,0.47879624366760254,0.3347265124320984,0.40676137804985046,0.07902893424034119
C2,3041,1,0.06261181831359863,0.4230503439903259,0.24283108115196228,0.04911935329437256
C2,3042,1,0.16096705198287964,0.23588144779205322,0.19842424988746643,0.04231264442205429
C2,3043,1,0.2488057017326355,0.2510557770729065,0.249930739402771,0.01723306067287922
C2,3044,1,0.15021175146102905,0.18166905641555786,0.16594040393829346,0.022014087066054344
C2,3045,1,0.16872262954711914,0.18166905641555786,0.1751958429813385,0.01772576943039894
C2,3046,1,0.26657330989837646,0.18166905641555786,0.22412118315696716,0.03341900184750557
C2,3047,1,0.26657330989837646,0.18166905641555786,0.22412118315696716,0.027545349672436714
C2,3048,1,0.34078484773635864,0.1844998598098755,0.26264235377311707,0.02442784048616886
C2,3049,1,0.6584194004535675,0.26605790853500366,0.4622386544942856,0.03257135674357414
C2,3050,1,0.3807554244995117,0.26605790853500366,0.3234066665172577,0.037568461149930954
C2,3051,1,0.6798669695854187,0.26054590940475464,0.47020643949508667,0.029642874374985695
C2,3052,1,0.6402993202209473,0.03290879726409912,0.3366040587425232,0.045992832630872726
C2,3053,1,0.207328200340271,0.06276369094848633,0.13504594564437866,0.049627289175987244
C2,3054,1,0.2544199228286743,0.15542572736740112,0.20492282509803772,0.04633653163909912
C2,3055,1,0.34857094287872314,0.15238994359970093,0.25048044323921204,0.0597715824842453
C2,3056,1,0.43227845430374146,0.16140216588974,0.2968403100967407,0.045018646866083145
C2,3057,1,0.6872434020042419,0.16724437475204468,0.4272438883781433,0.04043108969926834
C2,3058,1,0.14778274297714233,0.3997006416320801,0.2737416923046112,0.3331405520439148
C2,3059,1,0.17357027530670166,0.3997006416320801,0.28663545846939087,0.3277767598628998
C2,3060,1,0.17357027530670166,0.48226767778396606,0.32791897654533386,0.491567999124527
C2,3061,1,0.17685413360595703,0.42168766260147095,0.299270898103714,0.16266144812107086
C2,3062,1,0.24388551712036133,0.41600245237350464,0.329943984746933,0.18987709283828735
C2,3063,1,0.18397247791290283,0.41600245237350464,0.29998746514320374,0.20609164237976074
C2,3064,1,0.18836939334869385,0.4414716362953186,0.3149205148220062,0.518028974533081
C2,3065,1,0.13296854496002197,0.4414716362953186,0.2872200906276703,0.48676255345344543
C2,3066,1,0.3026863932609558,0.40893352031707764,0.3558099567890167,0.4963091313838959
C2,3067,1,0.190163254737854,0.5059448480606079,0.34805405139923096,0.3058823347091675
C2,3068,1,0.11392062902450562,0.6150592267513275,0.36448992788791656,0.2600086033344269
C2,3069,1,0.24375736713409424,0.5085875988006592,0.3761724829673767,0.21925286948680878
C2,3070,1,0.17463117837905884,0.4025738835334778,0.2886025309562683,0.26396945118904114
C2,3071,1,0.10782712697982788,0.4369765520095825,0.2724018394947052,0.288118451833725
C2,3072,1,0.11010253429412842,0.34431612491607666,0.22720932960510254,0.2356194406747818
C2,3073,1,0.11010253429412842,0.3429969549179077,0.22654974460601807,0.2370637208223343
C2,3074,1,0.19846218824386597,0.4022586941719055,0.30036044120788574,0.2493463009595871
C2,3075,1,0.1415843367576599,0.39027875661849976,0.26593154668807983,0.25024113059043884
C2,3076,1,0.20813363790512085,0.18776017427444458,0.19794690608978271,0.28465735912323
C2,3077,1,0.20813363790512085,0.1620645523071289,0.18509909510612488,0.2564952075481415
C2,3078,1,0.17076003551483154,0.0644955039024353,0.11762776970863342,0.24977275729179382
C2,3079,1,0.20674210786819458,0.19415342807769775,0.20044776797294617,0.1727965921163559
C2,3080,1,0.3941965103149414,0.2904108762741089,0.34230369329452515,0.10483960062265396
C2,3081,1,0.31028711795806885,0.24670910835266113,0.278498113155365,0.10465943813323975
C2,3082,1,0.27618032693862915,0.10064423084259033,0.18841227889060974,0.07971545308828354
C2,3083,1,0.46160608530044556,0.10027194023132324,0.2809390127658844,0.06544266641139984
C2,3084,1,0.49191319942474365,0.18925660848617554,0.3405849039554596,0.0715891420841217
C2,3085,1,0.48156315088272095,0.19157493114471436,0.33656904101371765,0.08669419586658478
C2,3086,1,0.3477116823196411,0.18520408868789673,0.2664578855037689,0.1227143257856369
C2,3087,1,0.40586262941360474,0.23021948337554932,0.318041056394577,0.0798918753862381
C2,3088,1,0.41756391525268555,0.33895957469940186,0.3782617449760437,0.14952795207500458
C2,3089,1,0.5731470584869385,0.33895957469940186,0.45605331659317017,0.14952795207500458
C2,3090,1,0.5099485814571381,0.33895957469940186,0.42445407807826996,0.14045917987823486
C2,3091,1,0.4731121063232422,0.33895957469940186,0.406035840511322,0.11721375584602356
C2,3092,1,0.4731121063232422,0.3137086033821106,0.3934103548526764,0.11834019422531128
C2,3093,1,0.5920933783054352,0.18675833940505981,0.3894258588552475,0.0733996257185936
C2,3094,1,0.5642925202846527,0.18675833940505981,0.37552542984485626,0.07383909821510315
C2,3095,1,0.5923590362071991,0.18675833940505981,0.38955868780612946,0.07833012193441391
C2,3096,1,0.6960223615169525,0.23016804456710815,0.46309520304203033,0.17891578376293182
C2,3097,1,0.4467853307723999,0.13105958700180054,0.2889224588871002,0.22280475497245789
C2,3098,1,0.6420329511165619,0.11438882350921631,0.3782108873128891,0.15457583963871002
C2,3099,1,0.5274406969547272,0.10878819227218628,0.3181144446134567,0.20547199249267578
C2,3100,1,0.5274406969547272,0.10878819227218628,0.3181144446134567,0.206218883395195
C2,3101,1,0.5606368482112885,0.21805977821350098,0.3893483132123947,0.2886464297771454
C2,3102,1,0.40035372972488403,0.21805977821350098,0.3092067539691925,0.20631103217601776
C2,3103,1,0.3817269802093506,0.29979926347732544,0.340763121843338,0.07856366038322449
C2,3104,1,0.23369312286376953,0.39724236726760864,0.3154677450656891,0.06690879166126251
C2,3105,1,0.2368965744972229,0.46047377586364746,0.3486851751804352,0.059835828840732574
C2,3106,1,0.20694774389266968,0.4395390748977661,0.3232434093952179,0.07289991527795792
C2,3107,1,0.3857227563858032,0.4305574297904968,0.40814009308815,0.08372689038515091
C2,3108,1,0.19071179628372192,0.436448872089386,0.31358033418655396,0.05815786123275757
C2,3109,1,0.24305075407028198,0.436448872089386,0.339749813079834,0.0546615831553936
C2,3110,1,0.24305075407028198,0.5865715146064758,0.4148111343383789,0.052647534757852554
C2,3111,1,0.28563356399536133,0.5865715146064758,0.4361025393009186,0.0753447562456131
C2,3112,1,0.21729087829589844,0.5865715146064758,0.40193119645118713,0.07750469446182251
C2,3113,1,0.160342276096344,0.5865715146064758,0.3734568953514099,0.02936827391386032
C2,3114,1,0.12231791019439697,0.5865715146064758,0.3544447124004364,0.038482606410980225
C2,3115,1,0.3384765386581421,0.29621630907058716,0.3173464238643646,0.06582818925380707
C2,3116,1,0.5030438303947449,0.30530840158462524,0.40417611598968506,0.0878579393029213
C2,3117,1,0.38947075605392456,0.35684072971343994,0.37315574288368225,0.10192012041807175
C2,3118,1,0.25685322284698486,0.5231724381446838,0.39001283049583435,0.2966545820236206
C2,3119,1,0.1223493218421936,0.2488376498222351,0.18559348583221436,0.2385200560092926
C2,3120,1,0.6451469659805298,0.2911018133163452,0.4681243896484375,0.07701724022626877
C2,3121,1,0.8729057461023331,0.6124275922775269,0.74266666918993,0.09218946844339371
C2,3122,1,0.8175009191036224,0.5178738236427307,0.6676873713731766,0.13875050842761993
C2,3123,1,0.6866735219955444,0.5108134150505066,0.5987434685230255,0.17014583945274353
C2,3124,1,0.5951922237873077,0.4556090235710144,0.5254006236791611,0.13568957149982452
C2,3125,1,0.8453978896141052,0.7566094249486923,0.8010036572813988,0.06682699918746948
C2,3126,1,0.7533231973648071,0.5654615163803101,0.6593923568725586,0.09229815751314163
C2,3127,1,0.32835090160369873,0.6066052615642548,0.46747808158397675,0.06015080213546753
C2,3128,1,0.7501641660928726,0.3363174796104431,0.5432408228516579,0.09541051834821701
C2,3129,1,0.19715529680252075,0.425678014755249,0.3114166557788849,0.12353584915399551
C2,3130,1,0.6325386464595795,0.4604215621948242,0.5464801043272018,0.07144519686698914
C2,3131,1,0.44638991355895996,0.4473760724067688,0.4468829929828644,0.13211514055728912
C2,3132,1,0.7117328643798828,0.5725761353969574,0.6421544998884201,0.17810852825641632
C2,3133,1,0.3394026756286621,0.4170604944229126,0.37823158502578735,0.10060714185237885
C2,3134,1,0.32683491706848145,0.31920886039733887,0.32302188873291016,0.10969264060258865
C2,3135,1,0.3651391267776489,0.1506064534187317,0.2578727900981903,0.15964937210083008
C2,3136,1,0.44073253870010376,0.2225329875946045,0.3316327631473541,0.12371782213449478
C2,3137,1,0.598887711763382,0.27929067611694336,0.43908919394016266,0.08851669728755951
C2,3138,1,0.7511880546808243,0.2363014817237854,0.49374476820230484,0.07493054121732712
C2,3139,1,0.7017180025577545,0.26424551010131836,0.48298175632953644,0.06926008313894272
C2,3140,1,0.5802379846572876,0.24728137254714966,0.41375967860221863,0.10132583975791931
C2,3141,1,0.7251923978328705,0.154405415058136,0.43979890644550323,0.1541033387184143
C2,3142,1,0.48372364044189453,0.7084667384624481,0.5960951894521713,0.13741642236709595
C2,3143,1,0.6006435751914978,0.5776656270027161,0.5891546010971069,0.08730433881282806
C2,3144,1,0.5221740007400513,0.094027578830719,0.30810078978538513,0.047342609614133835
C2,3145,1,0.2525555491447449,0.3729642629623413,0.3127599060535431,0.093953438103199
C2,3146,1,0.5597236156463623,0.4116874933242798,0.48570555448532104,0.044783443212509155
C2,3147,1,0.3410871624946594,0.41957634687423706,0.38033175468444824,0.03522878140211105
C2,3148,1,0.37791168689727783,0.0794607400894165,0.22868621349334717,0.08230593055486679
C2,3149,1,0.2748873233795166,0.10174965858459473,0.18831849098205566,0.08435718715190887
C2,3150,1,0.3174676299095154,0.2728005051612854,0.2951340675354004,0.02556576021015644
C2,3151,1,0.23796463012695312,0.2435053586959839,0.2407349944114685,0.02322636917233467
C2,3152,1,0.294841468334198,0.15591812133789062,0.2253797948360443,0.053970761597156525
C2,3153,1,0.6787095069885254,0.5323677062988281,0.6055386066436768,0.03821215406060219
C2,3154,1,0.475350558757782,0.28622686862945557,0.3807887136936188,0.05097144469618797
C2,3155,1,0.8154212385416031,0.32018303871154785,0.5678021386265755,0.025473371148109436
C2,3156,1,0.5205733180046082,0.40805989503860474,0.46431660652160645,0.022693278267979622
C2,3157,1,0.4751472473144531,0.2602996826171875,0.3677234649658203,0.02223450131714344
C2,3158,1,0.25344187021255493,0.6732945144176483,0.4633681923151016,0.06399156898260117
C2,3159,1,0.12539726495742798,0.5936933159828186,0.3595452904701233,0.042173732072114944
C2,3160,1,0.16228508949279785,0.601540744304657,0.3819129168987274,0.04111695662140846
C2,3161,1,0.26313555240631104,0.3938663601875305,0.3285009562969208,0.01922636665403843
C2,3162,1,0.38905781507492065,0.24277883768081665,0.31591832637786865,0.06385491788387299
C2,3163,1,0.2604067325592041,0.620691567659378,0.4405491501092911,0.04569258540868759
C2,3164,1,0.5609202682971954,0.47605830430984497,0.5184892863035202,0.04491914063692093
C2,3165,1,0.5362707376480103,0.5077535510063171,0.5220121443271637,0.015423567034304142
C2,3166,1,0.412666916847229,0.2230978012084961,0.31788235902786255,0.025133119896054268
C2,3167,1,0.8013542741537094,0.32361698150634766,0.5624856278300285,0.02749750204384327
C2,3168,1,0.3380246162414551,0.1436781883239746,0.24085140228271484,0.02363145351409912
C2,3169,1,0.39658689498901367,0.6033470332622528,0.49996696412563324,0.025818902999162674
C2,3170,1,0.43198156356811523,0.5605730414390564,0.4962773025035858,0.03250918537378311
C2,3171,1,0.26503902673721313,0.3187256455421448,0.29188233613967896,0.021680587902665138
C2,3172,1,0.7307313978672028,0.30740123987197876,0.5190663188695908,0.013943759724497795
C2,3173,1,0.5172290802001953,0.24475473165512085,0.3809919059276581,0.033978935331106186
C2,3174,1,0.6696259379386902,0.5145888328552246,0.5921073853969574,0.026983078569173813
C2,3175,1,0.5333133935928345,0.5104451179504395,0.521879255771637,0.012538153678178787
C2,3176,1,0.19260090589523315,0.4380064606666565,0.3153036832809448,0.023387979716062546
C2,3177,1,0.6598296761512756,0.3346278667449951,0.4972287714481354,0.02782346121966839
C2,3178,1,0.30668026208877563,0.20459586381912231,0.255638062953949,0.1467551738023758
C2,3179,1,0.4223436117172241,0.24890005588531494,0.33562183380126953,0.03063712641596794
C2,3180,1,0.3550095558166504,0.09554183483123779,0.2252756953239441,0.04021549969911575
C2,3181,1,0.31039631366729736,0.2326204776763916,0.2715083956718445,0.04319947957992554
C2,3182,1,0.7878126502037048,0.3583797216415405,0.5730961859226227,0.023203494027256966
C2,3183,1,0.792239248752594,0.23482638597488403,0.513532817363739,0.01699548028409481
C2,3184,1,0.6089137196540833,0.1651046872138977,0.3870092034339905,0.03978400304913521
C2,3185,1,0.5688909292221069,0.3468635082244873,0.4578772187232971,0.04332469031214714
C2,3186,1,0.8265573531389236,0.34984612464904785,0.5882017388939857,0.11848247796297073
C2,3187,1,0.4862020015716553,0.6054102182388306,0.5458061099052429,0.11994104832410812
C2,3188,1,0.52199986577034,0.3246161937713623,0.42330802977085114,0.060121845453977585
C2,3189,1,0.5896925032138824,0.6206245124340057,0.6051585078239441,0.0443231426179409
C2,3190,1,0.5193535089492798,0.6125154495239258,0.5659344792366028,0.03560146689414978
C2,3191,1,0.43868350982666016,0.24485766887664795,0.34177058935165405,0.02017698809504509
C2,3192,1,0.1440500020980835,0.325695276260376,0.23487263917922974,0.011361290700733662
C2,3193,1,0.29630255699157715,0.33070987462997437,0.31350621581077576,0.012986473739147186
C2,3194,1,0.22373920679092407,0.3115459680557251,0.2676425874233246,0.022498857229948044
C2,3195,1,0.2871071696281433,0.208124041557312,0.24761560559272766,0.023566635325551033
C2,3196,1,0.5263689756393433,0.308745801448822,0.41755738854408264,0.04114844277501106
C2,3197,1,0.334098756313324,0.3572336435317993,0.34566619992256165,0.025324273854494095
C2,3198,1,0.3644930124282837,0.33777010440826416,0.3511315584182739,0.07916595786809921
C2,3199,1,0.37424272298812866,0.546818733215332,0.46053072810173035,0.043093834072351456
C2,3200,1,0.3135199546813965,0.4328015446662903,0.3731607496738434,0.0207427516579628
C2,3201,1,0.3537411689758301,0.3341934084892273,0.3439672887325287,0.011519772931933403
C2,3202,1,0.33462560176849365,0.4824067950248718,0.40851619839668274,0.017698820680379868
C2,3203,1,0.2381313443183899,0.4846261143684387,0.3613787293434143,0.02020253799855709
C2,3204,1,0.13439297676086426,0.8089228868484497,0.471657931804657,0.0533866323530674
C2,3205,1,0.18334823846817017,0.4767739772796631,0.3300611078739166,0.0598580464720726
C2,3206,1,0.17824363708496094,0.42177921533584595,0.30001142621040344,0.022543679922819138
C2,3207,1,0.16594761610031128,0.6131768524646759,0.3895622342824936,0.021220842376351357
C2,3208,1,0.23847061395645142,0.8049946576356888,0.5217326357960701,0.016588518396019936
C2,3209,1,0.3889596462249756,0.6148122251033783,0.5018859356641769,0.03438683599233627
C2,3210,1,0.2480010986328125,0.40402382612228394,0.3260124623775482,0.027621056884527206
C2,3211,1,0.376187801361084,0.23480504751205444,0.3054964244365692,0.04777182266116142
C2,3212,1,0.376187801361084,0.493613064289093,0.4349004328250885,0.03250947222113609
C2,3213,1,0.5622746050357819,0.49765580892562866,0.5299652069807053,0.05865107476711273
C2,3214,1,0.15951859951019287,0.30107349157333374,0.2302960455417633,0.07373765856027603
C2,3215,1,0.169528067111969,0.2926942706108093,0.23111116886138916,0.05477909743785858
C2,3216,1,0.4603230357170105,0.6016533076763153,0.5309881716966629,0.053842294961214066
C2,3217,1,0.4072878956794739,0.6804544925689697,0.5438711941242218,0.031786661595106125
C2,3218,1,0.5043624639511108,0.6275443136692047,0.5659533888101578,0.03673039376735687
C2,3219,1,0.34313273429870605,0.5668670535087585,0.4549998939037323,0.03589222952723503
C2,3220,1,0.3240623474121094,0.5732132792472839,0.44863781332969666,0.04891018569469452
C2,3221,1,0.13132882118225098,0.39831453561782837,0.2648216784000397,0.09182392060756683
C2,3222,1,0.10967814922332764,0.44365763664245605,0.27666789293289185,0.11271178722381592
C2,3223,1,0.21331876516342163,0.5911360383033752,0.40222740173339844,0.1288355141878128
C2,3224,1,0.2926812171936035,0.5159680843353271,0.40432465076446533,0.038283973932266235
C2,3225,1,0.4084751605987549,0.4019511342048645,0.4052131474018097,0.060469865798950195
C2,3226,1,0.15318167209625244,0.2587646245956421,0.20597314834594727,0.04169822856783867
C2,3227,1,0.3512517809867859,0.4198610186576843,0.3855563998222351,0.031141383573412895
C2,3228,1,0.4415591359138489,0.34140825271606445,0.39148369431495667,0.027018461376428604
C2,3229,1,0.28443658351898193,0.45270729064941406,0.368571937084198,0.05497629567980766
C2,3230,1,0.17287427186965942,0.6866950988769531,0.4297846853733063,0.04671960696578026
C2,3231,1,0.29114049673080444,0.3824341893196106,0.3367873430252075,0.045813072472810745
C2,3232,1,0.09071862697601318,0.15202593803405762,0.1213722825050354,0.02466673217713833
C2,3233,1,0.07494354248046875,0.1869937777519226,0.13096866011619568,0.0446452759206295
C2,3234,1,0.1589563488960266,0.26419347524642944,0.21157491207122803,0.035887494683265686
C2,3235,1,0.27200376987457275,0.6346043050289154,0.4533040374517441,0.05142609402537346
C2,3236,1,0.517186850309372,0.4861629605293274,0.5016749054193497,0.03958669304847717
C2,3237,1,0.24978166818618774,0.8692271113395691,0.5595043897628784,0.021401291713118553
C2,3238,1,0.5352238118648529,0.2661473751068115,0.4006855934858322,0.1462220400571823
C2,3239,1,0.5450853407382965,0.1803823709487915,0.362733855843544,0.19700376689434052
C2,3240,1,0.5818448066711426,0.17149043083190918,0.3766676187515259,0.05336684361100197
C2,3241,1,0.23793381452560425,0.48663800954818726,0.36228591203689575,0.07957049459218979
C2,3242,1,0.4388338327407837,0.18704348802566528,0.3129386603832245,0.14555197954177856
C2,3243,1,0.40326619148254395,0.3747897744178772,0.38902798295021057,0.17594027519226074
C2,3244,1,0.5446292757987976,0.25796401500701904,0.4012966454029083,0.17192400991916656
C2,3245,1,0.5078117847442627,0.1499483585357666,0.32888007164001465,0.12221303582191467
C2,3246,1,0.19233649969100952,0.21494585275650024,0.20364117622375488,0.09954440593719482
C2,3247,1,0.29375672340393066,0.2442622184753418,0.26900947093963623,0.11566177755594254
C2,3248,1,0.20576339960098267,0.15835267305374146,0.18205803632736206,0.1674545258283615
C2,3249,1,0.5144146084785461,0.28480207920074463,0.3996083438396454,0.17367978394031525
C2,3250,1,0.3832446336746216,0.33394426107406616,0.35859444737434387,0.15186156332492828
C2,3251,1,0.377008318901062,0.3314513564109802,0.3542298376560211,0.08267483115196228
C2,3252,1,0.17173248529434204,0.32573533058166504,0.24873390793800354,0.09411253035068512
C2,3253,1,0.4532972574234009,0.2867809534072876,0.37003910541534424,0.11673896759748459
C2,3254,1,0.31203901767730713,0.1372925043106079,0.22466576099395752,0.11815979331731796
C2,3255,1,0.3954111337661743,0.1502305269241333,0.2728208303451538,0.1088249459862709
C2,3256,1,0.24269640445709229,0.21496069431304932,0.2288285493850708,0.12652619183063507
C2,3257,1,0.2329552173614502,0.4947044253349304,0.3638298213481903,0.044692911207675934
C2,3258,1,0.26444298028945923,0.4239962100982666,0.3442195951938629,0.10725906491279602
C2,3259,1,0.2996631860733032,0.5026330947875977,0.40114814043045044,0.15358804166316986
C2,3260,1,0.38823914527893066,0.6828567981719971,0.5355479717254639,0.10051484405994415
C2,3261,1,0.1411380171775818,0.39503562450408936,0.26808682084083557,0.11852744221687317
C2,3262,1,0.700943648815155,0.32097291946411133,0.5109582841396332,0.09340395778417587
C2,3263,1,0.44944798946380615,0.17526787519454956,0.31235793232917786,0.10201030224561691
C2,3264,1,0.32134997844696045,0.48467010259628296,0.4030100405216217,0.07440047711133957
C2,3265,1,0.3632891774177551,0.7011865079402924,0.5322378426790237,0.09076562523841858
C2,3266,1,0.49200302362442017,0.3238922953605652,0.4079476594924927,0.08643392473459244
C2,3267,1,0.31358128786087036,0.34414756298065186,0.3288644254207611,0.046624574810266495
C2,3268,1,0.24494469165802002,0.30371278524398804,0.27432873845100403,0.06523961573839188
C2,3269,1,0.11394917964935303,0.21037620306015015,0.1621626913547516,0.06072334200143814
C2,3270,1,0.12181496620178223,0.24365246295928955,0.1827337145805359,0.06260591745376587
C2,3271,1,0.1169881820678711,0.16333580017089844,0.14016199111938477,0.05299273133277893
C2,3272,1,0.12596189975738525,0.2382236123085022,0.18209275603294373,0.09332996606826782
C2,3273,1,0.13635456562042236,0.08377701044082642,0.11006578803062439,0.03763410821557045
C2,3274,1,0.1331351399421692,0.10781455039978027,0.12047484517097473,0.07708847522735596
C2,3275,1,0.21401852369308472,0.33888769149780273,0.2764531075954437,0.07013324648141861
C2,3276,1,0.4180789589881897,0.5202003419399261,0.4691396504640579,0.051932357251644135
C2,3277,1,0.4367411732673645,0.5051886439323425,0.4709649085998535,0.07604721188545227
C2,3278,1,0.11152565479278564,0.6429914832115173,0.3772585690021515,0.08116209506988525
C2,3279,1,0.22225326299667358,0.3421482443809509,0.28220075368881226,0.10617953538894653
C2,3280,1,0.591019868850708,0.24523526430130005,0.41812756657600403,0.08227428048849106
C2,3281,1,0.5632910430431366,0.29072195291519165,0.4270064979791641,0.05093994736671448
C2,3282,1,0.5693179368972778,0.29728269577026367,0.43330031633377075,0.041614510118961334
C2,3283,1,0.44831383228302,0.4360473155975342,0.4421805739402771,0.05101881921291351
C2,3284,1,0.534121572971344,0.48077166080474854,0.5074466168880463,0.05857390537858009
C2,3285,1,0.5383235216140747,0.5087069869041443,0.5235152542591095,0.08209710568189621
C2,3286,1,0.23521065711975098,0.4621099829673767,0.34866032004356384,0.03587612509727478
C2,3287,1,0.1720048189163208,0.7667724788188934,0.4693886488676071,0.04791726544499397
C2,3288,1,0.1720048189163208,0.386435329914093,0.2792200744152069,0.04314568638801575
C2,3289,1,0.42703044414520264,0.382957398891449,0.4049939215183258,0.046150606125593185
C2,3290,1,0.5709674954414368,0.4994298219680786,0.5351986587047577,0.03322524577379227
C2,3291,1,0.33825963735580444,0.42674434185028076,0.3825019896030426,0.03954416885972023
C2,3292,1,0.09821343421936035,0.42740434408187866,0.2628088891506195,0.07017718255519867
C2,3293,1,0.17343980073928833,0.430275559425354,0.30185768008232117,0.054410286247730255
C2,3294,1,0.03212404251098633,0.684747040271759,0.3584355413913727,0.01852376013994217
C2,3295,1,0.022839665412902832,0.5353321433067322,0.2790859043598175,0.02295517548918724
C2,3296,1,0.174382746219635,0.6769990622997284,0.4256909042596817,0.04942735284566879
C2,3297,1,0.19289356470108032,0.5496538281440735,0.3712736964225769,0.03088289685547352
C2,3298,1,0.015390872955322266,0.21680057048797607,0.11609572172164917,0.19434912502765656
C2,3299,1,0.07077372074127197,0.383913516998291,0.2273436188697815,0.06279413402080536
C2,3300,1,0.04878532886505127,0.46453559398651123,0.25666046142578125,0.07131551951169968
C2,3301,1,0.05926448106765747,0.2736554741859436,0.16645997762680054,0.03772284835577011
C2,3302,1,0.0630190372467041,0.17867529392242432,0.12084716558456421,0.06201986223459244
C2,3303,1,0.06347638368606567,0.36215656995773315,0.21281647682189941,0.08683538436889648
C2,3304,1,0.22581857442855835,0.26017701625823975,0.24299779534339905,0.09799402952194214
C2,3305,1,0.12620413303375244,0.1668328046798706,0.14651846885681152,0.07355097681283951
C2,3306,1,0.2094956636428833,0.12428545951843262,0.16689056158065796,0.08211729675531387
C2,3307,1,0.2632816433906555,0.334769606590271,0.29902562499046326,0.08269770443439484
C2,3308,1,0.10156363248825073,0.2685585021972656,0.18506106734275818,0.08587215095758438
C2,3309,1,0.10156363248825073,0.28617507219314575,0.19386935234069824,0.05038346350193024
C2,3310,1,0.049445509910583496,0.17775505781173706,0.11360028386116028,0.048882655799388885
C2,3311,1,0.0820046067237854,0.20588701963424683,0.1439458131790161,0.05127093195915222
C2,3312,1,0.13612401485443115,0.5949189364910126,0.36552147567272186,0.04942849650979042
C2,3313,1,0.0998603105545044,0.517486572265625,0.3086734414100647,0.05034754425287247
C2,3314,1,0.0998603105545044,0.2205854058265686,0.1602228581905365,0.19098560512065887
C2,3315,1,0.0998603105545044,0.6444169878959656,0.372138649225235,0.035840123891830444
C2,3316,1,0.06312406063079834,0.2490525245666504,0.15608829259872437,0.04953082650899887
C2,3317,1,0.0539548397064209,0.2630090117454529,0.1584819257259369,0.13241992890834808
C2,3318,1,0.07818752527236938,0.08482354879379272,0.08150553703308105,0.10178294777870178
C2,3319,1,0.1883542537689209,0.051937878131866455,0.12014606595039368,0.04705188423395157
C2,3320,1,0.33367758989334106,0.04653370380401611,0.1901056468486786,0.04321607947349548
C2,3321,1,0.4119603633880615,0.045578598976135254,0.2287694811820984,0.04321607947349548
C2,3322,1,0.29642510414123535,0.03883159160614014,0.16762834787368774,0.06485219299793243
C2,3323,1,0.2997605800628662,0.08632266521453857,0.1930416226387024,0.06259500235319138
C2,3324,1,0.3894945979118347,0.08906787633895874,0.23928123712539673,0.03746438026428223
C2,3325,1,0.23805612325668335,0.17183971405029297,0.20494791865348816,0.0707913413643837
C2,3326,1,0.3597005605697632,0.11038601398468018,0.23504328727722168,0.058063045144081116
C2,3327,1,0.43815338611602783,0.32643383741378784,0.38229361176490784,0.03756341710686684
C2,3328,1,0.051907896995544434,0.12550801038742065,0.08870795369148254,0.044891368597745895
C2,3329,1,0.19009292125701904,0.07610529661178589,0.13309910893440247,0.04079403355717659
C2,3330,1,0.39544594287872314,0.3065792918205261,0.35101261734962463,0.05643199011683464
C2,3331,1,0.4639822244644165,0.1842423677444458,0.32411229610443115,0.042963363230228424
C2,3332,1,0.5698075592517853,0.3710864782333374,0.47044701874256134,0.027676574885845184
C2,3333,1,0.511536180973053,0.12254589796066284,0.3170410394668579,0.025630680844187737
C2,3334,1,0.28072696924209595,0.4173903465270996,0.3490586578845978,0.03800858184695244
C2,3335,1,0.3563472628593445,0.18365472555160522,0.27000099420547485,0.04364047199487686
C2,3336,1,0.37233656644821167,0.1251903772354126,0.24876347184181213,0.03937765955924988
C2,3337,1,0.6616874635219574,0.07883572578430176,0.3702615946531296,0.062116097658872604
C2,3338,1,0.24382942914962769,0.09471118450164795,0.16927030682563782,0.0846741646528244
C2,3339,1,0.3442413806915283,0.4087575078010559,0.3764994442462921,0.07248826324939728
C2,3340,1,0.4273507595062256,0.6145218014717102,0.5209362804889679,0.07871192693710327
C2,3341,1,0.4135972261428833,0.7947702258825302,0.6041837260127068,0.052826106548309326
C2,3342,1,0.41332942247390747,0.29347819089889526,0.35340380668640137,0.08410071581602097
C2,3343,1,0.47159725427627563,0.12519925832748413,0.2983982563018799,0.06641185283660889
C2,3344,1,0.549845278263092,0.05197453498840332,0.3009099066257477,0.07761062681674957
C2,3345,1,0.46288973093032837,0.042316973209381104,0.25260335206985474,0.03957230970263481
C2,3346,1,0.43294423818588257,0.48518693447113037,0.45906558632850647,0.05005079135298729
C2,3347,1,0.5333015322685242,0.2482120394706726,0.3907567858695984,0.036168552935123444
C2,3348,1,0.3817589282989502,0.30295199155807495,0.3423554599285126,0.05815577879548073
C2,3349,1,0.34919553995132446,0.40471673011779785,0.37695613503456116,0.015580253675580025
C2,3350,1,0.26586562395095825,0.4046919345855713,0.33527877926826477,0.0242234505712986
C2,3351,1,0.2498885989189148,0.15254801511764526,0.20121830701828003,0.0223565511405468
C2,3352,1,0.10130709409713745,0.21052008867263794,0.1559135913848877,0.03414461761713028
C2,3353,1,0.3520742654800415,0.29868555068969727,0.3253799080848694,0.019520342350006104
C2,3354,1,0.5014853775501251,0.13372594118118286,0.317605659365654,0.033202163875103
C2,3355,1,0.7573651224374771,0.20660358667373657,0.48198435455560684,0.009123357012867928
C2,3356,1,0.7044190168380737,0.3006325960159302,0.502525806427002,0.018850689753890038
C2,3357,1,0.3657609820365906,0.09875291585922241,0.2322569489479065,0.05532687157392502
C2,3358,1,0.1314549446105957,0.5261742770671844,0.3288146108388901,0.16946406662464142
C2,3359,1,0.10015839338302612,0.18481004238128662,0.14248421788215637,0.2907606363296509
C2,3360,1,0.10393887758255005,0.1612921953201294,0.13261553645133972,0.13543976843357086
C2,3361,1,0.28488999605178833,0.1257007122039795,0.2052953541278839,0.1792507916688919
C2,3362,1,0.3022956848144531,0.12050288915634155,0.21139928698539734,0.17591004073619843
C2,3363,1,0.19450753927230835,0.023876309394836426,0.10919192433357239,0.1998283714056015
C2,3364,1,0.3375489115715027,0.03800565004348755,0.18777728080749512,0.23802725970745087
C2,3365,1,0.4268764853477478,0.04279673099517822,0.234836608171463,0.1387488842010498
C2,3366,1,0.1354057788848877,0.3563092350959778,0.24585750699043274,0.18211260437965393
C2,3367,1,0.17664557695388794,0.4581249952316284,0.3173852860927582,0.09926992654800415
C2,3368,1,0.13120776414871216,0.13675254583358765,0.1339801549911499,0.08526906371116638
C2,3369,1,0.4083423614501953,0.1788221001625061,0.2935822308063507,0.08705060184001923
C2,3370,1,0.45263200998306274,0.24909746646881104,0.3508647382259369,0.09726715087890625
C2,3371,1,0.23272866010665894,0.2437853217124939,0.23825699090957642,0.09822456538677216
C2,3372,1,0.22225266695022583,0.3049759268760681,0.263614296913147,0.08170121908187866
C2,3373,1,0.11668449640274048,0.3749433159828186,0.24581390619277954,0.06225348263978958
C2,3374,1,0.11325579881668091,0.35878950357437134,0.23602265119552612,0.043299734592437744
C2,3375,1,0.1271909475326538,0.49818408489227295,0.3126875162124634,0.06942593306303024
C2,3376,1,0.19394803047180176,0.20379358530044556,0.19887080788612366,0.07886195927858353
C2,3377,1,0.19217562675476074,0.15058684349060059,0.17138123512268066,0.07850676029920578
C2,3378,1,0.3115464448928833,0.2288529872894287,0.270199716091156,0.1496271789073944
C2,3379,1,0.3573022484779358,0.1357601284980774,0.2465311884880066,0.10676956176757812
C2,3380,1,0.4068067669868469,0.4264340400695801,0.4166204035282135,0.12221779674291611
C2,3381,1,0.31680476665496826,0.17201048135757446,0.24440762400627136,0.19903671741485596
C2,3382,1,0.25417041778564453,0.252780020236969,0.25347521901130676,0.062494225800037384
C2,3383,1,0.2659369707107544,0.16801178455352783,0.2169743776321411,0.0313623771071434
C2,3384,1,0.6606036126613617,0.09279698133468628,0.376700296998024,0.0388203039765358
C2,3385,1,0.40618008375167847,0.060220420360565186,0.23320025205612183,0.031123312190175056
C2,3386,1,0.7236627042293549,0.116038978099823,0.41985084116458893,0.035608597099781036
C2,3387,1,0.6977684497833252,0.12364542484283447,0.41070693731307983,0.10177377611398697
C2,3388,1,0.4898313879966736,0.18606513738632202,0.3379482626914978,0.09282052516937256
C2,3389,1,0.34583771228790283,0.4172736406326294,0.3815556764602661,0.1487305462360382
C2,3390,1,0.5729585289955139,0.4221773147583008,0.49756792187690735,0.1281704157590866
C2,3391,1,0.751069188117981,0.46623694896698,0.6086530685424805,0.12330896407365799
C2,3392,1,0.11414998769760132,0.40207791328430176,0.25811395049095154,0.1270829290151596
C2,3393,1,0.17027634382247925,0.3312343955039978,0.2507553696632385,0.13906994462013245
C2,3394,1,0.406208872795105,0.26346707344055176,0.33483797311782837,0.08613722026348114
C2,3395,1,0.2374417781829834,0.26838386058807373,0.25291281938552856,0.10465242713689804
C2,3396,1,0.5767877399921417,0.16596317291259766,0.3713754564523697,0.049030620604753494
C2,3397,1,0.5767877399921417,0.15529155731201172,0.3660396486520767,0.06266697496175766
C2,3398,1,0.5519430637359619,0.11983686685562134,0.3358899652957916,0.06266697496175766
C2,3399,1,0.6489806771278381,0.3568740487098694,0.5029273629188538,0.05714855715632439
C2,3400,1,0.6232364773750305,0.3398888111114502,0.48156264424324036,0.06662550568580627
C2,3401,1,0.6420144438743591,0.5135139226913452,0.5777641832828522,0.06451026350259781
C2,3402,1,0.4556100368499756,0.599346250295639,0.5274781435728073,0.08957453817129135
C2,3403,1,0.19895893335342407,0.6838028132915497,0.4413808733224869,0.08845403045415878
C2,3404,1,0.4300491213798523,0.6838028132915497,0.556925967335701,0.07253212481737137
C2,3405,1,0.3712271451950073,0.49353259801864624,0.4323798716068268,0.06542741507291794
C2,3406,1,0.2565171718597412,0.4938651919364929,0.37519118189811707,0.07011385262012482
C2,3407,1,0.43860727548599243,0.5725997686386108,0.5056035220623016,0.07354128360748291
C2,3408,1,0.2616312503814697,0.7661207467317581,0.5138759985566139,0.07280348986387253
C2,3409,1,0.4065817594528198,0.7661207467317581,0.586351253092289,0.03544173762202263
C2,3410,1,0.5534034073352814,0.7747238427400589,0.6640636250376701,0.03611134737730026
C2,3411,1,0.5319930911064148,0.276223361492157,0.4041082262992859,0.09692757576704025
C2,3412,1,0.5446643829345703,0.16947495937347412,0.3570696711540222,0.10395004600286484
C2,3413,1,0.6636963188648224,0.07212406396865845,0.3679101914167404,0.1135437935590744
C2,3414,1,0.6182266175746918,0.060803115367889404,0.3395148664712906,0.1135437935590744
C2,3415,1,0.5773184895515442,0.055499136447906494,0.31640881299972534,0.12631383538246155
C2,3416,1,0.5009832084178925,0.2252907156944275,0.36313696205616,0.07371514290571213
C2,3417,1,0.5228765904903412,0.14324641227722168,0.33306150138378143,0.13706070184707642
C2,3418,1,0.4238259196281433,0.31609535217285156,0.36996063590049744,0.41960015892982483
C2,3419,1,0.4920967221260071,0.43376630544662476,0.4629315137863159,0.4294537603855133
C2,3420,1,0.3676578402519226,0.5576000213623047,0.46262893080711365,0.4555821120738983
C2,3421,1,0.38501882553100586,0.5725646018981934,0.4787917137145996,0.45799684524536133
C2,3422,1,0.2447381615638733,0.6039893925189972,0.42436377704143524,0.30165278911590576
C2,3423,1,0.18565696477890015,0.5231322050094604,0.3543945848941803,0.4042413532733917
C2,3424,1,0.37970900535583496,0.23444432020187378,0.30707666277885437,0.3603227734565735
C2,3425,1,0.2808014750480652,0.2862430810928345,0.28352227807044983,0.1279042363166809
C2,3426,1,0.3541998863220215,0.1999678611755371,0.2770838737487793,0.12220098823308945
C2,3427,1,0.12836122512817383,0.1870354413986206,0.15769833326339722,0.21528874337673187
C2,3428,1,0.09285050630569458,0.16800063848495483,0.1304255723953247,0.17897528409957886
C2,3429,1,0.0732417106628418,0.12225520610809326,0.09774845838546753,0.163313090801239
C2,3430,1,0.19747304916381836,0.17047518491744995,0.18397411704063416,0.2274235337972641
C2,3431,1,0.32241034507751465,0.19983094930648804,0.26112064719200134,0.1966361254453659
C2,3432,1,0.28018200397491455,0.2094355821609497,0.24480879306793213,0.17497117817401886
C2,3433,1,0.5318987369537354,0.09473353624343872,0.31331613659858704,0.1755424290895462
C2,3434,1,0.4412793517112732,0.20896142721176147,0.32512038946151733,0.2102372646331787
C2,3435,1,0.17823916673660278,0.2579956650733948,0.21811741590499878,0.2330465167760849
C2,3436,1,0.26056820154190063,0.20700222253799438,0.2337852120399475,0.14553871750831604
C2,3437,1,0.34013235569000244,0.25619614124298096,0.2981642484664917,0.17638593912124634
C2,3438,1,0.32900863885879517,0.12280499935150146,0.22590681910514832,0.14876076579093933
C2,3439,1,0.22738564014434814,0.13363897800445557,0.18051230907440186,0.11950214952230453
C2,3440,1,0.41708213090896606,0.13367879390716553,0.2753804624080658,0.09996332228183746
C2,3441,1,0.602134495973587,0.258603036403656,0.4303687661886215,0.0742853656411171
C2,3442,1,0.34983760118484497,0.21654832363128662,0.2831929624080658,0.07367171347141266
C2,3443,1,0.3820950984954834,0.17969000339508057,0.280892550945282,0.11699090152978897
C2,3444,1,0.23813766241073608,0.2739794850349426,0.25605857372283936,0.12861603498458862
C2,3445,1,0.16665345430374146,0.308121919631958,0.23738768696784973,0.10039559751749039
C2,3446,1,0.08784431219100952,0.21959424018859863,0.15371927618980408,0.10039559751749039
C2,3447,1,0.3044778108596802,0.20408838987350464,0.2542831003665924,0.07151726633310318
C2,3448,1,0.2727128863334656,0.44458287954330444,0.358647882938385,0.08397740870714188
C2,3449,1,0.20196521282196045,0.3635484576225281,0.28275683522224426,0.08798068016767502
C2,3450,1,0.2690688967704773,0.3050297498703003,0.2870493233203888,0.08798068016767502
C2,3451,1,0.15390628576278687,0.7556371539831161,0.4547717198729515,0.1036124974489212
C2,3452,1,0.40294551849365234,0.3988761901855469,0.4009108543395996,0.08711402118206024
C2,3453,1,0.2410936951637268,0.4312613606452942,0.3361775279045105,0.10423082113265991
C2,3454,1,0.37042105197906494,0.3709701895713806,0.3706956207752228,0.12869378924369812
C2,3455,1,0.2002887725830078,0.48894965648651123,0.3446192145347595,0.12846346199512482
C2,3456,1,0.23824286460876465,0.6863443851470947,0.4622936248779297,0.11161675304174423
C2,3457,1,0.18392795324325562,0.705335408449173,0.4446316808462143,0.054898928850889206
C2,3458,1,0.19387584924697876,0.530496209859848,0.3621860295534134,0.08728855103254318
C2,3459,1,0.4286162853240967,0.7425984740257263,0.5856073796749115,0.07542896270751953
C2,3460,1,0.6223922371864319,0.7462351620197296,0.6843136996030807,0.10039632767438889
C2,3461,1,0.8518156558275223,0.7386284470558167,0.7952220514416695,0.10279256850481033
C2,3462,1,0.8139050155878067,0.67677441239357,0.7453397139906883,0.1128903329372406
C2,3463,1,0.2878917455673218,0.7559721916913986,0.5219319686293602,0.12373197078704834
C2,3464,1,0.15579867362976074,0.5921720564365387,0.3739853650331497,0.1297663152217865
C2,3465,1,0.339791476726532,0.6651087701320648,0.5024501234292984,0.11873310804367065
C2,3466,1,0.37098485231399536,0.6709623634815216,0.5209736078977585,0.12041720002889633
C2,3467,1,0.41302430629730225,0.6903750598430634,0.5516996830701828,0.1020844578742981
C2,3468,1,0.39246195554733276,0.8261085599660873,0.60928525775671,0.08188862353563309
C2,3469,1,0.4009535312652588,0.8611122816801071,0.631032906472683,0.14975543320178986
C2,3470,1,0.31334012746810913,0.9179848879575729,0.615662507712841,0.15781350433826447
C2,3471,1,0.3246415853500366,0.7365504503250122,0.5305960178375244,0.13861288130283356
C2,3472,1,0.3246415853500366,0.7400855720043182,0.5323635786771774,0.13861288130283356
C2,3473,1,0.4614375829696655,0.8335675150156021,0.6475025489926338,0.13861288130283356
C2,3474,1,0.5276913344860077,0.907479040324688,0.7175851874053478,0.12420333921909332
C2,3475,1,0.5170031487941742,0.9734076540917158,0.745205401442945,0.1401681900024414
C2,3476,1,0.5638891458511353,0.8229612857103348,0.693425215780735,0.1315816342830658
C2,3477,1,0.41192448139190674,0.8358324021100998,0.6238784417510033,0.09391091018915176
C2,3478,1,0.8369991928339005,0.1997266411781311,0.5183629170060158,0.5449974536895752
C2,3479,1,0.6351408958435059,0.24748069047927856,0.4413107931613922,0.5247501134872437
C2,3480,1,0.5142790973186493,0.2524966597557068,0.38338787853717804,0.5247501134872437
C2,3481,1,0.5142790973186493,0.2524966597557068,0.38338787853717804,0.38883253931999207
C2,3482,1,0.34923744201660156,0.2524966597557068,0.3008670508861542,0.2747357487678528
C2,3483,1,0.34923744201660156,0.2524966597557068,0.3008670508861542,0.3131610155105591
C2,3484,1,0.45751237869262695,0.2524966597557068,0.35500451922416687,0.3338099420070648
C2,3485,1,0.45751237869262695,0.2524966597557068,0.35500451922416687,0.4164113402366638
C2,3486,1,0.7252472043037415,0.2524966597557068,0.4888719320297241,0.432422935962677
C2,3487,1,0.6794067025184631,0.2524966597557068,0.46595168113708496,0.41023531556129456
C2,3488,1,0.6794067025184631,0.735531359910965,0.707469031214714,0.34279772639274597
C2,3489,1,0.6225532293319702,0.6866308748722076,0.6545920521020889,0.3285385072231293
C2,3490,1,0.7466487288475037,0.4441867470741272,0.5954177379608154,0.38071298599243164
C2,3491,1,0.5024996697902679,0.6746565401554108,0.5885781049728394,0.3602984845638275
C2,3492,1,0.503514438867569,0.8607636541128159,0.6821390464901924,0.3434516191482544
C2,3493,1,0.6871012151241302,0.5909459590911865,0.6390235871076584,0.251335471868515
C2,3494,1,0.8420868813991547,0.7257039546966553,0.783895418047905,0.2232046127319336
C2,3495,1,0.3620336651802063,0.7861406356096268,0.5740871503949165,0.2410372644662857
C2,3496,1,0.5376328825950623,0.939909353852272,0.7387711182236671,0.0909867137670517
C2,3497,1,0.5376328825950623,0.878281831741333,0.7079573571681976,0.055640220642089844
C2,3498,1,0.5411374270915985,0.8884523510932922,0.7147948890924454,0.12366248667240143
C2,3499,1,0.5939329564571381,0.708400160074234,0.651166558265686,0.10504507273435593
C2,3500,1,0.5059587955474854,0.8439572602510452,0.6749580278992653,0.061718765646219254
C2,3501,1,0.41219770908355713,0.9126729890704155,0.6624353490769863,0.08749733865261078
C2,3502,1,0.6780521869659424,0.9465188793838024,0.8122855331748724,0.15195101499557495
C2,3503,1,0.6780521869659424,0.7941344380378723,0.7360933125019073,0.06860211491584778
C2,3504,1,0.8105356395244598,0.9687855541706085,0.8896605968475342,0.027392150834202766
C2,3505,1,0.2593578100204468,0.9619776867330074,0.6106677483767271,0.02878790721297264
C2,3506,1,0.30939990282058716,0.828762948513031,0.5690814256668091,0.05213532596826553
C2,3507,1,0.38903921842575073,0.828762948513031,0.6089010834693909,0.04314645752310753
C2,3508,1,0.5595155954360962,0.6601179838180542,0.6098167896270752,0.04293391853570938
C2,3509,1,0.6633859872817993,0.8919350877404213,0.7776605375111103,0.07344271242618561
C2,3510,1,0.6755824387073517,0.8919350877404213,0.7837587632238865,0.10342531651258469
C2,3511,1,0.7358803153038025,0.8919350877404213,0.8139077015221119,0.03254210948944092
C2,3512,1,0.7757899314165115,0.9099468141794205,0.842868372797966,0.03585958853363991
C2,3513,1,0.7757899314165115,0.9099468141794205,0.842868372797966,0.04942275956273079
C2,3514,1,0.8746495842933655,0.7965002357959747,0.8355749100446701,0.045754969120025635
C2,3515,1,0.8746495842933655,0.7965002357959747,0.8355749100446701,0.03038405254483223
C2,3516,1,0.7749529778957367,0.7965002357959747,0.7857266068458557,0.02340604178607464
C2,3517,1,0.7749529778957367,0.7039333581924438,0.7394431680440903,0.017147472128272057
C2,3518,1,0.4447770118713379,0.6808242499828339,0.5628006309270859,0.016629811376333237
C2,3519,1,0.27469801902770996,0.6805689930915833,0.4776335060596466,0.02495015412569046
C2,3520,1,0.3657873272895813,0.46745210886001587,0.4166197180747986,0.02709970436990261
C2,3521,1,0.3657873272895813,0.5463538765907288,0.45607060194015503,0.025078890845179558
C2,3522,1,0.46563655138015747,0.5463538765907288,0.5059952139854431,0.010010134428739548
C2,3523,1,0.7685966640710831,0.5192434191703796,0.6439200416207314,0.015963487327098846
C2,3524,1,0.8542259484529495,0.7172416746616364,0.7857338115572929,0.016752682626247406
C2,3525,1,0.551640123128891,0.836253359913826,0.6939467415213585,0.02409425936639309
C2,3526,1,0.5995197892189026,0.7865761369466782,0.6930479630827904,0.026214297860860825
C2,3527,1,0.6026315689086914,0.7916905134916306,0.697161041200161,0.014878431335091591
C2,3528,1,0.6026315689086914,0.8097661882638931,0.7061988785862923,0.030373428016901016
C2,3529,1,0.8798244073987007,0.8097661882638931,0.8447952978312969,0.035129331052303314
C2,3530,1,0.7358732223510742,0.43713802099227905,0.5865056216716766,0.04770577698945999
C2,3531,1,0.8407023996114731,0.43713802099227905,0.6389202103018761,0.08485544472932816
C2,3532,1,0.7608805149793625,0.5025899708271027,0.6317352429032326,0.08873024582862854
C2,3533,1,0.7608805149793625,0.5025899708271027,0.6317352429032326,0.08491942286491394
C2,3534,1,0.6056923568248749,0.4546815752983093,0.5301869660615921,0.10305262356996536
C2,3535,1,0.6560816168785095,0.3011137843132019,0.4785977005958557,0.0969126969575882
C2,3536,1,0.7867835760116577,0.7309421002864838,0.7588628381490707,0.09240937232971191
C2,3537,1,0.7564927935600281,0.7378962934017181,0.7471945434808731,0.10969112813472748
C2,3538,1,0.7250612080097198,0.676824301481247,0.7009427547454834,0.13532783091068268
C2,3539,1,0.625613659620285,0.5764285922050476,0.6010211259126663,0.14214524626731873
C2,3540,1,0.8320754617452621,0.7991835325956345,0.8156294971704483,0.16053123772144318
C2,3541,1,0.6777555048465729,0.8175926208496094,0.7476740628480911,0.1489061415195465
C2,3542,1,0.6756044924259186,0.9047745317220688,0.7901895120739937,0.09680958092212677
C2,3543,1,0.6777555048465729,0.9047745317220688,0.7912650182843208,0.11959576606750488
C2,3544,1,0.6777555048465729,0.9047745317220688,0.7912650182843208,0.11946602165699005
C2,3545,1,0.6777555048465729,0.884652353823185,0.7812039293348789,0.12761326134204865
C2,3546,1,0.6120738685131073,0.846491128206253,0.7292824983596802,0.13733050227165222
C2,3547,1,0.6470339000225067,0.2762739062309265,0.4616539031267166,0.13734287023544312
C2,3548,1,0.7800517082214355,0.2762739062309265,0.528162807226181,0.10660316050052643
C2,3549,1,0.6470339000225067,0.738623857498169,0.6928288787603378,0.12395212799310684
C2,3550,1,0.5639003813266754,0.2762739062309265,0.42008714377880096,0.1840658187866211
C2,3551,1,0.6077199280261993,0.2762739062309265,0.4419969171285629,0.09887073189020157
C2,3552,1,0.7286939322948456,0.48481643199920654,0.6067551821470261,0.10179293155670166
C2,3553,1,0.7512464374303818,0.7844760417938232,0.7678612396121025,0.05386367067694664
C2,3554,1,0.7512464374303818,0.25771617889404297,0.5044813081622124,0.06647147983312607
C2,3555,1,0.6763288080692291,0.48481643199920654,0.5805726200342178,0.04055499657988548
C2,3556,1,0.8005271553993225,0.7894779294729233,0.7950025424361229,0.024550363421440125
C2,3557,1,0.8005271553993225,0.7894779294729233,0.7950025424361229,0.031132826581597328
C2,3558,1,0.8005271553993225,0.7688354253768921,0.7846812903881073,0.018618552014231682
C2,3559,1,0.8005271553993225,0.6886942386627197,0.7446106970310211,0.016135724261403084
C2,3560,1,0.6750161647796631,0.7644368559122086,0.7197265103459358,0.018107792362570763
C2,3561,1,0.8137490004301071,0.8946176394820213,0.8541833199560642,0.019232220947742462
C2,3562,1,0.6234468817710876,0.727048248052597,0.6752475649118423,0.06358528882265091
C2,3563,1,0.768035963177681,0.727048248052597,0.747542105615139,0.014523002319037914
C2,3564,1,0.768035963177681,0.727048248052597,0.747542105615139,0.051009055227041245
C2,3565,1,0.768035963177681,0.727048248052597,0.747542105615139,0.04530429467558861
C2,3566,1,0.6740716397762299,0.8798084035515785,0.7769400216639042,0.055698372423648834
C2,3567,1,0.6293062567710876,0.6791931688785553,0.6542497128248215,0.05384182557463646
C2,3568,1,0.4243466258049011,0.8895650282502174,0.6569558270275593,0.03384694829583168
C2,3569,1,0.4243466258049011,0.7432619035243988,0.58380426466465,0.03388216346502304
C2,3570,1,0.6470045447349548,0.6687031686306,0.6578538566827774,0.042328402400016785
C2,3571,1,0.52619868516922,0.7021039724349976,0.6141513288021088,0.05287422239780426
C2,3572,1,0.5835118293762207,0.6988667547702789,0.6411892920732498,0.06454574316740036
C2,3573,1,0.4650964140892029,0.4543653130531311,0.459730863571167,0.034927405416965485
C2,3574,1,0.4650964140892029,0.5289468765258789,0.4970216453075409,0.040476325899362564
C2,3575,1,0.6307172179222107,0.6675415635108948,0.6491293907165527,0.048353161662817
C2,3576,1,0.7132319509983063,0.6675415635108948,0.6903867572546005,0.047521911561489105
C2,3577,1,0.736557126045227,0.8036139905452728,0.7700855582952499,0.04759584739804268
C2,3578,1,0.5877180695533752,0.8036139905452728,0.695666030049324,0.0439344123005867
C2,3579,1,0.7766169309616089,0.7034706771373749,0.7400438040494919,0.04039274528622627
C2,3580,1,0.7766169309616089,0.9136988371610641,0.8451578840613365,0.024984246119856834
C2,3581,1,0.7180290818214417,0.7094131112098694,0.7137210965156555,0.04534574970602989
C2,3582,1,0.88015016913414,0.881338506937027,0.8807443380355835,0.04674297198653221
C2,3583,1,0.9292780980467796,0.881338506937027,0.9053083024919033,0.06320036202669144
C2,3584,1,0.800629198551178,0.881338506937027,0.8409838527441025,0.04337757080793381
C2,3585,1,0.7946978956460953,0.881338506937027,0.8380182012915611,0.0728011280298233
C2,3586,1,0.737967848777771,0.2801380753517151,0.509052962064743,0.047541242092847824
C2,3587,1,0.6698738634586334,0.24290579557418823,0.4563898295164108,0.0560576394200325
C2,3588,1,0.60341677069664,0.30734556913375854,0.4553811699151993,0.05946590006351471
C2,3589,1,0.615424394607544,0.6182733476161957,0.6168488711118698,0.04873725026845932
C2,3590,1,0.6883526146411896,0.5935821533203125,0.640967383980751,0.046617329120635986
C2,3591,1,0.6883526146411896,0.8736105412244797,0.7809815779328346,0.04183519631624222
C2,3592,1,0.705221951007843,0.5762205123901367,0.6407212316989899,0.031814541667699814
C2,3593,1,0.705221951007843,0.6314077973365784,0.6683148741722107,0.03899800032377243
C2,3594,1,0.705221951007843,0.6314077973365784,0.6683148741722107,0.044547390192747116
C2,3595,1,0.5705789029598236,0.6314077973365784,0.600993350148201,0.02885793149471283
C2,3596,1,0.685493677854538,0.4215615391731262,0.5535276085138321,0.026733441278338432
C2,3597,1,0.6588432490825653,0.4719037413597107,0.565373495221138,0.03348831459879875
C2,3598,1,0.8155481368303299,0.8273547142744064,0.8214514255523682,0.392935186624527
C2,3599,1,0.8495344370603561,0.5959297716617584,0.7227321043610573,0.3441682457923889
C2,3600,1,0.8495344370603561,0.512479692697525,0.6810070648789406,0.40913692116737366
C2,3601,1,0.8495344370603561,0.42730242013931274,0.6384184285998344,0.24355360865592957
C2,3602,1,0.8495344370603561,0.4877976179122925,0.6686660274863243,0.24935655295848846
C2,3603,1,0.7760287672281265,0.6169863045215607,0.6965075358748436,0.24077913165092468
C2,3604,1,0.7147819399833679,0.6629772484302521,0.68887959420681,0.26847898960113525
C2,3605,1,0.7422598004341125,0.6629772484302521,0.7026185244321823,0.38252002000808716
C2,3606,1,0.8247843682765961,0.6831704378128052,0.7539774030447006,0.3740416169166565
C2,3607,1,0.7800746858119965,0.6825085282325745,0.7312916070222855,0.4302942454814911
C2,3608,1,0.8140993416309357,0.7697094976902008,0.7919044196605682,0.25171855092048645
C2,3609,1,0.8140993416309357,0.7697094976902008,0.7919044196605682,0.35654720664024353
C2,3610,1,0.8140993416309357,0.7476465702056885,0.7808729559183121,0.42140230536460876
C2,3611,1,0.797284796833992,0.4648917317390442,0.6310882642865181,0.3890286982059479
C2,3612,1,0.5787262618541718,0.4648917317390442,0.521808996796608,0.45428466796875
C2,3613,1,0.7350398600101471,0.4763171076774597,0.6056784838438034,0.598265528678894
C2,3614,1,0.7621623277664185,0.4763171076774597,0.6192397177219391,0.5262515544891357
C2,3615,1,0.845746174454689,0.4763171076774597,0.6610316410660744,0.5262515544891357
C2,3616,1,0.8104086965322495,0.345048725605011,0.5777287110686302,0.3715066909790039
C2,3617,1,0.8104086965322495,0.345048725605011,0.5777287110686302,0.17142334580421448
C2,3618,1,0.8080022484064102,0.24868249893188477,0.5283423736691475,0.1975833624601364
C2,3619,1,0.7996279448270798,0.46319830417633057,0.6314131245017052,0.13767914474010468
C2,3620,1,0.6632583737373352,0.46319830417633057,0.5632283389568329,0.10253666341304779
C2,3621,1,0.775786429643631,0.27077990770339966,0.5232831686735153,0.16312499344348907
C2,3622,1,0.7924260497093201,0.482338011264801,0.6373820304870605,0.15609104931354523
C2,3623,1,0.7924260497093201,0.27077990770339966,0.5316029787063599,0.08876118808984756
C2,3624,1,0.8067056685686111,0.2669104337692261,0.5368080511689186,0.09785809367895126
C2,3625,1,0.8067056685686111,0.3869566321372986,0.5968311503529549,0.14483238756656647
C2,3626,1,0.8674022406339645,0.45111507177352905,0.6592586562037468,0.1436508595943451
C2,3627,1,0.7940375655889511,0.6588803231716156,0.7264589443802834,0.16592605412006378
C2,3628,1,0.8367307186126709,0.5308422148227692,0.68378646671772,0.10919973999261856
C2,3629,1,0.8069111257791519,0.6290381550788879,0.7179746404290199,0.053739067167043686
C2,3630,1,0.8434954136610031,0.7206021845340729,0.782048799097538,0.04639354348182678
C2,3631,1,0.8796178698539734,0.7206021845340729,0.8001100271940231,0.04257151111960411
C2,3632,1,0.8597684055566788,0.6826311647891998,0.7711997851729393,0.042413048446178436
C2,3633,1,0.35149842500686646,0.24597465991973877,0.2987365424633026,0.049798596650362015
C2,3634,1,0.932334192097187,0.24597465991973877,0.5891544260084629,0.04452913627028465
C2,3635,1,0.932334192097187,0.24597465991973877,0.5891544260084629,0.03228824958205223
C2,3636,1,0.932334192097187,0.2758094072341919,0.6040717996656895,0.05620822310447693
C2,3637,1,0.9245991110801697,0.4514278173446655,0.6880134642124176,0.06670045107603073
C2,3638,1,0.9289579689502716,0.4906350374221802,0.7097965031862259,0.07052686810493469
C2,3639,1,0.92384984344244,0.42537879943847656,0.6746143214404583,0.05686137080192566
C2,3640,1,0.8937183246016502,0.5065406262874603,0.7001294754445553,0.05922917276620865
C2,3641,1,0.8173475414514542,0.5550886392593384,0.6862180903553963,0.049376171082258224
C2,3642,1,0.905632995069027,0.4435526728630066,0.6745928339660168,0.07574974745512009
C2,3643,1,0.8717861771583557,0.5053890347480774,0.6885876059532166,0.05922127887606621
C2,3644,1,0.8708313852548599,0.38503873348236084,0.6279350593686104,0.049704659730196
C2,3645,1,0.5916498601436615,0.40817707777023315,0.4999134689569473,0.06007547676563263
C2,3646,1,0.45242834091186523,0.4427756667137146,0.4476020038127899,0.10213234275579453
C2,3647,1,0.6662857234477997,0.4427756667137146,0.5545306950807571,0.08163486421108246
C2,3648,1,0.5378139615058899,0.43005841970443726,0.4839361906051636,0.1373424082994461
C2,3649,1,0.5378139615058899,0.5021075904369354,0.5199607759714127,0.07795369625091553
C2,3650,1,0.753802552819252,0.45429205894470215,0.6040473058819771,0.10962923616170883
C2,3651,1,0.7211104333400726,0.45429205894470215,0.5877012461423874,0.08454874902963638
C2,3652,1,0.7810743302106857,0.37934809923171997,0.5802112147212029,0.05347377806901932
C2,3653,1,0.887525349855423,0.6001594960689545,0.7438424229621887,0.05237819626927376
C2,3654,1,0.887525349855423,0.7071804702281952,0.7973529100418091,0.06541019678115845
C2,3655,1,0.6393455266952515,0.6778276562690735,0.6585865914821625,0.07666027545928955
C2,3656,1,0.7275663018226624,0.6217720806598663,0.6746691912412643,0.08078954368829727
C2,3657,1,0.815526619553566,0.671932578086853,0.7437295988202095,0.0673287957906723
C2,3658,1,0.6559233963489532,0.5882863402366638,0.6221048682928085,0.28892800211906433
C2,3659,1,0.6490495800971985,0.31093841791152954,0.479993999004364,0.3326863646507263
C2,3660,1,0.685215413570404,0.31093841791152954,0.4980769157409668,0.37774667143821716
C2,3661,1,0.6250918805599213,0.6623961329460144,0.6437440067529678,0.2548461854457855
C2,3662,1,0.8249856978654861,0.6119041442871094,0.7184449210762978,0.2941215932369232
C2,3663,1,0.8277881145477295,0.17959117889404297,0.5036896467208862,0.1764811873435974
C2,3664,1,0.8277881145477295,0.23100537061691284,0.5293967425823212,0.14101941883563995
C2,3665,1,0.7859269976615906,0.21534210443496704,0.5006345510482788,0.318913072347641
C2,3666,1,0.8132421672344208,0.24513310194015503,0.5291876345872879,0.0918135866522789
C2,3667,1,0.8476654589176178,0.3056355118751526,0.5766504853963852,0.08207129687070847
C2,3668,1,0.9009210765361786,0.5570841729640961,0.7290026247501373,0.07230541110038757
C2,3669,1,0.9333396703004837,0.4705738425254822,0.7019567564129829,0.0669570192694664
C2,3670,1,0.9535210281610489,0.4305952787399292,0.692058153450489,0.17665088176727295
C2,3671,1,0.9021210595965385,0.643694281578064,0.7729076705873013,0.08349207788705826
C2,3672,1,0.7497018277645111,0.33935004472732544,0.5445259362459183,0.04407145455479622
C2,3673,1,0.7568842470645905,0.5616543292999268,0.6592692881822586,0.05139215290546417
C2,3674,1,0.8655954152345657,0.47221386432647705,0.6689046397805214,0.047013815492391586
C2,3675,1,0.8568927943706512,0.4023299813270569,0.6296113878488541,0.0721283033490181
C2,3676,1,0.7358846962451935,0.2008863091468811,0.4683855026960373,0.057257696986198425
C2,3677,1,0.8852305933833122,0.2335408329963684,0.5593857131898403,0.054104551672935486
C2,3678,1,0.5275260806083679,0.3323259949684143,0.4299260377883911,0.06996601819992065
C2,3679,1,0.5377980768680573,0.639315128326416,0.5885566025972366,0.0429815873503685
C2,3680,1,0.7033130526542664,0.6348006725311279,0.6690568625926971,0.044242605566978455
C2,3681,1,0.8820810988545418,0.4777054190635681,0.679893258959055,0.05009579285979271
C2,3682,1,0.781964436173439,0.4204811453819275,0.6012227907776833,0.040211260318756104
C2,3683,1,0.7696954905986786,0.4204811453819275,0.595088317990303,0.03932284563779831
C2,3684,1,0.8833491876721382,0.38322335481643677,0.6332862712442875,0.031884752213954926
C2,3685,1,0.7455697655677795,0.6220526397228241,0.6838112026453018,0.0355517715215683
C2,3686,1,0.6992191076278687,0.3514059782028198,0.5253125429153442,0.04025740548968315
C2,3687,1,0.7265149652957916,0.4122292399406433,0.5693721026182175,0.06988734006881714
C2,3688,1,0.7358773350715637,0.4239289164543152,0.5799031257629395,0.11174903064966202
C2,3689,1,0.7057022154331207,0.4618363380432129,0.5837692767381668,0.10859937965869904
C2,3690,1,0.7834461182355881,0.3386884927749634,0.5610673055052757,0.06423141807317734
C2,3691,1,0.6100355386734009,0.43017709255218506,0.520106315612793,0.07805509865283966
C2,3692,1,0.7897467613220215,0.636128157377243,0.7129374593496323,0.020644068717956543
C2,3693,1,0.8023163229227066,0.34325289726257324,0.5727846100926399,0.03290088474750519
C2,3694,1,0.7034028768539429,0.4727155566215515,0.5880592167377472,0.13133025169372559
C2,3695,1,0.5584631860256195,0.7876699566841125,0.673066571354866,0.07042456418275833
C2,3696,1,0.8425980657339096,0.4287448525428772,0.6356714591383934,0.043357640504837036
C2,3697,1,0.8629855662584305,0.4287448525428772,0.6458652094006538,0.044364817440509796
C2,3698,1,0.93788618221879,0.23501133918762207,0.5864487607032061,0.03201569616794586
C2,3699,1,0.8043171912431717,0.5637374222278595,0.6840273067355156,0.07829707860946655
C2,3700,1,0.9315548539161682,0.2556198239326477,0.593587338924408,0.062457822263240814
C2,3701,1,0.9325684234499931,0.2655896544456482,0.5990790389478207,0.039769887924194336
C2,3702,1,0.8416641652584076,0.3186498284339905,0.580156996846199,0.0427938736975193
C2,3703,1,0.8446827381849289,0.25762420892715454,0.5511534735560417,0.027646295726299286
C2,3704,1,0.7352038621902466,0.19414818286895752,0.46467602252960205,0.01652533933520317
C2,3705,1,0.8234700709581375,0.2894977927207947,0.5564839318394661,0.04810584336519241
C2,3706,1,0.7494144439697266,0.3299865126609802,0.5397004783153534,0.01456824317574501
C2,3707,1,0.6608651876449585,0.2565765976905823,0.4587208926677704,0.03673715516924858
C2,3708,1,0.8304851800203323,0.3458768129348755,0.5881809964776039,0.03546799346804619
C2,3709,1,0.640977680683136,0.5680689513683319,0.604523316025734,0.039146579802036285
C2,3710,1,0.8938571587204933,0.481315016746521,0.6875860877335072,0.038171038031578064
C2,3711,1,0.920724093914032,0.47547221183776855,0.6980981528759003,0.027505476027727127
C2,3712,1,0.7547632306814194,0.26249420642852783,0.5086287185549736,0.028316179290413857
C2,3713,1,0.7488176226615906,0.3554835915565491,0.5521506071090698,0.02682587504386902
C2,3714,1,0.7194012999534607,0.3365336060523987,0.5279674530029297,0.04830083250999451
C2,3715,1,0.863599419593811,0.41803228855133057,0.6408158540725708,0.03875429555773735
C2,3716,1,0.915223591029644,0.6294786334037781,0.772351112216711,0.032327473163604736
C2,3717,1,0.8701132833957672,0.6177316606044769,0.7439224720001221,0.02982066385447979
C2,3718,1,0.5924084186553955,0.5474076271057129,0.5699080228805542,0.10050355643033981
C2,3719,1,0.6430762112140656,0.31465208530426025,0.4788641482591629,0.15104718506336212
C2,3720,1,0.5199668109416962,0.5729897320270538,0.546478271484375,0.19737763702869415
C2,3721,1,0.5767539441585541,0.4112292528152466,0.49399159848690033,0.18015427887439728
C2,3722,1,0.5436525642871857,0.4112292528152466,0.4774409085512161,0.19204966723918915
C2,3723,1,0.6877431571483612,0.3505520224571228,0.519147589802742,0.15934748947620392
C2,3724,1,0.5847313404083252,0.295520544052124,0.4401259422302246,0.060432855039834976
C2,3725,1,0.7702261656522751,0.3209475874900818,0.5455868765711784,0.07577116787433624
C2,3726,1,0.5422980189323425,0.3504066467285156,0.4463523328304291,0.12247334420681
C2,3727,1,0.5401813387870789,0.4505869746208191,0.495384156703949,0.07438403367996216
C2,3728,1,0.5538803040981293,0.45394980907440186,0.5039150565862656,0.050201788544654846
C2,3729,1,0.7693111151456833,0.5632773041725159,0.6662942096590996,0.05606689676642418
C2,3730,1,0.7519719004631042,0.5883707106113434,0.6701713055372238,0.0552893802523613
C2,3731,1,0.7459047734737396,0.523079514503479,0.6344921439886093,0.09686886519193649
C2,3732,1,0.856051504611969,0.5064214766025543,0.6812364906072617,0.0797937735915184
C2,3733,1,0.7682960480451584,0.5492712557315826,0.6587836518883705,0.11874587088823318
C2,3734,1,0.8211653977632523,0.4388546347618103,0.6300100162625313,0.11753720790147781
C2,3735,1,0.7158598303794861,0.4077211022377014,0.5617904663085938,0.06630567461252213
C2,3736,1,0.9216112196445465,0.3024858236312866,0.6120485216379166,0.05387468263506889
C2,3737,1,0.8802200555801392,0.22232061624526978,0.5512703359127045,0.08425207436084747
C2,3738,1,0.766777440905571,0.29943567514419556,0.5331065580248833,0.05518374964594841
C2,3739,1,0.8331150561571121,0.2547163963317871,0.5439157262444496,0.08434128016233444
C2,3740,1,0.7134712040424347,0.2549418807029724,0.48420654237270355,0.05771283805370331
C2,3741,1,0.6518049836158752,0.28193867206573486,0.46687182784080505,0.031249795109033585
C2,3742,1,0.4831762909889221,0.42246121168136597,0.45281875133514404,0.03550068661570549
C2,3743,1,0.7183763086795807,0.3999525308609009,0.5591644197702408,0.0960601344704628
C2,3744,1,0.43482649326324463,0.5508953332901001,0.49286091327667236,0.05821586400270462
C2,3745,1,0.5214412808418274,0.6489471793174744,0.5851942300796509,0.06786824017763138
C2,3746,1,0.8208732903003693,0.7861712425947189,0.8035222664475441,0.06709655374288559
C2,3747,1,0.7026796936988831,0.28464287519454956,0.4936612844467163,0.06564173847436905
C2,3748,1,0.5467196702957153,0.320326566696167,0.43352311849594116,0.06398291885852814
C2,3749,1,0.6193172633647919,0.25094854831695557,0.4351329058408737,0.06808190047740936
C2,3750,1,0.35984867811203003,0.47280973196029663,0.41632920503616333,0.0882127434015274
C2,3751,1,0.7983122915029526,0.18928730487823486,0.4937997981905937,0.09677279740571976
C2,3752,1,0.34591227769851685,0.10559868812561035,0.2257554829120636,0.08458903431892395
C2,3753,1,0.5216478109359741,0.11282527446746826,0.3172365427017212,0.04892926663160324
C2,3754,1,0.12647801637649536,0.23140591382980347,0.17894196510314941,0.03956275433301926
C2,3755,1,0.4989864230155945,0.15607279539108276,0.3275296092033386,0.05953054502606392
C2,3756,1,0.44235700368881226,0.4469758868217468,0.44466644525527954,0.06657028198242188
C2,3757,1,0.5716694891452789,0.13602977991104126,0.3538496345281601,0.10493671149015427
C2,3758,1,0.45162320137023926,0.4537796974182129,0.4527014493942261,0.07906733453273773
C2,3759,1,0.11442399024963379,0.41159528493881226,0.263009637594223,0.042572736740112305
C2,3760,1,0.09090065956115723,0.20850098133087158,0.1497008204460144,0.04750239476561546
C2,3761,1,0.1883600354194641,0.16643792390823364,0.17739897966384888,0.07313160598278046
C2,3762,1,0.18205827474594116,0.26837271451950073,0.22521549463272095,0.06320540606975555
C2,3763,1,0.3611055016517639,0.43751978874206543,0.3993126451969147,0.08655285090208054
C2,3764,1,0.31900662183761597,0.054314494132995605,0.1866605579853058,0.045904915779829025
C2,3765,1,0.04873591661453247,0.40710318088531494,0.2279195487499237,0.11621052026748657
C2,3766,1,0.1653226613998413,0.24390828609466553,0.20461547374725342,0.06287094205617905
C2,3767,1,0.14724481105804443,0.4031435251235962,0.2751941680908203,0.06922547519207001
C2,3768,1,0.08259129524230957,0.2596355676651001,0.17111343145370483,0.11264898627996445
C2,3769,1,0.12895876169204712,0.2938351631164551,0.2113969624042511,0.1097937598824501
C2,3770,1,0.15425348281860352,0.2795853018760681,0.21691939234733582,0.05466528236865997
C2,3771,1,0.22068041563034058,0.21433478593826294,0.21750760078430176,0.05247243121266365
C2,3772,1,0.030755698680877686,0.14643442630767822,0.08859506249427795,0.07435203343629837
C2,3773,1,0.06164979934692383,0.23178035020828247,0.14671507477760315,0.08336156606674194
C2,3774,1,0.0522456169128418,0.2495473027229309,0.15089645981788635,0.09738673269748688
C2,3775,1,0.030532777309417725,0.1747933030128479,0.10266304016113281,0.07345657050609589
C2,3776,1,0.031826019287109375,0.19312173128128052,0.11247387528419495,0.0614340640604496
C2,3777,1,0.09366559982299805,0.15051931142807007,0.12209245562553406,0.04821474477648735
C2,3778,1,0.19232982397079468,0.05746358633041382,0.12489670515060425,0.6093041896820068
C2,3779,1,0.1374996304512024,0.06068992614746094,0.09909477829933167,0.6143591403961182
C2,3780,1,0.21809792518615723,0.05900871753692627,0.13855332136154175,0.7763538360595703
C2,3781,1,0.2082653045654297,0.05090010166168213,0.1295827031135559,0.6795896887779236
C2,3782,1,0.4581717252731323,0.03357374668121338,0.24587273597717285,0.6540952324867249
C2,3783,1,0.20258426666259766,0.03510791063308716,0.11884608864784241,0.5607690811157227
C2,3784,1,0.18434792757034302,0.09536343812942505,0.13985568284988403,0.6138486266136169
C2,3785,1,0.11344766616821289,0.35315173864364624,0.23329970240592957,0.6638309955596924
C2,3786,1,0.10193890333175659,0.23992383480072021,0.1709313690662384,0.7476574778556824
C2,3787,1,0.2243955135345459,0.133029043674469,0.17871227860450745,0.7851325273513794
C2,3788,1,0.158794105052948,0.08181822299957275,0.12030616402626038,0.5967308878898621
C2,3789,1,0.20531374216079712,0.3192964792251587,0.2623051106929779,0.5764169692993164
C2,3790,1,0.06840360164642334,0.19023734331130981,0.12932047247886658,0.48326563835144043
C2,3791,1,0.6259885728359222,0.28386741876602173,0.454927995800972,0.4144759178161621
C2,3792,1,0.6207322478294373,0.2774016857147217,0.44906696677207947,0.36872851848602295
C2,3793,1,0.555120050907135,0.44278204441070557,0.4989510476589203,0.3616148829460144
C2,3794,1,0.4757988452911377,0.46376925706863403,0.46978405117988586,0.2622916102409363
C2,3795,1,0.41781139373779297,0.21408456563949585,0.3159479796886444,0.23943792283535004
C2,3796,1,0.6769039630889893,0.2576063275337219,0.4672551453113556,0.3369368016719818
C2,3797,1,0.3495277166366577,0.5220203995704651,0.4357740581035614,0.33540308475494385
C2,3798,1,0.5569698214530945,0.480785071849823,0.5188774466514587,0.36720579862594604
C2,3799,1,0.4570881128311157,0.09571999311447144,0.2764040529727936,0.21017895638942719
C2,3800,1,0.5615687668323517,0.1332160234451294,0.34739239513874054,0.12504665553569794
C2,3801,1,0.4017009139060974,0.06424278020858765,0.23297184705734253,0.08465448766946793
C2,3802,1,0.34156233072280884,0.07424211502075195,0.2079022228717804,0.12372428923845291
C2,3803,1,0.3827100396156311,0.15372973680496216,0.26821988821029663,0.08459406346082687
C2,3804,1,0.3754035234451294,0.21559101343154907,0.29549726843833923,0.04195460304617882
C2,3805,1,0.30213528871536255,0.3949066996574402,0.34852099418640137,0.05242771655321121
C2,3806,1,0.23674941062927246,0.22332799434661865,0.23003870248794556,0.1264629364013672
C2,3807,1,0.7024220824241638,0.4233272671699524,0.5628746747970581,0.09853155165910721
C2,3808,1,0.7024220824241638,0.20632225275039673,0.4543721675872803,0.1166139766573906
C2,3809,1,0.6937597990036011,0.35303378105163574,0.5233967900276184,0.05147586017847061
C2,3810,1,0.26798129081726074,0.3527178168296814,0.31034955382347107,0.07230990380048752
C2,3811,1,0.5998100638389587,0.3213002681732178,0.46055516600608826,0.03480933979153633
C2,3812,1,0.5558768808841705,0.33837491273880005,0.4471258968114853,0.10255099087953568
C2,3813,1,0.5210829377174377,0.3195239305496216,0.42030343413352966,0.037275414913892746
C2,3814,1,0.3491847515106201,0.44732362031936646,0.3982541859149933,0.05295664444565773
C2,3815,1,0.11471801996231079,0.36640822887420654,0.24056312441825867,0.05171879753470421
C2,3816,1,0.10499900579452515,0.22704535722732544,0.1660221815109253,0.08804765343666077
C2,3817,1,0.05014622211456299,0.14476943016052246,0.09745782613754272,0.07302864640951157
C2,3818,1,0.029136300086975098,0.14453738927841187,0.08683684468269348,0.033482447266578674
C2,3819,1,0.02887701988220215,0.1695847511291504,0.09923088550567627,0.030870817601680756
C2,3820,1,0.2697021961212158,0.6373746991157532,0.4535384476184845,0.04210532084107399
C2,3821,1,0.23594880104064941,0.21510744094848633,0.22552812099456787,0.1002192497253418
C2,3822,1,0.5515878200531006,0.32160699367523193,0.43659740686416626,0.10050014406442642
C2,3823,1,0.544553816318512,0.31683385372161865,0.4306938350200653,0.08969578891992569
C2,3824,1,0.2897157073020935,0.2877649664878845,0.288740336894989,0.12195100635290146
C2,3825,1,0.24720650911331177,0.12577158212661743,0.1864890456199646,0.12504379451274872
C2,3826,1,0.3706091642379761,0.07702130079269409,0.22381523251533508,0.10160499066114426
C2,3827,1,0.37742650508880615,0.13738828897476196,0.25740739703178406,0.08581329137086868
C2,3828,1,0.2570520043373108,0.12638002634048462,0.1917160153388977,0.08581329137086868
C2,3829,1,0.37535035610198975,0.16926193237304688,0.2723061442375183,0.07533720135688782
C2,3830,1,0.6742032766342163,0.4158952832221985,0.5450492799282074,0.06408576667308807
C2,3831,1,0.293427050113678,0.3791351914405823,0.3362811207771301,0.07958265393972397
C2,3832,1,0.381320595741272,0.25694161653518677,0.31913110613822937,0.05908907204866409
C2,3833,1,0.6631654500961304,0.2369859218597412,0.4500756859779358,0.07009385526180267
C2,3834,1,0.6107774078845978,0.27826201915740967,0.4445197135210037,0.061274997889995575
C2,3835,1,0.22767287492752075,0.25105398893356323,0.239363431930542,0.06389349699020386
C2,3836,1,0.09806334972381592,0.12274152040481567,0.1104024350643158,0.07807716727256775
C2,3837,1,0.14221245050430298,0.1632152795791626,0.1527138650417328,0.08900970965623856
C2,3838,1,0.6063955724239349,0.23500651121139526,0.4207010418176651,0.5199655890464783
C2,3839,1,0.5708739161491394,0.23500651121139526,0.40294021368026733,0.6235221028327942
C2,3840,1,0.4303737282752991,0.3295283317565918,0.37995103001594543,0.6315711140632629
C2,3841,1,0.23038697242736816,0.19984251260757446,0.2151147425174713,0.5112037062644958
C2,3842,1,0.12231838703155518,0.07512527704238892,0.09872183203697205,0.35232192277908325
C2,3843,1,0.30410659313201904,0.02342742681503296,0.163767009973526,0.29748690128326416
C2,3844,1,0.313869833946228,0.09403824806213379,0.2039540410041809,0.331443190574646
C2,3845,1,0.23302876949310303,0.13984531164169312,0.18643704056739807,0.6311130523681641
C2,3846,1,0.21568655967712402,0.148654043674469,0.1821703016757965,0.2922937870025635
C2,3847,1,0.2895511984825134,0.2726147770881653,0.28108298778533936,0.4398003816604614
C2,3848,1,0.25136005878448486,0.16181880235671997,0.20658943057060242,0.21799570322036743
C2,3849,1,0.3233429789543152,0.35899674892425537,0.3411698639392853,0.32892048358917236
C2,3850,1,0.39872825145721436,0.14183980226516724,0.2702840268611908,0.209691122174263
C2,3851,1,0.4757393002510071,0.30998528003692627,0.3928622901439667,0.2756791114807129
C2,3852,1,0.38080620765686035,0.1839349865913391,0.28237059712409973,0.3264625370502472
C2,3853,1,0.5037204027175903,0.30331188440322876,0.40351614356040955,0.34787338972091675
C2,3854,1,0.5386761724948883,0.27928626537323,0.40898121893405914,0.19352443516254425
C2,3855,1,0.4861733317375183,0.04193675518035889,0.2640550434589386,0.13014689087867737
C2,3856,1,0.4106982946395874,0.2267540693283081,0.31872618198394775,0.17100228369235992
C2,3857,1,0.7468084096908569,0.07077288627624512,0.408790647983551,0.14160390198230743
C2,3858,1,0.4885173439979553,0.07077288627624512,0.2796451151371002,0.219500333070755
C2,3859,1,0.2151656150817871,0.10451126098632812,0.15983843803405762,0.10686828196048737
C2,3860,1,0.5094766914844513,0.10451126098632812,0.3069939762353897,0.1228010430932045
C2,3861,1,0.2185564637184143,0.09635215997695923,0.15745431184768677,0.19752366840839386
C2,3862,1,0.2793892025947571,0.12978708744049072,0.2045881450176239,0.19752366840839386
C2,3863,1,0.3249650001525879,0.10216569900512695,0.21356534957885742,0.20743301510810852
C2,3864,1,0.31796538829803467,0.09383225440979004,0.20589882135391235,0.21209293603897095
C2,3865,1,0.17236506938934326,0.08673346042633057,0.12954926490783691,0.19846850633621216
C2,3866,1,0.3496299386024475,0.2998847961425781,0.3247573673725128,0.0901498794555664
C2,3867,1,0.27420300245285034,0.6141733229160309,0.4441881626844406,0.09343636780977249
C2,3868,1,0.23276209831237793,0.6262656450271606,0.4295138716697693,0.11260772496461868
C2,3869,1,0.5307981073856354,0.47556960582733154,0.5031838566064835,0.1654241383075714
C2,3870,1,0.6570400893688202,0.34667831659317017,0.5018592029809952,0.1654241383075714
C2,3871,1,0.6570400893688202,0.557196855545044,0.6071184724569321,0.1658768504858017
C2,3872,1,0.6695475578308105,0.7264360189437866,0.6979917883872986,0.1882263720035553
C2,3873,1,0.5649975538253784,0.5491743385791779,0.5570859462022781,0.12068317085504532
C2,3874,1,0.6232582032680511,0.2088431715965271,0.4160506874322891,0.11587297171354294
C2,3875,1,0.5542372465133667,0.28336048126220703,0.41879886388778687,0.1065502017736435
C2,3876,1,0.5542372465133667,0.29257237911224365,0.4234048128128052,0.12500743567943573
C2,3877,1,0.4390260577201843,0.3289235234260559,0.3839747905731201,0.13171033561229706
C2,3878,1,0.3178741931915283,0.5925856232643127,0.45522990822792053,0.11142047494649887
C2,3879,1,0.44543176889419556,0.5080108344554901,0.47672130167484283,0.06942277401685715
C2,3880,1,0.5217494666576385,0.35159653425216675,0.43667300045490265,0.06632678955793381
C2,3881,1,0.658505916595459,0.37366563081741333,0.5160857737064362,0.076198510825634
C2,3882,1,0.658505916595459,0.428159236907959,0.543332576751709,0.10196717828512192
C2,3883,1,0.4135918617248535,0.8313848525285721,0.6224883571267128,0.06152939796447754
C2,3884,1,0.4531363844871521,0.5790834128856659,0.516109898686409,0.07983074337244034
C2,3885,1,0.5866698026657104,0.5964093208312988,0.5915395617485046,0.08008705079555511
C2,3886,1,0.5892363786697388,0.41043126583099365,0.4998338222503662,0.07459474354982376
C2,3887,1,0.6731671690940857,0.4223777651786804,0.5477724671363831,0.08927073329687119
C2,3888,1,0.6466003358364105,0.5723907053470612,0.6094955205917358,0.11411616206169128
C2,3889,1,0.5799997448921204,0.5760850012302399,0.5780423730611801,0.1267484426498413
C2,3890,1,0.604512482881546,0.5952324569225311,0.5998724699020386,0.13121941685676575
C2,3891,1,0.8823369145393372,0.730543851852417,0.8064403831958771,0.10572408139705658
C2,3892,1,0.7223203182220459,0.4933697581291199,0.6078450381755829,0.08949727565050125
C2,3893,1,0.4629325866699219,0.6411204040050507,0.5520264953374863,0.09018857777118683
C2,3894,1,0.4059814214706421,0.4122686982154846,0.40912505984306335,0.09715880453586578
C2,3895,1,0.3107535243034363,0.5584003329277039,0.43457692861557007,0.10319679975509644
C2,3896,1,0.22996509075164795,0.7381094694137573,0.48403728008270264,0.11412689834833145
C2,3897,1,0.16236567497253418,0.6299288272857666,0.3961472511291504,0.09412021189928055
C2,3898,1,0.4756046533584595,0.8437674790620804,0.6596860662102699,0.2967028021812439
C2,3899,1,0.641798347234726,0.6892445683479309,0.6655214577913284,0.41193297505378723
C2,3900,1,0.6212522983551025,0.6892445683479309,0.6552484333515167,0.4534284770488739
C2,3901,1,0.5077962875366211,0.6927640438079834,0.6002801656723022,0.44470107555389404
C2,3902,1,0.6672803461551666,0.6927640438079834,0.680022194981575,0.23113888502120972
C2,3903,1,0.5780016481876373,0.5482389628887177,0.5631203055381775,0.4162942171096802
C2,3904,1,0.5556662976741791,0.5272684693336487,0.5414673835039139,0.42155978083610535
C2,3905,1,0.19805872440338135,0.61434206366539,0.4062003940343857,0.4513746201992035
C2,3906,1,0.32402217388153076,0.41576600074768066,0.3698940873146057,0.43294692039489746
C2,3907,1,0.3720707297325134,0.38318830728530884,0.37762951850891113,0.25997239351272583
C2,3908,1,0.5534849762916565,0.3472367525100708,0.45036086440086365,0.25997239351272583
C2,3909,1,0.5343450605869293,0.3230450749397278,0.42869506776332855,0.26708924770355225
C2,3910,1,0.7325752079486847,0.4332517385482788,0.5829134732484818,0.2931455373764038
C2,3911,1,0.6248730719089508,0.4099065065383911,0.517389789223671,0.18761815130710602
C2,3912,1,0.4270930290222168,0.4445037245750427,0.43579837679862976,0.21114027500152588
C2,3913,1,0.5434267222881317,0.240128755569458,0.39177773892879486,0.1567980796098709
C2,3914,1,0.25046098232269287,0.3270964026451111,0.288778692483902,0.20797808468341827
C2,3915,1,0.31365662813186646,0.3041805028915405,0.3089185655117035,0.19520904123783112
C2,3916,1,0.2794851064682007,0.40480655431747437,0.3421458303928375,0.13106192648410797
C2,3917,1,0.28924715518951416,0.35977232456207275,0.32450973987579346,0.2868298888206482
C2,3918,1,0.3202640414237976,0.36240285634994507,0.34133344888687134,0.2688424587249756
C2,3919,1,0.21877866983413696,0.36240285634994507,0.290590763092041,0.1697007715702057
C2,3920,1,0.49841177463531494,0.3530541658401489,0.42573297023773193,0.1457345336675644
C2,3921,1,0.2559983730316162,0.34613120555877686,0.30106478929519653,0.10367617756128311
C2,3922,1,0.36103755235671997,0.20770972967147827,0.2843736410140991,0.22110791504383087
C2,3923,1,0.1336606740951538,0.25313782691955566,0.19339925050735474,0.1496080905199051
C2,3924,1,0.1336606740951538,0.26232200860977173,0.19799134135246277,0.15037283301353455
C2,3925,1,0.25102829933166504,0.24714767932891846,0.24908798933029175,0.10926976799964905
C2,3926,1,0.22517001628875732,0.22505617141723633,0.22511309385299683,0.13826803863048553
C2,3927,1,0.22662359476089478,0.22505617141723633,0.22583988308906555,0.12493046373128891
C2,3928,1,0.36280959844589233,0.30694448947906494,0.33487704396247864,0.1819036900997162
C2,3929,1,0.3254186511039734,0.26490557193756104,0.2951621115207672,0.19144457578659058
C2,3930,1,0.291425883769989,0.22536855936050415,0.2583972215652466,0.14374451339244843
C2,3931,1,0.22917962074279785,0.3057628870010376,0.2674712538719177,0.13607165217399597
C2,3932,1,0.22872579097747803,0.5242977440357208,0.3765117675065994,0.21617096662521362
C2,3933,1,0.24585914611816406,0.43827933073043823,0.34206923842430115,0.25986185669898987
C2,3934,1,0.2011183500289917,0.44760560989379883,0.32436197996139526,0.26562654972076416
C2,3935,1,0.3303951621055603,0.4691583514213562,0.39977675676345825,0.11962171643972397
C2,3936,1,0.4650192856788635,0.41802841424942017,0.44152384996414185,0.24956923723220825
C2,3937,1,0.31216132640838623,0.4227979779243469,0.3674796521663666,0.1796146184206009
C2,3938,1,0.21117335557937622,0.7346338629722595,0.47290360927581787,0.28522807359695435
C2,3939,1,0.14050906896591187,0.7295712530612946,0.4350401610136032,0.2817285656929016
C2,3940,1,0.35144323110580444,0.5971357822418213,0.47428950667381287,0.33961623907089233
C2,3941,1,0.20774626731872559,0.4723622798919678,0.3400542736053467,0.22579289972782135
C2,3942,1,0.4650624394416809,0.43269211053848267,0.4488772749900818,0.1802956759929657
C2,3943,1,0.4367266297340393,0.43367117643356323,0.43519890308380127,0.3364691138267517
C2,3944,1,0.48795998096466064,0.3664706349372864,0.4272153079509735,0.2562255263328552
C2,3945,1,0.3337783217430115,0.3396764397621155,0.3367273807525635,0.1850282996892929
C2,3946,1,0.326829731464386,0.33232003450393677,0.3295748829841614,0.23189352452754974
C2,3947,1,0.26182007789611816,0.3664892911911011,0.3141546845436096,0.2864658236503601
C2,3948,1,0.6176612079143524,0.27565085887908936,0.4466560333967209,0.26504024863243103
C2,3949,1,0.6229110956192017,0.427875816822052,0.5253934562206268,0.24469035863876343
C2,3950,1,0.4450506567955017,0.21814662218093872,0.3315986394882202,0.35448476672172546
C2,3951,1,0.37124401330947876,0.2027403712272644,0.2869921922683716,0.34528177976608276
C2,3952,1,0.5314598381519318,0.4259869456291199,0.4787233918905258,0.1879643201828003
C2,3953,1,0.36947101354599,0.3371889591217041,0.35332998633384705,0.24269868433475494
C2,3954,1,0.8630180209875107,0.6157494187355042,0.7393837198615074,0.2226904332637787
C2,3955,1,0.33967018127441406,0.6214559078216553,0.48056304454803467,0.15530717372894287
C2,3956,1,0.5489563047885895,0.758996918797493,0.6539766117930412,0.14049914479255676
C2,3957,1,0.6846939921379089,0.7280371189117432,0.706365555524826,0.16399632394313812
C2,3958,1,0.3496600389480591,0.7936398684978485,0.5716499537229538,0.4597400426864624
C2,3959,1,0.5819394290447235,0.46986454725265503,0.5259019881486893,0.10245902091264725
C2,3960,1,0.4094032645225525,0.37737905979156494,0.3933911621570587,0.19574414193630219
C2,3961,1,0.24834364652633667,0.22485226392745972,0.2365979552268982,0.11850220710039139
C2,3962,1,0.896294578909874,0.73940509557724,0.817849837243557,0.08124357461929321
C2,3963,1,0.6292883157730103,0.7278453409671783,0.6785668283700943,0.09223807603120804
C2,3964,1,0.6429651379585266,0.5470039546489716,0.5949845463037491,0.12304191291332245
C2,3965,1,0.7658858448266983,0.685556560754776,0.7257212027907372,0.11314164102077484
C2,3966,1,0.6863008737564087,0.5474622547626495,0.6168815642595291,0.14077535271644592
C2,3967,1,0.48426228761672974,0.3118744492530823,0.398068368434906,0.09400556981563568
C2,3968,1,0.22364747524261475,0.5483488142490387,0.3859981447458267,0.08846451342105865
C2,3969,1,0.3476673364639282,0.414736807346344,0.3812020719051361,0.08846451342105865
C2,3970,1,0.1887223720550537,0.6609552800655365,0.4248388260602951,0.08239620178937912
C2,3971,1,0.14061510562896729,0.644408255815506,0.39251168072223663,0.14966171979904175
C2,3972,1,0.44102418422698975,0.4158676862716675,0.4284459352493286,0.07800885289907455
C2,3973,1,0.5299619138240814,0.3702579140663147,0.45010991394519806,0.11981865018606186
C2,3974,1,0.3960934281349182,0.36092227697372437,0.3785078525543213,0.13070692121982574
C2,3975,1,0.6087182462215424,0.4425830841064453,0.5256506651639938,0.1465556025505066
C2,3976,1,0.24970775842666626,0.5096546709537506,0.37968121469020844,0.23464393615722656
C2,3977,1,0.3004453182220459,0.607409805059433,0.45392756164073944,0.24128781259059906
C2,3978,1,0.7719514518976212,0.5906142890453339,0.6812828704714775,0.03854913264513016
C2,3979,1,0.46481889486312866,0.5202033221721649,0.4925111085176468,0.08413951843976974
C2,3980,1,0.3770632743835449,0.299027681350708,0.33804547786712646,0.09328682720661163
C2,3981,1,0.2893344759941101,0.4349881410598755,0.3621613085269928,0.02856246381998062
C2,3982,1,0.5933838784694672,0.6216234862804413,0.6075036823749542,0.08675753325223923
C2,3983,1,0.6224572360515594,0.4087122082710266,0.515584722161293,0.06713215261697769
C2,3984,1,0.41808104515075684,0.5792862176895142,0.4986836314201355,0.031785957515239716
C2,3985,1,0.3658671975135803,0.500072717666626,0.43296995759010315,0.024177310988307
C2,3986,1,0.2924184799194336,0.3917379379272461,0.34207820892333984,0.03453775867819786
C2,3987,1,0.2096518874168396,0.5307629406452179,0.37020741403102875,0.03360495716333389
C2,3988,1,0.3035600781440735,0.4499986171722412,0.37677934765815735,0.027830196544528008
C2,3989,1,0.7038627862930298,0.6197737455368042,0.661818265914917,0.03308961167931557
C2,3990,1,0.6048145294189453,0.41535383462905884,0.5100841820240021,0.0220829788595438
C2,3991,1,0.6171924471855164,0.41535383462905884,0.5162731409072876,0.022133952006697655
C2,3992,1,0.33767586946487427,0.5428048670291901,0.44024036824703217,0.02250899001955986
C2,3993,1,0.5393769443035126,0.4583328366279602,0.4988548904657364,0.016835518181324005
C2,3994,1,0.7594423294067383,0.5691502392292023,0.6642962843179703,0.02751617319881916
C2,3995,1,0.7720648497343063,0.7907975614070892,0.7814312055706978,0.03212222456932068
C2,3996,1,0.565820962190628,0.832918256521225,0.6993696093559265,0.08560797572135925
C2,3997,1,0.32867681980133057,0.8447974920272827,0.5867371559143066,0.07075458019971848
C2,3998,1,0.33494025468826294,0.7308834195137024,0.5329118371009827,0.025375530123710632
C2,3999,1,0.15870249271392822,0.7515891492366791,0.45514582097530365,0.0671859011054039
C2,4000,1,0.736066073179245,0.5375073850154877,0.6367867290973663,0.04928286746144295
C2,4001,1,0.45176130533218384,0.4843916893005371,0.4680764973163605,0.08466438949108124
C2,4002,1,0.5294620096683502,0.40508008003234863,0.4672710448503494,0.06794821470975876
C2,4003,1,0.4164172410964966,0.5118238031864166,0.4641205221414566,0.13399484753608704
C2,4004,1,0.41716837882995605,0.394783616065979,0.40597599744796753,0.036455415189266205
C2,4005,1,0.07797402143478394,0.581830620765686,0.329902321100235,0.04721609875559807
C2,4006,1,0.3102572560310364,0.619469940662384,0.4648635983467102,0.038956429809331894
C2,4007,1,0.2966853976249695,0.14855515956878662,0.22262027859687805,0.029122276231646538
C2,4008,1,0.5180572867393494,0.09877997636795044,0.3084186315536499,0.08033545315265656
C2,4009,1,0.5440743863582611,0.5364703238010406,0.5402723550796509,0.12595458328723907
C2,4010,1,0.29808109998703003,0.556812196969986,0.427446648478508,0.09558280557394028
C2,4011,1,0.4580484628677368,0.272943377494812,0.3654959201812744,0.09343521296977997
C2,4012,1,0.3536340594291687,0.2857275605201721,0.3196808099746704,0.09543731808662415
C2,4013,1,0.5602835416793823,0.13446086645126343,0.3473722040653229,0.07798884809017181
C2,4014,1,0.766386404633522,0.730070948600769,0.7482286766171455,0.1127055361866951
C2,4015,1,0.31165778636932373,0.5522695481777191,0.4319636672735214,0.1276189386844635
C2,4016,1,0.44897764921188354,0.42510390281677246,0.437040776014328,0.04363653063774109
C2,4017,1,0.4812747836112976,0.4769657254219055,0.47912025451660156,0.06273351609706879
C2,4018,1,0.16949212551116943,0.3773723840713501,0.27343225479125977,0.5109170079231262
C2,4019,1,0.24647212028503418,0.4493197798728943,0.34789595007896423,0.48684069514274597
C2,4020,1,0.17657005786895752,0.6109468042850494,0.3937584310770035,0.6031696200370789
C2,4021,1,0.44066518545150757,0.27953994274139404,0.3601025640964508,0.5384885668754578
C2,4022,1,0.11549168825149536,0.35604602098464966,0.2357688546180725,0.5482245087623596
C2,4023,1,0.1061558723449707,0.41220623254776,0.25918105244636536,0.24049612879753113
C2,4024,1,0.31198549270629883,0.3859303593635559,0.34895792603492737,0.3685948848724365
C2,4025,1,0.20624691247940063,0.11628353595733643,0.16126522421836853,0.31097111105918884
C2,4026,1,0.08435863256454468,0.44314998388290405,0.26375430822372437,0.3017141819000244
C2,4027,1,0.13200557231903076,0.20950186252593994,0.17075371742248535,0.31368833780288696
C2,4028,1,0.21923106908798218,0.20950186252593994,0.21436646580696106,0.2092912793159485
C2,4029,1,0.5095171332359314,0.43535321950912476,0.4724351763725281,0.30700594186782837
C2,4030,1,0.5165951251983643,0.42174530029296875,0.4691702127456665,0.2958846986293793
C2,4031,1,0.2565624713897705,0.2837384343147278,0.27015045285224915,0.21532152593135834
C2,4032,1,0.36394768953323364,0.24610507488250732,0.3050263822078705,0.22862844169139862
C2,4033,1,0.3821282386779785,0.3002888560295105,0.3412085473537445,0.22862844169139862
C2,4034,1,0.21758925914764404,0.25388145446777344,0.23573535680770874,0.24246056377887726
C2,4035,1,0.25822556018829346,0.2450035810470581,0.2516145706176758,0.27897197008132935
C2,4036,1,0.11909836530685425,0.48572301864624023,0.30241069197654724,0.38389548659324646
C2,4037,1,0.1092369556427002,0.47028201818466187,0.28975948691368103,0.1783600002527237
C2,4038,1,0.27314960956573486,0.8520123809576035,0.5625809952616692,0.47436487674713135
C2,4039,1,0.4701382517814636,0.8520123809576035,0.6610753163695335,0.21986106038093567
C2,4040,1,0.2913207411766052,0.5645322501659393,0.4279264956712723,0.215151846408844
C2,4041,1,0.21704107522964478,0.3951202630996704,0.3060806691646576,0.23224593698978424
C2,4042,1,0.4357668161392212,0.42881256341934204,0.4322896897792816,0.20824266970157623
C2,4043,1,0.47879183292388916,0.41710424423217773,0.44794803857803345,0.13550488650798798
C2,4044,1,0.5622827708721161,0.39588409662246704,0.47908343374729156,0.3028169274330139
C2,4045,1,0.5192797780036926,0.5148828327655792,0.5170813053846359,0.2377794235944748
C2,4046,1,0.560621827840805,0.43359410762786865,0.49710796773433685,0.22872194647789001
C2,4047,1,0.41348767280578613,0.2005797028541565,0.3070336878299713,0.2159215211868286
C2,4048,1,0.36426663398742676,0.2804860472679138,0.3223763406276703,0.19785672426223755
C2,4049,1,0.48212265968322754,0.5031438171863556,0.49263323843479156,0.28655704855918884
C2,4050,1,0.5107186734676361,0.1887226104736328,0.34972064197063446,0.14042928814888
C2,4051,1,0.33927053213119507,0.42711400985717773,0.3831922709941864,0.09806133061647415
C2,4052,1,0.14465492963790894,0.22156304121017456,0.18310898542404175,0.1250748634338379
C2,4053,1,0.18068695068359375,0.5272619426250458,0.35397444665431976,0.10885807871818542
C2,4054,1,0.2386249303817749,0.19981759786605835,0.21922126412391663,0.1116417795419693
C2,4055,1,0.2161296010017395,0.31902945041656494,0.2675795257091522,0.0966084897518158
C2,4056,1,0.2880752682685852,0.38820093870162964,0.3381381034851074,0.06739269196987152
C2,4057,1,0.2209119200706482,0.24312108755111694,0.23201650381088257,0.05861111357808113
C2,4058,1,0.43826067447662354,0.1772518754005432,0.3077562749385834,0.05231008306145668
C2,4059,1,0.5317959487438202,0.3243741989135742,0.4280850738286972,0.04385826364159584
C2,4060,1,0.34634000062942505,0.3680728077888489,0.35720640420913696,0.055913787335157394
C2,4061,1,0.425398051738739,0.28770244121551514,0.3565502464771271,0.05132082477211952
C2,4062,1,0.45111143589019775,0.34511077404022217,0.39811110496520996,0.06688692420721054
C2,4063,1,0.4194045662879944,0.37489891052246094,0.39715173840522766,0.07568080723285675
C2,4064,1,0.42910826206207275,0.47757333517074585,0.4533407986164093,0.08656302839517593
C2,4065,1,0.26335251331329346,0.33318209648132324,0.29826730489730835,0.08826010674238205
C2,4066,1,0.41308295726776123,0.33170098066329956,0.3723919689655304,0.13699889183044434
C2,4067,1,0.5924107134342194,0.2150191068649292,0.4037149101495743,0.18818919360637665
C2,4068,1,0.6629422605037689,0.7933043986558914,0.7281233295798302,0.15688283741474152
C2,4069,1,0.6947764754295349,0.3699766993522644,0.5323765873908997,0.0837327241897583
C2,4070,1,0.4529488682746887,0.29842013120651245,0.3756844997406006,0.08365945518016815
C2,4071,1,0.39175915718078613,0.29842013120651245,0.3450896441936493,0.1362716257572174
C2,4072,1,0.6109352111816406,0.45435798168182373,0.5326465964317322,0.1615113914012909
C2,4073,1,0.6086930930614471,0.3625389337539673,0.4856160134077072,0.1546543687582016
C2,4074,1,0.3698483109474182,0.2582617998123169,0.31405505537986755,0.10050227493047714
C2,4075,1,0.49506163597106934,0.25631189346313477,0.37568676471710205,0.10449334979057312
C2,4076,1,0.4419361352920532,0.37806618213653564,0.41000115871429443,0.09045547991991043
C2,4077,1,0.3603372573852539,0.3890461325645447,0.3746916949748993,0.06970565021038055
C2,4078,1,0.510627269744873,0.21875077486038208,0.36468902230262756,0.5417851805686951
C2,4079,1,0.733314573764801,0.39089834690093994,0.5621064603328705,0.5381308794021606
C2,4080,1,0.733314573764801,0.4552920460700989,0.59430330991745,0.5381308794021606
C2,4081,1,0.7652302086353302,0.39089834690093994,0.5780642777681351,0.45156630873680115
C2,4082,1,0.7933616042137146,0.43023931980133057,0.6118004620075226,0.47258976101875305
C2,4083,1,0.6902354955673218,0.4285969138145447,0.5594162046909332,0.4774550199508667
C2,4084,1,0.7813155502080917,0.3615829348564148,0.5714492425322533,0.5480543971061707
C2,4085,1,0.7069710493087769,0.2994975447654724,0.5032342970371246,0.4019647240638733
C2,4086,1,0.5606268048286438,0.2797279357910156,0.4201773703098297,0.38583841919898987
C2,4087,1,0.5386320948600769,0.3017808198928833,0.4202064573764801,0.3654088079929352
C2,4088,1,0.5558890998363495,0.423767626285553,0.48982836306095123,0.4743081331253052
C2,4089,1,0.5584559142589569,0.27852874994277954,0.4184923321008682,0.3461190462112427
C2,4090,1,0.3007597327232361,0.44512325525283813,0.3729414939880371,0.3804120123386383
C2,4091,1,0.5187290906906128,0.5217405259609222,0.5202348083257675,0.3090633749961853
C2,4092,1,0.49386066198349,0.4665064215660095,0.48018354177474976,0.3357090950012207
C2,4093,1,0.6950632929801941,0.5656407177448273,0.6303520053625107,0.3330022990703583
C2,4094,1,0.41778165102005005,0.3686021566390991,0.3931919038295746,0.3091435134410858
C2,4095,1,0.6843896210193634,0.2921467423439026,0.488268181681633,0.2606905698776245
C2,4096,1,0.318770170211792,0.258278489112854,0.288524329662323,0.18003436923027039
C2,4097,1,0.318770170211792,0.258278489112854,0.288524329662323,0.08902745693922043
C2,4098,1,0.40458476543426514,0.258278489112854,0.33143162727355957,0.2134993076324463
C2,4099,1,0.37040936946868896,0.2058364748954773,0.28812292218208313,0.2127033919095993
C2,4100,1,0.4972022771835327,0.25524669885635376,0.37622448801994324,0.11888603121042252
C2,4101,1,0.27534961700439453,0.537487268447876,0.40641844272613525,0.1577720046043396
C2,4102,1,0.19168943166732788,0.14815211296081543,0.16992077231407166,0.23595000803470612
C2,4103,1,0.29908281564712524,0.5864542722702026,0.44276854395866394,0.1584726870059967
C2,4104,1,0.30481332540512085,0.15866070985794067,0.23173701763153076,0.13794633746147156
C2,4105,1,0.4724861979484558,0.34934288263320923,0.4109145402908325,0.11820933222770691
C2,4106,1,0.4164884090423584,0.3984530568122864,0.4074707329273224,0.1373109221458435
C2,4107,1,0.4164884090423584,0.3580467700958252,0.3872675895690918,0.14381344616413116
C2,4108,1,0.33775794506073,0.27768802642822266,0.3077229857444763,0.10520978271961212
C2,4109,1,0.27312493324279785,0.4241340756416321,0.34862950444221497,0.09764931350946426
C2,4110,1,0.2799398899078369,0.19894486665725708,0.239442378282547,0.1183992251753807
C2,4111,1,0.5369028747081757,0.2930592894554138,0.41498108208179474,0.08070578426122665
C2,4112,1,0.5168834328651428,0.2637616991996765,0.39032256603240967,0.11090371757745743
C2,4113,1,0.6396234333515167,0.24707400798797607,0.4433487206697464,0.1015041396021843
C2,4114,1,0.4814945459365845,0.21761465072631836,0.3495545983314514,0.13999807834625244
C2,4115,1,0.4814945459365845,0.21761465072631836,0.3495545983314514,0.1550525277853012
C2,4116,1,0.5018424093723297,0.15043014287948608,0.3261362761259079,0.10679088532924652
C2,4117,1,0.5018424093723297,0.16149377822875977,0.33166809380054474,0.117488794028759
C2,4118,1,0.5481691658496857,0.12041181325912476,0.3342904895544052,0.12929415702819824
C2,4119,1,0.5481691658496857,0.07263213396072388,0.3104006499052048,0.13859443366527557
C2,4120,1,0.5541965961456299,0.35158371925354004,0.45289015769958496,0.1760200709104538
C2,4121,1,0.630131334066391,0.7105644941329956,0.6703479140996933,0.18610000610351562
C2,4122,1,0.42033642530441284,0.13598859310150146,0.27816250920295715,0.17916585505008698
C2,4123,1,0.5917443633079529,0.46528899669647217,0.5285166800022125,0.12719562649726868
C2,4124,1,0.6504989564418793,0.5169549286365509,0.5837269425392151,0.11132510006427765
C2,4125,1,0.786198228597641,0.4900892376899719,0.6381437331438065,0.15436330437660217
C2,4126,1,0.8083064407110214,0.41457122564315796,0.6114388331770897,0.16392400860786438
C2,4127,1,0.15660196542739868,0.29869920015335083,0.22765058279037476,0.15218204259872437
C2,4128,1,0.39384663105010986,0.3141041398048401,0.353975385427475,0.15552300214767456
C2,4129,1,0.7617545276880264,0.6429800391197205,0.7023672834038734,0.13019970059394836
C2,4130,1,0.6276179850101471,0.4168545603752136,0.5222362726926804,0.1634637713432312
C2,4131,1,0.492763876914978,0.6343390047550201,0.5635514408349991,0.21428346633911133
C2,4132,1,0.2929996848106384,0.6638317108154297,0.47841569781303406,0.131304070353508
C2,4133,1,0.34158456325531006,0.3788685202598572,0.3602265417575836,0.19440825283527374
C2,4134,1,0.4031605124473572,0.24843281507492065,0.3257966637611389,0.18878714740276337
C2,4135,1,0.4349400997161865,0.2672703266143799,0.3511052131652832,0.12747129797935486
C2,4136,1,0.3899725079536438,0.20899850130081177,0.2994855046272278,0.1305617243051529
C2,4137,1,0.4774324893951416,0.21688085794448853,0.34715667366981506,0.18398615717887878
C2,4138,1,0.31538474559783936,0.1572723388671875,0.23632854223251343,0.2144724279642105
C2,4139,1,0.36101704835891724,0.1296491026878357,0.24533307552337646,0.30651184916496277
C2,4140,1,0.5391109585762024,0.1428757905960083,0.34099337458610535,0.10087950527667999
C2,4141,1,0.4564756751060486,0.10877358913421631,0.28262463212013245,0.09221743792295456
C2,4142,1,0.4446830153465271,0.18228501081466675,0.3134840130805969,0.3027353882789612
C2,4143,1,0.25231581926345825,0.058967649936676025,0.15564173460006714,0.11135520040988922
C2,4144,1,0.4903905391693115,0.058967649936676025,0.2746790945529938,0.37727490067481995
C2,4145,1,0.10446614027023315,0.18800699710845947,0.1462365686893463,0.6532183885574341
C2,4146,1,0.3176003694534302,0.2267439365386963,0.27217215299606323,0.2955174446105957
C2,4147,1,0.1569359302520752,0.19067895412445068,0.17380744218826294,0.29625800251960754
C2,4148,1,0.3758479356765747,0.04795491695404053,0.21190142631530762,0.5400310754776001
C2,4149,1,0.3255274295806885,0.07321572303771973,0.1993715763092041,0.5656266808509827
C2,4150,1,0.2428833246231079,0.08861905336380005,0.16575118899345398,0.39586231112480164
C2,4151,1,0.1979326605796814,0.10247910022735596,0.15020588040351868,0.5871564745903015
C2,4152,1,0.3354646563529968,0.1405324935913086,0.2379985749721527,0.5987142324447632
C2,4153,1,0.19860941171646118,0.2042105793952942,0.20140999555587769,0.6530394554138184
C2,4154,1,0.7475003302097321,0.25566744804382324,0.5015838891267776,0.872562050819397
C2,4155,1,0.40865659713745117,0.19041657447814941,0.2995365858078003,0.8022833466529846
C2,4156,1,0.24385887384414673,0.1991814374923706,0.22152015566825867,0.9413391947746277
C2,4157,1,0.35491782426834106,0.13298386335372925,0.24395084381103516,0.8851131200790405
C2,4158,1,0.21365565061569214,0.138496994972229,0.17607632279396057,0.7878232598304749
C2,4159,1,0.39742010831832886,0.2966892719268799,0.34705469012260437,0.5965131521224976
C2,4160,1,0.10293310880661011,0.30290687084198,0.20291998982429504,0.7064781188964844
C2,4161,1,0.32982301712036133,0.601229339838028,0.46552617847919464,0.7566750645637512
C2,4162,1,0.18017232418060303,0.4581565260887146,0.3191644251346588,0.8387914896011353
C2,4163,1,0.3636428713798523,0.4548337459564209,0.4092383086681366,0.7857853770256042
C2,4164,1,0.39956969022750854,0.3662704825401306,0.3829200863838196,0.754993200302124
C2,4165,1,0.4467974305152893,0.25736749172210693,0.3520824611186981,0.4209761321544647
C2,4166,1,0.32531189918518066,0.22873210906982422,0.27702200412750244,0.8181450366973877
C2,4167,1,0.33710598945617676,0.3932722806930542,0.3651891350746155,0.9284948110580444
C2,4168,1,0.30552440881729126,0.41166192293167114,0.3585931658744812,0.9232531785964966
C2,4169,1,0.2677944302558899,0.5851285457611084,0.42646148800849915,0.9814308881759644
C2,4170,1,0.2994604706764221,0.5577552914619446,0.42860788106918335,0.9758517742156982
C2,4171,1,0.25483405590057373,0.19924771785736084,0.22704088687896729,0.9850939512252808
C2,4172,1,0.5068381130695343,0.2639518976211548,0.38539500534534454,0.9655526876449585
C2,4173,1,0.3675813674926758,0.24003082513809204,0.3038060963153839,0.9477081894874573
C2,4174,1,0.5742761194705963,0.4437686800956726,0.5090223997831345,0.98921799659729
C2,4175,1,0.5695902705192566,0.5105038583278656,0.5400470644235611,0.9675760865211487
C2,4176,1,0.1289292573928833,0.6867548823356628,0.40784206986427307,0.9511463642120361
C2,4177,1,0.5381780862808228,0.7406501770019531,0.6394141316413879,0.9716414213180542
C2,4178,1,0.36043089628219604,0.26350146532058716,0.3119661808013916,0.9597057104110718
C2,4179,1,0.7036662101745605,0.48067349195480347,0.592169851064682,0.9392143487930298
C2,4180,1,0.4544985890388489,0.4565892219543457,0.4555439054965973,0.9023142457008362
C2,4181,1,0.5136670172214508,0.4955289959907532,0.504598006606102,0.916749894618988
C2,4182,1,0.6962613463401794,0.0910307765007019,0.3936460614204407,0.9074938297271729
C2,4183,1,0.675182431936264,0.6022828221321106,0.6387326270341873,0.950193464756012
C2,4184,1,0.40975409746170044,0.3901801109313965,0.39996710419654846,0.9532660841941833
C2,4185,1,0.359688937664032,0.2958168387413025,0.32775288820266724,0.9425343871116638
C2,4186,1,0.6326671242713928,0.4115813374519348,0.5221242308616638,0.9795190691947937
C2,4187,1,0.7215502262115479,0.3185942769050598,0.5200722515583038,0.987533450126648
C2,4188,1,0.7473873496055603,0.21136069297790527,0.4793740212917328,0.9888516068458557
C2,4189,1,0.5920009315013885,0.1642395257949829,0.37812022864818573,0.9790003895759583
C2,4190,1,0.5154944062232971,0.30761992931365967,0.4115571677684784,0.9795026779174805
C2,4191,1,0.365810751914978,0.4024010896682739,0.384105920791626,0.9731137156486511
C2,4192,1,0.1513013243675232,0.48948806524276733,0.32039469480514526,0.975227415561676
C2,4193,1,0.15429669618606567,0.49164682626724243,0.32297176122665405,0.9091897010803223
C2,4194,1,0.44613444805145264,0.3335288166999817,0.38983163237571716,0.7913790941238403
C2,4195,1,0.5898169279098511,0.30912572145462036,0.4494713246822357,0.809295117855072
C2,4196,1,0.3499649167060852,0.08788537979125977,0.21892514824867249,0.9277809858322144
C2,4197,1,0.619078129529953,0.3736676573753357,0.49637289345264435,0.8816308379173279
C2,4198,1,0.38971447944641113,0.5305231809616089,0.46011883020401,0.9922419786453247
C2,4199,1,0.39441633224487305,0.6656904220581055,0.5300533771514893,0.9963542222976685
C2,4200,1,0.6495044231414795,0.49652183055877686,0.5730131268501282,0.9930828809738159
C2,4201,1,0.6693660616874695,0.27998143434524536,0.4746737480163574,0.9969197511672974
C2,4202,1,0.47158104181289673,0.7291690707206726,0.6003750562667847,0.9952055215835571
C2,4203,1,0.5559573471546173,0.17811250686645508,0.3670349270105362,0.9902614951133728
C2,4204,1,0.8668704032897949,0.3732251524925232,0.6200477778911591,0.9860696792602539
C2,4205,1,0.6765587031841278,0.5051688551902771,0.5908637791872025,0.9878730773925781
C2,4206,1,0.7907290011644363,0.17835044860839844,0.4845397248864174,0.9693772792816162
C2,4207,1,0.8860199600458145,0.4784199595451355,0.682219959795475,0.9812817573547363
C2,4208,1,0.8818988725543022,0.45289379358291626,0.6673963330686092,0.9833872318267822
C2,4209,1,0.892888568341732,0.4798343777656555,0.6863614730536938,0.9851939082145691
C2,4210,1,0.6447394490242004,0.4801073670387268,0.5624234080314636,0.9871459007263184
C2,4211,1,0.6364978849887848,0.2759152054786682,0.4562065452337265,0.9914774298667908
C2,4212,1,0.8297149538993835,0.2133142352104187,0.5215145945549011,0.9966968297958374
C2,4213,1,0.8499787449836731,0.27411413192749023,0.5620464384555817,0.9937757253646851
C2,4214,1,0.7886624485254288,0.370089054107666,0.5793757513165474,0.9836928248405457
C2,4215,1,0.8524480760097504,0.7853099852800369,0.8188790306448936,0.9923364520072937
C2,4216,1,0.8835322931408882,0.7150813937187195,0.7993068434298038,0.9897360801696777
C2,4217,1,0.8298919945955276,0.8618989735841751,0.8458954840898514,0.9846094846725464
C2,4218,1,0.904430441558361,0.7214744985103607,0.8129524700343609,0.9938761591911316
C2,4219,1,0.7176465392112732,0.7380380928516388,0.727842316031456,0.990186333656311
C2,4220,1,0.876797266304493,0.19526898860931396,0.5360331274569035,0.987176239490509
C2,4221,1,0.876224622130394,0.2610989809036255,0.5686618015170097,0.9643623232841492
C2,4222,1,0.5670249760150909,0.14498543739318848,0.3560052067041397,0.9373071193695068
C2,4223,1,0.4357595443725586,0.7522280067205429,0.5939937755465508,0.9266895651817322
C2,4224,1,0.7701783925294876,0.8084095865488052,0.7892939895391464,0.9566802978515625
C2,4225,1,0.43230241537094116,0.5769239068031311,0.5046131610870361,0.927902102470398
C2,4226,1,0.5133283138275146,0.5167768001556396,0.5150525569915771,0.9355392456054688
C2,4227,1,0.6090616285800934,0.44633132219314575,0.5276964753866196,0.9365243911743164
C2,4228,1,0.3580056428909302,0.41512882709503174,0.38656723499298096,0.9750084280967712
C2,4229,1,0.3526650071144104,0.44257599115371704,0.3976204991340637,0.9765873551368713
C2,4230,1,0.5267100632190704,0.2784687876701355,0.40258942544460297,0.9902014136314392
C2,4231,1,0.6277155578136444,0.2221795916557312,0.4249475747346878,0.9546694755554199
C2,4232,1,0.725499153137207,0.48792725801467896,0.606713205575943,0.9136386513710022
C2,4233,1,0.7923421859741211,0.329941987991333,0.561142086982727,0.8933800458908081
C2,4234,1,0.7880001664161682,0.3062596917152405,0.5471299290657043,0.9381704330444336
C2,4235,1,0.8169751465320587,0.5877015292644501,0.7023383378982544,0.9575396180152893
C2,4236,1,0.7020183503627777,0.635644257068634,0.6688313037157059,0.9586315751075745
C2,4237,1,0.8683962374925613,0.6369063556194305,0.7526512965559959,0.9658456444740295
C2,4238,1,0.8583144992589951,0.7486765682697296,0.8034955337643623,0.8727428317070007
C2,4239,1,0.6206303536891937,0.8588244318962097,0.7397273927927017,0.9661924242973328
C2,4240,1,0.49130111932754517,0.6908515989780426,0.5910763591527939,0.8405857086181641
C2,4241,1,0.8313816487789154,0.753425344824791,0.7924034968018532,0.9358270764350891
C2,4242,1,0.7085409462451935,0.6908888518810272,0.6997148990631104,0.8505291938781738
C2,4243,1,0.7189010083675385,0.649175614118576,0.6840383112430573,0.9465668797492981
C2,4244,1,0.7334827780723572,0.6169548332691193,0.6752188056707382,0.6985229849815369
C2,4245,1,0.6984838545322418,0.5412631928920746,0.6198735237121582,0.9310184121131897
C2,4246,1,0.8869090229272842,0.5692591667175293,0.7280840948224068,0.6001867651939392
C2,4247,1,0.6346671283245087,0.5869664549827576,0.6108167916536331,0.6547963619232178
C2,4248,1,0.35825031995773315,0.7964646965265274,0.5773575082421303,0.805117666721344
C2,4249,1,0.6431506872177124,0.925872877240181,0.7845117822289467,0.9398579597473145
C2,4250,1,0.699283242225647,0.6866450309753418,0.6929641366004944,0.9497807621955872
C2,4251,1,0.9066759198904037,0.904659703373909,0.9056678116321564,0.8555683493614197
C2,4252,1,0.5555368065834045,0.36242151260375977,0.45897915959358215,0.7397793531417847
C2,4253,1,0.5771104395389557,0.4055919647216797,0.4913512021303177,0.8892606496810913
C2,4254,1,0.7759668678045273,0.6977237164974213,0.7368452921509743,0.8948090672492981
C2,4255,1,0.7780472040176392,0.7931977361440659,0.7856224700808525,0.9629573225975037
C2,4256,1,0.8223339468240738,0.7931977361440659,0.8077658414840698,0.9878147840499878
C2,4257,1,0.854403018951416,0.7376889884471893,0.7960460036993027,0.9575692415237427
C2,4258,1,0.6997224688529968,0.9111268818378448,0.8054246753454208,0.8493662476539612
C2,4259,1,0.5230957865715027,0.8694733679294586,0.6962845772504807,0.9056861400604248
C2,4260,1,0.812025636434555,0.8267703205347061,0.8193979784846306,0.9678943753242493
C2,4261,1,0.6953419148921967,0.8229544460773468,0.7591481804847717,0.9900364875793457
C2,4262,1,0.5056416392326355,0.8597107976675034,0.6826762184500694,0.9887396693229675
C2,4263,1,0.5942350327968597,0.694526344537735,0.6443806886672974,0.9913286566734314
C2,4264,1,0.7610503435134888,0.49978065490722656,0.6304154992103577,0.9877912998199463
C2,4265,1,0.6132747232913971,0.6230787038803101,0.6181767135858536,0.9936631917953491
C2,4266,1,0.5325569808483124,0.3713439702987671,0.45195047557353973,0.993433952331543
C2,4267,1,0.6509747505187988,0.7448249161243439,0.6978998333215714,0.9885438084602356
C2,4268,1,0.6895360052585602,0.6211403906345367,0.6553381979465485,0.9752584099769592
C2,4269,1,0.7560100704431534,0.841744139790535,0.7988771051168442,0.9888527393341064
C2,4270,1,0.7225964367389679,0.6767195463180542,0.699657991528511,0.9937143921852112
C2,4271,1,0.7619599848985672,0.6994701027870178,0.7307150438427925,0.9946828484535217
C2,4272,1,0.8706579953432083,0.8493487685918808,0.8600033819675446,0.9846112132072449
C2,4273,1,0.9181395247578621,0.8116928040981293,0.8649161644279957,0.9687594175338745
C2,4274,1,0.6885001361370087,0.8375111371278763,0.7630056366324425,0.9704468846321106
C2,4275,1,0.8552688807249069,0.7185651063919067,0.7869169935584068,0.9372608065605164
C2,4276,1,0.8861104100942612,0.7992947399616241,0.8427025750279427,0.9714685082435608
C2,4277,1,0.852996900677681,0.4978334307670593,0.6754151657223701,0.9523203372955322
C2,4278,1,0.842472106218338,0.5604750514030457,0.7014735788106918,0.9747226238250732
C2,4279,1,0.8586939126253128,0.7359870076179504,0.7973404601216316,0.9973008036613464
C2,4280,1,0.8019635677337646,0.491868793964386,0.6469161808490753,0.9954973459243774
C2,4281,1,0.9032153114676476,0.804097056388855,0.8536561839282513,0.9926126003265381
C2,4282,1,0.8616698831319809,0.8047294616699219,0.8331996724009514,0.9776102900505066
C2,4283,1,0.8887923061847687,0.9314686954021454,0.910130500793457,0.9817075729370117
C2,4284,1,0.9051472991704941,0.7531543225049973,0.8291508108377457,0.9931615591049194
C2,4285,1,0.8376567661762238,0.7306865751743317,0.7841716706752777,0.9859097003936768
C2,4286,1,0.8610053360462189,0.7964648455381393,0.8287350907921791,0.9841601252555847
C2,4287,1,0.7692874670028687,0.5668687522411346,0.6680781096220016,0.9985389709472656
C2,4288,1,0.797818124294281,0.4916607141494751,0.644739419221878,0.9878809452056885
C2,4289,1,0.7977025657892227,0.8958376348018646,0.8467701002955437,0.955410361289978
C2,4290,1,0.7251953780651093,0.8414303660392761,0.7833128720521927,0.997302770614624
C2,4291,1,0.7807294726371765,0.47661638259887695,0.6286729276180267,0.9903587698936462
C2,4292,1,0.8263808041810989,0.7009482979774475,0.7636645510792732,0.9809895157814026
C2,4293,1,0.6401664018630981,0.6247534155845642,0.6324599087238312,0.9954883456230164
C2,4294,1,0.7916512340307236,0.6307984590530396,0.7112248465418816,0.9934417009353638
C2,4295,1,0.9197860062122345,0.7488680779933929,0.8343270421028137,0.9979463219642639
C2,4296,1,0.5698507130146027,0.8924109637737274,0.731130838394165,0.9959073066711426
C2,4297,1,0.7712745666503906,0.8111873269081116,0.7912309467792511,0.991549015045166
C2,4298,1,0.8766650483012199,0.7040130794048309,0.7903390638530254,0.9805866479873657
C2,4299,1,0.6544137001037598,0.68302783370018,0.6687207669019699,0.9869956374168396
C2,4300,1,0.7326857149600983,0.8053480684757233,0.7690168917179108,0.9897568821907043
C2,4301,1,0.8327414989471436,0.668108344078064,0.7504249215126038,0.9518915414810181
C2,4302,1,0.8799801766872406,0.8940896689891815,0.8870349228382111,0.951196551322937
C2,4303,1,0.772000715136528,0.4770258665084839,0.624513290822506,0.9466102123260498
C2,4304,1,0.8111475259065628,0.686395913362503,0.7487717196345329,0.9621671438217163
C2,4305,1,0.6844641268253326,0.369712233543396,0.5270881801843643,0.9586324095726013
C2,4306,1,0.6618548929691315,0.8393540233373642,0.7506044581532478,0.9195303916931152
C2,4307,1,0.7133125066757202,0.9169849902391434,0.8151487484574318,0.9589977860450745
C2,4308,1,0.7808234244585037,0.8292954564094543,0.805059440433979,0.8162990808486938
C2,4309,1,0.6449894905090332,0.6344072222709656,0.6396983563899994,0.951807975769043
C2,4310,1,0.583340585231781,0.7917064428329468,0.6875235140323639,0.7970085144042969
C2,4311,1,0.7436191141605377,0.6088875234127045,0.6762533187866211,0.8640719056129456
C2,4312,1,0.6672981679439545,0.6810981631278992,0.6741981655359268,0.7218374013900757
C2,4313,1,0.8396544307470322,0.42787522077560425,0.6337648257613182,0.8274321556091309
C2,4314,1,0.5770217478275299,0.7503523975610733,0.6636870726943016,0.8606062531471252
C2,4315,1,0.440268874168396,0.8075522929430008,0.6239105835556984,0.6451959013938904
C2,4316,1,0.6790992915630341,0.7611454576253891,0.7201223745942116,0.619185745716095
C2,4317,1,0.758733481168747,0.4085065722465515,0.5836200267076492,0.7182649374008179
C2,4318,1,0.6523257493972778,0.6486522853374481,0.650489017367363,0.9930684566497803
C2,4319,1,0.5751138925552368,0.6400225758552551,0.607568234205246,0.992341160774231
C2,4320,1,0.5751138925552368,0.6020486354827881,0.5885812640190125,0.9270846843719482
C2,4321,1,0.5751138925552368,0.4756280779838562,0.5253709852695465,0.9474403262138367
C2,4322,1,0.5751138925552368,0.5131621360778809,0.5441380143165588,0.6229665875434875
C2,4323,1,0.5751138925552368,0.458740770816803,0.5169273316860199,0.5900619626045227
C2,4324,1,0.6325869262218475,0.4271717667579651,0.5298793464899063,0.7958604097366333
C2,4325,1,0.606867641210556,0.4204748272895813,0.5136712342500687,0.7267478704452515
C2,4326,1,0.606867641210556,0.4204748272895813,0.5136712342500687,0.7366103529930115
C2,4327,1,0.8440548628568649,0.37226182222366333,0.6081583425402641,0.6782381534576416
C2,4328,1,0.6458596885204315,0.44082391262054443,0.543341800570488,0.2105334997177124
C2,4329,1,0.7160814702510834,0.44082391262054443,0.5784526914358139,0.3179859220981598
C2,4330,1,0.5989468097686768,0.6040506362915039,0.6014987230300903,0.49650147557258606
C2,4331,1,0.6981206834316254,0.4573638439178467,0.577742263674736,0.36529722809791565
C2,4332,1,0.6519251465797424,0.6603626906871796,0.656143918633461,0.6620478630065918
C2,4333,1,0.6519251465797424,0.6573505103588104,0.6546378284692764,0.726267397403717
C2,4334,1,0.6641338467597961,0.4289214611053467,0.5465276539325714,0.7702539563179016
C2,4335,1,0.7769528776407242,0.46280890703201294,0.6198808923363686,0.8194223046302795
C2,4336,1,0.7604698836803436,0.4573274254798889,0.6088986545801163,0.7819951176643372
C2,4337,1,0.8939720317721367,0.4573274254798889,0.6756497286260128,0.7582754492759705
C2,4338,1,0.8684895038604736,0.43985462188720703,0.6541720628738403,0.826152503490448
C2,4339,1,0.8617967218160629,0.6194723546504974,0.7406345382332802,0.8248505592346191
C2,4340,1,0.42656081914901733,0.6068904101848602,0.5167256146669388,0.6128398776054382
C2,4341,1,0.49225473403930664,0.581520140171051,0.5368874371051788,0.8525395393371582
C2,4342,1,0.9538806490600109,0.6037888526916504,0.7788347508758307,0.7025730013847351
C2,4343,1,0.9617813713848591,0.6605553925037384,0.8111683819442987,0.6215433478355408
C2,4344,1,0.9592725299298763,0.6605553925037384,0.8099139612168074,0.5826532244682312
C2,4345,1,0.6901401579380035,0.15209734439849854,0.42111875116825104,0.6513845920562744
C2,4346,1,0.7309426665306091,0.15209734439849854,0.44152000546455383,0.5611937046051025
C2,4347,1,0.310627281665802,0.8829540312290192,0.5967906564474106,0.2898845076560974
C2,4348,1,0.729042261838913,0.6577518880367279,0.6933970749378204,0.32101449370384216
C2,4349,1,0.8232872188091278,0.5914765298366547,0.7073818743228912,0.13409943878650665
C2,4350,1,0.8838571757078171,0.45295554399490356,0.6684063598513603,0.19762660562992096
C2,4351,1,0.781060203909874,0.35341304540634155,0.5672366246581078,0.12069875746965408
C2,4352,1,0.6714671552181244,0.8167515099048615,0.7441093325614929,0.23351731896400452
C2,4353,1,0.8659784346818924,0.8588009029626846,0.8623896688222885,0.06768704950809479
C2,4354,1,0.8448114097118378,0.5331365168094635,0.6889739632606506,0.1169450655579567
C2,4355,1,0.473230242729187,0.5522121787071228,0.5127212107181549,0.08444705605506897
C2,4356,1,0.4061107635498047,0.7949570715427399,0.6005339175462723,0.06227590888738632
C2,4357,1,0.613438755273819,0.38537222146987915,0.49940548837184906,0.0150112584233284
C2,4358,1,0.6889033019542694,0.7664392292499542,0.7276712656021118,0.04348255321383476
C2,4359,1,0.5925356149673462,0.9024080857634544,0.7474718503654003,0.040444254875183105
C2,4360,1,0.4503133296966553,0.8088886737823486,0.629601001739502,0.038304686546325684
C2,4361,1,0.2816362977027893,0.8469711095094681,0.5643037036061287,0.018226807937026024
C2,4362,1,0.28602391481399536,0.6098395884037018,0.44793175160884857,0.06151337921619415
C2,4363,1,0.24757826328277588,0.8352848440408707,0.5414315536618233,0.051005616784095764
C2,4364,1,0.29682236909866333,0.8148548603057861,0.5558386147022247,0.06359230726957321
C2,4365,1,0.3729221820831299,0.38311928510665894,0.3780207335948944,0.005863170139491558
C2,4366,1,0.5116626620292664,0.45083343982696533,0.48124805092811584,0.039871588349342346
C2,4367,1,0.6803342401981354,0.60408154129982,0.6422078907489777,0.014038868248462677
C2,4368,1,0.60531285405159,0.7885585129261017,0.6969356834888458,0.052215326577425
C2,4369,1,0.27270036935806274,0.622130423784256,0.44741539657115936,0.026974324136972427
C2,4370,1,0.8399935960769653,0.6503915190696716,0.7451925575733185,0.03564268723130226
C2,4371,1,0.8426385521888733,0.8257998377084732,0.8342191949486732,0.013999308459460735
C2,4372,1,0.7286907434463501,0.7798857241868973,0.7542882338166237,0.042964134365320206
C2,4373,1,0.5740220546722412,0.6491726338863373,0.6115973442792892,0.028346648439764977
C2,4374,1,0.6506606340408325,0.7603794634342194,0.7055200487375259,0.029215192422270775
C2,4375,1,0.8469339311122894,0.7279435992240906,0.78743876516819,0.0274801068007946
C2,4376,1,0.5593041777610779,0.8901723027229309,0.7247382402420044,0.05649663135409355
C2,4377,1,0.7446836531162262,0.897279642522335,0.8209816478192806,0.03694338724017143
C2,4378,1,0.6439988911151886,0.7450516819953918,0.6945252865552902,0.2640265226364136
C2,4379,1,0.5396407544612885,0.42228037118911743,0.48096056282520294,0.2580151855945587
C2,4380,1,0.7132937610149384,0.3655833601951599,0.5394385606050491,0.2889670729637146
C2,4381,1,0.8589242994785309,0.4544719457626343,0.6566981226205826,0.27995091676712036
C2,4382,1,0.8519695699214935,0.6533006429672241,0.7526351064443588,0.24612747132778168
C2,4383,1,0.4286652207374573,0.6190935671329498,0.5238793939352036,0.32931679487228394
C2,4384,1,0.6518136858940125,0.7993742376565933,0.7255939617753029,0.3649912178516388
C2,4385,1,0.8689886629581451,0.5574517548084259,0.7132202088832855,0.17909882962703705
C2,4386,1,0.6606970429420471,0.23760932683944702,0.44915318489074707,0.0870198905467987
C2,4387,1,0.7613813579082489,0.6638141870498657,0.7125977724790573,0.09557928889989853
C2,4388,1,0.6713851690292358,0.4941498041152954,0.5827674865722656,0.1214689388871193
C2,4389,1,0.6997696757316589,0.5388819575309753,0.6193258166313171,0.06870099157094955
C2,4390,1,0.621298760175705,0.5509275794029236,0.5861131697893143,0.17315995693206787
C2,4391,1,0.6704883277416229,0.4194011688232422,0.5449447482824326,0.15704433619976044
C2,4392,1,0.7261829972267151,0.7192421853542328,0.7227125912904739,0.21647341549396515
C2,4393,1,0.6769912838935852,0.6189122796058655,0.6479517817497253,0.06280817836523056
C2,4394,1,0.4533312916755676,0.5289290547370911,0.49113017320632935,0.025989491492509842
C2,4395,1,0.8528768718242645,0.39343351125717163,0.6231551915407181,0.08447445183992386
C2,4396,1,0.8239602595567703,0.1614481806755066,0.49270422011613846,0.052584391087293625
C2,4397,1,0.7362955808639526,0.7680569589138031,0.7521762698888779,0.15268491208553314
C2,4398,1,0.7149238884449005,0.327093243598938,0.5210085660219193,0.08242984861135483
C2,4399,1,0.6208541393280029,0.8094902485609055,0.7151721939444542,0.190039724111557
C2,4400,1,0.5717713832855225,0.23647916316986084,0.40412527322769165,0.2707226276397705
C2,4401,1,0.6756059527397156,0.8535884469747543,0.764597199857235,0.10734879970550537
C2,4402,1,0.8632904291152954,0.7255882322788239,0.7944393306970596,0.08035299926996231
C2,4403,1,0.4151989817619324,0.4420000910758972,0.4285995364189148,0.10403575748205185
C2,4404,1,0.39584964513778687,0.35442471504211426,0.37513718008995056,0.12245739996433258
C2,4405,1,0.5820218324661255,0.6712340712547302,0.6266279518604279,0.09102795273065567
C2,4406,1,0.7807405441999435,0.7573718577623367,0.7690562009811401,0.10241207480430603
C2,4407,1,0.5149589776992798,0.8002718091011047,0.6576153934001923,0.01636504754424095
C2,4408,1,0.8553707003593445,0.6547235250473022,0.7550471127033234,0.07915473729372025
C2,4409,1,0.37901419401168823,0.8640174567699432,0.6215158253908157,0.07918448746204376
C2,4410,1,0.3151611089706421,0.6386181116104126,0.47688961029052734,0.0861881822347641
C2,4411,1,0.2637902498245239,0.6910490095615387,0.4774196296930313,0.12740913033485413
C2,4412,1,0.4867092967033386,0.7540600597858429,0.6203846782445908,0.04811367392539978
C2,4413,1,0.7746055573225021,0.7178053259849548,0.7462054416537285,0.19619500637054443
C2,4414,1,0.6778759956359863,0.7961141169071198,0.736995056271553,0.10088766366243362
C2,4415,1,0.7484317123889923,0.7825389504432678,0.7654853314161301,0.034477148205041885
C2,4416,1,0.5386769473552704,0.7057920694351196,0.622234508395195,0.04289940372109413
C2,4417,1,0.7216122150421143,0.5047431588172913,0.6131776869297028,0.028423912823200226
C2,4418,1,0.797385036945343,0.6633809804916382,0.7303830087184906,0.053544119000434875
C2,4419,1,0.782603308558464,0.541623443365097,0.6621133759617805,0.11102787405252457
C2,4420,1,0.5759319961071014,0.7097204029560089,0.6428261995315552,0.10595894604921341
C2,4421,1,0.5238272249698639,0.5364919304847717,0.5301595777273178,0.11579078435897827
C2,4422,1,0.6674383878707886,0.6496388912200928,0.6585386395454407,0.12670445442199707
C2,4423,1,0.5470068752765656,0.5753608047962189,0.5611838400363922,0.09599390625953674
C2,4424,1,0.37964630126953125,0.3694952130317688,0.37457075715065,0.1507873684167862
C2,4425,1,0.3984181880950928,0.31229835748672485,0.3553582727909088,0.13930834829807281
C2,4426,1,0.16517239809036255,0.17866629362106323,0.1719193458557129,0.35361042618751526
C2,4427,1,0.4230503439903259,0.5539575517177582,0.48850394785404205,0.07143289595842361
C2,4428,1,0.23553645610809326,0.5819568634033203,0.4087466597557068,0.5795192122459412
C2,4429,1,0.7008261382579803,0.5463611483573914,0.6235936433076859,0.46262046694755554
C2,4430,1,0.3580029606819153,0.25317323207855225,0.30558809638023376,0.5251200795173645
C2,4431,1,0.16268229484558105,0.5546253323554993,0.35865381360054016,0.36865735054016113
C2,4432,1,0.40359246730804443,0.6811385154724121,0.5423654913902283,0.47150957584381104
C2,4433,1,0.5335734784603119,0.3589943051338196,0.44628389179706573,0.23600159585475922
C2,4434,1,0.38943594694137573,0.5912863314151764,0.49036113917827606,0.30718323588371277
C2,4435,1,0.2680102586746216,0.6262435913085938,0.44712692499160767,0.28889232873916626
C2,4436,1,0.23079854249954224,0.4269101023674011,0.3288543224334717,0.26431897282600403
C2,4437,1,0.379027783870697,0.2194826602935791,0.29925522208213806,0.21058909595012665
C2,4438,1,0.6377581059932709,0.24515914916992188,0.4414586275815964,0.5519741177558899
C2,4439,1,0.2718240022659302,0.13507211208343506,0.20344805717468262,0.6185873746871948
C2,4440,1,0.6242861449718475,0.1809667944908142,0.40262646973133087,0.3286561965942383
C2,4441,1,0.4457947611808777,0.2869667410850525,0.3663807511329651,0.47711992263793945
C2,4442,1,0.7138704359531403,0.17764180898666382,0.44575612246990204,0.39496079087257385
C2,4443,1,0.6847990155220032,0.16292262077331543,0.4238608181476593,0.22158034145832062
C2,4444,1,0.5619543790817261,0.15362834930419922,0.35779136419296265,0.15004035830497742
C2,4445,1,0.3313637971878052,0.31690841913223267,0.3241361081600189,0.10186383128166199
C2,4446,1,0.7217179834842682,0.2174813151359558,0.469599649310112,0.2788546681404114
C2,4447,1,0.44581085443496704,0.3723958134651184,0.4091033339500427,0.07784619927406311
C2,4448,1,0.7466705739498138,0.06316989660263062,0.40492023527622223,0.07592187076807022
C2,4449,1,0.45250242948532104,0.2955659031867981,0.37403416633605957,0.07277433574199677
C2,4450,1,0.7513255774974823,0.1972988247871399,0.4743122011423111,0.03226799517869949
C2,4451,1,0.6423715353012085,0.19616341590881348,0.419267475605011,0.0774717703461647
C2,4452,1,0.7341908514499664,0.14109688997268677,0.4376438707113266,0.030079714953899384
C2,4453,1,0.35863393545150757,0.3168920874595642,0.3377630114555359,0.0115723991766572
C2,4454,1,0.5075786709785461,0.5298151671886444,0.5186969190835953,0.01575550250709057
C2,4455,1,0.598446249961853,0.2707180380821228,0.4345821440219879,0.04184281453490257
C2,4456,1,0.7048529088497162,0.17896687984466553,0.44190989434719086,0.014620456844568253
C2,4457,1,0.47031885385513306,0.17896687984466553,0.3246428668498993,0.014946440234780312
C2,4458,1,0.539596438407898,0.528080552816391,0.5338384956121445,0.028150716796517372
C2,4459,1,0.30311405658721924,0.1540088653564453,0.22856146097183228,0.0185549296438694
C2,4460,1,0.6839593350887299,0.22657054662704468,0.45526494085788727,0.009340686723589897
C2,4461,1,0.6962193846702576,0.1864255666732788,0.4413224756717682,0.009364825673401356
C2,4462,1,0.47064149379730225,0.4167083501815796,0.4436749219894409,0.028026090934872627
C2,4463,1,0.5234040021896362,0.6098006367683411,0.5666023194789886,0.016282150521874428
C2,4464,1,0.23883622884750366,0.3810453414916992,0.30994078516960144,0.01859051175415516
C2,4465,1,0.15012651681900024,0.1553162932395935,0.15272140502929688,0.008586439304053783
C2,4466,1,0.44839906692504883,0.41127246618270874,0.4298357665538788,0.019801372662186623
C2,4467,1,0.22739732265472412,0.103099524974823,0.16524842381477356,0.07097189873456955
C2,4468,1,0.28503578901290894,0.16122490167617798,0.22313034534454346,0.09748946875333786
C2,4469,1,0.1285306215286255,0.18942660093307495,0.15897861123085022,0.04156231880187988
C2,4470,1,0.7087545394897461,0.3331156373023987,0.5209350883960724,0.0361403189599514
C2,4471,1,0.7417259216308594,0.13595682382583618,0.4388413727283478,0.020165124908089638
C2,4472,1,0.21496069431304932,0.2739003300666809,0.2444305121898651,0.04112336039543152
C2,4473,1,0.2641626000404358,0.09981685876846313,0.18198972940444946,0.06495516002178192
C2,4474,1,0.3798503279685974,0.29015082120895386,0.33500057458877563,0.043916404247283936
C2,4475,1,0.6006568670272827,0.33148229122161865,0.4660695791244507,0.02701696567237377
C2,4476,1,0.3751336932182312,0.2808721661567688,0.3280029296875,0.027965791523456573
C2,4477,1,0.16248232126235962,0.14019310474395752,0.15133771300315857,0.031085262075066566
C2,4478,1,0.17829108238220215,0.21052837371826172,0.19440972805023193,0.037027984857559204
C2,4479,1,0.17988288402557373,0.19317972660064697,0.18653130531311035,0.04140549153089523
C2,4480,1,0.36065584421157837,0.14093738794326782,0.2507966160774231,0.025705967098474503
C2,4481,1,0.376941442489624,0.08781701326370239,0.2323792278766632,0.022499235346913338
C2,4482,1,0.3155800700187683,0.13098222017288208,0.2232811450958252,0.05018632113933563
C2,4483,1,0.37062084674835205,0.2769297957420349,0.3237753212451935,0.03968953341245651
C2,4484,1,0.31973183155059814,0.16709941625595093,0.24341562390327454,0.010984238237142563
C2,4485,1,0.31973183155059814,0.23356246948242188,0.27664715051651,0.02541198581457138
C2,4486,1,0.27659744024276733,0.1824401617050171,0.2295188009738922,0.042267922312021255
C2,4487,1,0.27659744024276733,0.14546430110931396,0.21103087067604065,0.047967977821826935
C2,4488,1,0.3978744149208069,0.1514330506324768,0.27465373277664185,0.05963493511080742
C2,4489,1,0.462632417678833,0.1289805769920349,0.29580649733543396,0.04051648825407028
C2,4490,1,0.36398518085479736,0.08773624897003174,0.22586071491241455,0.017723161727190018
C2,4491,1,0.35201674699783325,0.30504703521728516,0.3285318911075592,0.015096723102033138
C2,4492,1,0.15254449844360352,0.3254665732383728,0.23900553584098816,0.01293390803039074
C2,4493,1,0.1454625129699707,0.1790609359741211,0.1622617244720459,0.024471625685691833
C2,4494,1,0.28691238164901733,0.28056877851486206,0.2837405800819397,0.018342701718211174
C2,4495,1,0.21370744705200195,0.4204450845718384,0.31707626581192017,0.015901487320661545
C2,4496,1,0.36025941371917725,0.4000400900840759,0.3801497519016266,0.012715186923742294
C2,4497,1,0.27340221405029297,0.5100147724151611,0.39170849323272705,0.01806940883398056
C2,4498,1,0.5849851369857788,0.4679487943649292,0.526466965675354,0.10883987694978714
C2,4499,1,0.22563409805297852,0.8023787885904312,0.5140064433217049,0.01914273202419281
C2,4500,1,0.3518720865249634,0.3057047724723816,0.3287884294986725,0.05264458432793617
C2,4501,1,0.5308192670345306,0.33611321449279785,0.43346624076366425,0.030810805037617683
C2,4502,1,0.5020556747913361,0.08734780550003052,0.2947017401456833,0.0338825061917305
C2,4503,1,0.3758363127708435,0.14606857299804688,0.2609524428844452,0.018447671085596085
C2,4504,1,0.35020047426223755,0.4531238079071045,0.401662141084671,0.03511296585202217
C2,4505,1,0.3493189811706543,0.5233704149723053,0.4363446980714798,0.02759711444377899
C2,4506,1,0.6809857487678528,0.21511465311050415,0.44805020093917847,0.03876249119639397
C2,4507,1,0.970919631421566,0.8358333110809326,0.9033764712512493,0.04611096903681755
C2,4508,1,0.7223465144634247,0.7372384667396545,0.7297924906015396,0.047613587230443954
C2,4509,1,0.413939893245697,0.5833008587360382,0.4986203759908676,0.041446369141340256
C2,4510,1,0.47741472721099854,0.8663646876811981,0.6718897074460983,0.023438939824700356
C2,4511,1,0.6312794983386993,0.4309156537055969,0.5310975760221481,0.02859583869576454
C2,4512,1,0.792174220085144,0.548454999923706,0.670314610004425,0.0551401749253273
C2,4513,1,0.890973649919033,0.31149619817733765,0.6012349240481853,0.06393512338399887
C2,4514,1,0.6319121718406677,0.2476533055305481,0.4397827386856079,0.04677525535225868
C2,4515,1,0.5751509070396423,0.2962431311607361,0.4356970191001892,0.03515390306711197
C2,4516,1,0.6117337644100189,0.2617623805999756,0.43674807250499725,0.028505612164735794
C2,4517,1,0.5104191899299622,0.48117369413375854,0.49579644203186035,0.02477632276713848
C2,4518,1,0.7196154296398163,0.3146623969078064,0.5171389132738113,0.030068598687648773
C2,4519,1,0.7433136701583862,0.4866042137145996,0.6149589419364929,0.026983585208654404
C2,4520,1,0.5297917723655701,0.3566533923149109,0.4432225823402405,0.010430886410176754
C2,4521,1,0.12908190488815308,0.16660720109939575,0.14784455299377441,0.03102436102926731
C2,4522,1,0.35876601934432983,0.23562562465667725,0.29719582200050354,0.0162801630795002
C2,4523,1,0.2345566749572754,0.12074685096740723,0.1776517629623413,0.012968030758202076
C2,4524,1,0.4259558916091919,0.264706015586853,0.34533095359802246,0.011406810022890568
C2,4525,1,0.2585899829864502,0.25550687313079834,0.25704842805862427,0.02526891976594925
C2,4526,1,0.1160704493522644,0.1477758288383484,0.1319231390953064,0.013370368629693985
C2,4527,1,0.37143486738204956,0.4981074333190918,0.4347711503505707,0.01754000037908554
C2,4528,1,0.37436574697494507,0.5427544713020325,0.45856010913848877,0.013641877099871635
C2,4529,1,0.2691672444343567,0.4282720685005188,0.34871965646743774,0.01933330111205578
C2,4530,1,0.3562026023864746,0.4357215166091919,0.39596205949783325,0.028622930869460106
C2,4531,1,0.4694034457206726,0.41949838399887085,0.44445091485977173,0.02327488176524639
C2,4532,1,0.20032143592834473,0.5848882496356964,0.39260484278202057,0.0339629240334034
C2,4533,1,0.3982526659965515,0.6843699514865875,0.5413113087415695,0.050101786851882935
C2,4534,1,0.6621806025505066,0.3548400402069092,0.5085103213787079,0.02599538303911686
C2,4535,1,0.5150682032108307,0.3984142541885376,0.45674122869968414,0.041892144829034805
C2,4536,1,0.6265725195407867,0.3959425091743469,0.5112575143575668,0.023958100005984306
C2,4537,1,0.5816731750965118,0.6424141824245453,0.6120436787605286,0.047568727284669876
C2,4538,1,0.24659878015518188,0.05578577518463135,0.15119227766990662,0.044189125299453735
C2,4539,1,0.684994637966156,0.5981451272964478,0.6415698826313019,0.05020599439740181
C2,4540,1,0.5769279301166534,0.5434430837631226,0.560185506939888,0.06215739622712135
C2,4541,1,0.6007783114910126,0.21563255786895752,0.40820543467998505,0.07557354867458344
C2,4542,1,0.3115917444229126,0.3628008961677551,0.33719632029533386,0.03975648805499077
C2,4543,1,0.5049759149551392,0.2589538097381592,0.38196486234664917,0.038329847157001495
C2,4544,1,0.205163836479187,0.33418428897857666,0.26967406272888184,0.05838239938020706
C2,4545,1,0.3431565761566162,0.3415300250053406,0.3423433005809784,0.06293658912181854
C2,4546,1,0.31046628952026367,0.1705385446548462,0.24050241708755493,0.056076012551784515
C2,4547,1,0.4467984437942505,0.1164247989654541,0.2816116213798523,0.058178700506687164
C2,4548,1,0.4199914336204529,0.06562548875808716,0.24280846118927002,0.033998552709817886
C2,4549,1,0.5094607770442963,0.060971617698669434,0.28521619737148285,0.0680963471531868
C2,4550,1,0.5015504956245422,0.06944078207015991,0.2854956388473511,0.03577754646539688
C2,4551,1,0.4459418058395386,0.09750109910964966,0.2717214524745941,0.03122815489768982
C2,4552,1,0.3260107636451721,0.7225139141082764,0.5242623388767242,0.03352751582860947
C2,4553,1,0.25698500871658325,0.6695307493209839,0.46325787901878357,0.02899307943880558
C2,4554,1,0.4321964979171753,0.2775828242301941,0.3548896610736847,0.053697917610406876
C2,4555,1,0.4375649094581604,0.2695721983909607,0.35356855392456055,0.035692084580659866
C2,4556,1,0.2555462121963501,0.2674078345298767,0.2614770233631134,0.05906805023550987
C2,4557,1,0.763782262802124,0.19777804613113403,0.48078015446662903,0.02999557927250862
C2,4558,1,0.4154323935508728,0.5143271088600159,0.46487975120544434,0.5185962319374084
C2,4559,1,0.5110315382480621,0.34695738554000854,0.42899446189403534,0.5282290577888489
C2,4560,1,0.5110315382480621,0.4045920968055725,0.4578118175268173,0.6537529230117798
C2,4561,1,0.19138330221176147,0.5557868480682373,0.3735850751399994,0.6552799344062805
C2,4562,1,0.19829946756362915,0.6417830586433411,0.4200412631034851,0.7499104142189026
C2,4563,1,0.35531216859817505,0.29241305589675903,0.32386261224746704,0.4377390146255493
C2,4564,1,0.2803918719291687,0.3595119118690491,0.3199518918991089,0.4506479501724243
C2,4565,1,0.29079025983810425,0.5594930052757263,0.4251416325569153,0.42655202746391296
C2,4566,1,0.40749120712280273,0.5634669363498688,0.48547907173633575,0.43463343381881714
C2,4567,1,0.2624495029449463,0.6473192870616913,0.4548843950033188,0.3318241834640503
C2,4568,1,0.3469341993331909,0.7294938266277313,0.5382140129804611,0.2755020558834076
C2,4569,1,0.40687084197998047,0.8481675684452057,0.6275192052125931,0.29862138628959656
C2,4570,1,0.38115155696868896,0.5334650576114655,0.4573083072900772,0.28801801800727844
C2,4571,1,0.568055659532547,0.5083394646644592,0.5381975620985031,0.26331478357315063
C2,4572,1,0.7191135585308075,0.8519327640533447,0.7855231612920761,0.22454923391342163
C2,4573,1,0.7566212266683578,0.59500452876091,0.6758128777146339,0.3467136025428772
C2,4574,1,0.43598413467407227,0.5918693542480469,0.5139267444610596,0.34452196955680847
C2,4575,1,0.7058237791061401,0.6859182119369507,0.6958709955215454,0.5293186902999878
C2,4576,1,0.7010290920734406,0.7776886075735092,0.7393588498234749,0.5582020282745361
C2,4577,1,0.7405834496021271,0.4912593960762024,0.6159214228391647,0.2303297072649002
C2,4578,1,0.7719382792711258,0.2936054468154907,0.5327718630433083,0.2265307605266571
C2,4579,1,0.6185662150382996,0.6428987085819244,0.630732461810112,0.26149237155914307
C2,4580,1,0.561112105846405,0.30925703048706055,0.4351845681667328,0.23516963422298431
C2,4581,1,0.4371829032897949,0.454109251499176,0.4456460773944855,0.24194031953811646
C2,4582,1,0.4371829032897949,0.5827063918113708,0.5099446475505829,0.3186235725879669
C2,4583,1,0.6136119961738586,0.2630029320716858,0.4383074641227722,0.3180476427078247
C2,4584,1,0.6789896786212921,0.3750467300415039,0.527018204331398,0.2054286003112793
C2,4585,1,0.6789896786212921,0.32304441928863525,0.5010170489549637,0.20275044441223145
C2,4586,1,0.43042314052581787,0.4669036269187927,0.4486633837223053,0.182330921292305
C2,4587,1,0.4322625994682312,0.12779730558395386,0.28002995252609253,0.24909479916095734
C2,4588,1,0.09931474924087524,0.13470149040222168,0.11700811982154846,0.39799073338508606
C2,4589,1,0.08100360631942749,0.3693193197250366,0.22516146302223206,0.1847498118877411
C2,4590,1,0.04134941101074219,0.3709832429885864,0.2061663269996643,0.29409855604171753
C2,4591,1,0.07302218675613403,0.3574683666229248,0.21524527668952942,0.2675130069255829
C2,4592,1,0.07302218675613403,0.3955824375152588,0.2343023121356964,0.2225676327943802
C2,4593,1,0.030850887298583984,0.10741198062896729,0.06913143396377563,0.15086176991462708
C2,4594,1,0.12972217798233032,0.1434558629989624,0.13658902049064636,0.16085144877433777
C2,4595,1,0.13200312852859497,0.29572415351867676,0.21386364102363586,0.19151881337165833
C2,4596,1,0.13719230890274048,0.33478349447250366,0.23598790168762207,0.2053246945142746
C2,4597,1,0.24047619104385376,0.11460888385772705,0.1775425374507904,0.24275314807891846
C2,4598,1,0.24047619104385376,0.5505536794662476,0.39551493525505066,0.23441126942634583
C2,4599,1,0.24047619104385376,0.10595524311065674,0.17321571707725525,0.23441126942634583
C2,4600,1,0.172343909740448,0.20501857995986938,0.1886812448501587,0.11628806591033936
C2,4601,1,0.172343909740448,0.3766798973083496,0.2745119035243988,0.10864143073558807
C2,4602,1,0.1274954080581665,0.34262144565582275,0.23505842685699463,0.07331282645463943
C2,4603,1,0.12527495622634888,0.36038392782211304,0.24282944202423096,0.14688362181186676
C2,4604,1,0.04303377866744995,0.3151125907897949,0.17907318472862244,0.19435761868953705
C2,4605,1,0.20324695110321045,0.1829654574394226,0.19310620427131653,0.08483543246984482
C2,4606,1,0.18614977598190308,0.22177237272262573,0.2039610743522644,0.06869885325431824
C2,4607,1,0.6693861484527588,0.14932632446289062,0.4093562364578247,0.15624107420444489
C2,4608,1,0.7160236537456512,0.4216204285621643,0.5688220411539078,0.06563350558280945
C2,4609,1,0.23424744606018066,0.44754064083099365,0.34089404344558716,0.021561143919825554
C2,4610,1,0.22813600301742554,0.5103260576725006,0.3692310303449631,0.05685305967926979
C2,4611,1,0.1651318073272705,0.27692049741744995,0.22102615237236023,0.18194346129894257
C2,4612,1,0.25537109375,0.3165360689163208,0.2859535813331604,0.04499804601073265
C2,4613,1,0.04216814041137695,0.5987514853477478,0.3204598128795624,0.04568679258227348
C2,4614,1,0.1752704381942749,0.3975316286087036,0.28640103340148926,0.055047787725925446
C2,4615,1,0.10573852062225342,0.21105599403381348,0.15839725732803345,0.060743898153305054
C2,4616,1,0.10542839765548706,0.2614721655845642,0.18345028162002563,0.039649900048971176
C2,4617,1,0.4707511067390442,0.2238796353340149,0.34731537103652954,0.042927615344524384
C2,4618,1,0.12470769882202148,0.21824949979782104,0.17147859930992126,0.03393932804465294
C2,4619,1,0.12470769882202148,0.19351017475128174,0.1591089367866516,0.03351825848221779
C2,4620,1,0.3639402389526367,0.33123981952667236,0.34759002923965454,0.038250479847192764
C2,4621,1,0.3639402389526367,0.10632824897766113,0.23513424396514893,0.03507480397820473
C2,4622,1,0.41406452655792236,0.1288202404975891,0.27144238352775574,0.028371335938572884
C2,4623,1,0.2856934666633606,0.16998916864395142,0.227841317653656,0.039225153625011444
C2,4624,1,0.5187134444713593,0.27088016271591187,0.39479680359363556,0.019563255831599236
C2,4625,1,0.5470795631408691,0.25731945037841797,0.40219950675964355,0.03449553996324539
C2,4626,1,0.37258630990982056,0.3878514766693115,0.38021889328956604,0.04146996885538101
C2,4627,1,0.3412157893180847,0.2745952606201172,0.30790552496910095,0.04657064005732536
C2,4628,1,0.5337870419025421,0.48868340253829956,0.5112352222204208,0.01878131739795208
C2,4629,1,0.4307934045791626,0.35151976346969604,0.3911565840244293,0.013187392614781857
C2,4630,1,0.4229583740234375,0.6774323880672455,0.5501953810453415,0.013403009623289108
C2,4631,1,0.5298095345497131,0.6664295494556427,0.5981195420026779,0.015361374244093895
C2,4632,1,0.5978657901287079,0.6124363541603088,0.6051510721445084,0.015842685475945473
C2,4633,1,0.5277738571166992,0.24543225765228271,0.38660305738449097,0.007068950682878494
C2,4634,1,0.3990718126296997,0.11968773603439331,0.2593797743320465,0.020499300211668015
C2,4635,1,0.3441438674926758,0.1501513123512268,0.2471475899219513,0.05709385126829147
C2,4636,1,0.22678297758102417,0.24814575910568237,0.23746436834335327,0.07208815217018127
C2,4637,1,0.11506962776184082,0.2907133102416992,0.20289146900177002,0.038471926003694534
C2,4638,1,0.17337924242019653,0.25158119201660156,0.21248021721839905,0.04437882825732231
C2,4639,1,0.17751598358154297,0.23204928636550903,0.204782634973526,0.044505469501018524
C2,4640,1,0.4353407621383667,0.5815865099430084,0.5084636360406876,0.020894348621368408
C2,4641,1,0.4353407621383667,0.35131579637527466,0.3933282792568207,0.02759019285440445
C2,4642,1,0.25183606147766113,0.47982245683670044,0.3658292591571808,0.04929015412926674
C2,4643,1,0.7670778781175613,0.4551507234573364,0.6111143007874489,0.02319882996380329
C2,4644,1,0.697193831205368,0.4948939085006714,0.5960438698530197,0.023573366925120354
C2,4645,1,0.23151922225952148,0.3925551772117615,0.3120371997356415,0.012954938225448132
C2,4646,1,0.30108410120010376,0.2956525683403015,0.29836833477020264,0.01401391252875328
C2,4647,1,0.5011819005012512,0.2514336109161377,0.37630775570869446,0.011841950006783009
C2,4648,1,0.33394038677215576,0.2724650502204895,0.30320271849632263,0.020048346370458603
C2,4649,1,0.43325942754745483,0.18310117721557617,0.3081803023815155,0.019221849739551544
C2,4650,1,0.38792532682418823,0.18310117721557617,0.2855132520198822,0.020886791869997978
C2,4651,1,0.6602147817611694,0.17386317253112793,0.4170389771461487,0.03002878464758396
C2,4652,1,0.3737889528274536,0.22302180528640747,0.29840537905693054,0.02223299816250801
C2,4653,1,0.7474029362201691,0.2908281683921814,0.5191155523061752,0.03318166732788086
C2,4654,1,0.35628819465637207,0.21193021535873413,0.2841092050075531,0.030019037425518036
C2,4655,1,0.4299289584159851,0.5563727617263794,0.49315086007118225,0.024446504190564156
C2,4656,1,0.21636027097702026,0.5024553835391998,0.35940782725811005,0.019947979599237442
C2,4657,1,0.5907421112060547,0.30375754833221436,0.4472498297691345,0.027021460235118866
C2,4658,1,0.35272806882858276,0.2695057988166809,0.31111693382263184,0.02746797725558281
C2,4659,1,0.2581945061683655,0.2670983672142029,0.2626464366912842,0.018826663494110107
C2,4660,1,0.4681354761123657,0.2757672667503357,0.3719513714313507,0.010552708990871906
C2,4661,1,0.5310448408126831,0.2724687457084656,0.40175679326057434,0.011287898756563663
C2,4662,1,0.5588089525699615,0.2724687457084656,0.41563884913921356,0.010661308653652668
C2,4663,1,0.6223658323287964,0.2724687457084656,0.447417289018631,0.011913759633898735
C2,4664,1,0.7336300015449524,0.25136005878448486,0.49249503016471863,0.01620829850435257
C2,4665,1,0.5927720963954926,0.24033862352371216,0.41655535995960236,0.016568008810281754
C2,4666,1,0.7176967263221741,0.4447712302207947,0.5812339782714844,0.017604604363441467
C2,4667,1,0.5577707290649414,0.4163910746574402,0.4870809018611908,0.007334024645388126
C2,4668,1,0.3670826554298401,0.5676903128623962,0.46738648414611816,0.010710463859140873
C2,4669,1,0.3498653769493103,0.49291396141052246,0.4213896691799164,0.03234456479549408
C2,4670,1,0.5395613610744476,0.36883026361465454,0.4541958123445511,0.018688516691327095
C2,4671,1,0.7056635320186615,0.4428635239601135,0.5742635279893875,0.02338258922100067
C2,4672,1,0.26943671703338623,0.209281325340271,0.2393590211868286,0.01638832874596119
C2,4673,1,0.37219059467315674,0.209281325340271,0.29073596000671387,0.015473226085305214
C2,4674,1,0.4697332978248596,0.14489030838012695,0.3073118031024933,0.021908272057771683
C2,4675,1,0.3198087811470032,0.1595844030380249,0.23969659209251404,0.020614653825759888
C2,4676,1,0.33744776248931885,0.1994343400001526,0.2684410512447357,0.017454616725444794
C2,4677,1,0.238925039768219,0.43398886919021606,0.33645695447921753,0.1281316876411438
C2,4678,1,0.2347467541694641,0.43398886919021606,0.3343678116798401,0.12966690957546234
C2,4679,1,0.2347467541694641,0.4809592366218567,0.3578529953956604,0.06941363960504532
C2,4680,1,0.3395761251449585,0.2619919180870056,0.30078402161598206,0.07664894312620163
C2,4681,1,0.34003323316574097,0.38814473152160645,0.3640889823436737,0.12467741966247559
C2,4682,1,0.38030946254730225,0.35547327995300293,0.3678913712501526,0.13635113835334778
C2,4683,1,0.47189122438430786,0.20962464809417725,0.34075793623924255,0.06343431770801544
C2,4684,1,0.43370282649993896,0.2729288935661316,0.3533158600330353,0.06807175278663635
C2,4685,1,0.3468756675720215,0.5201760828495026,0.433525875210762,0.06807175278663635
C2,4686,1,0.3468756675720215,0.5927978754043579,0.4698367714881897,0.06427398324012756
C2,4687,1,0.46220338344573975,0.5218757390975952,0.4920395612716675,0.06773378700017929
C2,4688,1,0.30149656534194946,0.5218757390975952,0.41168615221977234,0.07589413225650787
C2,4689,1,0.46266770362854004,0.5215276479721069,0.4920976758003235,0.07626079022884369
C2,4690,1,0.4525153636932373,0.49802839756011963,0.47527188062667847,0.14062702655792236
C2,4691,1,0.4777427911758423,0.4286397099494934,0.45319125056266785,0.11130193620920181
C2,4692,1,0.11958152055740356,0.44265276193618774,0.28111714124679565,0.12551036477088928
C2,4693,1,0.1695205569267273,0.6129036545753479,0.3912121057510376,0.2684851586818695
C2,4694,1,0.1940595507621765,0.6290949881076813,0.4115772694349289,0.200044184923172
C2,4695,1,0.1940595507621765,0.6290949881076813,0.4115772694349289,0.1746051162481308
C2,4696,1,0.15180104970932007,0.6606155335903168,0.4062082916498184,0.1903282105922699
C2,4697,1,0.13518428802490234,0.6598284840583801,0.39750638604164124,0.19505013525485992
C2,4698,1,0.13518428802490234,0.5523785948753357,0.343781441450119,0.1785048246383667
C2,4699,1,0.13518428802490234,0.5607710480690002,0.3479776680469513,0.1013215184211731
C2,4700,1,0.1181597113609314,0.5684334337711334,0.3432965725660324,0.12528903782367706
C2,4701,1,0.21894705295562744,0.5113643109798431,0.3651556819677353,0.12231341004371643
C2,4702,1,0.33554399013519287,0.5784569978713989,0.4570004940032959,0.14077168703079224
C2,4703,1,0.29502302408218384,0.3272557854652405,0.31113940477371216,0.144747793674469
C2,4704,1,0.28961408138275146,0.35426002740859985,0.32193705439567566,0.09201742708683014
C2,4705,1,0.2946469783782959,0.5487185120582581,0.421682745218277,0.09606078267097473
C2,4706,1,0.28580141067504883,0.26288163661956787,0.27434152364730835,0.0962659940123558
C2,4707,1,0.32551801204681396,0.4924648404121399,0.40899142622947693,0.09015203267335892
C2,4708,1,0.35105979442596436,0.6352977156639099,0.49317875504493713,0.07803266495466232
C2,4709,1,0.28443872928619385,0.47278302907943726,0.37861087918281555,0.10109248012304306
C2,4710,1,0.28037357330322266,0.5007702708244324,0.3905719220638275,0.14040617644786835
C2,4711,1,0.35468989610671997,0.6018439531326294,0.4782669246196747,0.10192345827817917
C2,4712,1,0.49826520681381226,0.483742356300354,0.49100378155708313,0.07176174223423004
C2,4713,1,0.45880329608917236,0.41505247354507446,0.4369278848171234,0.08522441238164902
C2,4714,1,0.3871001601219177,0.4169081449508667,0.4020041525363922,0.10394947975873947
C2,4715,1,0.3871001601219177,0.4827911853790283,0.434945672750473,0.0675925761461258
C2,4716,1,0.48996031284332275,0.41747260093688965,0.4537164568901062,0.05132945999503136
C2,4717,1,0.2488834261894226,0.5944018661975861,0.42164264619350433,0.05441842973232269
C2,4718,1,0.21575897932052612,0.4505935311317444,0.33317625522613525,0.05057235062122345
C2,4719,1,0.21575897932052612,0.2443753480911255,0.2300671637058258,0.04456382244825363
C2,4720,1,0.544979453086853,0.33755409717559814,0.4412667751312256,0.039536114782094955
C2,4721,1,0.4873027205467224,0.24182015657424927,0.36456143856048584,0.04881836473941803
C2,4722,1,0.5965524315834045,0.2052067518234253,0.4008795917034149,0.026454148814082146
C2,4723,1,0.5965524315834045,0.28482794761657715,0.44069018959999084,0.023187527433037758
C2,4724,1,0.554381400346756,0.15199172496795654,0.35318656265735626,0.012957068160176277
C2,4725,1,0.6723257303237915,0.15853983163833618,0.41543278098106384,0.016863323748111725
C2,4726,1,0.6124182045459747,0.3785979151725769,0.4955080598592758,0.018977263942360878
C2,4727,1,0.3864971995353699,0.39720219373703003,0.39184969663619995,0.014225882478058338
C2,4728,1,0.42415177822113037,0.3600192666053772,0.3920855224132538,0.01564125530421734
C2,4729,1,0.4280397295951843,0.20351845026016235,0.31577908992767334,0.01564125530421734
C2,4730,1,0.3123090863227844,0.21852684020996094,0.2654179632663727,0.019495485350489616
C2,4731,1,0.22227466106414795,0.15356308221817017,0.18791887164115906,0.021043553948402405
C2,4732,1,0.2969719171524048,0.2811025381088257,0.28903722763061523,0.02201579138636589
C2,4733,1,0.2969719171524048,0.22298002243041992,0.25997596979141235,0.024752479046583176
C2,4734,1,0.6473218500614166,0.17855697870254517,0.4129394143819809,0.029214927926659584
C2,4735,1,0.2969719171524048,0.16867369413375854,0.23282280564308167,0.02593042515218258
C2,4736,1,0.6511656045913696,0.11162924766540527,0.38139742612838745,0.025741903111338615
C2,4737,1,0.17661380767822266,0.2004314661026001,0.18852263689041138,0.05772939324378967
C2,4738,1,0.1329706311225891,0.13993394374847412,0.13645228743553162,0.045746996998786926
C2,4739,1,0.1329706311225891,0.21261799335479736,0.17279431223869324,0.046287901699543
C2,4740,1,0.12575280666351318,0.22833657264709473,0.17704468965530396,0.04929523542523384
C2,4741,1,0.13658344745635986,0.17929339408874512,0.1579384207725525,0.08122077584266663
C2,4742,1,0.17005383968353271,0.18266981840133667,0.1763618290424347,0.11932849138975143
C2,4743,1,0.19748806953430176,0.21953362226486206,0.2085108458995819,0.08122077584266663
C2,4744,1,0.16522157192230225,0.24193847179412842,0.20358002185821533,0.05540616810321808
C2,4745,1,0.19952893257141113,0.19109171628952026,0.1953103244304657,0.04801235347986221
C2,4746,1,0.24521929025650024,0.13626980781555176,0.190744549036026,0.04825110360980034
C2,4747,1,0.4985136389732361,0.04424631595611572,0.2713799774646759,0.16090495884418488
C2,4748,1,0.560843288898468,0.08231693506240845,0.32158011198043823,0.11452685296535492
C2,4749,1,0.618247926235199,0.05669015645980835,0.33746904134750366,0.10385819524526596
C2,4750,1,0.621990829706192,0.3014466166496277,0.46171872317790985,0.10771751403808594
C2,4751,1,0.5601576566696167,0.40312033891677856,0.48163899779319763,0.0755910575389862
C2,4752,1,0.3860165476799011,0.18185430765151978,0.28393542766571045,0.08909253776073456
C2,4753,1,0.5031301379203796,0.28634750843048096,0.3947388231754303,0.08447442948818207
C2,4754,1,0.3449128270149231,0.13270717859268188,0.2388100028038025,0.09707250446081161
C2,4755,1,0.5185028910636902,0.18749874830245972,0.35300081968307495,0.09668099135160446
C2,4756,1,0.2734048366546631,0.07516598701477051,0.1742854118347168,0.07716896384954453
C2,4757,1,0.2734048366546631,0.12286728620529175,0.19813606142997742,0.049975503236055374
C2,4758,1,0.29746758937835693,0.2240060567855835,0.2607368230819702,0.04918878525495529
C2,4759,1,0.2941123843193054,0.1276150941848755,0.21086373925209045,0.047632671892642975
C2,4760,1,0.5747554004192352,0.08639019727706909,0.33057279884815216,0.04888150840997696
C2,4761,1,0.5404337346553802,0.04138684272766113,0.2909102886915207,0.07320094108581543
C2,4762,1,0.5415126085281372,0.035578012466430664,0.28854531049728394,0.05428475886583328
C2,4763,1,0.5327725112438202,0.04404526948928833,0.28840889036655426,0.06010423228144646
C2,4764,1,0.4255205988883972,0.08709818124771118,0.2563093900680542,0.05433754622936249
C2,4765,1,0.415682315826416,0.1782381534576416,0.2969602346420288,0.04691868647933006
C2,4766,1,0.4813292622566223,0.1782381534576416,0.32978370785713196,0.08039674907922745
C2,4767,1,0.5627880692481995,0.1252840757369995,0.3440360724925995,0.046162769198417664
C2,4768,1,0.5047277808189392,0.6204517781734467,0.5625897794961929,0.07506147772073746
C2,4769,1,0.3415382504463196,0.5878282785415649,0.46468326449394226,0.10363010317087173
C2,4770,1,0.6090862154960632,0.6535203456878662,0.6313032805919647,0.08251068741083145
C2,4771,1,0.5705890953540802,0.36772704124450684,0.4691580682992935,0.02970125712454319
C2,4772,1,0.48830467462539673,0.43564367294311523,0.461974173784256,0.024594783782958984
C2,4773,1,0.34456634521484375,0.3350098133087158,0.3397880792617798,0.02583308331668377
C2,4774,1,0.34456634521484375,0.32826560735702515,0.33641597628593445,0.02583308331668377
C2,4775,1,0.279380738735199,0.3091524839401245,0.29426661133766174,0.03384893015027046
C2,4776,1,0.33295196294784546,0.19646376371383667,0.26470786333084106,0.01684236340224743
C2,4777,1,0.244831383228302,0.14602535963058472,0.19542837142944336,0.030184699222445488
C2,4778,1,0.24966710805892944,0.16322463750839233,0.2064458727836609,0.030184699222445488
C2,4779,1,0.3835304379463196,0.5389208197593689,0.46122562885284424,0.03283446654677391
C2,4780,1,0.3371330499649048,0.38563162088394165,0.3613823354244232,0.04235810786485672
C2,4781,1,0.3371330499649048,0.3871540427207947,0.36214354634284973,0.03619016334414482
C2,4782,1,0.3600066900253296,0.1578141450881958,0.2589104175567627,0.03862530738115311
C2,4783,1,0.44256919622421265,0.10151338577270508,0.27204129099845886,0.05643858760595322
C2,4784,1,0.4249808192253113,0.11325401067733765,0.26911741495132446,0.025306183844804764
C2,4785,1,0.4941595196723938,0.11246508359909058,0.3033123016357422,0.036950692534446716
C2,4786,1,0.5999140441417694,0.5408180356025696,0.5703660398721695,0.0398799367249012
C2,4787,1,0.5999140441417694,0.39118850231170654,0.495551273226738,0.02755592204630375
C2,4788,1,0.5698404610157013,0.11247044801712036,0.3411554545164108,0.027563022449612617
C2,4789,1,0.43123894929885864,0.485795259475708,0.4585171043872833,0.034402526915073395
C2,4790,1,0.4918825030326843,0.485795259475708,0.48883888125419617,0.03743144869804382
C2,4791,1,0.4667433500289917,0.13740110397338867,0.3020722270011902,0.04026113077998161
C2,4792,1,0.3275260925292969,0.23541861772537231,0.2814723551273346,0.028183819726109505
C2,4793,1,0.2791249752044678,0.3189435601234436,0.2990342676639557,0.021724069491028786
C2,4794,1,0.26750409603118896,0.38668757677078247,0.3270958364009857,0.022934023290872574
C2,4795,1,0.38826990127563477,0.4697553515434265,0.42901262640953064,0.024466289207339287
C2,4796,1,0.41786646842956543,0.3807303309440613,0.39929839968681335,0.02116338163614273
C2,4797,1,0.6283652186393738,0.2296249270439148,0.4289950728416443,0.11321888118982315
C2,4798,1,0.7106368243694305,0.2664349675178528,0.48853589594364166,0.07937212288379669
C2,4799,1,0.7106368243694305,0.24354565143585205,0.4770912379026413,0.07348369807004929
C2,4800,1,0.6187971532344818,0.24334323406219482,0.4310701936483383,0.07171166688203812
C2,4801,1,0.7256607413291931,0.12064749002456665,0.4231541156768799,0.049408432096242905
C2,4802,1,0.6696093082427979,0.02912294864654541,0.34936612844467163,0.05729592964053154
C2,4803,1,0.6696093082427979,0.13085269927978516,0.4002310037612915,0.08586262166500092
C2,4804,1,0.3645825982093811,0.16085690259933472,0.2627197504043579,0.10756383836269379
C2,4805,1,0.2869047522544861,0.16085690259933472,0.2238808274269104,0.149710014462471
C2,4806,1,0.24784314632415771,0.3005000352859497,0.2741715908050537,0.05028467997908592
C2,4807,1,0.2558487057685852,0.31118297576904297,0.2835158407688141,0.045017849653959274
C2,4808,1,0.3113306164741516,0.30180150270462036,0.306566059589386,0.05351516231894493
C2,4809,1,0.37741518020629883,0.4936314821243286,0.4355233311653137,0.03436414897441864
C2,4810,1,0.22055655717849731,0.2693427801132202,0.24494966864585876,0.03694401681423187
C2,4811,1,0.19316166639328003,0.4371523857116699,0.315157026052475,0.19306717813014984
C2,4812,1,0.3865130543708801,0.17513078451156616,0.28082191944122314,0.09430988132953644
C2,4813,1,0.37169015407562256,0.05349987745285034,0.21259501576423645,0.06650182604789734
C2,4814,1,0.25575441122055054,0.14894258975982666,0.2023485004901886,0.09009033441543579
C2,4815,1,0.5699106454849243,0.18766480684280396,0.37878772616386414,0.05141894146800041
C2,4816,1,0.5196522772312164,0.26699918508529663,0.39332573115825653,0.08274829387664795
C2,4817,1,0.5196522772312164,0.15307819843292236,0.3363652378320694,0.07995457947254181
C2,4818,1,0.38324522972106934,0.347716748714447,0.3654809892177582,0.11492488533258438
C2,4819,1,0.3417320251464844,0.08810931444168091,0.21492066979408264,0.11292389035224915
C2,4820,1,0.7580138742923737,0.08810931444168091,0.4230615943670273,0.10588982701301575
C2,4821,1,0.33428096771240234,0.2443944215774536,0.289337694644928,0.08501706272363663
C2,4822,1,0.2995857000350952,0.40567547082901,0.3526305854320526,0.08501706272363663
C2,4823,1,0.2048768401145935,0.31759536266326904,0.2612361013889313,0.09848413616418839
C2,4824,1,0.3498954772949219,0.5168623924255371,0.4333789348602295,0.04712185263633728
C2,4825,1,0.27910107374191284,0.29317784309387207,0.28613945841789246,0.025513743981719017
C2,4826,1,0.3013641834259033,0.21419692039489746,0.2577805519104004,0.03219582512974739
C2,4827,1,0.3026195168495178,0.3853488564491272,0.3439841866493225,0.03355792909860611
C2,4828,1,0.4503922462463379,0.11229848861694336,0.2813453674316406,0.05155441164970398
C2,4829,1,0.350475013256073,0.10783731937408447,0.22915616631507874,0.05155441164970398
C2,4830,1,0.43222492933273315,0.11042994260787964,0.2713274359703064,0.03412790596485138
C2,4831,1,0.43222492933273315,0.104220449924469,0.2682226896286011,0.03408673405647278
C2,4832,1,0.3398311734199524,0.14339321851730347,0.24161219596862793,0.04162628576159477
C2,4833,1,0.3398311734199524,0.2625824809074402,0.3012068271636963,0.048837918788194656
C2,4834,1,0.3919106721878052,0.2625824809074402,0.3272465765476227,0.048837918788194656
C2,4835,1,0.3398311734199524,0.2625824809074402,0.3012068271636963,0.05979831516742706
C2,4836,1,0.3398311734199524,0.31033748388290405,0.3250843286514282,0.02892603911459446
C2,4837,1,0.3588617444038391,0.31033748388290405,0.3345996141433716,0.038192473351955414
C2,4838,1,0.3352787494659424,0.31033748388290405,0.3228081166744232,0.042613159865140915
C2,4839,1,0.3651856780052185,0.34248626232147217,0.35383597016334534,0.046104323118925095
C2,4840,1,0.27308446168899536,0.3577606678009033,0.31542256474494934,0.051432471722364426
C2,4841,1,0.27308446168899536,0.3577606678009033,0.31542256474494934,0.051432471722364426
C2,4842,1,0.6338907778263092,0.16146385669708252,0.39767731726169586,0.03762891888618469
C2,4843,1,0.4856247901916504,0.300956130027771,0.3932904601097107,0.037526994943618774
C2,4844,1,0.3878340721130371,0.300956130027771,0.34439510107040405,0.03428077697753906
C2,4845,1,0.3502485156059265,0.4346435070037842,0.39244601130485535,0.031486596912145615
C2,4846,1,0.32300782203674316,0.4645915627479553,0.39379969239234924,0.028082026168704033
C2,4847,1,0.33832675218582153,0.2871195077896118,0.3127231299877167,0.02911495789885521
C2,4848,1,0.3996155261993408,0.4948572516441345,0.44723638892173767,0.04790893569588661
C2,4849,1,0.33832675218582153,0.49445587396621704,0.4163913130760193,0.04790893569588661
C2,4850,1,0.42884546518325806,0.2426372766494751,0.3357413709163666,0.08167650550603867
C2,4851,1,0.30317258834838867,0.4587981700897217,0.3809853792190552,0.021135825663805008
C2,4852,1,0.2797645330429077,0.2576613426208496,0.26871293783187866,0.07403537631034851
C2,4853,1,0.32333022356033325,0.5008794069290161,0.4121048152446747,0.01932128146290779
C2,4854,1,0.32333022356033325,0.3862496614456177,0.35478994250297546,0.01932128146290779
C2,4855,1,0.4748399257659912,0.16646480560302734,0.3206523656845093,0.015024237334728241
C2,4856,1,0.5618723332881927,0.11586827039718628,0.3388703018426895,0.01593261957168579
C2,4857,1,0.6678047180175781,0.4271238446235657,0.5474642813205719,0.2988172769546509
C2,4858,1,0.6888112127780914,0.3570861220359802,0.5229486674070358,0.2524941861629486
C2,4859,1,0.6888112127780914,0.3723982572555542,0.5306047350168228,0.24492818117141724
C2,4860,1,0.6781612038612366,0.5215629041194916,0.5998620539903641,0.2642570734024048
C2,4861,1,0.5609269142150879,0.6358989179134369,0.5984129160642624,0.24272309243679047
C2,4862,1,0.5558203160762787,0.27288204431533813,0.4143511801958084,0.24833561480045319
C2,4863,1,0.5558203160762787,0.39407849311828613,0.4749494045972824,0.3964500427246094
C2,4864,1,0.5372704267501831,0.39407849311828613,0.4656744599342346,0.3099210560321808
C2,4865,1,0.7137772142887115,0.3615054488182068,0.5376413315534592,0.18908464908599854
C2,4866,1,0.7846332043409348,0.32057833671569824,0.5526057705283165,0.3092978298664093
C2,4867,1,0.29379183053970337,0.44535285234451294,0.36957234144210815,0.18564961850643158
C2,4868,1,0.4703207015991211,0.21091097593307495,0.340615838766098,0.18686488270759583
C2,4869,1,0.3041597008705139,0.12011194229125977,0.21213582158088684,0.13528387248516083
C2,4870,1,0.23780953884124756,0.08663672208786011,0.16222313046455383,0.059678755700588226
C2,4871,1,0.17521750926971436,0.2013269066810608,0.18827220797538757,0.07145150750875473
C2,4872,1,0.14985179901123047,0.335898756980896,0.24287527799606323,0.05541114881634712
C2,4873,1,0.753067821264267,0.2998166084289551,0.526442214846611,0.05078762024641037
C2,4874,1,0.40936028957366943,0.19949162006378174,0.3044259548187256,0.03970476612448692
C2,4875,1,0.15757471323013306,0.12623953819274902,0.14190712571144104,0.06967446953058243
C2,4876,1,0.43769359588623047,0.1960768699645996,0.31688523292541504,0.05749725177884102
C2,4877,1,0.41432327032089233,0.37482762336730957,0.39457544684410095,0.029517872259020805
C2,4878,1,0.4093066453933716,0.5452358722686768,0.47727125883102417,0.05566738545894623
C2,4879,1,0.4169278144836426,0.3047677278518677,0.3608477711677551,0.031102843582630157
C2,4880,1,0.5482509732246399,0.197071373462677,0.37266117334365845,0.009357706643640995
C2,4881,1,0.2690238356590271,0.15393459796905518,0.21147921681404114,0.0359116792678833
C2,4882,1,0.36011141538619995,0.15715593099594116,0.25863367319107056,0.03698242828249931
C2,4883,1,0.3928511142730713,0.2618039846420288,0.32732754945755005,0.011396597139537334
C2,4884,1,0.2890809178352356,0.4132051467895508,0.3511430323123932,0.014563918113708496
C2,4885,1,0.4565664529800415,0.3858799934387207,0.4212232232093811,0.015574074350297451
C2,4886,1,0.37941426038742065,0.24394428730010986,0.31167927384376526,0.043421994894742966
C2,4887,1,0.2696274518966675,0.225072979927063,0.24735021591186523,0.0056888386607170105
C2,4888,1,0.2094135284423828,0.5265793800354004,0.3679964542388916,0.009416311047971249
C2,4889,1,0.6036643087863922,0.391839861869812,0.4977520853281021,0.012000746093690395
C2,4890,1,0.144087553024292,0.43955737352371216,0.2918224632740021,0.0046542794443666935
C2,4891,1,0.3254874348640442,0.3283120393753052,0.3268997371196747,0.009390111081302166
C2,4892,1,0.5291028618812561,0.30281490087509155,0.41595888137817383,0.023346057161688805
C2,4893,1,0.22698289155960083,0.36742913722991943,0.29720601439476013,0.009935480542480946
C2,4894,1,0.7855138629674911,0.31992417573928833,0.5527190193533897,0.014872265979647636
C2,4895,1,0.33416688442230225,0.38379621505737305,0.35898154973983765,0.010079405270516872
C2,4896,1,0.37041914463043213,0.38379621505737305,0.3771076798439026,0.011825250461697578
C2,4897,1,0.39553576707839966,0.3107132911682129,0.3531245291233063,0.012294202111661434
C2,4898,1,0.5788741111755371,0.3107132911682129,0.444793701171875,0.009911924600601196
C2,4899,1,0.3372107744216919,0.4308410882949829,0.3840259313583374,0.010712197050452232
C2,4900,1,0.46250098943710327,0.07514548301696777,0.2688232362270355,0.01142839714884758
C2,4901,1,0.4166950583457947,0.313068687915802,0.36488187313079834,0.015480687841773033
C2,4902,1,0.11403554677963257,0.48405271768569946,0.299044132232666,0.013367367908358574
C2,4903,1,0.6777036190032959,0.11176800727844238,0.39473581314086914,0.014356935396790504
C2,4904,1,0.20189428329467773,0.1856507658958435,0.19377252459526062,0.025365913286805153
C2,4905,1,0.3784843683242798,0.4057692885398865,0.39212682843208313,0.008441267535090446
C2,4906,1,0.176996111869812,0.23467040061950684,0.20583325624465942,0.011716529726982117
C2,4907,1,0.16303491592407227,0.23467040061950684,0.19885265827178955,0.007998399436473846
C2,4908,1,0.665747344493866,0.15791577100753784,0.4118315577507019,0.00938793271780014
C2,4909,1,0.4862061142921448,0.429573118686676,0.4578896164894104,0.009325616993010044
C2,4910,1,0.4273945689201355,0.5677146017551422,0.49755458533763885,0.008787590079009533
C2,4911,1,0.5033181309700012,0.17160671949386597,0.3374624252319336,0.013593980111181736
C2,4912,1,0.34130847454071045,0.15597712993621826,0.24864280223846436,0.011716186068952084
C2,4913,1,0.24781370162963867,0.11284410953521729,0.18032890558242798,0.023206887766718864
C2,4914,1,0.40636783838272095,0.3267586827278137,0.36656326055526733,0.025306472554802895
C2,4915,1,0.17367279529571533,0.46251732110977173,0.31809505820274353,0.021204449236392975
C2,4916,1,0.06158280372619629,0.5541109442710876,0.30784687399864197,0.014913156628608704
C2,4917,1,0.16268372535705566,0.18203485012054443,0.17235928773880005,0.4023802578449249
C2,4918,1,0.14627432823181152,0.5474551618099213,0.3468647450208664,0.32227110862731934
C2,4919,1,0.10810452699661255,0.6240330934524536,0.3660688102245331,0.23742002248764038
C2,4920,1,0.15139734745025635,0.548657089471817,0.3500272184610367,0.1531064659357071
C2,4921,1,0.5708980858325958,0.5005509853363037,0.5357245355844498,0.17686574161052704
C2,4922,1,0.4170747399330139,0.6710899770259857,0.5440823584794998,0.1268078088760376
C2,4923,1,0.3274685740470886,0.6733837723731995,0.500426173210144,0.12681801617145538
C2,4924,1,0.3059385418891907,0.336367130279541,0.32115283608436584,0.1333804428577423
C2,4925,1,0.24381119012832642,0.4846876859664917,0.36424943804740906,0.13875222206115723
C2,4926,1,0.1827220916748047,0.4846876859664917,0.3337048888206482,0.13875222206115723
C2,4927,1,0.34046900272369385,0.4846876859664917,0.4125783443450928,0.10158412903547287
C2,4928,1,0.34046900272369385,0.435870885848999,0.38816994428634644,0.1504930555820465
C2,4929,1,0.29070693254470825,0.435870885848999,0.36328890919685364,0.11740776151418686
C2,4930,1,0.28618961572647095,0.435870885848999,0.361030250787735,0.10473097860813141
C2,4931,1,0.28486156463623047,0.5754598379135132,0.4301607012748718,0.049915898591279984
C2,4932,1,0.2890968918800354,0.45629405975341797,0.3726954758167267,0.06431471556425095
C2,4933,1,0.2473769187927246,0.45815008878707886,0.35276350378990173,0.07458905130624771
C2,4934,1,0.24411892890930176,0.45815008878707886,0.3511345088481903,0.06775624305009842
C2,4935,1,0.14683634042739868,0.55299112200737,0.34991373121738434,0.06823506951332092
C2,4936,1,0.22651809453964233,0.5706404149532318,0.3985792547464371,0.07671615481376648
C2,4937,1,0.21678376197814941,0.2765818238258362,0.2466827929019928,0.07233472913503647
C2,4938,1,0.22435319423675537,0.236397385597229,0.2303752899169922,0.11374181509017944
C2,4939,1,0.275507390499115,0.2770296335220337,0.27626851201057434,0.039003610610961914
C2,4940,1,0.12845587730407715,0.6097031533718109,0.36907951533794403,0.028511736541986465
C2,4941,1,0.09628492593765259,0.4232662320137024,0.2597755789756775,0.05860483646392822
C2,4942,1,0.15059328079223633,0.5417932569980621,0.34619326889514923,0.04101000726222992
C2,4943,1,0.2963792085647583,0.6061002016067505,0.4512397050857544,0.05516141280531883
C2,4944,1,0.43535876274108887,0.4716438055038452,0.45350128412246704,0.056050561368465424
C2,4945,1,0.3256235122680664,0.5936250388622284,0.4596242755651474,0.02111308090388775
C2,4946,1,0.6324390769004822,0.4460254907608032,0.5392322838306427,0.04164586588740349
C2,4947,1,0.5379102230072021,0.5752544701099396,0.5565823465585709,0.03439163416624069
C2,4948,1,0.22973352670669556,0.5324592292308807,0.38109637796878815,0.040189750492572784
C2,4949,1,0.6064844727516174,0.36043572425842285,0.48346009850502014,0.06298257410526276
C2,4950,1,0.7791594713926315,0.23373907804489136,0.5064492747187614,0.09513387084007263
C2,4951,1,0.5741398930549622,0.14689022302627563,0.3605150580406189,0.015604201704263687
C2,4952,1,0.39302825927734375,0.7057107985019684,0.5493695288896561,0.07851500809192657
C2,4953,1,0.3949834704399109,0.48636186122894287,0.4406726658344269,0.15699326992034912
C2,4954,1,0.4504457116127014,0.5190954804420471,0.48477059602737427,0.26625409722328186
C2,4955,1,0.21257710456848145,0.8118572533130646,0.512217178940773,0.15024913847446442
C2,4956,1,0.2943461537361145,0.6783174276351929,0.4863317906856537,0.18170727789402008
C2,4957,1,0.13958626985549927,0.5699639320373535,0.3547751009464264,0.6414477825164795
C2,4958,1,0.3582526445388794,0.7511520683765411,0.5547023564577103,0.7978941798210144
C2,4959,1,0.22863751649856567,0.6405228078365326,0.43458016216754913,0.9074487686157227
C2,4960,1,0.4627116918563843,0.7706248760223389,0.6166682839393616,0.630070686340332
C2,4961,1,0.4253961443901062,0.5029752850532532,0.4641857147216797,0.763258159160614
C2,4962,1,0.39594799280166626,0.6865034103393555,0.5412257015705109,0.9589091539382935
C2,4963,1,0.6985830366611481,0.4810355305671692,0.5898092836141586,0.912970244884491
C2,4964,1,0.7658555209636688,0.6540292203426361,0.7099423706531525,0.9597203135490417
C2,4965,1,0.44428515434265137,0.773050531744957,0.6086678430438042,0.9031626582145691
C2,4966,1,0.4954260587692261,0.8119484782218933,0.6536872684955597,0.9478990435600281
C2,4967,1,0.5661889314651489,0.7738058865070343,0.6699974089860916,0.9535808563232422
C2,4968,1,0.6629015803337097,0.618635505437851,0.6407685428857803,0.8321765065193176
C2,4969,1,0.8192636519670486,0.649784505367279,0.7345240786671638,0.955407977104187
C2,4970,1,0.6270533800125122,0.5135579109191895,0.5703056454658508,0.8773565888404846
C2,4971,1,0.8602825701236725,0.40579575300216675,0.6330391615629196,0.837644636631012
C2,4972,1,0.6853756606578827,0.769597202539444,0.7274864315986633,0.979953408241272
C2,4973,1,0.8562701046466827,0.4457237720489502,0.6509969383478165,0.9315794110298157
C2,4974,1,0.80091492831707,0.4943837523460388,0.6476493403315544,0.7358860373497009
C2,4975,1,0.7413406074047089,0.548609733581543,0.6449751704931259,0.9327728152275085
C2,4976,1,0.6661695837974548,0.6456839740276337,0.6559267789125443,0.6922950744628906
C2,4977,1,0.6926886141300201,0.4900469183921814,0.5913677662611008,0.9685952067375183
C2,4978,1,0.45791321992874146,0.4788263440132141,0.4683697819709778,0.9747612476348877
C2,4979,1,0.6516801118850708,0.2324731945991516,0.4420766532421112,0.989791989326477
C2,4980,1,0.8156922608613968,0.6386782824993134,0.7271852716803551,0.9713202118873596
C2,4981,1,0.7355044782161713,0.8916930481791496,0.8135987631976604,0.956378698348999
C2,4982,1,0.3802008032798767,0.8656489253044128,0.6229248642921448,0.9483405351638794
C2,4983,1,0.6254104971885681,0.539192795753479,0.5823016464710236,0.9729442000389099
C2,4984,1,0.6708422601222992,0.5001375377178192,0.5854898989200592,0.9836218953132629
C2,4985,1,0.7299416363239288,0.7075492143630981,0.7187454253435135,0.9598689675331116
C2,4986,1,0.6235214471817017,0.5569410920143127,0.5902312695980072,0.9721279740333557
C2,4987,1,0.7657883167266846,0.6780188977718353,0.72190360724926,0.9393395185470581
C2,4988,1,0.7578123807907104,0.46339887380599976,0.6106056272983551,0.949298620223999
C2,4989,1,0.647730678319931,0.710814893245697,0.679272785782814,0.9332339763641357
C2,4990,1,0.7982572168111801,0.6083445250988007,0.7033008709549904,0.9470390677452087
C2,4991,1,0.6201300323009491,0.5127009749412537,0.5664155036211014,0.9691027998924255
C2,4992,1,0.7568385750055313,0.6808269619941711,0.7188327684998512,0.9718127250671387
C2,4993,1,0.5676244795322418,0.4058573842048645,0.48674093186855316,0.9806293845176697
C2,4994,1,0.8953979089856148,0.4725620746612549,0.6839799918234348,0.9911141991615295
C2,4995,1,0.68297478556633,0.36681854724884033,0.5248966664075851,0.986748456954956
C2,4996,1,0.8061588555574417,0.07406347990036011,0.4401111677289009,0.992007851600647
C2,4997,1,0.34648019075393677,0.1903483271598816,0.2684142589569092,0.9883126616477966
C2,4998,1,0.848760575056076,0.49629920721054077,0.6725298911333084,0.9870032668113708
C2,4999,1,0.5567102432250977,0.2543013095855713,0.4055057764053345,0.9739161729812622
C2,5000,1,0.7497785091400146,0.12689876556396484,0.43833863735198975,0.9881516098976135
C2,5001,1,0.9364217668771744,0.0858316421508789,0.5111267045140266,0.9924732446670532
C2,5002,1,0.2712792158126831,0.17130494117736816,0.22129207849502563,0.9797463417053223
C2,5003,1,0.5379637181758881,0.43383777141571045,0.48590074479579926,0.9943563342094421
C2,5004,1,0.8096218854188919,0.467613160610199,0.6386175230145454,0.9906737208366394
C2,5005,1,0.6834737658500671,0.7349725961685181,0.7092231810092926,0.9634495973587036
C2,5006,1,0.9163428321480751,0.25835883617401123,0.5873508341610432,0.9822878837585449
C2,5007,1,0.9525902159512043,0.40671539306640625,0.6796528045088053,0.9462122917175293
C2,5008,1,0.7710467278957367,0.182506263256073,0.47677649557590485,0.9950566291809082
C2,5009,1,0.8348002135753632,0.13801294565200806,0.4864065796136856,0.9955990314483643
C2,5010,1,0.8659930527210236,0.16799592971801758,0.5169944912195206,0.9745917916297913
C2,5011,1,0.6848436892032623,0.12806856632232666,0.4064561277627945,0.9741688370704651
C2,5012,1,0.29434406757354736,0.20071959495544434,0.24753183126449585,0.9926859140396118
C2,5013,1,0.7532719969749451,0.3647841811180115,0.5590280890464783,0.9851914644241333
C2,5014,1,0.4436647295951843,0.22464776039123535,0.33415624499320984,0.9921544194221497
C2,5015,1,0.5652339160442352,0.31978899240493774,0.4425114542245865,0.7490859627723694
C2,5016,1,0.517918586730957,0.5720261335372925,0.5449723601341248,0.8770478367805481
C2,5017,1,0.32483911514282227,0.30747532844543457,0.3161572217941284,0.9180925488471985
C2,5018,1,0.30723321437835693,0.14844298362731934,0.22783809900283813,0.8321563005447388
C2,5019,1,0.21284252405166626,0.2208455204963684,0.21684402227401733,0.7762219309806824
C2,5020,1,0.4921862483024597,0.7455564439296722,0.618871346116066,0.9527064561843872
C2,5021,1,0.7053905427455902,0.5259370803833008,0.6156638115644455,0.9533291459083557
C2,5022,1,0.7053905427455902,0.5682265758514404,0.6368085592985153,0.9203672409057617
C2,5023,1,0.7053905427455902,0.5682265758514404,0.6368085592985153,0.9059797525405884
C2,5024,1,0.8124003857374191,0.7103601098060608,0.76138024777174,0.9735459089279175
C2,5025,1,0.7382523119449615,0.677174985408783,0.7077136486768723,0.9644979238510132
C2,5026,1,0.7382523119449615,0.39482438564300537,0.5665383487939835,0.9755565524101257
C2,5027,1,0.772757351398468,0.4726056456565857,0.6226814985275269,0.9824123978614807
C2,5028,1,0.6618248522281647,0.35313600301742554,0.5074804276227951,0.9474241137504578
C2,5029,1,0.833384558558464,0.4255410432815552,0.6294628009200096,0.9560673832893372
C2,5030,1,0.9137062504887581,0.7644703239202499,0.839088287204504,0.9355681538581848
C2,5031,1,0.850631594657898,0.5348159670829773,0.6927237808704376,0.9852087497711182
C2,5032,1,0.885895349085331,0.33949947357177734,0.6126974113285542,0.9778040051460266
C2,5033,1,0.8645844459533691,0.35313093662261963,0.6088576912879944,0.9869288206100464
C2,5034,1,0.8061429858207703,0.13761693239212036,0.4718799591064453,0.9748362302780151
C2,5035,1,0.7315375208854675,0.7703866511583328,0.7509620860219002,0.9924329519271851
C2,5036,1,0.8327829092741013,0.538536012172699,0.6856594607234001,0.9978063702583313
C2,5037,1,0.8671350926160812,0.5936712920665741,0.7304031923413277,0.9965113997459412
C2,5038,1,0.8688597828149796,0.6310386061668396,0.7499491944909096,0.994848370552063
C2,5039,1,0.8538786768913269,0.8477818369865417,0.8508302569389343,0.996791660785675
C2,5040,1,0.8221675753593445,0.81003238260746,0.8160999789834023,0.9969521760940552
C2,5041,1,0.8776155263185501,0.5977076590061188,0.7376615926623344,0.9989752769470215
C2,5042,1,0.9193767681717873,0.6926555335521698,0.8060161508619785,0.9989932179450989
C2,5043,1,0.8209656625986099,0.750672847032547,0.7858192548155785,0.9991196990013123
C2,5044,1,0.9279230162501335,0.7227626144886017,0.8253428153693676,0.9970954656600952
C2,5045,1,0.746290773153305,0.4072842001914978,0.5767874866724014,0.9959369897842407
C2,5046,1,0.7906046956777573,0.6418210864067078,0.7162128910422325,0.9911916851997375
C2,5047,1,0.8892553672194481,0.7606448233127594,0.8249500952661037,0.9897357225418091
C2,5048,1,0.8132880181074142,0.44957250356674194,0.6314302608370781,0.994164764881134
C2,5049,1,0.8723607957363129,0.8466559797525406,0.8595083877444267,0.9961122870445251
C2,5050,1,0.9031218439340591,0.5437657237052917,0.7234437838196754,0.9919331669807434
C2,5051,1,0.6892206072807312,0.5373786091804504,0.6132996082305908,0.988013505935669
C2,5052,1,0.8140874803066254,0.48894524574279785,0.6515163630247116,0.9929966330528259
C2,5053,1,0.5350068211555481,0.49002939462661743,0.5125181078910828,0.9845530986785889
C2,5054,1,0.5447326004505157,0.7693215757608414,0.6570270881056786,0.9881690740585327
C2,5055,1,0.7903796285390854,0.4300979971885681,0.6102388128638268,0.987695574760437
C2,5056,1,0.630826324224472,0.7235634922981262,0.6771949082612991,0.9909770488739014
C2,5057,1,0.7000734806060791,0.771627351641655,0.735850416123867,0.9810431003570557
C2,5058,1,0.3698421120643616,0.6124410629272461,0.49114158749580383,0.9834611415863037
C2,5059,1,0.6055596172809601,0.8711904883384705,0.7383750528097153,0.9933254718780518
C2,5060,1,0.6729649603366852,0.658519446849823,0.6657422035932541,0.9845808148384094
C2,5061,1,0.6138313114643097,0.5845817029476166,0.5992065072059631,0.9917518496513367
C2,5062,1,0.6545528471469879,0.8207225650548935,0.7376377061009407,0.9804176092147827
C2,5063,1,0.7004885673522949,0.8422708511352539,0.7713797092437744,0.9914482831954956
C2,5064,1,0.7658507376909256,0.6656100451946259,0.7157303914427757,0.9840835928916931
C2,5065,1,0.5758155882358551,0.7091381251811981,0.6424768567085266,0.9758092761039734
C2,5066,1,0.6548497080802917,0.8411078751087189,0.7479787915945053,0.9818381071090698
C2,5067,1,0.5720718801021576,0.9353917241096497,0.7537318021059036,0.9876278638839722
C2,5068,1,0.8227919489145279,0.9179938659071922,0.8703929074108601,0.9889692068099976
C2,5069,1,0.8344689011573792,0.6960223019123077,0.7652456015348434,0.922913670539856
C2,5070,1,0.8265738785266876,0.5743286609649658,0.7004512697458267,0.950550377368927
C2,5071,1,0.7077131867408752,0.8568331301212311,0.7822731584310532,0.9824726581573486
C2,5072,1,0.5804416239261627,0.8563379794359207,0.7183898016810417,0.9756843447685242
C2,5073,1,0.26122790575027466,0.7286572456359863,0.4949425756931305,0.950946033000946
C2,5074,1,0.49414557218551636,0.6091954410076141,0.5516705065965652,0.8668514490127563
C2,5075,1,0.7621608376502991,0.6963435113430023,0.7292521744966507,0.7862284779548645
C2,5076,1,0.5290035903453827,0.7403280138969421,0.6346658021211624,0.8703055381774902
C2,5077,1,0.7104876339435577,0.8985835388302803,0.804535586386919,0.7748365998268127
C2,5078,1,0.5104279220104218,0.8335968106985092,0.6720123663544655,0.7132097482681274
C2,5079,1,0.6506265103816986,0.42399680614471436,0.5373116582632065,0.753905713558197
C2,5080,1,0.6298719048500061,0.7794943153858185,0.7046831101179123,0.8890357613563538
C2,5081,1,0.5479770302772522,0.7020763456821442,0.6250266879796982,0.8905772566795349
C2,5082,1,0.43928271532058716,0.7785545736551285,0.6089186444878578,0.8725244402885437
C2,5083,1,0.8534161597490311,0.5955495834350586,0.7244828715920448,0.9416239857673645
C2,5084,1,0.6661972105503082,0.801409125328064,0.7338031679391861,0.8565719723701477
C2,5085,1,0.7039366662502289,0.7484834492206573,0.7262100577354431,0.8916426301002502
C2,5086,1,0.5611592233181,0.39344340562820435,0.47730131447315216,0.8983819484710693
C2,5087,1,0.6821735203266144,0.30203723907470703,0.4921053797006607,0.8811081051826477
C2,5088,1,0.48129385709762573,0.5761722028255463,0.528733029961586,0.9411719441413879
C2,5089,1,0.699650377035141,0.9026389420032501,0.8011446595191956,0.7999399900436401
C2,5090,1,0.7302667796611786,0.4468645453453064,0.5885656625032425,0.6685386896133423
C2,5091,1,0.7409338057041168,0.5346499681472778,0.6377918869256973,0.8984809517860413
C2,5092,1,0.400570273399353,0.649039626121521,0.524804949760437,0.9161688685417175
C2,5093,1,0.2108912467956543,0.28519880771636963,0.24804502725601196,0.9450092315673828
C2,5094,1,0.2227320671081543,0.4126688838005066,0.31770047545433044,0.8480337858200073
C2,5095,1,0.38781726360321045,0.5921196639537811,0.4899684637784958,0.9378983378410339
C2,5096,1,0.33487558364868164,0.6051190197467804,0.469997301697731,0.8336799740791321
C2,5097,1,0.5571534633636475,0.5705252885818481,0.5638393759727478,0.9815343618392944
C2,5098,1,0.5571534633636475,0.794035330414772,0.6755943968892097,0.9789814352989197
C2,5099,1,0.5571534633636475,0.794035330414772,0.6755943968892097,0.951606035232544
C2,5100,1,0.5571534633636475,0.794035330414772,0.6755943968892097,0.9567149877548218
C2,5101,1,0.5992801785469055,0.7387278079986572,0.6690039932727814,0.9830958843231201
C2,5102,1,0.4886460304260254,0.6948675215244293,0.5917567759752274,0.9783015251159668
C2,5103,1,0.6044808030128479,0.6228692531585693,0.6136750280857086,0.987658679485321
C2,5104,1,0.7706594914197922,0.8114783763885498,0.791068933904171,0.9706380367279053
C2,5105,1,0.7124108076095581,0.7182305753231049,0.7153206914663315,0.9930534958839417
C2,5106,1,0.7658643573522568,0.6208312213420868,0.6933477893471718,0.9820236563682556
C2,5107,1,0.8209401816129684,0.5546136498451233,0.6877769157290459,0.9581160545349121
C2,5108,1,0.8612710982561111,0.6549207270145416,0.7580959126353264,0.9171363711357117
C2,5109,1,0.5319104194641113,0.8234260678291321,0.6776682436466217,0.9306234121322632
C2,5110,1,0.8276630342006683,0.6291252374649048,0.7283941358327866,0.9256701469421387
C2,5111,1,0.48568111658096313,0.7737936824560165,0.6297373995184898,0.8935749530792236
C2,5112,1,0.6801086366176605,0.7336425483226776,0.7068755924701691,0.8694095015525818
C2,5113,1,0.8768877312541008,0.5007923245429993,0.68884002789855,0.9548582434654236
C2,5114,1,0.691001683473587,0.584729790687561,0.637865737080574,0.9304172992706299
C2,5115,1,0.7434636056423187,0.6804286539554596,0.7119461297988892,0.9614642262458801
C2,5116,1,0.44917041063308716,0.9739797189831734,0.7115750648081303,0.9719807505607605
C2,5117,1,0.466289758682251,0.8639012426137924,0.6650955006480217,0.8877375721931458
C2,5118,1,0.5164270401000977,0.70124551653862,0.6088362783193588,0.9360473155975342
C2,5119,1,0.39868640899658203,0.8321818113327026,0.6154341101646423,0.9193474650382996
C2,5120,1,0.6855626106262207,0.923063799738884,0.8043132051825523,0.771929144859314
C2,5121,1,0.6201578974723816,0.8823093250393867,0.7512336112558842,0.9651350975036621
C2,5122,1,0.26387572288513184,0.8677251189947128,0.5658004209399223,0.9280893802642822
C2,5123,1,0.4866185188293457,0.4815858006477356,0.48410215973854065,0.968401312828064
C2,5124,1,0.3008197546005249,0.7743760049343109,0.5375978797674179,0.7371850609779358
C2,5125,1,0.5183807015419006,0.6061314940452576,0.5622560977935791,0.8050599694252014
C2,5126,1,0.10364300012588501,0.788512572646141,0.44607778638601303,0.9041466116905212
C2,5127,1,0.33875447511672974,0.8701014667749405,0.6044279709458351,0.7687398195266724
C2,5128,1,0.29348814487457275,0.8120975345373154,0.5527928397059441,0.9449477195739746
C2,5129,1,0.14430946111679077,0.554602712392807,0.3494560867547989,0.8725713491439819
C2,5130,1,0.1955241560935974,0.7823741883039474,0.48894917219877243,0.8681406378746033
C2,5131,1,0.8040883839130402,0.9592419005930424,0.8816651422530413,0.9261236786842346
C2,5132,1,0.6725067496299744,0.9530876539647579,0.8127972017973661,0.9188691973686218
C2,5133,1,0.755544900894165,0.7757092118263245,0.7656270563602448,0.8542109727859497
C2,5134,1,0.9746551886200905,0.8661254048347473,0.9203902967274189,0.9198611974716187
C2,5135,1,0.5395071804523468,0.7228977680206299,0.6312024742364883,0.9708608984947205
C2,5136,1,0.9143722355365753,0.45027798414230347,0.6823251098394394,0.9574153423309326
C2,5137,1,0.7975224405527115,0.7017532289028168,0.7496378347277641,0.9645355343818665
C2,5138,1,0.7171607315540314,0.6892676949501038,0.7032142132520676,0.9298074245452881
C2,5139,1,0.7700648307800293,0.5802933871746063,0.6751791089773178,0.6812593340873718
C2,5140,1,0.8104071021080017,0.4135902523994446,0.6119986772537231,0.644260823726654
C2,5141,1,0.8451696336269379,0.45306146144866943,0.6491155475378036,0.6516411900520325
C2,5142,1,0.6231572031974792,0.5642568469047546,0.5937070250511169,0.3159354031085968
C2,5143,1,0.5092307925224304,0.7338893115520477,0.6215600520372391,0.10782435536384583
C2,5144,1,0.41357433795928955,0.7261680960655212,0.5698712170124054,0.19451133906841278
C2,5145,1,0.2913350462913513,0.5725495219230652,0.43194228410720825,0.19448891282081604
C2,5146,1,0.62715944647789,0.5825655162334442,0.6048624813556671,0.1774407923221588
C2,5147,1,0.4397504925727844,0.8542622625827789,0.6470063775777817,0.12845441699028015
C2,5148,1,0.3773897886276245,0.6043656468391418,0.4908777177333832,0.2906903326511383
C2,5149,1,0.3055008053779602,0.6891229450702667,0.49731187522411346,0.021072711795568466
C2,5150,1,0.21523529291152954,0.6402735412120819,0.4277544170618057,0.03676729276776314
C2,5151,1,0.6659278571605682,0.7842678129673004,0.7250978350639343,0.027695713564753532
C2,5152,1,0.9318424686789513,0.5757326185703278,0.7537875436246395,0.010718060657382011
C2,5153,1,0.8530431985855103,0.3660779595375061,0.6095605790615082,0.013167481869459152
C2,5154,1,0.8397273868322372,0.717994749546051,0.7788610681891441,0.08658789098262787
C2,5155,1,0.7027692198753357,0.5229295790195465,0.6128493994474411,0.09428991377353668
C2,5156,1,0.8487946391105652,0.5897761583328247,0.719285398721695,0.2042873203754425
C2,5157,1,0.6391307711601257,0.6910247206687927,0.6650777459144592,0.44793251156806946
C2,5158,1,0.5675785839557648,0.8352686166763306,0.7014236003160477,0.3469081521034241
C2,5159,1,0.5675785839557648,0.6352649033069611,0.6014217436313629,0.31788748502731323
C2,5160,1,0.8601166754961014,0.5452519655227661,0.7026843205094337,0.5315722227096558
C2,5161,1,0.20272839069366455,0.5118477046489716,0.35728804767131805,0.472639799118042
C2,5162,1,0.44512873888015747,0.3803611993789673,0.4127449691295624,0.2762203514575958
C2,5163,1,0.5555801391601562,0.6630542278289795,0.6093171834945679,0.15011216700077057
C2,5164,1,0.6438518464565277,0.5076064169406891,0.5757291316986084,0.1008930653333664
C2,5165,1,0.4502565860748291,0.26909178495407104,0.3596741855144501,0.049148619174957275
C2,5166,1,0.6678178906440735,0.6286177039146423,0.6482177972793579,0.07911612093448639
C2,5167,1,0.4675034284591675,0.7857528328895569,0.6266281306743622,0.11737015098333359
C2,5168,1,0.5129769444465637,0.3668631911277771,0.4399200677871704,0.11097864806652069
C2,5169,1,0.40462225675582886,0.3749653100967407,0.3897937834262848,0.14690694212913513
C2,5170,1,0.4621936082839966,0.47533494234085083,0.4687642753124237,0.10397226363420486
C2,5171,1,0.6557452082633972,0.3872454762458801,0.5214953422546387,0.12473998218774796
C2,5172,1,0.31629276275634766,0.34157150983810425,0.32893213629722595,0.11802507936954498
C2,5173,1,0.488195538520813,0.4737566113471985,0.48097607493400574,0.12156686931848526
C2,5174,1,0.4078941345214844,0.5459759533405304,0.4769350439310074,0.08187070488929749
C2,5175,1,0.23832762241363525,0.1264604926109314,0.18239405751228333,0.08428173512220383
C2,5176,1,0.531755805015564,0.4050235152244568,0.4683896601200104,0.1407145857810974
C2,5177,1,0.6345086693763733,0.23664283752441406,0.4355757534503937,0.18864351511001587
C2,5178,1,0.4404560923576355,0.462843656539917,0.45164987444877625,0.12017358094453812
C2,5179,1,0.3418371081352234,0.4343110918998718,0.3880741000175476,0.12781621515750885
C2,5180,1,0.6665712296962738,0.6574379801750183,0.6620046049356461,0.13401223719120026
C2,5181,1,0.5690170228481293,0.600502610206604,0.5847598165273666,0.07851660251617432
C2,5182,1,0.6162901520729065,0.43024784326553345,0.52326899766922,0.12159523367881775
C2,5183,1,0.6162901520729065,0.6719429194927216,0.644116535782814,0.049096595495939255
C2,5184,1,0.8282771706581116,0.5730768442153931,0.7006770074367523,0.08504858613014221
C2,5185,1,0.5487784147262573,0.9831793140619993,0.7659788643941283,0.15061712265014648
C2,5186,1,0.4742353558540344,0.8531279861927032,0.6636816710233688,0.06935666501522064
C2,5187,1,0.3444035053253174,0.5260352194309235,0.4352193623781204,0.05852463096380234
C2,5188,1,0.6074490249156952,0.5807576775550842,0.5941033512353897,0.07090330123901367
C2,5189,1,0.6734877228736877,0.556721955537796,0.6151048392057419,0.0548032782971859
C2,5190,1,0.14389294385910034,0.5759392082691193,0.3599160760641098,0.05597085505723953
C2,5191,1,0.7704659849405289,0.4024958610534668,0.5864809229969978,0.07248808443546295
C2,5192,1,0.7956466674804688,0.4983813166618347,0.6470139920711517,0.09551295638084412
C2,5193,1,0.4132418632507324,0.7334100604057312,0.5733259618282318,0.14914095401763916
C2,5194,1,0.495922327041626,0.4460937976837158,0.4710080623626709,0.028938041999936104
C2,5195,1,0.4971963167190552,0.25790315866470337,0.3775497376918793,0.15148618817329407
C2,5196,1,0.25670599937438965,0.5181000530719757,0.3874030262231827,0.12341810017824173
C2,5197,1,0.7109901905059814,0.5249496698379517,0.6179699301719666,0.09068945795297623
C2,5198,1,0.3919156789779663,0.2579936981201172,0.32495468854904175,0.2027134746313095
C2,5199,1,0.6674908101558685,0.2729218006134033,0.4702063053846359,0.1096428632736206
C2,5200,1,0.14644259214401245,0.6747700572013855,0.410606324672699,0.24881556630134583
C2,5201,1,0.4790554642677307,0.3749985098838806,0.42702698707580566,0.0542590394616127
C2,5202,1,0.4547497630119324,0.574681967496872,0.5147158652544022,0.17859989404678345
C2,5203,1,0.23233884572982788,0.7965117394924164,0.5144252926111221,0.15526710450649261
C2,5204,1,0.4808039665222168,0.19192719459533691,0.33636558055877686,0.043508488684892654
C2,5205,1,0.17608588933944702,0.3056015968322754,0.2408437430858612,0.18830522894859314
C2,5206,1,0.33365505933761597,0.6304154396057129,0.48203524947166443,0.2829783856868744
C2,5207,1,0.21617084741592407,0.6023829877376556,0.40927691757678986,0.10825405269861221
C2,5208,1,0.469926655292511,0.12676066160202026,0.2983436584472656,0.05098220705986023
C2,5209,1,0.24009805917739868,0.3045206665992737,0.2723093628883362,0.05299055203795433
C2,5210,1,0.5257688760757446,0.11722314357757568,0.32149600982666016,0.11581182479858398
C2,5211,1,0.3926394581794739,0.3462790846824646,0.36945927143096924,0.21640001237392426
C2,5212,1,0.08458274602890015,0.0586056113243103,0.07159417867660522,0.23988313972949982
C2,5213,1,0.21822917461395264,0.31027114391326904,0.26425015926361084,0.30651265382766724
C2,5214,1,0.45505058765411377,0.1432710886001587,0.29916083812713623,0.07829970866441727
C2,5215,1,0.14702337980270386,0.12875401973724365,0.13788869976997375,0.04440952464938164
C2,5216,1,0.22200727462768555,0.22516894340515137,0.22358810901641846,0.03950285539031029
C2,5217,1,0.07644760608673096,0.1529824137687683,0.11471500992774963,0.06730116903781891
C2,5218,1,0.1685936450958252,0.4367215037345886,0.3026575744152069,0.019719164818525314
C2,5219,1,0.06543320417404175,0.27024638652801514,0.16783979535102844,0.04940206930041313
C2,5220,1,0.052586257457733154,0.20986545085906982,0.1312258541584015,0.04643133655190468
C2,5221,1,0.12216949462890625,0.19810789823532104,0.16013869643211365,0.04867227375507355
C2,5222,1,0.13100922107696533,0.2780766487121582,0.20454293489456177,0.021924365311861038
C2,5223,1,0.13104617595672607,0.14993327856063843,0.14048972725868225,0.06272794306278229
C2,5224,1,0.41295701265335083,0.15632325410842896,0.2846401333808899,0.24249650537967682
C2,5225,1,0.060108482837677,0.12915009260177612,0.09462928771972656,0.13012143969535828
C2,5226,1,0.0890074372291565,0.07659590244293213,0.08280166983604431,0.10251875966787338
C2,5227,1,0.1457567811012268,0.19140267372131348,0.16857972741127014,0.3104734718799591
C2,5228,1,0.4077051877975464,0.2702580690383911,0.33898162841796875,0.14894479513168335
C2,5229,1,0.34485238790512085,0.24857723712921143,0.29671481251716614,0.1564963310956955
C2,5230,1,0.36611121892929077,0.13724350929260254,0.25167736411094666,0.2501479685306549
C2,5231,1,0.09981536865234375,0.21451127529144287,0.1571633219718933,0.2647787928581238
C2,5232,1,0.09865468740463257,0.24736672639846802,0.1730107069015503,0.18137088418006897
C2,5233,1,0.21029192209243774,0.13084101676940918,0.17056646943092346,0.09297340363264084
C2,5234,1,0.12525206804275513,0.47472482919692993,0.29998844861984253,0.07128015160560608
C2,5235,1,0.11668902635574341,0.6034936904907227,0.36009135842323303,0.05903349071741104
C2,5236,1,0.12498819828033447,0.3437047600746155,0.23434647917747498,0.12034345418214798
C2,5237,1,0.13976281881332397,0.43585115671157837,0.28780698776245117,0.14496468007564545
C2,5238,1,0.10658878087997437,0.37880319356918335,0.24269598722457886,0.10245010256767273
C2,5239,1,0.138566255569458,0.37273097038269043,0.2556486129760742,0.07222770899534225
C2,5240,1,0.6007141172885895,0.49777722358703613,0.5492456704378128,0.058440856635570526
C2,5241,1,0.6256478130817413,0.4726771116256714,0.5491624623537064,0.04251474887132645
C2,5242,1,0.18233871459960938,0.4726652503013611,0.32750198245048523,0.037719178944826126
C2,5243,1,0.2195528745651245,0.46170705556869507,0.3406299650669098,0.014268200844526291
C2,5244,1,0.214106023311615,0.5948197841644287,0.40446290373802185,0.06330880522727966
C2,5245,1,0.4492473602294922,0.4220062494277954,0.4356268048286438,0.052025508135557175
C2,5246,1,0.34094488620758057,0.7975161820650101,0.5692305341362953,0.07245995849370956
C2,5247,1,0.41069936752319336,0.44474440813064575,0.42772188782691956,0.056818798184394836
C2,5248,1,0.12174445390701294,0.4706656336784363,0.2962050437927246,0.03230639547109604
C2,5249,1,0.49258166551589966,0.528206467628479,0.5103940665721893,0.04176430404186249
C2,5250,1,0.28059107065200806,0.3262590765953064,0.3034250736236572,0.03842621296644211
C2,5251,1,0.24309778213500977,0.7703070789575577,0.5067024305462837,0.03807482123374939
C2,5252,1,0.18522775173187256,0.5528022944927216,0.36901502311229706,0.03492801636457443
C2,5253,1,0.15182918310165405,0.8558787256479263,0.5038539543747902,0.04053210839629173
C2,5254,1,0.7933491468429565,0.6694281697273254,0.731388658285141,0.04235150292515755
C2,5255,1,0.82270148396492,0.8168907761573792,0.8197961300611496,0.03550552949309349
C2,5256,1,0.5773915946483612,0.7516667991876602,0.6645291969180107,0.0457027405500412
C2,5257,1,0.5241577327251434,0.7389822602272034,0.6315699964761734,0.022357916459441185
C2,5258,1,0.26672857999801636,0.5264979302883148,0.3966132551431656,0.019317083060741425
C2,5259,1,0.24631571769714355,0.2512778639793396,0.24879679083824158,0.02341804839670658
C2,5260,1,0.17620080709457397,0.5638186633586884,0.37000973522663116,0.030773911625146866
C2,5261,1,0.18052822351455688,0.3928612470626831,0.28669473528862,0.03623279184103012
C2,5262,1,0.4267265200614929,0.4800928831100464,0.45340970158576965,0.05980008840560913
C2,5263,1,0.4739874601364136,0.37596267461776733,0.42497506737709045,0.07345002144575119
C2,5264,1,0.19464492797851562,0.30201369524002075,0.2483293116092682,0.04296205937862396
C2,5265,1,0.2679464817047119,0.3157306909561157,0.2918385863304138,0.038085129112005234
C2,5266,1,0.24022448062896729,0.5238191783428192,0.38202182948589325,0.042421452701091766
C2,5267,1,0.15162980556488037,0.45987236499786377,0.30575108528137207,0.036534227430820465
C2,5268,1,0.4619171619415283,0.48800599575042725,0.4749615788459778,0.052000388503074646
C2,5269,1,0.5294534862041473,0.42839425802230835,0.47892387211322784,0.05387505888938904
C2,5270,1,0.5312212705612183,0.5467040538787842,0.5389626622200012,0.04317827895283699
C2,5271,1,0.3358195424079895,0.5586052536964417,0.4472123980522156,0.03798508644104004
C2,5272,1,0.364080548286438,0.5459594130516052,0.4550199806690216,0.036440376192331314
C2,5273,1,0.364080548286438,0.8253511786460876,0.5947158634662628,0.030930686742067337
C2,5274,1,0.30440300703048706,0.5834400355815887,0.4439215213060379,0.028135407716035843
C2,5275,1,0.30440300703048706,0.5627053380012512,0.43355417251586914,0.04376132786273956
C2,5276,1,0.3688463568687439,0.5194693505764008,0.4441578537225723,0.04348330572247505
C2,5277,1,0.11641907691955566,0.33778858184814453,0.2271038293838501,0.23071086406707764
C2,5278,1,0.1399705410003662,0.3214602470397949,0.23071539402008057,0.22042220830917358
C2,5279,1,0.06850457191467285,0.16669374704360962,0.11759915947914124,0.20028777420520782
C2,5280,1,0.11718869209289551,0.1713448166847229,0.1442667543888092,0.16169163584709167
C2,5281,1,0.11718869209289551,0.16279518604278564,0.13999193906784058,0.21802686154842377
C2,5282,1,0.04635894298553467,0.23978549242019653,0.1430722177028656,0.10666287690401077
C2,5283,1,0.08194482326507568,0.17533248662948608,0.12863865494728088,0.1305365413427353
C2,5284,1,0.060376644134521484,0.1707170605659485,0.11554685235023499,0.14866384863853455
C2,5285,1,0.11528366804122925,0.20001709461212158,0.15765038132667542,0.21153785288333893
C2,5286,1,0.11733454465866089,0.14983248710632324,0.13358351588249207,0.10754161328077316
C2,5287,1,0.11596614122390747,0.26832902431488037,0.19214758276939392,0.10754161328077316
C2,5288,1,0.10855114459991455,0.3288806080818176,0.2187158763408661,0.10393275320529938
C2,5289,1,0.10201555490493774,0.3288806080818176,0.21544808149337769,0.11310650408267975
C2,5290,1,0.2463967204093933,0.1554664969444275,0.2009316086769104,0.1548595279455185
C2,5291,1,0.06411641836166382,0.2943292260169983,0.17922282218933105,0.2716194987297058
C2,5292,1,0.10286659002304077,0.27027708292007446,0.18657183647155762,0.13746605813503265
C2,5293,1,0.2954510450363159,0.15288233757019043,0.22416669130325317,0.1330437958240509
C2,5294,1,0.381095290184021,0.4049527645111084,0.3930240273475647,0.11293212324380875
C2,5295,1,0.14982306957244873,0.578180581331253,0.3640018254518509,0.09732020646333694
C2,5296,1,0.4224536418914795,0.23899239301681519,0.33072301745414734,0.0897752121090889
C2,5297,1,0.23453420400619507,0.5651637017726898,0.39984895288944244,0.12327761948108673
C2,5298,1,0.4577564001083374,0.255404531955719,0.3565804660320282,0.08977790176868439
C2,5299,1,0.7324661016464233,0.23550492525100708,0.4839855134487152,0.09456413984298706
C2,5300,1,0.4409213662147522,0.31068068742752075,0.3758010268211365,0.09178489446640015
C2,5301,1,0.3959382176399231,0.14872920513153076,0.27233371138572693,0.14871998131275177
C2,5302,1,0.20732712745666504,0.11865770816802979,0.1629924178123474,0.11766824871301651
C2,5303,1,0.3912264108657837,0.284950315952301,0.33808836340904236,0.054912302643060684
C2,5304,1,0.3917595148086548,0.3114470839500427,0.35160329937934875,0.07702168822288513
C2,5305,1,0.515685498714447,0.4566178321838379,0.48615166544914246,0.0689866915345192
C2,5306,1,0.6102699935436249,0.5636135041713715,0.5869417488574982,0.07007937878370285
C2,5307,1,0.5392222106456757,0.2868860363960266,0.41305412352085114,0.05709151551127434
C2,5308,1,0.3767097592353821,0.22789537906646729,0.3023025691509247,0.04088727384805679
C2,5309,1,0.3377187252044678,0.2587851881980896,0.2982519567012787,0.040944620966911316
C2,5310,1,0.24428671598434448,0.2587851881980896,0.25153595209121704,0.02896965853869915
C2,5311,1,0.07086068391799927,0.17888617515563965,0.12487342953681946,0.04234474524855614
C2,5312,1,0.1394919753074646,0.3774675726890564,0.2584797739982605,0.054641395807266235
C2,5313,1,0.1666858196258545,0.3825044631958008,0.27459514141082764,0.02151259407401085
C2,5314,1,0.33083242177963257,0.5174712538719177,0.42415183782577515,0.03279903903603554
C2,5315,1,0.33982908725738525,0.48078542947769165,0.41030725836753845,0.038978297263383865
C2,5316,1,0.1875210404396057,0.47509074211120605,0.3313058912754059,0.030402665957808495
C2,5317,1,0.2829384207725525,0.5815358459949493,0.4322371333837509,0.02754836715757847
C2,5318,1,0.3116316795349121,0.5962780117988586,0.4539548456668854,0.04007328674197197
C2,5319,1,0.36490970849990845,0.28338778018951416,0.3241487443447113,0.02432192862033844
C2,5320,1,0.40084677934646606,0.327849805355072,0.36434829235076904,0.0631592720746994
C2,5321,1,0.48527395725250244,0.23754030466079712,0.3614071309566498,0.12630817294120789
C2,5322,1,0.4638519287109375,0.2568516731262207,0.3603518009185791,0.23389962315559387
C2,5323,1,0.6817574501037598,0.1912553310394287,0.43650639057159424,0.14030815660953522
C2,5324,1,0.31460756063461304,0.07487905025482178,0.1947433054447174,0.1661798357963562
C2,5325,1,0.4297674298286438,0.23528796434402466,0.33252769708633423,0.16953125596046448
C2,5326,1,0.49701201915740967,0.25678449869155884,0.37689825892448425,0.42123764753341675
C2,5327,1,0.2469393014907837,0.25678449869155884,0.25186190009117126,0.8085429668426514
C2,5328,1,0.4922354817390442,0.25678449869155884,0.3745099902153015,0.8035112023353577
C2,5329,1,0.26761478185653687,0.28061819076538086,0.27411648631095886,0.5611073970794678
C2,5330,1,0.2588508725166321,0.12606853246688843,0.19245970249176025,0.7892925143241882
C2,5331,1,0.33316314220428467,0.14998894929885864,0.24157604575157166,0.49172359704971313
C2,5332,1,0.5601648688316345,0.1582852602005005,0.3592250645160675,0.6499229073524475
C2,5333,1,0.335851788520813,0.217423677444458,0.2766377329826355,0.411773145198822
C2,5334,1,0.29463207721710205,0.41831398010253906,0.35647302865982056,0.5783891677856445
C2,5335,1,0.38073456287384033,0.19468629360198975,0.28771042823791504,0.2872486412525177
C2,5336,1,0.8304674476385117,0.646285206079483,0.7383763268589973,0.3259184956550598
C2,5337,1,0.751059964299202,0.7427816689014435,0.7469208166003227,0.6678065061569214
C2,5338,1,0.6866226494312286,0.7544177919626236,0.7205202206969261,0.6502390503883362
C2,5339,1,0.29875844717025757,0.8229164779186249,0.5608374625444412,0.7514936327934265
C2,5340,1,0.39787161350250244,0.9234312325716019,0.6606514230370522,0.8786919713020325
C2,5341,1,0.8452223241329193,0.5163215100765228,0.6807719171047211,0.7797732949256897
C2,5342,1,0.5051941871643066,0.8761388808488846,0.6906665340065956,0.5623518228530884
C2,5343,1,0.1576358675956726,0.39835017919540405,0.27799302339553833,0.3801945745944977
C2,5344,1,0.3634312152862549,0.8029071688652039,0.5831691920757294,0.6227749586105347
C2,5345,1,0.5017155408859253,0.3225587010383606,0.41213712096214294,0.20445741713047028
C2,5346,1,0.8761820569634438,0.28473877906799316,0.5804604180157185,0.18792679905891418
C2,5347,1,0.5929732620716095,0.21696460247039795,0.4049689322710037,0.27837440371513367
C2,5348,1,0.7813238054513931,0.21226716041564941,0.49679548293352127,0.17972446978092194
C2,5349,1,0.13076120615005493,0.11892551183700562,0.12484335899353027,0.10462144762277603
C2,5350,1,0.19943112134933472,0.6408453583717346,0.42013823986053467,0.08894974738359451
C2,5351,1,0.14537441730499268,0.5001145303249359,0.3227444738149643,0.08358318358659744
C2,5352,1,0.11232829093933105,0.7234383523464203,0.41788332164287567,0.08702607452869415
C2,5353,1,0.3300880193710327,0.6528951525688171,0.4914915859699249,0.07883963733911514
C2,5354,1,0.06484103202819824,0.6528951525688171,0.3588680922985077,0.02854001149535179
C2,5355,1,0.15263134241104126,0.19331729412078857,0.17297431826591492,0.02232191525399685
C2,5356,1,0.47790640592575073,0.041039466857910156,0.25947293639183044,0.06884873658418655
C2,5357,1,0.3585442304611206,0.17391902208328247,0.26623162627220154,0.04371925815939903
C2,5358,1,0.2604495882987976,0.13784170150756836,0.19914564490318298,0.037195365875959396
C2,5359,1,0.6355096697807312,0.5742705166339874,0.6048900932073593,0.0402742363512516
C2,5360,1,0.763594388961792,0.662726879119873,0.7131606340408325,0.03964570164680481
C2,5361,1,0.6217076480388641,0.24909591674804688,0.4354017823934555,0.04130782559514046
C2,5362,1,0.7256948351860046,0.4749091863632202,0.6003020107746124,0.02434919960796833
C2,5363,1,0.6537863910198212,0.14962679147720337,0.40170659124851227,0.04101796820759773
C2,5364,1,0.6849648952484131,0.1478554606437683,0.4164101779460907,0.027823971584439278
C2,5365,1,0.36608392000198364,0.15606826543807983,0.26107609272003174,0.04238438233733177
C2,5366,1,0.5544659495353699,0.2494218349456787,0.4019438922405243,0.032915156334638596
C2,5367,1,0.2095155119895935,0.37182343006134033,0.2906694710254669,0.01244746707379818
C2,5368,1,0.18388336896896362,0.1630043387413025,0.17344385385513306,0.006024952512234449
C2,5369,1,0.12276005744934082,0.21691441535949707,0.16983723640441895,0.008863890543580055
C2,5370,1,0.2305750846862793,0.33019232749938965,0.2803837060928345,0.0053594643250107765
C2,5371,1,0.29496681690216064,0.29633599519729614,0.2956514060497284,0.010897593572735786
C2,5372,1,0.43331438302993774,0.6485290229320526,0.5409217029809952,0.005876022391021252
C2,5373,1,0.33691084384918213,0.2855610251426697,0.3112359344959259,0.004035813268274069
C2,5374,1,0.40943795442581177,0.12461793422698975,0.26702794432640076,0.002534052822738886
C2,5375,1,0.6213430762290955,0.3042530417442322,0.4627980589866638,0.004062505904585123
C2,5376,1,0.3703919053077698,0.3033393621444702,0.33686563372612,0.001982602756470442
C2,5377,1,0.6644550859928131,0.3049660325050354,0.48471055924892426,0.0013590474845841527
C2,5378,1,0.311906635761261,0.24403280019760132,0.27796971797943115,0.002799837850034237
C2,5379,1,0.26415979862213135,0.24716246128082275,0.25566112995147705,0.0023396059405058622
C2,5380,1,0.6425779759883881,0.084381103515625,0.36347953975200653,0.004908944945782423
C2,5381,1,0.39751148223876953,0.24331450462341309,0.3204129934310913,0.005954802501946688
C2,5382,1,0.3881526589393616,0.09796792268753052,0.24306029081344604,0.007172187324613333
C2,5383,1,0.5736950039863586,0.5867723226547241,0.5802336633205414,0.009565316140651703
C2,5384,1,0.4723072648048401,0.2162603735923767,0.3442838191986084,0.013333420269191265
C2,5385,1,0.635830819606781,0.3151838779449463,0.47550734877586365,0.007921000942587852
C2,5386,1,0.2997986078262329,0.32763737440109253,0.3137179911136627,0.012859552167356014
C2,5387,1,0.4577208161354065,0.194993257522583,0.32635703682899475,0.014645093120634556
C2,5388,1,0.5184303522109985,0.37580758333206177,0.44711896777153015,0.02956254407763481
C2,5389,1,0.43102002143859863,0.24378734827041626,0.33740368485450745,0.01678638719022274
C2,5390,1,0.6487202346324921,0.2142263650894165,0.4314732998609543,0.014363962225615978
C2,5391,1,0.48006564378738403,0.6126954257488251,0.5463805347681046,0.012298723682761192
C2,5392,1,0.3773455023765564,0.7214629650115967,0.5494042336940765,0.017346682026982307
C2,5393,1,0.5927659273147583,0.4001547694206238,0.49646034836769104,0.02719881571829319
C2,5394,1,0.27686160802841187,0.4815692901611328,0.37921544909477234,0.026828112080693245
C2,5395,1,0.5032636225223541,0.709757387638092,0.6065105050802231,0.014027546159923077
C2,5396,1,0.4570203423500061,0.39034754037857056,0.42368394136428833,0.038748521357774734
C2,5397,1,0.2899940609931946,0.11102747917175293,0.20051077008247375,0.16181796789169312
C2,5398,1,0.03748112916946411,0.076263427734375,0.056872278451919556,0.0710577443242073
C2,5399,1,0.1386898159980774,0.11013543605804443,0.12441262602806091,0.10144677758216858
C2,5400,1,0.09179490804672241,0.6076166033744812,0.3497057557106018,0.21667200326919556
C2,5401,1,0.26233339309692383,0.4086487889289856,0.3354910910129547,0.1075974628329277
C2,5402,1,0.2670553922653198,0.0670170783996582,0.167036235332489,0.26927217841148376
C2,5403,1,0.05358797311782837,0.23085445165634155,0.14222121238708496,0.03818890452384949
C2,5404,1,0.45288896560668945,0.0520634651184082,0.25247621536254883,0.03809947893023491
C2,5405,1,0.44001609086990356,0.1236758828163147,0.28184598684310913,0.04654412344098091
C2,5406,1,0.18340975046157837,0.11579376459121704,0.1496017575263977,0.0201719980686903
C2,5407,1,0.2977725863456726,0.5116105675697327,0.40469157695770264,0.13112135231494904
C2,5408,1,0.3874105215072632,0.20444321632385254,0.29592686891555786,0.06770319491624832
C2,5409,1,0.2968658208847046,0.24385440349578857,0.2703601121902466,0.032192543148994446
C2,5410,1,0.29578250646591187,0.23176681995391846,0.26377466320991516,0.0688515454530716
C2,5411,1,0.23122179508209229,0.1877763867378235,0.20949909090995789,0.09734618663787842
C2,5412,1,0.7523080259561539,0.30718523263931274,0.5297466292977333,0.09432723373174667
C2,5413,1,0.21570664644241333,0.3859339952468872,0.30082032084465027,0.049514442682266235
C2,5414,1,0.33544212579727173,0.2753685712814331,0.3054053485393524,0.04259931296110153
C2,5415,1,0.31332850456237793,0.2860119342803955,0.2996702194213867,0.02174486219882965
C2,5416,1,0.4643813371658325,0.5307696163654327,0.49757547676563263,0.0411379337310791
C2,5417,1,0.2540684938430786,0.3478677272796631,0.30096811056137085,0.03823496028780937
C2,5418,1,0.09849846363067627,0.5493280291557312,0.32391324639320374,0.02726379781961441
C2,5419,1,0.06885707378387451,0.2765507102012634,0.17270389199256897,0.014346601441502571
C2,5420,1,0.1613602638244629,0.24203568696975708,0.20169797539710999,0.022128654643893242
C2,5421,1,0.25640618801116943,0.2724156379699707,0.26441091299057007,0.04734810069203377
C2,5422,1,0.0890318751335144,0.21965891122817993,0.15434539318084717,0.021525580435991287
C2,5423,1,0.18653059005737305,0.23654717206954956,0.2115388810634613,0.031201058998703957
C2,5424,1,0.23063421249389648,0.29432010650634766,0.26247715950012207,0.03257448971271515
C2,5425,1,0.3687378168106079,0.11402714252471924,0.24138247966766357,0.06610992550849915
C2,5426,1,0.37718743085861206,0.31205683946609497,0.3446221351623535,0.013172116130590439
C2,5427,1,0.6093600690364838,0.25497639179229736,0.43216823041439056,0.018987081944942474
C2,5428,1,0.46473824977874756,0.21463292837142944,0.3396855890750885,0.017626767978072166
C2,5429,1,0.6238135099411011,0.30910027027130127,0.46645689010620117,0.02762163057923317
C2,5430,1,0.5317809879779816,0.24681532382965088,0.3892981559038162,0.023622946813702583
C2,5431,1,0.41422879695892334,0.40475088357925415,0.40948984026908875,0.011137215420603752
C2,5432,1,0.3549898862838745,0.5118162333965302,0.43340305984020233,0.01716454327106476
C2,5433,1,0.3771713972091675,0.6713255941867828,0.5242484956979752,0.0204328503459692
C2,5434,1,0.3549729585647583,0.65670046210289,0.5058367103338242,0.04060511291027069
C2,5435,1,0.3724031448364258,0.3615325093269348,0.3669678270816803,0.022987542673945427
C2,5436,1,0.5828036069869995,0.5687416195869446,0.575772613286972,0.06328551471233368
C2,5437,1,0.5786273777484894,0.5687416195869446,0.573684498667717,0.036263857036828995
C2,5438,1,0.11795616149902344,0.5791498124599457,0.34855298697948456,0.03762170299887657
C2,5439,1,0.10810554027557373,0.6015946567058563,0.354850098490715,0.03784359246492386
C2,5440,1,0.11809557676315308,0.5597092807292938,0.33890242874622345,0.02260141633450985
C2,5441,1,0.12380295991897583,0.5597092807292938,0.3417561203241348,0.022478751838207245
C2,5442,1,0.1287761926651001,0.4412069320678711,0.2849915623664856,0.017676163464784622
C2,5443,1,0.1287761926651001,0.4793516993522644,0.30406394600868225,0.018105119466781616
C2,5444,1,0.1480787992477417,0.4487389922142029,0.2984088957309723,0.020535489544272423
C2,5445,1,0.1684296727180481,0.4487389922142029,0.3085843324661255,0.0188905019313097
C2,5446,1,0.22383660078048706,0.5143440961837769,0.36909034848213196,0.025475213304162025
C2,5447,1,0.13288456201553345,0.5028612315654755,0.31787289679050446,0.030169371515512466
C2,5448,1,0.3737567663192749,0.6991649568080902,0.5364608615636826,0.018535614013671875
C2,5449,1,0.34205859899520874,0.7539902180433273,0.548024408519268,0.017489833757281303
C2,5450,1,0.40545445680618286,0.7212913036346436,0.5633728802204132,0.031125226989388466
C2,5451,1,0.42260247468948364,0.7150191366672516,0.5688108056783676,0.03852023184299469
C2,5452,1,0.48467952013015747,0.2458905577659607,0.3652850389480591,0.025331830605864525
C2,5453,1,0.5411858260631561,0.21633553504943848,0.3787606805562973,0.008554269559681416
C2,5454,1,0.12493789196014404,0.41425466537475586,0.26959627866744995,0.007742872927337885
C2,5455,1,0.2730643153190613,0.31830936670303345,0.29568684101104736,0.011003037914633751
C2,5456,1,0.7697641104459763,0.6590395867824554,0.7144018486142159,0.012465028092265129
C2,5457,1,0.27383947372436523,0.9211622178554535,0.5975008457899094,0.2332083284854889
C2,5458,1,0.40104424953460693,0.9211622178554535,0.6611032336950302,0.2332083284854889
C2,5459,1,0.3356858491897583,0.8418579548597336,0.5887719020247459,0.23263293504714966
C2,5460,1,0.946215309202671,0.850082740187645,0.898149024695158,0.23263293504714966
C2,5461,1,0.9360426142811775,0.6405092775821686,0.788275945931673,0.12523745000362396
C2,5462,1,0.9154942557215691,0.6176791787147522,0.7665867172181606,0.11641492694616318
C2,5463,1,0.29620540142059326,0.06991231441497803,0.18305885791778564,0.23693473637104034
C2,5464,1,0.5520417392253876,0.20709645748138428,0.3795690983533859,0.1428615152835846
C2,5465,1,0.7390739023685455,0.8080628514289856,0.7735683768987656,0.2085568755865097
C2,5466,1,0.21280306577682495,0.5521601736545563,0.3824816197156906,0.11437654495239258
C2,5467,1,0.9124752059578896,0.4712182283401489,0.6918467171490192,0.13931725919246674
C2,5468,1,0.870675802230835,0.4940190315246582,0.6823474168777466,0.14297892153263092
C2,5469,1,0.8455597907304764,0.5432674288749695,0.6944136098027229,0.10483056306838989
C2,5470,1,0.8315323740243912,0.20312315225601196,0.5173277631402016,0.10279584676027298
C2,5471,1,0.8494763821363449,0.1926833987236023,0.5210798904299736,0.09371248632669449
C2,5472,1,0.8967909291386604,0.495958149433136,0.6963745392858982,0.0951843187212944
C2,5473,1,0.32922643423080444,0.28185856342315674,0.3055424988269806,0.09980753064155579
C2,5474,1,0.23287254571914673,0.3624562621116638,0.2976644039154053,0.09980753064155579
C2,5475,1,0.7647186368703842,0.1387876272201538,0.451753132045269,0.10273507982492447
C2,5476,1,0.8457394391298294,0.26128268241882324,0.5535110607743263,0.07476300001144409
C2,5477,1,0.7715839743614197,0.3874480128288269,0.5795159935951233,0.08451098948717117
C2,5478,1,0.9056698679924011,0.38210636377334595,0.6438881158828735,0.12592874467372894
C2,5479,1,0.569699615240097,0.34839707612991333,0.4590483456850052,0.1383422464132309
C2,5480,1,0.5453006625175476,0.3621063232421875,0.45370349287986755,0.12290623039007187
C2,5481,1,0.6279045343399048,0.4967893958091736,0.5623469650745392,0.01557447761297226
C2,5482,1,0.7274222075939178,0.8891522064805031,0.8082872070372105,0.013249688781797886
C2,5483,1,0.36564332246780396,0.8845158219337463,0.6250795722007751,0.01298593170940876
C2,5484,1,0.2714197039604187,0.9099032804369926,0.5906614921987057,0.0170148815959692
C2,5485,1,0.48042356967926025,0.607772022485733,0.5440977960824966,0.009751876816153526
C2,5486,1,0.720268726348877,0.6449093520641327,0.6825890392065048,0.025999199599027634
C2,5487,1,0.5416671335697174,0.3836422562599182,0.4626546949148178,0.028505027294158936
C2,5488,1,0.7582188099622726,0.39522916078567505,0.5767239853739738,0.06257271766662598
C2,5489,1,0.4127199053764343,0.28585517406463623,0.3492875397205353,0.07079301029443741
C2,5490,1,0.48540186882019043,0.43539196252822876,0.4603969156742096,0.08349958807229996
C2,5491,1,0.5829193592071533,0.2081763744354248,0.39554786682128906,0.07466403394937515
C2,5492,1,0.847036212682724,0.15013104677200317,0.4985836297273636,0.04797762259840965
C2,5493,1,0.6474781036376953,0.2255876064300537,0.4365328550338745,0.07695223391056061
C2,5494,1,0.5553233921527863,0.29032522439956665,0.42282430827617645,0.06396329402923584
C2,5495,1,0.368649959564209,0.14303582906723022,0.2558428943157196,0.02634521760046482
C2,5496,1,0.5111171305179596,0.38234031200408936,0.4467287212610245,0.02050524204969406
C2,5497,1,0.1512773036956787,0.4768694043159485,0.3140733540058136,0.039547909051179886
C2,5498,1,0.36954182386398315,0.30084800720214844,0.3351949155330658,0.1304238885641098
C2,5499,1,0.6078774034976959,0.41966503858566284,0.5137712210416794,0.06492969393730164
C2,5500,1,0.5130847990512848,0.17879140377044678,0.3459381014108658,0.036308787763118744
C2,5501,1,0.8612685948610306,0.3538845181465149,0.6075765565037727,0.025645112618803978
C2,5502,1,0.5915725529193878,0.3953574299812317,0.49346499145030975,0.028591206297278404
C2,5503,1,0.5010423362255096,0.3817363381385803,0.441389337182045,0.03374403342604637
C2,5504,1,0.2062651515007019,0.32839804887771606,0.267331600189209,0.026326540857553482
C2,5505,1,0.3583909869194031,0.42482805252075195,0.3916095197200775,0.03584928438067436
C2,5506,1,0.4303829073905945,0.32155364751815796,0.3759682774543762,0.031646352261304855
C2,5507,1,0.16633623838424683,0.33491307497024536,0.2506246566772461,0.0405547171831131
C2,5508,1,0.1292095184326172,0.24445182085037231,0.18683066964149475,0.04047898203134537
C2,5509,1,0.10290521383285522,0.0949944257736206,0.09894981980323792,0.020127832889556885
C2,5510,1,0.2929806709289551,0.10562348365783691,0.199302077293396,0.025138169527053833
C2,5511,1,0.12022382020950317,0.13752734661102295,0.12887558341026306,0.01951124332845211
C2,5512,1,0.3541181683540344,0.22914379835128784,0.29163098335266113,0.018374815583229065
C2,5513,1,0.18365907669067383,0.20824050903320312,0.19594979286193848,0.02225743606686592
C2,5514,1,0.08258849382400513,0.17189526557922363,0.12724187970161438,0.01736421510577202
C2,5515,1,0.0992286205291748,0.37285107374191284,0.23603984713554382,0.018767697736620903
C2,5516,1,0.09858417510986328,0.18770229816436768,0.14314323663711548,0.013104276731610298
C2,5517,1,0.02786076068878174,0.06394654512405396,0.04590365290641785,0.10186661034822464
C2,5518,1,0.03538691997528076,0.06357777118682861,0.04948234558105469,0.06731811165809631
C2,5519,1,0.039407551288604736,0.08787763118743896,0.06364259123802185,0.10321706533432007
C2,5520,1,0.039407551288604736,0.1043352484703064,0.07187139987945557,0.0806388407945633
C2,5521,1,0.017395198345184326,0.07746613025665283,0.04743066430091858,0.07522697746753693
C2,5522,1,0.03321617841720581,0.26544398069381714,0.14933007955551147,0.08970987051725388
C2,5523,1,0.029378056526184082,0.11826443672180176,0.07382124662399292,0.08777925372123718
C2,5524,1,0.027013182640075684,0.07001161575317383,0.048512399196624756,0.08853547275066376
C2,5525,1,0.014410316944122314,0.0719684362411499,0.04318937659263611,0.10847704857587814
C2,5526,1,0.04261064529418945,0.0719684362411499,0.05728954076766968,0.11690817773342133
C2,5527,1,0.08579647541046143,0.05793750286102295,0.07186698913574219,0.05208686366677284
C2,5528,1,0.05118727684020996,0.049558162689208984,0.05037271976470947,0.0721607357263565
C2,5529,1,0.07277500629425049,0.049558162689208984,0.061166584491729736,0.053646549582481384
C2,5530,1,0.08838951587677002,0.05468374490737915,0.07153663039207458,0.056074585765600204
C2,5531,1,0.08425498008728027,0.31230127811431885,0.19827812910079956,0.038442157208919525
C2,5532,1,0.38647890090942383,0.28362149000167847,0.33505019545555115,0.04161228612065315
C2,5533,1,0.3753562569618225,0.30682694911956787,0.3410916030406952,0.03719547390937805
C2,5534,1,0.4358937740325928,0.06160706281661987,0.24875041842460632,0.03172216936945915
C2,5535,1,0.3923555612564087,0.05521190166473389,0.2237837314605713,0.019104832783341408
C2,5536,1,0.39020997285842896,0.1517014503479004,0.2709557116031647,0.015142939984798431
C2,5537,1,0.3691898584365845,0.1676385998725891,0.2684142291545868,0.03508710116147995
C2,5538,1,0.24392080307006836,0.18073558807373047,0.21232819557189941,0.03805295377969742
C2,5539,1,0.2842329740524292,0.24477505683898926,0.26450401544570923,0.015507780946791172
C2,5540,1,0.15305596590042114,0.0591544508934021,0.10610520839691162,0.015668706968426704
C2,5541,1,0.09672784805297852,0.05579555034637451,0.07626169919967651,0.016138868406414986
C2,5542,1,0.0989375114440918,0.25992149114608765,0.17942950129508972,0.020632756873965263
C2,5543,1,0.10146909952163696,0.2450924515724182,0.1732807755470276,0.03142468258738518
C2,5544,1,0.04476720094680786,0.28938359022140503,0.16707539558410645,0.03450798615813255
C2,5545,1,0.06682759523391724,0.31657350063323975,0.1917005479335785,0.07049114257097244
C2,5546,1,0.26189976930618286,0.2187379002571106,0.24031883478164673,0.01620185188949108
C2,5547,1,0.21584534645080566,0.3721420168876648,0.29399368166923523,0.012974642217159271
C2,5548,1,0.17872971296310425,0.4285892844200134,0.30365949869155884,0.018345018848776817
C2,5549,1,0.21109908819198608,0.4045928716659546,0.30784597992897034,0.016538448631763458
C2,5550,1,0.09378033876419067,0.34317100048065186,0.21847566962242126,0.01889641024172306
C2,5551,1,0.08480358123779297,0.518862783908844,0.3018331825733185,0.020369717851281166
C2,5552,1,0.0819060206413269,0.22865736484527588,0.1552816927433014,0.015995819121599197
C2,5553,1,0.1512240767478943,0.27589982748031616,0.21356195211410522,0.010376214049756527
C2,5554,1,0.12610536813735962,0.38211047649383545,0.25410792231559753,0.010376214049756527
C2,5555,1,0.06367319822311401,0.21117037534713745,0.13742178678512573,0.009692970663309097
C2,5556,1,0.05438578128814697,0.1450987458229065,0.09974226355552673,0.013411549851298332
C2,5557,1,0.19819879531860352,0.2527414560317993,0.22547012567520142,0.01787666231393814
C2,5558,1,0.11091494560241699,0.09518575668334961,0.1030503511428833,0.02056271582841873
C2,5559,1,0.1339731216430664,0.12763386964797974,0.13080349564552307,0.020863905549049377
C2,5560,1,0.09714335203170776,0.17273807525634766,0.1349407136440277,0.02127416990697384
C2,5561,1,0.15109795331954956,0.2671661972999573,0.20913207530975342,0.019526727497577667
C2,5562,1,0.12239432334899902,0.5702979266643524,0.3463461250066757,0.016623511910438538
C2,5563,1,0.14787882566452026,0.24745571613311768,0.19766727089881897,0.01579315774142742
C2,5564,1,0.1434386968612671,0.33416539430618286,0.23880204558372498,0.022924035787582397
C2,5565,1,0.12331920862197876,0.20517581701278687,0.1642475128173828,0.02363855205476284
C2,5566,1,0.12331920862197876,0.35041922330856323,0.236869215965271,0.023311616852879524
C2,5567,1,0.5411168932914734,0.29927515983581543,0.4201960265636444,0.020380746573209763
C2,5568,1,0.5028459131717682,0.281350314617157,0.3920981138944626,0.027884168550372124
C2,5569,1,0.43728727102279663,0.24609673023223877,0.3416920006275177,0.013910205103456974
C2,5570,1,0.38041120767593384,0.19808733463287354,0.2892492711544037,0.011968832463026047
C2,5571,1,0.263868510723114,0.1585947871208191,0.21123164892196655,0.027475517243146896
C2,5572,1,0.28603118658065796,0.12980550527572632,0.20791834592819214,0.02953636460006237
C2,5573,1,0.2916906476020813,0.2036629319190979,0.2476767897605896,0.010191034525632858
C2,5574,1,0.42038238048553467,0.4156306982040405,0.4180065393447876,0.0075520542450249195
C2,5575,1,0.18960338830947876,0.3316345810890198,0.26061898469924927,0.006840475834906101
C2,5576,1,0.22881388664245605,0.2376035451889038,0.23320871591567993,0.00762208690866828
C2,5577,1,0.19503790140151978,0.1554633378982544,0.17525061964988708,0.08904013782739639
C2,5578,1,0.22210246324539185,0.17887252569198608,0.20048749446868896,0.060146354138851166
C2,5579,1,0.22210246324539185,0.15800535678863525,0.19005391001701355,0.07817745953798294
C2,5580,1,0.21490180492401123,0.1241457462310791,0.16952377557754517,0.07130244374275208
C2,5581,1,0.20655864477157593,0.23937606811523438,0.22296735644340515,0.04628730192780495
C2,5582,1,0.3426634669303894,0.2504907250404358,0.2965770959854126,0.050123803317546844
C2,5583,1,0.19787287712097168,0.10840368270874023,0.15313827991485596,0.04054463282227516
C2,5584,1,0.22174227237701416,0.05018991231918335,0.13596609234809875,0.03271080181002617
C2,5585,1,0.2090911865234375,0.05405151844024658,0.13157135248184204,0.02037481591105461
C2,5586,1,0.2090911865234375,0.04340904951095581,0.12625011801719666,0.02091073803603649
C2,5587,1,0.22318178415298462,0.02750980854034424,0.12534579634666443,0.05527239292860031
C2,5588,1,0.22318178415298462,0.0322880744934082,0.1277349293231964,0.03233025223016739
C2,5589,1,0.23336517810821533,0.07580697536468506,0.1545860767364502,0.05869276076555252
C2,5590,1,0.28192138671875,0.12643426656723022,0.2041778266429901,0.027237672358751297
C2,5591,1,0.29885250329971313,0.06822812557220459,0.18354031443595886,0.027237672358751297
C2,5592,1,0.29562896490097046,0.07381200790405273,0.1847204864025116,0.03514426574110985
C2,5593,1,0.30182474851608276,0.39777809381484985,0.3498014211654663,0.036384448409080505
C2,5594,1,0.3230900168418884,0.24400800466537476,0.2835490107536316,0.03574378043413162
C2,5595,1,0.37888258695602417,0.19292008876800537,0.28590133786201477,0.03906530514359474
C2,5596,1,0.530748188495636,0.16852706670761108,0.34963762760162354,0.027371995151042938
C2,5597,1,0.21744143962860107,0.29714763164520264,0.25729453563690186,0.034189458936452866
C2,5598,1,0.12516236305236816,0.25666123628616333,0.19091179966926575,0.04255172237753868
C2,5599,1,0.4340399503707886,0.24736511707305908,0.34070253372192383,0.04197712242603302
C2,5600,1,0.5643837153911591,0.25445371866226196,0.4094187170267105,0.04617790877819061
C2,5601,1,0.21100831031799316,0.270119845867157,0.24056407809257507,0.04337422177195549
C2,5602,1,0.21135801076889038,0.270119845867157,0.24073892831802368,0.04104042798280716
C2,5603,1,0.21135801076889038,0.2175908088684082,0.2144744098186493,0.041526831686496735
C2,5604,1,0.11964434385299683,0.19120019674301147,0.15542227029800415,0.04684403911232948
C2,5605,1,0.07877808809280396,0.1852487325668335,0.13201341032981873,0.09593898057937622
C2,5606,1,0.10244423151016235,0.11436343193054199,0.10840383172035217,0.06360079348087311
C2,5607,1,0.07544028759002686,0.12829148769378662,0.10186588764190674,0.041856762021780014
C2,5608,1,0.06968235969543457,0.21501535177230835,0.14234885573387146,0.041856762021780014
C2,5609,1,0.14567482471466064,0.411501944065094,0.2785883843898773,0.04781988263130188
C2,5610,1,0.1427549123764038,0.411501944065094,0.2771284282207489,0.04477199167013168
C2,5611,1,0.3686656951904297,0.38961249589920044,0.37913909554481506,0.07655301690101624
C2,5612,1,0.3394874930381775,0.20247137546539307,0.2709794342517853,0.06562583148479462
C2,5613,1,0.1533653736114502,0.2675475478172302,0.2104564607143402,0.03391900658607483
C2,5614,1,0.1586783528327942,0.1984337568283081,0.17855605483055115,0.03391900658607483
C2,5615,1,0.1073373556137085,0.12937235832214355,0.11835485696792603,0.031153401359915733
C2,5616,1,0.43649518489837646,0.12570452690124512,0.2810998558998108,0.03578072786331177
C2,5617,1,0.2720828652381897,0.3930753469467163,0.332579106092453,0.03236138075590134
C2,5618,1,0.22297918796539307,0.15310770273208618,0.18804344534873962,0.03950648754835129
C2,5619,1,0.4357437491416931,0.11922633647918701,0.27748504281044006,0.09223044663667679
C2,5620,1,0.6621179282665253,0.16424894332885742,0.41318343579769135,0.1625218391418457
C2,5621,1,0.52496537566185,0.16424894332885742,0.3446071594953537,0.1625218391418457
C2,5622,1,0.47839707136154175,0.14627039432525635,0.31233373284339905,0.08566317707300186
C2,5623,1,0.5178285837173462,0.08591383695602417,0.3018712103366852,0.05786567181348801
C2,5624,1,0.6916560530662537,0.050515711307525635,0.37108588218688965,0.06334987282752991
C2,5625,1,0.7183666229248047,0.03867948055267334,0.378523051738739,0.06334987282752991
C2,5626,1,0.7371201813220978,0.04919612407684326,0.3931581526994705,0.06488034874200821
C2,5627,1,0.6817959249019623,0.1969168782234192,0.43935640156269073,0.02283283695578575
C2,5628,1,0.5966393649578094,0.1969168782234192,0.3967781215906143,0.014578714035451412
C2,5629,1,0.7502803653478622,0.2095853090286255,0.47993283718824387,0.016594702377915382
C2,5630,1,0.7867107838392258,0.24505507946014404,0.5158829316496849,0.015818050131201744
C2,5631,1,0.7867107838392258,0.17522412538528442,0.4809674546122551,0.01555835735052824
C2,5632,1,0.7867107838392258,0.18233662843704224,0.484523706138134,0.01868368312716484
C2,5633,1,0.7867107838392258,0.17094039916992188,0.4788255915045738,0.01868368312716484
C2,5634,1,0.6616695821285248,0.06995415687561035,0.36581186950206757,0.014023799449205399
C2,5635,1,0.6469482481479645,0.20779931545257568,0.4273737818002701,0.02000289596617222
C2,5636,1,0.5088798105716705,0.13473957777023315,0.32180969417095184,0.02782961167395115
C2,5637,1,0.34722721576690674,0.2321200966835022,0.28967365622520447,0.04815090820193291
C2,5638,1,0.37409329414367676,0.13485944271087646,0.2544763684272766,0.05172598361968994
C2,5639,1,0.26624107360839844,0.40140682458877563,0.33382394909858704,0.049271054565906525
C2,5640,1,0.21232008934020996,0.5631690621376038,0.38774457573890686,0.058223966509103775
C2,5641,1,0.14000314474105835,0.4266406297683716,0.28332188725471497,0.043504539877176285
C2,5642,1,0.16916531324386597,0.5396672487258911,0.35441628098487854,0.07451537251472473
C2,5643,1,0.16916531324386597,0.5846103429794312,0.37688782811164856,0.07491329312324524
C2,5644,1,0.1582965850830078,0.2353326678276062,0.196814626455307,0.0706324502825737
C2,5645,1,0.39595532417297363,0.3184320330619812,0.3571936786174774,0.06439033895730972
C2,5646,1,0.4216839075088501,0.366243839263916,0.39396387338638306,0.06575711816549301
C2,5647,1,0.18932151794433594,0.5387729704380035,0.36404724419116974,0.07297536730766296
C2,5648,1,0.2731363773345947,0.5302289426326752,0.40168265998363495,0.047747232019901276
C2,5649,1,0.35244303941726685,0.6590827107429504,0.5057628750801086,0.045526791363954544
C2,5650,1,0.23865771293640137,0.6233557760715485,0.4310067445039749,0.0340912863612175
C2,5651,1,0.2317349910736084,0.553607314825058,0.3926711529493332,0.029525505378842354
C2,5652,1,0.2196621298789978,0.3386450409889221,0.27915358543395996,0.025797095149755478
C2,5653,1,0.23305010795593262,0.548076868057251,0.3905634880065918,0.017378466203808784
C2,5654,1,0.19669556617736816,0.6502896845340729,0.4234926253557205,0.029552163556218147
C2,5655,1,0.26306307315826416,0.4417312741279602,0.3523971736431122,0.02911798655986786
C2,5656,1,0.2647690176963806,0.24606525897979736,0.255417138338089,0.035542331635951996
C2,5657,1,0.2435687780380249,0.33299779891967773,0.2882832884788513,0.031301792711019516
C2,5658,1,0.3558087944984436,0.36580538749694824,0.3608070909976959,0.03512874245643616
C2,5659,1,0.48073309659957886,0.4936891794204712,0.487211138010025,0.03512874245643616
C2,5660,1,0.3791224956512451,0.2708579897880554,0.32499024271965027,0.029350582510232925
C2,5661,1,0.2564961910247803,0.35042351484298706,0.30345985293388367,0.033376216888427734
C2,5662,1,0.4939457178115845,0.5274447500705719,0.5106952339410782,0.03404074162244797
C2,5663,1,0.47234421968460083,0.6082558929920197,0.5403000563383102,0.03786982595920563
C2,5664,1,0.2984952926635742,0.5469813346862793,0.42273831367492676,0.03812403231859207
C2,5665,1,0.1624053716659546,0.5469813346862793,0.35469335317611694,0.055756088346242905
C2,5666,1,0.265389084815979,0.5469813346862793,0.40618520975112915,0.05064450204372406
C2,5667,1,0.29595524072647095,0.5469813346862793,0.4214682877063751,0.047418009489774704
C2,5668,1,0.3729202151298523,0.3229709267616272,0.34794557094573975,0.07261637598276138
C2,5669,1,0.2794315814971924,0.40528231859207153,0.34235695004463196,0.07141391932964325
C2,5670,1,0.4115833640098572,0.5465856492519379,0.4790845066308975,0.06812506169080734
C2,5671,1,0.5273008346557617,0.5633519887924194,0.5453264117240906,0.0491892509162426
C2,5672,1,0.34628546237945557,0.3274524211883545,0.33686894178390503,0.03695016726851463
C2,5673,1,0.2670765519142151,0.3008592128753662,0.28396788239479065,0.03259573131799698
C2,5674,1,0.17128193378448486,0.5172249674797058,0.34425345063209534,0.04720832407474518
C2,5675,1,0.17128193378448486,0.25277185440063477,0.21202689409255981,0.04600212723016739
C2,5676,1,0.1465076208114624,0.2657362222671509,0.20612192153930664,0.046280570328235626
C2,5677,1,0.27707427740097046,0.292047381401062,0.28456082940101624,0.032637570053339005
C2,5678,1,0.3439252972602844,0.43905532360076904,0.39149031043052673,0.03243739530444145
C2,5679,1,0.29203033447265625,0.14297229051589966,0.21750131249427795,0.031035395339131355
C2,5680,1,0.5658617913722992,0.13413405418395996,0.3499979227781296,0.04356059059500694
C2,5681,1,0.3447464108467102,0.2494698166847229,0.29710811376571655,0.0600135400891304
C2,5682,1,0.14566314220428467,0.0876430869102478,0.11665311455726624,0.04618179053068161
C2,5683,1,0.39345085620880127,0.3165637254714966,0.3550072908401489,0.04369383677840233
C2,5684,1,0.4453287720680237,0.3165637254714966,0.38094624876976013,0.040423229336738586
C2,5685,1,0.4169906973838806,0.3297020196914673,0.37334635853767395,0.03449293226003647
C2,5686,1,0.4169906973838806,0.3105219602584839,0.36375632882118225,0.03321843221783638
C2,5687,1,0.399009644985199,0.2880464792251587,0.34352806210517883,0.028270551934838295
C2,5688,1,0.3648342490196228,0.2616117000579834,0.3132229745388031,0.031821418553590775
C2,5689,1,0.34746474027633667,0.25423896312713623,0.30085185170173645,0.035852693021297455
C2,5690,1,0.42983686923980713,0.2168094515800476,0.32332316040992737,0.034741804003715515
C2,5691,1,0.7029851973056793,0.55905482172966,0.6310200095176697,0.03858672454953194
C2,5692,1,0.29367607831954956,0.309894859790802,0.3017854690551758,0.0377885140478611
C2,5693,1,0.20586729049682617,0.47073614597320557,0.33830171823501587,0.011740273796021938
C2,5694,1,0.398789644241333,0.25294768810272217,0.3258686661720276,0.017198126763105392
C2,5695,1,0.509658694267273,0.31298309564590454,0.41132089495658875,0.01936476305127144
C2,5696,1,0.5110284090042114,0.622230738401413,0.5666295737028122,0.02611398883163929
C2,5697,1,0.5775943100452423,0.05955243110656738,0.31857337057590485,0.03784369304776192
C2,5698,1,0.5775943100452423,0.051502346992492676,0.3145483285188675,0.03559676185250282
C2,5699,1,0.4782397747039795,0.04731041193008423,0.26277509331703186,0.037977054715156555
C2,5700,1,0.228715181350708,0.060272395610809326,0.14449378848075867,0.03990127146244049
C2,5701,1,0.31394195556640625,0.19575613737106323,0.25484904646873474,0.03455068916082382
C2,5702,1,0.31394195556640625,0.16479849815368652,0.2393702268600464,0.03455068916082382
C2,5703,1,0.2981070280075073,0.18543601036071777,0.24177151918411255,0.03640110790729523
C2,5704,1,0.47695863246917725,0.18543601036071777,0.3311973214149475,0.09112649410963058
C2,5705,1,0.4533500671386719,0.08026254177093506,0.26680630445480347,0.02743222564458847
C2,5706,1,0.4522302746772766,0.07497382164001465,0.26360204815864563,0.03435879945755005
C2,5707,1,0.2069280743598938,0.174979567527771,0.1909538209438324,0.055239059031009674
C2,5708,1,0.15856671333312988,0.1548823118209839,0.15672451257705688,0.03985227644443512
C2,5709,1,0.19304174184799194,0.1548823118209839,0.17396202683448792,0.02444859780371189
C2,5710,1,0.22497189044952393,0.15438026189804077,0.18967607617378235,0.015871869400143623
C2,5711,1,0.27197355031967163,0.0982556939125061,0.18511462211608887,0.015666810795664787
C2,5712,1,0.28599750995635986,0.10109531879425049,0.19354641437530518,0.018255876377224922
C2,5713,1,0.29099345207214355,0.14874035120010376,0.21986690163612366,0.030254565179347992
C2,5714,1,0.24500113725662231,0.045378148555755615,0.14518964290618896,0.04192344844341278
C2,5715,1,0.1825236678123474,0.11940646171569824,0.15096506476402283,0.0472225546836853
C2,5716,1,0.14484822750091553,0.13264143466949463,0.13874483108520508,0.011034516617655754
C2,5717,1,0.1528528332710266,0.13264143466949463,0.14274713397026062,0.018754620105028152
C2,5718,1,0.1494978666305542,0.13400453329086304,0.14175119996070862,0.018754620105028152
C2,5719,1,0.15360713005065918,0.3020704388618469,0.22783878445625305,0.014305581338703632
C2,5720,1,0.2041073441505432,0.3020704388618469,0.25308889150619507,0.010768834501504898
C2,5721,1,0.018092215061187744,0.27063584327697754,0.14436402916908264,0.016815010458230972
C2,5722,1,0.0520365834236145,0.27063584327697754,0.16133621335029602,0.016815010458230972
C2,5723,1,0.10554927587509155,0.34244364500045776,0.22399646043777466,0.009247947484254837
C2,5724,1,0.04909294843673706,0.4811761975288391,0.2651345729827881,0.017477070912718773
C2,5725,1,0.05844491720199585,0.448114275932312,0.25327959656715393,0.021043438464403152
C2,5726,1,0.04700314998626709,0.23737388849258423,0.14218851923942566,0.025551509112119675
C2,5727,1,0.10646587610244751,0.42566347122192383,0.26606467366218567,0.05423538014292717
C2,5728,1,0.12544840574264526,0.4323006868362427,0.27887454628944397,0.028642749413847923
C2,5729,1,0.2341841459274292,0.3142319321632385,0.27420803904533386,0.05875818431377411
C2,5730,1,0.2353571057319641,0.12590330839157104,0.18063020706176758,0.020448623225092888
C2,5731,1,0.39771974086761475,0.4661298394203186,0.4319247901439667,0.024559320881962776
C2,5732,1,0.7332468628883362,0.7643079608678818,0.748777411878109,0.01473318226635456
C2,5733,1,0.6694194376468658,0.6706197261810303,0.6700195819139481,0.024703972041606903
C2,5734,1,0.6467110216617584,0.8454233258962631,0.7460671737790108,0.012624592520296574
C2,5735,1,0.31068873405456543,0.8262910097837448,0.5684898719191551,0.01305303256958723
C2,5736,1,0.38913804292678833,0.6219350397586823,0.5055365413427353,0.01271122507750988
C2,5737,1,0.4073423743247986,0.4727392792701721,0.44004082679748535,0.010982326231896877
C2,5738,1,0.1714797019958496,0.4513235092163086,0.3114016056060791,0.025742795318365097
C2,5739,1,0.25555819272994995,0.4991663098335266,0.3773622512817383,0.025742795318365097
C2,5740,1,0.7640468627214432,0.7207826972007751,0.7424147799611092,0.025067061185836792
C2,5741,1,0.4495725631713867,0.4119468331336975,0.4307596981525421,0.022755105048418045
C2,5742,1,0.7046861350536346,0.6679565906524658,0.6863213628530502,0.029987046495079994
C2,5743,1,0.3284928798675537,0.6439325213432312,0.48621270060539246,0.023680517449975014
C2,5744,1,0.24496614933013916,0.4985924959182739,0.37177932262420654,0.024460485205054283
C2,5745,1,0.32208675146102905,0.33566445112228394,0.3288756012916565,0.023849407210946083
C2,5746,1,0.32769709825515747,0.18207848072052002,0.25488778948783875,0.02020743303000927
C2,5747,1,0.5542358160018921,0.16039437055587769,0.3573150932788849,0.019335124641656876
C2,5748,1,0.6697511672973633,0.1801549196243286,0.42495304346084595,0.017614485695958138
C2,5749,1,0.29188042879104614,0.21598756313323975,0.25393399596214294,0.013928420841693878
C2,5750,1,0.4128851890563965,0.13933104276657104,0.27610811591148376,0.03141556680202484
C2,5751,1,0.24511569738388062,0.062107205390930176,0.1536114513874054,0.016121115535497665
C2,5752,1,0.48968178033828735,0.1521626114845276,0.32092219591140747,0.01437885407358408
C2,5753,1,0.359688937664032,0.32850807905197144,0.3440985083580017,0.030414029955863953
C2,5754,1,0.2483600378036499,0.22784358263015747,0.2381018102169037,0.060557134449481964
C2,5755,1,0.23407429456710815,0.2927147150039673,0.2633945047855377,0.09681623429059982
C2,5756,1,0.42084944248199463,0.18934965133666992,0.3050995469093323,0.058852653950452805
C2,5757,1,0.4127054810523987,0.4941098690032959,0.4534076750278473,0.7954567074775696
C2,5758,1,0.4006529450416565,0.20235252380371094,0.3015027344226837,0.7198499441146851
C2,5759,1,0.5179292857646942,0.20062583684921265,0.35927756130695343,0.7947636842727661
C2,5760,1,0.5179292857646942,0.20062583684921265,0.35927756130695343,0.670964777469635
C2,5761,1,0.5179292857646942,0.18977701663970947,0.35385315120220184,0.37823057174682617
C2,5762,1,0.22808760404586792,0.13280892372131348,0.1804482638835907,0.49586009979248047
C2,5763,1,0.4289138913154602,0.16485661268234253,0.29688525199890137,0.21447785198688507
C2,5764,1,0.3523915410041809,0.1439574956893921,0.2481745183467865,0.1777358055114746
C2,5765,1,0.4770781397819519,0.4107755422592163,0.4439268410205841,0.245387464761734
C2,5766,1,0.4738885760307312,0.2321000099182129,0.35299429297447205,0.6372365355491638
C2,5767,1,0.32888996601104736,0.37443017959594727,0.3516600728034973,0.6824302673339844
C2,5768,1,0.5004912614822388,0.12340438365936279,0.3119478225708008,0.5676807761192322
C2,5769,1,0.20987701416015625,0.4918676018714905,0.35087230801582336,0.6662964820861816
C2,5770,1,0.19715404510498047,0.2607455849647522,0.22894981503486633,0.6564203500747681
C2,5771,1,0.27747970819473267,0.39097392559051514,0.3342268168926239,0.44520464539527893
C2,5772,1,0.264523446559906,0.32077616453170776,0.2926498055458069,0.8166326880455017
C2,5773,1,0.38192033767700195,0.1360255479812622,0.2589729428291321,0.8335981369018555
C2,5774,1,0.2869716286659241,0.3416523337364197,0.3143119812011719,0.8077165484428406
C2,5775,1,0.3972780704498291,0.36871057748794556,0.38299432396888733,0.9343273639678955
C2,5776,1,0.2879658341407776,0.13113188743591309,0.20954886078834534,0.9482454657554626
C2,5777,1,0.07953721284866333,0.1951305866241455,0.13733389973640442,0.8931074142456055
C2,5778,1,0.21406328678131104,0.39047175645828247,0.30226752161979675,0.8691303730010986
C2,5779,1,0.2873570919036865,0.153692364692688,0.22052472829818726,0.9353123903274536
C2,5780,1,0.076995849609375,0.17504924535751343,0.1260225474834442,0.973207414150238
C2,5781,1,0.3453977108001709,0.29771673679351807,0.3215572237968445,0.963007926940918
C2,5782,1,0.17644262313842773,0.2455531358718872,0.21099787950515747,0.9835646152496338
C2,5783,1,0.4012693762779236,0.44840580224990845,0.424837589263916,0.9790908098220825
C2,5784,1,0.3287489414215088,0.5911610722541809,0.45995500683784485,0.9831814169883728
C2,5785,1,0.6987828612327576,0.40900516510009766,0.5538940131664276,0.9466776251792908
C2,5786,1,0.6987828612327576,0.16690105199813843,0.432841956615448,0.9898560047149658
C2,5787,1,0.5640907883644104,0.20417577028274536,0.3841332793235779,0.9782706499099731
C2,5788,1,0.2871299982070923,0.3026700019836426,0.29490000009536743,0.9740288257598877
C2,5789,1,0.44424760341644287,0.3026700019836426,0.3734588027000427,0.9862692952156067
C2,5790,1,0.4686369299888611,0.37367600202560425,0.42115646600723267,0.8213950395584106
C2,5791,1,0.61520916223526,0.2699053883552551,0.44255727529525757,0.9483513832092285
C2,5792,1,0.6481497287750244,0.31512075662612915,0.4816352427005768,0.9739189147949219
C2,5793,1,0.5518513321876526,0.3777503967285156,0.4648008644580841,0.9577690958976746
C2,5794,1,0.5212528109550476,0.3989495038986206,0.4601011574268341,0.9702296257019043
C2,5795,1,0.42099863290786743,0.3989896774291992,0.4099941551685333,0.9349039793014526
C2,5796,1,0.35588186979293823,0.213731050491333,0.2848064601421356,0.8753583431243896
C2,5797,1,0.3434455990791321,0.12481051683425903,0.23412805795669556,0.8255233764648438
C2,5798,1,0.0932164192199707,0.2500419020652771,0.1716291606426239,0.923633337020874
C2,5799,1,0.17592161893844604,0.43913882970809937,0.3075302243232727,0.9765836000442505
C2,5800,1,0.2637009024620056,0.3122044801712036,0.2879526913166046,0.9830187559127808
C2,5801,1,0.10608786344528198,0.40865951776504517,0.2573736906051636,0.9587403535842896
C2,5802,1,0.4078432321548462,0.21034741401672363,0.3090953230857849,0.9034895896911621
C2,5803,1,0.649063915014267,0.10875380039215088,0.3789088577032089,0.8551366925239563
C2,5804,1,0.4297909140586853,0.11040431261062622,0.27009761333465576,0.9786921143531799
C2,5805,1,0.28302544355392456,0.2683292627334595,0.275677353143692,0.9524070620536804
C2,5806,1,0.16357427835464478,0.16112512350082397,0.16234970092773438,0.8842341899871826
C2,5807,1,0.4740898013114929,0.16871857643127441,0.32140418887138367,0.9898874163627625
C2,5808,1,0.6825094819068909,0.054085493087768555,0.3682974874973297,0.9748890399932861
C2,5809,1,0.4926283359527588,0.12276417016983032,0.30769625306129456,0.975969135761261
C2,5810,1,0.4192039966583252,0.15856045484542847,0.28888222575187683,0.9756351113319397
C2,5811,1,0.8389816135168076,0.18820297718048096,0.5135922953486443,0.989945113658905
C2,5812,1,0.8746001422405243,0.13570666313171387,0.5051534026861191,0.9434321522712708
C2,5813,1,0.8105741143226624,0.20251619815826416,0.5065451562404633,0.9914695620536804
C2,5814,1,0.8403962999582291,0.24906593561172485,0.544731117784977,0.9856088757514954
C2,5815,1,0.5253121852874756,0.26962780952453613,0.39746999740600586,0.9899387359619141
C2,5816,1,0.4060789942741394,0.27415841817855835,0.3401187062263489,0.9940524697303772
C2,5817,1,0.1706746220588684,0.22524088621139526,0.19795775413513184,0.9935246706008911
C2,5818,1,0.3133805990219116,0.12368422746658325,0.21853241324424744,0.9890283346176147
C2,5819,1,0.5784061551094055,0.11375951766967773,0.3460828363895416,0.9874961376190186
C2,5820,1,0.7780430763959885,0.11375951766967773,0.4459012970328331,0.9941608309745789
C2,5821,1,0.7214347422122955,0.11375951766967773,0.41759712994098663,0.9974269270896912
C2,5822,1,0.8088559508323669,0.06578147411346436,0.43731871247291565,0.9978387951850891
C2,5823,1,0.4267619848251343,0.20641577243804932,0.3165888786315918,0.9953784942626953
C2,5824,1,0.5379860997200012,0.27711182832717896,0.4075489640235901,0.9948864579200745
C2,5825,1,0.3850032091140747,0.2350807785987854,0.31004199385643005,0.9959413409233093
C2,5826,1,0.3331836462020874,0.24984675645828247,0.29151520133018494,0.9934983253479004
C2,5827,1,0.47170037031173706,0.20057827234268188,0.3361393213272095,0.9957002401351929
C2,5828,1,0.4931129217147827,0.20057827234268188,0.3468455970287323,0.9964176416397095
C2,5829,1,0.4931129217147827,0.3425546884536743,0.4178338050842285,0.9868351817131042
C2,5830,1,0.3955317735671997,0.3432592749595642,0.36939552426338196,0.9946461319923401
C2,5831,1,0.4654518961906433,0.3969927430152893,0.4312223196029663,0.9936840534210205
C2,5832,1,0.5347411334514618,0.3622111678123474,0.4484761506319046,0.9854045510292053
C2,5833,1,0.7983330488204956,0.7923259437084198,0.7953294962644577,0.9836347103118896
C2,5834,1,0.7250262796878815,0.7923259437084198,0.7586761116981506,0.9903771281242371
C2,5835,1,0.5136011838912964,0.7026197612285614,0.6081104725599289,0.9936385750770569
C2,5836,1,0.599812924861908,0.20449298620224,0.402152955532074,0.9852628707885742
C2,5837,1,0.7292064130306244,0.7369336187839508,0.7330700159072876,0.9683664441108704
C2,5838,1,0.4523744583129883,0.15511029958724976,0.303742378950119,0.9722641110420227
C2,5839,1,0.7101220488548279,0.818837970495224,0.7644800096750259,0.9856776595115662
C2,5840,1,0.5374056696891785,0.9183000102639198,0.7278528399765491,0.9852946996688843
C2,5841,1,0.4194798469543457,0.8648195713758469,0.6421497091650963,0.9957777261734009
C2,5842,1,0.6093825697898865,0.8265627920627594,0.7179726809263229,0.9935374855995178
C2,5843,1,0.5269367098808289,0.7201840877532959,0.6235603988170624,0.9929642677307129
C2,5844,1,0.7977030277252197,0.663256973028183,0.7304800003767014,0.9974127411842346
C2,5845,1,0.8576612919569016,0.5257993936538696,0.6917303428053856,0.9934588074684143
C2,5846,1,0.6781796813011169,0.5257993936538696,0.6019895374774933,0.9956039190292358
C2,5847,1,0.6781796813011169,0.24226874113082886,0.4602242112159729,0.993747353553772
C2,5848,1,0.9214162975549698,0.5115191638469696,0.7164677307009697,0.9892827272415161
C2,5849,1,0.6642871201038361,0.4347020387649536,0.5494945794343948,0.9922050833702087
C2,5850,1,0.5055427849292755,0.5670613646507263,0.5363020747900009,0.9920799136161804
C2,5851,1,0.7827503383159637,0.6410222351551056,0.7118862867355347,0.9917987585067749
C2,5852,1,0.6731823980808258,0.6227794587612152,0.6479809284210205,0.9918264150619507
C2,5853,1,0.7411403656005859,0.6111569404602051,0.6761486530303955,0.9840278625488281
C2,5854,1,0.7042202949523926,0.4437550902366638,0.5739876925945282,0.9576417803764343
C2,5855,1,0.7042202949523926,0.7258620262145996,0.7150411605834961,0.9796217679977417
C2,5856,1,0.557250052690506,0.7395166754722595,0.6483833640813828,0.960139811038971
C2,5857,1,0.5965356528759003,0.8274436593055725,0.7119896560907364,0.9675670266151428
C2,5858,1,0.7891238033771515,0.8978445082902908,0.8434841558337212,0.9641479849815369
C2,5859,1,0.8091360330581665,0.8315076231956482,0.8203218281269073,0.9818570017814636
C2,5860,1,0.6549795269966125,0.8945857360959053,0.7747826315462589,0.9888908863067627
C2,5861,1,0.8239869773387909,0.5848934352397919,0.7044402062892914,0.9824438691139221
C2,5862,1,0.7816834151744843,0.9082376956939697,0.844960555434227,0.8814412951469421
C2,5863,1,0.8869803920388222,0.7291018664836884,0.8080411292612553,0.8592926263809204
C2,5864,1,0.8760111704468727,0.7841112464666367,0.8300612084567547,0.6972925066947937
C2,5865,1,0.64255091547966,0.6722099184989929,0.6573804169893265,0.8751071095466614
C2,5866,1,0.6675302982330322,0.8080484569072723,0.7377893775701523,0.5623435974121094
C2,5867,1,0.6122664213180542,0.36701643466949463,0.4896414279937744,0.7835532426834106
C2,5868,1,0.6612483561038971,0.7944232672452927,0.7278358116745949,0.6260296106338501
C2,5869,1,0.7493321597576141,0.3869873285293579,0.568159744143486,0.6937808990478516
C2,5870,1,0.56824791431427,0.7514543980360031,0.6598511561751366,0.5774802565574646
C2,5871,1,0.6628393530845642,0.6923093497753143,0.6775743514299393,0.615127682685852
C2,5872,1,0.8288285881280899,0.8317489624023438,0.8302887752652168,0.8344434499740601
C2,5873,1,0.8028947114944458,0.928829625248909,0.8658621683716774,0.9113613367080688
C2,5874,1,0.8773091062903404,0.9420034997165203,0.9096563030034304,0.8850228786468506
C2,5875,1,0.750138446688652,0.9735709484666586,0.8618546975776553,0.9091686010360718
C2,5876,1,0.7775322794914246,0.8028162270784378,0.7901742532849312,0.916559100151062
C2,5877,1,0.5607830584049225,0.8607435077428818,0.7107632830739021,0.9800743460655212
C2,5878,1,0.5614805817604065,0.5342010855674744,0.5478408336639404,0.9844585657119751
C2,5879,1,0.2310314178466797,0.40575504302978516,0.3183932304382324,0.9792172908782959
C2,5880,1,0.23621541261672974,0.5269048511981964,0.3815601319074631,0.9870773553848267
C2,5881,1,0.6824305653572083,0.7208584249019623,0.7016444951295853,0.9654456973075867
C2,5882,1,0.6824305653572083,0.7280368208885193,0.7052336931228638,0.9817983508110046
C2,5883,1,0.71616992354393,0.6199780106544495,0.6680739670991898,0.9562066793441772
C2,5884,1,0.7351563274860382,0.8373534232378006,0.7862548753619194,0.97461998462677
C2,5885,1,0.7278509736061096,0.6622926294803619,0.6950718015432358,0.9701249003410339
C2,5886,1,0.7796106785535812,0.8208479285240173,0.8002293035387993,0.9605538249015808
C2,5887,1,0.8652707040309906,0.8092748820781708,0.8372727930545807,0.9319615364074707
C2,5888,1,0.7190182209014893,0.7635917514562607,0.741304986178875,0.9506582021713257
C2,5889,1,0.8196715116500854,0.8191208243370056,0.8193961679935455,0.9877977967262268
C2,5890,1,0.8327910751104355,0.7779772579669952,0.8053841665387154,0.9768660068511963
C2,5891,1,0.861120268702507,0.6059126555919647,0.7335164621472359,0.9026148319244385
C2,5892,1,0.8919219672679901,0.7368588447570801,0.8143904060125351,0.9630085825920105
C2,5893,1,0.6495023965835571,0.505454808473587,0.5774786025285721,0.9312876462936401
C2,5894,1,0.29566657543182373,0.6543285548686981,0.4749975651502609,0.9388216733932495
C2,5895,1,0.8307108879089355,0.5532954633235931,0.6920031756162643,0.8906559348106384
C2,5896,1,0.509549081325531,0.3080599308013916,0.4088045060634613,0.981721043586731
C2,5897,1,0.333864688873291,0.382951021194458,0.3584078550338745,0.9551082849502563
C2,5898,1,0.641743928194046,0.5229873955249786,0.5823656618595123,0.8226464986801147
C2,5899,1,0.7026536762714386,0.4255521297454834,0.564102903008461,0.8376699090003967
C2,5900,1,0.5258695483207703,0.6373943388462067,0.5816319435834885,0.8740304112434387
C2,5901,1,0.9050779715180397,0.680134505033493,0.7926062382757664,0.7304133176803589
C2,5902,1,0.1910111904144287,0.8892124891281128,0.5401118397712708,0.7464042901992798
C2,5903,1,0.2703593969345093,0.3590233325958252,0.31469136476516724,0.753983199596405
C2,5904,1,0.3707835078239441,0.6833648979663849,0.5270742028951645,0.5618417263031006
C2,5905,1,0.9024324044585228,0.5708135962486267,0.7366230003535748,0.46587932109832764
C2,5906,1,0.8594793975353241,0.7395972013473511,0.7995382994413376,0.8702048063278198
C2,5907,1,0.788244754076004,0.7879078388214111,0.7880762964487076,0.5481388568878174
C2,5908,1,0.22005116939544678,0.8311938792467117,0.5256225243210793,0.8092884421348572
C2,5909,1,0.7914585620164871,0.08776336908340454,0.43961096554994583,0.7687376737594604
C2,5910,1,0.8842586129903793,0.14011287689208984,0.5121857449412346,0.6087337732315063
C2,5911,1,0.9237911850214005,0.6786972880363464,0.8012442365288734,0.7299131155014038
C2,5912,1,0.8547379523515701,0.1503068208694458,0.502522386610508,0.5553249716758728
C2,5913,1,0.8984260782599449,0.32934945821762085,0.6138877682387829,0.28634774684906006
C2,5914,1,0.8264568746089935,0.587909996509552,0.7071834355592728,0.5386496186256409
C2,5915,1,0.7010193467140198,0.7964127510786057,0.7487160488963127,0.6557856202125549
C2,5916,1,0.8190445452928543,0.8235161155462265,0.8212803304195404,0.5430396199226379
C2,5917,1,0.6694841086864471,0.8067516088485718,0.7381178587675095,0.4796387851238251
C2,5918,1,0.5743845999240875,0.8411803841590881,0.7077824920415878,0.2842622995376587
C2,5919,1,0.8611192554235458,0.799639418721199,0.8303793370723724,0.36462268233299255
C2,5920,1,0.6487724483013153,0.2354143261909485,0.4420933872461319,0.390465646982193
C2,5921,1,0.8701616823673248,0.4678030014038086,0.6689823418855667,0.18797926604747772
C2,5922,1,0.8174124211072922,0.7810793220996857,0.7992458716034889,0.3295315206050873
C2,5923,1,0.7092441618442535,0.6152899861335754,0.6622670739889145,0.18316513299942017
C2,5924,1,0.5601267516613007,0.3721061944961548,0.4661164730787277,0.05005008354783058
C2,5925,1,0.580402672290802,0.35997480154037476,0.4701887369155884,0.016612134873867035
C2,5926,1,0.5910055041313171,0.39446359872817993,0.49273455142974854,0.031135499477386475
C2,5927,1,0.646015077829361,0.1954978108406067,0.4207564443349838,0.053017500787973404
C2,5928,1,0.46933668851852417,0.12118494510650635,0.29526081681251526,0.04751313105225563
C2,5929,1,0.6552330851554871,0.07025176286697388,0.36274242401123047,0.033207330852746964
C2,5930,1,0.6690430343151093,0.16170108318328857,0.4153720587491989,0.013245507143437862
C2,5931,1,0.6000565886497498,0.49570828676223755,0.5478824377059937,0.015564662404358387
C2,5932,1,0.6904187798500061,0.14446288347244263,0.41744083166122437,0.0037352764047682285
C2,5933,1,0.814955323934555,0.5871690213680267,0.7010621726512909,0.02709226869046688
C2,5934,1,0.6975594758987427,0.6835068464279175,0.6905331611633301,0.019479645416140556
C2,5935,1,0.6813876628875732,0.06895864009857178,0.3751731514930725,0.011907625012099743
C2,5936,1,0.3651416301727295,0.20649933815002441,0.28582048416137695,0.008321089670062065
C2,5937,1,0.4177113175392151,0.24928337335586548,0.3334973454475403,0.09776698052883148
C2,5938,1,0.4177113175392151,0.34509211778640747,0.3814017176628113,0.08281190693378448
C2,5939,1,0.3176129460334778,0.4785640835762024,0.3980885148048401,0.11630794405937195
C2,5940,1,0.4099076986312866,0.5192320644855499,0.4645698815584183,0.10609288513660431
C2,5941,1,0.636148989200592,0.13970351219177246,0.38792625069618225,0.07342004776000977
C2,5942,1,0.636148989200592,0.45273929834365845,0.5444441437721252,0.07457537949085236
C2,5943,1,0.46991127729415894,0.24162077903747559,0.35576602816581726,0.0400996170938015
C2,5944,1,0.6937200129032135,0.24162077903747559,0.46767039597034454,0.06075824424624443
C2,5945,1,0.8610013276338577,0.19601893424987793,0.5285101309418678,0.039302047342061996
C2,5946,1,0.6181893348693848,0.19601893424987793,0.40710413455963135,0.04322562739253044
C2,5947,1,0.75185427069664,0.5655288696289062,0.6586915701627731,0.05439823865890503
C2,5948,1,0.581139326095581,0.3261547088623047,0.45364701747894287,0.04122605547308922
C2,5949,1,0.5639831721782684,0.14611542224884033,0.3550492972135544,0.04888090491294861
C2,5950,1,0.6105009615421295,0.2558850646018982,0.43319301307201385,0.047791238874197006
C2,5951,1,0.6755127310752869,0.293725848197937,0.48461928963661194,0.030588360503315926
C2,5952,1,0.6936991810798645,0.4085560441017151,0.5511276125907898,0.03512832522392273
C2,5953,1,0.5153898298740387,0.4575188159942627,0.4864543229341507,0.024927211925387383
C2,5954,1,0.4209641218185425,0.5708203613758087,0.4958922415971756,0.04112069308757782
C2,5955,1,0.19418573379516602,0.4193088412284851,0.30674728751182556,0.042400747537612915
C2,5956,1,0.24954712390899658,0.8715424537658691,0.5605447888374329,0.05714607611298561
C2,5957,1,0.5615537464618683,0.5015601515769958,0.5315569490194321,0.06067364290356636
C2,5958,1,0.2208617925643921,0.5700638592243195,0.3954628258943558,0.08274072408676147
C2,5959,1,0.4900931715965271,0.4426138401031494,0.46635350584983826,0.03314419463276863
C2,5960,1,0.6154076755046844,0.2746503949165344,0.44502903521060944,0.02495725266635418
C2,5961,1,0.5937946736812592,0.10013502836227417,0.34696485102176666,0.022584665566682816
C2,5962,1,0.5937946736812592,0.7422299683094025,0.6680123209953308,0.023107048124074936
C2,5963,1,0.15400785207748413,0.820791482925415,0.4873996675014496,0.042088549584150314
C2,5964,1,0.1399226188659668,0.8832772299647331,0.51159992441535,0.02740686759352684
C2,5965,1,0.3780270218849182,0.4027032256126404,0.3903651237487793,0.01446051336824894
C2,5966,1,0.41614437103271484,0.5267442464828491,0.471444308757782,0.01446051336824894
C2,5967,1,0.7628651261329651,0.279214084148407,0.521039605140686,0.01513386145234108
C2,5968,1,0.5155675411224365,0.23214221000671387,0.3738548755645752,0.02267143502831459
C2,5969,1,0.5595078766345978,0.20171546936035156,0.38061167299747467,0.027531201019883156
C2,5970,1,0.6532938778400421,0.13753873109817505,0.3954163044691086,0.029763365164399147
C2,5971,1,0.5552649199962616,0.4415452480316162,0.4984050840139389,0.019155528396368027
C2,5972,1,0.6883140504360199,0.298300564289093,0.49330730736255646,0.012678766623139381
C2,5973,1,0.6289585828781128,0.1571028232574463,0.39303070306777954,0.019486023113131523
C2,5974,1,0.4754927158355713,0.2940875291824341,0.3847901225090027,0.0210091695189476
C2,5975,1,0.39088165760040283,0.4987301826477051,0.44480592012405396,0.03517669439315796
C2,5976,1,0.6470816731452942,0.6589376628398895,0.6530096679925919,0.0184322576969862
C2,5977,1,0.7153323292732239,0.48714882135391235,0.6012405753135681,0.018177850171923637
C2,5978,1,0.7089799046516418,0.3737608790397644,0.5413703918457031,0.024734146893024445
C2,5979,1,0.8086917251348495,0.4829789996147156,0.6458353623747826,0.07509727776050568
C2,5980,1,0.8157912194728851,0.3447027802467346,0.5802469998598099,0.02916894666850567
C2,5981,1,0.4247038960456848,0.19706928730010986,0.31088659167289734,0.40779563784599304
C2,5982,1,0.7330861687660217,0.32031601667404175,0.5267010927200317,0.3582470715045929
C2,5983,1,0.7627083212137222,0.7183113694190979,0.7405098453164101,0.16563580930233002
C2,5984,1,0.5921984612941742,0.5912027955055237,0.5917006283998489,0.10912953317165375
C2,5985,1,0.29067665338516235,0.7174397706985474,0.5040582120418549,0.1316060870885849
C2,5986,1,0.28447669744491577,0.2823939919471741,0.2834353446960449,0.08414190262556076
C2,5987,1,0.42633169889450073,0.39103615283966064,0.4086839258670807,0.33320605754852295
C2,5988,1,0.5209699869155884,0.7637777626514435,0.6423738747835159,0.17980000376701355
C2,5989,1,0.3607715368270874,0.6852221786975861,0.5229968577623367,0.42850494384765625
C2,5990,1,0.5183470249176025,0.6571433246135712,0.5877451747655869,0.41570472717285156
C2,5991,1,0.4600520730018616,0.5843918919563293,0.5222219824790955,0.3285731375217438
C2,5992,1,0.15605944395065308,0.5181049108505249,0.337082177400589,0.35452619194984436
C2,5993,1,0.46988826990127563,0.5409987270832062,0.5054434984922409,0.3242209553718567
C2,5994,1,0.23825567960739136,0.7169530093669891,0.47760434448719025,0.6178314089775085
C2,5995,1,0.2583826780319214,0.624239981174469,0.4413113296031952,0.679972767829895
C2,5996,1,0.7288062870502472,0.5984208285808563,0.6636135578155518,0.7166202664375305
C2,5997,1,0.8203513473272324,0.5799950361251831,0.7001731917262077,0.899109959602356
C2,5998,1,0.5575507879257202,0.31221604347229004,0.4348834156990051,0.8617580533027649
C2,5999,1,0.7146841883659363,0.27601462602615356,0.4953494071960449,0.6918759942054749
C2,6000,1,0.809088796377182,0.508306473493576,0.658697634935379,0.8159528970718384
C2,6001,1,0.4657489061355591,0.561464250087738,0.5136065781116486,0.5127949118614197
C2,6002,1,0.6068174540996552,0.332180917263031,0.4694991856813431,0.32615548372268677
C2,6003,1,0.5005045831203461,0.2957106828689575,0.3981076329946518,0.3416329324245453
C2,6004,1,0.8105510771274567,0.5072914063930511,0.6589212417602539,0.3548677861690521
C2,6005,1,0.6201925277709961,0.347084641456604,0.48363858461380005,0.19804498553276062
C2,6006,1,0.797387033700943,0.34378087520599365,0.5705839544534683,0.14444772899150848
C2,6007,1,0.6397510766983032,0.5421832203865051,0.5909671485424042,0.10583285242319107
C2,6008,1,0.43890607357025146,0.4162083864212036,0.42755722999572754,0.14360886812210083
C2,6009,1,0.38600367307662964,0.31658458709716797,0.3512941300868988,0.08057545870542526
C2,6010,1,0.3760639429092407,0.3922802805900574,0.38417211174964905,0.10651634633541107
C2,6011,1,0.34169715642929077,0.38359534740448,0.3626462519168854,0.08460631966590881
C2,6012,1,0.5379325151443481,0.3904486298561096,0.4641905725002289,0.08576435595750809
C2,6013,1,0.32880091667175293,0.35198211669921875,0.34039151668548584,0.09274036437273026
C2,6014,1,0.4811360836029053,0.48209863901138306,0.48161736130714417,0.1392250508069992
C2,6015,1,0.6110721528530121,0.370724618434906,0.49089838564395905,0.22832168638706207
C2,6016,1,0.6110721528530121,0.4757695198059082,0.5434208363294601,0.29170915484428406
C2,6017,1,0.14513814449310303,0.3022833466529846,0.22371074557304382,0.08313196152448654
C2,6018,1,0.32418084144592285,0.18642842769622803,0.25530463457107544,0.13308708369731903
C2,6019,1,0.35959142446517944,0.37957441806793213,0.3695829212665558,0.1249367892742157
C2,6020,1,0.5986588597297668,0.3005724549293518,0.4496156573295593,0.03200069069862366
C2,6021,1,0.6528660953044891,0.22510558366775513,0.43898583948612213,0.04105584695935249
C2,6022,1,0.48775583505630493,0.21482372283935547,0.3512897789478302,0.0935906320810318
C2,6023,1,0.6111750304698944,0.16931039094924927,0.39024271070957184,0.06727808713912964
C2,6024,1,0.833013191819191,0.29740703105926514,0.5652101114392281,0.06138252094388008
C2,6025,1,0.2644861340522766,0.29740703105926514,0.2809465825557709,0.06813935935497284
C2,6026,1,0.5810775756835938,0.5155637860298157,0.5483206808567047,0.07620348036289215
C2,6027,1,0.6544440686702728,0.6298777461051941,0.6421609073877335,0.09366577863693237
C2,6028,1,0.37070417404174805,0.6462498903274536,0.5084770321846008,0.08732294291257858
C2,6029,1,0.20692890882492065,0.3734523057937622,0.29019060730934143,0.07281801104545593
C2,6030,1,0.2771669030189514,0.5051670670509338,0.3911669850349426,0.03402765467762947
C2,6031,1,0.7785691171884537,0.3346046805381775,0.5565868988633156,0.03833716735243797
C2,6032,1,0.17384487390518188,0.18617266416549683,0.18000876903533936,0.05549785494804382
C2,6033,1,0.32563889026641846,0.3315960168838501,0.3286174535751343,0.019449088722467422
C2,6034,1,0.47615498304367065,0.4159330129623413,0.446043998003006,0.016371337696909904
C2,6035,1,0.5657273828983307,0.5619509518146515,0.5638391673564911,0.022535482421517372
C2,6036,1,0.290477991104126,0.2819841504096985,0.28623107075691223,0.029433438554406166
C2,6037,1,0.7184394001960754,0.3828786611557007,0.5506590306758881,0.012467723339796066
C2,6038,1,0.5996911823749542,0.21407675743103027,0.40688396990299225,0.02069719135761261
C2,6039,1,0.534909725189209,0.28806424140930176,0.41148698329925537,0.0303213968873024
C2,6040,1,0.7948017716407776,0.13005053997039795,0.46242615580558777,0.024896934628486633
C2,6041,1,0.8171444982290268,0.19384896755218506,0.5054967328906059,0.0297715924680233
C2,6042,1,0.8239209949970245,0.51567542552948,0.6697982102632523,0.020964980125427246
C2,6043,1,0.3517923355102539,0.3726906180381775,0.3622414767742157,0.02051740698516369
C2,6044,1,0.2963024377822876,0.3726906180381775,0.33449652791023254,0.025952037423849106
C2,6045,1,0.19905787706375122,0.33594805002212524,0.26750296354293823,0.020867792889475822
C2,6046,1,0.06595152616500854,0.37098151445388794,0.21846652030944824,0.020707495510578156
C2,6047,1,0.24361366033554077,0.32367682456970215,0.28364524245262146,0.020551560446619987
C2,6048,1,0.2118249535560608,0.31993740797042847,0.26588118076324463,0.01475541666150093
C2,6049,1,0.2118249535560608,0.4188494086265564,0.3153371810913086,0.011298387311398983
C2,6050,1,0.23957687616348267,0.4309372305870056,0.33525705337524414,0.025651929900050163
C2,6051,1,0.1656893491744995,0.4309372305870056,0.29831328988075256,0.023556997999548912
C2,6052,1,0.14943164587020874,0.4301002621650696,0.28976595401763916,0.008031622506678104
C2,6053,1,0.1409931778907776,0.356906533241272,0.24894985556602478,0.007808423135429621
C2,6054,1,0.18725305795669556,0.4899182915687561,0.33858567476272583,0.007376431953161955
C2,6055,1,0.09550166130065918,0.4899182915687561,0.29270997643470764,0.009280219674110413
C2,6056,1,0.22515475749969482,0.3209301233291626,0.2730424404144287,0.004890320356935263
C2,6057,1,0.1466023325920105,0.437700092792511,0.29215121269226074,0.030073383823037148
C2,6058,1,0.12196695804595947,0.3231167197227478,0.22254183888435364,0.04884443059563637
C2,6059,1,0.2492276430130005,0.4315623641014099,0.3403950035572052,0.03844866529107094
C2,6060,1,0.284856379032135,0.4315623641014099,0.35820937156677246,0.025591718032956123
C2,6061,1,0.2835717797279358,0.4315623641014099,0.35756707191467285,0.023723620921373367
C2,6062,1,0.22016149759292603,0.4315623641014099,0.32586193084716797,0.03196818381547928
C2,6063,1,0.3654978275299072,0.4089353084564209,0.38721656799316406,0.026739148423075676
C2,6064,1,0.26073116064071655,0.4409225583076477,0.35082685947418213,0.041257284581661224
C2,6065,1,0.26380807161331177,0.4009549021720886,0.3323814868927002,0.04862038046121597
C2,6066,1,0.3855513334274292,0.5757600665092468,0.480655699968338,0.027279727160930634
C2,6067,1,0.3855513334274292,0.30702608823776245,0.3462887108325958,0.04400219768285751
C2,6068,1,0.3855513334274292,0.5757600665092468,0.480655699968338,0.03631766512989998
C2,6069,1,0.4310988187789917,0.2122841477394104,0.32169148325920105,0.042594414204359055
C2,6070,1,0.4310988187789917,0.2122841477394104,0.32169148325920105,0.04359262436628342
C2,6071,1,0.46355271339416504,0.2122841477394104,0.3379184305667877,0.03819599747657776
C2,6072,1,0.623458981513977,0.2122841477394104,0.4178715646266937,0.04009179770946503
C2,6073,1,0.52475905418396,0.40468883514404297,0.46472394466400146,0.03394278138875961
C2,6074,1,0.52475905418396,0.40468883514404297,0.46472394466400146,0.043148335069417953
C2,6075,1,0.52475905418396,0.40468883514404297,0.46472394466400146,0.021384326741099358
C2,6076,1,0.52475905418396,0.40468883514404297,0.46472394466400146,0.019683443009853363
C2,6077,1,0.52475905418396,0.4226483106613159,0.47370368242263794,0.036166962236166
C2,6078,1,0.52475905418396,0.400460422039032,0.46260973811149597,0.0493893027305603
C2,6079,1,0.5414526760578156,0.5597941875457764,0.550623431801796,0.044352978467941284
C2,6080,1,0.6330107152462006,0.6038216948509216,0.6184162050485611,0.04128596559166908
C2,6081,1,0.27313894033432007,0.665789783000946,0.46946436166763306,0.022938435897231102
C2,6082,1,0.3900725245475769,0.11626911163330078,0.25317081809043884,0.023643625900149345
C2,6083,1,0.1516408920288086,0.25290489196777344,0.20227289199829102,0.051153477281332016
C2,6084,1,0.22691893577575684,0.23480093479156494,0.2308599352836609,0.03490719199180603
C2,6085,1,0.5348413288593292,0.281149685382843,0.4079955071210861,0.03734387084841728
C2,6086,1,0.39596593379974365,0.4349786043167114,0.41547226905822754,0.03446999192237854
C2,6087,1,0.4127190113067627,0.6237308084964752,0.518224909901619,0.06652770936489105
C2,6088,1,0.33880746364593506,0.07494008541107178,0.20687377452850342,0.04693582281470299
C2,6089,1,0.24289065599441528,0.1659521460533142,0.20442140102386475,0.023060064762830734
C2,6090,1,0.06520885229110718,0.6745979487895966,0.36990340054035187,0.014760810881853104
C2,6091,1,0.5099282562732697,0.37290674448013306,0.44141750037670135,0.016827983781695366
C2,6092,1,0.16492843627929688,0.17784351110458374,0.1713859736919403,0.012352152727544308
C2,6093,1,0.3197322487831116,0.14339566230773926,0.23156395554542542,0.009582885541021824
C2,6094,1,0.28079378604888916,0.11135125160217285,0.196072518825531,0.008702674880623817
C2,6095,1,0.4274037480354309,0.3763085603713989,0.4018561542034149,0.004537821747362614
C2,6096,1,0.35933738946914673,0.17905527353286743,0.2691963315010071,0.01414746604859829
C2,6097,1,0.4359275698661804,0.2403252124786377,0.33812639117240906,0.005586572457104921
C2,6098,1,0.46043598651885986,0.14580506086349487,0.30312052369117737,0.011812635697424412
C2,6099,1,0.4871246814727783,0.33797645568847656,0.41255056858062744,0.003492570947855711
C2,6100,1,0.8656067252159119,0.3564929962158203,0.6110498607158661,0.011809463612735271
C2,6101,1,0.7868932485580444,0.16170889139175415,0.4743010699748993,0.00785520114004612
C2,6102,1,0.5336006283760071,0.3215206265449524,0.42756062746047974,0.027824485674500465
C2,6103,1,0.4590740203857422,0.5991995334625244,0.5291367769241333,0.020561818033456802
C2,6104,1,0.7938419729471207,0.22296786308288574,0.5084049180150032,0.004999019671231508
C2,6105,1,0.8291655778884888,0.4604455232620239,0.6448055505752563,0.010004669427871704
C2,6106,1,0.25049924850463867,0.2887802720069885,0.2696397602558136,0.015023840591311455
C2,6107,1,0.43056583404541016,0.4631248116493225,0.44684532284736633,0.011283774860203266
C2,6108,1,0.3781219720840454,0.44267696142196655,0.410399466753006,0.03963804244995117
C2,6109,1,0.22241908311843872,0.23547470569610596,0.22894689440727234,0.01487857848405838
C2,6110,1,0.5518716871738434,0.17823898792266846,0.3650553375482559,0.005281286779791117
C2,6111,1,0.42516881227493286,0.8305812031030655,0.6278750076889992,0.006816822569817305
C2,6112,1,0.34464359283447266,0.09640336036682129,0.22052347660064697,0.014845779165625572
C2,6113,1,0.28759056329727173,0.3657265901565552,0.32665857672691345,0.011370946653187275
C2,6114,1,0.226482093334198,0.33330321311950684,0.2798926532268524,0.01609620451927185
C2,6115,1,0.48267585039138794,0.4532007575035095,0.46793830394744873,0.0046607255935668945
C2,6116,1,0.41554611921310425,0.20817846059799194,0.3118622899055481,0.019184300675988197
C2,6117,1,0.7465700805187225,0.5361280739307404,0.6413490772247314,0.3738161027431488
C2,6118,1,0.1638709306716919,0.5597994327545166,0.36183518171310425,0.2846819758415222
C2,6119,1,0.24876070022583008,0.6889270544052124,0.46884387731552124,0.20157893002033234
C2,6120,1,0.6332494914531708,0.35966718196868896,0.49645833671092987,0.11424900591373444
C2,6121,1,0.4595324397087097,0.49991124868392944,0.4797218441963196,0.17441445589065552
C2,6122,1,0.5061937272548676,0.5510303676128387,0.5286120474338531,0.20243963599205017
C2,6123,1,0.40397554636001587,0.1423054337501526,0.27314049005508423,0.14592866599559784
C2,6124,1,0.3890388607978821,0.27748215198516846,0.33326050639152527,0.10141342878341675
C2,6125,1,0.6181860864162445,0.45750337839126587,0.5378447324037552,0.13049747049808502
C2,6126,1,0.5964351892471313,0.1771639585494995,0.38679957389831543,0.1755385845899582
C2,6127,1,0.627179741859436,0.25889235734939575,0.4430360496044159,0.10955178737640381
C2,6128,1,0.5090020298957825,0.469499409198761,0.48925071954727173,0.07796428352594376
C2,6129,1,0.507611870765686,0.149097740650177,0.3283548057079315,0.03893192112445831
C2,6130,1,0.5850853621959686,0.20054125785827637,0.3928133100271225,0.0512159988284111
C2,6131,1,0.6003198027610779,0.4289790987968445,0.5146494507789612,0.13657326996326447
C2,6132,1,0.4813321828842163,0.2350662350654602,0.35819920897483826,0.0248892679810524
C2,6133,1,0.686222642660141,0.37034696340560913,0.5282848030328751,0.1523735225200653
C2,6134,1,0.5226175785064697,0.32813215255737305,0.4253748655319214,0.3190164268016815
C2,6135,1,0.7191189229488373,0.5143589377403259,0.6167389303445816,0.1837584674358368
C2,6136,1,0.3497360348701477,0.37307626008987427,0.361406147480011,0.37041592597961426
C2,6137,1,0.5325251519680023,0.3282932639122009,0.4304092079401016,0.10646724700927734
C2,6138,1,0.5336370766162872,0.36233973503112793,0.4479884058237076,0.05572943016886711
C2,6139,1,0.8776473701000214,0.1270204782485962,0.5023339241743088,0.07772358506917953
C2,6140,1,0.5240322351455688,0.4333340525627136,0.47868314385414124,0.20152908563613892
C2,6141,1,0.4595094919204712,0.27206385135650635,0.36578667163848877,0.5555607080459595
C2,6142,1,0.6440213024616241,0.3104976415634155,0.47725947201251984,0.4362800121307373
C2,6143,1,0.38887691497802734,0.19267529249191284,0.2907761037349701,0.3453381061553955
