persona,frame,deteccion_rostro,p_cerrado_ojo1,p_cerrado_ojo2,p_cerrado_frame,p_yawn
C3,0,1,0.8803990334272385,0.8166060149669647,0.8485025241971016,0.47307610511779785
C3,1,1,0.8803990334272385,0.4040369987487793,0.6422180160880089,0.5284537076950073
C3,2,1,0.9104365855455399,0.8166060149669647,0.8635213002562523,0.18710733950138092
C3,3,1,0.9104365855455399,0.8166060149669647,0.8635213002562523,0.21881085634231567
C3,4,1,0.888151079416275,0.832680270075798,0.8604156747460365,0.22568629682064056
C3,5,1,0.9121154993772507,0.894370935857296,0.9032432176172733,0.35251733660697937
C3,6,1,0.7449859976768494,0.47157108783721924,0.6082785427570343,0.1409226655960083
C3,7,1,0.4644668698310852,0.7999908775091171,0.6322288736701012,0.19801948964595795
C3,8,1,0.8831488415598869,0.7900213599205017,0.8365851007401943,0.23412562906742096
C3,9,1,0.7179476618766785,0.9480719156563282,0.8330097887665033,0.29847562313079834
C3,10,1,0.9182556048035622,0.7398762702941895,0.8290659375488758,0.27361923456192017
C3,11,1,0.6689044237136841,0.8360546976327896,0.7524795606732368,0.2587921917438507
C3,12,1,0.7321735620498657,0.8322801738977432,0.7822268679738045,0.27415066957473755
C3,13,1,0.7227793633937836,0.6734548807144165,0.6981171220541,0.1493333876132965
C3,14,1,0.792192742228508,0.69411501288414,0.743153877556324,0.06683114916086197
C3,15,1,0.9047542661428452,0.8139503598213196,0.8593523129820824,0.2593519687652588
C3,16,1,0.8896670490503311,0.8492878377437592,0.8694774433970451,0.14238028228282928
C3,17,1,0.8178268074989319,0.7460452616214752,0.7819360345602036,0.11654768139123917
C3,18,1,0.7243658602237701,0.8851266875863075,0.8047462739050388,0.05113539099693298
C3,19,1,0.8932213485240936,0.5643270909786224,0.728774219751358,0.11943981796503067
C3,20,1,0.8649582266807556,0.41046494245529175,0.6377115845680237,0.03753742203116417
C3,21,1,0.9192084893584251,0.8021226972341537,0.8606655932962894,0.10922761261463165
C3,22,1,0.9699497390538454,0.624191015958786,0.7970703775063157,0.08028917014598846
C3,23,1,0.8769479319453239,0.6197207868099213,0.7483343593776226,0.08572050929069519
C3,24,1,0.7333422601222992,0.72977215051651,0.7315572053194046,0.09836606681346893
C3,25,1,0.7034430801868439,0.6136995255947113,0.6585713028907776,0.1375853419303894
C3,26,1,0.840340793132782,0.6134626269340515,0.7269017100334167,0.14128699898719788
C3,27,1,0.8706153184175491,0.36947470903396606,0.6200450137257576,0.14500214159488678
C3,28,1,0.8564712107181549,0.4088507294654846,0.6326609700918198,0.24191249907016754
C3,29,1,0.8187862038612366,0.5405941307544708,0.6796901673078537,0.13916556537151337
C3,30,1,0.9056823775172234,0.46729356050491333,0.6864879690110683,0.16987423598766327
C3,31,1,0.9683862775564194,0.5931427776813507,0.780764527618885,0.0999082550406456
C3,32,1,0.9209945201873779,0.5234058499336243,0.7222001850605011,0.19886445999145508
C3,33,1,0.9157809168100357,0.6098316311836243,0.76280627399683,0.10574959963560104
C3,34,1,0.6637328267097473,0.5591920018196106,0.611462414264679,0.10990116000175476
C3,35,1,0.7427593469619751,0.48468834161758423,0.6137238442897797,0.06995400041341782
C3,36,1,0.8978202044963837,0.5418404638767242,0.719830334186554,0.10443655401468277
C3,37,1,0.8978919759392738,0.24741816520690918,0.5726550705730915,0.1072051152586937
C3,38,1,0.7303154468536377,0.5439203977584839,0.6371179223060608,0.08176041394472122
C3,39,1,0.7303154468536377,0.5439203977584839,0.6371179223060608,0.08176041394472122
C3,40,1,0.7303154468536377,0.5439203977584839,0.6371179223060608,0.09802475571632385
C3,41,1,0.7303154468536377,0.6314964294433594,0.6809059381484985,0.056045882403850555
C3,42,1,0.7303154468536377,0.6314964294433594,0.6809059381484985,0.06787216663360596
C3,43,1,0.8061989098787308,0.5098584592342377,0.6580286845564842,0.07867629081010818
C3,44,1,0.7906654477119446,0.32738804817199707,0.5590267479419708,0.1271766573190689
C3,45,1,0.741239458322525,0.35861504077911377,0.5499272495508194,0.11816967278718948
C3,46,1,0.7697583138942719,0.42065608501434326,0.5952071994543076,0.10330857336521149
C3,47,1,0.8594855666160583,0.6478374600410461,0.7536615133285522,0.06220705062150955
C3,48,1,0.899635836482048,0.5239781141281128,0.7118069753050804,0.04767952486872673
C3,49,1,0.8673064112663269,0.719901978969574,0.7936041951179504,0.043942030519247055
C3,50,1,0.870012953877449,0.719901978969574,0.7949574664235115,0.04388980567455292
C3,51,1,0.870012953877449,0.686346560716629,0.778179757297039,0.0761631429195404
C3,52,1,0.870012953877449,0.686346560716629,0.778179757297039,0.07662388682365417
C3,53,1,0.6695440113544464,0.34052610397338867,0.5050350576639175,0.16094207763671875
C3,54,1,0.6826648414134979,0.4354020953178406,0.5590334683656693,0.11255938559770584
C3,55,1,0.799084261059761,0.4354020953178406,0.6172431781888008,0.11352083086967468
C3,56,1,0.5491368770599365,0.4555662274360657,0.5023515522480011,0.11555632203817368
C3,57,1,0.8061065226793289,0.45760512351989746,0.6318558230996132,0.08028388768434525
C3,58,1,0.853284940123558,0.2760169506072998,0.5646509453654289,0.08113034069538116
C3,59,1,0.8624352663755417,0.43777525424957275,0.6501052603125572,0.03681270033121109
C3,60,1,0.5645251274108887,0.4038287401199341,0.4841769337654114,0.06876685470342636
C3,61,1,0.5645251274108887,0.4038287401199341,0.4841769337654114,0.06876685470342636
C3,62,1,0.5645251274108887,0.47439777851104736,0.519461452960968,0.09734390676021576
C3,63,1,0.710949569940567,0.47439777851104736,0.5926736742258072,0.031189726665616035
C3,64,1,0.7499571144580841,0.6692217588424683,0.7095894366502762,0.03393970802426338
C3,65,1,0.6939371228218079,0.775689497590065,0.7348133102059364,0.033225782215595245
C3,66,1,0.7426859438419342,0.5036327838897705,0.6231593638658524,0.03333433344960213
C3,67,1,0.8464590609073639,0.24820536375045776,0.5473322123289108,0.04468667879700661
C3,68,1,0.8464590609073639,0.24820536375045776,0.5473322123289108,0.04637559503316879
C3,69,1,0.8734861761331558,0.16098541021347046,0.5172357931733131,0.020746789872646332
C3,70,1,0.8734861761331558,0.41650938987731934,0.6449977830052376,0.08118946105241776
C3,71,1,0.8635274022817612,0.672374814748764,0.7679511085152626,0.026355724781751633
C3,72,1,0.7529860436916351,0.3662375211715698,0.5596117824316025,0.04000478982925415
C3,73,1,0.6701448857784271,0.3662375211715698,0.5181912034749985,0.027271997183561325
C3,74,1,0.6701448857784271,0.4822677969932556,0.5762063413858414,0.027271997183561325
C3,75,1,0.6697836816310883,0.4822677969932556,0.5760257393121719,0.027193529531359673
C3,76,1,0.6325110793113708,0.3483337163925171,0.49042239785194397,0.056586991995573044
C3,77,1,0.7816052287817001,0.7662806063890457,0.7739429175853729,0.07559751719236374
C3,78,1,0.7816052287817001,0.7662806063890457,0.7739429175853729,0.06163674220442772
C3,79,1,0.7852355092763901,0.3728564381599426,0.5790459737181664,0.060022614896297455
C3,80,1,0.7852355092763901,0.4014121890068054,0.5933238491415977,0.05833759903907776
C3,81,1,0.7743408977985382,0.3696988821029663,0.5720198899507523,0.07443410903215408
C3,82,1,0.8953795880079269,0.37511152029037476,0.6352455541491508,0.17513394355773926
C3,83,1,0.8953795880079269,0.37511152029037476,0.6352455541491508,0.18354398012161255
C3,84,1,0.8953795880079269,0.42967313528060913,0.662526361644268,0.1344122737646103
C3,85,1,0.8822180479764938,0.36946922540664673,0.6258436366915703,0.16827380657196045
C3,86,1,0.8093724548816681,0.40209221839904785,0.605732336640358,0.04339999333024025
C3,87,1,0.7760960012674332,0.4952670931816101,0.6356815472245216,0.04112039878964424
C3,88,1,0.634407639503479,0.4952670931816101,0.5648373663425446,0.04737841710448265
C3,89,1,0.717780202627182,0.4952670931816101,0.6065236479043961,0.05451061576604843
C3,90,1,0.7749655991792679,0.2872215509414673,0.5310935750603676,0.03529318422079086
C3,91,1,0.7921766638755798,0.4903920292854309,0.6412843465805054,0.05067743733525276
C3,92,1,0.7813178896903992,0.4903920292854309,0.635854959487915,0.05067743733525276
C3,93,1,0.858869731426239,0.4903920292854309,0.674630880355835,0.05067743733525276
C3,94,1,0.7938786447048187,0.4903920292854309,0.6421353369951248,0.05067743733525276
C3,95,1,0.8258645087480545,0.4903920292854309,0.6581282690167427,0.05067743733525276
C3,96,1,0.6834791898727417,0.48844534158706665,0.5859622657299042,0.13140693306922913
C3,97,1,0.6704987287521362,0.5702087581157684,0.6203537434339523,0.1380757838487625
C3,98,1,0.6704987287521362,0.5702087581157684,0.6203537434339523,0.1291426569223404
C3,99,1,0.6062028706073761,0.5191754102706909,0.5626891404390335,0.07483334094285965
C3,100,1,0.5750033855438232,0.6500948667526245,0.6125491261482239,0.07628194987773895
C3,101,1,0.8551240712404251,0.508696585893631,0.681910328567028,0.01600523293018341
C3,102,1,0.6405727565288544,0.5926603376865387,0.6166165471076965,0.02483975701034069
C3,103,1,0.6405727565288544,0.594902515411377,0.6177376359701157,0.023282824084162712
C3,104,1,0.7375088930130005,0.594902515411377,0.6662057042121887,0.022051682695746422
C3,105,1,0.7375088930130005,0.5974988639354706,0.6675038784742355,0.08058738708496094
C3,106,1,0.42032039165496826,0.47057777643203735,0.4454490840435028,0.027751829475164413
C3,107,1,0.42032039165496826,0.5700736343860626,0.49519701302051544,0.02970629185438156
C3,108,1,0.42032039165496826,0.5700736343860626,0.49519701302051544,0.07367320358753204
C3,109,1,0.3003852963447571,0.5700736343860626,0.43522946536540985,0.058787792921066284
C3,110,1,0.3003852963447571,0.3232579827308655,0.3118216395378113,0.026011520996689796
C3,111,1,0.7025130093097687,0.5083006620407104,0.6054068356752396,0.04216649383306503
C3,112,1,0.5208823680877686,0.574656218290329,0.5477692931890488,0.04269886016845703
C3,113,1,0.5102749466896057,0.5831796526908875,0.5467272996902466,0.04213928431272507
C3,114,1,0.5102749466896057,0.5598656833171844,0.5350703150033951,0.04213928431272507
C3,115,1,0.6758442223072052,0.6629017293453217,0.6693729758262634,0.020146552473306656
C3,116,1,0.7984786182641983,0.4555954933166504,0.6270370557904243,0.03073098137974739
C3,117,1,0.7984786182641983,0.4555954933166504,0.6270370557904243,0.020524492487311363
C3,118,1,0.8032194823026657,0.4555954933166504,0.629407487809658,0.020524492487311363
C3,119,1,0.7478992640972137,0.7683821320533752,0.7581406980752945,0.016650239005684853
C3,120,1,0.7861438244581223,0.4227141737937927,0.6044289991259575,0.019313273951411247
C3,121,1,0.7861438244581223,0.4227141737937927,0.6044289991259575,0.019313273951411247
C3,122,1,0.7861438244581223,0.4227141737937927,0.6044289991259575,0.018258046358823776
C3,123,1,0.7861438244581223,0.36578673124313354,0.5759652778506279,0.016360964626073837
C3,124,1,0.7861438244581223,0.38150471448898315,0.5838242694735527,0.01579907350242138
C3,125,1,0.814530536532402,0.3025283217430115,0.5585294291377068,0.01579907350242138
C3,126,1,0.590437114238739,0.3513804078102112,0.4709087610244751,0.015684865415096283
C3,127,1,0.6304522752761841,0.34362322092056274,0.4870377480983734,0.029569944366812706
C3,128,1,0.680458128452301,0.18125516176223755,0.4308566451072693,0.029569944366812706
C3,129,1,0.6641815304756165,0.15378737449645996,0.4089844524860382,0.025755485519766808
C3,130,1,0.6641815304756165,0.6506285965442657,0.6574050635099411,0.03932357579469681
C3,131,1,0.7905023396015167,0.5838607549667358,0.6871815472841263,0.02863842248916626
C3,132,1,0.907320961356163,0.558858186006546,0.7330895736813545,0.028268184512853622
C3,133,1,0.907320961356163,0.5308493971824646,0.7190851792693138,0.027956828474998474
C3,134,1,0.8947156220674515,0.4956778883934021,0.6951967552304268,0.028605733066797256
C3,135,1,0.8973808512091637,0.4260933995246887,0.6617371253669262,0.028605733066797256
C3,136,1,0.9095364362001419,0.46053069829940796,0.6850335672497749,0.019618242979049683
C3,137,1,0.5628831088542938,0.5939359366893768,0.5784095227718353,0.025595247745513916
C3,138,1,0.8176394701004028,0.46350014209747314,0.640569806098938,0.04335520416498184
C3,139,1,0.7564952820539474,0.614581286907196,0.6855382844805717,0.04475848004221916
C3,140,1,0.4942978024482727,0.7471946477890015,0.6207462251186371,0.03001480922102928
C3,141,1,0.6714783012866974,0.7151017189025879,0.6932900100946426,0.025003431364893913
C3,142,1,0.8218927830457687,0.9130747839808464,0.8674837835133076,0.024654457345604897
C3,143,1,0.9000492990016937,0.7909507900476456,0.8455000445246696,0.02507670409977436
C3,144,1,0.770050436258316,0.374106764793396,0.572078600525856,0.0394107848405838
C3,145,1,0.5728088319301605,0.6732516586780548,0.6230302453041077,0.04089362546801567
C3,146,1,0.5195232629776001,0.7179624140262604,0.6187428385019302,0.02849634364247322
C3,147,1,0.536170482635498,0.5817594230175018,0.5589649528264999,0.03809652104973793
C3,148,1,0.4715580940246582,0.5101234316825867,0.49084076285362244,0.03495541214942932
C3,149,1,0.5366264879703522,0.6019067466259003,0.5692666172981262,0.014174351468682289
C3,150,1,0.43136298656463623,0.3898981213569641,0.41063055396080017,0.038642894476652145
C3,151,1,0.35344916582107544,0.33747512102127075,0.3454621434211731,0.038642894476652145
C3,152,1,0.5930178165435791,0.4565909504890442,0.5248043835163116,0.038642894476652145
C3,153,1,0.5674208402633667,0.5672411322593689,0.5673309862613678,0.060340072959661484
C3,154,1,0.87251415848732,0.5528467297554016,0.7126804441213608,0.0651736930012703
C3,155,1,0.87251415848732,0.47225916385650635,0.6723866611719131,0.05348696559667587
C3,156,1,0.6452523767948151,0.3393656611442566,0.4923090189695358,0.048933107405900955
C3,157,1,0.715395450592041,0.23777496814727783,0.4765852093696594,0.09192324429750443
C3,158,1,0.715395450592041,0.23777496814727783,0.4765852093696594,0.086209736764431
C3,159,1,0.7864356935024261,0.23777496814727783,0.512105330824852,0.08825133740901947
C3,160,1,0.8298051357269287,0.29195713996887207,0.5608811378479004,0.08825133740901947
C3,161,1,0.6134170293807983,0.5454532206058502,0.5794351249933243,0.10515573620796204
C3,162,1,0.7399523556232452,0.38262927532196045,0.5612908154726028,0.07101181149482727
C3,163,1,0.7399523556232452,0.38262927532196045,0.5612908154726028,0.07101181149482727
C3,164,1,0.7373725175857544,0.38262927532196045,0.5600008964538574,0.07101181149482727
C3,165,1,0.7328447103500366,0.4434049129486084,0.5881248116493225,0.021501367911696434
C3,166,1,0.6631093919277191,0.4577460289001465,0.5604277104139328,0.030299805104732513
C3,167,1,0.6631093919277191,0.4577460289001465,0.5604277104139328,0.030299805104732513
C3,168,1,0.6768766343593597,0.4577460289001465,0.5673113316297531,0.02445470727980137
C3,169,1,0.8178483545780182,0.4275171160697937,0.622682735323906,0.021547485142946243
C3,170,1,0.6107591092586517,0.42183423042297363,0.5162966698408127,0.03896993771195412
C3,171,1,0.5240795612335205,0.3709319233894348,0.44750574231147766,0.018015820533037186
C3,172,1,0.5240795612335205,0.38243788480758667,0.4532587230205536,0.018015820533037186
C3,173,1,0.907109759747982,0.15240591764450073,0.5297578386962414,0.02364598773419857
C3,174,1,0.9591337479650974,0.3434666395187378,0.6513001937419176,0.03312462568283081
C3,175,1,0.9133443534374237,0.3172820806503296,0.6153132170438766,0.018245264887809753
C3,176,1,0.8769400343298912,0.5103489458560944,0.6936444900929928,0.02286067232489586
C3,177,1,0.8769400343298912,0.5103489458560944,0.6936444900929928,0.02517644874751568
C3,178,1,0.7942327708005905,0.5424497127532959,0.6683412417769432,0.020585112273693085
C3,179,1,0.882622204720974,0.5193280577659607,0.7009751312434673,0.020585112273693085
C3,180,1,0.8790965527296066,0.54403355717659,0.7115650549530983,0.024462349712848663
C3,181,1,0.916309043765068,0.49236738681793213,0.7043382152915001,0.02118992991745472
C3,182,1,0.916309043765068,0.49236738681793213,0.7043382152915001,0.02118992991745472
C3,183,1,0.916309043765068,0.49236738681793213,0.7043382152915001,0.02118992991745472
C3,184,1,0.8733094930648804,0.3786580562591553,0.6259837746620178,0.016922853887081146
C3,185,1,0.8733094930648804,0.5665464103221893,0.7199279516935349,0.017731381580233574
C3,186,1,0.7799679338932037,0.7913330346345901,0.7856504842638969,0.019263897091150284
C3,187,1,0.8617472797632217,0.5819129049777985,0.7218300923705101,0.03174547478556633
C3,188,1,0.8617472797632217,0.5819129049777985,0.7218300923705101,0.023004252463579178
C3,189,1,0.8903213739395142,0.5819129049777985,0.7361171394586563,0.023004252463579178
C3,190,1,0.8349706530570984,0.5848788917064667,0.7099247723817825,0.018313467502593994
C3,191,1,0.6003144383430481,0.5778513848781586,0.5890829116106033,0.036607082933187485
C3,192,1,0.839065819978714,0.72080197930336,0.779933899641037,0.032519545406103134
C3,193,1,0.8984347879886627,0.72080197930336,0.8096183836460114,0.032519545406103134
C3,194,1,0.8984347879886627,0.7005114555358887,0.7994731217622757,0.03125288709998131
C3,195,1,0.8984347879886627,0.7018212378025055,0.8001280128955841,0.03964945301413536
C3,196,1,0.8600527942180634,0.7369672358036041,0.7985100150108337,0.04026446118950844
C3,197,1,0.9266500547528267,0.6962143778800964,0.8114322163164616,0.024071238934993744
C3,198,1,0.9266500547528267,0.6962143778800964,0.8114322163164616,0.020456654950976372
C3,199,1,0.8912359550595284,0.5857956111431122,0.7385157831013203,0.026672782376408577
C3,200,1,0.8912359550595284,0.5857956111431122,0.7385157831013203,0.021642183884978294
C3,201,1,0.8792698606848717,0.7839334607124329,0.8316016606986523,0.011795999482274055
C3,202,1,0.8425195217132568,0.8550795465707779,0.8487995341420174,0.017608750611543655
C3,203,1,0.8195712566375732,0.6945057511329651,0.7570385038852692,0.016794376075267792
C3,204,1,0.82340307533741,0.6945057511329651,0.7589544132351875,0.013896712101995945
C3,205,1,0.8005493134260178,0.7518007010221481,0.776175007224083,0.022260261699557304
C3,206,1,0.9037644043564796,0.6761832237243652,0.7899738140404224,0.010549399070441723
C3,207,1,0.7414074540138245,0.8927945271134377,0.8171009905636311,0.01647070236504078
C3,208,1,0.7414074540138245,0.8927945271134377,0.8171009905636311,0.012771951965987682
C3,209,1,0.7747890949249268,0.9026786163449287,0.8387338556349277,0.011892481707036495
C3,210,1,0.8553067892789841,0.9026786163449287,0.8789927028119564,0.011293898336589336
C3,211,1,0.7645989954471588,0.7420643270015717,0.7533316612243652,0.011425629258155823
C3,212,1,0.7645989954471588,0.57746222615242,0.6710306107997894,0.011949766427278519
C3,213,1,0.7997774481773376,0.49579060077667236,0.647784024477005,0.011949766427278519
C3,214,1,0.8800129145383835,0.34649336338043213,0.6132531389594078,0.02125970460474491
C3,215,1,0.922863207757473,0.7413109838962555,0.8320870958268642,0.01195549312978983
C3,216,1,0.8998592421412468,0.27212440967559814,0.5859918259084225,0.018162164837121964
C3,217,1,0.8928977623581886,0.3759942650794983,0.6344460137188435,0.014347338117659092
C3,218,1,0.8556960225105286,0.3759942650794983,0.6158451437950134,0.013323016464710236
C3,219,1,0.9458907321095467,0.15990829467773438,0.5528995133936405,0.009881114587187767
C3,220,1,0.8658703416585922,0.17545533180236816,0.5206628367304802,0.013605654239654541
C3,221,1,0.8129089176654816,0.5540778636932373,0.6834933906793594,0.01745774783194065
C3,222,1,0.6453294456005096,0.36358124017715454,0.5044553428888321,0.011330834589898586
C3,223,1,0.8450291156768799,0.3593899607658386,0.6022095382213593,0.0082593634724617
C3,224,1,0.6209899485111237,0.3593899607658386,0.49018995463848114,0.010876663960516453
C3,225,1,0.8302726894617081,0.27411192655563354,0.5521923080086708,0.013943430967628956
C3,226,1,0.7790013551712036,0.5280246734619141,0.6535130143165588,0.01300000213086605
C3,227,1,0.7191556394100189,0.3891124129295349,0.5541340261697769,0.01300000213086605
C3,228,1,0.8091009557247162,0.3891124129295349,0.5991066843271255,0.014613115228712559
C3,229,1,0.8468640297651291,0.5441977679729462,0.6955308988690376,0.01607665792107582
C3,230,1,0.8204318881034851,0.4066844582557678,0.6135581731796265,0.01356281153857708
C3,231,1,0.8204318881034851,0.4066844582557678,0.6135581731796265,0.01356281153857708
C3,232,1,0.7619411796331406,0.4066844582557678,0.5843128189444542,0.02938925288617611
C3,233,1,0.8395269364118576,0.5334683358669281,0.6864976361393929,0.01177959144115448
C3,234,1,0.7735993415117264,0.46480792760849,0.6192036345601082,0.01664571836590767
C3,235,1,0.7735993415117264,0.4515573978424072,0.6125783696770668,0.010620121844112873
C3,236,1,0.7563849985599518,0.6128725707530975,0.6846287846565247,0.008779042400419712
C3,237,1,0.784175232052803,0.6128725707530975,0.6985239014029503,0.02179693430662155
C3,238,1,0.7491056323051453,0.6673769950866699,0.7082413136959076,0.014827881008386612
C3,239,1,0.7402874827384949,0.6036912798881531,0.671989381313324,0.0208046343177557
C3,240,1,0.7890091091394424,0.5669312179088593,0.6779701635241508,0.020632429048419
C3,241,1,0.7890091091394424,0.5669312179088593,0.6779701635241508,0.018806934356689453
C3,242,1,0.7008767426013947,0.5429104566574097,0.6218935996294022,0.01842908002436161
C3,243,1,0.5873477458953857,0.5383419096469879,0.5628448277711868,0.017278822138905525
C3,244,1,0.8111327290534973,0.4974120855331421,0.6542724072933197,0.012356486171483994
C3,245,1,0.8111327290534973,0.4974120855331421,0.6542724072933197,0.012356486171483994
C3,246,1,0.8198372572660446,0.4974120855331421,0.6586246713995934,0.010737529024481773
C3,247,1,0.7829317003488541,0.3843414783477783,0.5836365893483162,0.01289293635636568
C3,248,1,0.844274640083313,0.43232953548431396,0.6383020877838135,0.016339777037501335
C3,249,1,0.7993491590023041,0.5393355190753937,0.6693423390388489,0.02658686414361
C3,250,1,0.7820941358804703,0.5393355190753937,0.660714827477932,0.02658686414361
C3,251,1,0.7950116693973541,0.5393355190753937,0.6671735942363739,0.015189633704721928
C3,252,1,0.677515983581543,0.47864580154418945,0.5780808925628662,0.0172969251871109
C3,253,1,0.8900181800127029,0.3257686495780945,0.6078934147953987,0.0276767797768116
C3,254,1,0.7362675666809082,0.46292006969451904,0.5995938181877136,0.02201278693974018
C3,255,1,0.7362675666809082,0.46292006969451904,0.5995938181877136,0.02201278693974018
C3,256,1,0.8054761588573456,0.46292006969451904,0.6341981142759323,0.02025112509727478
C3,257,1,0.7823596894741058,0.46292006969451904,0.6226398795843124,0.02025112509727478
C3,258,1,0.8074750155210495,0.4290045499801636,0.6182397827506065,0.019510522484779358
C3,259,1,0.833807572722435,0.4459115266799927,0.6398595497012138,0.016290774568915367
C3,260,1,0.833807572722435,0.4459115266799927,0.6398595497012138,0.016290774568915367
C3,261,1,0.8243943601846695,0.4459115266799927,0.6351529434323311,0.016290774568915367
C3,262,1,0.7829262614250183,0.4459115266799927,0.6144188940525055,0.02714862860739231
C3,263,1,0.8269729316234589,0.3619195818901062,0.5944462567567825,0.014279840514063835
C3,264,1,0.7660404592752457,0.367123544216156,0.5665820017457008,0.011734825558960438
C3,265,1,0.7660404592752457,0.4405185580253601,0.6032795086503029,0.011734825558960438
C3,266,1,0.9384034015238285,0.44281482696533203,0.6906091142445803,0.011734825558960438
C3,267,1,0.9139350578188896,0.6741554141044617,0.7940452359616756,0.010903248563408852
C3,268,1,0.8981756567955017,0.48611944913864136,0.6921475529670715,0.01806388795375824
C3,269,1,0.8981756567955017,0.48611944913864136,0.6921475529670715,0.018902629613876343
C3,270,1,0.8693827539682388,0.48611944913864136,0.6777511015534401,0.012566161341965199
C3,271,1,0.8866593986749649,0.7838062942028046,0.8352328464388847,0.007986355572938919
C3,272,1,0.8586064875125885,0.38810545206069946,0.623355969786644,0.008222655393183231
C3,273,1,0.8849327564239502,0.38810545206069946,0.6365191042423248,0.0105615658685565
C3,274,1,0.8849327564239502,0.38810545206069946,0.6365191042423248,0.009687867946922779
C3,275,1,0.8903586715459824,0.35868018865585327,0.6245194301009178,0.009687867946922779
C3,276,1,0.8129655718803406,0.5191992223262787,0.6660823971033096,0.008947966620326042
C3,277,1,0.9259456023573875,0.5682186782360077,0.7470821402966976,0.008592058904469013
C3,278,1,0.863392636179924,0.4265042543411255,0.6449484452605247,0.021514857187867165
C3,279,1,0.8580967336893082,0.6056345105171204,0.7318656221032143,0.02191304787993431
C3,280,1,0.893521249294281,0.6056345105171204,0.7495778799057007,0.025192663073539734
C3,281,1,0.9042357876896858,0.592361718416214,0.7482987530529499,0.010086259804666042
C3,282,1,0.8789888918399811,0.6756392419338226,0.7773140668869019,0.009077888913452625
C3,283,1,0.8789888918399811,0.6756392419338226,0.7773140668869019,0.008176603354513645
C3,284,1,0.9153128191828728,0.7196106612682343,0.8174617402255535,0.011141880415380001
C3,285,1,0.9188166037201881,0.6871310770511627,0.8029738403856754,0.012724475935101509
C3,286,1,0.7367992401123047,0.5828104913234711,0.6598048657178879,0.003802539547905326
C3,287,1,0.7826269268989563,0.3978341817855835,0.5902305543422699,0.004534855019301176
C3,288,1,0.7826269268989563,0.3978341817855835,0.5902305543422699,0.004534855019301176
C3,289,1,0.7826269268989563,0.3978341817855835,0.5902305543422699,0.0046393307857215405
C3,290,1,0.8356142938137054,0.3978341817855835,0.6167242377996445,0.00469968793913722
C3,291,1,0.8504912257194519,0.35574668645858765,0.6031189560890198,0.005543060135096312
C3,292,1,0.8049014508724213,0.24413007497787476,0.524515762925148,0.012178067117929459
C3,293,1,0.7875451147556305,0.24413007497787476,0.5158375948667526,0.01058880239725113
C3,294,1,0.7875451147556305,0.24413007497787476,0.5158375948667526,0.01058880239725113
C3,295,1,0.7875451147556305,0.24413007497787476,0.5158375948667526,0.011567932553589344
C3,296,1,0.7595542967319489,0.7045767903327942,0.7320655435323715,0.018232543021440506
C3,297,1,0.7617286145687103,0.7862113416194916,0.773969978094101,0.029083536937832832
C3,298,1,0.815020963549614,0.7862113416194916,0.8006161525845528,0.02274659089744091
C3,299,1,0.8149542361497879,0.6552400887012482,0.735097162425518,0.025829188525676727
C3,300,1,0.8296196013689041,0.4515950083732605,0.6406073048710823,0.020805910229682922
C3,301,1,0.8296196013689041,0.4515950083732605,0.6406073048710823,0.01883906126022339
C3,302,1,0.8429364413022995,0.4515950083732605,0.64726572483778,0.02727167308330536
C3,303,1,0.8737649768590927,0.3799360990524292,0.626850537955761,0.06283707916736603
C3,304,1,0.36573195457458496,0.48130714893341064,0.4235195517539978,0.06283707916736603
C3,305,1,0.2935464382171631,0.697534829378128,0.49554063379764557,0.06283707916736603
C3,306,1,0.5721465647220612,0.4843968152999878,0.5282716900110245,0.03585534170269966
C3,307,1,0.2758139371871948,0.8170488476753235,0.5464313924312592,0.016045009717345238
C3,308,1,0.27437877655029297,0.7289439737796783,0.5016613751649857,0.022676410153508186
C3,309,1,0.3521375060081482,0.857106402516365,0.6046219542622566,0.022676410153508186
C3,310,1,0.5884483158588409,0.5231105089187622,0.5557794123888016,0.025958627462387085
C3,311,1,0.5559530556201935,0.8044902235269547,0.6802216395735741,0.025958627462387085
C3,312,1,0.8096419274806976,0.6835954189300537,0.7466186732053757,0.013527018949389458
C3,313,1,0.7117078602313995,0.718925267457962,0.7153165638446808,0.011131646111607552
C3,314,1,0.5038211643695831,0.6360876262187958,0.5699543952941895,0.01327380072325468
C3,315,1,0.6603808104991913,0.7130379676818848,0.686709389090538,0.011904696933925152
C3,316,1,0.6931535005569458,0.7406816184520721,0.716917559504509,0.01664726436138153
C3,317,1,0.48643726110458374,0.5908981263637543,0.538667693734169,0.008326745592057705
C3,318,1,0.6266398429870605,0.6068398058414459,0.6167398244142532,0.006715014111250639
C3,319,1,0.659031331539154,0.6068398058414459,0.6329355686903,0.006715014111250639
C3,320,1,0.587689220905304,0.5391612946987152,0.5634252578020096,0.007776852231472731
C3,321,1,0.7862759977579117,0.6475393772125244,0.716907687485218,0.012925960123538971
C3,322,1,0.5690197646617889,0.3073626756668091,0.438191220164299,0.004736591596156359
C3,323,1,0.32932764291763306,0.7269968390464783,0.5281622409820557,0.00733448239043355
C3,324,1,0.4890211224555969,0.7269968390464783,0.6080089807510376,0.004855322651565075
C3,325,1,0.5317490100860596,0.64802685379982,0.5898879319429398,0.004855322651565075
C3,326,1,0.5220581889152527,0.7265255749225616,0.6242918819189072,0.008778059855103493
C3,327,1,0.9385053664445877,0.8127695620059967,0.8756374642252922,0.007404268253594637
C3,328,1,0.9314611852169037,0.7460216879844666,0.8387414366006851,0.0072054173797369
C3,329,1,0.8084560185670853,0.8237117379903793,0.8160838782787323,0.008306361734867096
C3,330,1,0.7584144473075867,0.5526000261306763,0.6555072367191315,0.013722313567996025
C3,331,1,0.8254507780075073,0.5752688646316528,0.7003598213195801,0.00915534608066082
C3,332,1,0.710471123456955,0.5752688646316528,0.6428699940443039,0.00915534608066082
C3,333,1,0.8254507780075073,0.5752688646316528,0.7003598213195801,0.00984277669340372
C3,334,1,0.8095131069421768,0.7706282287836075,0.7900706678628922,0.006365717854350805
C3,335,1,0.7458374798297882,0.9155494347214699,0.830693457275629,0.010416445322334766
C3,336,1,0.7458374798297882,0.8469815999269485,0.7964095398783684,0.009459508582949638
C3,337,1,0.8435643017292023,0.8469815999269485,0.8452729508280754,0.012245595455169678
C3,338,1,0.7864823639392853,0.919338122010231,0.8529102429747581,0.014342017471790314
C3,339,1,0.6419055759906769,0.9355618208646774,0.7887336984276772,0.011287744157016277
C3,340,1,0.8015406727790833,0.794307142496109,0.7979239076375961,0.012897116132080555
C3,341,1,0.7936874032020569,0.8373930752277374,0.8155402392148972,0.00915015209466219
C3,342,1,0.8557312190532684,0.8687973469495773,0.8622642830014229,0.012364222668111324
C3,343,1,0.8683201670646667,0.8687973469495773,0.868558757007122,0.015682553872466087
C3,344,1,0.8213363736867905,0.8085487633943558,0.8149425685405731,0.011465040035545826
C3,345,1,0.8213363736867905,0.8833268135786057,0.8523315936326981,0.01057008933275938
C3,346,1,0.8892191126942635,0.882604569196701,0.8859118409454823,0.01057008933275938
C3,347,1,0.8226279467344284,0.5153272747993469,0.6689776107668877,0.018322192132472992
C3,348,1,0.7517698556184769,0.8244279772043228,0.7880989164113998,0.017210906371474266
C3,349,1,0.7517698556184769,0.5004540085792542,0.6261119320988655,0.013321643695235252
C3,350,1,0.6766907274723053,0.5004540085792542,0.5885723680257797,0.016574211418628693
C3,351,1,0.6766907274723053,0.6664642095565796,0.6715774685144424,0.011381586082279682
C3,352,1,0.5844246745109558,0.783270925283432,0.6838477998971939,0.010358978062868118
C3,353,1,0.5476738214492798,0.4826326370239258,0.5151532292366028,0.012799553573131561
C3,354,1,0.5476738214492798,0.4826326370239258,0.5151532292366028,0.012722901068627834
C3,355,1,0.5476738214492798,0.5925002694129944,0.5700870454311371,0.011323048733174801
C3,356,1,0.5383988320827484,0.5925002694129944,0.5654495507478714,0.00944292452186346
C3,357,1,0.4078730344772339,0.5925002694129944,0.5001866519451141,0.008187003433704376
C3,358,1,0.492828905582428,0.7728061228990555,0.6328175142407417,0.006030617747455835
C3,359,1,0.3341253399848938,0.7401038706302643,0.537114605307579,0.00630219979211688
C3,360,1,0.5273817181587219,0.7401038706302643,0.6337427943944931,0.010601583868265152
C3,361,1,0.5273817181587219,0.6845950782299042,0.605988398194313,0.007239494472742081
C3,362,1,0.5273817181587219,0.6845950782299042,0.605988398194313,0.010530014522373676
C3,363,1,0.477239727973938,0.7737178653478622,0.6254787966609001,0.011410349048674107
C3,364,1,0.477239727973938,0.3942806124687195,0.43576017022132874,0.011410349048674107
C3,365,1,0.46327096223831177,0.8278008997440338,0.6455359309911728,0.011433974839746952
C3,366,1,0.6184437870979309,0.553602546453476,0.5860231667757034,0.010765555314719677
C3,367,1,0.38892215490341187,0.6152929961681366,0.5021075755357742,0.016174452379345894
C3,368,1,0.38892215490341187,0.6152929961681366,0.5021075755357742,0.02924937754869461
C3,369,1,0.6406405568122864,0.6152929961681366,0.6279667764902115,0.016174452379345894
C3,370,1,0.3711245656013489,0.6412362158298492,0.5061803907155991,0.016174452379345894
C3,371,1,0.40181398391723633,0.6412362158298492,0.5215250998735428,0.03736204653978348
C3,372,1,0.6319715082645416,0.7812692821025848,0.7066203951835632,0.022254865616559982
C3,373,1,0.6319715082645416,0.7826436311006546,0.7073075696825981,0.0234068613499403
C3,374,1,0.6319715082645416,0.7826436311006546,0.7073075696825981,0.021102003753185272
C3,375,1,0.6319715082645416,0.7826436311006546,0.7073075696825981,0.021102003753185272
C3,376,1,0.6319715082645416,0.7826436311006546,0.7073075696825981,0.02854609303176403
C3,377,1,0.6510807871818542,0.7826436311006546,0.7168622091412544,0.027815664187073708
C3,378,1,0.35024797916412354,0.7722743898630142,0.5612611845135689,0.03540562465786934
C3,379,1,0.5808040201663971,0.7980406135320663,0.6894223168492317,0.034250397235155106
C3,380,1,0.5808040201663971,0.7980406135320663,0.6894223168492317,0.034250397235155106
C3,381,1,0.5019254088401794,0.853169783949852,0.6775475963950157,0.022918440401554108
C3,382,1,0.5070575773715973,0.853169783949852,0.6801136806607246,0.021014399826526642
C3,383,1,0.5203462839126587,0.7791211605072021,0.6497337222099304,0.033360473811626434
C3,384,1,0.5330313444137573,0.7930765151977539,0.6630539298057556,0.03391563892364502
C3,385,1,0.5330313444137573,0.7930765151977539,0.6630539298057556,0.03212859481573105
C3,386,1,0.48237061500549316,0.6337487697601318,0.5580596923828125,0.011756417341530323
C3,387,1,0.5121165215969086,0.6827773749828339,0.5974469482898712,0.022004302591085434
C3,388,1,0.7340167164802551,0.46925151348114014,0.6016341149806976,0.0192840788513422
C3,389,1,0.7144918143749237,0.7138968110084534,0.7141943126916885,0.028165951371192932
C3,390,1,0.6218832433223724,0.8038226515054703,0.7128529474139214,0.022110912948846817
C3,391,1,0.6256934106349945,0.8038226515054703,0.7147580310702324,0.022110912948846817
C3,392,1,0.6256934106349945,0.8379236161708832,0.7318085134029388,0.022110912948846817
C3,393,1,0.5769877731800079,0.8379236161708832,0.7074556946754456,0.031169874593615532
C3,394,1,0.6632248759269714,0.8715733289718628,0.7673991024494171,0.02457219548523426
C3,395,1,0.7457829117774963,0.6729384660720825,0.7093606889247894,0.047583818435668945
C3,396,1,0.47727668285369873,0.6261930465698242,0.5517348647117615,0.04424654692411423
C3,397,1,0.47727668285369873,0.6261930465698242,0.5517348647117615,0.04315827041864395
C3,398,1,0.6598809063434601,0.6261930465698242,0.6430369764566422,0.039636142551898956
C3,399,1,0.7616215348243713,0.612930566072464,0.6872760504484177,0.039636142551898956
C3,400,1,0.7616215348243713,0.8693195134401321,0.8154705241322517,0.03902750834822655
C3,401,1,0.7309159636497498,0.8693195134401321,0.800117738544941,0.03902750834822655
C3,402,1,0.6949558854103088,0.8863863423466682,0.7906711138784885,0.0398549921810627
C3,403,1,0.43624794483184814,0.7690123617649078,0.602630153298378,0.03189420700073242
C3,404,1,0.6229574680328369,0.5973598659038544,0.6101586669683456,0.023993872106075287
C3,405,1,0.6229574680328369,0.5973598659038544,0.6101586669683456,0.024124465882778168
C3,406,1,0.6229574680328369,0.5973598659038544,0.6101586669683456,0.01824270933866501
C3,407,1,0.5331990122795105,0.5973598659038544,0.5652794390916824,0.050411392003297806
C3,408,1,0.5331990122795105,0.6231401562690735,0.578169584274292,0.02611910179257393
C3,409,1,0.5093584060668945,0.6231401562690735,0.566249281167984,0.012559093534946442
C3,410,1,0.6343252956867218,0.6881618499755859,0.6612435728311539,0.02386465296149254
C3,411,1,0.7462033033370972,0.6202734410762787,0.6832383722066879,0.021133823320269585
C3,412,1,0.6332740783691406,0.7053049206733704,0.6692894995212555,0.021274810656905174
C3,413,1,0.6332740783691406,0.7053049206733704,0.6692894995212555,0.021416835486888885
C3,414,1,0.7321503460407257,0.7259077429771423,0.729029044508934,0.04462617263197899
C3,415,1,0.7479426264762878,0.7041265964508057,0.7260346114635468,0.03941348195075989
C3,416,1,0.7417166233062744,0.7041265964508057,0.72292160987854,0.036774542182683945
C3,417,1,0.7109011709690094,0.4493820071220398,0.5801415890455246,0.013711191713809967
C3,418,1,0.7794962972402573,0.33870476484298706,0.5591005310416222,0.008927789516746998
C3,419,1,0.7794962972402573,0.37479400634765625,0.5771451517939568,0.008927789516746998
C3,420,1,0.7937478125095367,0.37362468242645264,0.5836862474679947,0.020382452756166458
C3,421,1,0.8575678467750549,0.37362468242645264,0.6155962646007538,0.022091686725616455
C3,422,1,0.8575678467750549,0.41315484046936035,0.6353613436222076,0.02195659652352333
C3,423,1,0.8217162191867828,0.8173669427633286,0.8195415809750557,0.07561977952718735
C3,424,1,0.8616518527269363,0.6973407864570618,0.779496319591999,0.020779188722372055
C3,425,1,0.7409948110580444,0.4027932286262512,0.5718940198421478,0.042450662702322006
C3,426,1,0.5655162632465363,0.4027932286262512,0.48415474593639374,0.058469388633966446
C3,427,1,0.4979522228240967,0.4828478693962097,0.4904000461101532,0.02543964609503746
C3,428,1,0.6546226441860199,0.344271183013916,0.49944691359996796,0.03919538855552673
C3,429,1,0.33709657192230225,0.31021904945373535,0.3236578106880188,0.013266283087432384
C3,430,1,0.6929466128349304,0.31904667615890503,0.5059966444969177,0.016715029254555702
C3,431,1,0.7356812059879303,0.31904667615890503,0.5273639410734177,0.016715029254555702
C3,432,1,0.6183067560195923,0.31904667615890503,0.46867671608924866,0.013104886747896671
C3,433,1,0.6183067560195923,0.3361191153526306,0.47721293568611145,0.013195039704442024
C3,434,1,0.6683691740036011,0.41589343547821045,0.5421313047409058,0.012042609043419361
C3,435,1,0.9261346608400345,0.46471738815307617,0.6954260244965553,0.010669294744729996
C3,436,1,0.9486740753054619,0.46471738815307617,0.706695731729269,0.01820264756679535
C3,437,1,0.9317047446966171,0.5320824384689331,0.7318935915827751,0.01700766384601593
C3,438,1,0.6203211545944214,0.2824499011039734,0.4513855278491974,0.01944671757519245
C3,439,1,0.7127357721328735,0.582712858915329,0.6477243155241013,0.018870729953050613
C3,440,1,0.4462079405784607,0.6088605225086212,0.527534231543541,0.014853773638606071
C3,441,1,0.5744372308254242,0.7295278310775757,0.6519825309514999,0.019460037350654602
C3,442,1,0.6522327959537506,0.5926416516304016,0.6224372237920761,0.03135964274406433
C3,443,1,0.6522327959537506,0.905813492834568,0.7790231443941593,0.07274266332387924
C3,444,1,0.6107068061828613,0.6342152953147888,0.6224610507488251,0.06396877020597458
C3,445,1,0.5333210527896881,0.6905535459518433,0.6119372993707657,0.05776944011449814
C3,446,1,0.5333210527896881,0.6905535459518433,0.6119372993707657,0.02956119179725647
C3,447,1,0.7271793782711029,0.679999053478241,0.7035892158746719,0.04368576407432556
C3,448,1,0.4905686378479004,0.631840705871582,0.5612046718597412,0.018284577876329422
C3,449,1,0.8319627195596695,0.7010695338249207,0.7665161266922951,0.018284577876329422
C3,450,1,0.4059854745864868,0.8135496973991394,0.6097675859928131,0.01240781880915165
C3,451,1,0.46366167068481445,0.8114582598209381,0.6375599652528763,0.011900832876563072
C3,452,1,0.28115570545196533,0.729830414056778,0.5054930597543716,0.011216888204216957
C3,453,1,0.25968003273010254,0.4863719940185547,0.3730260133743286,0.021658897399902344
C3,454,1,0.8386213928461075,0.5746673047542572,0.7066443488001823,0.024429287761449814
C3,455,1,0.8522037267684937,0.5052981376647949,0.6787509322166443,0.024429287761449814
C3,456,1,0.5536933243274689,0.5417380332946777,0.5477156788110733,0.015023438259959221
C3,457,1,0.5093564093112946,0.45831626653671265,0.4838363379240036,0.025689752772450447
C3,458,1,0.6578420698642731,0.3575471043586731,0.5076945871114731,0.012822289019823074
C3,459,1,0.4268360733985901,0.47076451778411865,0.44880029559135437,0.008791287429630756
C3,460,1,0.46340030431747437,0.4180834889411926,0.4407418966293335,0.011375878937542439
C3,461,1,0.536835104227066,0.32052767276763916,0.4286813884973526,0.009223377332091331
C3,462,1,0.49531227350234985,0.3197753429412842,0.407543808221817,0.008636037819087505
C3,463,1,0.7940364331007004,0.7490075826644897,0.7715220078825951,0.007473277859389782
C3,464,1,0.611735075712204,0.5047709345817566,0.5582530051469803,0.009933384135365486
C3,465,1,0.6317669451236725,0.5421402752399445,0.5869536101818085,0.025858595967292786
C3,466,1,0.6277413964271545,0.7843388468027115,0.706040121614933,0.02098519168794155
C3,467,1,0.5157182812690735,0.7843388468027115,0.6500285640358925,0.02098519168794155
C3,468,1,0.8249732851982117,0.6680520474910736,0.7465126663446426,0.013173524290323257
C3,469,1,0.6062877476215363,0.6339111626148224,0.6200994551181793,0.01498441118746996
C3,470,1,0.59590944647789,0.6339111626148224,0.6149103045463562,0.01745441183447838
C3,471,1,0.5537280440330505,0.7525632083415985,0.6531456261873245,0.0190933458507061
C3,472,1,0.8350027799606323,0.7096622884273529,0.7723325341939926,0.012577656656503677
C3,473,1,0.5762278735637665,0.7828440815210342,0.6795359775424004,0.024566706269979477
C3,474,1,0.7721626907587051,0.7828440815210342,0.7775033861398697,0.024501828476786613
C3,475,1,0.7721626907587051,0.8297428041696548,0.80095274746418,0.012632297351956367
C3,476,1,0.6883702576160431,0.5638352334499359,0.6261027455329895,0.015662318095564842
C3,477,1,0.7081526815891266,0.5771649777889252,0.6426588296890259,0.013035445474088192
C3,478,1,0.7081526815891266,0.6852385997772217,0.6966956406831741,0.014522060751914978
C3,479,1,0.7647616565227509,0.8100435733795166,0.7874026149511337,0.014522060751914978
C3,480,1,0.783274918794632,0.8187422752380371,0.8010085970163345,0.02358454465866089
C3,481,1,0.5050028264522552,0.6713639199733734,0.5881833732128143,0.01114831306040287
C3,482,1,0.6534400582313538,0.6713639199733734,0.6624019891023636,0.010577243752777576
C3,483,1,0.6802680194377899,0.627968966960907,0.6541184931993484,0.02636684477329254
C3,484,1,0.7950179576873779,0.627968966960907,0.7114934623241425,0.010577243752777576
C3,485,1,0.7753531038761139,0.627968966960907,0.7016610354185104,0.008231121115386486
C3,486,1,0.86763696372509,0.627968966960907,0.7478029653429985,0.022617395967245102
C3,487,1,0.4157649874687195,0.5758306980133057,0.4957978427410126,0.005384784657508135
C3,488,1,0.6709657609462738,0.3522852659225464,0.5116255134344101,0.00894898921251297
C3,489,1,0.7839428037405014,0.5985963046550751,0.6912695541977882,0.012365649454295635
C3,490,1,0.7618467509746552,0.5985963046550751,0.6802215278148651,0.012365649454295635
C3,491,1,0.7288998663425446,0.5985963046550751,0.6637480854988098,0.012365649454295635
C3,492,1,0.8458723872900009,0.4821479916572571,0.664010189473629,0.013663176447153091
C3,493,1,0.8917563781142235,0.4886978268623352,0.6902271024882793,0.00947762094438076
C3,494,1,0.9133476167917252,0.5923871099948883,0.7528673633933067,0.00952271930873394
C3,495,1,0.752893716096878,0.46228718757629395,0.607590451836586,0.025306083261966705
C3,496,1,0.752893716096878,0.46228718757629395,0.607590451836586,0.022843020036816597
C3,497,1,0.8102654218673706,0.47729116678237915,0.6437782943248749,0.026921739801764488
C3,498,1,0.8102654218673706,0.47729116678237915,0.6437782943248749,0.026471242308616638
C3,499,1,0.8122255057096481,0.7417510151863098,0.776988260447979,0.018575681373476982
C3,500,1,0.8301623463630676,0.4962964653968811,0.6632294058799744,0.018716858699917793
C3,501,1,0.8301623463630676,0.4962964653968811,0.6632294058799744,0.01813584566116333
C3,502,1,0.6518581211566925,0.3912683129310608,0.5215632170438766,0.020005086436867714
C3,503,1,0.7344916462898254,0.3912683129310608,0.5628799796104431,0.0200971569865942
C3,504,1,0.5109345614910126,0.36336034536361694,0.43714745342731476,0.06409640610218048
C3,505,1,0.6992368400096893,0.2477339506149292,0.47348539531230927,0.03660699352622032
C3,506,1,0.6992368400096893,0.2338646650314331,0.4665507525205612,0.03660699352622032
C3,507,1,0.6992368400096893,0.2338646650314331,0.4665507525205612,0.029226552695035934
C3,508,1,0.5357310771942139,0.4396555423736572,0.48769330978393555,0.02609344944357872
C3,509,1,0.5357310771942139,0.30276721715927124,0.41924914717674255,0.02221572771668434
C3,510,1,0.7118808627128601,0.42698031663894653,0.5694305896759033,0.02350686863064766
C3,511,1,0.6607575118541718,0.4576728940010071,0.5592152029275894,0.02706107683479786
C3,512,1,0.6607575118541718,0.4576728940010071,0.5592152029275894,0.03889323025941849
C3,513,1,0.8112107813358307,0.4576728940010071,0.6344418376684189,0.04407094046473503
C3,514,1,0.753147229552269,0.37177491188049316,0.5624610707163811,0.06761059910058975
C3,515,1,0.753147229552269,0.3331228494644165,0.5431350395083427,0.06269196420907974
C3,516,1,0.8352279514074326,0.7358754575252533,0.7855517044663429,0.0289846733212471
C3,517,1,0.8447314649820328,0.7330629825592041,0.7888972237706184,0.015075257048010826
C3,518,1,0.5216532647609711,0.7551338821649551,0.6383935734629631,0.014736025594174862
C3,519,1,0.5369817018508911,0.5243104696273804,0.5306460857391357,0.013564076274633408
C3,520,1,0.5369817018508911,0.5243104696273804,0.5306460857391357,0.013564076274633408
C3,521,1,0.5369817018508911,0.6947442889213562,0.6158629953861237,0.010881844907999039
C3,522,1,0.5369817018508911,0.6947442889213562,0.6158629953861237,0.010809186846017838
C3,523,1,0.4825371503829956,0.6947442889213562,0.5886407196521759,0.010399487800896168
C3,524,1,0.4979768395423889,0.6997590363025665,0.5988679379224777,0.017647635191679
C3,525,1,0.7200627028942108,0.7758382707834244,0.7479504868388176,0.011939444579184055
C3,526,1,0.5580896735191345,0.7758382707834244,0.6669639721512794,0.015454670414328575
C3,527,1,0.7806539237499237,0.7758382707834244,0.778246097266674,0.016289178282022476
C3,528,1,0.7806539237499237,0.7758382707834244,0.778246097266674,0.012384792789816856
C3,529,1,0.5580896735191345,0.7758382707834244,0.6669639721512794,0.012384792789816856
C3,530,1,0.554622620344162,0.7817542254924774,0.6681884229183197,0.027618633583188057
C3,531,1,0.44575637578964233,0.8584711849689484,0.6521137803792953,0.017252080142498016
C3,532,1,0.44575637578964233,0.8584711849689484,0.6521137803792953,0.010508901439607143
C3,533,1,0.44575637578964233,0.8584711849689484,0.6521137803792953,0.0167106743901968
C3,534,1,0.44575637578964233,0.8643609136343002,0.6550586447119713,0.014286251738667488
C3,535,1,0.5772218704223633,0.7447111308574677,0.6609665006399155,0.03238978609442711
C3,536,1,0.742779403924942,0.7552336156368256,0.7490065097808838,0.02066333033144474
C3,537,1,0.6693742275238037,0.5611727237701416,0.6152734756469727,0.025655696168541908
C3,538,1,0.6728982925415039,0.23987412452697754,0.4563862085342407,0.03146009147167206
C3,539,1,0.7637707144021988,0.2488187551498413,0.50629473477602,0.04249568283557892
C3,540,1,0.6757388114929199,0.7360134124755859,0.7058761119842529,0.019070005044341087
C3,541,1,0.5938433706760406,0.5009928941726685,0.5474181324243546,0.04722447320818901
C3,542,1,0.703305572271347,0.5163362622261047,0.6098209172487259,0.05312204360961914
C3,543,1,0.703305572271347,0.5163362622261047,0.6098209172487259,0.05312204360961914
C3,544,1,0.703305572271347,0.6969426870346069,0.700124129652977,0.05312204360961914
C3,545,1,0.6687286198139191,0.4164249300956726,0.5425767749547958,0.030740993097424507
C3,546,1,0.7437601983547211,0.5749904215335846,0.6593753099441528,0.06936081498861313
C3,547,1,0.6430891454219818,0.5369944870471954,0.5900418162345886,0.05346319079399109
C3,548,1,0.6430891454219818,0.49691712856292725,0.5700031369924545,0.04331759735941887
C3,549,1,0.6717814803123474,0.49691712856292725,0.5843493044376373,0.024519557133316994
C3,550,1,0.7994992136955261,0.5910065472126007,0.6952528804540634,0.031004128977656364
C3,551,1,0.6487301290035248,0.571082204580307,0.6099061667919159,0.017019547522068024
C3,552,1,0.7164920568466187,0.49203920364379883,0.6042656302452087,0.014463838189840317
C3,553,1,0.6109113097190857,0.49203920364379883,0.5514752566814423,0.014463838189840317
C3,554,1,0.5980035960674286,0.49203920364379883,0.5450213998556137,0.014463838189840317
C3,555,1,0.7785687893629074,0.4920564293861389,0.6353126093745232,0.01908954605460167
C3,556,1,0.7785687893629074,0.5949801504611969,0.6867744699120522,0.01908954605460167
C3,557,1,0.5334977507591248,0.7346220910549164,0.6340599209070206,0.010400179773569107
C3,558,1,0.2206798791885376,0.7781928777694702,0.4994363784790039,0.00693483417853713
C3,559,1,0.6582233905792236,0.5928403437137604,0.625531867146492,0.01520475558936596
C3,560,1,0.40051060914993286,0.8509146124124527,0.6257126107811928,0.01698882132768631
C3,561,1,0.33027392625808716,0.7816942483186722,0.5559840872883797,0.01698882132768631
C3,562,1,0.4337981939315796,0.8025027811527252,0.6181504875421524,0.00515711260959506
C3,563,1,0.5924888551235199,0.17515188455581665,0.3838203698396683,0.009335172362625599
C3,564,1,0.46839845180511475,0.4844706058502197,0.47643452882766724,0.00583584513515234
C3,565,1,0.6228839159011841,0.49824488162994385,0.560564398765564,0.006297512445598841
C3,566,1,0.732889711856842,0.7338199019432068,0.7333548069000244,0.008402363397181034
C3,567,1,0.7800344973802567,0.6564114391803741,0.7182229682803154,0.011288780719041824
C3,568,1,0.2933555245399475,0.3904533386230469,0.3419044315814972,0.009766281582415104
C3,569,1,0.1976109743118286,0.38138455152511597,0.2894977629184723,0.009766281582415104
C3,570,1,0.5099507570266724,0.5142185688018799,0.5120846629142761,0.009766281582415104
C3,571,1,0.6601576209068298,0.2951369285583496,0.4776472747325897,0.01694859005510807
C3,572,1,0.5809577107429504,0.3538477420806885,0.46740272641181946,0.016726169735193253
C3,573,1,0.5650495290756226,0.5055956542491913,0.5353225916624069,0.0068494644947350025
C3,574,1,0.6287185549736023,0.42812585830688477,0.5284222066402435,0.006876084953546524
C3,575,1,0.8435575813055038,0.6183728575706482,0.730965219438076,0.006876084953546524
C3,576,1,0.8620890527963638,0.7628904730081558,0.8124897629022598,0.008422648534178734
C3,577,1,0.9008793160319328,0.7076579928398132,0.804268654435873,0.008422648534178734
C3,578,1,0.8849246799945831,0.37678325176239014,0.6308539658784866,0.006876084953546524
C3,579,1,0.7176681458950043,0.351982057094574,0.5348251014947891,0.007624856662005186
C3,580,1,0.7075265049934387,0.6915713548660278,0.6995489299297333,0.004477157723158598
C3,581,1,0.6619373559951782,0.6915713548660278,0.676754355430603,0.00570948189124465
C3,582,1,0.5715419054031372,0.6414194405078888,0.606480672955513,0.004318539053201675
C3,583,1,0.5552566647529602,0.2830939292907715,0.41917529702186584,0.004318539053201675
C3,584,1,0.8140492141246796,0.40134429931640625,0.6076967567205429,0.007149636745452881
C3,585,1,0.7024897038936615,0.6282882988452911,0.6653890013694763,0.009373359382152557
C3,586,1,0.7024897038936615,0.36532241106033325,0.5339060574769974,0.017666932195425034
C3,587,1,0.8432151675224304,0.33820486068725586,0.5907100141048431,0.017666932195425034
C3,588,1,0.8246086239814758,0.46399688720703125,0.6443027555942535,0.008811158128082752
C3,589,1,0.8974732309579849,0.4109811782836914,0.6542272046208382,0.01734297350049019
C3,590,1,0.8305095583200455,0.6557107865810394,0.7431101724505424,0.010235676541924477
C3,591,1,0.5978286266326904,0.6557107865810394,0.6267697066068649,0.012459993362426758
C3,592,1,0.6470228433609009,0.6841097772121429,0.6655663102865219,0.014760421589016914
C3,593,1,0.6312234103679657,0.5385476350784302,0.5848855227231979,0.014760421589016914
C3,594,1,0.8059130162000656,0.3586975932121277,0.5823053047060966,0.021236740052700043
C3,595,1,0.6421111524105072,0.6167426109313965,0.6294268816709518,0.046625882387161255
C3,596,1,0.6439923942089081,0.6167426109313965,0.6303675025701523,0.04843252897262573
C3,597,1,0.6878074705600739,0.6630057394504547,0.6754066050052643,0.02198289893567562
C3,598,1,0.5379945039749146,0.6112535297870636,0.5746240168809891,0.034780796617269516
C3,599,1,0.6279131174087524,0.5802670419216156,0.604090079665184,0.0330260805785656
C3,600,1,0.7590719759464264,0.6477883458137512,0.7034301608800888,0.008314626291394234
C3,601,1,0.7801511585712433,0.6477883458137512,0.7139697521924973,0.008391103707253933
C3,602,1,0.7801511585712433,0.6477883458137512,0.7139697521924973,0.009420279413461685
C3,603,1,0.7028188109397888,0.6477883458137512,0.67530357837677,0.011491789482533932
C3,604,1,0.7350562214851379,0.5863819122314453,0.6607190668582916,0.010529980063438416
C3,605,1,0.7557621747255325,0.4604272246360779,0.6080946996808052,0.01042904146015644
C3,606,1,0.7557621747255325,0.4604272246360779,0.6080946996808052,0.01042904146015644
C3,607,1,0.6569337546825409,0.4604272246360779,0.5586804896593094,0.010632072575390339
C3,608,1,0.5926187038421631,0.4604272246360779,0.5265229642391205,0.007116490975022316
C3,609,1,0.7141979336738586,0.4604272246360779,0.5873125791549683,0.006364309694617987
C3,610,1,0.7039675712585449,0.4119526743888855,0.5579601228237152,0.005986509844660759
C3,611,1,0.7039675712585449,0.4119526743888855,0.5579601228237152,0.005986509844660759
C3,612,1,0.7179193794727325,0.4840415120124817,0.6009804457426071,0.005986509844660759
C3,613,1,0.7226344048976898,0.3310312032699585,0.5268328040838242,0.004648491274565458
C3,614,1,0.4198642373085022,0.3543727993965149,0.38711851835250854,0.009813309647142887
C3,615,1,0.5746570825576782,0.3543727993965149,0.46451494097709656,0.011049502529203892
C3,616,1,0.5746570825576782,0.3543727993965149,0.46451494097709656,0.011049502529203892
C3,617,1,0.5651273727416992,0.3064349293708801,0.4357811510562897,0.01221073791384697
C3,618,1,0.5508836805820465,0.3064349293708801,0.4286593049764633,0.01034028735011816
C3,619,1,0.5411812961101532,0.3223453760147095,0.43176333606243134,0.012682624161243439
C3,620,1,0.4240970015525818,0.40098822116851807,0.4125426113605499,0.012682624161243439
C3,621,1,0.3772677779197693,0.40098822116851807,0.3891279995441437,0.005786291789263487
C3,622,1,0.7298356890678406,0.34328150749206543,0.536558598279953,0.0037526297383010387
C3,623,1,0.7268532812595367,0.2944355607032776,0.5106444209814072,0.003955858293920755
C3,624,1,0.7268532812595367,0.2944355607032776,0.5106444209814072,0.003955858293920755
C3,625,1,0.6109423339366913,0.2944355607032776,0.45268894731998444,0.0038466600235551596
C3,626,1,0.599526584148407,0.2944355607032776,0.4469810724258423,0.004391913302242756
C3,627,1,0.8101577758789062,0.4634493589401245,0.6368035674095154,0.005184732377529144
C3,628,1,0.6580071747303009,0.5210713446140289,0.5895392596721649,0.0017516070511192083
C3,629,1,0.7211449146270752,0.5509158670902252,0.6360303908586502,0.010150980204343796
C3,630,1,0.7279752492904663,0.591924786567688,0.6599500179290771,0.006457224488258362
C3,631,1,0.8666722029447556,0.591924786567688,0.7292984947562218,0.007010587025433779
C3,632,1,0.8666722029447556,0.591924786567688,0.7292984947562218,0.007010587025433779
C3,633,1,0.7419467866420746,0.591924786567688,0.6669357866048813,0.009560261853039265
C3,634,1,0.6303661465644836,0.5243678689002991,0.5773670077323914,0.009560261853039265
C3,635,1,0.5220700204372406,0.12120336294174194,0.32163669168949127,0.00868916418403387
C3,636,1,0.3629878759384155,0.2440773844718933,0.3035326302051544,0.005263013765215874
C3,637,1,0.39074432849884033,0.7167174220085144,0.5537308752536774,0.005263013765215874
C3,638,1,0.8613048791885376,0.5617212355136871,0.7115130573511124,0.010743151418864727
C3,639,1,0.8944654166698456,0.7650889158248901,0.8297771662473679,0.006189472507685423
C3,640,1,0.8671291321516037,0.2800632119178772,0.5735961720347404,0.006189472507685423
C3,641,1,0.7238163948059082,0.46863412857055664,0.5962252616882324,0.008027512580156326
C3,642,1,0.6603318452835083,0.3964923620223999,0.5284121036529541,0.008610832504928112
C3,643,1,0.5794861018657684,0.3339329957962036,0.456709548830986,0.01702755130827427
C3,644,1,0.32542407512664795,0.38334083557128906,0.3543824553489685,0.008565499447286129
C3,645,1,0.4711003303527832,0.6455572843551636,0.5583288073539734,0.008405164815485477
C3,646,1,0.5540847182273865,0.7318607270717621,0.6429727226495743,0.008481004275381565
C3,647,1,0.23998510837554932,0.6877232789993286,0.46385419368743896,0.00883484911173582
C3,648,1,0.5881080329418182,0.5399873852729797,0.564047709107399,0.00883484911173582
C3,649,1,0.8697347790002823,0.6473954319953918,0.7585651054978371,0.006106275133788586
C3,650,1,0.7059023082256317,0.5102812349796295,0.6080917716026306,0.00868392176926136
C3,651,1,0.7249508798122406,0.5311414003372192,0.6280461400747299,0.004863106645643711
C3,652,1,0.6276246011257172,0.7742246240377426,0.7009246125817299,0.0041573080234229565
C3,653,1,0.5613431930541992,0.8079333901405334,0.6846382915973663,0.0041573080234229565
C3,654,1,0.6272626519203186,0.6640653908252716,0.6456640213727951,0.0041573080234229565
C3,655,1,0.7073279619216919,0.5337494611740112,0.6205387115478516,0.0041573080234229565
C3,656,1,0.7073279619216919,0.5337494611740112,0.6205387115478516,0.0048417141661047935
C3,657,1,0.7497695684432983,0.42978060245513916,0.5897750854492188,0.0028400493320077658
C3,658,1,0.6315469443798065,0.2987942695617676,0.46517060697078705,0.00584283284842968
C3,659,1,0.6552766859531403,0.5276480317115784,0.5914623588323593,0.0069676609709858894
C3,660,1,0.8399778455495834,0.42836809158325195,0.6341729685664177,0.007215630263090134
C3,661,1,0.798403725028038,0.5911692380905151,0.6947864815592766,0.007860550656914711
C3,662,1,0.8916932046413422,0.516284316778183,0.7039887607097626,0.007519760634750128
C3,663,1,0.8334423452615738,0.46402060985565186,0.6487314775586128,0.007519760634750128
C3,664,1,0.8358394056558609,0.6429247260093689,0.7393820658326149,0.00750573817640543
C3,665,1,0.8783936873078346,0.6429247260093689,0.7606592066586018,0.009307286702096462
C3,666,1,0.7377829253673553,0.5904614329338074,0.6641221791505814,0.009307286702096462
C3,667,1,0.8871796056628227,0.34988367557525635,0.6185316406190395,0.006547913886606693
C3,668,1,0.7132916748523712,0.3805360794067383,0.5469138771295547,0.004402472171932459
C3,669,1,0.6903234422206879,0.3805360794067383,0.5354297608137131,0.004605723079293966
C3,670,1,0.8769915550947189,0.6666816473007202,0.7718366011977196,0.004605723079293966
C3,671,1,0.8769915550947189,0.6666816473007202,0.7718366011977196,0.0055383178405463696
C3,672,1,0.9256259053945541,0.5457632541656494,0.7356945797801018,0.011671752668917179
C3,673,1,0.8453989773988724,0.5749155580997467,0.7101572677493095,0.011701119132339954
C3,674,1,0.8453989773988724,0.58840411901474,0.7169015482068062,0.011730385012924671
C3,675,1,0.7625782787799835,0.4939678907394409,0.6282730847597122,0.010455649346113205
C3,676,1,0.5892792642116547,0.4939678907394409,0.5416235774755478,0.012553145177662373
C3,677,1,0.644191324710846,0.46060919761657715,0.5524002611637115,0.013060694560408592
C3,678,1,0.6427465677261353,0.5374666750431061,0.5901066213846207,0.007017116528004408
C3,679,1,0.6427465677261353,0.5374666750431061,0.5901066213846207,0.007215581834316254
C3,680,1,0.6427465677261353,0.5374666750431061,0.5901066213846207,0.007198990322649479
C3,681,1,0.6421719789505005,0.31798845529556274,0.4800802171230316,0.0077226837165653706
C3,682,1,0.7876418381929398,0.31798845529556274,0.5528151467442513,0.006190560292452574
C3,683,1,0.7369112968444824,0.4996653199195862,0.6182883083820343,0.005822454579174519
C3,684,1,0.620602935552597,0.4660366177558899,0.5433197766542435,0.011118142865598202
C3,685,1,0.4507024884223938,0.4185492992401123,0.43462589383125305,0.009629285894334316
C3,686,1,0.4507024884223938,0.4185492992401123,0.43462589383125305,0.01203879900276661
C3,687,1,0.3900213837623596,0.4185492992401123,0.40428534150123596,0.01203879900276661
C3,688,1,0.5012544989585876,0.4185492992401123,0.45990189909935,0.012634248472750187
C3,689,1,0.5516414046287537,0.4185492992401123,0.485095351934433,0.01380919013172388
C3,690,1,0.6812251508235931,0.20864784717559814,0.44493649899959564,0.006793132517486811
C3,691,1,0.6852459907531738,0.21577996015548706,0.45051297545433044,0.009574824944138527
C3,692,1,0.7555574923753738,0.21577996015548706,0.48566872626543045,0.009574824944138527
C3,693,1,0.7555574923753738,0.21577996015548706,0.48566872626543045,0.009574824944138527
C3,694,1,0.6852459907531738,0.21577996015548706,0.45051297545433044,0.009397808462381363
C3,695,1,0.6572978496551514,0.460704505443573,0.5590011775493622,0.00917808711528778
C3,696,1,0.7406232953071594,0.167924702167511,0.4542739987373352,0.009143954142928123
C3,697,1,0.8027859777212143,0.3170328736305237,0.559909425675869,0.014302852563560009
C3,698,1,0.855874553322792,0.39851343631744385,0.627193994820118,0.008072752505540848
C3,699,1,0.855874553322792,0.39851343631744385,0.627193994820118,0.008072752505540848
C3,700,1,0.8410248011350632,0.5722748041152954,0.7066498026251793,0.008806162513792515
C3,701,1,0.8410248011350632,0.5722748041152954,0.7066498026251793,0.008806162513792515
C3,702,1,0.6278189420700073,0.4240274429321289,0.5259231925010681,0.003991337958723307
C3,703,1,0.63106369972229,0.27294182777404785,0.45200276374816895,0.005283779930323362
C3,704,1,0.63106369972229,0.27294182777404785,0.45200276374816895,0.004934397060424089
C3,705,1,0.5780589580535889,0.7044631540775299,0.6412610560655594,0.0045126923359930515
C3,706,1,0.5780589580535889,0.27294182777404785,0.42550039291381836,0.004499757196754217
C3,707,1,0.869190588593483,0.40027904510498047,0.6347348168492317,0.0039186542853713036
C3,708,1,0.8674399256706238,0.6394034922122955,0.7534217089414597,0.01037201751023531
C3,709,1,0.8674399256706238,0.3384663462638855,0.6029531359672546,0.01037201751023531
C3,710,1,0.8601332157850266,0.35605090856552124,0.6080920621752739,0.01037201751023531
C3,711,1,0.7909045964479446,0.4566400647163391,0.6237723305821419,0.01037201751023531
C3,712,1,0.8249955624341965,0.5850689113140106,0.7050322368741035,0.010598128661513329
C3,713,1,0.63948193192482,0.42138081789016724,0.5304313749074936,0.015957705676555634
C3,714,1,0.63948193192482,0.3358454704284668,0.48766370117664337,0.015957705676555634
C3,715,1,0.6833156645298004,0.4967435598373413,0.5900296121835709,0.004160704556852579
C3,716,1,0.6422807574272156,0.6481370627880096,0.6452089101076126,0.016743620857596397
C3,717,1,0.7579946517944336,0.6481370627880096,0.7030658572912216,0.0166973564773798
C3,718,1,0.5754469335079193,0.5192992985248566,0.5473731160163879,0.012982497923076153
C3,719,1,0.7772282361984253,0.6911583244800568,0.734193280339241,0.00998731330037117
C3,720,1,0.616631269454956,0.5192992985248566,0.5679652839899063,0.01121432427316904
C3,721,1,0.6805870532989502,0.5192992985248566,0.5999431759119034,0.01121432427316904
C3,722,1,0.6805870532989502,0.5192992985248566,0.5999431759119034,0.012184406630694866
C3,723,1,0.6805870532989502,0.5192992985248566,0.5999431759119034,0.04183349758386612
C3,724,1,0.6805870532989502,0.5192992985248566,0.5999431759119034,0.032367952167987823
C3,725,1,0.7523591816425323,0.6145342886447906,0.6834467351436615,0.0026755244471132755
C3,726,1,0.737461268901825,0.524759978055954,0.6311106234788895,0.014905858784914017
C3,727,1,0.737461268901825,0.524759978055954,0.6311106234788895,0.014905858784914017
C3,728,1,0.737461268901825,0.524759978055954,0.6311106234788895,0.0025597894564270973
C3,729,1,0.737461268901825,0.524759978055954,0.6311106234788895,0.0018071599770337343
C3,730,1,0.6639065146446228,0.5095752775669098,0.5867408961057663,0.016151977702975273
C3,731,1,0.5283616781234741,0.6674149036407471,0.5978882908821106,0.017970696091651917
C3,732,1,0.7014188468456268,0.6615924537181854,0.6815056502819061,0.017970696091651917
C3,733,1,0.4519232511520386,0.6737120449542999,0.5628176480531693,0.017970696091651917
C3,734,1,0.7684645801782608,0.7001794576644897,0.7343220189213753,0.010963547974824905
C3,735,1,0.5359934270381927,0.6643055081367493,0.600149467587471,0.012935778126120567
C3,736,1,0.5985758900642395,0.7532994002103806,0.67593764513731,0.010686698369681835
C3,737,1,0.7441739141941071,0.8225574493408203,0.7833656817674637,0.010686698369681835
C3,738,1,0.6053358912467957,0.8834369629621506,0.7443864271044731,0.010686698369681835
C3,739,1,0.603657603263855,0.7408197224140167,0.6722386628389359,0.01017268281430006
C3,740,1,0.8612888902425766,0.6321779191493988,0.7467334046959877,0.01680596172809601
C3,741,1,0.8608827590942383,0.662421315908432,0.7616520375013351,0.027269747108221054
C3,742,1,0.9085968732833862,0.5791538655757904,0.7438753694295883,0.027269747108221054
C3,743,1,0.8767415657639503,0.535847395658493,0.7062944807112217,0.028491364791989326
C3,744,1,0.829375222325325,0.535847395658493,0.682611308991909,0.03006032109260559
C3,745,1,0.7842406034469604,0.5586359202861786,0.6714382618665695,0.016004761680960655
C3,746,1,0.8460983484983444,0.5515721142292023,0.6988352313637733,0.008784102275967598
C3,747,1,0.8460983484983444,0.5515721142292023,0.6988352313637733,0.013353325426578522
C3,748,1,0.8097888231277466,0.5515721142292023,0.6806804686784744,0.013353325426578522
C3,749,1,0.8479824811220169,0.5415444374084473,0.6947634592652321,0.018725091591477394
C3,750,1,0.8437604606151581,0.5634710788726807,0.7036157697439194,0.02895512804389
C3,751,1,0.7539680153131485,0.5804182291030884,0.6671931222081184,0.019287509843707085
C3,752,1,0.7539680153131485,0.6152991354465485,0.6846335753798485,0.02022499032318592
C3,753,1,0.7539680153131485,0.6152991354465485,0.6846335753798485,0.02022499032318592
C3,754,1,0.746585339307785,0.5767867863178253,0.6616860628128052,0.011973660439252853
C3,755,1,0.8697090595960617,0.696868896484375,0.7832889780402184,0.03325365111231804
C3,756,1,0.6666207909584045,0.6543974876403809,0.6605091392993927,0.01766548678278923
C3,757,1,0.6493197679519653,0.5373041033744812,0.5933119356632233,0.011698300950229168
C3,758,1,0.6493197679519653,0.5373041033744812,0.5933119356632233,0.011698300950229168
C3,759,1,0.6116566359996796,0.49943268299102783,0.5555446594953537,0.013682938180863857
C3,760,1,0.6210426390171051,0.5623004734516144,0.5916715562343597,0.0172966830432415
C3,761,1,0.7837068736553192,0.6023699045181274,0.6930383890867233,0.024563008919358253
C3,762,1,0.8171388804912567,0.5156694948673248,0.6664041876792908,0.028692374005913734
C3,763,1,0.8171388804912567,0.5156694948673248,0.6664041876792908,0.017669465392827988
C3,764,1,0.7937985360622406,0.5156694948673248,0.6547340154647827,0.017669465392827988
C3,765,1,0.7427947521209717,0.5156694948673248,0.6292321234941483,0.014876585453748703
C3,766,1,0.6297737658023834,0.5078579783439636,0.5688158720731735,0.0076531898230314255
C3,767,1,0.7736296951770782,0.44603490829467773,0.609832301735878,0.00980572309345007
C3,768,1,0.7736296951770782,0.44603490829467773,0.609832301735878,0.00980572309345007
C3,769,1,0.8894856348633766,0.44603490829467773,0.6677602715790272,0.00980572309345007
C3,770,1,0.9182884618639946,0.44603490829467773,0.6821616850793362,0.008837760426104069
C3,771,1,0.9042998552322388,0.5349197387695312,0.719609797000885,0.008866585791110992
C3,772,1,0.9160469993948936,0.5434510707855225,0.729749035090208,0.017593376338481903
C3,773,1,0.8899498581886292,0.5155961215496063,0.7027729898691177,0.0230662003159523
C3,774,1,0.894110232591629,0.5155961215496063,0.7048531770706177,0.014663889072835445
C3,775,1,0.8958487510681152,0.5803024172782898,0.7380755841732025,0.014663889072835445
C3,776,1,0.8736057579517365,0.5803024172782898,0.7269540876150131,0.014154376462101936
C3,777,1,0.8322301506996155,0.5210905969142914,0.6766603738069534,0.00667609553784132
C3,778,1,0.7545770406723022,0.47119611501693726,0.6128865778446198,0.00567952636629343
C3,779,1,0.9257285445928574,0.47119611501693726,0.6984623298048973,0.005393843166530132
C3,780,1,0.965249814093113,0.41263699531555176,0.6889434047043324,0.026586143299937248
C3,781,1,0.94908631965518,0.16327935457229614,0.5561828371137381,0.0065750726498663425
C3,782,1,0.8060190826654434,0.3202803134918213,0.5631496980786324,0.012167722918093204
C3,783,1,0.6430959105491638,0.45300424098968506,0.5480500757694244,0.002557270461693406
C3,784,1,0.7864164561033249,0.38523757457733154,0.5858270153403282,0.0039640567265450954
C3,785,1,0.7864164561033249,0.38523757457733154,0.5858270153403282,0.027387985959649086
C3,786,1,0.9557008258998394,0.38523757457733154,0.6704692002385855,0.032397422939538956
C3,787,1,0.9557008258998394,0.38523757457733154,0.6704692002385855,0.03285237401723862
C3,788,1,0.8074483871459961,0.4213731288909912,0.6144107580184937,0.03206418454647064
C3,789,1,0.8530189692974091,0.5033276081085205,0.6781732887029648,0.027002127841114998
C3,790,1,0.8530189692974091,0.5033276081085205,0.6781732887029648,0.009759030304849148
C3,791,1,0.8530189692974091,0.40594619512557983,0.6294825822114944,0.014146235771477222
C3,792,1,0.8891948312520981,0.40594619512557983,0.647570513188839,0.014795074239373207
C3,793,1,0.8804737031459808,0.24099338054656982,0.5607335418462753,0.017363179475069046
C3,794,1,0.6772924959659576,0.26612818241119385,0.47171033918857574,0.010240164585411549
C3,795,1,0.6772924959659576,0.26612818241119385,0.47171033918857574,0.009859370067715645
C3,796,1,0.6777931153774261,0.26612818241119385,0.47196064889431,0.009873355738818645
C3,797,1,0.7119397222995758,0.3812416195869446,0.5465906709432602,0.008917955681681633
C3,798,1,0.6582804620265961,0.5202541351318359,0.589267298579216,0.01358137745410204
C3,799,1,0.6198549866676331,0.46760326623916626,0.5437291264533997,0.010045894421637058
C3,800,1,0.6199900805950165,0.46760326623916626,0.5437966734170914,0.010045894421637058
C3,801,1,0.6199900805950165,0.543061226606369,0.5815256536006927,0.010045894421637058
C3,802,1,0.619503378868103,0.607644110918045,0.613573744893074,0.012443387880921364
C3,803,1,0.4846743941307068,0.5963349044322968,0.5405046492815018,0.01336088590323925
C3,804,1,0.7895723730325699,0.6881060302257538,0.7388392016291618,0.018413972109556198
C3,805,1,0.4061759114265442,0.4880067706108093,0.44709134101867676,0.010347179137170315
C3,806,1,0.5040005743503571,0.4880067706108093,0.4960036724805832,0.020650725811719894
C3,807,1,0.5229829549789429,0.29889780282974243,0.41094037890434265,0.016743840649724007
C3,808,1,0.7530033141374588,0.3121887445449829,0.5325960293412209,0.01963336393237114
C3,809,1,0.6972339749336243,0.3658953905105591,0.5315646827220917,0.01204006839543581
C3,810,1,0.8540902584791183,0.3553246259689331,0.6047074422240257,0.023890286684036255
C3,811,1,0.9003632441163063,0.34251219034194946,0.6214377172291279,0.017016172409057617
C3,812,1,0.9003632441163063,0.34251219034194946,0.6214377172291279,0.014869144186377525
C3,813,1,0.9056338518857956,0.2346811294555664,0.570157490670681,0.027711231261491776
C3,814,1,0.8860189318656921,0.2521090507507324,0.5690639913082123,0.019789764657616615
C3,815,1,0.803691178560257,0.21453076601028442,0.5091109722852707,0.016429994255304337
C3,816,1,0.786528468132019,0.23693513870239258,0.5117318034172058,0.01161142811179161
C3,817,1,0.8191285878419876,0.4013773798942566,0.6102529838681221,0.026644552126526833
C3,818,1,0.8091311752796173,0.09890586137771606,0.4540185183286667,0.02909797988831997
C3,819,1,0.8091311752796173,0.5991411805152893,0.7041361778974533,0.03913220018148422
C3,820,1,0.8791070654988289,0.776683583855629,0.8278953246772289,0.05767848342657089
C3,821,1,0.7947849631309509,0.8102174550294876,0.8025012090802193,0.028340455144643784
C3,822,1,0.6618776321411133,0.2822760343551636,0.4720768332481384,0.008631229400634766
C3,823,1,0.7240507006645203,0.675004631280899,0.6995276659727097,0.017941785976290703
C3,824,1,0.682051032781601,0.675004631280899,0.67852783203125,0.017941785976290703
C3,825,1,0.7763752937316895,0.7581130564212799,0.7672441750764847,0.018769746646285057
C3,826,1,0.508772999048233,0.7581130564212799,0.6334430277347565,0.020886844024062157
C3,827,1,0.8147813528776169,0.6135435402393341,0.7141624465584755,0.012476309202611446
C3,828,1,0.6373124122619629,0.5874512493610382,0.6123818308115005,0.01589854247868061
C3,829,1,0.7573056519031525,0.46745187044143677,0.6123787611722946,0.016409320756793022
C3,830,1,0.7718776017427444,0.49190300703048706,0.6318903043866158,0.009560483507812023
C3,831,1,0.741651862859726,0.6268898248672485,0.6842708438634872,0.020683035254478455
C3,832,1,0.8876713439822197,0.6988201439380646,0.7932457439601421,0.01708633452653885
C3,833,1,0.7922717034816742,0.6241190731525421,0.7081953883171082,0.01556494738906622
C3,834,1,0.7949874252080917,0.6145353615283966,0.7047613933682442,0.01253349520266056
C3,835,1,0.6709116399288177,0.6145353615283966,0.6427235007286072,0.010454662144184113
C3,836,1,0.8758116066455841,0.6145353615283966,0.7451734840869904,0.039254672825336456
C3,837,1,0.6273742914199829,0.5871573686599731,0.607265830039978,0.033389899879693985
C3,838,1,0.8377733677625656,0.5797120034694672,0.7087426856160164,0.025919508188962936
C3,839,1,0.5800997316837311,0.5797120034694672,0.5799058675765991,0.03310982137918472
C3,840,1,0.8164036720991135,0.49964165687561035,0.6580226644873619,0.04611755162477493
C3,841,1,0.7552371025085449,0.5081476867198944,0.6316923946142197,0.10339431464672089
C3,842,1,0.8135875165462494,0.5046083331108093,0.6590979248285294,0.015046563930809498
C3,843,1,0.698996365070343,0.31956183910369873,0.5092791020870209,0.01966564543545246
C3,844,1,0.5572464168071747,0.7455045282840729,0.6513754725456238,0.02196544036269188
C3,845,1,0.6729737818241119,0.6680586338043213,0.6705162078142166,0.010246919468045235
C3,846,1,0.6105204224586487,0.6680586338043213,0.639289528131485,0.011125653050839901
C3,847,1,0.6348897516727448,0.6680586338043213,0.651474192738533,0.013910075649619102
C3,848,1,0.5940282940864563,0.6487726867198944,0.6214004904031754,0.018403202295303345
C3,849,1,0.5709647834300995,0.6160573363304138,0.5935110598802567,0.020930424332618713
C3,850,1,0.6398508548736572,0.6838070750236511,0.6618289649486542,0.019876139238476753
C3,851,1,0.8069105595350266,0.38415855169296265,0.5955345556139946,0.02288144640624523
C3,852,1,0.7894826680421829,0.41373002529144287,0.6016063466668129,0.0488215871155262
C3,853,1,0.8101684004068375,0.5863873064517975,0.6982778534293175,0.04267749935388565
C3,854,1,0.7903352826833725,0.6097098290920258,0.7000225558876991,0.013417222537100315
C3,855,1,0.7690561711788177,0.6835983693599701,0.7263272702693939,0.014877306297421455
C3,856,1,0.8660373091697693,0.4542255997657776,0.6601314544677734,0.046010516583919525
C3,857,1,0.8763480857014656,0.3056354522705078,0.5909917689859867,0.02572319284081459
C3,858,1,0.8905561566352844,0.3056354522705078,0.5980958044528961,0.02055250108242035
C3,859,1,0.8905561566352844,0.39853447675704956,0.644545316696167,0.04137139394879341
C3,860,1,0.7723004966974258,0.39853447675704956,0.5854174867272377,0.056444328278303146
C3,861,1,0.8919322118163109,0.3330147862434387,0.6124734990298748,0.016575554385781288
C3,862,1,0.9261743873357773,0.26364225149154663,0.594908319413662,0.02480102702975273
C3,863,1,0.9261743873357773,0.26364225149154663,0.594908319413662,0.02480102702975273
C3,864,1,0.9261743873357773,0.26364225149154663,0.594908319413662,0.02480102702975273
C3,865,1,0.9295736700296402,0.26364225149154663,0.5966079607605934,0.02480102702975273
C3,866,1,0.849386990070343,0.31776517629623413,0.5835760831832886,0.023617228493094444
C3,867,1,0.7898015677928925,0.27515196800231934,0.5324767678976059,0.039681900292634964
C3,868,1,0.7801358252763748,0.27515196800231934,0.5276438966393471,0.03982167690992355
C3,869,1,0.7898015677928925,0.2838415503501892,0.5368215590715408,0.03536476567387581
C3,870,1,0.775287538766861,0.41622114181518555,0.5957543402910233,0.022777728736400604
C3,871,1,0.6454162895679474,0.35039955377578735,0.49790792167186737,0.015389109030365944
C3,872,1,0.6454162895679474,0.35039955377578735,0.49790792167186737,0.015389109030365944
C3,873,1,0.6454162895679474,0.35039955377578735,0.49790792167186737,0.010801734402775764
C3,874,1,0.659752368927002,0.35039955377578735,0.5050759613513947,0.017819946631789207
C3,875,1,0.749106377363205,0.35039955377578735,0.5497529655694962,0.020538905635476112
C3,876,1,0.853891059756279,0.2402428388595581,0.5470669493079185,0.012605241499841213
C3,877,1,0.8340375274419785,0.3177775740623474,0.5759075507521629,0.010352292098104954
C3,878,1,0.6156170666217804,0.619621604681015,0.6176193356513977,0.010352292098104954
C3,879,1,0.24782097339630127,0.2843772768974304,0.26609912514686584,0.009080999530851841
C3,880,1,0.6347440183162689,0.5979499518871307,0.6163469851016998,0.007757092826068401
C3,881,1,0.4659996032714844,0.5154782831668854,0.4907389432191849,0.01309435348957777
C3,882,1,0.7684264779090881,0.5181679129600525,0.6432971954345703,0.030631473287940025
C3,883,1,0.19026583433151245,0.44592732191085815,0.3180965781211853,0.02093597687780857
C3,884,1,0.2573976516723633,0.44592732191085815,0.3516624867916107,0.023057464510202408
C3,885,1,0.31267422437667847,0.44592732191085815,0.3793007731437683,0.020586324855685234
C3,886,1,0.5401683151721954,0.38878458738327026,0.46447645127773285,0.009204477071762085
C3,887,1,0.5884557068347931,0.5396973490715027,0.5640765279531479,0.012467823922634125
C3,888,1,0.5786828696727753,0.7246039509773254,0.6516434103250504,0.030949506908655167
C3,889,1,0.7250158786773682,0.6510513424873352,0.6880336105823517,0.03832997754216194
C3,890,1,0.471967875957489,0.4417421817779541,0.45685502886772156,0.019798608496785164
C3,891,1,0.7171735167503357,0.4750819206237793,0.5961277186870575,0.011020558886229992
C3,892,1,0.39866602420806885,0.8800003677606583,0.6393331959843636,0.02169892005622387
C3,893,1,0.604912519454956,0.7536520510911942,0.6792822852730751,0.018967004492878914
C3,894,1,0.47700417041778564,0.7929275184869766,0.6349658444523811,0.014538263902068138
C3,895,1,0.5482630431652069,0.6502493023872375,0.5992561727762222,0.02266467921435833
C3,896,1,0.18137967586517334,0.721940666437149,0.4516601711511612,0.021630004048347473
C3,897,1,0.24020975828170776,0.7927619814872742,0.516485869884491,0.031142883002758026
C3,898,1,0.5584985911846161,0.6715826392173767,0.6150406152009964,0.010625412687659264
C3,899,1,0.8363750725984573,0.6917295455932617,0.7640523090958595,0.002811900107190013
C3,900,1,0.7223561406135559,0.6724419891834259,0.6973990648984909,0.030645234510302544
C3,901,1,0.8489582985639572,0.5156075358390808,0.682282917201519,0.043010178953409195
C3,902,1,0.49495965242385864,0.3630402684211731,0.42899996042251587,0.03462771698832512
C3,903,1,0.39940375089645386,0.6437552273273468,0.5215794891119003,0.028477780520915985
C3,904,1,0.6147449016571045,0.4245119094848633,0.5196284055709839,0.024909919127821922
C3,905,1,0.44494158029556274,0.736769437789917,0.5908555090427399,0.013048806227743626
C3,906,1,0.729380875825882,0.737260639667511,0.7333207577466965,0.022181477397680283
C3,907,1,0.6250465214252472,0.800971269607544,0.7130088955163956,0.03387397900223732
C3,908,1,0.5776427388191223,0.8392014801502228,0.7084221094846725,0.04114818572998047
C3,909,1,0.48808395862579346,0.9016370698809624,0.6948605142533779,0.03032054752111435
C3,910,1,0.39213937520980835,0.8806935250759125,0.6364164501428604,0.05908110737800598
C3,911,1,0.35717177391052246,0.8049562275409698,0.5810640007257462,0.0395318977534771
C3,912,1,0.6187914609909058,0.6208764016628265,0.6198339313268661,0.015325553715229034
C3,913,1,0.6846964657306671,0.7022376656532288,0.6934670656919479,0.019365793094038963
C3,914,1,0.5586084127426147,0.7325117588043213,0.645560085773468,0.015383221209049225
C3,915,1,0.5069847702980042,0.631538450717926,0.5692616105079651,0.03290017321705818
C3,916,1,0.41438794136047363,0.4330176115036011,0.42370277643203735,0.01666947826743126
C3,917,1,0.49536436796188354,0.2305118441581726,0.3629381060600281,0.03720841184258461
C3,918,1,0.6596816182136536,0.5446538031101227,0.6021677106618881,0.01614433526992798
C3,919,1,0.5291824042797089,0.5776897966861725,0.5534361004829407,0.0106752198189497
C3,920,1,0.5806572437286377,0.7363827526569366,0.6585199981927872,0.018669912591576576
C3,921,1,0.5731571614742279,0.4917640686035156,0.5324606150388718,0.01119011826813221
C3,922,1,0.44773709774017334,0.5895726084709167,0.518654853105545,0.01792946457862854
C3,923,1,0.29743313789367676,0.5910317301750183,0.44423243403434753,0.00799088180065155
C3,924,1,0.29743313789367676,0.5910317301750183,0.44423243403434753,0.00799088180065155
C3,925,1,0.29743313789367676,0.5910317301750183,0.44423243403434753,0.00799088180065155
C3,926,1,0.43696409463882446,0.7658670991659164,0.6014155969023705,0.008155673742294312
C3,927,1,0.306313157081604,0.7658670991659164,0.5360901281237602,0.008250236511230469
C3,928,1,0.7902887165546417,0.8893595561385155,0.8398241363465786,0.0032180503476411104
C3,929,1,0.7910308688879013,0.9144691824913025,0.8527500256896019,0.006203041411936283
C3,930,1,0.6188629269599915,0.8165444880723953,0.7177037075161934,0.009316030889749527
C3,931,1,0.6780506372451782,0.7962724417448044,0.7371615394949913,0.007670500781387091
C3,932,1,0.5954576432704926,0.881494015455246,0.7384758293628693,0.00627519004046917
C3,933,1,0.6581345200538635,0.881494015455246,0.7698142677545547,0.00668589910492301
C3,934,1,0.6970563530921936,0.8094884604215622,0.7532724067568779,0.01031289342790842
C3,935,1,0.7277002930641174,0.7869141697883606,0.757307231426239,0.009292538277804852
C3,936,1,0.43996721506118774,0.7700733691453934,0.6050202921032906,0.009230474010109901
C3,937,1,0.38746267557144165,0.8413868099451065,0.6144247427582741,0.01181495189666748
C3,938,1,0.38746267557144165,0.8413868099451065,0.6144247427582741,0.01181495189666748
C3,939,1,0.38746267557144165,0.7964321374893188,0.5919474065303802,0.01211228221654892
C3,940,1,0.26876455545425415,0.7898977100849152,0.5293311327695847,0.01052407082170248
C3,941,1,0.34540069103240967,0.7659439593553543,0.555672325193882,0.0055535342544317245
C3,942,1,0.27138185501098633,0.6709491014480591,0.4711654782295227,0.010192886926233768
C3,943,1,0.27138185501098633,0.42167675495147705,0.3465293049812317,0.008208703249692917
C3,944,1,0.20074224472045898,0.39680927991867065,0.2987757623195648,0.036354176700115204
C3,945,1,0.4719783663749695,0.5067371726036072,0.48935776948928833,0.02118527516722679
C3,946,1,0.45605576038360596,0.6088243126869202,0.5324400365352631,0.04467177391052246
C3,947,1,0.6228965222835541,0.8422732800245285,0.7325849011540413,0.0461932010948658
C3,948,1,0.5033734738826752,0.5017399787902832,0.5025567263364792,0.04249103367328644
C3,949,1,0.37713420391082764,0.6997402012348175,0.5384372025728226,0.0677122101187706
C3,950,1,0.6803084909915924,0.47028905153274536,0.5752987712621689,0.04206574335694313
C3,951,1,0.5392271280288696,0.407012403011322,0.4731197655200958,0.007913095876574516
C3,952,1,0.5173150897026062,0.7955061048269272,0.6564105972647667,0.02225276455283165
C3,953,1,0.7184500992298126,0.48334991931915283,0.6009000092744827,0.024404767900705338
C3,954,1,0.5155486762523651,0.5716343224048615,0.5435914993286133,0.019327906891703606
C3,955,1,0.8264139145612717,0.5562122762203217,0.6913130953907967,0.03348507359623909
C3,956,1,0.7899110317230225,0.30000144243240356,0.544956237077713,0.05066033825278282
C3,957,1,0.5103276669979095,0.4987289309501648,0.5045282989740372,0.023131651803851128
C3,958,1,0.725271612405777,0.6574283838272095,0.6913499981164932,0.02263052389025688
C3,959,1,0.5608613789081573,0.4609488248825073,0.5109051018953323,0.04726974293589592
C3,960,1,0.6531684696674347,0.5354849696159363,0.5943267196416855,0.03822765871882439
C3,961,1,0.6596313416957855,0.3489531874656677,0.5042922645807266,0.017268750816583633
C3,962,1,0.6378630101680756,0.5549977123737335,0.5964303612709045,0.034336745738983154
C3,963,1,0.8262662440538406,0.27725231647491455,0.5517592802643776,0.009911288507282734
C3,964,1,0.6684951186180115,0.4271501302719116,0.5478226244449615,0.01707129366695881
C3,965,1,0.7687919288873672,0.33365845680236816,0.5512251928448677,0.01836126670241356
C3,966,1,0.8167420923709869,0.5226461887359619,0.6696941405534744,0.01015667337924242
C3,967,1,0.7458851337432861,0.36248695850372314,0.5541860461235046,0.007971077226102352
C3,968,1,0.8002797663211823,0.5997182726860046,0.6999990195035934,0.018252305686473846
C3,969,1,0.8513470888137817,0.6623913645744324,0.7568692266941071,0.005074725486338139
C3,970,1,0.8450135439634323,0.5783340930938721,0.7116738185286522,0.005962467286735773
C3,971,1,0.49904966354370117,0.45960360765457153,0.47932663559913635,0.03833484649658203
C3,972,1,0.957551121711731,0.3498276472091675,0.6536893844604492,0.035346079617738724
C3,973,1,0.9385683201253414,0.6404991745948792,0.7895337473601103,0.02873876690864563
C3,974,1,0.7555963397026062,0.7277196943759918,0.741658017039299,0.023026524111628532
C3,975,1,0.6346284747123718,0.587691068649292,0.6111597716808319,0.03752509877085686
C3,976,1,0.8931045457720757,0.8388895839452744,0.865997064858675,0.034368351101875305
C3,977,1,0.7558731138706207,0.60330730676651,0.6795902103185654,0.007400862406939268
C3,978,1,0.7694827914237976,0.5212488770484924,0.645365834236145,0.01868843287229538
C3,979,1,0.7375502586364746,0.3991181254386902,0.5683341920375824,0.02805294841527939
C3,980,1,0.8412118554115295,0.3850160241127014,0.6131139397621155,0.016103288158774376
C3,981,1,0.8722187727689743,0.6708537340164185,0.7715362533926964,0.04915613308548927
C3,982,1,0.8575845807790756,0.6520031094551086,0.7547938451170921,0.027169106528162956
C3,983,1,0.8577854037284851,0.294969379901886,0.5763773918151855,0.044425904750823975
C3,984,1,0.9279013350605965,0.48947638273239136,0.7086888588964939,0.04104199260473251
C3,985,1,0.9056644290685654,0.6919021606445312,0.7987832948565483,0.03978901356458664
C3,986,1,0.9154354929924011,0.5047028660774231,0.7100691795349121,0.04591333121061325
C3,987,1,0.921881265938282,0.5556224286556244,0.7387518472969532,0.05209669843316078
C3,988,1,0.903395876288414,0.5103276669979095,0.7068617716431618,0.03668602555990219
C3,989,1,0.8312652856111526,0.4513798952102661,0.6413225904107094,0.03633872792124748
C3,990,1,0.9296809956431389,0.7326830625534058,0.8311820290982723,0.01814931258559227
C3,991,1,0.9136070087552071,0.9161676466464996,0.9148873277008533,0.025608474388718605
C3,992,1,0.44611865282058716,0.5831091403961182,0.5146138966083527,0.07383856177330017
C3,993,1,0.5206509828567505,0.6617498397827148,0.5912004113197327,0.08771352469921112
C3,994,1,0.6282088756561279,0.758159726858139,0.6931843012571335,0.0439741350710392
C3,995,1,0.4099123477935791,0.6856033802032471,0.5477578639984131,0.08791735768318176
C3,996,1,0.582985520362854,0.6467924118041992,0.6148889660835266,0.03038579225540161
C3,997,1,0.7859072387218475,0.7456314265727997,0.7657693326473236,0.022376732900738716
C3,998,1,0.7612962871789932,0.6550032198429108,0.708149753510952,0.028108201920986176
C3,999,1,0.4753021001815796,0.7340894639492035,0.6046957820653915,0.03553106635808945
C3,1000,1,0.5446218550205231,0.3704509139060974,0.45753638446331024,0.022019486874341965
C3,1001,1,0.641997903585434,0.6543599367141724,0.6481789201498032,0.031500596553087234
C3,1002,1,0.4943845868110657,0.8643778860569,0.6793812364339828,0.04112023115158081
C3,1003,1,0.38365375995635986,0.4085302948951721,0.396092027425766,0.03373165801167488
C3,1004,1,0.6728851795196533,0.8413358777761459,0.7571105286478996,0.04639904573559761
C3,1005,1,0.8937805369496346,0.48463523387908936,0.689207885414362,0.03949408605694771
C3,1006,1,0.8306750804185867,0.5397166311740875,0.6851958557963371,0.029899466782808304
C3,1007,1,0.7815241366624832,0.3755873441696167,0.57855574041605,0.02047893963754177
C3,1008,1,0.4342055916786194,0.30873215198516846,0.3714688718318939,0.02391846850514412
C3,1009,1,0.4342055916786194,0.30873215198516846,0.3714688718318939,0.02391846850514412
C3,1010,1,0.39010435342788696,0.18254566192626953,0.28632500767707825,0.02391846850514412
C3,1011,1,0.39010435342788696,0.18254566192626953,0.28632500767707825,0.02475547417998314
C3,1012,1,0.3976346254348755,0.5445143580436707,0.47107449173927307,0.018353071063756943
C3,1013,1,0.8844279423356056,0.3069106936454773,0.5956693179905415,0.017017601057887077
C3,1014,1,0.5372101366519928,0.3069106936454773,0.42206041514873505,0.03158526122570038
C3,1015,1,0.7002406120300293,0.3069106936454773,0.5035756528377533,0.026948396116495132
C3,1016,1,0.7473542094230652,0.3069106936454773,0.5271324515342712,0.03629380837082863
C3,1017,1,0.7500952184200287,0.278964638710022,0.5145299285650253,0.03562569618225098
C3,1018,1,0.8293055891990662,0.28879183530807495,0.5590487122535706,0.03586655482649803
C3,1019,1,0.8293055891990662,0.28879183530807495,0.5590487122535706,0.03586655482649803
C3,1020,1,0.7331636548042297,0.2568196654319763,0.494991660118103,0.02947172150015831
C3,1021,1,0.6986871063709259,0.2568196654319763,0.4777533859014511,0.038058340549468994
C3,1022,1,0.6986871063709259,0.3089303970336914,0.5038087517023087,0.02360055409371853
C3,1023,1,0.8636776804924011,0.4542604088783264,0.6589690446853638,0.03396003693342209
C3,1024,1,0.5254905223846436,0.29792314767837524,0.4117068350315094,0.017590152099728584
C3,1025,1,0.48911261558532715,0.15302860736846924,0.3210706114768982,0.011092896573245525
C3,1026,1,0.48911261558532715,0.15302860736846924,0.3210706114768982,0.011814667843282223
C3,1027,1,0.8073819428682327,0.15302860736846924,0.480205275118351,0.020880868658423424
C3,1028,1,0.8632132261991501,0.17475664615631104,0.5189849361777306,0.008411725051701069
C3,1029,1,0.8632132261991501,0.18327069282531738,0.5232419595122337,0.005497720092535019
C3,1030,1,0.8710804283618927,0.1261635422706604,0.49862198531627655,0.011207700707018375
C3,1031,1,0.8547050654888153,0.16554659605026245,0.5101258307695389,0.015322252176702023
C3,1032,1,0.8547050654888153,0.16554659605026245,0.5101258307695389,0.02190837450325489
C3,1033,1,0.8524283468723297,0.21223610639572144,0.5323322266340256,0.02132781408727169
C3,1034,1,0.8167987912893295,0.16554659605026245,0.491172693669796,0.024301676079630852
C3,1035,1,0.8582545220851898,0.1501672863960266,0.5042109042406082,0.008229175582528114
C3,1036,1,0.8011879473924637,0.10114467144012451,0.4511663094162941,0.0057775587774813175
C3,1037,1,0.8011879473924637,0.24077147245407104,0.5209797099232674,0.007349436637014151
C3,1038,1,0.8571024537086487,0.12153804302215576,0.4893202483654022,0.010947979055345058
C3,1039,1,0.8571024537086487,0.12153804302215576,0.4893202483654022,0.010619725100696087
C3,1040,1,0.8340634703636169,0.24320119619369507,0.538632333278656,0.005043970420956612
C3,1041,1,0.9074877724051476,0.20685136318206787,0.5571695677936077,0.01183276902884245
C3,1042,1,0.9074877724051476,0.20685136318206787,0.5571695677936077,0.012443569488823414
C3,1043,1,0.9156228452920914,0.48063427209854126,0.6981285586953163,0.017999012023210526
C3,1044,1,0.8667462021112442,0.3441658616065979,0.605456031858921,0.017607713118195534
C3,1045,1,0.8010899871587753,0.33723336458206177,0.5691616758704185,0.014253941364586353
C3,1046,1,0.7156340181827545,0.3092997670173645,0.5124668926000595,0.018204879015684128
C3,1047,1,0.7219693660736084,0.3092997670173645,0.5156345665454865,0.024350900202989578
C3,1048,1,0.7562596201896667,0.36874836683273315,0.5625039935112,0.02421746589243412
C3,1049,1,0.7552636116743088,0.36392152309417725,0.559592567384243,0.022700153291225433
C3,1050,1,0.8621794730424881,0.15417009592056274,0.5081747844815254,0.03164112567901611
C3,1051,1,0.9177902713418007,0.22337394952774048,0.5705821104347706,0.030158547684550285
C3,1052,1,0.9177902713418007,0.2382521629333496,0.5780212171375751,0.030158547684550285
C3,1053,1,0.9177902713418007,0.2382521629333496,0.5780212171375751,0.013822859153151512
C3,1054,1,0.9177902713418007,0.19561421871185303,0.5567022450268269,0.013822859153151512
C3,1055,1,0.9236524477601051,0.19561421871185303,0.5596333332359791,0.01134068425744772
C3,1056,1,0.7594881802797318,0.16767233610153198,0.46358025819063187,0.01134068425744772
C3,1057,1,0.7825761288404465,0.1509079933166504,0.46674206107854843,0.0069506969302892685
C3,1058,1,0.7290208339691162,0.1695951223373413,0.44930797815322876,0.007026880979537964
C3,1059,1,0.7354260981082916,0.2657802700996399,0.5006031841039658,0.006956804543733597
C3,1060,1,0.7354260981082916,0.2657802700996399,0.5006031841039658,0.006956804543733597
C3,1061,1,0.7332209050655365,0.2657802700996399,0.4995005875825882,0.006956804543733597
C3,1062,1,0.7332209050655365,0.2657802700996399,0.4995005875825882,0.006838519591838121
C3,1063,1,0.7938169986009598,0.3932904601097107,0.5935537293553352,0.009611539542675018
C3,1064,1,0.9039995893836021,0.2880138158798218,0.596006702631712,0.008490155450999737
C3,1065,1,0.9039995893836021,0.2880138158798218,0.596006702631712,0.008490155450999737
C3,1066,1,0.8201913386583328,0.2880138158798218,0.5541025772690773,0.008490155450999737
C3,1067,1,0.8244167417287827,0.3860752582550049,0.6052459999918938,0.012259213253855705
C3,1068,1,0.800783097743988,0.2098987102508545,0.5053409039974213,0.015841808170080185
C3,1069,1,0.7304911911487579,0.13581109046936035,0.43315114080905914,0.011464131996035576
C3,1070,1,0.7304911911487579,0.14544016122817993,0.43796567618846893,0.016892574727535248
C3,1071,1,0.7304911911487579,0.15376996994018555,0.44213058054447174,0.016892574727535248
C3,1072,1,0.7403828501701355,0.1935824155807495,0.4669826328754425,0.01757238805294037
C3,1073,1,0.7712065428495407,0.24469506740570068,0.5079508051276207,0.0462941937148571
C3,1074,1,0.7016669809818268,0.13240838050842285,0.4170376807451248,0.015010228380560875
C3,1075,1,0.7042810618877411,0.13240838050842285,0.41834472119808197,0.015010228380560875
C3,1076,1,0.7042810618877411,0.13240838050842285,0.41834472119808197,0.020891305059194565
C3,1077,1,0.8176006376743317,0.139154851436615,0.4783777445554733,0.020152823999524117
C3,1078,1,0.9331769272685051,0.5829345285892487,0.7580557279288769,0.01265527494251728
C3,1079,1,0.891375295817852,0.43165987730026245,0.6615175865590572,0.017702428624033928
C3,1080,1,0.8876428529620171,0.43165987730026245,0.6596513651311398,0.041361790150403976
C3,1081,1,0.8876428529620171,0.44958341121673584,0.6686131320893764,0.05455717816948891
C3,1082,1,0.8876428529620171,0.44958341121673584,0.6686131320893764,0.06110136955976486
C3,1083,1,0.9025168269872665,0.16286176443099976,0.5326892957091331,0.0199690293520689
C3,1084,1,0.9378726705908775,0.26014769077301025,0.5990101806819439,0.012411206029355526
C3,1085,1,0.825651690363884,0.30995070934295654,0.5678011998534203,0.0119402427226305
C3,1086,1,0.8247317224740982,0.4108629822731018,0.6177973523736,0.013877606019377708
C3,1087,1,0.8247317224740982,0.4108629822731018,0.6177973523736,0.013877606019377708
C3,1088,1,0.8247317224740982,0.3567243814468384,0.5907280519604683,0.013877606019377708
C3,1089,1,0.8668602854013443,0.38980555534362793,0.6283329203724861,0.012207558378577232
C3,1090,1,0.843036338686943,0.4194123148918152,0.6312243267893791,0.009748327545821667
C3,1091,1,0.6342653036117554,0.382149338722229,0.5082073211669922,0.010117800906300545
C3,1092,1,0.6342653036117554,0.382149338722229,0.5082073211669922,0.010117800906300545
C3,1093,1,0.6718592047691345,0.382149338722229,0.5270042717456818,0.011850529350340366
C3,1094,1,0.5125175416469574,0.4568536877632141,0.48468561470508575,0.011335285380482674
C3,1095,1,0.5195316672325134,0.5864764153957367,0.5530040413141251,0.01213242206722498
C3,1096,1,0.5537890791893005,0.5864764153957367,0.5701327472925186,0.01213242206722498
C3,1097,1,0.5537890791893005,0.5864764153957367,0.5701327472925186,0.01213242206722498
C3,1098,1,0.6368125081062317,0.3047974705696106,0.47080498933792114,0.020436206832528114
C3,1099,1,0.7720630168914795,0.6805890500545502,0.7263260334730148,0.016500938683748245
C3,1100,1,0.7606295198202133,0.3560815453529358,0.5583555325865746,0.020573975518345833
C3,1101,1,0.6484614014625549,0.553000271320343,0.600730836391449,0.009711002930998802
C3,1102,1,0.6391903460025787,0.44048231840133667,0.5398363322019577,0.008997827768325806
C3,1103,1,0.7243794202804565,0.3342798948287964,0.5293296575546265,0.007260474842041731
C3,1104,1,0.7945753335952759,0.4175879955291748,0.6060816645622253,0.013229249976575375
C3,1105,1,0.7945753335952759,0.4175879955291748,0.6060816645622253,0.013229249976575375
C3,1106,1,0.7945753335952759,0.4175879955291748,0.6060816645622253,0.015383775345981121
C3,1107,1,0.9031430259346962,0.28633129596710205,0.5947371609508991,0.020711703225970268
C3,1108,1,0.7503573000431061,0.17520004510879517,0.4627786725759506,0.01618570275604725
C3,1109,1,0.6872053444385529,0.20209044218063354,0.4446478933095932,0.012270725332200527
C3,1110,1,0.8605105727910995,0.1938842535018921,0.5271974131464958,0.015469413250684738
C3,1111,1,0.8158053457736969,0.1938842535018921,0.5048447996377945,0.01200217567384243
C3,1112,1,0.8158053457736969,0.1938842535018921,0.5048447996377945,0.011287232860922813
C3,1113,1,0.7599037736654282,0.16083234548568726,0.4603680595755577,0.036284253001213074
C3,1114,1,0.8417757749557495,0.3746718764305115,0.6082238256931305,0.03714599460363388
C3,1115,1,0.8247907608747482,0.24379843473434448,0.5342945978045464,0.042216066271066666
C3,1116,1,0.8036707490682602,0.47611093521118164,0.6398908421397209,0.042216066271066666
C3,1117,1,0.8949304521083832,0.6742976307868958,0.7846140414476395,0.023797472938895226
C3,1118,1,0.8164040595293045,0.4035663604736328,0.6099852100014687,0.04889548197388649
C3,1119,1,0.7529996782541275,0.49545782804489136,0.6242287531495094,0.08398527652025223
C3,1120,1,0.757583737373352,0.49545782804489136,0.6265207827091217,0.07713039219379425
C3,1121,1,0.8567871004343033,0.49545782804489136,0.6761224642395973,0.09385253489017487
C3,1122,1,0.7575418502092361,0.6071552038192749,0.6823485270142555,0.0667489692568779
C3,1123,1,0.8816588222980499,0.6508784890174866,0.7662686556577682,0.04904124513268471
C3,1124,1,0.8247153162956238,0.35889673233032227,0.591806024312973,0.02825932763516903
C3,1125,1,0.8247153162956238,0.35889673233032227,0.591806024312973,0.02825932763516903
C3,1126,1,0.8433831483125687,0.35889673233032227,0.6011399403214455,0.029149167239665985
C3,1127,1,0.8433831483125687,0.35889673233032227,0.6011399403214455,0.046672482043504715
C3,1128,1,0.6658803522586823,0.4306926131248474,0.5482864826917648,0.050113238394260406
C3,1129,1,0.8666034936904907,0.476218044757843,0.6714107692241669,0.17994143068790436
C3,1130,1,0.7047827243804932,0.555610179901123,0.6301964521408081,0.14355064928531647
C3,1131,1,0.4998202323913574,0.46834230422973633,0.4840812683105469,0.17479680478572845
C3,1132,1,0.5030576288700104,0.5364792346954346,0.5197684317827225,0.17479680478572845
C3,1133,1,0.7247273027896881,0.5089083313941956,0.6168178170919418,0.08325144648551941
C3,1134,1,0.7778840214014053,0.5633681416511536,0.6706260815262794,0.057063814252614975
C3,1135,1,0.6714304387569427,0.6527381837368011,0.662084311246872,0.057063814252614975
C3,1136,1,0.6457862854003906,0.6527381837368011,0.6492622345685959,0.0573008693754673
C3,1137,1,0.7255184054374695,0.5729516446590424,0.6492350250482559,0.0743289440870285
C3,1138,1,0.8748706877231598,0.47126471996307373,0.6730677038431168,0.057688698172569275
C3,1139,1,0.8772308453917503,0.41978389024734497,0.6485073678195477,0.057688698172569275
C3,1140,1,0.8660533130168915,0.41978389024734497,0.6429186016321182,0.05607845261693001
C3,1141,1,0.6145727634429932,0.40073317289352417,0.5076529681682587,0.05183316767215729
C3,1142,1,0.6382209062576294,0.6538694500923157,0.6460451781749725,0.03218483924865723
C3,1143,1,0.6382209062576294,0.5898885726928711,0.6140547394752502,0.032940030097961426
C3,1144,1,0.6382209062576294,0.5898885726928711,0.6140547394752502,0.04645555838942528
C3,1145,1,0.667367547750473,0.6032729148864746,0.6353202313184738,0.029225220903754234
C3,1146,1,0.8263906389474869,0.6582024395465851,0.742296539247036,0.034136366099119186
C3,1147,1,0.8589043319225311,0.5326473414897919,0.6957758367061615,0.05280206352472305
C3,1148,1,0.8589043319225311,0.5326473414897919,0.6957758367061615,0.05280206352472305
C3,1149,1,0.8406250029802322,0.5625288188457489,0.7015769109129906,0.034000214189291
C3,1150,1,0.8746914714574814,0.5625288188457489,0.7186101451516151,0.03445902094244957
C3,1151,1,0.6531547904014587,0.6201168894767761,0.6366358399391174,0.032626401633024216
C3,1152,1,0.6586629450321198,0.6422882676124573,0.6504756063222885,0.0365537628531456
C3,1153,1,0.6586629450321198,0.6422882676124573,0.6504756063222885,0.0365537628531456
C3,1154,1,0.6783705353736877,0.6422882676124573,0.6603294014930725,0.0365537628531456
C3,1155,1,0.6783705353736877,0.6422882676124573,0.6603294014930725,0.02607591263949871
C3,1156,1,0.9306784197688103,0.585119754076004,0.7578990869224072,0.054094258695840836
C3,1157,1,0.9043135717511177,0.5914137661457062,0.7478636689484119,0.04712151736021042
C3,1158,1,0.9250718429684639,0.6475136280059814,0.7862927354872227,0.057131025940179825
C3,1159,1,0.9250718429684639,0.6141486167907715,0.7696102298796177,0.050586216151714325
C3,1160,1,0.8278913199901581,0.6637720763683319,0.745831698179245,0.0335828959941864
C3,1161,1,0.8186970055103302,0.6139655113220215,0.7163312584161758,0.0343942791223526
C3,1162,1,0.8186970055103302,0.6139655113220215,0.7163312584161758,0.03491523861885071
C3,1163,1,0.8186970055103302,0.7042484283447266,0.7614727169275284,0.03491523861885071
C3,1164,1,0.8266406506299973,0.7042484283447266,0.7654445394873619,0.03180921450257301
C3,1165,1,0.8457636684179306,0.7071263492107391,0.7764450088143349,0.030365996062755585
C3,1166,1,0.8211201131343842,0.6774527430534363,0.7492864280939102,0.03858350217342377
C3,1167,1,0.8211201131343842,0.6774527430534363,0.7492864280939102,0.038053225725889206
C3,1168,1,0.8211201131343842,0.6774527430534363,0.7492864280939102,0.030614793300628662
C3,1169,1,0.8138890713453293,0.7362362146377563,0.7750626429915428,0.030614793300628662
C3,1170,1,0.7726677805185318,0.5201323926448822,0.646400086581707,0.03422847390174866
C3,1171,1,0.8229706585407257,0.5023188292980194,0.6626447439193726,0.02723866142332554
C3,1172,1,0.8229706585407257,0.5023188292980194,0.6626447439193726,0.02723866142332554
C3,1173,1,0.8194649964570999,0.5720849931240082,0.695774994790554,0.02723866142332554
C3,1174,1,0.9154857769608498,0.7503232955932617,0.8329045362770557,0.017671510577201843
C3,1175,1,0.9004526659846306,0.7562297284603119,0.8283411972224712,0.017671510577201843
C3,1176,1,0.7437854111194611,0.5538283884525299,0.6488068997859955,0.023539753630757332
C3,1177,1,0.8677547127008438,0.4153631329536438,0.6415589228272438,0.025903353467583656
C3,1178,1,0.8677547127008438,0.5876469910144806,0.7277008518576622,0.025903353467583656
C3,1179,1,0.7469359040260315,0.43721646070480347,0.5920761823654175,0.025798756629228592
C3,1180,1,0.8677547127008438,0.2965402603149414,0.5821474865078926,0.0218951553106308
C3,1181,1,0.7522303611040115,0.2697814106941223,0.5110058858990669,0.011893758550286293
C3,1182,1,0.6260338723659515,0.2095775008201599,0.4178056865930557,0.02781112864613533
C3,1183,1,0.6260338723659515,0.2095775008201599,0.4178056865930557,0.054924435913562775
C3,1184,1,0.6781443953514099,0.2095775008201599,0.4438609480857849,0.04307055100798607
C3,1185,1,0.4669140577316284,0.477374792098999,0.4721444249153137,0.03487328067421913
C3,1186,1,0.6021910011768341,0.3927057981491089,0.4974483996629715,0.021912597119808197
C3,1187,1,0.8477855175733566,0.6427679359912872,0.7452767267823219,0.02255234681069851
C3,1188,1,0.8176257908344269,0.7642634958028793,0.7909446433186531,0.02255234681069851
C3,1189,1,0.8019252866506577,0.6463131904602051,0.7241192385554314,0.014120926149189472
C3,1190,1,0.8197743445634842,0.8175663203001022,0.8186703324317932,0.02724207378923893
C3,1191,1,0.6795706152915955,0.38996821641921997,0.5347694158554077,0.018081163987517357
C3,1192,1,0.8211320340633392,0.4584389925003052,0.6397855132818222,0.016276009380817413
C3,1193,1,0.6711812019348145,0.6145671904087067,0.6428741961717606,0.017076551914215088
C3,1194,1,0.5296130478382111,0.6778039038181305,0.6037084758281708,0.030044831335544586
C3,1195,1,0.6014056503772736,0.505133181810379,0.5532694160938263,0.06040211394429207
C3,1196,1,0.4313884973526001,0.29991614818573,0.36565232276916504,0.058185555040836334
C3,1197,1,0.5371875464916229,0.3633895516395569,0.4502885490655899,0.019962791353464127
C3,1198,1,0.5661775469779968,0.3458448648452759,0.45601120591163635,0.07656536996364594
C3,1199,1,0.2620697617530823,0.280354380607605,0.27121207118034363,0.03149426728487015
C3,1200,1,0.3473833203315735,0.1640337109565735,0.2557085156440735,0.04592868685722351
C3,1201,1,0.3473833203315735,0.33758801221847534,0.3424856662750244,0.023095885291695595
C3,1202,1,0.2974439263343811,0.23700302839279175,0.2672234773635864,0.11025642603635788
C3,1203,1,0.30534499883651733,0.19569170475006104,0.2505183517932892,0.022910844534635544
C3,1204,1,0.5477932989597321,0.5511054992675781,0.5494493991136551,0.04292314872145653
C3,1205,1,0.6497861444950104,0.5346376895904541,0.5922119170427322,0.009410242550075054
C3,1206,1,0.5010766983032227,0.6121653616428375,0.5566210299730301,0.011951939202845097
C3,1207,1,0.2850644588470459,0.5674173533916473,0.4262409061193466,0.016878025606274605
C3,1208,1,0.603738009929657,0.5389310121536255,0.5713345110416412,0.028066514059901237
C3,1209,1,0.685418426990509,0.43842649459838867,0.5619224607944489,0.016253549605607986
C3,1210,1,0.5162566602230072,0.350766658782959,0.4335116595029831,0.014611007645726204
C3,1211,1,0.507807046175003,0.350766658782959,0.429286852478981,0.013984467834234238
C3,1212,1,0.6778688430786133,0.282687783241272,0.4802783131599426,0.019324760884046555
C3,1213,1,0.6108842194080353,0.5466522872447968,0.578768253326416,0.05251483991742134
C3,1214,1,0.392548143863678,0.37347400188446045,0.3830110728740692,0.02807343378663063
C3,1215,1,0.45000994205474854,0.7408396005630493,0.5954247713088989,0.024852706119418144
C3,1216,1,0.32967132329940796,0.6714561879634857,0.5005637556314468,0.028129063546657562
C3,1217,1,0.6607562303543091,0.7403095662593842,0.7005328983068466,0.014472614042460918
C3,1218,1,0.41326063871383667,0.5292737185955048,0.4712671786546707,0.03070223517715931
C3,1219,1,0.6985286474227905,0.7147905826568604,0.7066596150398254,0.005020047537982464
C3,1220,1,0.46391719579696655,0.6283933818340302,0.5461552888154984,0.009165901690721512
C3,1221,1,0.5942357778549194,0.5087423324584961,0.5514890551567078,0.011568580754101276
C3,1222,1,0.1808938980102539,0.735540360212326,0.45821712911129,0.017319174483418465
C3,1223,1,0.4590035080909729,0.66363525390625,0.5613193809986115,0.010994193144142628
C3,1224,1,0.2787657380104065,0.3986428380012512,0.33870428800582886,0.006336035672575235
C3,1225,1,0.10302847623825073,0.8175162672996521,0.4602723717689514,0.013232506811618805
C3,1226,1,0.21669918298721313,0.4882252812385559,0.3524622321128845,0.013220750726759434
C3,1227,1,0.5770594477653503,0.4440677762031555,0.5105636119842529,0.012658057734370232
C3,1228,1,0.7774666547775269,0.3245621919631958,0.5510144233703613,0.021983902901411057
C3,1229,1,0.6066959202289581,0.43837594985961914,0.5225359350442886,0.010613924823701382
C3,1230,1,0.5407130420207977,0.7461362481117249,0.6434246450662613,0.02993479184806347
C3,1231,1,0.6089443564414978,0.4695110321044922,0.539227694272995,0.023130295798182487
C3,1232,1,0.6157549321651459,0.5244426131248474,0.5700987726449966,0.015402980148792267
C3,1233,1,0.564149409532547,0.7107518911361694,0.6374506503343582,0.04323197528719902
C3,1234,1,0.7665664106607437,0.6740416884422302,0.720304049551487,0.02235238440334797
C3,1235,1,0.3650696873664856,0.8206383287906647,0.5928540080785751,0.012441261671483517
C3,1236,1,0.23730957508087158,0.549007385969162,0.3931584805250168,0.004777867347002029
C3,1237,1,0.45946043729782104,0.5774218142032623,0.5184411257505417,0.01987059786915779
C3,1238,1,0.41214656829833984,0.3346685767173767,0.3734075725078583,0.0160847008228302
C3,1239,1,0.37085312604904175,0.8283150792121887,0.5995841026306152,0.011435101740062237
C3,1240,1,0.25004130601882935,0.6854799091815948,0.4677606076002121,0.023286599665880203
C3,1241,1,0.4862387180328369,0.6657831966876984,0.5760109573602676,0.014082045294344425
C3,1242,1,0.6238587200641632,0.5721175670623779,0.5979881435632706,0.0044640423730015755
C3,1243,1,0.34149861335754395,0.7840743660926819,0.5627864897251129,0.010360019281506538
C3,1244,1,0.37625187635421753,0.40652626752853394,0.39138907194137573,0.006121769081801176
C3,1245,1,0.5155160427093506,0.5238119959831238,0.5196640193462372,0.03492356464266777
C3,1246,1,0.5527546107769012,0.5215036273002625,0.5371291190385818,0.003302444238215685
C3,1247,1,0.3282255530357361,0.8254377096891403,0.5768316313624382,0.006474046967923641
C3,1248,1,0.5010278522968292,0.7253470122814178,0.6131874322891235,0.008526792749762535
C3,1249,1,0.5248757302761078,0.5997706353664398,0.5623231828212738,0.02719280868768692
C3,1250,1,0.2874905467033386,0.7267516553401947,0.5071211010217667,0.015280889347195625
C3,1251,1,0.5124450623989105,0.5003184378147125,0.5063817501068115,0.03433218225836754
C3,1252,1,0.24561887979507446,0.7761355191469193,0.5108771994709969,0.03780178725719452
C3,1253,1,0.6131304502487183,0.8416455537080765,0.7273880019783974,0.05255120247602463
C3,1254,1,0.48511838912963867,0.7265151739120483,0.6058167815208435,0.02272951789200306
C3,1255,1,0.5051963627338409,0.3292398452758789,0.4172181040048599,0.04262900725007057
C3,1256,1,0.4153088927268982,0.5766688585281372,0.4959888756275177,0.023629285395145416
C3,1257,1,0.41130346059799194,0.5766688585281372,0.4939861595630646,0.031194880604743958
C3,1258,1,0.5999418795108795,0.8378958702087402,0.7189188748598099,0.006664292421191931
C3,1259,1,0.6815598607063293,0.7630613297224045,0.7223105952143669,0.01682170480489731
C3,1260,1,0.4209539294242859,0.6210040748119354,0.5209790021181107,0.01927739381790161
C3,1261,1,0.6653476655483246,0.31655174493789673,0.49094970524311066,0.030203886330127716
C3,1262,1,0.9568672925233841,0.5615708529949188,0.7592190727591515,0.016982968896627426
C3,1263,1,0.491351842880249,0.5443995594978333,0.5178757011890411,0.01634494960308075
C3,1264,1,0.46605587005615234,0.5443995594978333,0.5052277147769928,0.020867759361863136
C3,1265,1,0.6824950277805328,0.5574241280555725,0.6199595779180527,0.01993415504693985
C3,1266,1,0.31320059299468994,0.5622505247592926,0.43772555887699127,0.009908339940011501
C3,1267,1,0.450908362865448,0.6033176779747009,0.5271130204200745,0.03446784242987633
C3,1268,1,0.4402656555175781,0.409740686416626,0.42500317096710205,0.03089774027466774
C3,1269,1,0.4402656555175781,0.396800696849823,0.41853317618370056,0.02916041575372219
C3,1270,1,0.24488019943237305,0.396800696849823,0.320840448141098,0.011650814674794674
C3,1271,1,0.8263643085956573,0.6552323997020721,0.7407983541488647,0.0075424592941999435
C3,1272,1,0.4210251569747925,0.6649810969829559,0.5430031269788742,0.025472166016697884
C3,1273,1,0.7882214188575745,0.42897796630859375,0.6085996925830841,0.0337468683719635
C3,1274,1,0.7584733217954636,0.525823175907135,0.6421482488512993,0.030806904658675194
C3,1275,1,0.8368472456932068,0.25537168979644775,0.5461094677448273,0.046431779861450195
C3,1276,1,0.825783833861351,0.34191471338272095,0.583849273622036,0.045859962701797485
C3,1277,1,0.48302268981933594,0.6911498010158539,0.5870862454175949,0.024899329990148544
C3,1278,1,0.5084723234176636,0.6678700149059296,0.5881711691617966,0.012881554663181305
C3,1279,1,0.5777239799499512,0.4080958962440491,0.4929099380970001,0.016481172293424606
C3,1280,1,0.495887815952301,0.6951985955238342,0.5955432057380676,0.05968029052019119
C3,1281,1,0.43102484941482544,0.67801833152771,0.5545215904712677,0.0147399315610528
C3,1282,1,0.7401096522808075,0.5781219601631165,0.659115806221962,0.011473847553133965
C3,1283,1,0.5441341698169708,0.3414999842643738,0.4428170770406723,0.024460969492793083
C3,1284,1,0.8787737563252449,0.6181880831718445,0.7484809197485447,0.018929360434412956
C3,1285,1,0.4355887174606323,0.5448254346847534,0.49020707607269287,0.017445320263504982
C3,1286,1,0.6866065561771393,0.7123911380767822,0.6994988471269608,0.017591364681720734
C3,1287,1,0.6152095794677734,0.7075580358505249,0.6613838076591492,0.010727251879870892
C3,1288,1,0.674692690372467,0.7534579187631607,0.7140753045678139,0.010335969738662243
C3,1289,1,0.4942978024482727,0.7871694266796112,0.640733614563942,0.039779845625162125
C3,1290,1,0.6260494291782379,0.7896402925252914,0.7078448608517647,0.08313705772161484
C3,1291,1,0.6251443028450012,0.617846667766571,0.6214954853057861,0.06824537366628647
C3,1292,1,0.7223792970180511,0.5186126530170441,0.6204959750175476,0.10579013079404831
C3,1293,1,0.5062190294265747,0.7145980596542358,0.6104085445404053,0.08976839482784271
C3,1294,1,0.6391560137271881,0.6350729763507843,0.6371144950389862,0.0541728138923645
C3,1295,1,0.4008505344390869,0.7202772498130798,0.5605638921260834,0.035047635436058044
C3,1296,1,0.27383846044540405,0.27066606283187866,0.27225226163864136,0.047545380890369415
C3,1297,1,0.6675320565700531,0.7381573617458344,0.7028447091579437,0.052553221583366394
C3,1298,1,0.49466472864151,0.585480660200119,0.5400726944208145,0.067324697971344
C3,1299,1,0.69874107837677,0.7068323791027069,0.7027867287397385,0.010953345336019993
C3,1300,1,0.6805320084095001,0.5998795628547668,0.6402057856321335,0.004459272604435682
C3,1301,1,0.7675803303718567,0.6338084936141968,0.7006944119930267,0.00610524183139205
C3,1302,1,0.6140789687633514,0.5908953249454498,0.6024871468544006,0.017323743551969528
C3,1303,1,0.7761868536472321,0.5548442304134369,0.6655155420303345,0.007252498529851437
C3,1304,1,0.835449680685997,0.7289705872535706,0.7822101339697838,0.0063908700831234455
C3,1305,1,0.7619071900844574,0.7313234210014343,0.7466153055429459,0.019547924399375916
C3,1306,1,0.8414462953805923,0.70140141248703,0.7714238539338112,0.006683733779937029
C3,1307,1,0.6907611191272736,0.8358680754899979,0.7633145973086357,0.030380940064787865
C3,1308,1,0.7697456032037735,0.7610562443733215,0.7654009237885475,0.02364359237253666
C3,1309,1,0.6327707171440125,0.5039023756980896,0.568336546421051,0.013023756444454193
C3,1310,1,0.5102692246437073,0.4839287996292114,0.49709901213645935,0.050328079611063004
C3,1311,1,0.4949435591697693,0.6198961436748505,0.5574198514223099,0.01928815059363842
C3,1312,1,0.6427474021911621,0.46701937913894653,0.5548833906650543,0.012821655720472336
C3,1313,1,0.6796843111515045,0.6774601340293884,0.6785722225904465,0.05367670953273773
C3,1314,1,0.6723487675189972,0.41381192207336426,0.5430803447961807,0.018093528226017952
C3,1315,1,0.5563156008720398,0.8578816950321198,0.7070986479520798,0.014912337064743042
C3,1316,1,0.970150800421834,0.2747160792350769,0.6224334398284554,0.021481866016983986
C3,1317,1,0.9514655657112598,0.6521061062812805,0.8017858359962702,0.02368953451514244
C3,1318,1,0.8447548300027847,0.7318808436393738,0.7883178368210793,0.025443414226174355
C3,1319,1,0.5538333654403687,0.9269566684961319,0.7403950169682503,0.014815466478466988
C3,1320,1,0.43254923820495605,0.7576619535684586,0.5951055958867073,0.01890757493674755
C3,1321,1,0.3568185567855835,0.8514271825551987,0.6041228696703911,0.01712321862578392
C3,1322,1,0.29855549335479736,0.8064664155244827,0.55251095443964,0.009050511755049229
C3,1323,1,0.6134254932403564,0.7529995888471603,0.6832125410437584,0.013038682751357555
C3,1324,1,0.8057431280612946,0.426338791847229,0.6160409599542618,0.015527202747762203
C3,1325,1,0.3904874324798584,0.4144538640975952,0.4024706482887268,0.029672015458345413
C3,1326,1,0.10019552707672119,0.5473560392856598,0.3237757831811905,0.020488910377025604
C3,1327,1,0.18199825286865234,0.6995931267738342,0.4407956898212433,0.01106309425085783
C3,1328,1,0.827946811914444,0.8680027276277542,0.8479747697710991,0.014370963908731937
C3,1329,1,0.7300715446472168,0.4315043091773987,0.5807879269123077,0.02431485801935196
C3,1330,1,0.6727924942970276,0.39624226093292236,0.534517377614975,0.00984573271125555
C3,1331,1,0.8856756612658501,0.12980937957763672,0.5077425204217434,0.020147455856204033
C3,1332,1,0.825089618563652,0.6021793484687805,0.7136344835162163,0.01406664215028286
C3,1333,1,0.9609095118939877,0.4559064507484436,0.7084079813212156,0.009513103403151035
C3,1334,1,0.8616875410079956,0.36142855882644653,0.6115580499172211,0.05467991158366203
C3,1335,1,0.6880404949188232,0.2783215641975403,0.48318102955818176,0.034827690571546555
C3,1336,1,0.5628056824207306,0.5940796136856079,0.5784426480531693,0.052571821957826614
C3,1337,1,0.5413395464420319,0.8275196254253387,0.6844295859336853,0.027497850358486176
C3,1338,1,0.8141571134328842,0.5303350389003754,0.6722460761666298,0.02459658682346344
C3,1339,1,0.7079927325248718,0.7943703532218933,0.7511815428733826,0.018445707857608795
C3,1340,1,0.8542028218507767,0.7552417665719986,0.8047222942113876,0.013890787959098816
C3,1341,1,0.8051982223987579,0.8463459610939026,0.8257720917463303,0.01612296886742115
C3,1342,1,0.8423410952091217,0.6230300664901733,0.7326855808496475,0.015635911375284195
C3,1343,1,0.904754750430584,0.6131009757518768,0.7589278630912304,0.02127789705991745
C3,1344,1,0.9316074252128601,0.4329477548599243,0.6822775900363922,0.010511278174817562
C3,1345,1,0.9087743833661079,0.736725389957428,0.822749886661768,0.009451866149902344
C3,1346,1,0.7933428436517715,0.7103323340415955,0.7518375888466835,0.021570026874542236
C3,1347,1,0.7311123907566071,0.8311906605958939,0.7811515256762505,0.019407721236348152
C3,1348,1,0.8626084178686142,0.6411077082157135,0.7518580630421638,0.00994537491351366
C3,1349,1,0.8759665116667747,0.8663446009159088,0.8711555562913418,0.008081814274191856
C3,1350,1,0.8947490528225899,0.6191457211971283,0.7569473870098591,0.02327013947069645
C3,1351,1,0.5990556180477142,0.9167478382587433,0.7579017281532288,0.022224582731723785
C3,1352,1,0.8267118632793427,0.4897274971008301,0.6582196801900864,0.0056656887754797935
C3,1353,1,0.5814510583877563,0.6984207928180695,0.6399359256029129,0.02071405202150345
C3,1354,1,0.6160090565681458,0.6080603897571564,0.6120347231626511,0.01588458940386772
C3,1355,1,0.6312617361545563,0.4220081567764282,0.5266349464654922,0.01641586236655712
C3,1356,1,0.5377954244613647,0.6326941251754761,0.5852447748184204,0.028027310967445374
C3,1357,1,0.48825782537460327,0.5730862319469452,0.5306720286607742,0.031221214681863785
C3,1358,1,0.8409699201583862,0.4952530264854431,0.6681114733219147,0.019929762929677963
C3,1359,1,0.7454958558082581,0.6621168255805969,0.7038063406944275,0.02906429022550583
C3,1360,1,0.7897415310144424,0.45429766178131104,0.6220195963978767,0.03245537355542183
C3,1361,1,0.8049867302179337,0.4923221468925476,0.6486544385552406,0.025767400860786438
C3,1362,1,0.8049867302179337,0.4923221468925476,0.6486544385552406,0.022491585463285446
C3,1363,1,0.7991578131914139,0.7139377295970917,0.7565477713942528,0.02254411205649376
C3,1364,1,0.8354741483926773,0.6994202733039856,0.7674472108483315,0.025846585631370544
C3,1365,1,0.7960418909788132,0.5779145061969757,0.6869781985878944,0.02292645536363125
C3,1366,1,0.7434205710887909,0.2784293293952942,0.5109249502420425,0.011354035697877407
C3,1367,1,0.7946733236312866,0.6988148987293243,0.7467441111803055,0.026806287467479706
C3,1368,1,0.7240919768810272,0.5110713243484497,0.6175816506147385,0.010957861319184303
C3,1369,1,0.5757253170013428,0.465876042842865,0.5208006799221039,0.028749946504831314
C3,1370,1,0.35971784591674805,0.6245654821395874,0.4921416640281677,0.022395426407456398
C3,1371,1,0.6753945350646973,0.7497539818286896,0.7125742584466934,0.011904147453606129
C3,1372,1,0.8921720385551453,0.395696222782135,0.6439341306686401,0.014237442053854465
C3,1373,1,0.8129928559064865,0.7156445980072021,0.7643187269568443,0.011101191863417625
C3,1374,1,0.5480216443538666,0.5754868686199188,0.5617542564868927,0.010558238252997398
C3,1375,1,0.739806205034256,0.5922908782958984,0.6660485416650772,0.00475577125325799
C3,1376,1,0.658499538898468,0.4507675766944885,0.5546335577964783,0.004583056550472975
C3,1377,1,0.671245276927948,0.692320853471756,0.681783065199852,0.004994020331650972
C3,1378,1,0.7851401567459106,0.7109839618206024,0.7480620592832565,0.0027908445335924625
C3,1379,1,0.7833743989467621,0.5030955970287323,0.6432349979877472,0.00318510620854795
C3,1380,1,0.6077729165554047,0.36937880516052246,0.48857586085796356,0.007709248922765255
C3,1381,1,0.5892110764980316,0.44333112239837646,0.516271099448204,0.009049861691892147
C3,1382,1,0.5892110764980316,0.46412038803100586,0.5266657322645187,0.011760584078729153
C3,1383,1,0.5892110764980316,0.46412038803100586,0.5266657322645187,0.010956662707030773
C3,1384,1,0.6545324623584747,0.46412038803100586,0.5593264251947403,0.019313033670186996
C3,1385,1,0.7051064968109131,0.6652952134609222,0.6852008551359177,0.018337540328502655
C3,1386,1,0.7051064968109131,0.5432747006416321,0.6241905987262726,0.015762634575366974
C3,1387,1,0.6220743656158447,0.7149558365345001,0.6685151010751724,0.032991379499435425
C3,1388,1,0.7258497178554535,0.6254101097583771,0.6756299138069153,0.02213466353714466
C3,1389,1,0.7258497178554535,0.6254101097583771,0.6756299138069153,0.01793792098760605
C3,1390,1,0.7258497178554535,0.6254101097583771,0.6756299138069153,0.01586880162358284
C3,1391,1,0.7258497178554535,0.6254101097583771,0.6756299138069153,0.01849513314664364
C3,1392,1,0.6439973711967468,0.6571103930473328,0.6505538821220398,0.029795849695801735
C3,1393,1,0.8462447673082352,0.5663381218910217,0.7062914445996284,0.021844999864697456
C3,1394,1,0.8729410469532013,0.5663381218910217,0.7196395844221115,0.01680629327893257
C3,1395,1,0.8230812698602676,0.6226791441440582,0.7228802070021629,0.01112669799476862
C3,1396,1,0.6745277345180511,0.5708554089069366,0.6226915717124939,0.010635694488883018
C3,1397,1,0.7321763634681702,0.5880912244319916,0.6601337939500809,0.015187080018222332
C3,1398,1,0.7710151225328445,0.43780821561813354,0.604411669075489,0.0195647943764925
C3,1399,1,0.7995842546224594,0.46063607931137085,0.6301101669669151,0.026531925424933434
C3,1400,1,0.7298475801944733,0.46063607931137085,0.5952418297529221,0.03054729476571083
C3,1401,1,0.6805705428123474,0.608019083738327,0.6442948132753372,0.028173165395855904
C3,1402,1,0.8538356572389603,0.2835589647293091,0.5686973109841347,0.020809240639209747
C3,1403,1,0.7311776876449585,0.41067081689834595,0.5709242522716522,0.029237374663352966
C3,1404,1,0.8677063435316086,0.41067081689834595,0.6391885802149773,0.029237374663352966
C3,1405,1,0.8496569097042084,0.41045498847961426,0.6300559490919113,0.02592899091541767
C3,1406,1,0.8484701067209244,0.47556281089782715,0.6620164588093758,0.025648673996329308
C3,1407,1,0.9006747975945473,0.5005081593990326,0.7005914784967899,0.08153821527957916
C3,1408,1,0.7714705169200897,0.5485045313835144,0.6599875241518021,0.048253390938043594
C3,1409,1,0.8021262735128403,0.5485045313835144,0.6753154024481773,0.048253390938043594
C3,1410,1,0.7206123173236847,0.6069262325763702,0.6637692749500275,0.095094695687294
C3,1411,1,0.5287525951862335,0.5455915927886963,0.5371720939874649,0.11637885123491287
C3,1412,1,0.7006339132785797,0.6045095026493073,0.6525717079639435,0.06742201000452042
C3,1413,1,0.9474960528314114,0.5262420773506165,0.7368690650910139,0.04324394837021828
C3,1414,1,0.9070046916604042,0.5060703456401825,0.7065375186502934,0.02323237806558609
C3,1415,1,0.9195377305150032,0.5060703456401825,0.7128040380775928,0.014528915286064148
C3,1416,1,0.9035846590995789,0.6227043271064758,0.7631444931030273,0.029247108846902847
C3,1417,1,0.9165786653757095,0.48433685302734375,0.7004577592015266,0.031100433319807053
C3,1418,1,0.5394459366798401,0.6340233385562897,0.5867346376180649,0.06716900318861008
C3,1419,1,0.7785989493131638,0.6046653389930725,0.6916321441531181,0.0939818024635315
C3,1420,1,0.7346952557563782,0.6046653389930725,0.6696802973747253,0.0377371571958065
C3,1421,1,0.795436441898346,0.6244907975196838,0.7099636197090149,0.0614948496222496
C3,1422,1,0.806831568479538,0.7467264831066132,0.7767790257930756,0.04917749762535095
C3,1423,1,0.5809027552604675,0.5782308876514435,0.5795668214559555,0.03247988224029541
C3,1424,1,0.7777525335550308,0.621901661157608,0.6998270973563194,0.01903066411614418
C3,1425,1,0.7777525335550308,0.8587976694107056,0.8182751014828682,0.01903066411614418
C3,1426,1,0.7135889828205109,0.8164173513650894,0.7650031670928001,0.01903066411614418
C3,1427,1,0.8227518945932388,0.7765347808599472,0.799643337726593,0.00869095977395773
C3,1428,1,0.804382249712944,0.46006208658218384,0.6322221681475639,0.017600027844309807
C3,1429,1,0.7646304368972778,0.46006208658218384,0.6123462617397308,0.017551640048623085
C3,1430,1,0.7569207698106766,0.5438298881053925,0.6503753289580345,0.017551640048623085
C3,1431,1,0.5970968008041382,0.5756491720676422,0.5863729864358902,0.014896375127136707
C3,1432,1,0.8823079690337181,0.6676192283630371,0.7749635986983776,0.012180229648947716
C3,1433,1,0.741785854101181,0.5109286904335022,0.6263572722673416,0.01802576147019863
C3,1434,1,0.741785854101181,0.5109286904335022,0.6263572722673416,0.015320129692554474
C3,1435,1,0.821345642209053,0.4327375292778015,0.6270415857434273,0.015320129692554474
C3,1436,1,0.7792296558618546,0.4327375292778015,0.605983592569828,0.01802576147019863
C3,1437,1,0.8471090197563171,0.400169312953949,0.6236391663551331,0.020289987325668335
C3,1438,1,0.8927688524127007,0.22298020124435425,0.5578745268285275,0.009201419539749622
C3,1439,1,0.8927688524127007,0.4724196791648865,0.6825942657887936,0.009201419539749622
C3,1440,1,0.8286428302526474,0.21439439058303833,0.5215186104178429,0.010527893900871277
C3,1441,1,0.8286428302526474,0.21439439058303833,0.5215186104178429,0.010527893900871277
C3,1442,1,0.8286428302526474,0.20668292045593262,0.51766287535429,0.01021481491625309
C3,1443,1,0.8387909084558487,0.16036701202392578,0.49957896023988724,0.01174610573798418
C3,1444,1,0.7753223925828934,0.11567729711532593,0.44549984484910965,0.022008497267961502
C3,1445,1,0.7058050632476807,0.11567729711532593,0.4107411801815033,0.017427494749426842
C3,1446,1,0.8452100455760956,0.1533786654472351,0.49929435551166534,0.017761029303073883
C3,1447,1,0.8588448017835617,0.11567729711532593,0.4872610494494438,0.017427494749426842
C3,1448,1,0.8778674751520157,0.0946308970451355,0.4862491860985756,0.01689557544887066
C3,1449,1,0.7467174530029297,0.23259729146957397,0.48965737223625183,0.012769601307809353
C3,1450,1,0.86187344789505,0.19228237867355347,0.5270779132843018,0.013349569402635098
C3,1451,1,0.9211525022983551,0.19795960187911987,0.5595560520887375,0.013349569402635098
C3,1452,1,0.8652316480875015,0.19228237867355347,0.5287570133805275,0.01413598470389843
C3,1453,1,0.8652316480875015,0.19795960187911987,0.5315956249833107,0.01167298574000597
C3,1454,1,0.9018844589591026,0.40971553325653076,0.6557999961078167,0.0074929227121174335
C3,1455,1,0.7732120752334595,0.3590710163116455,0.5661415457725525,0.008621692657470703
C3,1456,1,0.7732120752334595,0.3590710163116455,0.5661415457725525,0.008372199721634388
C3,1457,1,0.7911174446344376,0.3590710163116455,0.5750942304730415,0.008431782945990562
C3,1458,1,0.7911174446344376,0.3590710163116455,0.5750942304730415,0.008100578561425209
C3,1459,1,0.8978082165122032,0.32867366075515747,0.6132409386336803,0.014273880049586296
C3,1460,1,0.8970887213945389,0.41553330421447754,0.6563110128045082,0.013176115229725838
C3,1461,1,0.8503662645816803,0.41992318630218506,0.6351447254419327,0.014918833039700985
C3,1462,1,0.8503662645816803,0.40047723054885864,0.6254217475652695,0.008613625541329384
C3,1463,1,0.8430128544569016,0.7193621098995209,0.7811874821782112,0.005195533856749535
C3,1464,1,0.7642097473144531,0.743982583284378,0.7540961652994156,0.008190593682229519
C3,1465,1,0.8392517566680908,0.6897113025188446,0.7644815295934677,0.005233780015259981
C3,1466,1,0.7642097473144531,0.6897113025188446,0.7269605249166489,0.005789620336145163
C3,1467,1,0.7642097473144531,0.6897113025188446,0.7269605249166489,0.006988076493144035
C3,1468,1,0.8784447684884071,0.5937511920928955,0.7360979802906513,0.01022384688258171
C3,1469,1,0.783260852098465,0.7015800178050995,0.7424204349517822,0.008679916150867939
C3,1470,1,0.9460698254406452,0.6193573772907257,0.7827136013656855,0.0042472402565181255
C3,1471,1,0.9632824622094631,0.6763449609279633,0.8198137115687132,0.003139127278700471
C3,1472,1,0.9642889648675919,0.6669678390026093,0.8156284019351006,0.0031619290821254253
C3,1473,1,0.9273757860064507,0.5586206018924713,0.742998193949461,0.0032642597798258066
C3,1474,1,0.8931696265935898,0.6094287931919098,0.7512992098927498,0.001988406293094158
C3,1475,1,0.8931696265935898,0.6094287931919098,0.7512992098927498,0.0024657477624714375
C3,1476,1,0.8931696265935898,0.6094287931919098,0.7512992098927498,0.0029626276809722185
C3,1477,1,0.8931696265935898,0.6094287931919098,0.7512992098927498,0.004982295911759138
C3,1478,1,0.8314321488142014,0.6447973847389221,0.7381147667765617,0.004427461419254541
C3,1479,1,0.9053879231214523,0.4743606448173523,0.6898742839694023,0.0022730084601789713
C3,1480,1,0.8576519787311554,0.4743606448173523,0.6660063117742538,0.006440836004912853
C3,1481,1,0.8576519787311554,0.4743606448173523,0.6660063117742538,0.002427323954179883
C3,1482,1,0.897614948451519,0.4743606448173523,0.6859877966344357,0.002427323954179883
C3,1483,1,0.8849593698978424,0.7173270285129547,0.8011431992053986,0.00790320709347725
C3,1484,1,0.7470837831497192,0.7173270285129547,0.732205405831337,0.01814747229218483
C3,1485,1,0.7470837831497192,0.7173270285129547,0.732205405831337,0.01814747229218483
C3,1486,1,0.7470837831497192,0.7173270285129547,0.732205405831337,0.015669330954551697
C3,1487,1,0.7470837831497192,0.750254675745964,0.7486692294478416,0.013385454192757607
C3,1488,1,0.8349760919809341,0.7134421169757843,0.7742091044783592,0.00968735571950674
C3,1489,1,0.8245354294776917,0.8061475455760956,0.8153414875268936,0.006967008113861084
C3,1490,1,0.8245354294776917,0.8061475455760956,0.8153414875268936,0.006967008113861084
C3,1491,1,0.85467429459095,0.8061475455760956,0.8304109200835228,0.008210329338908195
C3,1492,1,0.882202222943306,0.7524034976959229,0.8173028603196144,0.013385794125497341
C3,1493,1,0.8418493717908859,0.8136663883924484,0.8277578800916672,0.010124714113771915
C3,1494,1,0.8418493717908859,0.8136663883924484,0.8277578800916672,0.009966231882572174
C3,1495,1,0.8418493717908859,0.8136663883924484,0.8277578800916672,0.009966231882572174
C3,1496,1,0.6518794000148773,0.8369518369436264,0.7444156184792519,0.007281390950083733
C3,1497,1,0.8135834336280823,0.7835389226675034,0.7985611781477928,0.010322213172912598
C3,1498,1,0.8135834336280823,0.7659342885017395,0.7897588610649109,0.010322213172912598
C3,1499,1,0.8135834336280823,0.7659342885017395,0.7897588610649109,0.01062036119401455
C3,1500,1,0.8508441299200058,0.4008130431175232,0.6258285865187645,0.007431667763739824
C3,1501,1,0.8508441299200058,0.4008130431175232,0.6258285865187645,0.007565488573163748
C3,1502,1,0.8508441299200058,0.4083459973335266,0.6295950636267662,0.007003639824688435
C3,1503,1,0.8840756863355637,0.5332269668579102,0.7086513265967369,0.009924913756549358
C3,1504,1,0.8840756863355637,0.5332269668579102,0.7086513265967369,0.01131413783878088
C3,1505,1,0.851488932967186,0.4958622455596924,0.6736755892634392,0.01131413783878088
C3,1506,1,0.8199241310358047,0.4530264735221863,0.6364753022789955,0.012099912390112877
C3,1507,1,0.7429958283901215,0.5101905465126038,0.6265931874513626,0.015843814238905907
C3,1508,1,0.8341627418994904,0.46968764066696167,0.651925191283226,0.02143119089305401
C3,1509,1,0.8201463967561722,0.46968764066696167,0.6449170187115669,0.02143119089305401
C3,1510,1,0.8201463967561722,0.46968764066696167,0.6449170187115669,0.01690089888870716
C3,1511,1,0.8201463967561722,0.5585754811763763,0.6893609389662743,0.01690089888870716
C3,1512,1,0.8515316098928452,0.5172453224658966,0.6843884661793709,0.01779470220208168
C3,1513,1,0.8804321438074112,0.4879564642906189,0.684194304049015,0.02465035207569599
C3,1514,1,0.8804321438074112,0.4879564642906189,0.684194304049015,0.026272520422935486
C3,1515,1,0.7779563665390015,0.6527247130870819,0.7153405398130417,0.01390871498733759
C3,1516,1,0.8912339359521866,0.7330580055713654,0.812145970761776,0.0066209095530211926
C3,1517,1,0.534778505563736,0.8197735548019409,0.6772760301828384,0.010749250650405884
C3,1518,1,0.7497027516365051,0.4149581789970398,0.5823304653167725,0.023325616493821144
C3,1519,1,0.7710610777139664,0.7406138181686401,0.7558374479413033,0.020773274824023247
C3,1520,1,0.9304563775658607,0.8832027837634087,0.9068295806646347,0.020370328798890114
C3,1521,1,0.9114906564354897,0.8154214024543762,0.8634560294449329,0.020426437258720398
C3,1522,1,0.4853332042694092,0.9173169285058975,0.7013250663876534,0.010666592046618462
C3,1523,1,0.9109974876046181,0.46162742376327515,0.6863124556839466,0.007528915069997311
C3,1524,1,0.9109974876046181,0.46162742376327515,0.6863124556839466,0.007528915069997311
C3,1525,1,0.8454590439796448,0.666725367307663,0.7560922056436539,0.008588655851781368
C3,1526,1,0.8454590439796448,0.5945020318031311,0.7199805378913879,0.010549080558121204
C3,1527,1,0.5033854246139526,0.7139163315296173,0.608650878071785,0.008836937136948109
C3,1528,1,0.7143283188343048,0.6618093848228455,0.6880688518285751,0.012126406654715538
C3,1529,1,0.6647335886955261,0.4968242049217224,0.5807788968086243,0.01369846798479557
C3,1530,1,0.8171564787626266,0.4233991503715515,0.6202778145670891,0.01673966273665428
C3,1531,1,0.7298376560211182,0.3099212646484375,0.5198794603347778,0.017479944974184036
C3,1532,1,0.7277446687221527,0.4577789902687073,0.59276182949543,0.017479944974184036
C3,1533,1,0.17486387491226196,0.7648351192474365,0.46984949707984924,0.009902887977659702
C3,1534,1,0.40011894702911377,0.9170249849557877,0.6585719659924507,0.021673506125807762
C3,1535,1,0.3022574782371521,0.8252651691436768,0.5637613236904144,0.05276654660701752
C3,1536,1,0.26736897230148315,0.7331704497337341,0.5002697110176086,0.05209662765264511
C3,1537,1,0.29398101568222046,0.84599968791008,0.5699903517961502,0.06959907710552216
C3,1538,1,0.1759793758392334,0.6193612217903137,0.39767029881477356,0.07283033430576324
C3,1539,1,0.11580038070678711,0.211877703666687,0.16383904218673706,0.029613042250275612
C3,1540,1,0.1569359302520752,0.19298887252807617,0.17496240139007568,0.027844084426760674
C3,1541,1,0.1895681619644165,0.278548002243042,0.23405808210372925,0.04719642549753189
C3,1542,1,0.28078269958496094,0.3230435848236084,0.30191314220428467,0.02177639678120613
C3,1543,1,0.5292097330093384,0.6381752192974091,0.5836924761533737,0.057575661689043045
C3,1544,1,0.45543503761291504,0.7351532280445099,0.5952941328287125,0.028510505333542824
C3,1545,1,0.4379791021347046,0.808322936296463,0.6231510192155838,0.028510505333542824
C3,1546,1,0.09966206550598145,0.7242958247661591,0.41197894513607025,0.021907199174165726
C3,1547,1,0.15649807453155518,0.72381791472435,0.4401579946279526,0.04632064327597618
C3,1548,1,0.3732966184616089,0.35971635580062866,0.3665064871311188,0.05170634016394615
C3,1549,1,0.5885040760040283,0.445287823677063,0.5168959498405457,0.016047071665525436
C3,1550,1,0.6070889830589294,0.40234798192977905,0.5047184824943542,0.029796035960316658
C3,1551,1,0.73380047082901,0.8456756770610809,0.7897380739450455,0.04548840969800949
C3,1552,1,0.6128537952899933,0.7275309860706329,0.6701923906803131,0.027971170842647552
C3,1553,1,0.4331434965133667,0.5497340857982635,0.4914387911558151,0.006484920158982277
C3,1554,1,0.2509441375732422,0.8919883817434311,0.5714662596583366,0.005128894001245499
C3,1555,1,0.34252506494522095,0.70774045586586,0.5251327604055405,0.029372304677963257
C3,1556,1,0.26349323987960815,0.7817347347736359,0.522613987326622,0.013998906128108501
C3,1557,1,0.39183181524276733,0.4043261408805847,0.398078978061676,0.008498829789459705
C3,1558,1,0.5109862089157104,0.7951426208019257,0.653064414858818,0.009780028834939003
C3,1559,1,0.44788897037506104,0.7101163864135742,0.5790026783943176,0.020160328596830368
C3,1560,1,0.37154239416122437,0.6423180401325226,0.5069302171468735,0.025882378220558167
C3,1561,1,0.29736679792404175,0.4998908042907715,0.3986288011074066,0.08363204449415207
C3,1562,1,0.6343490183353424,0.7522205263376236,0.693284772336483,0.020131893455982208
C3,1563,1,0.654506266117096,0.6093783676624298,0.6319423168897629,0.014683888293802738
C3,1564,1,0.299075186252594,0.6875724494457245,0.49332381784915924,0.016711613163352013
C3,1565,1,0.6425786316394806,0.3114749789237976,0.4770268052816391,0.006077430211007595
C3,1566,1,0.41561639308929443,0.615242063999176,0.5154292285442352,0.0031238181982189417
C3,1567,1,0.6323587000370026,0.6952714920043945,0.6638150960206985,0.005245687440037727
C3,1568,1,0.6564306914806366,0.675236314535141,0.6658335030078888,0.01818721927702427
C3,1569,1,0.2972819209098816,0.7236674427986145,0.510474681854248,0.00783515628427267
C3,1570,1,0.4824919104576111,0.6401121318340302,0.5613020211458206,0.007459453772753477
C3,1571,1,0.1603279709815979,0.6870879232883453,0.4237079471349716,0.00797479972243309
C3,1572,1,0.4839481711387634,0.3622535467147827,0.42310085892677307,0.005045026540756226
C3,1573,1,0.44510310888290405,0.6255595088005066,0.5353313088417053,0.008276195265352726
C3,1574,1,0.6332769393920898,0.5399152338504791,0.5865960866212845,0.0066167376935482025
C3,1575,1,0.7058815062046051,0.48805510997772217,0.5969683080911636,0.0038122383411973715
C3,1576,1,0.5695339143276215,0.5319909155368805,0.550762414932251,0.005943068768829107
C3,1577,1,0.5691877007484436,0.5495029091835022,0.5593453049659729,0.0060656266286969185
C3,1578,1,0.6446877419948578,0.5125558376312256,0.5786217898130417,0.005651238840073347
C3,1579,1,0.7415677905082703,0.8502890169620514,0.7959284037351608,0.004096229560673237
C3,1580,1,0.6839203834533691,0.4095756411552429,0.546748012304306,0.012657302431762218
C3,1581,1,0.5629537403583527,0.5618365406990051,0.5623951405286789,0.013109149411320686
C3,1582,1,0.7750806510448456,0.38113510608673096,0.5781078785657883,0.023441290482878685
C3,1583,1,0.37132102251052856,0.8654991686344147,0.6184100955724716,0.026377873495221138
C3,1584,1,0.3366422653198242,0.8301118612289429,0.5833770632743835,0.011135462671518326
C3,1585,1,0.8731225728988647,0.5020399689674377,0.6875812709331512,0.03729698061943054
C3,1586,1,0.4833524227142334,0.4767611026763916,0.4800567626953125,0.013606480322778225
C3,1587,1,0.17459017038345337,0.8787984400987625,0.5266943052411079,0.009663515724241734
C3,1588,1,0.6234534382820129,0.7231500446796417,0.6733017414808273,0.02652328833937645
C3,1589,1,0.5437125265598297,0.7614532858133316,0.6525829061865807,0.007151211146265268
C3,1590,1,0.1959139108657837,0.6734708845615387,0.4346923977136612,0.02936045080423355
C3,1591,1,0.7662253677845001,0.5909327864646912,0.6785790771245956,0.026045257225632668
C3,1592,1,0.6053849160671234,0.6737190186977386,0.639551967382431,0.017791403457522392
C3,1593,1,0.5269756615161896,0.7878364473581314,0.6574060544371605,0.06813360750675201
C3,1594,1,0.6923089921474457,0.841644674539566,0.7669768333435059,0.029896745458245277
C3,1595,1,0.4195183515548706,0.8388789892196655,0.6291986703872681,0.03949045017361641
C3,1596,1,0.38281816244125366,0.780047133564949,0.5814326480031013,0.017158692702651024
C3,1597,1,0.2267419695854187,0.77511066198349,0.5009263157844543,0.01955907605588436
C3,1598,1,0.3542932868003845,0.5317943096160889,0.4430437982082367,0.020627178251743317
C3,1599,1,0.32855069637298584,0.6173755526542664,0.4729631245136261,0.027654660865664482
C3,1600,1,0.6017157733440399,0.2731321454048157,0.4374239593744278,0.08090604096651077
C3,1601,1,0.5952982604503632,0.4192267060279846,0.5072624832391739,0.04102162644267082
C3,1602,1,0.5523749589920044,0.6468321979045868,0.5996035784482956,0.01333464402705431
C3,1603,1,0.3144466280937195,0.6522710919380188,0.48335886001586914,0.059845808893442154
C3,1604,1,0.5964747071266174,0.5085175335407257,0.5524961203336716,0.18305538594722748
C3,1605,1,0.6339111030101776,0.5729814767837524,0.603446289896965,0.059827178716659546
C3,1606,1,0.7020632326602936,0.5472575426101685,0.624660387635231,0.03583279997110367
C3,1607,1,0.9113847464323044,0.5130489766597748,0.7122168615460396,0.06800069659948349
C3,1608,1,0.8122668564319611,0.5117466747760773,0.6620067656040192,0.06606711447238922
C3,1609,1,0.7423509955406189,0.5921870470046997,0.6672690212726593,0.02317262627184391
C3,1610,1,0.8089569658041,0.7561157047748566,0.7825363352894783,0.015265585854649544
C3,1611,1,0.5521930456161499,0.2592659592628479,0.4057295024394989,0.03953953832387924
C3,1612,1,0.6140541136264801,0.2592659592628479,0.436660036444664,0.04848000779747963
C3,1613,1,0.40454214811325073,0.32619404792785645,0.3653680980205536,0.04450519382953644
C3,1614,1,0.4416971206665039,0.32619404792785645,0.3839455842971802,0.02919330820441246
C3,1615,1,0.6352828741073608,0.6439894735813141,0.6396361738443375,0.02112938091158867
C3,1616,1,0.6171774566173553,0.5932717323303223,0.6052245944738388,0.010906355455517769
C3,1617,1,0.6284849643707275,0.5932717323303223,0.6108783483505249,0.014439456164836884
C3,1618,1,0.6074504554271698,0.7996434569358826,0.7035469561815262,0.015568234026432037
C3,1619,1,0.5874395668506622,0.7371888756752014,0.6623142212629318,0.03131842985749245
C3,1620,1,0.30968886613845825,0.8336590975522995,0.5716739818453789,0.01800677925348282
C3,1621,1,0.27660071849823,0.7248447835445404,0.5007227510213852,0.02115752547979355
C3,1622,1,0.4201464056968689,0.6724981963634491,0.546322301030159,0.023143205791711807
C3,1623,1,0.4693792462348938,0.7675926089286804,0.6184859275817871,0.0336122065782547
C3,1624,1,0.8189717680215836,0.5551316738128662,0.6870517209172249,0.03248544782400131
C3,1625,1,0.20861059427261353,0.8936001360416412,0.5511053651571274,0.039751455187797546
C3,1626,1,0.24767577648162842,0.919525645673275,0.5836007110774517,0.04521613195538521
C3,1627,1,0.21049094200134277,0.9391700550913811,0.5748304985463619,0.016534673050045967
C3,1628,1,0.26585155725479126,0.8945157304406166,0.5801836438477039,0.027713458985090256
C3,1629,1,0.371093213558197,0.5078417956829071,0.43946750462055206,0.006133945658802986
C3,1630,1,0.5291301310062408,0.6526519060134888,0.5908910185098648,0.010332492180168629
C3,1631,1,0.567437469959259,0.7683058977127075,0.6678716838359833,0.02276449091732502
C3,1632,1,0.36898523569107056,0.8071459382772446,0.5880655869841576,0.06825760006904602
C3,1633,1,0.5814171433448792,0.7193612158298492,0.6503891795873642,0.01894194819033146
C3,1634,1,0.8035242706537247,0.9404884316027164,0.8720063511282206,0.033048223704099655
C3,1635,1,0.4461819529533386,0.27324891090393066,0.35971543192863464,0.024339092895388603
C3,1636,1,0.3994162678718567,0.19226783514022827,0.2958420515060425,0.02411831170320511
C3,1637,1,0.3795604109764099,0.8575950562953949,0.6185777336359024,0.023333430290222168
C3,1638,1,0.714138925075531,0.7227302193641663,0.7184345722198486,0.026062220335006714
C3,1639,1,0.6371554732322693,0.588844358921051,0.6129999160766602,0.02951699122786522
C3,1640,1,0.7316226363182068,0.5933321416378021,0.6624773889780045,0.026136882603168488
C3,1641,1,0.31540828943252563,0.25098752975463867,0.28319790959358215,0.03524017333984375
C3,1642,1,0.6051428914070129,0.4543035626411438,0.5297232270240784,0.024508671835064888
C3,1643,1,0.709850549697876,0.35761547088623047,0.5337330102920532,0.030770430341362953
C3,1644,1,0.8376668244600296,0.18685859441757202,0.5122627094388008,0.04144075885415077
C3,1645,1,0.5988944172859192,0.45713138580322266,0.5280129015445709,0.04175979644060135
C3,1646,1,0.7718783468008041,0.70780348777771,0.739840917289257,0.036284878849983215
C3,1647,1,0.6658397316932678,0.7243333160877228,0.6950865238904953,0.026756377890706062
C3,1648,1,0.7586963623762131,0.733751505613327,0.74622393399477,0.05154924467206001
C3,1649,1,0.5928532183170319,0.3197250962257385,0.4562891572713852,0.03657626360654831
C3,1650,1,0.726556271314621,0.4444478750228882,0.5855020731687546,0.02467811293900013
C3,1651,1,0.7689856439828873,0.8578765839338303,0.8134311139583588,0.056040775030851364
C3,1652,1,0.6052075624465942,0.9733227249234915,0.7892651436850429,0.013420688919723034
C3,1653,1,0.7166311740875244,0.5566304922103882,0.6366308331489563,0.004792091436684132
C3,1654,1,0.8739828914403915,0.47431689500808716,0.6741498932242393,0.006819257978349924
C3,1655,1,0.8647227734327316,0.4110625982284546,0.6378926858305931,0.04725911468267441
C3,1656,1,0.8948518633842468,0.5602257251739502,0.7275387942790985,0.0184958316385746
C3,1657,1,0.8143313229084015,0.7426241636276245,0.778477743268013,0.03571099042892456
C3,1658,1,0.7313763499259949,0.5481375455856323,0.6397569477558136,0.00866310577839613
C3,1659,1,0.6984076201915741,0.6890785992145538,0.693743109703064,0.012955889105796814
C3,1660,1,0.6450205445289612,0.6879744529724121,0.6664974987506866,0.008562988601624966
C3,1661,1,0.7454403936862946,0.26088082790374756,0.5031606107950211,0.018646391108632088
C3,1662,1,0.810452327132225,0.4288312792778015,0.6196418032050133,0.0034052978735417128
C3,1663,1,0.6408278942108154,0.5321155786514282,0.5864717364311218,0.00833872426301241
C3,1664,1,0.5741535723209381,0.8122139871120453,0.6931837797164917,0.0034007776994258165
C3,1665,1,0.767284944653511,0.7047055661678314,0.7359952554106712,0.004682066850364208
C3,1666,1,0.6709719002246857,0.8518002927303314,0.7613860964775085,0.00547092454507947
C3,1667,1,0.9185348674654961,0.7649121433496475,0.8417235054075718,0.003232642775401473
C3,1668,1,0.8428143858909607,0.8101542741060257,0.8264843299984932,0.006379981525242329
C3,1669,1,0.6124858260154724,0.839381530880928,0.7259336784482002,0.003473274176940322
C3,1670,1,0.37522512674331665,0.8230448514223099,0.5991349890828133,0.00588994612917304
C3,1671,1,0.4640834927558899,0.8298748135566711,0.6469791531562805,0.027494102716445923
C3,1672,1,0.6602359414100647,0.8484937995672226,0.7543648704886436,0.00604653637856245
C3,1673,1,0.6103392839431763,0.7671453356742859,0.6887423098087311,0.0029023766983300447
C3,1674,1,0.4526638984680176,0.6767167448997498,0.5646903216838837,0.009478314779698849
C3,1675,1,0.33393627405166626,0.6771222054958344,0.5055292397737503,0.011634841561317444
C3,1676,1,0.6770675480365753,0.4068441390991211,0.5419558435678482,0.01954812929034233
C3,1677,1,0.7034715116024017,0.5919075012207031,0.6476895064115524,0.03282337635755539
C3,1678,1,0.5523092150688171,0.5997525751590729,0.576030895113945,0.014292395673692226
C3,1679,1,0.8305477946996689,0.7595333456993103,0.7950405701994896,0.006196374539285898
C3,1680,1,0.8607393652200699,0.572136789560318,0.7164380773901939,0.009099777787923813
C3,1681,1,0.8788832202553749,0.3905487656593323,0.6347159929573536,0.02292589284479618
C3,1682,1,0.843272402882576,0.3760777711868286,0.6096750870347023,0.056222956627607346
C3,1683,1,0.7325398921966553,0.5095694363117218,0.6210546642541885,0.043085914105176926
C3,1684,1,0.5979373455047607,0.7615059614181519,0.6797216534614563,0.03545600175857544
C3,1685,1,0.7301203310489655,0.31975483894348145,0.5249375849962234,0.03545600175857544
C3,1686,1,0.5618089735507965,0.5578008592128754,0.5598049163818359,0.03008822165429592
C3,1687,1,0.7230669558048248,0.4144566059112549,0.5687617808580399,0.02628154680132866
C3,1688,1,0.5421386957168579,0.2298067808151245,0.3859727382659912,0.02406155690550804
C3,1689,1,0.5854880809783936,0.349861204624176,0.4676746428012848,0.055458616465330124
C3,1690,1,0.5501453578472137,0.17056876420974731,0.36035706102848053,0.10338789224624634
C3,1691,1,0.518843799829483,0.21452444791793823,0.36668412387371063,0.06801600754261017
C3,1692,1,0.6640322506427765,0.25151848793029785,0.45777536928653717,0.033528342843055725
C3,1693,1,0.4124327301979065,0.46140891313552856,0.43692082166671753,0.017781082540750504
C3,1694,1,0.4124327301979065,0.4144060015678406,0.41341936588287354,0.021891674026846886
C3,1695,1,0.824960470199585,0.40717965364456177,0.6160700619220734,0.0482422336935997
C3,1696,1,0.37748754024505615,0.2122511863708496,0.2948693633079529,0.017353160306811333
C3,1697,1,0.48824578523635864,0.14262336492538452,0.3154345750808716,0.008589545264840126
C3,1698,1,0.2599142789840698,0.4700491428375244,0.3649817109107971,0.019496405497193336
C3,1699,1,0.4468246102333069,0.6326658725738525,0.5397452414035797,0.03330639749765396
C3,1700,1,0.6066826581954956,0.331271767616272,0.4689772129058838,0.018987759947776794
C3,1701,1,0.6409218609333038,0.331271767616272,0.4860968142747879,0.01100829429924488
C3,1702,1,0.8062542527914047,0.445939838886261,0.6260970458388329,0.00586340855807066
C3,1703,1,0.7801170200109482,0.6652554273605347,0.7226862236857414,0.011357910931110382
C3,1704,1,0.7801170200109482,0.36398404836654663,0.5720505341887474,0.01681593433022499
C3,1705,1,0.8418404757976532,0.36398404836654663,0.6029122620820999,0.03431988134980202
C3,1706,1,0.4735327959060669,0.5276764929294586,0.5006046444177628,0.01869199424982071
C3,1707,1,0.5810251235961914,0.5661485195159912,0.5735868215560913,0.01742037571966648
C3,1708,1,0.2810966372489929,0.7539576888084412,0.517527163028717,0.01724625937640667
C3,1709,1,0.21911239624023438,0.6088612973690033,0.41398684680461884,0.01724625937640667
C3,1710,1,0.2990582585334778,0.5036140978336334,0.4013361781835556,0.003719983622431755
C3,1711,1,0.4533168077468872,0.2790132164955139,0.36616501212120056,0.014763168059289455
C3,1712,1,0.586656779050827,0.36769771575927734,0.4771772474050522,0.014230790548026562
C3,1713,1,0.3197597861289978,0.8732440918684006,0.5965019389986992,0.023421600461006165
C3,1714,1,0.7196014821529388,0.75515978038311,0.7373806312680244,0.09049893915653229
C3,1715,1,0.5885258316993713,0.7656181305646896,0.6770719811320305,0.0317293182015419
C3,1716,1,0.6746846139431,0.7510344982147217,0.7128595560789108,0.02316797897219658
C3,1717,1,0.7239854335784912,0.7692887336015701,0.7466370835900307,0.014027823694050312
C3,1718,1,0.3950386643409729,0.7263385951519012,0.5606886297464371,0.015182651579380035
C3,1719,1,0.31486064195632935,0.6855040192604065,0.5001823306083679,0.010867361910641193
C3,1720,1,0.38910382986068726,0.640077143907547,0.5145904868841171,0.011381329968571663
C3,1721,1,0.35607320070266724,0.5906221568584442,0.4733476787805557,0.01289414893835783
C3,1722,1,0.45614075660705566,0.6290467381477356,0.5425937473773956,0.01549940649420023
C3,1723,1,0.49873530864715576,0.5809621512889862,0.539848729968071,0.009331473149359226
C3,1724,1,0.6216897964477539,0.5897139310836792,0.6057018637657166,0.010874920524656773
C3,1725,1,0.7023284137248993,0.5897139310836792,0.6460211724042892,0.011653544381260872
C3,1726,1,0.6613690853118896,0.6590718626976013,0.6602204740047455,0.012305973097682
C3,1727,1,0.8133209943771362,0.6176316738128662,0.7154763340950012,0.013115184381604195
C3,1728,1,0.751458078622818,0.47953683137893677,0.6154974550008774,0.01350341271609068
C3,1729,1,0.5976046919822693,0.39404070377349854,0.4958226978778839,0.021594086661934853
C3,1730,1,0.7121997475624084,0.4223942756652832,0.5672970116138458,0.010900945402681828
C3,1731,1,0.5816670656204224,0.34823715686798096,0.46495211124420166,0.011138991452753544
C3,1732,1,0.7207823395729065,0.4400545358657837,0.5804184377193451,0.015448031015694141
C3,1733,1,0.554852157831192,0.3475942611694336,0.4512232095003128,0.00970737636089325
C3,1734,1,0.8284548819065094,0.6339907646179199,0.7312228232622147,0.003777038538828492
C3,1735,1,0.867787629365921,0.5042259395122528,0.6860067844390869,0.005483894608914852
C3,1736,1,0.492828369140625,0.6398268043994904,0.5663275867700577,0.0063518439419567585
C3,1737,1,0.42398351430892944,0.706893116235733,0.5654383152723312,0.009863054379820824
C3,1738,1,0.22702455520629883,0.6395401954650879,0.43328237533569336,0.002370445756241679
C3,1739,1,0.38122230768203735,0.7978327572345734,0.5895275324583054,0.010304336436092854
C3,1740,1,0.6555992960929871,0.7167604267597198,0.6861798614263535,0.0041687400080263615
C3,1741,1,0.5916498601436615,0.5942510366439819,0.5929504483938217,0.006448172964155674
C3,1742,1,0.7839260697364807,0.8879416435956955,0.8359338566660881,0.010087848640978336
C3,1743,1,0.5184764564037323,0.6841419637203217,0.601309210062027,0.016706740483641624
C3,1744,1,0.56424281001091,0.4158133864402771,0.49002809822559357,0.01626073382794857
C3,1745,1,0.8550258725881577,0.7831601649522781,0.8190930187702179,0.0391632616519928
C3,1746,1,0.846908688545227,0.7758665829896927,0.8113876357674599,0.038598936051130295
C3,1747,1,0.8766270577907562,0.8617726862430573,0.8691998720169067,0.036393243819475174
C3,1748,1,0.8663104474544525,0.870207354426384,0.8682589009404182,0.026721060276031494
C3,1749,1,0.9170696660876274,0.8080524206161499,0.8625610433518887,0.023704254999756813
C3,1750,1,0.845844641327858,0.40586864948272705,0.6258566454052925,0.02345040813088417
C3,1751,1,0.878347210586071,0.25683093070983887,0.5675890706479549,0.01469150185585022
C3,1752,1,0.9063852950930595,0.4347648620605469,0.6705750785768032,0.012069831602275372
C3,1753,1,0.8031572103500366,0.5801214277744293,0.691639319062233,0.018141862004995346
C3,1754,1,0.6999565064907074,0.7050226926803589,0.7024895995855331,0.012819475494325161
C3,1755,1,0.7238692939281464,0.42764294147491455,0.5757561177015305,0.027490226551890373
C3,1756,1,0.7238692939281464,0.6452303528785706,0.6845498234033585,0.02973940595984459
C3,1757,1,0.600621908903122,0.6053451001644135,0.6029835045337677,0.018749728798866272
C3,1758,1,0.6093437671661377,0.6349956095218658,0.6221696883440018,0.022366469725966454
C3,1759,1,0.5219136774539948,0.5347974896430969,0.5283555835485458,0.010520217940211296
C3,1760,1,0.4371035695075989,0.654853492975235,0.5459785312414169,0.005786382593214512
C3,1761,1,0.5331422686576843,0.654853492975235,0.5939978808164597,0.006758273113518953
C3,1762,1,0.2816222906112671,0.7949628084897995,0.5382925495505333,0.010195249691605568
C3,1763,1,0.35542553663253784,0.6786874234676361,0.517056480050087,0.00881006009876728
C3,1764,1,0.3143993616104126,0.8725549131631851,0.5934771373867989,0.01053405087441206
C3,1765,1,0.6841349005699158,0.6548439264297485,0.6694894134998322,0.009106578305363655
C3,1766,1,0.6233912706375122,0.6331765055656433,0.6282838881015778,0.004151113796979189
C3,1767,1,0.5344151556491852,0.4943963289260864,0.5144057422876358,0.006791719701141119
C3,1768,1,0.3581838011741638,0.4939146637916565,0.42604923248291016,0.005480412859469652
C3,1769,1,0.6668727099895477,0.6905036568641663,0.678688183426857,0.003068604040890932
C3,1770,1,0.35293006896972656,0.48618704080581665,0.4195585548877716,0.0058882269077003
C3,1771,1,0.5093514621257782,0.3872032165527344,0.4482773393392563,0.005333492998033762
C3,1772,1,0.38046354055404663,0.46365422010421753,0.4220588803291321,0.011944998055696487
C3,1773,1,0.20628011226654053,0.36740291118621826,0.2868415117263794,0.0042589930817484856
C3,1774,1,0.3315574526786804,0.5864333808422089,0.45899541676044464,0.0038623837754130363
C3,1775,1,0.30318355560302734,0.34233248233795166,0.3227580189704895,0.004411832429468632
C3,1776,1,0.625225692987442,0.3315467834472656,0.4783862382173538,0.014732633717358112
C3,1777,1,0.3005805015563965,0.1981610655784607,0.2493707835674286,0.007477692328393459
C3,1778,1,0.49900418519973755,0.1981610655784607,0.3485826253890991,0.008385676890611649
C3,1779,1,0.7307678461074829,0.8113689720630646,0.7710684090852737,0.008313041180372238
C3,1780,1,0.3081066608428955,0.4996377229690552,0.40387219190597534,0.00612462405115366
C3,1781,1,0.296334445476532,0.523356020450592,0.409845232963562,0.02021563984453678
C3,1782,1,0.5718486309051514,0.6569739282131195,0.6144112795591354,0.00660860538482666
C3,1783,1,0.6134852766990662,0.5738117098808289,0.5936484932899475,0.006108914967626333
C3,1784,1,0.5112388134002686,0.6410661041736603,0.5761524587869644,0.00720699317753315
C3,1785,1,0.5799261331558228,0.488239586353302,0.5340828597545624,0.01707231067121029
C3,1786,1,0.9119275286793709,0.5140752792358398,0.7130014039576054,0.01960116997361183
C3,1787,1,0.8690668493509293,0.7792525887489319,0.8241597190499306,0.007869957946240902
C3,1788,1,0.8690668493509293,0.7367008924484253,0.8028838708996773,0.009085333906114101
C3,1789,1,0.8921385854482651,0.6605947017669678,0.7763666436076164,0.021952737122774124
C3,1790,1,0.8921351134777069,0.6006429195404053,0.7463890165090561,0.00974960159510374
C3,1791,1,0.5320905148983002,0.8997669517993927,0.7159287333488464,0.033355653285980225
C3,1792,1,0.6292487382888794,0.7805880159139633,0.7049183771014214,0.029396092519164085
C3,1793,1,0.7577111721038818,0.8594173341989517,0.8085642531514168,0.019446467980742455
C3,1794,1,0.8704043030738831,0.6076947748661041,0.7390495389699936,0.024541134014725685
C3,1795,1,0.5075296461582184,0.8221157789230347,0.6648227125406265,0.04311005026102066
C3,1796,1,0.5215349495410919,0.9477170445024967,0.7346259970217943,0.02268069051206112
C3,1797,1,0.7395018041133881,0.6730934083461761,0.7062976062297821,0.016880756244063377
C3,1798,1,0.7395018041133881,0.6730934083461761,0.7062976062297821,0.02308589778840542
C3,1799,1,0.45574164390563965,0.6619267761707306,0.5588342100381851,0.022328989580273628
C3,1800,1,0.7720510959625244,0.6323847472667694,0.7022179216146469,0.04022398963570595
C3,1801,1,0.7720510959625244,0.5271930992603302,0.6496220976114273,0.030648717656731606
C3,1802,1,0.7531048655509949,0.5653598010540009,0.6592323333024979,0.043135691434144974
C3,1803,1,0.814403310418129,0.5653598010540009,0.6898815557360649,0.04269665479660034
C3,1804,1,0.8111339658498764,0.5653598010540009,0.6882468834519386,0.04258405417203903
C3,1805,1,0.8452409356832504,0.7252632975578308,0.7852521166205406,0.04258405417203903
C3,1806,1,0.9426694884896278,0.6473581790924072,0.7950138337910175,0.02127842977643013
C3,1807,1,0.8401150405406952,0.18915987014770508,0.5146374553442001,0.025614943355321884
C3,1808,1,0.7870863229036331,0.3248722553253174,0.5559792891144753,0.021717431023716927
C3,1809,1,0.8783283233642578,0.2826361060142517,0.5804822146892548,0.01793104223906994
C3,1810,1,0.834579735994339,0.2826361060142517,0.5586079210042953,0.01793104223906994
C3,1811,1,0.7272157371044159,0.5438196659088135,0.6355177015066147,0.03304089978337288
C3,1812,1,0.858704149723053,0.6203562021255493,0.7395301759243011,0.029944995418190956
C3,1813,1,0.9312698394060135,0.611536979675293,0.7714034095406532,0.033163025975227356
C3,1814,1,0.9116792306303978,0.43748390674591064,0.6745815686881542,0.015003664419054985
C3,1815,1,0.8928574249148369,0.3673860430717468,0.6301217339932919,0.008627355098724365
C3,1816,1,0.9667257070541382,0.7087765038013458,0.837751105427742,0.008363110944628716
C3,1817,1,0.928436815738678,0.7859341204166412,0.8571854680776596,0.010150907561182976
C3,1818,1,0.7852139621973038,0.7147881090641022,0.750001035630703,0.017916884273290634
C3,1819,1,0.9834960736334324,0.7538415342569351,0.8686688039451838,0.015755873173475266
C3,1820,1,0.8309335112571716,0.3827018737792969,0.6068176925182343,0.020914249122142792
C3,1821,1,0.8227216601371765,0.3156103491783142,0.5691660046577454,0.029074707999825478
C3,1822,1,0.5601819753646851,0.3156103491783142,0.43789616227149963,0.029074707999825478
C3,1823,1,0.5086614191532135,0.3156103491783142,0.41213588416576385,0.024282243102788925
C3,1824,1,0.6503663957118988,0.24557536840438843,0.4479708820581436,0.02298896759748459
C3,1825,1,0.6084196269512177,0.37808293104171753,0.4932512789964676,0.01094027329236269
C3,1826,1,0.3867940902709961,0.5717412233352661,0.4792676568031311,0.020153576508164406
C3,1827,1,0.8210972845554352,0.4956730008125305,0.6583851426839828,0.011264904402196407
C3,1828,1,0.8210972845554352,0.4956730008125305,0.6583851426839828,0.011434352025389671
C3,1829,1,0.7608543336391449,0.4956730008125305,0.6282636672258377,0.014128794893622398
C3,1830,1,0.5202773809432983,0.5878481566905975,0.5540627688169479,0.013550608418881893
C3,1831,1,0.5202773809432983,0.5878481566905975,0.5540627688169479,0.011913079768419266
C3,1832,1,0.8153638541698456,0.2819700241088867,0.5486669391393661,0.011078860610723495
C3,1833,1,0.8153638541698456,0.2702212333679199,0.5427925437688828,0.01364209409803152
C3,1834,1,0.6153156757354736,0.44326251745224,0.5292890965938568,0.03777525946497917
C3,1835,1,0.7471177875995636,0.5523615777492523,0.649739682674408,0.02250378578901291
C3,1836,1,0.7471177875995636,0.5523615777492523,0.649739682674408,0.013195008970797062
C3,1837,1,0.7471177875995636,0.3835564851760864,0.565337136387825,0.02281314693391323
C3,1838,1,0.777314767241478,0.4154086112976074,0.5963616892695427,0.01674213446676731
C3,1839,1,0.5485938787460327,0.6939795613288879,0.6212867200374603,0.01581987552344799
C3,1840,1,0.8235765546560287,0.5858003497123718,0.7046884521842003,0.01980009116232395
C3,1841,1,0.8927461132407188,0.47491687536239624,0.6838314943015575,0.017216399312019348
C3,1842,1,0.8927461132407188,0.47491687536239624,0.6838314943015575,0.04078689590096474
C3,1843,1,0.8259917497634888,0.6418631374835968,0.7339274436235428,0.03972620517015457
C3,1844,1,0.7188477516174316,0.7653415948152542,0.7420946732163429,0.04353129863739014
C3,1845,1,0.6720079183578491,0.7665441036224365,0.7192760109901428,0.005195789970457554
C3,1846,1,0.7581121772527695,0.7627032250165939,0.7604077011346817,0.011012672446668148
C3,1847,1,0.7581121772527695,0.5898242294788361,0.6739682033658028,0.01076674833893776
C3,1848,1,0.6229998171329498,0.5898242294788361,0.6064120233058929,0.01076674833893776
C3,1849,1,0.5986975431442261,0.7191489636898041,0.6589232534170151,0.01076674833893776
C3,1850,1,0.6958949267864227,0.8288074284791946,0.7623511776328087,0.003600544761866331
C3,1851,1,0.7278251945972443,0.61663818359375,0.6722316890954971,0.008305693976581097
C3,1852,1,0.6931664943695068,0.45749038457870483,0.5753284394741058,0.007401350885629654
C3,1853,1,0.6931664943695068,0.45749038457870483,0.5753284394741058,0.018018504604697227
C3,1854,1,0.6109733581542969,0.4930264949798584,0.5519999265670776,0.009690960869193077
C3,1855,1,0.7049035727977753,0.5211305618286133,0.6130170673131943,0.009254594333469868
C3,1856,1,0.6387031972408295,0.6759852170944214,0.6573442071676254,0.012867308221757412
C3,1857,1,0.5150685608386993,0.6605469882488251,0.5878077745437622,0.012986574321985245
C3,1858,1,0.49604302644729614,0.6376718580722809,0.5668574422597885,0.012986574321985245
C3,1859,1,0.7117824256420135,0.591828852891922,0.6518056392669678,0.010162772610783577
C3,1860,1,0.7254616916179657,0.36754870414733887,0.5465051978826523,0.014673000201582909
C3,1861,1,0.43993932008743286,0.7193331718444824,0.5796362459659576,0.008262031711637974
C3,1862,1,0.4763246774673462,0.7193331718444824,0.5978289246559143,0.007992363534867764
C3,1863,1,0.4763246774673462,0.7193331718444824,0.5978289246559143,0.00891932100057602
C3,1864,1,0.613215446472168,0.5831541419029236,0.5981847941875458,0.005225065629929304
C3,1865,1,0.6020552814006805,0.6851580142974854,0.643606647849083,0.004407419823110104
C3,1866,1,0.5459795594215393,0.712555855512619,0.6292677074670792,0.004661780782043934
C3,1867,1,0.657644510269165,0.6257618963718414,0.6417032033205032,0.0014731179689988494
C3,1868,1,0.657644510269165,0.6257618963718414,0.6417032033205032,0.0014731179689988494
C3,1869,1,0.6426413953304291,0.6257618963718414,0.6342016458511353,0.007088399026542902
C3,1870,1,0.7490931749343872,0.6257618963718414,0.6874275356531143,0.007088399026542902
C3,1871,1,0.7463067173957825,0.6173115074634552,0.6818091124296188,0.005657077766954899
C3,1872,1,0.6722554564476013,0.18877911567687988,0.4305172860622406,0.007479238789528608
C3,1873,1,0.7044057846069336,0.18877911567687988,0.44659245014190674,0.017746420577168465
C3,1874,1,0.7044057846069336,0.18877911567687988,0.44659245014190674,0.020880568772554398
C3,1875,1,0.6818885207176208,0.20226407051086426,0.44207629561424255,0.020880568772554398
C3,1876,1,0.6347732543945312,0.32651853561401367,0.48064589500427246,0.005980500020086765
C3,1877,1,0.5749004185199738,0.41090649366378784,0.4929034560918808,0.003815853502601385
C3,1878,1,0.5749004185199738,0.3870772123336792,0.4809888154268265,0.005076461937278509
C3,1879,1,0.7543282359838486,0.6855393946170807,0.7199338153004646,0.014219244010746479
C3,1880,1,0.8006466329097748,0.6855393946170807,0.7430930137634277,0.02277330309152603
C3,1881,1,0.6293757557868958,0.2706841826438904,0.45002996921539307,0.008780606091022491
C3,1882,1,0.7021430730819702,0.28951478004455566,0.49582892656326294,0.00940654519945383
C3,1883,1,0.7021430730819702,0.3476356267929077,0.524889349937439,0.0355924554169178
C3,1884,1,0.6407720148563385,0.3476356267929077,0.4942038208246231,0.029209071770310402
C3,1885,1,0.5900907814502716,0.31477195024490356,0.4524313658475876,0.006931846495717764
C3,1886,1,0.5186300575733185,0.6746357977390289,0.5966329276561737,0.03591678664088249
C3,1887,1,0.43508923053741455,0.19550836086273193,0.31529879570007324,0.022735754027962685
C3,1888,1,0.45604872703552246,0.19550836086273193,0.3257785439491272,0.022735754027962685
C3,1889,1,0.6794266700744629,0.19550836086273193,0.4374675154685974,0.0069805230014026165
C3,1890,1,0.7641691267490387,0.2866547107696533,0.525411918759346,0.01702561043202877
C3,1891,1,0.7035158276557922,0.32256239652633667,0.5130391120910645,0.033941831439733505
C3,1892,1,0.7026489973068237,0.32256239652633667,0.5126056969165802,0.03490607440471649
C3,1893,1,0.5988946557044983,0.32256239652633667,0.4607285261154175,0.03490607440471649
C3,1894,1,0.7184616923332214,0.32256239652633667,0.520512044429779,0.03661811724305153
C3,1895,1,0.7368802428245544,0.34591227769851685,0.5413962602615356,0.035773616284132004
C3,1896,1,0.5687534511089325,0.6847795248031616,0.6267664879560471,0.028001608327031136
C3,1897,1,0.6887958645820618,0.742827981710434,0.7158119231462479,0.04916501045227051
C3,1898,1,0.6887958645820618,0.742827981710434,0.7158119231462479,0.046690575778484344
C3,1899,1,0.721554160118103,0.7894227802753448,0.7554884701967239,0.01464754156768322
C3,1900,1,0.721554160118103,0.6809931397438049,0.701273649930954,0.01024814322590828
C3,1901,1,0.5318645536899567,0.5657570660114288,0.5488108098506927,0.03238563984632492
C3,1902,1,0.6800430119037628,0.6877804100513458,0.6839117109775543,0.07902859896421432
C3,1903,1,0.6601585745811462,0.6265844404697418,0.643371507525444,0.07902859896421432
C3,1904,1,0.5952116847038269,0.670849621295929,0.6330306529998779,0.04799697920680046
C3,1905,1,0.5580306649208069,0.47399723529815674,0.5160139501094818,0.04799697920680046
C3,1906,1,0.4869990944862366,0.6252329051494598,0.5561159998178482,0.07073334604501724
C3,1907,1,0.5123435854911804,0.5771730244159698,0.5447583049535751,0.0518353171646595
C3,1908,1,0.5123435854911804,0.5771730244159698,0.5447583049535751,0.0441269688308239
C3,1909,1,0.5112484991550446,0.5771730244159698,0.5442107617855072,0.0441269688308239
C3,1910,1,0.45333534479141235,0.4021969437599182,0.4277661442756653,0.04906589165329933
C3,1911,1,0.6223678290843964,0.5415348708629608,0.5819513499736786,0.02614145539700985
C3,1912,1,0.45892542600631714,0.5967519879341125,0.5278387069702148,0.03173089772462845
C3,1913,1,0.45892542600631714,0.5967519879341125,0.5278387069702148,0.03173089772462845
C3,1914,1,0.39671003818511963,0.5967519879341125,0.4967310130596161,0.03173089772462845
C3,1915,1,0.2962504029273987,0.5967519879341125,0.4465011954307556,0.03173089772462845
C3,1916,1,0.3696455955505371,0.46032142639160156,0.41498351097106934,0.011187679134309292
C3,1917,1,0.544867753982544,0.4876071810722351,0.5162374675273895,0.013394291512668133
C3,1918,1,0.548080176115036,0.4713473916053772,0.5097137838602066,0.013394291512668133
C3,1919,1,0.5391555428504944,0.6023462414741516,0.570750892162323,0.009831025265157223
C3,1920,1,0.4112638831138611,0.3454473614692688,0.37835562229156494,0.010205884464085102
C3,1921,1,0.44660019874572754,0.5278408527374268,0.48722052574157715,0.012633017264306545
C3,1922,1,0.44660019874572754,0.5278408527374268,0.48722052574157715,0.012633017264306545
C3,1923,1,0.44660019874572754,0.35554707050323486,0.4010736346244812,0.00665758503600955
C3,1924,1,0.36289262771606445,0.27816545963287354,0.320529043674469,0.006140818353742361
C3,1925,1,0.5320025980472565,0.5278408527374268,0.5299217253923416,0.010312022641301155
C3,1926,1,0.4729950428009033,0.4327436685562134,0.45286935567855835,0.0072806216776371
C3,1927,1,0.37492138147354126,0.2890690565109253,0.3319952189922333,0.016744671389460564
C3,1928,1,0.37492138147354126,0.2890690565109253,0.3319952189922333,0.010766920633614063
C3,1929,1,0.3654360771179199,0.29352444410324097,0.32948026061058044,0.01080928836017847
C3,1930,1,0.40719157457351685,0.27990180253982544,0.34354668855667114,0.02027880772948265
C3,1931,1,0.6409835815429688,0.5548774898052216,0.5979305356740952,0.016274360939860344
C3,1932,1,0.7066998481750488,0.598701000213623,0.6527004241943359,0.016102276742458344
C3,1933,1,0.6738924980163574,0.5963345170021057,0.6351135075092316,0.01530136726796627
C3,1934,1,0.6459799706935883,0.42737650871276855,0.5366782397031784,0.010006643831729889
C3,1935,1,0.5084425806999207,0.4905434250831604,0.4994930028915405,0.011796176433563232
C3,1936,1,0.4437107443809509,0.4583490490913391,0.451029896736145,0.006967165973037481
C3,1937,1,0.311651349067688,0.2575545310974121,0.28460294008255005,0.012362820096313953
C3,1938,1,0.43661749362945557,0.6616588532924652,0.5491381734609604,0.016913151368498802
C3,1939,1,0.1273033618927002,0.5489959716796875,0.33814966678619385,0.021217823028564453
C3,1940,1,0.1545546054840088,0.6379167437553406,0.3962356746196747,0.014693200588226318
C3,1941,1,0.2925868034362793,0.5088339149951935,0.4007103592157364,0.02984021231532097
C3,1942,1,0.2573256492614746,0.8340364247560501,0.5456810370087624,0.03540986776351929
C3,1943,1,0.47139936685562134,0.5368970036506653,0.5041481852531433,0.01991693116724491
C3,1944,1,0.2779886722564697,0.6859979927539825,0.48199333250522614,0.019392989575862885
C3,1945,1,0.2250521183013916,0.42459535598754883,0.3248237371444702,0.024884821847081184
C3,1946,1,0.24097132682800293,0.41229426860809326,0.3266327977180481,0.029174715280532837
C3,1947,1,0.5024691522121429,0.8255433440208435,0.6640062481164932,0.03910961002111435
C3,1948,1,0.5673101544380188,0.449501633644104,0.5084058940410614,0.024797329679131508
C3,1949,1,0.34649020433425903,0.36473339796066284,0.35561180114746094,0.024298904463648796
C3,1950,1,0.6213426887989044,0.6524886190891266,0.6369156539440155,0.02131902612745762
C3,1951,1,0.6065061986446381,0.6285238862037659,0.617515042424202,0.010033349506556988
C3,1952,1,0.4689912796020508,0.5479523837566376,0.5084718316793442,0.0317726768553257
C3,1953,1,0.31892240047454834,0.8746214210987091,0.5967719107866287,0.011253003031015396
C3,1954,1,0.28553974628448486,0.7944594323635101,0.5399995893239975,0.019695675000548363
C3,1955,1,0.638213187456131,0.6606642007827759,0.6494386941194534,0.01750076562166214
C3,1956,1,0.5642749667167664,0.5680088400840759,0.5661419034004211,0.011270726099610329
C3,1957,1,0.49977415800094604,0.6823628544807434,0.5910685062408447,0.02676217071712017
C3,1958,1,0.4599835276603699,0.7084181606769562,0.584200844168663,0.013561908155679703
C3,1959,1,0.5536523759365082,0.24610310792922974,0.39987774193286896,0.008722356520593166
C3,1960,1,0.7300336360931396,0.3656958341598511,0.5478647351264954,0.006878977175801992
C3,1961,1,0.3841930627822876,0.6332718729972839,0.5087324678897858,0.014082892797887325
C3,1962,1,0.3571162223815918,0.7702127397060394,0.5636644810438156,0.01622661203145981
C3,1963,1,0.2339472770690918,0.725095123052597,0.4795212000608444,0.007108934223651886
C3,1964,1,0.6251263916492462,0.6182473599910736,0.6216868758201599,0.009448688477277756
C3,1965,1,0.4891083240509033,0.7794551253318787,0.634281724691391,0.01412838976830244
C3,1966,1,0.727068692445755,0.7887953817844391,0.757932037115097,0.005475261714309454
C3,1967,1,0.404854416847229,0.9101212993264198,0.6574878580868244,0.016892852261662483
C3,1968,1,0.44265294075012207,0.7380303144454956,0.5903416275978088,0.01875597983598709
C3,1969,1,0.1189998984336853,0.5270739495754242,0.32303692400455475,0.0505102165043354
C3,1970,1,0.42975324392318726,0.575668066740036,0.5027106553316116,0.029540833085775375
C3,1971,1,0.21264421939849854,0.7608066648244858,0.48672544211149216,0.026366710662841797
C3,1972,1,0.41171061992645264,0.45172518491744995,0.4317179024219513,0.016340242698788643
C3,1973,1,0.5916161239147186,0.39024507999420166,0.49093060195446014,0.03596394136548042
C3,1974,1,0.7547882348299026,0.4416332244873047,0.5982107296586037,0.01219975110143423
C3,1975,1,0.5838843882083893,0.5321394801139832,0.5580119341611862,0.05903695896267891
C3,1976,1,0.7052879631519318,0.6177321374416351,0.6615100502967834,0.036878012120723724
C3,1977,1,0.4394381642341614,0.8330112844705582,0.6362247243523598,0.03588695824146271
C3,1978,1,0.5136138200759888,0.9027603417634964,0.7081870809197426,0.006974001880735159
C3,1979,1,0.6759881377220154,0.8641606271266937,0.7700743824243546,0.018838848918676376
C3,1980,1,0.4353824257850647,0.8883238360285759,0.6618531309068203,0.007079926785081625
C3,1981,1,0.7077180743217468,0.8883238360285759,0.7980209551751614,0.0276627354323864
C3,1982,1,0.8402224630117416,0.8883238360285759,0.8642731495201588,0.02206895314157009
C3,1983,1,0.8402224630117416,0.8869337663054466,0.8635781146585941,0.018570560961961746
C3,1984,1,0.8377181440591812,0.8869337663054466,0.8623259551823139,0.019506128504872322
C3,1985,1,0.7899835258722305,0.8756190985441208,0.8328013122081757,0.06908704340457916
C3,1986,1,0.38243287801742554,0.8559262603521347,0.6191795691847801,0.021352794021368027
C3,1987,1,0.4962804913520813,0.8389393836259842,0.6676099374890327,0.03124624863266945
C3,1988,1,0.5262572765350342,0.9020721837878227,0.7141647301614285,0.037283457815647125
C3,1989,1,0.8772993311285973,0.93898781016469,0.9081435706466436,0.04728465527296066
C3,1990,1,0.7754901796579361,0.6974174678325653,0.7364538237452507,0.13754083216190338
C3,1991,1,0.4983200430870056,0.8661025315523148,0.6822112873196602,0.026297274976968765
C3,1992,1,0.6074538230895996,0.9273070693016052,0.7673804461956024,0.03932575508952141
C3,1993,1,0.8309145569801331,0.76822230219841,0.7995684295892715,0.027563251554965973
C3,1994,1,0.7350447475910187,0.9011195451021194,0.8180821463465691,0.017959916964173317
C3,1995,1,0.5113044381141663,0.7125519514083862,0.6119281947612762,0.048524919897317886
C3,1996,1,0.6342301666736603,0.9049511328339577,0.769590649753809,0.06614809483289719
C3,1997,1,0.7141966223716736,0.8977411314845085,0.805968876928091,0.1644352227449417
C3,1998,1,0.7315578162670135,0.5136304497718811,0.6225941330194473,0.044186897575855255
C3,1999,1,0.5383493304252625,0.8098662495613098,0.6741077899932861,0.08352191001176834
C3,2000,1,0.5383493304252625,0.8244785815477371,0.6814139559864998,0.06224987655878067
C3,2001,1,0.5356938540935516,0.39394164085388184,0.46481774747371674,0.012996741570532322
C3,2002,1,0.5431025326251984,0.5003045201301575,0.5217035263776779,0.01480314414948225
C3,2003,1,0.4398132562637329,0.3283776044845581,0.3840954303741455,0.033792272210121155
C3,2004,1,0.4246298670768738,0.3780858516693115,0.40135785937309265,0.021148938685655594
C3,2005,1,0.25577545166015625,0.5818199515342712,0.41879770159721375,0.04121112823486328
C3,2006,1,0.5832866430282593,0.4931636452674866,0.5382251441478729,0.04446549713611603
C3,2007,1,0.5262165069580078,0.5893023610115051,0.5577594339847565,0.12328837066888809
C3,2008,1,0.43707484006881714,0.5208839476108551,0.4789793938398361,0.048009391874074936
C3,2009,1,0.7089304029941559,0.5353023707866669,0.6221163868904114,0.03787047043442726
C3,2010,1,0.5912525355815887,0.2476879358291626,0.41947023570537567,0.09347180277109146
C3,2011,1,0.5059705674648285,0.32803261280059814,0.4170015901327133,0.09033088386058807
C3,2012,1,0.6706464290618896,0.6800839006900787,0.6753651648759842,0.09750203788280487
C3,2013,1,0.5146942436695099,0.42365360260009766,0.46917392313480377,0.07864832878112793
C3,2014,1,0.5146942436695099,0.6685344278812408,0.5916143357753754,0.07167129218578339
C3,2015,1,0.4686998128890991,0.8965993374586105,0.6826495751738548,0.055779289454221725
C3,2016,1,0.8552569150924683,0.6899798810482025,0.7726183980703354,0.04751824215054512
C3,2017,1,0.8818759620189667,0.8457011133432388,0.8637885376811028,0.025285042822360992
C3,2018,1,0.7487608194351196,0.6179336309432983,0.683347225189209,0.08893689513206482
C3,2019,1,0.8618312478065491,0.8928176239132881,0.8773244358599186,0.08893689513206482
C3,2020,1,0.41095346212387085,0.6866927742958069,0.5488231182098389,0.14044713973999023
C3,2021,1,0.45666444301605225,0.8071361035108566,0.6319002732634544,0.03111025132238865
C3,2022,1,0.8328901678323746,0.7963295727968216,0.8146098703145981,0.04920363798737526
C3,2023,1,0.865364745259285,0.778451681137085,0.821908213198185,0.060424886643886566
C3,2024,1,0.6235398054122925,0.4749422073364258,0.5492410063743591,0.02647164836525917
C3,2025,1,0.6439259350299835,0.7554702162742615,0.6996980756521225,0.0450626015663147
C3,2026,1,0.532013475894928,0.912330761551857,0.7221721187233925,0.06706617027521133
C3,2027,1,0.5348960161209106,0.7236230075359344,0.6292595118284225,0.02772819623351097
C3,2028,1,0.3971308469772339,0.524954617023468,0.46104273200035095,0.09042663127183914
C3,2029,1,0.3412001132965088,0.3891206979751587,0.36516040563583374,0.07012035697698593
C3,2030,1,0.2535848021507263,0.7011474668979645,0.4773661345243454,0.23848964273929596
C3,2031,1,0.38766050338745117,0.5894187092781067,0.48853960633277893,0.06204884871840477
C3,2032,1,0.24660664796829224,0.8863991722464561,0.5665029101073742,0.06594682484865189
C3,2033,1,0.25191622972488403,0.4785770773887634,0.36524665355682373,0.05213889852166176
C3,2034,1,0.8022784292697906,0.8021718561649323,0.8022251427173615,0.03806724399328232
C3,2035,1,0.4938899874687195,0.6261907815933228,0.5600403845310211,0.06824704259634018
C3,2036,1,0.5077493786811829,0.3858816623687744,0.44681552052497864,0.032549090683460236
C3,2037,1,0.8431879281997681,0.7500254213809967,0.7966066747903824,0.021364133805036545
C3,2038,1,0.4655795693397522,0.7953433990478516,0.6304614841938019,0.05051492154598236
C3,2039,1,0.799553632736206,0.3664742708206177,0.5830139517784119,0.058970000594854355
C3,2040,1,0.7001112103462219,0.5147844552993774,0.6074478328227997,0.04941665753722191
C3,2041,1,0.39153093099594116,0.18754851818084717,0.28953972458839417,0.013793230056762695
C3,2042,1,0.5110893845558167,0.36461687088012695,0.4378531277179718,0.019245570525527
C3,2043,1,0.676303893327713,0.1988813281059265,0.43759261071681976,0.0656220018863678
C3,2044,1,0.45784246921539307,0.35785603523254395,0.4078492522239685,0.027715079486370087
C3,2045,1,0.2914279103279114,0.4667056202888489,0.3790667653083801,0.0158813688904047
C3,2046,1,0.5182296633720398,0.25071609020233154,0.38447287678718567,0.03541227802634239
C3,2047,1,0.454437792301178,0.4787338972091675,0.46658584475517273,0.02024978958070278
C3,2048,1,0.659906268119812,0.5306509435176849,0.5952786058187485,0.06750433892011642
C3,2049,1,0.7807103097438812,0.6494121551513672,0.7150612324476242,0.05641086399555206
C3,2050,1,0.5725247263908386,0.3646313548088074,0.468578040599823,0.07196520268917084
C3,2051,1,0.7829041928052902,0.4368155002593994,0.6098598465323448,0.057527173310518265
C3,2052,1,0.5136930048465729,0.3076503276824951,0.410671666264534,0.01888139173388481
C3,2053,1,0.5695433616638184,0.5118353366851807,0.5406893491744995,0.04300631582736969
C3,2054,1,0.7296680808067322,0.5149712562561035,0.6223196685314178,0.07135710120201111
C3,2055,1,0.8570480644702911,0.2877492308616638,0.5723986476659775,0.08525051176548004
C3,2056,1,0.6776511669158936,0.39302122592926025,0.5353361964225769,0.028446046635508537
C3,2057,1,0.8216204047203064,0.7083173096179962,0.7649688571691513,0.03607627749443054
C3,2058,1,0.820829451084137,0.40456968545913696,0.612699568271637,0.09185044467449188
C3,2059,1,0.6520732045173645,0.3416282534599304,0.49685072898864746,0.07405261695384979
C3,2060,1,0.8582232445478439,0.3748509883880615,0.6165371164679527,0.03179500624537468
C3,2061,1,0.4143599271774292,0.30549800395965576,0.3599289655685425,0.03505629673600197
C3,2062,1,0.7620289027690887,0.6423600614070892,0.702194482088089,0.031870462000370026
C3,2063,1,0.5431456565856934,0.495652437210083,0.5193990468978882,0.028202993795275688
C3,2064,1,0.5223682522773743,0.5478983521461487,0.5351333022117615,0.01937302201986313
C3,2065,1,0.6718445122241974,0.684827595949173,0.6783360540866852,0.01198462676256895
C3,2066,1,0.6709963381290436,0.6772575974464417,0.6741269677877426,0.029825884848833084
C3,2067,1,0.6205410957336426,0.7672993242740631,0.6939202100038528,0.004085475113242865
C3,2068,1,0.6211791336536407,0.4411941170692444,0.5311866253614426,0.017455359920859337
C3,2069,1,0.5319192409515381,0.6837757527828217,0.6078474968671799,0.008946079760789871
C3,2070,1,0.8105725049972534,0.5857699811458588,0.6981712430715561,0.058281827718019485
C3,2071,1,0.8192565739154816,0.3998047709465027,0.6095306724309921,0.022345589473843575
C3,2072,1,0.6822634339332581,0.629989892244339,0.6561266630887985,0.018718155100941658
C3,2073,1,0.33046072721481323,0.16775184869766235,0.2491062879562378,0.03268488869071007
C3,2074,1,0.7998920232057571,0.4608520269393921,0.6303720250725746,0.012671892531216145
C3,2075,1,0.21994930505752563,0.33644556999206543,0.27819743752479553,0.015434904024004936
C3,2076,1,0.4719887375831604,0.48338204622268677,0.4776853919029236,0.008522387593984604
C3,2077,1,0.4433790445327759,0.5341200232505798,0.48874953389167786,0.016069650650024414
C3,2078,1,0.21870911121368408,0.4779554605484009,0.3483322858810425,0.041397564113140106
C3,2079,1,0.04593181610107422,0.38539451360702515,0.21566316485404968,0.026625381782650948
C3,2080,1,0.28322726488113403,0.48035234212875366,0.38178980350494385,0.040854066610336304
C3,2081,1,0.5614474713802338,0.0977906584739685,0.32961906492710114,0.012915869243443012
C3,2082,1,0.2546636462211609,0.20883196592330933,0.2317478060722351,0.007638199720531702
C3,2083,1,0.11259698867797852,0.45186662673950195,0.28223180770874023,0.021150358021259308
C3,2084,1,0.3149937391281128,0.5297003984451294,0.4223470687866211,0.029022211208939552
C3,2085,1,0.2524436116218567,0.1382685899734497,0.1953561007976532,0.026862356811761856
C3,2086,1,0.20637595653533936,0.1717315912246704,0.18905377388000488,0.0183977410197258
C3,2087,1,0.16936355829238892,0.4022734761238098,0.28581851720809937,0.024816051125526428
C3,2088,1,0.3790892958641052,0.799110472202301,0.5890998840332031,0.03690169379115105
C3,2089,1,0.5795633792877197,0.6655917763710022,0.622577577829361,0.050121162086725235
C3,2090,1,0.6764692962169647,0.2647134065628052,0.47059135138988495,0.019578710198402405
C3,2091,1,0.17833387851715088,0.42837005853652954,0.3033519685268402,0.022692205384373665
C3,2092,1,0.0374983549118042,0.1663786768913269,0.10193851590156555,0.04659906402230263
C3,2093,1,0.19733327627182007,0.23041486740112305,0.21387407183647156,0.021797312423586845
C3,2094,1,0.22557419538497925,0.31966882944107056,0.2726215124130249,0.017613083124160767
C3,2095,1,0.3184623718261719,0.2796199321746826,0.29904115200042725,0.05172932520508766
C3,2096,1,0.4323568344116211,0.26265889406204224,0.34750786423683167,0.05975531414151192
C3,2097,1,0.2667809724807739,0.49177849292755127,0.3792797327041626,0.04409511387348175
C3,2098,1,0.24581259489059448,0.44520992040634155,0.345511257648468,0.05230632424354553
C3,2099,1,0.18053686618804932,0.22561758756637573,0.20307722687721252,0.05150362849235535
C3,2100,1,0.12741446495056152,0.1192207932472229,0.12331762909889221,0.05720909312367439
C3,2101,1,0.059912681579589844,0.24489784240722656,0.1524052619934082,0.0384846031665802
C3,2102,1,0.04133176803588867,0.37704622745513916,0.20918899774551392,0.0384846031665802
C3,2103,1,0.037330031394958496,0.3880041837692261,0.21266710758209229,0.04132356494665146
C3,2104,1,0.7107453048229218,0.14672428369522095,0.42873479425907135,0.04136720672249794
C3,2105,1,0.6245700418949127,0.19918286800384521,0.41187645494937897,0.06750191003084183
C3,2106,1,0.8184138685464859,0.29484957456588745,0.5566317215561867,0.1009766235947609
C3,2107,1,0.6490991115570068,0.24703311920166016,0.4480661153793335,0.031705912202596664
C3,2108,1,0.27587890625,0.32939451932907104,0.3026367127895355,0.05561603978276253
C3,2109,1,0.2832288146018982,0.3165116310119629,0.29987022280693054,0.06223338469862938
C3,2110,1,0.32135099172592163,0.43116992712020874,0.3762604594230652,0.08042600750923157
C3,2111,1,0.37426698207855225,0.1821666955947876,0.2782168388366699,0.06995096057653427
C3,2112,1,0.280914843082428,0.2304602861404419,0.25568756461143494,0.06602686643600464
C3,2113,1,0.40978044271469116,0.356622576713562,0.3832015097141266,0.09048586338758469
C3,2114,1,0.29282957315444946,0.4967520833015442,0.3947908282279968,0.19245558977127075
C3,2115,1,0.12292909622192383,0.187985360622406,0.15545722842216492,0.16840937733650208
C3,2116,1,0.25715214014053345,0.26595377922058105,0.26155295968055725,0.1258980631828308
C3,2117,1,0.46490204334259033,0.24964678287506104,0.3572744131088257,0.16621501743793488
C3,2118,1,0.18117886781692505,0.11702132225036621,0.14910009503364563,0.06608131527900696
C3,2119,1,0.3208063840866089,0.395874559879303,0.35834047198295593,0.041796259582042694
C3,2120,1,0.17809653282165527,0.335030734539032,0.25656363368034363,0.08782707154750824
C3,2121,1,0.8329190760850906,0.49229079484939575,0.6626049354672432,0.07532140612602234
C3,2122,1,0.6721465587615967,0.6982550919055939,0.6852008253335953,0.06393897533416748
C3,2123,1,0.5242887735366821,0.4067913293838501,0.4655400514602661,0.05277671292424202
C3,2124,1,0.7006500661373138,0.8308594822883606,0.7657547742128372,0.1011667549610138
C3,2125,1,0.32026761770248413,0.851184070110321,0.5857258439064026,0.06540369987487793
C3,2126,1,0.606834352016449,0.8292029500007629,0.718018651008606,0.04932345822453499
C3,2127,1,0.3997655510902405,0.6356633603572845,0.5177144557237625,0.06534251570701599
C3,2128,1,0.6067017018795013,0.598422646522522,0.6025621742010117,0.029798105359077454
C3,2129,1,0.6067017018795013,0.598422646522522,0.6025621742010117,0.029798105359077454
C3,2130,1,0.8579075187444687,0.6079764366149902,0.7329419776797295,0.03684234991669655
C3,2131,1,0.9238699898123741,0.7426488101482391,0.8332593999803066,0.04242277890443802
C3,2132,1,0.9185044467449188,0.5756451785564423,0.7470748126506805,0.037138763815164566
C3,2133,1,0.8932037577033043,0.3902515172958374,0.6417276374995708,0.03082585148513317
C3,2134,1,0.7614080458879471,0.5461757183074951,0.6537918820977211,0.030399369075894356
C3,2135,1,0.6873535811901093,0.4559520483016968,0.571652814745903,0.031170111149549484
C3,2136,1,0.7962949573993683,0.8193650394678116,0.8078299984335899,0.04538092762231827
C3,2137,1,0.6518658399581909,0.8408902287483215,0.7463780343532562,0.056752391159534454
C3,2138,1,0.834214523434639,0.6963180303573608,0.7652662768959999,0.07752247154712677
C3,2139,1,0.42918968200683594,0.5614979267120361,0.49534380435943604,0.03392381966114044
C3,2140,1,0.8257885873317719,0.6236878931522369,0.7247382402420044,0.015694035217165947
C3,2141,1,0.7495540976524353,0.7432454824447632,0.7463997900485992,0.02400379069149494
C3,2142,1,0.7753766924142838,0.7422722280025482,0.758824460208416,0.04807234928011894
C3,2143,1,0.7255329191684723,0.4704156517982483,0.5979742854833603,0.024557188153266907
C3,2144,1,0.7192273437976837,0.587999701499939,0.6536135226488113,0.018282661214470863
C3,2145,1,0.7768509536981583,0.5969502627849579,0.6869006082415581,0.017083916813135147
C3,2146,1,0.7089468240737915,0.7605199962854385,0.734733410179615,0.031260233372449875
C3,2147,1,0.8486051559448242,0.4983053207397461,0.6734552383422852,0.031482670456171036
C3,2148,1,0.5113746821880341,0.6979745030403137,0.6046745926141739,0.05532461777329445
C3,2149,1,0.47927409410476685,0.626941591501236,0.5531078428030014,0.03302802890539169
C3,2150,1,0.628781646490097,0.3310281038284302,0.4799048751592636,0.04712991788983345
C3,2151,1,0.561217725276947,0.6539318859577179,0.6075748056173325,0.058330077677965164
C3,2152,1,0.733492523431778,0.5051522254943848,0.6193223744630814,0.04523315653204918
C3,2153,1,0.7893246710300446,0.2955564856529236,0.5424405783414841,0.06863129884004593
C3,2154,1,0.7144787609577179,0.6930902302265167,0.7037844955921173,0.07436161488294601
C3,2155,1,0.690618246793747,0.7415833175182343,0.7161007821559906,0.05563817545771599
C3,2156,1,0.6763012409210205,0.7594476193189621,0.7178744301199913,0.08616052567958832
C3,2157,1,0.7246669828891754,0.5667669773101807,0.645716980099678,0.04840392246842384
C3,2158,1,0.9305287376046181,0.5627997815608978,0.746664259582758,0.04929952695965767
C3,2159,1,0.8901055976748466,0.7587637603282928,0.8244346790015697,0.0553438737988472
C3,2160,1,0.8780832216143608,0.5028459131717682,0.6904645673930645,0.06489705294370651
C3,2161,1,0.7130728363990784,0.5471898913383484,0.6301313638687134,0.03365344926714897
C3,2162,1,0.7132635712623596,0.5441656112670898,0.6287145912647247,0.10173940658569336
C3,2163,1,0.6398100852966309,0.5337005257606506,0.5867553055286407,0.02575461007654667
C3,2164,1,0.7071499228477478,0.453612744808197,0.5803813338279724,0.01000422053039074
C3,2165,1,0.7244372963905334,0.4504488706588745,0.587443083524704,0.012336459942162037
C3,2166,1,0.6319507360458374,0.6545929610729218,0.6432718485593796,0.02111336775124073
C3,2167,1,0.6750222146511078,0.7849182933568954,0.7299702540040016,0.02413368597626686
C3,2168,1,0.6366586089134216,0.533094048500061,0.5848763287067413,0.03096625953912735
C3,2169,1,0.6264439523220062,0.5477836430072784,0.5871137976646423,0.021887850016355515
C3,2170,1,0.6178172826766968,0.5477836430072784,0.5828004628419876,0.02096487209200859
C3,2171,1,0.519712895154953,0.5477836430072784,0.5337482690811157,0.01928846910595894
C3,2172,1,0.6692832112312317,0.501288115978241,0.5852856636047363,0.02844225987792015
C3,2173,1,0.17502129077911377,0.747034341096878,0.4610278159379959,0.018909936770796776
C3,2174,1,0.7907031178474426,0.45064783096313477,0.6206754744052887,0.031691595911979675
C3,2175,1,0.8081913739442825,0.7559871822595596,0.7820892781019211,0.0707612931728363
C3,2176,1,0.7823806405067444,0.6640026569366455,0.723191648721695,0.02347923070192337
C3,2177,1,0.8877406716346741,0.4758565425872803,0.6817986071109772,0.09990472346544266
C3,2178,1,0.8096266686916351,0.30869871377944946,0.5591626912355423,0.017442084848880768
C3,2179,1,0.8577436059713364,0.1494247317314148,0.5035841688513756,0.012817502953112125
C3,2180,1,0.8884415999054909,0.17615878582000732,0.5323001928627491,0.031066009774804115
C3,2181,1,0.8440275639295578,0.17615878582000732,0.5100931748747826,0.052728306502103806
C3,2182,1,0.7842011004686356,0.6275330483913422,0.7058670744299889,0.05261997506022453
C3,2183,1,0.7604538798332214,0.21050304174423218,0.4854784607887268,0.05027851462364197
C3,2184,1,0.6902677714824677,0.6563850343227386,0.6733264029026031,0.08327262848615646
C3,2185,1,0.9413182362914085,0.26806730031967163,0.6046927683055401,0.03689311072230339
C3,2186,1,0.7157000005245209,0.5345849096775055,0.6251424551010132,0.10106954723596573
C3,2187,1,0.7530917823314667,0.7429771721363068,0.7480344772338867,0.11328592896461487
C3,2188,1,0.7798715978860855,0.7429771721363068,0.7614243850111961,0.11380719393491745
C3,2189,1,0.7629963457584381,0.46762746572494507,0.6153119057416916,0.10345655679702759
C3,2190,1,0.8841935247182846,0.40717023611068726,0.6456818804144859,0.07438219338655472
C3,2191,1,0.79945108294487,0.45849931240081787,0.6289751976728439,0.06706845015287399
C3,2192,1,0.7903599292039871,0.4196404218673706,0.6050001755356789,0.057723596692085266
C3,2193,1,0.8909627944231033,0.19459259510040283,0.5427776947617531,0.034202784299850464
C3,2194,1,0.6199937164783478,0.8053600192070007,0.7126768678426743,0.04176941514015198
C3,2195,1,0.6212274134159088,0.744545578956604,0.6828864961862564,0.028683997690677643
C3,2196,1,0.651842325925827,0.7779502868652344,0.7148963063955307,0.03336154296994209
C3,2197,1,0.5766704678535461,0.6479538381099701,0.6123121529817581,0.024973973631858826
C3,2198,1,0.8557896167039871,0.5689334273338318,0.7123615220189095,0.05001969635486603
C3,2199,1,0.9047268033027649,0.3808305263519287,0.6427786648273468,0.04205215722322464
C3,2200,1,0.6694504618644714,0.4409778118133545,0.555214136838913,0.03446716070175171
C3,2201,1,0.49820053577423096,0.913726307451725,0.705963421612978,0.04451677203178406
C3,2202,1,0.5510928332805634,0.4433549642562866,0.497223898768425,0.08417428284883499
C3,2203,1,0.7702814638614655,0.8755895867943764,0.8229355253279209,0.0501583032310009
C3,2204,1,0.8645471483469009,0.7316421568393707,0.7980946525931358,0.03867628797888756
C3,2205,1,0.683850884437561,0.8749683499336243,0.7794096171855927,0.03553205728530884
C3,2206,1,0.8918348029255867,0.5785582661628723,0.7351965345442295,0.043176110833883286
C3,2207,1,0.8148386776447296,0.6333892643451691,0.7241139709949493,0.07211039215326309
C3,2208,1,0.939257312566042,0.7089142501354218,0.8240857813507318,0.043898940086364746
C3,2209,1,0.9172532185912132,0.5582787096500397,0.7377659641206264,0.007619489450007677
C3,2210,1,0.8668036162853241,0.5893290042877197,0.7280663102865219,0.013259854167699814
C3,2211,1,0.788906067609787,0.641570121049881,0.715238094329834,0.013890121132135391
C3,2212,1,0.9132725074887276,0.6878945827484131,0.8005835451185703,0.009567388333380222
C3,2213,1,0.9305913969874382,0.5972549915313721,0.7639231942594051,0.018783964216709137
C3,2214,1,0.9664054811000824,0.7518754750490189,0.8591404780745506,0.02493623085319996
C3,2215,1,0.9061394929885864,0.5505130290985107,0.7283262610435486,0.0327896811068058
C3,2216,1,0.8996557071805,0.5853680968284607,0.7425119020044804,0.025900548323988914
C3,2217,1,0.7146948575973511,0.7297905385494232,0.7222426980733871,0.03747149556875229
C3,2218,1,0.9547270759940147,0.7737102806568146,0.8642186783254147,0.06371579319238663
C3,2219,1,0.9175996780395508,0.5666614174842834,0.7421305477619171,0.030567849054932594
C3,2220,1,0.7417057454586029,0.8511794060468674,0.7964425757527351,0.02512555569410324
C3,2221,1,0.750278040766716,0.6389986872673035,0.6946383640170097,0.037019070237874985
C3,2222,1,0.8893525823950768,0.5802927613258362,0.7348226718604565,0.041078805923461914
C3,2223,1,0.35931599140167236,0.5422590672969818,0.4507875293493271,0.014782949350774288
C3,2224,1,0.12264895439147949,0.445862352848053,0.28425565361976624,0.07861249893903732
C3,2225,1,0.46360599994659424,0.32732290029525757,0.3954644501209259,0.18205854296684265
C3,2226,1,0.2561986446380615,0.5178526341915131,0.3870256394147873,0.18496868014335632
C3,2227,1,0.8215061873197556,0.8852699249982834,0.8533880561590195,0.18160735070705414
C3,2228,1,0.42734163999557495,0.5226165950298309,0.47497911751270294,0.10321865230798721
C3,2229,1,0.45351600646972656,0.6637521982192993,0.5586341023445129,0.12789781391620636
C3,2230,1,0.5196703970432281,0.43480491638183594,0.47723765671253204,0.11983191967010498
C3,2231,1,0.5666009783744812,0.49482905864715576,0.5307150185108185,0.08955487608909607
C3,2232,1,0.7168036997318268,0.5140929520130157,0.6154483258724213,0.1589454561471939
C3,2233,1,0.754537045955658,0.7337243854999542,0.7441307157278061,0.086408831179142
C3,2234,1,0.7467797100543976,0.0654190182685852,0.4060993641614914,0.099244125187397
C3,2235,1,0.6392829418182373,0.140558123588562,0.38992053270339966,0.5223211050033569
C3,2236,1,0.6652648746967316,0.15749365091323853,0.41137926280498505,0.24688619375228882
C3,2237,1,0.37644898891448975,0.4159420132637024,0.39619550108909607,0.23431053757667542
C3,2238,1,0.40597808361053467,0.37293219566345215,0.3894551396369934,0.1275029331445694
C3,2239,1,0.30383628606796265,0.29826998710632324,0.30105313658714294,0.39444202184677124
C3,2240,1,0.2602382302284241,0.32590943574905396,0.293073832988739,0.30108121037483215
C3,2241,1,0.5288981199264526,0.5584211647510529,0.5436596423387527,0.22963522374629974
C3,2242,1,0.3686884641647339,0.2869665026664734,0.32782748341560364,0.3458510935306549
C3,2243,1,0.8072032034397125,0.46746933460235596,0.6373362690210342,0.22116196155548096
C3,2244,1,0.5152402818202972,0.5201833248138428,0.51771180331707,0.22482651472091675
C3,2245,1,0.6061989665031433,0.6036376059055328,0.6049182862043381,0.6435897350311279
C3,2246,1,0.6117395460605621,0.31917762756347656,0.46545858681201935,0.5516064763069153
C3,2247,1,0.3781580328941345,0.6747525334358215,0.526455283164978,0.7044759392738342
C3,2248,1,0.4534614086151123,0.8498845547437668,0.6516729816794395,0.16086925566196442
C3,2249,1,0.3617885708808899,0.6165966391563416,0.4891926050186157,0.7574143409729004
C3,2250,1,0.5038273632526398,0.5713940858840942,0.537610724568367,0.39448556303977966
C3,2251,1,0.465973436832428,0.8367744386196136,0.6513739377260208,0.549640953540802
C3,2252,1,0.5268771648406982,0.6613575518131256,0.5941173583269119,0.49019551277160645
C3,2253,1,0.6937933266162872,0.922996275126934,0.8083948008716106,0.5988167524337769
C3,2254,1,0.686660647392273,0.8994643092155457,0.7930624783039093,0.8180738091468811
C3,2255,1,0.5376836955547333,0.518763542175293,0.5282236188650131,0.4990297257900238
C3,2256,1,0.5467903912067413,0.590891569852829,0.5688409805297852,0.33771640062332153
C3,2257,1,0.41485559940338135,0.5179265737533569,0.46639108657836914,0.8544542193412781
C3,2258,1,0.5148610174655914,0.5976413488388062,0.5562511831521988,0.7197304964065552
C3,2259,1,0.4350687861442566,0.8844661191105843,0.6597674526274204,0.6781993508338928
C3,2260,1,0.5615309178829193,0.7960776388645172,0.6788042783737183,0.7392381429672241
C3,2261,1,0.5361807942390442,0.5396581888198853,0.5379194915294647,0.3661647140979767
C3,2262,1,0.4163685441017151,0.44335585832595825,0.42986220121383667,0.3687693178653717
C3,2263,1,0.5890036523342133,0.5036038160324097,0.5463037341833115,0.3342042565345764
C3,2264,1,0.7024542987346649,0.6002008616924286,0.6513275802135468,0.6147199869155884
C3,2265,1,0.5655637383460999,0.6342338025569916,0.5998987704515457,0.3962995111942291
C3,2266,1,0.2081911563873291,0.30681926012039185,0.2575052082538605,0.5734804272651672
C3,2267,1,0.6027390658855438,0.47265082597732544,0.5376949459314346,0.6599524617195129
C3,2268,1,0.5444803237915039,0.52558434009552,0.535032331943512,0.21767257153987885
C3,2269,1,0.26610618829727173,0.4879375696182251,0.3770218789577484,0.38956573605537415
C3,2270,1,0.3715846538543701,0.5483276844024658,0.45995616912841797,0.45835191011428833
C3,2271,1,0.6532987654209137,0.32520967721939087,0.4892542213201523,0.3758649528026581
C3,2272,1,0.2537546753883362,0.5973461866378784,0.4255504310131073,0.47667795419692993
C3,2273,1,0.6788587272167206,0.5851071178913116,0.6319829225540161,0.30856502056121826
C3,2274,1,0.39318209886550903,0.5754746198654175,0.48432835936546326,0.44392699003219604
C3,2275,1,0.2221219539642334,0.654022604227066,0.4380722790956497,0.25771501660346985
C3,2276,1,0.29388171434402466,0.6599399149417877,0.4769108146429062,0.7127280831336975
C3,2277,1,0.15745413303375244,0.591690719127655,0.37457242608070374,0.5385202169418335
C3,2278,1,0.29992443323135376,0.4427204132080078,0.3713224232196808,0.5543304085731506
C3,2279,1,0.2990037202835083,0.49893641471862793,0.3989700675010681,0.4695824086666107
C3,2280,1,0.48093104362487793,0.6604032516479492,0.5706671476364136,0.5663384199142456
C3,2281,1,0.28926724195480347,0.4507826566696167,0.3700249493122101,0.5458915829658508
C3,2282,1,0.6289935111999512,0.4446878433227539,0.5368406772613525,0.6441049575805664
C3,2283,1,0.6015788316726685,0.435405969619751,0.5184924006462097,0.576995313167572
C3,2284,1,0.4955241084098816,0.2732882499694824,0.384406179189682,0.5360195636749268
C3,2285,1,0.18049019575119019,0.38846826553344727,0.2844792306423187,0.44960707426071167
C3,2286,1,0.6766428053379059,0.2538829445838928,0.46526287496089935,0.6151474118232727
C3,2287,1,0.479037880897522,0.2120015025138855,0.34551969170570374,0.41771310567855835
C3,2288,1,0.3563973903656006,0.8120005279779434,0.584198959171772,0.40868979692459106
C3,2289,1,0.2913629412651062,0.7039880454540253,0.49767549335956573,0.49674251675605774
C3,2290,1,0.483151912689209,0.5722665786743164,0.5277092456817627,0.5939927697181702
C3,2291,1,0.46702468395233154,0.3647539019584656,0.41588929295539856,0.5983954071998596
C3,2292,1,0.3871458172798157,0.556681901216507,0.4719138592481613,0.8611583709716797
C3,2293,1,0.3947499990463257,0.8110936880111694,0.6029218435287476,0.8406385183334351
C3,2294,1,0.4488522410392761,0.8370989263057709,0.6429755836725235,0.8834829330444336
C3,2295,1,0.36493080854415894,0.5690970122814178,0.4670139104127884,0.7727595567703247
C3,2296,1,0.34504538774490356,0.7002249658107758,0.5226351767778397,0.6098032593727112
C3,2297,1,0.25675463676452637,0.875898502767086,0.5663265697658062,0.6431367993354797
C3,2298,1,0.2674635052680969,0.654726654291153,0.46109507977962494,0.6147009134292603
C3,2299,1,0.2861921787261963,0.6647890210151672,0.47549059987068176,0.6555776596069336
C3,2300,1,0.21643376350402832,0.8070588409900665,0.5117463022470474,0.783435583114624
C3,2301,1,0.3541593551635742,0.7370556592941284,0.5456075072288513,0.7237597703933716
C3,2302,1,0.21931898593902588,0.3175569176673889,0.2684379518032074,0.7581475973129272
C3,2303,1,0.3242883086204529,0.31636476516723633,0.3203265368938446,0.7889139652252197
C3,2304,1,0.2994955778121948,0.6907167434692383,0.49510616064071655,0.7556301355361938
C3,2305,1,0.2542036771774292,0.5916112959384918,0.4229074865579605,0.6053613424301147
C3,2306,1,0.4841007590293884,0.5719102025032043,0.5280054807662964,0.3296482563018799
C3,2307,1,0.18296384811401367,0.7523966878652573,0.46768026798963547,0.5362409353256226
C3,2308,1,0.3492617607116699,0.6074760258197784,0.4783688932657242,0.4738254249095917
C3,2309,1,0.6471819877624512,0.9342899397015572,0.7907359637320042,0.7802518606185913
C3,2310,1,0.4512087106704712,0.930070698261261,0.6906397044658661,0.42076510190963745
C3,2311,1,0.43191128969192505,0.7248030602931976,0.5783571749925613,0.7622406482696533
C3,2312,1,0.20094692707061768,0.7313922345638275,0.4661695808172226,0.8706486821174622
C3,2313,1,0.4549722671508789,0.7168941795825958,0.5859332233667374,0.8433996438980103
C3,2314,1,0.27602916955947876,0.7098997831344604,0.4929644763469696,0.9103896617889404
C3,2315,1,0.4369000792503357,0.8032366633415222,0.620068371295929,0.8857051134109497
C3,2316,1,0.45664912462234497,0.8861138597130775,0.6713814921677113,0.8412981033325195
C3,2317,1,0.5669174492359161,0.737954318523407,0.6524358838796616,0.8830186128616333
C3,2318,1,0.4038246273994446,0.6224431097507477,0.5131338685750961,0.7491209506988525
C3,2319,1,0.6398757994174957,0.8318371176719666,0.7358564585447311,0.9011433124542236
C3,2320,1,0.6910243332386017,0.7428120374679565,0.7169181853532791,0.8078763484954834
C3,2321,1,0.4190041422843933,0.858467310667038,0.6387357264757156,0.8338750600814819
C3,2322,1,0.40600621700286865,0.7066614329814911,0.5563338249921799,0.6418710947036743
C3,2323,1,0.5962372124195099,0.9683348163962364,0.7822860144078732,0.7300230860710144
C3,2324,1,0.5209704637527466,0.9482367001473904,0.7346035819500685,0.9260287284851074
C3,2325,1,0.5122467875480652,0.9451129212975502,0.7286798544228077,0.7568048238754272
C3,2326,1,0.7300012111663818,0.9241798743605614,0.8270905427634716,0.6370717883110046
C3,2327,1,0.6563625037670135,0.7265459597110748,0.6914542317390442,0.6537923812866211
C3,2328,1,0.7703579366207123,0.7718344181776047,0.7710961773991585,0.5441359281539917
C3,2329,1,0.26318150758743286,0.7517178356647491,0.507449671626091,0.44380563497543335
C3,2330,1,0.6147903501987457,0.5293581187725067,0.5720742344856262,0.7154847979545593
C3,2331,1,0.5403186082839966,0.5777014195919037,0.5590100139379501,0.4304686188697815
C3,2332,1,0.8216542303562164,0.6468068063259125,0.7342305183410645,0.8014532327651978
C3,2333,1,0.7804106175899506,0.8204953521490097,0.8004529848694801,0.9111441373825073
C3,2334,1,0.5633655488491058,0.759024441242218,0.6611949950456619,0.5281440615653992
C3,2335,1,0.5841971337795258,0.6635397970676422,0.623868465423584,0.5993745923042297
C3,2336,1,0.6137030720710754,0.8704612702131271,0.7420821711421013,0.718258261680603
C3,2337,1,0.43632417917251587,0.8613596856594086,0.6488419324159622,0.44219836592674255
C3,2338,1,0.8729027956724167,0.5912864506244659,0.7320946231484413,0.4844592809677124
C3,2339,1,0.7670711576938629,0.7915987223386765,0.7793349400162697,0.391793817281723
C3,2340,1,0.6941064596176147,0.7771117240190506,0.7356090918183327,0.34768515825271606
C3,2341,1,0.676673024892807,0.7318634986877441,0.7042682617902756,0.4830573499202728
C3,2342,1,0.6820286810398102,0.5732244551181793,0.6276265680789948,0.5342029929161072
C3,2343,1,0.3081907033920288,0.5609903931617737,0.43459054827690125,0.5898306369781494
C3,2344,1,0.513010174036026,0.6147988140583038,0.5639044940471649,0.5738491415977478
C3,2345,1,0.4177185893058777,0.2865675091743469,0.3521430492401123,0.7163886427879333
C3,2346,1,0.35405296087265015,0.7744076997041702,0.5642303302884102,0.5456313490867615
C3,2347,1,0.4268026351928711,0.9212204664945602,0.6740115508437157,0.39043083786964417
C3,2348,1,0.7328623533248901,0.7739181220531464,0.7533902376890182,0.4306620657444
C3,2349,1,0.5957983434200287,0.8648692071437836,0.7303337752819061,0.6151551604270935
C3,2350,1,0.37209272384643555,0.7930458933115005,0.582569308578968,0.6408786177635193
C3,2351,1,0.7121895551681519,0.8547347635030746,0.7834621593356133,0.5674941539764404
C3,2352,1,0.3180163502693176,0.6958297491073608,0.5069230496883392,0.5298426747322083
C3,2353,1,0.5193122923374176,0.8307721614837646,0.6750422269105911,0.5941479206085205
C3,2354,1,0.46401387453079224,0.7543471604585648,0.6091805174946785,0.6273390054702759
C3,2355,1,0.5638875067234039,0.6881780326366425,0.6260327696800232,0.5713321566581726
C3,2356,1,0.5838020443916321,0.7728323191404343,0.6783171817660332,0.5601438283920288
C3,2357,1,0.63111811876297,0.6854927837848663,0.6583054512739182,0.47678810358047485
C3,2358,1,0.7235718965530396,0.7066216170787811,0.7150967568159103,0.6140075325965881
C3,2359,1,0.46123045682907104,0.8379261046648026,0.6495782807469368,0.3708682358264923
C3,2360,1,0.8798482343554497,0.8459155708551407,0.8628819026052952,0.4180472493171692
C3,2361,1,0.613342821598053,0.8426259160041809,0.7279843688011169,0.5203914642333984
C3,2362,1,0.7748271822929382,0.7779006212949753,0.7763639017939568,0.450776606798172
C3,2363,1,0.7238927185535431,0.5064731538295746,0.6151829361915588,0.5330157279968262
C3,2364,1,0.7468325793743134,0.9637248404324055,0.8552787099033594,0.44534650444984436
C3,2365,1,0.6329528987407684,0.9194079712033272,0.7761804349720478,0.46251654624938965
C3,2366,1,0.670946478843689,0.6104701459407806,0.6407083123922348,0.44224926829338074
C3,2367,1,0.8022689819335938,0.5476798713207245,0.6749744266271591,0.3823191821575165
C3,2368,1,0.41521376371383667,0.9183950498700142,0.6668044067919254,0.3837825059890747
C3,2369,1,0.5929735004901886,0.8481143265962601,0.7205439135432243,0.4130004048347473
C3,2370,1,0.6221400797367096,0.5710243284702301,0.5965822041034698,0.46661943197250366
C3,2371,1,0.5109632313251495,0.8454101383686066,0.678186684846878,0.5767282843589783
C3,2372,1,0.8269684314727783,0.8361842483282089,0.8315763399004936,0.7495864033699036
C3,2373,1,0.8077830523252487,0.844822034239769,0.8263025432825089,0.8386770486831665
C3,2374,1,0.5646889805793762,0.7131288051605225,0.6389088928699493,0.3390285074710846
C3,2375,1,0.619034469127655,0.7495855093002319,0.6843099892139435,0.6816263794898987
C3,2376,1,0.5857950747013092,0.46598517894744873,0.525890126824379,0.5104179382324219
C3,2377,1,0.6093827486038208,0.7333658933639526,0.6713743209838867,0.5855228900909424
C3,2378,1,0.4040728211402893,0.6686090528964996,0.5363409370183945,0.6679794788360596
C3,2379,1,0.6036166250705719,0.7736550122499466,0.6886358186602592,0.520872175693512
C3,2380,1,0.6622451841831207,0.8512360453605652,0.756740614771843,0.6505298018455505
C3,2381,1,0.7921441942453384,0.8140207529067993,0.8030824735760689,0.40581899881362915
C3,2382,1,0.7701817750930786,0.7032418549060822,0.7367118149995804,0.6334960460662842
C3,2383,1,0.5441340506076813,0.7856735736131668,0.664903812110424,0.6752406358718872
C3,2384,1,0.6737581193447113,0.6594885587692261,0.6666233390569687,0.6846575736999512
C3,2385,1,0.6285849511623383,0.589403510093689,0.6089942306280136,0.6414670944213867
C3,2386,1,0.6609168350696564,0.8837229833006859,0.7723199091851711,0.7662203311920166
C3,2387,1,0.6156989336013794,0.8421086519956589,0.7289037927985191,0.8329947590827942
C3,2388,1,0.3097057342529297,0.6984328329563141,0.5040692836046219,0.6420478224754333
C3,2389,1,0.6746664047241211,0.7475543916225433,0.7111103981733322,0.860483705997467
C3,2390,1,0.631641149520874,0.6960459351539612,0.6638435423374176,0.8421935439109802
C3,2391,1,0.9013345390558243,0.542379230260849,0.7218568846583366,0.8462687730789185
C3,2392,1,0.40437352657318115,0.5266468226909637,0.46551017463207245,0.687599241733551
C3,2393,1,0.10942435264587402,0.8129055798053741,0.4611649662256241,0.6748934388160706
C3,2394,1,0.16668051481246948,0.8337649703025818,0.5002227425575256,0.6723254919052124
C3,2395,1,0.4740890860557556,0.6683752536773682,0.5712321698665619,0.8531628847122192
C3,2396,1,0.6039116084575653,0.40577512979507446,0.5048433691263199,0.7827529311180115
C3,2397,1,0.7247223258018494,0.7251242697238922,0.7249232977628708,0.6638328433036804
C3,2398,1,0.8945733457803726,0.43858611583709717,0.6665797308087349,0.725227952003479
C3,2399,1,0.7759008556604385,0.594348132610321,0.6851244941353798,0.5843596458435059
C3,2400,1,0.4819990396499634,0.7048217058181763,0.5934103727340698,0.7375227212905884
C3,2401,1,0.6567581593990326,0.8059516549110413,0.7313549071550369,0.6030420660972595
C3,2402,1,0.6382013857364655,0.5584276616573334,0.5983145236968994,0.5485423803329468
C3,2403,1,0.655787855386734,0.5361130833625793,0.5959504693746567,0.501444935798645
C3,2404,1,0.5053226351737976,0.39451098442077637,0.449916809797287,0.6524679064750671
C3,2405,1,0.47465795278549194,0.6500399708747864,0.5623489618301392,0.8633926510810852
C3,2406,1,0.490999698638916,0.4471704363822937,0.46908506751060486,0.6695387363433838
C3,2407,1,0.3923260569572449,0.5116114914417267,0.4519687741994858,0.4093248248100281
C3,2408,1,0.710015743970871,0.4675435423851013,0.5887796431779861,0.31440088152885437
C3,2409,1,0.6551785469055176,0.5102956593036652,0.5827371031045914,0.31625139713287354
C3,2410,1,0.7464763224124908,0.3106189966201782,0.5285476595163345,0.704486608505249
C3,2411,1,0.7162897288799286,0.531821221113205,0.6240554749965668,0.533991277217865
C3,2412,1,0.6784715950489044,0.4701446294784546,0.5743081122636795,0.49845537543296814
C3,2413,1,0.8183651119470596,0.7056748867034912,0.7620199993252754,0.41369521617889404
C3,2414,1,0.6056722700595856,0.265617311000824,0.4356447905302048,0.5198527574539185
C3,2415,1,0.8977211862802505,0.45833152532577515,0.6780263558030128,0.3827253580093384
C3,2416,1,0.8902327865362167,0.738613486289978,0.8144231364130974,0.307792991399765
C3,2417,1,0.7689593881368637,0.7166236937046051,0.7427915409207344,0.46135419607162476
C3,2418,1,0.7007400393486023,0.3701101541519165,0.5354250967502594,0.6134428977966309
C3,2419,1,0.6935322284698486,0.7310162484645844,0.7122742384672165,0.22944796085357666
C3,2420,1,0.5025103986263275,0.6820635497570038,0.5922869741916656,0.1805058866739273
C3,2421,1,0.6613289713859558,0.849773183465004,0.7555510774254799,0.4782484471797943
C3,2422,1,0.7435703575611115,0.7202503979206085,0.73191037774086,0.6081483364105225
C3,2423,1,0.35077881813049316,0.7182140648365021,0.5344964414834976,0.4766783118247986
C3,2424,1,0.9348017051815987,0.6148478388786316,0.7748247720301151,0.5513639450073242
C3,2425,1,0.3405277729034424,0.7660796642303467,0.5533037185668945,0.4200161397457123
C3,2426,1,0.6469652056694031,0.7029465138912201,0.6749558597803116,0.3540334701538086
C3,2427,1,0.4989638328552246,0.6454537510871887,0.5722087919712067,0.3270907998085022
C3,2428,1,0.8174088895320892,0.6634252369403839,0.7404170632362366,0.14914026856422424
C3,2429,1,0.7133060097694397,0.5042809247970581,0.6087934672832489,0.33958080410957336
C3,2430,1,0.6176452338695526,0.658368706703186,0.6380069702863693,0.27237603068351746
C3,2431,1,0.6271061599254608,0.7373329699039459,0.6822195649147034,0.06138850748538971
C3,2432,1,0.5498487651348114,0.4945216774940491,0.5221852213144302,0.5285943150520325
C3,2433,1,0.5166553258895874,0.7888476550579071,0.6527514904737473,0.6954956650733948
C3,2434,1,0.29452288150787354,0.39885377883911133,0.34668833017349243,0.3070841431617737
C3,2435,1,0.703471451997757,0.6302936375141144,0.6668825447559357,0.15529181063175201
C3,2436,1,0.5970075726509094,0.6495620608329773,0.6232848167419434,0.03689701855182648
C3,2437,1,0.38986510038375854,0.7490495145320892,0.5694573074579239,0.08394376188516617
C3,2438,1,0.6925122439861298,0.724128782749176,0.7083205133676529,0.028197145089507103
C3,2439,1,0.7642351388931274,0.7784749418497086,0.771355040371418,0.06757121533155441
C3,2440,1,0.8962818756699562,0.2538819909095764,0.5750819332897663,0.040053363889455795
C3,2441,1,0.17117846012115479,0.9443675205111504,0.5577729903161526,0.06186654046177864
C3,2442,1,0.17317306995391846,0.3845914602279663,0.2788822650909424,0.03158487752079964
C3,2443,1,0.6205549240112305,0.47507143020629883,0.5478131771087646,0.04050564393401146
C3,2444,1,0.8564487099647522,0.6562279760837555,0.7563383430242538,0.10955378413200378
C3,2445,1,0.884737566113472,0.671606719493866,0.778172142803669,0.040853846818208694
C3,2446,1,0.8836853578686714,0.9583972059190273,0.9210412818938494,0.03575357794761658
C3,2447,1,0.6727796494960785,0.6977832615375519,0.6852814555168152,0.056713592261075974
C3,2448,1,0.8881003931164742,0.42208588123321533,0.6550931371748447,0.04474782943725586
C3,2449,1,0.7573499083518982,0.7929740250110626,0.7751619666814804,0.020742228254675865
C3,2450,1,0.9505287185311317,0.6635801196098328,0.8070544190704823,0.040453046560287476
C3,2451,1,0.8233724683523178,0.7882959246635437,0.8058341965079308,0.05435825139284134
C3,2452,1,0.9480608478188515,0.7563861757516861,0.8522235117852688,0.07827252149581909
C3,2453,1,0.8787656277418137,0.6294156610965729,0.7540906444191933,0.1163383349776268
C3,2454,1,0.18738490343093872,0.6131817102432251,0.4002833068370819,0.04356370121240616
C3,2455,1,0.4636000990867615,0.864971324801445,0.6642857119441032,0.07327065616846085
C3,2456,1,0.4029674530029297,0.6111624538898468,0.5070649534463882,0.015407499857246876
C3,2457,1,0.5806376934051514,0.787747785449028,0.6841927394270897,0.02731824479997158
C3,2458,1,0.7354755699634552,0.7330440282821655,0.7342597991228104,0.03248074650764465
C3,2459,1,0.8915197998285294,0.3839644193649292,0.6377421095967293,0.05749882012605667
C3,2460,1,0.7632615268230438,0.743324339389801,0.7532929331064224,0.11466498672962189
C3,2461,1,0.8624153882265091,0.7614635676145554,0.8119394779205322,0.0534917414188385
C3,2462,1,0.9070291668176651,0.6826662719249725,0.7948477193713188,0.026952072978019714
C3,2463,1,0.4874916672706604,0.8849775418639183,0.6862346045672894,0.1432272493839264
C3,2464,1,0.6844606399536133,0.25280481576919556,0.4686327278614044,0.3583070635795593
C3,2465,1,0.907000444829464,0.923345074057579,0.9151727594435215,0.1769091784954071
C3,2466,1,0.5822355151176453,0.6947035789489746,0.6384695470333099,0.20234166085720062
C3,2467,1,0.6085658371448517,0.7762264013290405,0.6923961192369461,0.10670305043458939
C3,2468,1,0.8246137052774429,0.8652659952640533,0.8449398502707481,0.13400547206401825
C3,2469,1,0.8934796899557114,0.8176839649677277,0.8555818274617195,0.05934149771928787
C3,2470,1,0.5225931107997894,0.413571298122406,0.4680822044610977,0.03978746384382248
C3,2471,1,0.5609663128852844,0.8652201890945435,0.7130932509899139,0.05868915468454361
C3,2472,1,0.5326283872127533,0.7074349224567413,0.6200316548347473,0.053075987845659256
C3,2473,1,0.5524132549762726,0.5761746168136597,0.5642939358949661,0.04821917414665222
C3,2474,1,0.15840035676956177,0.5224649608135223,0.34043265879154205,0.07153959572315216
C3,2475,1,0.2295534610748291,0.7280125617980957,0.4787830114364624,0.12541323900222778
C3,2476,1,0.33924680948257446,0.7781974077224731,0.5587221086025238,0.040991175919771194
C3,2477,1,0.5899280309677124,0.651931643486023,0.6209298372268677,0.04847064986824989
C3,2478,1,0.5501993298530579,0.7688660025596619,0.6595326662063599,0.08523014932870865
C3,2479,1,0.7636469155550003,0.5002162754535675,0.6319315955042839,0.03625372797250748
C3,2480,1,0.6080945730209351,0.7712862640619278,0.6896904185414314,0.044364042580127716
C3,2481,1,0.7727495431900024,0.6781646311283112,0.7254570871591568,0.061648331582546234
C3,2482,1,0.7101671695709229,0.8639845103025436,0.7870758399367332,0.037918124347925186
C3,2483,1,0.42629510164260864,0.8542486876249313,0.64027189463377,0.04867859184741974
C3,2484,1,0.8927137404680252,0.8641864657402039,0.8784501031041145,0.0724531039595604
C3,2485,1,0.4485589861869812,0.64702308177948,0.5477910339832306,0.13492654263973236
C3,2486,1,0.5542524456977844,0.919608972966671,0.7369307093322277,0.25027623772621155
C3,2487,1,0.7763436287641525,0.673921138048172,0.7251323834061623,0.13166366517543793
C3,2488,1,0.13480007648468018,0.4249085783958435,0.27985432744026184,0.136344775557518
C3,2489,1,0.5654230415821075,0.5860686302185059,0.5757458359003067,0.25888070464134216
C3,2490,1,0.7489343285560608,0.8710977435112,0.8100160360336304,0.14073573052883148
C3,2491,1,0.6991273164749146,0.9578045085072517,0.8284659124910831,0.14781835675239563
C3,2492,1,0.8252212703227997,0.7066363990306854,0.7659288346767426,0.14495983719825745
C3,2493,1,0.8015699982643127,0.4676145911216736,0.6345922946929932,0.09528166800737381
C3,2494,1,0.8119545578956604,0.7135909497737885,0.7627727538347244,0.07780950516462326
C3,2495,1,0.7813232690095901,0.7097873389720917,0.7455553039908409,0.1591344177722931
C3,2496,1,0.7823839485645294,0.6579322516918182,0.7201581001281738,0.09243378043174744
C3,2497,1,0.532335102558136,0.7947342991828918,0.6635347008705139,0.2027706652879715
C3,2498,1,0.2584782838821411,0.8296205252408981,0.5440494045615196,0.16729283332824707
C3,2499,1,0.40832287073135376,0.6375839412212372,0.5229534059762955,0.20896659791469574
C3,2500,1,0.5539947748184204,0.5377025008201599,0.5458486378192902,0.19593267142772675
C3,2501,1,0.8159243762493134,0.7146259546279907,0.765275165438652,0.08836385607719421
C3,2502,1,0.32947981357574463,0.39858192205429077,0.3640308678150177,0.24311736226081848
C3,2503,1,0.7811129540205002,0.7181116342544556,0.7496122941374779,0.16707994043827057
C3,2504,1,0.46047890186309814,0.46190184354782104,0.4611903727054596,0.43962472677230835
C3,2505,1,0.7739845663309097,0.925280012190342,0.8496322892606258,0.14885874092578888
C3,2506,1,0.7740681767463684,0.8213316649198532,0.7976999208331108,0.3434200882911682
C3,2507,1,0.708051472902298,0.8181939870119095,0.7631227299571037,0.20440715551376343
C3,2508,1,0.7669647037982941,0.6366927921772003,0.7018287479877472,0.21611729264259338
C3,2509,1,0.8664540797472,0.9040605947375298,0.8852573372423649,0.1324189007282257
C3,2510,1,0.7803948372602463,0.7932416498661041,0.7868182435631752,0.0710243359208107
C3,2511,1,0.8646211177110672,0.7996979355812073,0.8321595266461372,0.21225287020206451
C3,2512,1,0.7847433239221573,0.6919771432876587,0.738360233604908,0.0950184240937233
C3,2513,1,0.8834977671504021,0.6854995489120483,0.7844986580312252,0.14016367495059967
C3,2514,1,0.735764354467392,0.771858885884285,0.7538116201758385,0.06217854470014572
C3,2515,1,0.16891485452651978,0.37939947843551636,0.27415716648101807,0.07536359876394272
C3,2516,1,0.48681890964508057,0.8899279534816742,0.6883734315633774,0.22439520061016083
C3,2517,1,0.5190348327159882,0.5795977115631104,0.5493162721395493,0.1183084174990654
C3,2518,1,0.24812650680541992,0.2759941816329956,0.26206034421920776,0.04233701154589653
C3,2519,1,0.30129629373550415,0.3250430226325989,0.3131696581840515,0.03363031521439552
C3,2520,1,0.14819830656051636,0.17995262145996094,0.16407546401023865,0.025969136506319046
C3,2521,1,0.2799926996231079,0.37173330783843994,0.3258630037307739,0.027681438252329826
C3,2522,1,0.7345515191555023,0.21227186918258667,0.4734116941690445,0.04172138124704361
C3,2523,1,0.28688859939575195,0.2673543691635132,0.27712148427963257,0.04308629408478737
C3,2524,1,0.11100411415100098,0.20681309700012207,0.15890860557556152,0.03629444167017937
C3,2525,1,0.460857093334198,0.4457702040672302,0.4533136487007141,0.15740518271923065
C3,2526,1,0.27844858169555664,0.495728075504303,0.3870883285999298,0.059223473072052
C3,2527,1,0.46671628952026367,0.38536369800567627,0.42603999376296997,0.05837085470557213
C3,2528,1,0.5320693850517273,0.48840266466140747,0.5102360248565674,0.12049229443073273
C3,2529,1,0.6609238982200623,0.16297322511672974,0.411948561668396,0.07871703058481216
C3,2530,1,0.16453242301940918,0.20222187042236328,0.18337714672088623,0.06927882879972458
C3,2531,1,0.27237117290496826,0.2828420400619507,0.2776066064834595,0.08844384551048279
C3,2532,1,0.17814278602600098,0.41081708669662476,0.29447993636131287,0.2530194818973541
C3,2533,1,0.5535220503807068,0.30999118089675903,0.4317566156387329,0.1632087081670761
C3,2534,1,0.6830003559589386,0.24817490577697754,0.46558763086795807,0.14979851245880127
C3,2535,1,0.4918028712272644,0.15043413639068604,0.3211185038089752,0.22771470248699188
C3,2536,1,0.42472565174102783,0.27888691425323486,0.35180628299713135,0.12682943046092987
C3,2537,1,0.4542073607444763,0.5041922628879547,0.4791998118162155,0.08229624480009079
C3,2538,1,0.26878923177719116,0.22919082641601562,0.2489900290966034,0.0457981675863266
C3,2539,1,0.3469858169555664,0.38034260272979736,0.3636642098426819,0.050415463745594025
C3,2540,1,0.20997530221939087,0.19699066877365112,0.203482985496521,0.028094245120882988
C3,2541,1,0.2165086269378662,0.44523537158966064,0.3308719992637634,0.09076297283172607
C3,2542,1,0.1266329288482666,0.23460012674331665,0.18061652779579163,0.025718074291944504
C3,2543,1,0.041993141174316406,0.289703905582428,0.1658485233783722,0.027744203805923462
C3,2544,1,0.10938030481338501,0.3041885495185852,0.2067844271659851,0.026635698974132538
C3,2545,1,0.09708333015441895,0.3140556216239929,0.20556947588920593,0.04663125053048134
C3,2546,1,0.0333176851272583,0.23886120319366455,0.13608944416046143,0.0643816664814949
C3,2547,1,0.03445875644683838,0.2902103662490845,0.16233456134796143,0.07321003824472427
C3,2548,1,0.09601640701293945,0.06500506401062012,0.08051073551177979,0.08151993155479431
C3,2549,1,0.03933119773864746,0.07872861623764038,0.05902990698814392,0.07076464593410492
C3,2550,1,0.04805511236190796,0.1721886396408081,0.11012187600135803,0.03167037293314934
C3,2551,1,0.03457897901535034,0.22103983163833618,0.12780940532684326,0.04414438083767891
C3,2552,1,0.07808953523635864,0.47142326831817627,0.27475640177726746,0.02776150405406952
C3,2553,1,0.16482698917388916,0.4544861316680908,0.30965656042099,0.04047255218029022
C3,2554,1,0.20111197233200073,0.1900486946105957,0.19558033347129822,0.043908923864364624
C3,2555,1,0.06988906860351562,0.4235004782676697,0.24669477343559265,0.03320658951997757
C3,2556,1,0.08263957500457764,0.41668373346328735,0.2496616542339325,0.05273088440299034
C3,2557,1,0.04428553581237793,0.2767118811607361,0.160498708486557,0.04907984659075737
C3,2558,1,0.04803425073623657,0.26425695419311523,0.1561456024646759,0.12023068219423294
C3,2559,1,0.05832529067993164,0.11498326063156128,0.08665427565574646,0.12916779518127441
C3,2560,1,0.05832529067993164,0.2973381280899048,0.1778317093849182,0.08481749892234802
C3,2561,1,0.089222252368927,0.3241461515426636,0.2066842019557953,0.06823185831308365
C3,2562,1,0.10977780818939209,0.2126913070678711,0.1612345576286316,0.0631340816617012
C3,2563,1,0.1489618420600891,0.16005247831344604,0.15450716018676758,0.1919453889131546
C3,2564,1,0.1489618420600891,0.060949862003326416,0.10495585203170776,0.05755684897303581
C3,2565,1,0.04571664333343506,0.19652694463729858,0.12112179398536682,0.09287118166685104
C3,2566,1,0.049116671085357666,0.17094826698303223,0.11003246903419495,0.04855481535196304
C3,2567,1,0.018058061599731445,0.29605990648269653,0.157058984041214,0.016415245831012726
C3,2568,1,0.10646456480026245,0.27924245595932007,0.19285351037979126,0.03868546709418297
C3,2569,1,0.10646456480026245,0.26841193437576294,0.1874382495880127,0.04580298438668251
C3,2570,1,0.2805841565132141,0.2519038915634155,0.2662440240383148,0.02750963531434536
C3,2571,1,0.24110448360443115,0.2519038915634155,0.24650418758392334,0.04283194616436958
C3,2572,1,0.43176597356796265,0.155096173286438,0.2934310734272003,0.09387727081775665
C3,2573,1,0.4073038101196289,0.12393414974212646,0.2656189799308777,0.01615806296467781
C3,2574,1,0.2767646908760071,0.16951203346252441,0.22313836216926575,0.01715243048965931
C3,2575,1,0.2767646908760071,0.1920906901359558,0.23442769050598145,0.03473028168082237
C3,2576,1,0.2576351761817932,0.1920906901359558,0.2248629331588745,0.04672883450984955
C3,2577,1,0.40343523025512695,0.09980756044387817,0.25162139534950256,0.02126290835440159
C3,2578,1,0.2217569351196289,0.06304049491882324,0.14239871501922607,0.025063080713152885
C3,2579,1,0.25943565368652344,0.06304049491882324,0.16123807430267334,0.027097253128886223
C3,2580,1,0.24397176504135132,0.12435334920883179,0.18416255712509155,0.017721502110362053
C3,2581,1,0.24397176504135132,0.05087989568710327,0.1474258303642273,0.013344094157218933
C3,2582,1,0.2959434986114502,0.13588154315948486,0.21591252088546753,0.01275054644793272
C3,2583,1,0.3820505142211914,0.1169813871383667,0.24951595067977905,0.014262687414884567
C3,2584,1,0.18576490879058838,0.35543596744537354,0.27060043811798096,0.007091867737472057
C3,2585,1,0.21222800016403198,0.38495737314224243,0.2985926866531372,0.024833129718899727
C3,2586,1,0.1325666308403015,0.43876928091049194,0.28566795587539673,0.02728956751525402
C3,2587,1,0.16397947072982788,0.38004887104034424,0.27201417088508606,0.02516106702387333
C3,2588,1,0.18800657987594604,0.3537994623184204,0.2709030210971832,0.015520906075835228
C3,2589,1,0.11528670787811279,0.2520190477371216,0.1836528778076172,0.019765222445130348
C3,2590,1,0.11528670787811279,0.22148841619491577,0.16838756203651428,0.01814722828567028
C3,2591,1,0.11528670787811279,0.22148841619491577,0.16838756203651428,0.018047761172056198
C3,2592,1,0.1244962215423584,0.1561206579208374,0.1403084397315979,0.018278734758496284
C3,2593,1,0.06757384538650513,0.12558430433273315,0.09657907485961914,0.014116127975285053
C3,2594,1,0.20807218551635742,0.15960735082626343,0.18383976817131042,0.011592218652367592
C3,2595,1,0.3138279914855957,0.2311631441116333,0.2724955677986145,0.008212613873183727
C3,2596,1,0.38426369428634644,0.21293151378631592,0.2985976040363312,0.028433000668883324
C3,2597,1,0.1330055594444275,0.21789228916168213,0.1754489243030548,0.03445163741707802
C3,2598,1,0.62970370054245,0.18481481075286865,0.4072592556476593,0.017605675384402275
C3,2599,1,0.30510324239730835,0.1861647367477417,0.24563398957252502,0.030725665390491486
C3,2600,1,0.4170076847076416,0.22356361150741577,0.3202856481075287,0.04281621426343918
C3,2601,1,0.4170076847076416,0.23220199346542358,0.3246048390865326,0.031678151339292526
C3,2602,1,0.46564924716949463,0.5195739269256592,0.4926115870475769,0.03643649071455002
C3,2603,1,0.2772884964942932,0.40713173151016235,0.3422101140022278,0.03674039617180824
C3,2604,1,0.5389136672019958,0.16240984201431274,0.3506617546081543,0.050700221210718155
C3,2605,1,0.39687615633010864,0.5228762626647949,0.4598762094974518,0.06270341575145721
C3,2606,1,0.26562225818634033,0.255448579788208,0.26053541898727417,0.04684491455554962
C3,2607,1,0.278727650642395,0.32003939151763916,0.2993835210800171,0.04669341817498207
C3,2608,1,0.16323572397232056,0.1390114426612854,0.15112358331680298,0.06192352995276451
C3,2609,1,0.18979251384735107,0.34465861320495605,0.26722556352615356,0.03946208953857422
C3,2610,1,0.2913665771484375,0.22203993797302246,0.25670325756073,0.024098733440041542
C3,2611,1,0.36702340841293335,0.3789445161819458,0.3729839622974396,0.04447958990931511
C3,2612,1,0.17921584844589233,0.18050020933151245,0.1798580288887024,0.09357506036758423
C3,2613,1,0.3386092782020569,0.18131965398788452,0.2599644660949707,0.02913007326424122
C3,2614,1,0.23581022024154663,0.2178868055343628,0.2268485128879547,0.06432449817657471
C3,2615,1,0.2598804831504822,0.34158509969711304,0.3007327914237976,0.14481568336486816
C3,2616,1,0.4181063175201416,0.12447184324264526,0.27128908038139343,0.050078749656677246
C3,2617,1,0.16094720363616943,0.21091949939727783,0.18593335151672363,0.033764272928237915
C3,2618,1,0.14317095279693604,0.36020392179489136,0.2516874372959137,0.09048225730657578
C3,2619,1,0.3525894284248352,0.2747965455055237,0.31369298696517944,0.032390691339969635
C3,2620,1,0.24532771110534668,0.144029438495636,0.19467857480049133,0.05437697470188141
C3,2621,1,0.3706358075141907,0.2656911611557007,0.3181634843349457,0.06340133398771286
C3,2622,1,0.4753111004829407,0.1475362777709961,0.3114236891269684,0.16616328060626984
C3,2623,1,0.42281144857406616,0.31468868255615234,0.36875006556510925,0.03112381510436535
C3,2624,1,0.2928636074066162,0.430345356464386,0.3616044819355011,0.063148632645607
C3,2625,1,0.25249671936035156,0.24720948934555054,0.24985310435295105,0.17336775362491608
C3,2626,1,0.16603845357894897,0.23701739311218262,0.2015279233455658,0.12518128752708435
C3,2627,1,0.1054372787475586,0.44138169288635254,0.27340948581695557,0.21528470516204834
C3,2628,1,0.18513208627700806,0.2544110417366028,0.21977156400680542,0.05755256861448288
C3,2629,1,0.3886815905570984,0.5237109661102295,0.45619627833366394,0.03581688553094864
C3,2630,1,0.2024015188217163,0.43887466192245483,0.32063809037208557,0.2568538784980774
C3,2631,1,0.24033695459365845,0.8146418631076813,0.5274894088506699,0.11646979302167892
C3,2632,1,0.23343122005462646,0.7733887583017349,0.5034099891781807,0.12879961729049683
C3,2633,1,0.34399670362472534,0.7278193533420563,0.5359080284833908,0.05904676020145416
C3,2634,1,0.5567435324192047,0.8483437597751617,0.7025436460971832,0.088834248483181
C3,2635,1,0.43345993757247925,0.6510555744171143,0.5422577559947968,0.1943664848804474
C3,2636,1,0.11133915185928345,0.4643633961677551,0.2878512740135193,0.11802767217159271
C3,2637,1,0.16955745220184326,0.38505035638809204,0.27730390429496765,0.28859955072402954
C3,2638,1,0.25496935844421387,0.5628651082515717,0.40891723334789276,0.16236752271652222
C3,2639,1,0.33620554208755493,0.7307176887989044,0.5334616154432297,0.22585555911064148
C3,2640,1,0.7340486645698547,0.3716641068458557,0.5528563857078552,0.26994752883911133
C3,2641,1,0.6285569965839386,0.7594563961029053,0.6940066963434219,0.26619789004325867
C3,2642,1,0.5425631999969482,0.4800490736961365,0.5113061368465424,0.3556589186191559
C3,2643,1,0.5279581844806671,0.6292237639427185,0.5785909742116928,0.19007788598537445
C3,2644,1,0.24740993976593018,0.5504212975502014,0.3989156186580658,0.1645016074180603
C3,2645,1,0.1696743369102478,0.40874505043029785,0.2892096936702728,0.12210898846387863
C3,2646,1,0.31018900871276855,0.44878387451171875,0.37948644161224365,0.06559621542692184
C3,2647,1,0.6592122912406921,0.21052390336990356,0.43486809730529785,0.07545097917318344
C3,2648,1,0.8069293051958084,0.5148225128650665,0.6608759090304375,0.026997186243534088
C3,2649,1,0.339846670627594,0.6126044988632202,0.4762255847454071,0.03807404637336731
C3,2650,1,0.2025623917579651,0.49738264083862305,0.34997251629829407,0.0503297783434391
C3,2651,1,0.6100554764270782,0.6873416900634766,0.6486985832452774,0.0988650843501091
C3,2652,1,0.737101286649704,0.7560269832611084,0.7465641349554062,0.12439500540494919
C3,2653,1,0.2609090209007263,0.8035929501056671,0.5322509855031967,0.2137688547372818
C3,2654,1,0.7821843922138214,0.79097580909729,0.7865801006555557,0.15410538017749786
C3,2655,1,0.7896060645580292,0.7254345715045929,0.757520318031311,0.07811330258846283
C3,2656,1,0.4450417757034302,0.7372418940067291,0.5911418348550797,0.05679633095860481
C3,2657,1,0.3870502710342407,0.833421379327774,0.6102358251810074,0.09378094971179962
C3,2658,1,0.45486652851104736,0.6654797792434692,0.5601731538772583,0.17840208113193512
C3,2659,1,0.4960401654243469,0.5155440866947174,0.5057921260595322,0.12153353542089462
C3,2660,1,0.5522333085536957,0.5327184796333313,0.5424758940935135,0.0820356160402298
C3,2661,1,0.5648399591445923,0.388324499130249,0.47658222913742065,0.06062900647521019
C3,2662,1,0.5011965036392212,0.2437567114830017,0.37247660756111145,0.09934084862470627
C3,2663,1,0.4660864472389221,0.42439812421798706,0.4452422857284546,0.10393095016479492
C3,2664,1,0.3123026490211487,0.27093780040740967,0.2916202247142792,0.06870422512292862
C3,2665,1,0.3083682656288147,0.29145538806915283,0.29991182684898376,0.18431374430656433
C3,2666,1,0.38402384519577026,0.15465837717056274,0.2693411111831665,0.1145588830113411
C3,2667,1,0.3672667145729065,0.8191513568162918,0.5932090356945992,0.06991983205080032
C3,2668,1,0.711197704076767,0.7363817095756531,0.72378970682621,0.28804710507392883
C3,2669,1,0.6616424918174744,0.7988266348838806,0.7302345633506775,0.28361010551452637
C3,2670,1,0.8384685069322586,0.5449403524398804,0.6917044296860695,0.2273617386817932
C3,2671,1,0.6560499966144562,0.24466681480407715,0.45035840570926666,0.24831996858119965
C3,2672,1,0.6184509992599487,0.31496769189834595,0.46670934557914734,0.43806955218315125
C3,2673,1,0.5593225955963135,0.548989474773407,0.5541560351848602,0.47002649307250977
C3,2674,1,0.3883260488510132,0.741362452507019,0.5648442506790161,0.309628427028656
C3,2675,1,0.37938207387924194,0.5875492691993713,0.48346567153930664,0.13935165107250214
C3,2676,1,0.35738587379455566,0.559909462928772,0.4586476683616638,0.18595993518829346
C3,2677,1,0.4980866312980652,0.6766875982284546,0.5873871147632599,0.1873815506696701
C3,2678,1,0.443184494972229,0.7606028616428375,0.6018936783075333,0.4082134962081909
C3,2679,1,0.47314172983169556,0.8153671473264694,0.6442544385790825,0.28496748208999634
C3,2680,1,0.3848356008529663,0.7588375508785248,0.5718365758657455,0.17014113068580627
C3,2681,1,0.3211193084716797,0.5686839520931244,0.44490163028240204,0.4865055978298187
C3,2682,1,0.7008280158042908,0.33709341287612915,0.51896071434021,0.4775022268295288
C3,2683,1,0.8822053968906403,0.48059481382369995,0.6814001053571701,0.6777099370956421
C3,2684,1,0.8517172783613205,0.8280682116746902,0.8398927450180054,0.7261548638343811
C3,2685,1,0.8544185757637024,0.48915910720825195,0.6717888414859772,0.8112531900405884
C3,2686,1,0.6533100605010986,0.6360630095005035,0.6446865350008011,0.8403535485267639
C3,2687,1,0.6620228886604309,0.7224082350730896,0.6922155618667603,0.6924833059310913
C3,2688,1,0.6775662004947662,0.7542489469051361,0.7159075736999512,0.6615870594978333
C3,2689,1,0.24766218662261963,0.7005761861801147,0.4741191864013672,0.7762832641601562
C3,2690,1,0.6453936994075775,0.39307039976119995,0.5192320495843887,0.5186861157417297
C3,2691,1,0.5831175148487091,0.8001099675893784,0.6916137412190437,0.43232640624046326
C3,2692,1,0.20799648761749268,0.6872184872627258,0.44760748744010925,0.4381646513938904
C3,2693,1,0.7943147122859955,0.6778332591056824,0.7360739856958389,0.5929655432701111
C3,2694,1,0.39849281311035156,0.6374405324459076,0.5179666727781296,0.4601139426231384
C3,2695,1,0.539996862411499,0.8204866945743561,0.6802417784929276,0.36395785212516785
C3,2696,1,0.6511161625385284,0.7384287416934967,0.6947724521160126,0.25047215819358826
C3,2697,1,0.393049418926239,0.5505633056163788,0.4718063622713089,0.43907782435417175
C3,2698,1,0.5307044088840485,0.3959949016571045,0.4633496552705765,0.46386536955833435
C3,2699,1,0.4361785054206848,0.6701447069644928,0.5531616061925888,0.7478224039077759
C3,2700,1,0.2697010636329651,0.5588958561420441,0.4142984598875046,0.9569281339645386
C3,2701,1,0.44559425115585327,0.7571907192468643,0.6013924852013588,0.9093472361564636
C3,2702,1,0.37462759017944336,0.7294703125953674,0.5520489513874054,0.8439507484436035
C3,2703,1,0.3015645146369934,0.8207032233476639,0.5611338689923286,0.789185643196106
C3,2704,1,0.19904303550720215,0.39960771799087524,0.2993253767490387,0.7757207155227661
C3,2705,1,0.4595128297805786,0.8119673728942871,0.6357401013374329,0.8440253734588623
C3,2706,1,0.637741893529892,0.7405849397182465,0.6891634166240692,0.8128563761711121
C3,2707,1,0.3851502537727356,0.5719031095504761,0.47852668166160583,0.7347401976585388
C3,2708,1,0.7114972174167633,0.4246476888656616,0.5680724531412125,0.7232858538627625
C3,2709,1,0.3679227828979492,0.25773656368255615,0.3128296732902527,0.9301174879074097
C3,2710,1,0.1365342140197754,0.49356746673583984,0.3150508403778076,0.6243698000907898
C3,2711,1,0.16945916414260864,0.6248497664928436,0.39715446531772614,0.6478154063224792
C3,2712,1,0.2951923608779907,0.470628023147583,0.38291019201278687,0.7632426023483276
C3,2713,1,0.4736233353614807,0.3975735306739807,0.4355984330177307,0.8505735397338867
C3,2714,1,0.2983441948890686,0.2500818967819214,0.274213045835495,0.8491979241371155
C3,2715,1,0.5000791549682617,0.3394286036491394,0.41975387930870056,0.8907145261764526
C3,2716,1,0.4573596119880676,0.47809040546417236,0.46772500872612,0.9025353193283081
C3,2717,1,0.49233478307724,0.4788209795951843,0.48557788133621216,0.9158923625946045
C3,2718,1,0.2224312424659729,0.6665195226669312,0.444475382566452,0.9356821775436401
C3,2719,1,0.6220774948596954,0.4736623764038086,0.547869935631752,0.8271559476852417
C3,2720,1,0.5404937565326691,0.23542892932891846,0.38796134293079376,0.853164792060852
C3,2721,1,0.35255271196365356,0.3527246117591858,0.3526386618614197,0.9097296595573425
C3,2722,1,0.34646111726760864,0.11865419149398804,0.23255765438079834,0.874081552028656
C3,2723,1,0.7036426067352295,0.5423865020275116,0.6230145543813705,0.7798252105712891
C3,2724,1,0.2561681270599365,0.2546798586845398,0.25542399287223816,0.6175894737243652
C3,2725,1,0.3150899410247803,0.6140906512737274,0.46459029614925385,0.6388304829597473
C3,2726,1,0.37701356410980225,0.521104484796524,0.44905902445316315,0.47547200322151184
C3,2727,1,0.35389596223831177,0.315274715423584,0.3345853388309479,0.4650077521800995
C3,2728,1,0.3097667694091797,0.4419064521789551,0.3758366107940674,0.5094084143638611
C3,2729,1,0.17948508262634277,0.6656801998615265,0.42258264124393463,0.311500608921051
C3,2730,1,0.2852066159248352,0.76492078602314,0.5250637009739876,0.3831774592399597
C3,2731,1,0.4435279965400696,0.6004319190979004,0.521979957818985,0.38064977526664734
C3,2732,1,0.438152015209198,0.520929217338562,0.47954061627388,0.45234745740890503
C3,2733,1,0.147943913936615,0.4483274817466736,0.2981356978416443,0.39437007904052734
C3,2734,1,0.18024760484695435,0.48864519596099854,0.33444640040397644,0.3386702835559845
C3,2735,1,0.3370518088340759,0.7971925288438797,0.5671221688389778,0.32804134488105774
C3,2736,1,0.49425166845321655,0.2580066919326782,0.3761291801929474,0.18959295749664307
C3,2737,1,0.2639610171318054,0.2580066919326782,0.2609838545322418,0.29701298475265503
C3,2738,1,0.4657335877418518,0.3276573419570923,0.39669546484947205,0.2665405571460724
C3,2739,1,0.3402251601219177,0.46402645111083984,0.4021258056163788,0.588165819644928
C3,2740,1,0.5759373605251312,0.5779509544372559,0.5769441574811935,0.6142418384552002
C3,2741,1,0.11240434646606445,0.81940096616745,0.4659026563167572,0.4963681697845459
C3,2742,1,0.08191174268722534,0.701330691576004,0.3916212171316147,0.3254193365573883
C3,2743,1,0.09869170188903809,0.7765269726514816,0.43760933727025986,0.3179023563861847
C3,2744,1,0.12534064054489136,0.7990371733903885,0.4621889069676399,0.3359810411930084
C3,2745,1,0.06713330745697021,0.3809064030647278,0.224019855260849,0.2631923258304596
C3,2746,1,0.1588243842124939,0.420707106590271,0.28976574540138245,0.46952712535858154
C3,2747,1,0.33374202251434326,0.6351635754108429,0.4844527989625931,0.4619636833667755
C3,2748,1,0.5907669365406036,0.7533650249242783,0.672065980732441,0.28044411540031433
C3,2749,1,0.5994854867458344,0.9693526551127434,0.7844190709292889,0.055736243724823
C3,2750,1,0.5238118767738342,0.8598358929157257,0.69182388484478,0.21433737874031067
C3,2751,1,0.37248480319976807,0.868903324007988,0.620694063603878,0.3359639346599579
C3,2752,1,0.3978475332260132,0.7989397197961807,0.598393626511097,0.195201113820076
C3,2753,1,0.46316784620285034,0.6324854493141174,0.5478266477584839,0.12122638523578644
C3,2754,1,0.4816790223121643,0.6178911626338959,0.5497850924730301,0.13998663425445557
C3,2755,1,0.37430858612060547,0.5929560661315918,0.48363232612609863,0.2829861044883728
C3,2756,1,0.7195927202701569,0.29953181743621826,0.5095622688531876,0.3833405375480652
C3,2757,1,0.5863061249256134,0.49215030670166016,0.5392282158136368,0.15331128239631653
C3,2758,1,0.7575545161962509,0.7265998721122742,0.7420771941542625,0.08876246213912964
C3,2759,1,0.5846996009349823,0.47903960943222046,0.5318696051836014,0.21718807518482208
C3,2760,1,0.6771743297576904,0.662981390953064,0.6700778603553772,0.17575691640377045
C3,2761,1,0.36203306913375854,0.346670925617218,0.3543519973754883,0.11949723213911057
C3,2762,1,0.7813927531242371,0.4921218752861023,0.6367573142051697,0.240712970495224
C3,2763,1,0.9470241405069828,0.7633071094751358,0.8551656249910593,0.0627579614520073
C3,2764,1,0.7684523314237595,0.7167680859565735,0.7426102086901665,0.09331189841032028
C3,2765,1,0.37138527631759644,0.8326474726200104,0.6020163744688034,0.05992481857538223
C3,2766,1,0.5784265398979187,0.5843921005725861,0.5814093202352524,0.012297773733735085
C3,2767,1,0.6951879262924194,0.5924763381481171,0.6438321322202682,0.03191641718149185
C3,2768,1,0.7442156672477722,0.8595295250415802,0.8018725961446762,0.08178140968084335
C3,2769,1,0.8761908933520317,0.6654582023620605,0.7708245478570461,0.02691781148314476
C3,2770,1,0.5654394924640656,0.9413301348686218,0.7533848136663437,0.043836262077093124
C3,2771,1,0.7135165631771088,0.6005570888519287,0.6570368260145187,0.01637761853635311
C3,2772,1,0.8067568391561508,0.6057873070240021,0.7062720730900764,0.042043209075927734
C3,2773,1,0.9548998773097992,0.48601770401000977,0.7204587906599045,0.029041169211268425
C3,2774,1,0.9284126237034798,0.738860547542572,0.8336365856230259,0.03934704512357712
C3,2775,1,0.5307578444480896,0.6931601464748383,0.6119589954614639,0.04185103625059128
C3,2776,1,0.5610026121139526,0.48573750257492065,0.5233700573444366,0.06992018222808838
C3,2777,1,0.3172508478164673,0.6238031089305878,0.4705269783735275,0.07433785498142242
C3,2778,1,0.7955466508865356,0.716177225112915,0.7558619379997253,0.04626406729221344
C3,2779,1,0.660845011472702,0.8393314033746719,0.750088207423687,0.058977801352739334
C3,2780,1,0.6709449887275696,0.43957316875457764,0.5552590787410736,0.04513883963227272
C3,2781,1,0.5846519768238068,0.4391028881072998,0.5118774324655533,0.051373668015003204
C3,2782,1,0.7600476890802383,0.771402433514595,0.7657250612974167,0.05580225959420204
C3,2783,1,0.6860336065292358,0.5105465948581696,0.5982901006937027,0.03688590228557587
C3,2784,1,0.9619717635214329,0.7630329728126526,0.8625023681670427,0.06279094517230988
C3,2785,1,0.9876901656389236,0.7455095648765564,0.86659986525774,0.07529187202453613
C3,2786,1,0.8107713013887405,0.7145365178585052,0.7626539096236229,0.06421633064746857
C3,2787,1,0.8839624896645546,0.8598377853631973,0.871900137513876,0.18015563488006592
C3,2788,1,0.7949347198009491,0.8732387274503708,0.8340867236256599,0.1742040365934372
C3,2789,1,0.8871215730905533,0.846367821097374,0.8667446970939636,0.1433369517326355
C3,2790,1,0.7632409483194351,0.9047892242670059,0.8340150862932205,0.12717807292938232
C3,2791,1,0.30519652366638184,0.693737655878067,0.4994670897722244,0.0705360546708107
C3,2792,1,0.24085432291030884,0.5953142940998077,0.4180843085050583,0.12451159209012985
C3,2793,1,0.2368878722190857,0.3057903051376343,0.27133908867836,0.16310495138168335
C3,2794,1,0.5346075296401978,0.5458331406116486,0.5402203351259232,0.13060711324214935
C3,2795,1,0.7146604061126709,0.2662274241447449,0.4904439151287079,0.08909429609775543
C3,2796,1,0.8488492965698242,0.603311687707901,0.7260804921388626,0.06902052462100983
C3,2797,1,0.8275783509016037,0.7449126839637756,0.7862455174326897,0.06499364972114563
C3,2798,1,0.6272591352462769,0.8288475424051285,0.7280533388257027,0.14445042610168457
C3,2799,1,0.4702188968658447,0.6766899824142456,0.5734544396400452,0.17378470301628113
C3,2800,1,0.690340667963028,0.553693562746048,0.622017115354538,0.11548397690057755
C3,2801,1,0.76103375852108,0.874897837638855,0.8179657980799675,0.06663523614406586
C3,2802,1,0.76103375852108,0.8310621529817581,0.7960479557514191,0.08312786370515823
C3,2803,1,0.9650024995207787,0.8423810601234436,0.9036917798221111,0.12424277514219284
C3,2804,1,0.9220889434218407,0.8546997308731079,0.8883943371474743,0.18413576483726501
C3,2805,1,0.9319318532943726,0.9377380013465881,0.9348349273204803,0.17323337495326996
C3,2806,1,0.9361787363886833,0.9377380013465881,0.9369583688676357,0.21341711282730103
C3,2807,1,0.8738922774791718,0.8173191696405411,0.8456057235598564,0.1513606309890747
C3,2808,1,0.9443799182772636,0.9286275506019592,0.9365037344396114,0.09025614708662033
C3,2809,1,0.899371437728405,0.8284197747707367,0.8638956062495708,0.06553161144256592
C3,2810,1,0.720551997423172,0.7117580473423004,0.7161550223827362,0.061342496424913406
C3,2811,1,0.7274091839790344,0.9120674580335617,0.8197383210062981,0.13318578898906708
C3,2812,1,0.8010828644037247,0.8769787400960922,0.8390308022499084,0.12578675150871277
C3,2813,1,0.9296369478106499,0.9090060740709305,0.9193215109407902,0.07823661714792252
C3,2814,1,0.7949522733688354,0.8728277832269669,0.8338900282979012,0.03942323103547096
C3,2815,1,0.6678451895713806,0.8944924175739288,0.7811688035726547,0.05205452814698219
C3,2816,1,0.4284366965293884,0.24860906600952148,0.33852288126945496,0.054585978388786316
C3,2817,1,0.3751819133758545,0.3125922679901123,0.3438870906829834,0.03224392607808113
C3,2818,1,0.2334669828414917,0.3802318572998047,0.3068494200706482,0.09346482902765274
C3,2819,1,0.2899446487426758,0.3040808439254761,0.2970127463340759,0.08549672365188599
C3,2820,1,0.27298659086227417,0.520065575838089,0.3965260833501816,0.02845989353954792
C3,2821,1,0.6566486358642578,0.8887979239225388,0.7727232798933983,0.029741331934928894
C3,2822,1,0.8541882783174515,0.7588835060596466,0.806535892188549,0.05319291725754738
C3,2823,1,0.7605019807815552,0.790741816163063,0.7756218984723091,0.055129773914813995
C3,2824,1,0.49243444204330444,0.5311259925365448,0.5117802172899246,0.15472768247127533
C3,2825,1,0.30636066198349,0.7264698445796967,0.5164152532815933,0.13561373949050903
C3,2826,1,0.31465500593185425,0.7909553796052933,0.5528051927685738,0.06101241707801819
C3,2827,1,0.6463687121868134,0.5484767854213715,0.5974227488040924,0.012983602471649647
C3,2828,1,0.7844935357570648,0.5484767854213715,0.6664851605892181,0.031185373663902283
C3,2829,1,0.590052992105484,0.7275342345237732,0.6587936133146286,0.04137039557099342
C3,2830,1,0.7593899965286255,0.7164449095726013,0.7379174530506134,0.08590058982372284
C3,2831,1,0.8629657030105591,0.8912444114685059,0.8771050572395325,0.06530120223760605
C3,2832,1,0.8912074267864227,0.6417022347450256,0.7664548307657242,0.05386773496866226
C3,2833,1,0.8266004174947739,0.6332456767559052,0.7299230471253395,0.03678222745656967
C3,2834,1,0.8483412265777588,0.890180304646492,0.8692607656121254,0.09423968940973282
C3,2835,1,0.9112693890929222,0.5875122249126434,0.7493908070027828,0.01843343675136566
C3,2836,1,0.4169222116470337,0.8162810355424881,0.6166016235947609,0.017644323408603668
C3,2837,1,0.6591167151927948,0.8949466720223427,0.7770316936075687,0.03639139235019684
C3,2838,1,0.7119179666042328,0.7032323479652405,0.7075751572847366,0.061999715864658356
C3,2839,1,0.907922126352787,0.47335606813430786,0.6906390972435474,0.0794483944773674
C3,2840,1,0.8307362198829651,0.6848366856575012,0.7577864527702332,0.04018040746450424
C3,2841,1,0.8751017823815346,0.7674721926450729,0.8212869875133038,0.0701250359416008
C3,2842,1,0.8159868568181992,0.5596731305122375,0.6878299936652184,0.05488467961549759
C3,2843,1,0.7946919053792953,0.6290149092674255,0.7118534073233604,0.0755709782242775
C3,2844,1,0.42054539918899536,0.7696967422962189,0.5951210707426071,0.02414163574576378
C3,2845,1,0.6357182264328003,0.753716766834259,0.6947174966335297,0.034600093960762024
C3,2846,1,0.43976259231567383,0.64946249127388,0.5446125417947769,0.07713320851325989
C3,2847,1,0.19491362571716309,0.7852470427751541,0.4900803342461586,0.12311680614948273
C3,2848,1,0.4509945511817932,0.6001876294612885,0.5255910903215408,0.07235784828662872
C3,2849,1,0.5577785670757294,0.581215500831604,0.5694970339536667,0.07253967225551605
C3,2850,1,0.6052655279636383,0.40221160650253296,0.5037385672330856,0.05909714475274086
C3,2851,1,0.6265274882316589,0.39707547426223755,0.5118014812469482,0.11391136795282364
C3,2852,1,0.3084944486618042,0.646329402923584,0.4774119257926941,0.200156569480896
C3,2853,1,0.6141445636749268,0.7397556602954865,0.6769501119852066,0.12654724717140198
C3,2854,1,0.3903745412826538,0.8847247958183289,0.6375496685504913,0.09150110930204391
C3,2855,1,0.8170313835144043,0.7796469479799271,0.7983391657471657,0.0890723392367363
C3,2856,1,0.9550202749669552,0.8446675837039948,0.899843929335475,0.16447606682777405
C3,2857,1,0.7548706084489822,0.8768400400876999,0.8158553242683411,0.04827706143260002
C3,2858,1,0.6633444130420685,0.860776737332344,0.7620605751872063,0.05337512120604515
C3,2859,1,0.6851122975349426,0.7933978736400604,0.7392550855875015,0.05975150689482689
C3,2860,1,0.7857111692428589,0.6718538403511047,0.7287825047969818,0.04828173667192459
C3,2861,1,0.8477149456739426,0.7366226017475128,0.7921687737107277,0.06905015558004379
C3,2862,1,0.646697998046875,0.6561967134475708,0.6514473557472229,0.10662267357110977
C3,2863,1,0.7116589546203613,0.8316557556390762,0.7716573551297188,0.10919022560119629
C3,2864,1,0.7069757580757141,0.6782587468624115,0.6926172524690628,0.14988015592098236
C3,2865,1,0.6852270662784576,0.8352708369493484,0.760248951613903,0.1456064134836197
C3,2866,1,0.5402970612049103,0.846885934472084,0.6935914978384972,0.0841733068227768
C3,2867,1,0.7183266282081604,0.7096214890480042,0.7139740586280823,0.20205968618392944
C3,2868,1,0.6587108969688416,0.7670838832855225,0.712897390127182,0.11739689111709595
C3,2869,1,0.2627408504486084,0.792529508471489,0.5276351794600487,0.07547860592603683
C3,2870,1,0.7204613983631134,0.4967935085296631,0.6086274534463882,0.047814346849918365
C3,2871,1,0.9263634756207466,0.711876779794693,0.8191201277077198,0.0612584725022316
C3,2872,1,0.7326114475727081,0.6348164975643158,0.683713972568512,0.0345439538359642
C3,2873,1,0.8250597417354584,0.8083971738815308,0.8167284578084946,0.04361738637089729
C3,2874,1,0.862310916185379,0.8808100447058678,0.8715604804456234,0.018816836178302765
C3,2875,1,0.8340681195259094,0.31184816360473633,0.5729581415653229,0.025167666375637054
C3,2876,1,0.5630935728549957,0.21509265899658203,0.3890931159257889,0.07306458055973053
C3,2877,1,0.15018928050994873,0.7872346639633179,0.4687119722366333,0.05668975040316582
C3,2878,1,0.4481014013290405,0.412151575088501,0.43012648820877075,0.023693682625889778
C3,2879,1,0.5322599112987518,0.5770058631896973,0.5546328872442245,0.08812776207923889
C3,2880,1,0.3591994047164917,0.24198544025421143,0.30059242248535156,0.026691129431128502
C3,2881,1,0.6363455951213837,0.883793793618679,0.7600696943700314,0.04239998385310173
C3,2882,1,0.5006536543369293,0.8750615119934082,0.6878575831651688,0.035792212933301926
C3,2883,1,0.797817587852478,0.3954623341560364,0.5966399610042572,0.011857678182423115
C3,2884,1,0.5297398269176483,0.6800895929336548,0.6049147099256516,0.0065206363797187805
C3,2885,1,0.440401554107666,0.3635571002960205,0.40197932720184326,0.006546306889504194
C3,2886,1,0.3001183271408081,0.4982033967971802,0.39916086196899414,0.012586548924446106
C3,2887,1,0.6971739828586578,0.354145884513855,0.5256599336862564,0.01661309413611889
C3,2888,1,0.34243786334991455,0.6487551331520081,0.4955964982509613,0.008994362317025661
C3,2889,1,0.48092740774154663,0.5029973685741425,0.49196238815784454,0.008927552960813046
C3,2890,1,0.35387831926345825,0.5525669157505035,0.4532226175069809,0.007047402206808329
C3,2891,1,0.26788467168807983,0.791053518652916,0.5294690951704979,0.021459581330418587
C3,2892,1,0.4312729239463806,0.7074733972549438,0.5693731606006622,0.06493830680847168
C3,2893,1,0.5795353949069977,0.6036576628684998,0.5915965288877487,0.008968197740614414
C3,2894,1,0.6945491135120392,0.6221615970134735,0.6583553552627563,0.03252115473151207
C3,2895,1,0.8274505287408829,0.7431057393550873,0.7852781340479851,0.03624631464481354
C3,2896,1,0.43237364292144775,0.8754865005612373,0.6539300717413425,0.04299506917595863
C3,2897,1,0.21321243047714233,0.32759279012680054,0.27040261030197144,0.04557279124855995
C3,2898,1,0.49876558780670166,0.7908221334218979,0.6447938606142998,0.04413887858390808
C3,2899,1,0.7759582698345184,0.8025393784046173,0.7892488241195679,0.03903897479176521
C3,2900,1,0.6655746400356293,0.6626303791999817,0.6641025096178055,0.050664741545915604
C3,2901,1,0.8931180685758591,0.8718658089637756,0.8824919387698174,0.04235287755727768
C3,2902,1,0.7804430276155472,0.7630022913217545,0.7717226594686508,0.025697782635688782
C3,2903,1,0.9091553464531898,0.33238863945007324,0.6207719929516315,0.024601340293884277
C3,2904,1,0.8111052960157394,0.3578018546104431,0.5844535753130913,0.06790412962436676
C3,2905,1,0.5537794530391693,0.6239774227142334,0.5888784378767014,0.04511890560388565
C3,2906,1,0.6825731098651886,0.43718022108078003,0.5598766654729843,0.035964883863925934
C3,2907,1,0.624183177947998,0.5599372982978821,0.5920602381229401,0.01596762239933014
C3,2908,1,0.8474589586257935,0.7227290868759155,0.7850940227508545,0.025914520025253296
C3,2909,1,0.7340342998504639,0.7604954689741135,0.7472648844122887,0.05939408764243126
C3,2910,1,0.505763441324234,0.3892838954925537,0.44752366840839386,0.07158821821212769
C3,2911,1,0.646837443113327,0.30956196784973145,0.47819970548152924,0.110554039478302
C3,2912,1,0.7767471969127655,0.48415958881378174,0.6304533928632736,0.1032123863697052
C3,2913,1,0.8112775683403015,0.41759806871414185,0.6144378185272217,0.29612597823143005
C3,2914,1,0.7931641638278961,0.15180480480194092,0.4724844843149185,0.24361087381839752
C3,2915,1,0.7636690139770508,0.15725547075271606,0.4604622423648834,0.1830471158027649
C3,2916,1,0.6547158062458038,0.33369946479797363,0.49420763552188873,0.18489789962768555
C3,2917,1,0.7643092721700668,0.3763892650604248,0.5703492686152458,0.10733121633529663
C3,2918,1,0.7244948148727417,0.5777526199817657,0.6511237174272537,0.04884960129857063
C3,2919,1,0.7786493897438049,0.5804454684257507,0.6795474290847778,0.05128069594502449
C3,2920,1,0.6555970907211304,0.5302015841007233,0.5928993374109268,0.09476244449615479
C3,2921,1,0.9292034134268761,0.36440587043762207,0.6468046419322491,0.04699970781803131
C3,2922,1,0.8233799934387207,0.24531316757202148,0.5343465805053711,0.061930060386657715
C3,2923,1,0.7585818618535995,0.24531316757202148,0.5019475147128105,0.062132518738508224
C3,2924,1,0.7585818618535995,0.39631229639053345,0.5774470791220665,0.1920756995677948
C3,2925,1,0.8050850927829742,0.3092707395553589,0.5571779161691666,0.1065104529261589
C3,2926,1,0.8361670076847076,0.28642767667770386,0.5612973421812057,0.11634152382612228
C3,2927,1,0.8263598084449768,0.3639835715293884,0.5951716899871826,0.15778544545173645
C3,2928,1,0.8263598084449768,0.31587153673171997,0.5711156725883484,0.10299231857061386
C3,2929,1,0.7797481715679169,0.4185946583747864,0.5991714149713516,0.1548623889684677
C3,2930,1,0.7797481715679169,0.38709521293640137,0.5834216922521591,0.08262891322374344
C3,2931,1,0.8612184077501297,0.41889405250549316,0.6400562301278114,0.14388862252235413
C3,2932,1,0.8116075545549393,0.4942013621330261,0.6529044583439827,0.08079510182142258
C3,2933,1,0.827429473400116,0.4942013621330261,0.660815417766571,0.079709991812706
C3,2934,1,0.827429473400116,0.4942013621330261,0.660815417766571,0.09935586154460907
C3,2935,1,0.8470989614725113,0.48307138681411743,0.6650851741433144,0.033684659749269485
C3,2936,1,0.8528302758932114,0.4557422995567322,0.6542862877249718,0.14615876972675323
C3,2937,1,0.8564292639493942,0.4462962746620178,0.651362769305706,0.16452103853225708
C3,2938,1,0.7080357670783997,0.2243475317955017,0.4661916494369507,0.05393359437584877
C3,2939,1,0.9282905235886574,0.30646008253097534,0.6173753030598164,0.05465761572122574
C3,2940,1,0.7896862924098969,0.6524751782417297,0.7210807353258133,0.060601379722356796
C3,2941,1,0.7896862924098969,0.6524751782417297,0.7210807353258133,0.061934828758239746
C3,2942,1,0.7942151725292206,0.6524751782417297,0.7233451753854752,0.05800898000597954
C3,2943,1,0.8404921144247055,0.6524751782417297,0.7464836463332176,0.10964678227901459
C3,2944,1,0.8404921144247055,0.6524751782417297,0.7464836463332176,0.04206407442688942
C3,2945,1,0.8254149407148361,0.5817889273166656,0.7036019340157509,0.061114974319934845
C3,2946,1,0.7946268767118454,0.5700796246528625,0.682353250682354,0.03540034592151642
C3,2947,1,0.8262442648410797,0.6841133236885071,0.7551787942647934,0.06741610169410706
C3,2948,1,0.8324012458324432,0.35170578956604004,0.5920535176992416,0.07683414220809937
C3,2949,1,0.8819594532251358,0.7591753602027893,0.8205674067139626,0.05007999390363693
C3,2950,1,0.8888882547616959,0.693516731262207,0.7912024930119514,0.2713027596473694
C3,2951,1,0.7960867434740067,0.7554400712251663,0.7757634073495865,0.3278908133506775
C3,2952,1,0.7530630230903625,0.6780524551868439,0.7155577391386032,0.053523335605859756
C3,2953,1,0.8192901611328125,0.7447712421417236,0.7820307016372681,0.04293275624513626
C3,2954,1,0.8139477074146271,0.7880141288042068,0.800980918109417,0.09175463765859604
C3,2955,1,0.8270905315876007,0.8927062004804611,0.8598983660340309,0.17445366084575653
